solid JSCAD
facet normal 0.9986273879809711 0.04913080055078854 -0.018152256376049076
outer loop
vertex 24.999950000000005 0 55.000200000000014
vertex 24.000200000000007 0 0
vertex 23.884466666666672 2.352383333333334 0
endloop
endfacet
facet normal 0.9986309201876343 0.04905777027276361 -0.018155451552185117
outer loop
vertex 24.999950000000005 0 55.000200000000014
vertex 23.884466666666672 2.352383333333334 0
vertex 24.879566666666673 2.4505500000000007 55.000200000000014
endloop
endfacet
facet normal 0.9890180722702099 0.14667522304510855 -0.018155761278050166
outer loop
vertex 24.083900000000007 3.730850000000001 22.00018333333334
vertex 24.879566666666673 2.4505500000000007 55.000200000000014
vertex 23.884466666666672 2.352383333333334 0
endloop
endfacet
facet normal 0.9890077783303365 0.14674409497336116 -0.018159983274804278
outer loop
vertex 24.083900000000007 3.730850000000001 22.00018333333334
vertex 23.884466666666672 2.352383333333334 0
vertex 23.59668333333334 4.291950000000001 0
endloop
endfacet
facet normal 0.989012169932349 0.14671438812241178 -0.018160838184760098
outer loop
vertex 24.083900000000007 3.730850000000001 22.00018333333334
vertex 23.59668333333334 4.291950000000001 0
vertex 23.538816666666673 4.682033333333335 0
endloop
endfacet
facet normal 0.9889931982641876 0.14684296611020034 -0.01815480903595126
outer loop
vertex 24.083900000000007 3.730850000000001 22.00018333333334
vertex 23.538816666666673 4.682033333333335 0
vertex 24.519450000000006 4.877333333333334 55.000200000000014
endloop
endfacet
facet normal 0.98900540313331 0.14676107429932223 -0.018152125044410994
outer loop
vertex 24.083900000000007 3.730850000000001 22.00018333333334
vertex 24.519450000000006 4.877333333333334 55.000200000000014
vertex 24.879566666666673 2.4505500000000007 55.000200000000014
endloop
endfacet
facet normal 0.9698534530773533 0.2430116748099747 -0.018155039520337677
outer loop
vertex 24.519450000000006 4.877333333333334 55.000200000000014
vertex 23.538816666666673 4.682033333333335 0
vertex 22.966350000000006 6.966733333333335 0
endloop
endfacet
facet normal 0.9699080650880069 0.2427928786466509 -0.018164893495730403
outer loop
vertex 24.519450000000006 4.877333333333334 55.000200000000014
vertex 22.966350000000006 6.966733333333335 0
vertex 23.923733333333338 7.257100000000002 55.000200000000014
endloop
endfacet
facet normal 0.941372819769915 0.33687923650628976 -0.018154729669656176
outer loop
vertex 23.106366666666673 8.355533333333335 33.000016666666674
vertex 23.370900000000006 8.801933333333336 55.000200000000014
vertex 23.923733333333338 7.257100000000002 55.000200000000014
endloop
endfacet
facet normal 0.9414310749083001 0.33671584769973917 -0.018165051743624656
outer loop
vertex 23.106366666666673 8.355533333333335 33.000016666666674
vertex 23.923733333333338 7.257100000000002 55.000200000000014
vertex 22.966350000000006 6.966733333333335 0
endloop
endfacet
facet normal 0.9414375681117112 0.3366977323046302 -0.018164316910540337
outer loop
vertex 23.106366666666673 8.355533333333335 33.000016666666674
vertex 22.966350000000006 6.966733333333335 0
vertex 22.173266666666674 9.18426666666667 0
endloop
endfacet
facet normal 0.9413592563519568 0.3369170350855687 -0.018156595210571003
outer loop
vertex 23.106366666666673 8.355533333333335 33.000016666666674
vertex 22.173266666666674 9.18426666666667 0
vertex 23.097066666666674 9.567116666666669 55.000200000000014
endloop
endfacet
facet normal 0.9413707950269244 0.33688488950997186 -0.01815482002748644
outer loop
vertex 23.106366666666673 8.355533333333335 33.000016666666674
vertex 23.097066666666674 9.567116666666669 55.000200000000014
vertex 23.370900000000006 8.801933333333336 55.000200000000014
endloop
endfacet
facet normal 0.903847717326743 0.42746886703951054 -0.01815686082982464
outer loop
vertex 23.097066666666674 9.567116666666669 55.000200000000014
vertex 22.173266666666674 9.18426666666667 0
vertex 21.16628333333334 11.313450000000003 0
endloop
endfacet
facet normal 0.9038758462128641 0.4274092634083662 -0.01815974079375865
outer loop
vertex 23.097066666666674 9.567116666666669 55.000200000000014
vertex 21.16628333333334 11.313450000000003 0
vertex 22.04823333333334 11.785166666666669 55.000200000000014
endloop
endfacet
facet normal 0.8575449740213067 0.5140883424823387 -0.018160221765121783
outer loop
vertex 22.04823333333334 11.785166666666669 55.000200000000014
vertex 21.16628333333334 11.313450000000003 0
vertex 19.955216666666672 13.33361666666667 0
endloop
endfacet
facet normal 0.8574630856651959 0.5142251609023596 -0.01815325360543096
outer loop
vertex 22.04823333333334 11.785166666666669 55.000200000000014
vertex 19.955216666666672 13.33361666666667 0
vertex 20.786533333333338 13.889033333333337 55.000200000000014
endloop
endfacet
facet normal 0.8031721643065145 0.5954703511993958 -0.01815310787874847
outer loop
vertex 20.786533333333338 13.889033333333337 55.000200000000014
vertex 19.955216666666672 13.33361666666667 0
vertex 18.55246666666667 15.225650000000003 0
endloop
endfacet
facet normal 0.8031412190934979 0.5955121572093369 -0.018150834936494678
outer loop
vertex 20.786533333333338 13.889033333333337 55.000200000000014
vertex 18.55246666666667 15.225650000000003 0
vertex 19.325400000000005 15.859600000000004 55.000200000000014
endloop
endfacet
facet normal 0.7406909262818195 0.6716007155093087 -0.018150224548599606
outer loop
vertex 19.325400000000005 15.859600000000004 55.000200000000014
vertex 18.55246666666667 15.225650000000003 0
vertex 16.970433333333336 16.970433333333336 0
endloop
endfacet
facet normal 0.7408745496933329 0.6713978229531239 -0.01816218462925075
outer loop
vertex 19.325400000000005 15.859600000000004 55.000200000000014
vertex 16.970433333333336 16.970433333333336 0
vertex 17.677750000000003 17.677750000000003 55.000200000000014
endloop
endfacet
facet normal 0.6716005666487891 0.7406907621074321 -0.018162428409680118
outer loop
vertex 17.677750000000003 17.677750000000003 55.000200000000014
vertex 16.970433333333336 16.970433333333336 0
vertex 15.225650000000003 18.55246666666667 0
endloop
endfacet
facet normal 0.6713979657990855 0.7408747073210968 -0.018150470317024013
outer loop
vertex 17.677750000000003 17.677750000000003 55.000200000000014
vertex 15.225650000000003 18.55246666666667 0
vertex 15.859600000000004 19.325400000000005 55.000200000000014
endloop
endfacet
facet normal 0.5954703762753969 0.8031721981290986 -0.01815078871313874
outer loop
vertex 15.859600000000004 19.325400000000005 55.000200000000014
vertex 15.225650000000003 18.55246666666667 0
vertex 13.33361666666667 19.955216666666672 0
endloop
endfacet
facet normal 0.5955121331319335 0.8031411866213561 -0.018153061590111885
outer loop
vertex 15.859600000000004 19.325400000000005 55.000200000000014
vertex 13.33361666666667 19.955216666666672 0
vertex 13.889033333333337 20.786533333333338 55.000200000000014
endloop
endfacet
facet normal 0.514088408867505 0.8575450847576548 -0.018153112021452242
outer loop
vertex 13.889033333333337 20.786533333333338 55.000200000000014
vertex 13.33361666666667 19.955216666666672 0
vertex 11.313450000000003 21.16628333333334 0
endloop
endfacet
facet normal 0.5142250971473941 0.8574629793547046 -0.018160079843065884
outer loop
vertex 13.889033333333337 20.786533333333338 55.000200000000014
vertex 11.313450000000003 21.16628333333334 0
vertex 11.785166666666669 22.04823333333334 55.000200000000014
endloop
endfacet
facet normal 0.4274688442180635 0.9038476690726723 -0.01815979996503722
outer loop
vertex 11.785166666666669 22.04823333333334 55.000200000000014
vertex 11.313450000000003 21.16628333333334 0
vertex 9.18426666666667 22.173266666666674 0
endloop
endfacet
facet normal 0.42740928531309597 0.9038758925365119 -0.01815691932769968
outer loop
vertex 11.785166666666669 22.04823333333334 55.000200000000014
vertex 9.18426666666667 22.173266666666674 0
vertex 9.567116666666669 23.097066666666674 55.000200000000014
endloop
endfacet
facet normal 0.33669778081070306 0.9414377037391148 -0.018156386633095364
outer loop
vertex 9.567116666666669 23.097066666666674 55.000200000000014
vertex 9.18426666666667 22.173266666666674 0
vertex 6.966733333333335 22.966350000000006 0
endloop
endfacet
facet normal 0.336881047017305 0.9413719757589841 -0.018164895159368744
outer loop
vertex 9.567116666666669 23.097066666666674 55.000200000000014
vertex 6.966733333333335 22.966350000000006 0
vertex 7.257100000000002 23.923733333333338 55.000200000000014
endloop
endfacet
facet normal 0.2430116304209262 0.9698532759217825 -0.01816509465843405
outer loop
vertex 7.257100000000002 23.923733333333338 55.000200000000014
vertex 6.966733333333335 22.966350000000006 0
vertex 4.682033333333335 23.538816666666673 0
endloop
endfacet
facet normal 0.24279292122649254 0.9699082351857958 -0.018155239493915138
outer loop
vertex 7.257100000000002 23.923733333333338 55.000200000000014
vertex 4.682033333333335 23.538816666666673 0
vertex 4.877333333333334 24.519450000000006 55.000200000000014
endloop
endfacet
facet normal 0.14673913522253365 0.9890086109393215 -0.018154715145576875
outer loop
vertex 4.877333333333334 24.519450000000006 55.000200000000014
vertex 4.682033333333335 23.538816666666673 0
vertex 2.352383333333334 23.884466666666672 0
endloop
endfacet
facet normal 0.14676106481380688 0.9890053392115518 -0.018155684117123892
outer loop
vertex 4.877333333333334 24.519450000000006 55.000200000000014
vertex 2.352383333333334 23.884466666666672 0
vertex 2.4505500000000007 24.879566666666673 55.000200000000014
endloop
endfacet
facet normal 0.049130797641703985 0.99862732885123 -0.01815551691766612
outer loop
vertex 2.4505500000000007 24.879566666666673 55.000200000000014
vertex 2.352383333333334 23.884466666666672 0
vertex 0 24.000200000000007 0
endloop
endfacet
facet normal 0.04905777306117225 0.998630976949103 -0.018152321613464393
outer loop
vertex 2.4505500000000007 24.879566666666673 55.000200000000014
vertex 0 24.000200000000007 0
vertex 0 24.999950000000005 55.000200000000014
endloop
endfacet
facet normal -0.04913080055078854 0.9986273879809711 -0.018152256376049076
outer loop
vertex 0 24.999950000000005 55.000200000000014
vertex 0 24.000200000000007 0
vertex -2.352383333333334 23.884466666666672 0
endloop
endfacet
facet normal -0.04905777027276361 0.9986309201876343 -0.018155451552185117
outer loop
vertex 0 24.999950000000005 55.000200000000014
vertex -2.352383333333334 23.884466666666672 0
vertex -2.4505500000000007 24.879566666666673 55.000200000000014
endloop
endfacet
facet normal -0.1467391325876924 0.9890085931807272 -0.018155703844528453
outer loop
vertex -2.4505500000000007 24.879566666666673 55.000200000000014
vertex -2.352383333333334 23.884466666666672 0
vertex -4.682033333333335 23.538816666666673 0
endloop
endfacet
facet normal -0.14676106734355696 0.9890053562592362 -0.01815473499451297
outer loop
vertex -2.4505500000000007 24.879566666666673 55.000200000000014
vertex -4.682033333333335 23.538816666666673 0
vertex -4.877333333333334 24.519450000000006 55.000200000000014
endloop
endfacet
facet normal -0.2430116748099747 0.9698534530773533 -0.018155039520337677
outer loop
vertex -4.877333333333334 24.519450000000006 55.000200000000014
vertex -4.682033333333335 23.538816666666673 0
vertex -6.966733333333335 22.966350000000006 0
endloop
endfacet
facet normal -0.2427928786466509 0.9699080650880069 -0.018164893495730403
outer loop
vertex -4.877333333333334 24.519450000000006 55.000200000000014
vertex -6.966733333333335 22.966350000000006 0
vertex -7.257100000000002 23.923733333333338 55.000200000000014
endloop
endfacet
facet normal -0.33669772770403417 0.9414375552480249 -0.018165068884044035
outer loop
vertex -7.257100000000002 23.923733333333338 55.000200000000014
vertex -6.966733333333335 22.966350000000006 0
vertex -9.18426666666667 22.173266666666674 0
endloop
endfacet
facet normal -0.33688109802201116 0.9413721182852599 -0.018156561089771484
outer loop
vertex -7.257100000000002 23.923733333333338 55.000200000000014
vertex -9.18426666666667 22.173266666666674 0
vertex -9.567116666666669 23.097066666666674 55.000200000000014
endloop
endfacet
facet normal -0.42746886703951054 0.903847717326743 -0.01815686082982464
outer loop
vertex -9.567116666666669 23.097066666666674 55.000200000000014
vertex -9.18426666666667 22.173266666666674 0
vertex -11.313450000000003 21.16628333333334 0
endloop
endfacet
facet normal -0.4274092634083662 0.9038758462128641 -0.01815974079375865
outer loop
vertex -9.567116666666669 23.097066666666674 55.000200000000014
vertex -11.313450000000003 21.16628333333334 0
vertex -11.785166666666669 22.04823333333334 55.000200000000014
endloop
endfacet
facet normal -0.5140883424823387 0.8575449740213067 -0.018160221765121783
outer loop
vertex -11.785166666666669 22.04823333333334 55.000200000000014
vertex -11.313450000000003 21.16628333333334 0
vertex -13.33361666666667 19.955216666666672 0
endloop
endfacet
facet normal -0.5142251609023596 0.8574630856651959 -0.01815325360543096
outer loop
vertex -11.785166666666669 22.04823333333334 55.000200000000014
vertex -13.33361666666667 19.955216666666672 0
vertex -13.889033333333337 20.786533333333338 55.000200000000014
endloop
endfacet
facet normal -0.5954703511993958 0.8031721643065145 -0.01815310787874847
outer loop
vertex -13.889033333333337 20.786533333333338 55.000200000000014
vertex -13.33361666666667 19.955216666666672 0
vertex -15.225650000000003 18.55246666666667 0
endloop
endfacet
facet normal -0.5955121572093369 0.8031412190934979 -0.018150834936494678
outer loop
vertex -13.889033333333337 20.786533333333338 55.000200000000014
vertex -15.225650000000003 18.55246666666667 0
vertex -15.859600000000004 19.325400000000005 55.000200000000014
endloop
endfacet
facet normal -0.6716007155093087 0.7406909262818195 -0.018150224548599606
outer loop
vertex -15.859600000000004 19.325400000000005 55.000200000000014
vertex -15.225650000000003 18.55246666666667 0
vertex -16.970433333333336 16.970433333333336 0
endloop
endfacet
facet normal -0.6713978229531239 0.7408745496933329 -0.01816218462925075
outer loop
vertex -15.859600000000004 19.325400000000005 55.000200000000014
vertex -16.970433333333336 16.970433333333336 0
vertex -17.677750000000003 17.677750000000003 55.000200000000014
endloop
endfacet
facet normal -0.7406907621074321 0.6716005666487891 -0.018162428409680118
outer loop
vertex -17.677750000000003 17.677750000000003 55.000200000000014
vertex -16.970433333333336 16.970433333333336 0
vertex -18.55246666666667 15.225650000000003 0
endloop
endfacet
facet normal -0.7408747073210968 0.6713979657990855 -0.018150470317024013
outer loop
vertex -17.677750000000003 17.677750000000003 55.000200000000014
vertex -18.55246666666667 15.225650000000003 0
vertex -19.325400000000005 15.859600000000004 55.000200000000014
endloop
endfacet
facet normal -0.8031721981290986 0.5954703762753969 -0.01815078871313874
outer loop
vertex -19.325400000000005 15.859600000000004 55.000200000000014
vertex -18.55246666666667 15.225650000000003 0
vertex -19.955216666666672 13.33361666666667 0
endloop
endfacet
facet normal -0.8031411866213561 0.5955121331319335 -0.018153061590111885
outer loop
vertex -19.325400000000005 15.859600000000004 55.000200000000014
vertex -19.955216666666672 13.33361666666667 0
vertex -20.786533333333338 13.889033333333337 55.000200000000014
endloop
endfacet
facet normal -0.8575450847576548 0.514088408867505 -0.018153112021452242
outer loop
vertex -20.786533333333338 13.889033333333337 55.000200000000014
vertex -19.955216666666672 13.33361666666667 0
vertex -21.16628333333334 11.313450000000003 0
endloop
endfacet
facet normal -0.8574629793547046 0.5142250971473941 -0.018160079843065884
outer loop
vertex -20.786533333333338 13.889033333333337 55.000200000000014
vertex -21.16628333333334 11.313450000000003 0
vertex -22.04823333333334 11.785166666666669 55.000200000000014
endloop
endfacet
facet normal -0.9038476690726723 0.4274688442180635 -0.01815979996503722
outer loop
vertex -22.04823333333334 11.785166666666669 55.000200000000014
vertex -21.16628333333334 11.313450000000003 0
vertex -22.173266666666674 9.18426666666667 0
endloop
endfacet
facet normal -0.9038758925365119 0.42740928531309597 -0.01815691932769968
outer loop
vertex -22.04823333333334 11.785166666666669 55.000200000000014
vertex -22.173266666666674 9.18426666666667 0
vertex -23.097066666666674 9.567116666666669 55.000200000000014
endloop
endfacet
facet normal -0.9413707950269244 0.33688488950997186 -0.01815482002748644
outer loop
vertex -23.106366666666673 8.355533333333335 33.000016666666674
vertex -23.370900000000006 8.801933333333336 55.000200000000014
vertex -23.097066666666674 9.567116666666669 55.000200000000014
endloop
endfacet
facet normal -0.9413592563519568 0.3369170350855687 -0.018156595210571003
outer loop
vertex -23.106366666666673 8.355533333333335 33.000016666666674
vertex -23.097066666666674 9.567116666666669 55.000200000000014
vertex -22.173266666666674 9.18426666666667 0
endloop
endfacet
facet normal -0.9414375681117112 0.3366977323046302 -0.018164316910540337
outer loop
vertex -23.106366666666673 8.355533333333335 33.000016666666674
vertex -22.173266666666674 9.18426666666667 0
vertex -22.966350000000006 6.966733333333335 0
endloop
endfacet
facet normal -0.9414310749083001 0.33671584769973917 -0.018165051743624656
outer loop
vertex -23.106366666666673 8.355533333333335 33.000016666666674
vertex -22.966350000000006 6.966733333333335 0
vertex -23.923733333333338 7.257100000000002 55.000200000000014
endloop
endfacet
facet normal -0.941372819769915 0.33687923650628976 -0.018154729669656176
outer loop
vertex -23.106366666666673 8.355533333333335 33.000016666666674
vertex -23.923733333333338 7.257100000000002 55.000200000000014
vertex -23.370900000000006 8.801933333333336 55.000200000000014
endloop
endfacet
facet normal -0.9698532759217825 0.2430116304209262 -0.01816509465843405
outer loop
vertex -23.923733333333338 7.257100000000002 55.000200000000014
vertex -22.966350000000006 6.966733333333335 0
vertex -23.538816666666673 4.682033333333335 0
endloop
endfacet
facet normal -0.9699082351857958 0.24279292122649254 -0.018155239493915138
outer loop
vertex -23.923733333333338 7.257100000000002 55.000200000000014
vertex -23.538816666666673 4.682033333333335 0
vertex -24.519450000000006 4.877333333333334 55.000200000000014
endloop
endfacet
facet normal -0.9889931982641876 0.14684296611020034 -0.01815480903595126
outer loop
vertex -24.083900000000007 3.730850000000001 22.00018333333334
vertex -24.519450000000006 4.877333333333334 55.000200000000014
vertex -23.538816666666673 4.682033333333335 0
endloop
endfacet
facet normal -0.989012169932349 0.14671438812241178 -0.018160838184760098
outer loop
vertex -24.083900000000007 3.730850000000001 22.00018333333334
vertex -23.538816666666673 4.682033333333335 0
vertex -23.59668333333334 4.291950000000001 0
endloop
endfacet
facet normal -0.9890077783303365 0.14674409497336116 -0.018159983274804278
outer loop
vertex -24.083900000000007 3.730850000000001 22.00018333333334
vertex -23.59668333333334 4.291950000000001 0
vertex -23.884466666666672 2.352383333333334 0
endloop
endfacet
facet normal -0.9890180722702099 0.14667522304510855 -0.018155761278050166
outer loop
vertex -24.083900000000007 3.730850000000001 22.00018333333334
vertex -23.884466666666672 2.352383333333334 0
vertex -24.879566666666673 2.4505500000000007 55.000200000000014
endloop
endfacet
facet normal -0.98900540313331 0.14676107429932223 -0.018152125044410994
outer loop
vertex -24.083900000000007 3.730850000000001 22.00018333333334
vertex -24.879566666666673 2.4505500000000007 55.000200000000014
vertex -24.519450000000006 4.877333333333334 55.000200000000014
endloop
endfacet
facet normal -0.99862732885123 0.049130797641703985 -0.01815551691766612
outer loop
vertex -24.879566666666673 2.4505500000000007 55.000200000000014
vertex -23.884466666666672 2.352383333333334 0
vertex -24.000200000000007 0 0
endloop
endfacet
facet normal -0.998630976949103 0.04905777306117225 -0.018152321613464393
outer loop
vertex -24.879566666666673 2.4505500000000007 55.000200000000014
vertex -24.000200000000007 0 0
vertex -24.999950000000005 0 55.000200000000014
endloop
endfacet
facet normal -0.9986273879809711 -0.04913080055078854 -0.018152256376049076
outer loop
vertex -24.999950000000005 0 55.000200000000014
vertex -24.000200000000007 0 0
vertex -23.884466666666672 -2.352383333333334 0
endloop
endfacet
facet normal -0.9986309201876343 -0.04905777027276361 -0.018155451552185117
outer loop
vertex -24.999950000000005 0 55.000200000000014
vertex -23.884466666666672 -2.352383333333334 0
vertex -24.879566666666673 -2.4505500000000007 55.000200000000014
endloop
endfacet
facet normal -0.9890180722702099 -0.14667522304510855 -0.018155761278050166
outer loop
vertex -24.083900000000007 -3.730850000000001 22.00018333333334
vertex -24.879566666666673 -2.4505500000000007 55.000200000000014
vertex -23.884466666666672 -2.352383333333334 0
endloop
endfacet
facet normal -0.9890077783303365 -0.14674409497336116 -0.018159983274804278
outer loop
vertex -24.083900000000007 -3.730850000000001 22.00018333333334
vertex -23.884466666666672 -2.352383333333334 0
vertex -23.59668333333334 -4.291950000000001 0
endloop
endfacet
facet normal -0.989012169932349 -0.14671438812241178 -0.018160838184760098
outer loop
vertex -24.083900000000007 -3.730850000000001 22.00018333333334
vertex -23.59668333333334 -4.291950000000001 0
vertex -23.538816666666673 -4.682033333333335 0
endloop
endfacet
facet normal -0.9889931982641876 -0.14684296611020034 -0.01815480903595126
outer loop
vertex -24.083900000000007 -3.730850000000001 22.00018333333334
vertex -23.538816666666673 -4.682033333333335 0
vertex -24.519450000000006 -4.877333333333334 55.000200000000014
endloop
endfacet
facet normal -0.98900540313331 -0.14676107429932223 -0.018152125044410994
outer loop
vertex -24.083900000000007 -3.730850000000001 22.00018333333334
vertex -24.519450000000006 -4.877333333333334 55.000200000000014
vertex -24.879566666666673 -2.4505500000000007 55.000200000000014
endloop
endfacet
facet normal -0.9698534530773533 -0.2430116748099747 -0.018155039520337677
outer loop
vertex -24.519450000000006 -4.877333333333334 55.000200000000014
vertex -23.538816666666673 -4.682033333333335 0
vertex -22.966350000000006 -6.966733333333335 0
endloop
endfacet
facet normal -0.9699080650880069 -0.2427928786466509 -0.018164893495730403
outer loop
vertex -24.519450000000006 -4.877333333333334 55.000200000000014
vertex -22.966350000000006 -6.966733333333335 0
vertex -23.923733333333338 -7.257100000000002 55.000200000000014
endloop
endfacet
facet normal -0.941372819769915 -0.33687923650628976 -0.018154729669656176
outer loop
vertex -23.106366666666673 -8.355533333333335 33.000016666666674
vertex -23.370900000000006 -8.801933333333336 55.000200000000014
vertex -23.923733333333338 -7.257100000000002 55.000200000000014
endloop
endfacet
facet normal -0.9414310749083001 -0.33671584769973917 -0.018165051743624656
outer loop
vertex -23.106366666666673 -8.355533333333335 33.000016666666674
vertex -23.923733333333338 -7.257100000000002 55.000200000000014
vertex -22.966350000000006 -6.966733333333335 0
endloop
endfacet
facet normal -0.9414375681117112 -0.3366977323046302 -0.018164316910540337
outer loop
vertex -23.106366666666673 -8.355533333333335 33.000016666666674
vertex -22.966350000000006 -6.966733333333335 0
vertex -22.173266666666674 -9.18426666666667 0
endloop
endfacet
facet normal -0.9413592563519568 -0.3369170350855687 -0.018156595210571003
outer loop
vertex -23.106366666666673 -8.355533333333335 33.000016666666674
vertex -22.173266666666674 -9.18426666666667 0
vertex -23.097066666666674 -9.567116666666669 55.000200000000014
endloop
endfacet
facet normal -0.9413707950269244 -0.33688488950997186 -0.01815482002748644
outer loop
vertex -23.106366666666673 -8.355533333333335 33.000016666666674
vertex -23.097066666666674 -9.567116666666669 55.000200000000014
vertex -23.370900000000006 -8.801933333333336 55.000200000000014
endloop
endfacet
facet normal -0.903847717326743 -0.42746886703951054 -0.01815686082982464
outer loop
vertex -23.097066666666674 -9.567116666666669 55.000200000000014
vertex -22.173266666666674 -9.18426666666667 0
vertex -21.16628333333334 -11.313450000000003 0
endloop
endfacet
facet normal -0.9038758462128641 -0.4274092634083662 -0.01815974079375865
outer loop
vertex -23.097066666666674 -9.567116666666669 55.000200000000014
vertex -21.16628333333334 -11.313450000000003 0
vertex -22.04823333333334 -11.785166666666669 55.000200000000014
endloop
endfacet
facet normal -0.8575449740213067 -0.5140883424823387 -0.018160221765121783
outer loop
vertex -22.04823333333334 -11.785166666666669 55.000200000000014
vertex -21.16628333333334 -11.313450000000003 0
vertex -19.955216666666672 -13.33361666666667 0
endloop
endfacet
facet normal -0.8574630856651959 -0.5142251609023596 -0.01815325360543096
outer loop
vertex -22.04823333333334 -11.785166666666669 55.000200000000014
vertex -19.955216666666672 -13.33361666666667 0
vertex -20.786533333333338 -13.889033333333337 55.000200000000014
endloop
endfacet
facet normal -0.8031721643065145 -0.5954703511993958 -0.01815310787874847
outer loop
vertex -20.786533333333338 -13.889033333333337 55.000200000000014
vertex -19.955216666666672 -13.33361666666667 0
vertex -18.55246666666667 -15.225650000000003 0
endloop
endfacet
facet normal -0.8031412190934979 -0.5955121572093369 -0.018150834936494678
outer loop
vertex -20.786533333333338 -13.889033333333337 55.000200000000014
vertex -18.55246666666667 -15.225650000000003 0
vertex -19.325400000000005 -15.859600000000004 55.000200000000014
endloop
endfacet
facet normal -0.7406909262818195 -0.6716007155093087 -0.018150224548599606
outer loop
vertex -19.325400000000005 -15.859600000000004 55.000200000000014
vertex -18.55246666666667 -15.225650000000003 0
vertex -16.970433333333336 -16.970433333333336 0
endloop
endfacet
facet normal -0.7408745496933329 -0.6713978229531239 -0.01816218462925075
outer loop
vertex -19.325400000000005 -15.859600000000004 55.000200000000014
vertex -16.970433333333336 -16.970433333333336 0
vertex -17.677750000000003 -17.677750000000003 55.000200000000014
endloop
endfacet
facet normal -0.6716005666487891 -0.7406907621074321 -0.018162428409680118
outer loop
vertex -17.677750000000003 -17.677750000000003 55.000200000000014
vertex -16.970433333333336 -16.970433333333336 0
vertex -15.225650000000003 -18.55246666666667 0
endloop
endfacet
facet normal -0.6713979657990855 -0.7408747073210968 -0.018150470317024013
outer loop
vertex -17.677750000000003 -17.677750000000003 55.000200000000014
vertex -15.225650000000003 -18.55246666666667 0
vertex -15.859600000000004 -19.325400000000005 55.000200000000014
endloop
endfacet
facet normal -0.5954703762753969 -0.8031721981290986 -0.01815078871313874
outer loop
vertex -15.859600000000004 -19.325400000000005 55.000200000000014
vertex -15.225650000000003 -18.55246666666667 0
vertex -13.33361666666667 -19.955216666666672 0
endloop
endfacet
facet normal -0.5955121331319335 -0.8031411866213561 -0.018153061590111885
outer loop
vertex -15.859600000000004 -19.325400000000005 55.000200000000014
vertex -13.33361666666667 -19.955216666666672 0
vertex -13.889033333333337 -20.786533333333338 55.000200000000014
endloop
endfacet
facet normal -0.514088408867505 -0.8575450847576548 -0.018153112021452242
outer loop
vertex -13.889033333333337 -20.786533333333338 55.000200000000014
vertex -13.33361666666667 -19.955216666666672 0
vertex -11.313450000000003 -21.16628333333334 0
endloop
endfacet
facet normal -0.5142250971473941 -0.8574629793547046 -0.018160079843065884
outer loop
vertex -13.889033333333337 -20.786533333333338 55.000200000000014
vertex -11.313450000000003 -21.16628333333334 0
vertex -11.785166666666669 -22.04823333333334 55.000200000000014
endloop
endfacet
facet normal -0.4274688442180635 -0.9038476690726723 -0.01815979996503722
outer loop
vertex -11.785166666666669 -22.04823333333334 55.000200000000014
vertex -11.313450000000003 -21.16628333333334 0
vertex -9.18426666666667 -22.173266666666674 0
endloop
endfacet
facet normal -0.42740928531309597 -0.9038758925365119 -0.01815691932769968
outer loop
vertex -11.785166666666669 -22.04823333333334 55.000200000000014
vertex -9.18426666666667 -22.173266666666674 0
vertex -9.567116666666669 -23.097066666666674 55.000200000000014
endloop
endfacet
facet normal -0.33669778081070306 -0.9414377037391148 -0.018156386633095364
outer loop
vertex -9.567116666666669 -23.097066666666674 55.000200000000014
vertex -9.18426666666667 -22.173266666666674 0
vertex -6.966733333333335 -22.966350000000006 0
endloop
endfacet
facet normal -0.336881047017305 -0.9413719757589841 -0.018164895159368744
outer loop
vertex -9.567116666666669 -23.097066666666674 55.000200000000014
vertex -6.966733333333335 -22.966350000000006 0
vertex -7.257100000000002 -23.923733333333338 55.000200000000014
endloop
endfacet
facet normal -0.2430116304209262 -0.9698532759217825 -0.01816509465843405
outer loop
vertex -7.257100000000002 -23.923733333333338 55.000200000000014
vertex -6.966733333333335 -22.966350000000006 0
vertex -4.682033333333335 -23.538816666666673 0
endloop
endfacet
facet normal -0.24279292122649254 -0.9699082351857958 -0.018155239493915138
outer loop
vertex -7.257100000000002 -23.923733333333338 55.000200000000014
vertex -4.682033333333335 -23.538816666666673 0
vertex -4.877333333333334 -24.519450000000006 55.000200000000014
endloop
endfacet
facet normal -0.14673913522253365 -0.9890086109393215 -0.018154715145576875
outer loop
vertex -4.877333333333334 -24.519450000000006 55.000200000000014
vertex -4.682033333333335 -23.538816666666673 0
vertex -2.352383333333334 -23.884466666666672 0
endloop
endfacet
facet normal -0.14676106481380688 -0.9890053392115518 -0.018155684117123892
outer loop
vertex -4.877333333333334 -24.519450000000006 55.000200000000014
vertex -2.352383333333334 -23.884466666666672 0
vertex -2.4505500000000007 -24.879566666666673 55.000200000000014
endloop
endfacet
facet normal -0.049130797641703985 -0.99862732885123 -0.01815551691766612
outer loop
vertex -2.4505500000000007 -24.879566666666673 55.000200000000014
vertex -2.352383333333334 -23.884466666666672 0
vertex 0 -24.000200000000007 0
endloop
endfacet
facet normal -0.04905777306117225 -0.998630976949103 -0.018152321613464393
outer loop
vertex -2.4505500000000007 -24.879566666666673 55.000200000000014
vertex 0 -24.000200000000007 0
vertex 0 -24.999950000000005 55.000200000000014
endloop
endfacet
facet normal 0.04913080055078854 -0.9986273879809711 -0.018152256376049076
outer loop
vertex 0 -24.999950000000005 55.000200000000014
vertex 0 -24.000200000000007 0
vertex 2.352383333333334 -23.884466666666672 0
endloop
endfacet
facet normal 0.04905777027276361 -0.9986309201876343 -0.018155451552185117
outer loop
vertex 0 -24.999950000000005 55.000200000000014
vertex 2.352383333333334 -23.884466666666672 0
vertex 2.4505500000000007 -24.879566666666673 55.000200000000014
endloop
endfacet
facet normal 0.1467391325876924 -0.9890085931807272 -0.018155703844528453
outer loop
vertex 2.4505500000000007 -24.879566666666673 55.000200000000014
vertex 2.352383333333334 -23.884466666666672 0
vertex 4.682033333333335 -23.538816666666673 0
endloop
endfacet
facet normal 0.14676106734355696 -0.9890053562592362 -0.01815473499451297
outer loop
vertex 2.4505500000000007 -24.879566666666673 55.000200000000014
vertex 4.682033333333335 -23.538816666666673 0
vertex 4.877333333333334 -24.519450000000006 55.000200000000014
endloop
endfacet
facet normal 0.2430116748099747 -0.9698534530773533 -0.018155039520337677
outer loop
vertex 4.877333333333334 -24.519450000000006 55.000200000000014
vertex 4.682033333333335 -23.538816666666673 0
vertex 6.966733333333335 -22.966350000000006 0
endloop
endfacet
facet normal 0.2427928786466509 -0.9699080650880069 -0.018164893495730403
outer loop
vertex 4.877333333333334 -24.519450000000006 55.000200000000014
vertex 6.966733333333335 -22.966350000000006 0
vertex 7.257100000000002 -23.923733333333338 55.000200000000014
endloop
endfacet
facet normal 0.33669772770403417 -0.9414375552480249 -0.018165068884044035
outer loop
vertex 7.257100000000002 -23.923733333333338 55.000200000000014
vertex 6.966733333333335 -22.966350000000006 0
vertex 9.18426666666667 -22.173266666666674 0
endloop
endfacet
facet normal 0.33688109802201116 -0.9413721182852599 -0.018156561089771484
outer loop
vertex 7.257100000000002 -23.923733333333338 55.000200000000014
vertex 9.18426666666667 -22.173266666666674 0
vertex 9.567116666666669 -23.097066666666674 55.000200000000014
endloop
endfacet
facet normal 0.42746886703951054 -0.903847717326743 -0.01815686082982464
outer loop
vertex 9.567116666666669 -23.097066666666674 55.000200000000014
vertex 9.18426666666667 -22.173266666666674 0
vertex 11.313450000000003 -21.16628333333334 0
endloop
endfacet
facet normal 0.4274092634083662 -0.9038758462128641 -0.01815974079375865
outer loop
vertex 9.567116666666669 -23.097066666666674 55.000200000000014
vertex 11.313450000000003 -21.16628333333334 0
vertex 11.785166666666669 -22.04823333333334 55.000200000000014
endloop
endfacet
facet normal 0.5140883424823387 -0.8575449740213067 -0.018160221765121783
outer loop
vertex 11.785166666666669 -22.04823333333334 55.000200000000014
vertex 11.313450000000003 -21.16628333333334 0
vertex 13.33361666666667 -19.955216666666672 0
endloop
endfacet
facet normal 0.5142251609023596 -0.8574630856651959 -0.01815325360543096
outer loop
vertex 11.785166666666669 -22.04823333333334 55.000200000000014
vertex 13.33361666666667 -19.955216666666672 0
vertex 13.889033333333337 -20.786533333333338 55.000200000000014
endloop
endfacet
facet normal 0.5954703511993958 -0.8031721643065145 -0.01815310787874847
outer loop
vertex 13.889033333333337 -20.786533333333338 55.000200000000014
vertex 13.33361666666667 -19.955216666666672 0
vertex 15.225650000000003 -18.55246666666667 0
endloop
endfacet
facet normal 0.5955121572093369 -0.8031412190934979 -0.018150834936494678
outer loop
vertex 13.889033333333337 -20.786533333333338 55.000200000000014
vertex 15.225650000000003 -18.55246666666667 0
vertex 15.859600000000004 -19.325400000000005 55.000200000000014
endloop
endfacet
facet normal 0.6716007155093087 -0.7406909262818195 -0.018150224548599606
outer loop
vertex 15.859600000000004 -19.325400000000005 55.000200000000014
vertex 15.225650000000003 -18.55246666666667 0
vertex 16.970433333333336 -16.970433333333336 0
endloop
endfacet
facet normal 0.6713978229531239 -0.7408745496933329 -0.01816218462925075
outer loop
vertex 15.859600000000004 -19.325400000000005 55.000200000000014
vertex 16.970433333333336 -16.970433333333336 0
vertex 17.677750000000003 -17.677750000000003 55.000200000000014
endloop
endfacet
facet normal 0.7406907621074321 -0.6716005666487891 -0.018162428409680118
outer loop
vertex 17.677750000000003 -17.677750000000003 55.000200000000014
vertex 16.970433333333336 -16.970433333333336 0
vertex 18.55246666666667 -15.225650000000003 0
endloop
endfacet
facet normal 0.7408747073210968 -0.6713979657990855 -0.018150470317024013
outer loop
vertex 17.677750000000003 -17.677750000000003 55.000200000000014
vertex 18.55246666666667 -15.225650000000003 0
vertex 19.325400000000005 -15.859600000000004 55.000200000000014
endloop
endfacet
facet normal 0.8031721981290986 -0.5954703762753969 -0.01815078871313874
outer loop
vertex 19.325400000000005 -15.859600000000004 55.000200000000014
vertex 18.55246666666667 -15.225650000000003 0
vertex 19.955216666666672 -13.33361666666667 0
endloop
endfacet
facet normal 0.8031411866213561 -0.5955121331319335 -0.018153061590111885
outer loop
vertex 19.325400000000005 -15.859600000000004 55.000200000000014
vertex 19.955216666666672 -13.33361666666667 0
vertex 20.786533333333338 -13.889033333333337 55.000200000000014
endloop
endfacet
facet normal 0.8575450847576548 -0.514088408867505 -0.018153112021452242
outer loop
vertex 20.786533333333338 -13.889033333333337 55.000200000000014
vertex 19.955216666666672 -13.33361666666667 0
vertex 21.16628333333334 -11.313450000000003 0
endloop
endfacet
facet normal 0.8574629793547046 -0.5142250971473941 -0.018160079843065884
outer loop
vertex 20.786533333333338 -13.889033333333337 55.000200000000014
vertex 21.16628333333334 -11.313450000000003 0
vertex 22.04823333333334 -11.785166666666669 55.000200000000014
endloop
endfacet
facet normal 0.9038476690726723 -0.4274688442180635 -0.01815979996503722
outer loop
vertex 22.04823333333334 -11.785166666666669 55.000200000000014
vertex 21.16628333333334 -11.313450000000003 0
vertex 22.173266666666674 -9.18426666666667 0
endloop
endfacet
facet normal 0.9038758925365119 -0.42740928531309597 -0.01815691932769968
outer loop
vertex 22.04823333333334 -11.785166666666669 55.000200000000014
vertex 22.173266666666674 -9.18426666666667 0
vertex 23.097066666666674 -9.567116666666669 55.000200000000014
endloop
endfacet
facet normal 0.9413707950269244 -0.33688488950997186 -0.01815482002748644
outer loop
vertex 23.106366666666673 -8.355533333333335 33.000016666666674
vertex 23.370900000000006 -8.801933333333336 55.000200000000014
vertex 23.097066666666674 -9.567116666666669 55.000200000000014
endloop
endfacet
facet normal 0.9413592563519568 -0.3369170350855687 -0.018156595210571003
outer loop
vertex 23.106366666666673 -8.355533333333335 33.000016666666674
vertex 23.097066666666674 -9.567116666666669 55.000200000000014
vertex 22.173266666666674 -9.18426666666667 0
endloop
endfacet
facet normal 0.9414375681117112 -0.3366977323046302 -0.018164316910540337
outer loop
vertex 23.106366666666673 -8.355533333333335 33.000016666666674
vertex 22.173266666666674 -9.18426666666667 0
vertex 22.966350000000006 -6.966733333333335 0
endloop
endfacet
facet normal 0.9414310749083001 -0.33671584769973917 -0.018165051743624656
outer loop
vertex 23.106366666666673 -8.355533333333335 33.000016666666674
vertex 22.966350000000006 -6.966733333333335 0
vertex 23.923733333333338 -7.257100000000002 55.000200000000014
endloop
endfacet
facet normal 0.941372819769915 -0.33687923650628976 -0.018154729669656176
outer loop
vertex 23.106366666666673 -8.355533333333335 33.000016666666674
vertex 23.923733333333338 -7.257100000000002 55.000200000000014
vertex 23.370900000000006 -8.801933333333336 55.000200000000014
endloop
endfacet
facet normal 0.9698532759217825 -0.2430116304209262 -0.01816509465843405
outer loop
vertex 23.923733333333338 -7.257100000000002 55.000200000000014
vertex 22.966350000000006 -6.966733333333335 0
vertex 23.538816666666673 -4.682033333333335 0
endloop
endfacet
facet normal 0.9699082351857958 -0.24279292122649254 -0.018155239493915138
outer loop
vertex 23.923733333333338 -7.257100000000002 55.000200000000014
vertex 23.538816666666673 -4.682033333333335 0
vertex 24.519450000000006 -4.877333333333334 55.000200000000014
endloop
endfacet
facet normal 0.9889931982641876 -0.14684296611020034 -0.01815480903595126
outer loop
vertex 24.083900000000007 -3.730850000000001 22.00018333333334
vertex 24.519450000000006 -4.877333333333334 55.000200000000014
vertex 23.538816666666673 -4.682033333333335 0
endloop
endfacet
facet normal 0.989012169932349 -0.14671438812241178 -0.018160838184760098
outer loop
vertex 24.083900000000007 -3.730850000000001 22.00018333333334
vertex 23.538816666666673 -4.682033333333335 0
vertex 23.59668333333334 -4.291950000000001 0
endloop
endfacet
facet normal 0.9890077783303365 -0.14674409497336116 -0.018159983274804278
outer loop
vertex 24.083900000000007 -3.730850000000001 22.00018333333334
vertex 23.59668333333334 -4.291950000000001 0
vertex 23.884466666666672 -2.352383333333334 0
endloop
endfacet
facet normal 0.9890180722702099 -0.14667522304510855 -0.018155761278050166
outer loop
vertex 24.083900000000007 -3.730850000000001 22.00018333333334
vertex 23.884466666666672 -2.352383333333334 0
vertex 24.879566666666673 -2.4505500000000007 55.000200000000014
endloop
endfacet
facet normal 0.98900540313331 -0.14676107429932223 -0.018152125044410994
outer loop
vertex 24.083900000000007 -3.730850000000001 22.00018333333334
vertex 24.879566666666673 -2.4505500000000007 55.000200000000014
vertex 24.519450000000006 -4.877333333333334 55.000200000000014
endloop
endfacet
facet normal 0.99862732885123 -0.049130797641703985 -0.01815551691766612
outer loop
vertex 24.879566666666673 -2.4505500000000007 55.000200000000014
vertex 23.884466666666672 -2.352383333333334 0
vertex 24.000200000000007 0 0
endloop
endfacet
facet normal 0.998630976949103 -0.04905777306117225 -0.018152321613464393
outer loop
vertex 24.879566666666673 -2.4505500000000007 55.000200000000014
vertex 24.000200000000007 0 0
vertex 24.999950000000005 0 55.000200000000014
endloop
endfacet
facet normal -0.998631489814536 -0.04904634772687698 0.0181549807340696
outer loop
vertex 22.88936666666667 2.254216666666667 55.000200000000014
vertex 21.89426666666667 2.1565666666666674 0
vertex 22.00018333333334 0 0
endloop
endfacet
facet normal -0.998634702381574 -0.04898185338291491 0.018152389331420198
outer loop
vertex 22.88936666666667 2.254216666666667 55.000200000000014
vertex 22.00018333333334 0 0
vertex 22.99993333333334 0 55.000200000000014
endloop
endfacet
facet normal -0.9889810814677549 -0.14692339318199762 0.01816416898066791
outer loop
vertex 22.55818333333334 4.487250000000001 55.000200000000014
vertex 21.57703333333334 4.291950000000001 0
vertex 21.89426666666667 2.1565666666666674 0
endloop
endfacet
facet normal -0.9890170807654518 -0.14668207977109013 0.018154377659705755
outer loop
vertex 22.55818333333334 4.487250000000001 55.000200000000014
vertex 21.89426666666667 2.1565666666666674 0
vertex 22.88936666666667 2.254216666666667 55.000200000000014
endloop
endfacet
facet normal -0.9698981330892815 -0.24283340036645823 0.01815354225460238
outer loop
vertex 22.00948333333334 6.676366666666668 55.000200000000014
vertex 21.052616666666673 6.386516666666668 0
vertex 21.57703333333334 4.291950000000001 0
endloop
endfacet
facet normal -0.9698341552191365 -0.24308800397515296 0.018164077013712723
outer loop
vertex 22.00948333333334 6.676366666666668 55.000200000000014
vertex 21.57703333333334 4.291950000000001 0
vertex 22.55818333333334 4.487250000000001 55.000200000000014
endloop
endfacet
facet normal -0.9413589263755884 -0.33691748051266684 0.018165435805300164
outer loop
vertex 21.24946666666667 8.801933333333336 55.000200000000014
vertex 20.325150000000004 8.419083333333335 0
vertex 21.052616666666673 6.386516666666668 0
endloop
endfacet
facet normal -0.9414624065606081 -0.3366288770176611 0.018153131711542793
outer loop
vertex 21.24946666666667 8.801933333333336 55.000200000000014
vertex 21.052616666666673 6.386516666666668 0
vertex 22.00948333333334 6.676366666666668 55.000200000000014
endloop
endfacet
facet normal -0.9038761047321467 -0.4274087167200463 0.018159740250471408
outer loop
vertex 20.28433333333334 10.842250000000003 55.000200000000014
vertex 19.402383333333336 10.370533333333336 0
vertex 20.325150000000004 8.419083333333335 0
endloop
endfacet
facet normal -0.9038169459318507 -0.42753356672592846 0.018165284721902767
outer loop
vertex 20.28433333333334 10.842250000000003 55.000200000000014
vertex 20.325150000000004 8.419083333333335 0
vertex 21.24946666666667 8.801933333333336 55.000200000000014
endloop
endfacet
facet normal -0.8576681062877635 -0.513883149876183 0.01815289866920221
outer loop
vertex 19.123900000000006 12.778200000000004 55.000200000000014
vertex 18.292583333333337 12.222783333333336 0
vertex 19.402383333333336 10.370533333333336 0
endloop
endfacet
facet normal -0.8575735734115013 -0.5140406314070544 0.018160271167174682
outer loop
vertex 19.123900000000006 12.778200000000004 55.000200000000014
vertex 19.402383333333336 10.370533333333336 0
vertex 20.28433333333334 10.842250000000003 55.000200000000014
endloop
endfacet
facet normal -0.8029582537149784 -0.5957586566598019 0.018156701404725563
outer loop
vertex 17.77901666666667 14.591183333333337 55.000200000000014
vertex 17.006083333333336 13.95671666666667 0
vertex 18.292583333333337 12.222783333333336 0
endloop
endfacet
facet normal -0.8030151483801587 -0.5956820835661317 0.018152872783764255
outer loop
vertex 17.77901666666667 14.591183333333337 55.000200000000014
vertex 18.292583333333337 12.222783333333336 0
vertex 19.123900000000006 12.778200000000004 55.000200000000014
endloop
endfacet
facet normal -0.7408349604775517 -0.6714415048772634 0.018162237262529055
outer loop
vertex 16.26363333333334 16.26363333333334 55.000200000000014
vertex 15.556316666666671 15.556316666666671 0
vertex 17.006083333333336 13.95671666666667 0
endloop
endfacet
facet normal -0.7409253036238733 -0.6713419572223718 0.01815684231099827
outer loop
vertex 16.26363333333334 16.26363333333334 55.000200000000014
vertex 17.006083333333336 13.95671666666667 0
vertex 17.77901666666667 14.591183333333337 55.000200000000014
endloop
endfacet
facet normal -0.6714415721366475 -0.7408350346881907 0.018156722865491838
outer loop
vertex 14.591183333333337 17.77901666666667 55.000200000000014
vertex 13.95671666666667 17.006083333333336 0
vertex 15.556316666666671 15.556316666666671 0
endloop
endfacet
facet normal -0.6713418928944366 -0.7409252326284672 0.018162117149897197
outer loop
vertex 14.591183333333337 17.77901666666667 55.000200000000014
vertex 15.556316666666671 15.556316666666671 0
vertex 16.26363333333334 16.26363333333334 55.000200000000014
endloop
endfacet
facet normal -0.5957586990071161 -0.8029583107903144 0.01815278739238597
outer loop
vertex 12.778200000000004 19.123900000000006 55.000200000000014
vertex 12.222783333333336 18.292583333333337 0
vertex 13.95671666666667 17.006083333333336 0
endloop
endfacet
facet normal -0.5956820430675936 -0.8030150937857023 0.01815661640166851
outer loop
vertex 12.778200000000004 19.123900000000006 55.000200000000014
vertex 13.95671666666667 17.006083333333336 0
vertex 14.591183333333337 17.77901666666667 55.000200000000014
endloop
endfacet
facet normal -0.5138830795463213 -0.8576679889076172 0.018160433892187085
outer loop
vertex 10.842250000000003 20.28433333333334 55.000200000000014
vertex 10.370533333333336 19.402383333333336 0
vertex 12.222783333333336 18.292583333333337 0
endloop
endfacet
facet normal -0.5140406987094556 -0.8575736856920434 0.01815306252011393
outer loop
vertex 10.842250000000003 20.28433333333334 55.000200000000014
vertex 12.222783333333336 18.292583333333337 0
vertex 12.778200000000004 19.123900000000006 55.000200000000014
endloop
endfacet
facet normal -0.42740867270776217 -0.9038760116557765 0.0181654079897854
outer loop
vertex 8.801933333333336 21.24946666666667 55.000200000000014
vertex 8.419083333333335 20.325150000000004 0
vertex 10.370533333333336 19.402383333333336 0
endloop
endfacet
facet normal -0.42753360883079283 -0.9038170349426158 0.018159864197098835
outer loop
vertex 8.801933333333336 21.24946666666667 55.000200000000014
vertex 10.370533333333336 19.402383333333336 0
vertex 10.842250000000003 20.28433333333334 55.000200000000014
endloop
endfacet
facet normal -0.3369175574999556 -0.9413591414806979 0.01815285649663442
outer loop
vertex 6.676366666666668 22.00948333333334 55.000200000000014
vertex 6.386516666666668 21.052616666666673 0
vertex 8.419083333333335 20.325150000000004 0
endloop
endfacet
facet normal -0.33662880345380636 -0.94146220082186 0.01816516195684043
outer loop
vertex 6.676366666666668 22.00948333333334 55.000200000000014
vertex 8.419083333333335 20.325150000000004 0
vertex 8.801933333333336 21.24946666666667 55.000200000000014
endloop
endfacet
facet normal -0.24283335286636196 -0.9698979433696855 0.018164310692542335
outer loop
vertex 4.487250000000001 22.55818333333334 55.000200000000014
vertex 4.291950000000001 21.57703333333334 0
vertex 6.386516666666668 21.052616666666673 0
endloop
endfacet
facet normal -0.2430880494683412 -0.9698343367206794 0.018153774352369496
outer loop
vertex 4.487250000000001 22.55818333333334 55.000200000000014
vertex 6.386516666666668 21.052616666666673 0
vertex 6.676366666666668 22.00948333333334 55.000200000000014
endloop
endfacet
facet normal -0.1469234198999598 -0.9889812613135814 0.01815415807735929
outer loop
vertex 2.254216666666667 22.88936666666667 55.000200000000014
vertex 2.1565666666666674 21.89426666666667 0
vertex 4.291950000000001 21.57703333333334 0
endloop
endfacet
facet normal -0.14668205426254108 -0.9890169087717716 0.018163951135430366
outer loop
vertex 2.254216666666667 22.88936666666667 55.000200000000014
vertex 4.291950000000001 21.57703333333334 0
vertex 4.487250000000001 22.55818333333334 55.000200000000014
endloop
endfacet
facet normal -0.04904635008617929 -0.9986315378522329 0.018152331809116483
outer loop
vertex 0 22.99993333333334 55.000200000000014
vertex 0 22.00018333333334 0
vertex 2.1565666666666674 21.89426666666667 0
endloop
endfacet
facet normal -0.04898185112877573 -0.9986346564245216 0.01815492351611025
outer loop
vertex 0 22.99993333333334 55.000200000000014
vertex 2.1565666666666674 21.89426666666667 0
vertex 2.254216666666667 22.88936666666667 55.000200000000014
endloop
endfacet
facet normal 0.04904634772687698 -0.998631489814536 0.0181549807340696
outer loop
vertex -2.254216666666667 22.88936666666667 55.000200000000014
vertex -2.1565666666666674 21.89426666666667 0
vertex 0 22.00018333333334 0
endloop
endfacet
facet normal 0.04898185338291491 -0.998634702381574 0.018152389331420198
outer loop
vertex -2.254216666666667 22.88936666666667 55.000200000000014
vertex 0 22.00018333333334 0
vertex 0 22.99993333333334 55.000200000000014
endloop
endfacet
facet normal 0.14692339318199762 -0.9889810814677549 0.01816416898066791
outer loop
vertex -4.487250000000001 22.55818333333334 55.000200000000014
vertex -4.291950000000001 21.57703333333334 0
vertex -2.1565666666666674 21.89426666666667 0
endloop
endfacet
facet normal 0.14668207977109013 -0.9890170807654518 0.018154377659705755
outer loop
vertex -4.487250000000001 22.55818333333334 55.000200000000014
vertex -2.1565666666666674 21.89426666666667 0
vertex -2.254216666666667 22.88936666666667 55.000200000000014
endloop
endfacet
facet normal 0.24283340036645823 -0.9698981330892815 0.01815354225460238
outer loop
vertex -6.676366666666668 22.00948333333334 55.000200000000014
vertex -6.386516666666668 21.052616666666673 0
vertex -4.291950000000001 21.57703333333334 0
endloop
endfacet
facet normal 0.24308800397515296 -0.9698341552191365 0.018164077013712723
outer loop
vertex -6.676366666666668 22.00948333333334 55.000200000000014
vertex -4.291950000000001 21.57703333333334 0
vertex -4.487250000000001 22.55818333333334 55.000200000000014
endloop
endfacet
facet normal 0.33691748051266684 -0.9413589263755884 0.018165435805300164
outer loop
vertex -8.801933333333336 21.24946666666667 55.000200000000014
vertex -8.419083333333335 20.325150000000004 0
vertex -6.386516666666668 21.052616666666673 0
endloop
endfacet
facet normal 0.3366288770176611 -0.9414624065606081 0.018153131711542793
outer loop
vertex -8.801933333333336 21.24946666666667 55.000200000000014
vertex -6.386516666666668 21.052616666666673 0
vertex -6.676366666666668 22.00948333333334 55.000200000000014
endloop
endfacet
facet normal 0.4274087167200463 -0.9038761047321467 0.018159740250471408
outer loop
vertex -10.842250000000003 20.28433333333334 55.000200000000014
vertex -10.370533333333336 19.402383333333336 0
vertex -8.419083333333335 20.325150000000004 0
endloop
endfacet
facet normal 0.42753356672592846 -0.9038169459318507 0.018165284721902767
outer loop
vertex -10.842250000000003 20.28433333333334 55.000200000000014
vertex -8.419083333333335 20.325150000000004 0
vertex -8.801933333333336 21.24946666666667 55.000200000000014
endloop
endfacet
facet normal 0.513883149876183 -0.8576681062877635 0.01815289866920221
outer loop
vertex -12.778200000000004 19.123900000000006 55.000200000000014
vertex -12.222783333333336 18.292583333333337 0
vertex -10.370533333333336 19.402383333333336 0
endloop
endfacet
facet normal 0.5140406314070544 -0.8575735734115013 0.018160271167174682
outer loop
vertex -12.778200000000004 19.123900000000006 55.000200000000014
vertex -10.370533333333336 19.402383333333336 0
vertex -10.842250000000003 20.28433333333334 55.000200000000014
endloop
endfacet
facet normal 0.5957586566598019 -0.8029582537149784 0.018156701404725563
outer loop
vertex -14.591183333333337 17.77901666666667 55.000200000000014
vertex -13.95671666666667 17.006083333333336 0
vertex -12.222783333333336 18.292583333333337 0
endloop
endfacet
facet normal 0.5956820835661317 -0.8030151483801587 0.018152872783764255
outer loop
vertex -14.591183333333337 17.77901666666667 55.000200000000014
vertex -12.222783333333336 18.292583333333337 0
vertex -12.778200000000004 19.123900000000006 55.000200000000014
endloop
endfacet
facet normal 0.6714415048772634 -0.7408349604775517 0.018162237262529055
outer loop
vertex -16.26363333333334 16.26363333333334 55.000200000000014
vertex -15.556316666666671 15.556316666666671 0
vertex -13.95671666666667 17.006083333333336 0
endloop
endfacet
facet normal 0.6713419572223718 -0.7409253036238733 0.01815684231099827
outer loop
vertex -16.26363333333334 16.26363333333334 55.000200000000014
vertex -13.95671666666667 17.006083333333336 0
vertex -14.591183333333337 17.77901666666667 55.000200000000014
endloop
endfacet
facet normal 0.7408350346881907 -0.6714415721366475 0.018156722865491838
outer loop
vertex -17.77901666666667 14.591183333333337 55.000200000000014
vertex -17.006083333333336 13.95671666666667 0
vertex -15.556316666666671 15.556316666666671 0
endloop
endfacet
facet normal 0.7409252326284672 -0.6713418928944366 0.018162117149897197
outer loop
vertex -17.77901666666667 14.591183333333337 55.000200000000014
vertex -15.556316666666671 15.556316666666671 0
vertex -16.26363333333334 16.26363333333334 55.000200000000014
endloop
endfacet
facet normal 0.8029583107903144 -0.5957586990071161 0.01815278739238597
outer loop
vertex -19.123900000000006 12.778200000000004 55.000200000000014
vertex -18.292583333333337 12.222783333333336 0
vertex -17.006083333333336 13.95671666666667 0
endloop
endfacet
facet normal 0.8030150937857023 -0.5956820430675936 0.01815661640166851
outer loop
vertex -19.123900000000006 12.778200000000004 55.000200000000014
vertex -17.006083333333336 13.95671666666667 0
vertex -17.77901666666667 14.591183333333337 55.000200000000014
endloop
endfacet
facet normal 0.8576679889076172 -0.5138830795463213 0.018160433892187085
outer loop
vertex -20.28433333333334 10.842250000000003 55.000200000000014
vertex -19.402383333333336 10.370533333333336 0
vertex -18.292583333333337 12.222783333333336 0
endloop
endfacet
facet normal 0.8575736856920434 -0.5140406987094556 0.01815306252011393
outer loop
vertex -20.28433333333334 10.842250000000003 55.000200000000014
vertex -18.292583333333337 12.222783333333336 0
vertex -19.123900000000006 12.778200000000004 55.000200000000014
endloop
endfacet
facet normal 0.9038760116557765 -0.42740867270776217 0.0181654079897854
outer loop
vertex -21.24946666666667 8.801933333333336 55.000200000000014
vertex -20.325150000000004 8.419083333333335 0
vertex -19.402383333333336 10.370533333333336 0
endloop
endfacet
facet normal 0.9038170349426158 -0.42753360883079283 0.018159864197098835
outer loop
vertex -21.24946666666667 8.801933333333336 55.000200000000014
vertex -19.402383333333336 10.370533333333336 0
vertex -20.28433333333334 10.842250000000003 55.000200000000014
endloop
endfacet
facet normal 0.9413591414806979 -0.3369175574999556 0.01815285649663442
outer loop
vertex -22.00948333333334 6.676366666666668 55.000200000000014
vertex -21.052616666666673 6.386516666666668 0
vertex -20.325150000000004 8.419083333333335 0
endloop
endfacet
facet normal 0.94146220082186 -0.33662880345380636 0.01816516195684043
outer loop
vertex -22.00948333333334 6.676366666666668 55.000200000000014
vertex -20.325150000000004 8.419083333333335 0
vertex -21.24946666666667 8.801933333333336 55.000200000000014
endloop
endfacet
facet normal 0.9698979433696855 -0.24283335286636196 0.018164310692542335
outer loop
vertex -22.55818333333334 4.487250000000001 55.000200000000014
vertex -21.57703333333334 4.291950000000001 0
vertex -21.052616666666673 6.386516666666668 0
endloop
endfacet
facet normal 0.9698343367206794 -0.2430880494683412 0.018153774352369496
outer loop
vertex -22.55818333333334 4.487250000000001 55.000200000000014
vertex -21.052616666666673 6.386516666666668 0
vertex -22.00948333333334 6.676366666666668 55.000200000000014
endloop
endfacet
facet normal 0.9889812613135814 -0.1469234198999598 0.01815415807735929
outer loop
vertex -22.88936666666667 2.254216666666667 55.000200000000014
vertex -21.89426666666667 2.1565666666666674 0
vertex -21.57703333333334 4.291950000000001 0
endloop
endfacet
facet normal 0.9890169087717716 -0.14668205426254108 0.018163951135430366
outer loop
vertex -22.88936666666667 2.254216666666667 55.000200000000014
vertex -21.57703333333334 4.291950000000001 0
vertex -22.55818333333334 4.487250000000001 55.000200000000014
endloop
endfacet
facet normal 0.9986315378522329 -0.04904635008617929 0.018152331809116483
outer loop
vertex -22.99993333333334 0 55.000200000000014
vertex -22.00018333333334 0 0
vertex -21.89426666666667 2.1565666666666674 0
endloop
endfacet
facet normal 0.9986346564245216 -0.04898185112877573 0.01815492351611025
outer loop
vertex -22.99993333333334 0 55.000200000000014
vertex -21.89426666666667 2.1565666666666674 0
vertex -22.88936666666667 2.254216666666667 55.000200000000014
endloop
endfacet
facet normal 0.998631489814536 0.04904634772687698 0.0181549807340696
outer loop
vertex -22.88936666666667 -2.254216666666667 55.000200000000014
vertex -21.89426666666667 -2.1565666666666674 0
vertex -22.00018333333334 0 0
endloop
endfacet
facet normal 0.998634702381574 0.04898185338291491 0.018152389331420198
outer loop
vertex -22.88936666666667 -2.254216666666667 55.000200000000014
vertex -22.00018333333334 0 0
vertex -22.99993333333334 0 55.000200000000014
endloop
endfacet
facet normal 0.9889810814677549 0.14692339318199762 0.01816416898066791
outer loop
vertex -22.55818333333334 -4.487250000000001 55.000200000000014
vertex -21.57703333333334 -4.291950000000001 0
vertex -21.89426666666667 -2.1565666666666674 0
endloop
endfacet
facet normal 0.9890170807654518 0.14668207977109013 0.018154377659705755
outer loop
vertex -22.55818333333334 -4.487250000000001 55.000200000000014
vertex -21.89426666666667 -2.1565666666666674 0
vertex -22.88936666666667 -2.254216666666667 55.000200000000014
endloop
endfacet
facet normal 0.9698981330892815 0.24283340036645823 0.01815354225460238
outer loop
vertex -22.00948333333334 -6.676366666666668 55.000200000000014
vertex -21.052616666666673 -6.386516666666668 0
vertex -21.57703333333334 -4.291950000000001 0
endloop
endfacet
facet normal 0.9698341552191365 0.24308800397515296 0.018164077013712723
outer loop
vertex -22.00948333333334 -6.676366666666668 55.000200000000014
vertex -21.57703333333334 -4.291950000000001 0
vertex -22.55818333333334 -4.487250000000001 55.000200000000014
endloop
endfacet
facet normal 0.9413589263755884 0.33691748051266684 0.018165435805300164
outer loop
vertex -21.24946666666667 -8.801933333333336 55.000200000000014
vertex -20.325150000000004 -8.419083333333335 0
vertex -21.052616666666673 -6.386516666666668 0
endloop
endfacet
facet normal 0.9414624065606081 0.3366288770176611 0.018153131711542793
outer loop
vertex -21.24946666666667 -8.801933333333336 55.000200000000014
vertex -21.052616666666673 -6.386516666666668 0
vertex -22.00948333333334 -6.676366666666668 55.000200000000014
endloop
endfacet
facet normal 0.9038761047321467 0.4274087167200463 0.018159740250471408
outer loop
vertex -20.28433333333334 -10.842250000000003 55.000200000000014
vertex -19.402383333333336 -10.370533333333336 0
vertex -20.325150000000004 -8.419083333333335 0
endloop
endfacet
facet normal 0.9038169459318507 0.42753356672592846 0.018165284721902767
outer loop
vertex -20.28433333333334 -10.842250000000003 55.000200000000014
vertex -20.325150000000004 -8.419083333333335 0
vertex -21.24946666666667 -8.801933333333336 55.000200000000014
endloop
endfacet
facet normal 0.8576681062877635 0.513883149876183 0.01815289866920221
outer loop
vertex -19.123900000000006 -12.778200000000004 55.000200000000014
vertex -18.292583333333337 -12.222783333333336 0
vertex -19.402383333333336 -10.370533333333336 0
endloop
endfacet
facet normal 0.8575735734115013 0.5140406314070544 0.018160271167174682
outer loop
vertex -19.123900000000006 -12.778200000000004 55.000200000000014
vertex -19.402383333333336 -10.370533333333336 0
vertex -20.28433333333334 -10.842250000000003 55.000200000000014
endloop
endfacet
facet normal 0.8029582537149784 0.5957586566598019 0.018156701404725563
outer loop
vertex -17.77901666666667 -14.591183333333337 55.000200000000014
vertex -17.006083333333336 -13.95671666666667 0
vertex -18.292583333333337 -12.222783333333336 0
endloop
endfacet
facet normal 0.8030151483801587 0.5956820835661317 0.018152872783764255
outer loop
vertex -17.77901666666667 -14.591183333333337 55.000200000000014
vertex -18.292583333333337 -12.222783333333336 0
vertex -19.123900000000006 -12.778200000000004 55.000200000000014
endloop
endfacet
facet normal 0.7408349604775517 0.6714415048772634 0.018162237262529055
outer loop
vertex -16.26363333333334 -16.26363333333334 55.000200000000014
vertex -15.556316666666671 -15.556316666666671 0
vertex -17.006083333333336 -13.95671666666667 0
endloop
endfacet
facet normal 0.7409253036238733 0.6713419572223718 0.01815684231099827
outer loop
vertex -16.26363333333334 -16.26363333333334 55.000200000000014
vertex -17.006083333333336 -13.95671666666667 0
vertex -17.77901666666667 -14.591183333333337 55.000200000000014
endloop
endfacet
facet normal 0.6714415721366475 0.7408350346881907 0.018156722865491838
outer loop
vertex -14.591183333333337 -17.77901666666667 55.000200000000014
vertex -13.95671666666667 -17.006083333333336 0
vertex -15.556316666666671 -15.556316666666671 0
endloop
endfacet
facet normal 0.6713418928944366 0.7409252326284672 0.018162117149897197
outer loop
vertex -14.591183333333337 -17.77901666666667 55.000200000000014
vertex -15.556316666666671 -15.556316666666671 0
vertex -16.26363333333334 -16.26363333333334 55.000200000000014
endloop
endfacet
facet normal 0.5957586990071161 0.8029583107903144 0.01815278739238597
outer loop
vertex -12.778200000000004 -19.123900000000006 55.000200000000014
vertex -12.222783333333336 -18.292583333333337 0
vertex -13.95671666666667 -17.006083333333336 0
endloop
endfacet
facet normal 0.5956820430675936 0.8030150937857023 0.01815661640166851
outer loop
vertex -12.778200000000004 -19.123900000000006 55.000200000000014
vertex -13.95671666666667 -17.006083333333336 0
vertex -14.591183333333337 -17.77901666666667 55.000200000000014
endloop
endfacet
facet normal 0.5138830795463213 0.8576679889076172 0.018160433892187085
outer loop
vertex -10.842250000000003 -20.28433333333334 55.000200000000014
vertex -10.370533333333336 -19.402383333333336 0
vertex -12.222783333333336 -18.292583333333337 0
endloop
endfacet
facet normal 0.5140406987094556 0.8575736856920434 0.01815306252011393
outer loop
vertex -10.842250000000003 -20.28433333333334 55.000200000000014
vertex -12.222783333333336 -18.292583333333337 0
vertex -12.778200000000004 -19.123900000000006 55.000200000000014
endloop
endfacet
facet normal 0.42740867270776217 0.9038760116557765 0.0181654079897854
outer loop
vertex -8.801933333333336 -21.24946666666667 55.000200000000014
vertex -8.419083333333335 -20.325150000000004 0
vertex -10.370533333333336 -19.402383333333336 0
endloop
endfacet
facet normal 0.42753360883079283 0.9038170349426158 0.018159864197098835
outer loop
vertex -8.801933333333336 -21.24946666666667 55.000200000000014
vertex -10.370533333333336 -19.402383333333336 0
vertex -10.842250000000003 -20.28433333333334 55.000200000000014
endloop
endfacet
facet normal 0.3369175574999556 0.9413591414806979 0.01815285649663442
outer loop
vertex -6.676366666666668 -22.00948333333334 55.000200000000014
vertex -6.386516666666668 -21.052616666666673 0
vertex -8.419083333333335 -20.325150000000004 0
endloop
endfacet
facet normal 0.33662880345380636 0.94146220082186 0.01816516195684043
outer loop
vertex -6.676366666666668 -22.00948333333334 55.000200000000014
vertex -8.419083333333335 -20.325150000000004 0
vertex -8.801933333333336 -21.24946666666667 55.000200000000014
endloop
endfacet
facet normal 0.24283335286636196 0.9698979433696855 0.018164310692542335
outer loop
vertex -4.487250000000001 -22.55818333333334 55.000200000000014
vertex -4.291950000000001 -21.57703333333334 0
vertex -6.386516666666668 -21.052616666666673 0
endloop
endfacet
facet normal 0.2430880494683412 0.9698343367206794 0.018153774352369496
outer loop
vertex -4.487250000000001 -22.55818333333334 55.000200000000014
vertex -6.386516666666668 -21.052616666666673 0
vertex -6.676366666666668 -22.00948333333334 55.000200000000014
endloop
endfacet
facet normal 0.1469234198999598 0.9889812613135814 0.01815415807735929
outer loop
vertex -2.254216666666667 -22.88936666666667 55.000200000000014
vertex -2.1565666666666674 -21.89426666666667 0
vertex -4.291950000000001 -21.57703333333334 0
endloop
endfacet
facet normal 0.14668205426254108 0.9890169087717716 0.018163951135430366
outer loop
vertex -2.254216666666667 -22.88936666666667 55.000200000000014
vertex -4.291950000000001 -21.57703333333334 0
vertex -4.487250000000001 -22.55818333333334 55.000200000000014
endloop
endfacet
facet normal 0.04904635008617929 0.9986315378522329 0.018152331809116483
outer loop
vertex 0 -22.99993333333334 55.000200000000014
vertex 0 -22.00018333333334 0
vertex -2.1565666666666674 -21.89426666666667 0
endloop
endfacet
facet normal 0.04898185112877573 0.9986346564245216 0.01815492351611025
outer loop
vertex 0 -22.99993333333334 55.000200000000014
vertex -2.1565666666666674 -21.89426666666667 0
vertex -2.254216666666667 -22.88936666666667 55.000200000000014
endloop
endfacet
facet normal -0.04904634772687698 0.998631489814536 0.0181549807340696
outer loop
vertex 2.254216666666667 -22.88936666666667 55.000200000000014
vertex 2.1565666666666674 -21.89426666666667 0
vertex 0 -22.00018333333334 0
endloop
endfacet
facet normal -0.04898185338291491 0.998634702381574 0.018152389331420198
outer loop
vertex 2.254216666666667 -22.88936666666667 55.000200000000014
vertex 0 -22.00018333333334 0
vertex 0 -22.99993333333334 55.000200000000014
endloop
endfacet
facet normal -0.14692339318199762 0.9889810814677549 0.01816416898066791
outer loop
vertex 4.487250000000001 -22.55818333333334 55.000200000000014
vertex 4.291950000000001 -21.57703333333334 0
vertex 2.1565666666666674 -21.89426666666667 0
endloop
endfacet
facet normal -0.14668207977109013 0.9890170807654518 0.018154377659705755
outer loop
vertex 4.487250000000001 -22.55818333333334 55.000200000000014
vertex 2.1565666666666674 -21.89426666666667 0
vertex 2.254216666666667 -22.88936666666667 55.000200000000014
endloop
endfacet
facet normal -0.24283340036645823 0.9698981330892815 0.01815354225460238
outer loop
vertex 6.676366666666668 -22.00948333333334 55.000200000000014
vertex 6.386516666666668 -21.052616666666673 0
vertex 4.291950000000001 -21.57703333333334 0
endloop
endfacet
facet normal -0.24308800397515296 0.9698341552191365 0.018164077013712723
outer loop
vertex 6.676366666666668 -22.00948333333334 55.000200000000014
vertex 4.291950000000001 -21.57703333333334 0
vertex 4.487250000000001 -22.55818333333334 55.000200000000014
endloop
endfacet
facet normal -0.33691748051266684 0.9413589263755884 0.018165435805300164
outer loop
vertex 8.801933333333336 -21.24946666666667 55.000200000000014
vertex 8.419083333333335 -20.325150000000004 0
vertex 6.386516666666668 -21.052616666666673 0
endloop
endfacet
facet normal -0.3366288770176611 0.9414624065606081 0.018153131711542793
outer loop
vertex 8.801933333333336 -21.24946666666667 55.000200000000014
vertex 6.386516666666668 -21.052616666666673 0
vertex 6.676366666666668 -22.00948333333334 55.000200000000014
endloop
endfacet
facet normal -0.4274087167200463 0.9038761047321467 0.018159740250471408
outer loop
vertex 10.842250000000003 -20.28433333333334 55.000200000000014
vertex 10.370533333333336 -19.402383333333336 0
vertex 8.419083333333335 -20.325150000000004 0
endloop
endfacet
facet normal -0.42753356672592846 0.9038169459318507 0.018165284721902767
outer loop
vertex 10.842250000000003 -20.28433333333334 55.000200000000014
vertex 8.419083333333335 -20.325150000000004 0
vertex 8.801933333333336 -21.24946666666667 55.000200000000014
endloop
endfacet
facet normal -0.513883149876183 0.8576681062877635 0.01815289866920221
outer loop
vertex 12.778200000000004 -19.123900000000006 55.000200000000014
vertex 12.222783333333336 -18.292583333333337 0
vertex 10.370533333333336 -19.402383333333336 0
endloop
endfacet
facet normal -0.5140406314070544 0.8575735734115013 0.018160271167174682
outer loop
vertex 12.778200000000004 -19.123900000000006 55.000200000000014
vertex 10.370533333333336 -19.402383333333336 0
vertex 10.842250000000003 -20.28433333333334 55.000200000000014
endloop
endfacet
facet normal -0.5957586566598019 0.8029582537149784 0.018156701404725563
outer loop
vertex 14.591183333333337 -17.77901666666667 55.000200000000014
vertex 13.95671666666667 -17.006083333333336 0
vertex 12.222783333333336 -18.292583333333337 0
endloop
endfacet
facet normal -0.5956820835661317 0.8030151483801587 0.018152872783764255
outer loop
vertex 14.591183333333337 -17.77901666666667 55.000200000000014
vertex 12.222783333333336 -18.292583333333337 0
vertex 12.778200000000004 -19.123900000000006 55.000200000000014
endloop
endfacet
facet normal -0.6714415048772634 0.7408349604775517 0.018162237262529055
outer loop
vertex 16.26363333333334 -16.26363333333334 55.000200000000014
vertex 15.556316666666671 -15.556316666666671 0
vertex 13.95671666666667 -17.006083333333336 0
endloop
endfacet
facet normal -0.6713419572223718 0.7409253036238733 0.01815684231099827
outer loop
vertex 16.26363333333334 -16.26363333333334 55.000200000000014
vertex 13.95671666666667 -17.006083333333336 0
vertex 14.591183333333337 -17.77901666666667 55.000200000000014
endloop
endfacet
facet normal -0.7408350346881907 0.6714415721366475 0.018156722865491838
outer loop
vertex 17.77901666666667 -14.591183333333337 55.000200000000014
vertex 17.006083333333336 -13.95671666666667 0
vertex 15.556316666666671 -15.556316666666671 0
endloop
endfacet
facet normal -0.7409252326284672 0.6713418928944366 0.018162117149897197
outer loop
vertex 17.77901666666667 -14.591183333333337 55.000200000000014
vertex 15.556316666666671 -15.556316666666671 0
vertex 16.26363333333334 -16.26363333333334 55.000200000000014
endloop
endfacet
facet normal -0.8029583107903144 0.5957586990071161 0.01815278739238597
outer loop
vertex 19.123900000000006 -12.778200000000004 55.000200000000014
vertex 18.292583333333337 -12.222783333333336 0
vertex 17.006083333333336 -13.95671666666667 0
endloop
endfacet
facet normal -0.8030150937857023 0.5956820430675936 0.01815661640166851
outer loop
vertex 19.123900000000006 -12.778200000000004 55.000200000000014
vertex 17.006083333333336 -13.95671666666667 0
vertex 17.77901666666667 -14.591183333333337 55.000200000000014
endloop
endfacet
facet normal -0.8576679889076172 0.5138830795463213 0.018160433892187085
outer loop
vertex 20.28433333333334 -10.842250000000003 55.000200000000014
vertex 19.402383333333336 -10.370533333333336 0
vertex 18.292583333333337 -12.222783333333336 0
endloop
endfacet
facet normal -0.8575736856920434 0.5140406987094556 0.01815306252011393
outer loop
vertex 20.28433333333334 -10.842250000000003 55.000200000000014
vertex 18.292583333333337 -12.222783333333336 0
vertex 19.123900000000006 -12.778200000000004 55.000200000000014
endloop
endfacet
facet normal -0.9038760116557765 0.42740867270776217 0.0181654079897854
outer loop
vertex 21.24946666666667 -8.801933333333336 55.000200000000014
vertex 20.325150000000004 -8.419083333333335 0
vertex 19.402383333333336 -10.370533333333336 0
endloop
endfacet
facet normal -0.9038170349426158 0.42753360883079283 0.018159864197098835
outer loop
vertex 21.24946666666667 -8.801933333333336 55.000200000000014
vertex 19.402383333333336 -10.370533333333336 0
vertex 20.28433333333334 -10.842250000000003 55.000200000000014
endloop
endfacet
facet normal -0.9413591414806979 0.3369175574999556 0.01815285649663442
outer loop
vertex 22.00948333333334 -6.676366666666668 55.000200000000014
vertex 21.052616666666673 -6.386516666666668 0
vertex 20.325150000000004 -8.419083333333335 0
endloop
endfacet
facet normal -0.94146220082186 0.33662880345380636 0.01816516195684043
outer loop
vertex 22.00948333333334 -6.676366666666668 55.000200000000014
vertex 20.325150000000004 -8.419083333333335 0
vertex 21.24946666666667 -8.801933333333336 55.000200000000014
endloop
endfacet
facet normal -0.9698979433696855 0.24283335286636196 0.018164310692542335
outer loop
vertex 22.55818333333334 -4.487250000000001 55.000200000000014
vertex 21.57703333333334 -4.291950000000001 0
vertex 21.052616666666673 -6.386516666666668 0
endloop
endfacet
facet normal -0.9698343367206794 0.2430880494683412 0.018153774352369496
outer loop
vertex 22.55818333333334 -4.487250000000001 55.000200000000014
vertex 21.052616666666673 -6.386516666666668 0
vertex 22.00948333333334 -6.676366666666668 55.000200000000014
endloop
endfacet
facet normal -0.9889812613135814 0.1469234198999598 0.01815415807735929
outer loop
vertex 22.88936666666667 -2.254216666666667 55.000200000000014
vertex 21.89426666666667 -2.1565666666666674 0
vertex 21.57703333333334 -4.291950000000001 0
endloop
endfacet
facet normal -0.9890169087717716 0.14668205426254108 0.018163951135430366
outer loop
vertex 22.88936666666667 -2.254216666666667 55.000200000000014
vertex 21.57703333333334 -4.291950000000001 0
vertex 22.55818333333334 -4.487250000000001 55.000200000000014
endloop
endfacet
facet normal -0.9986315378522329 0.04904635008617929 0.018152331809116483
outer loop
vertex 22.99993333333334 0 55.000200000000014
vertex 22.00018333333334 0 0
vertex 21.89426666666667 -2.1565666666666674 0
endloop
endfacet
facet normal -0.9986346564245216 0.04898185112877573 0.01815492351611025
outer loop
vertex 22.99993333333334 0 55.000200000000014
vertex 21.89426666666667 -2.1565666666666674 0
vertex 22.88936666666667 -2.254216666666667 55.000200000000014
endloop
endfacet
facet normal 0 0 -1
outer loop
vertex 0 22.92708333333334 0
vertex 2.352383333333334 23.884466666666672 0
vertex 4.682033333333335 23.538816666666673 0
endloop
endfacet
facet normal 0 0 -1
outer loop
vertex 0 22.92708333333334 0
vertex 4.682033333333335 23.538816666666673 0
vertex 6.966733333333335 22.966350000000006 0
endloop
endfacet
facet normal 0 0 -1
outer loop
vertex 0 22.92708333333334 0
vertex 6.966733333333335 22.966350000000006 0
vertex 9.18426666666667 22.173266666666674 0
endloop
endfacet
facet normal 0 0 -1
outer loop
vertex 0 22.92708333333334 0
vertex 9.18426666666667 22.173266666666674 0
vertex 9.550583333333336 22.00018333333334 0
endloop
endfacet
facet normal 0 0 -1
outer loop
vertex 0 22.92708333333334 0
vertex 9.550583333333336 22.00018333333334 0
vertex 0 22.00018333333334 0
endloop
endfacet
facet normal 0 0 -1
outer loop
vertex 0 22.92708333333334 0
vertex 0 22.00018333333334 0
vertex -9.550583333333336 22.00018333333334 0
endloop
endfacet
facet normal 0 0 -1
outer loop
vertex 0 22.92708333333334 0
vertex -9.550583333333336 22.00018333333334 0
vertex -9.18426666666667 22.173266666666674 0
endloop
endfacet
facet normal 0 0 -1
outer loop
vertex 0 22.92708333333334 0
vertex -9.18426666666667 22.173266666666674 0
vertex -6.966733333333335 22.966350000000006 0
endloop
endfacet
facet normal 0 0 -1
outer loop
vertex 0 22.92708333333334 0
vertex -6.966733333333335 22.966350000000006 0
vertex -4.682033333333335 23.538816666666673 0
endloop
endfacet
facet normal 0 0 -1
outer loop
vertex 0 22.92708333333334 0
vertex -4.682033333333335 23.538816666666673 0
vertex -2.352383333333334 23.884466666666672 0
endloop
endfacet
facet normal 0 0 -1
outer loop
vertex 0 22.92708333333334 0
vertex -2.352383333333334 23.884466666666672 0
vertex 0 24.000200000000007 0
endloop
endfacet
facet normal 0 0 -1
outer loop
vertex 0 22.92708333333334 0
vertex 0 24.000200000000007 0
vertex 2.352383333333334 23.884466666666672 0
endloop
endfacet
facet normal 0 0 -1
outer loop
vertex 0 22.00018333333334 0
vertex -2.1565666666666674 21.89426666666667 0
vertex -9.774300000000002 21.89426666666667 0
endloop
endfacet
facet normal 0 0 -1
outer loop
vertex 0 22.00018333333334 0
vertex -9.774300000000002 21.89426666666667 0
vertex -9.550583333333336 22.00018333333334 0
endloop
endfacet
facet normal 0 0 -1
outer loop
vertex 9.550583333333336 22.00018333333334 0
vertex 9.774300000000002 21.89426666666667 0
vertex 2.1565666666666674 21.89426666666667 0
endloop
endfacet
facet normal 0 0 -1
outer loop
vertex 9.550583333333336 22.00018333333334 0
vertex 2.1565666666666674 21.89426666666667 0
vertex 0 22.00018333333334 0
endloop
endfacet
facet normal 0 0 -1
outer loop
vertex -2.1565666666666674 21.89426666666667 0
vertex -4.291950000000001 21.57703333333334 0
vertex -10.444416666666669 21.57703333333334 0
endloop
endfacet
facet normal 0 0 -1
outer loop
vertex -2.1565666666666674 21.89426666666667 0
vertex -10.444416666666669 21.57703333333334 0
vertex -9.774300000000002 21.89426666666667 0
endloop
endfacet
facet normal 0 0 -1
outer loop
vertex 9.774300000000002 21.89426666666667 0
vertex 10.444416666666669 21.57703333333334 0
vertex 4.291950000000001 21.57703333333334 0
endloop
endfacet
facet normal 0 0 -1
outer loop
vertex 9.774300000000002 21.89426666666667 0
vertex 4.291950000000001 21.57703333333334 0
vertex 2.1565666666666674 21.89426666666667 0
endloop
endfacet
facet normal 0 0 -1
outer loop
vertex -8.787983333333335 21.28511666666667 0
vertex -4.291950000000001 21.57703333333334 0
vertex -6.386516666666668 21.052616666666673 0
endloop
endfacet
facet normal 0 0 -1
outer loop
vertex -8.787983333333335 21.28511666666667 0
vertex -6.386516666666668 21.052616666666673 0
vertex -11.502550000000003 21.052616666666673 0
endloop
endfacet
facet normal 0 0 -1
outer loop
vertex -8.787983333333335 21.28511666666667 0
vertex -11.502550000000003 21.052616666666673 0
vertex -11.313450000000003 21.16628333333334 0
endloop
endfacet
facet normal 0 0 -0.9999999999999999
outer loop
vertex -8.787983333333335 21.28511666666667 0
vertex -11.313450000000003 21.16628333333334 0
vertex -10.444416666666669 21.57703333333334 0
endloop
endfacet
facet normal 0 0 -1
outer loop
vertex -8.787983333333335 21.28511666666667 0
vertex -10.444416666666669 21.57703333333334 0
vertex -4.291950000000001 21.57703333333334 0
endloop
endfacet
facet normal 0 0 -0.9999999999999999
outer loop
vertex 8.787983333333335 21.28511666666667 0
vertex 10.444416666666669 21.57703333333334 0
vertex 11.313450000000003 21.16628333333334 0
endloop
endfacet
facet normal 0 0 -1
outer loop
vertex 8.787983333333335 21.28511666666667 0
vertex 11.313450000000003 21.16628333333334 0
vertex 11.502550000000003 21.052616666666673 0
endloop
endfacet
facet normal 0 0 -1
outer loop
vertex 8.787983333333335 21.28511666666667 0
vertex 11.502550000000003 21.052616666666673 0
vertex 6.386516666666668 21.052616666666673 0
endloop
endfacet
facet normal 0 0 -1
outer loop
vertex 8.787983333333335 21.28511666666667 0
vertex 6.386516666666668 21.052616666666673 0
vertex 4.291950000000001 21.57703333333334 0
endloop
endfacet
facet normal 0 0 -1
outer loop
vertex 8.787983333333335 21.28511666666667 0
vertex 4.291950000000001 21.57703333333334 0
vertex 10.444416666666669 21.57703333333334 0
endloop
endfacet
facet normal 0 0 -0.9999999999999999
outer loop
vertex -6.386516666666668 21.052616666666673 0
vertex -8.419083333333335 20.325150000000004 0
vertex -12.716200000000002 20.325150000000004 0
endloop
endfacet
facet normal 0 0 -1
outer loop
vertex -6.386516666666668 21.052616666666673 0
vertex -12.716200000000002 20.325150000000004 0
vertex -11.502550000000003 21.052616666666673 0
endloop
endfacet
facet normal 0 0 -1
outer loop
vertex 11.502550000000003 21.052616666666673 0
vertex 12.716200000000002 20.325150000000004 0
vertex 8.419083333333335 20.325150000000004 0
endloop
endfacet
facet normal 0 0 -1
outer loop
vertex 11.502550000000003 21.052616666666673 0
vertex 8.419083333333335 20.325150000000004 0
vertex 6.386516666666668 21.052616666666673 0
endloop
endfacet
facet normal 0 0 -1
outer loop
vertex -11.783616666666669 19.881850000000004 0
vertex -8.419083333333335 20.325150000000004 0
vertex -10.370533333333336 19.402383333333336 0
endloop
endfacet
facet normal 0 0 -1
outer loop
vertex -11.783616666666669 19.881850000000004 0
vertex -10.370533333333336 19.402383333333336 0
vertex -14.07916666666667 19.402383333333336 0
endloop
endfacet
facet normal 0 0 -1
outer loop
vertex -11.783616666666669 19.881850000000004 0
vertex -14.07916666666667 19.402383333333336 0
vertex -13.33361666666667 19.955216666666672 0
endloop
endfacet
facet normal 0 0 -1
outer loop
vertex -11.783616666666669 19.881850000000004 0
vertex -13.33361666666667 19.955216666666672 0
vertex -12.716200000000002 20.325150000000004 0
endloop
endfacet
facet normal 0 0 -0.9999999999999999
outer loop
vertex -11.783616666666669 19.881850000000004 0
vertex -12.716200000000002 20.325150000000004 0
vertex -8.419083333333335 20.325150000000004 0
endloop
endfacet
facet normal 0 0 -1
outer loop
vertex 11.783616666666669 19.881850000000004 0
vertex 12.716200000000002 20.325150000000004 0
vertex 13.33361666666667 19.955216666666672 0
endloop
endfacet
facet normal 0 0 -1
outer loop
vertex 11.783616666666669 19.881850000000004 0
vertex 13.33361666666667 19.955216666666672 0
vertex 14.07916666666667 19.402383333333336 0
endloop
endfacet
facet normal 0 0 -1
outer loop
vertex 11.783616666666669 19.881850000000004 0
vertex 14.07916666666667 19.402383333333336 0
vertex 10.370533333333336 19.402383333333336 0
endloop
endfacet
facet normal 0 0 -1
outer loop
vertex 11.783616666666669 19.881850000000004 0
vertex 10.370533333333336 19.402383333333336 0
vertex 8.419083333333335 20.325150000000004 0
endloop
endfacet
facet normal 0 0 -0.9999999999999999
outer loop
vertex 11.783616666666669 19.881850000000004 0
vertex 8.419083333333335 20.325150000000004 0
vertex 12.716200000000002 20.325150000000004 0
endloop
endfacet
facet normal 0 0 -0.9999999999999999
outer loop
vertex -13.481900000000003 18.78858333333334 0
vertex -10.370533333333336 19.402383333333336 0
vertex -12.222783333333336 18.292583333333337 0
endloop
endfacet
facet normal 0 0 -1
outer loop
vertex -13.481900000000003 18.78858333333334 0
vertex -12.222783333333336 18.292583333333337 0
vertex -15.512400000000003 18.292583333333337 0
endloop
endfacet
facet normal 0 0 -1
outer loop
vertex -13.481900000000003 18.78858333333334 0
vertex -15.512400000000003 18.292583333333337 0
vertex -15.225650000000003 18.55246666666667 0
endloop
endfacet
facet normal 0 0 -1
outer loop
vertex -13.481900000000003 18.78858333333334 0
vertex -15.225650000000003 18.55246666666667 0
vertex -14.07916666666667 19.402383333333336 0
endloop
endfacet
facet normal 0 0 -1
outer loop
vertex -13.481900000000003 18.78858333333334 0
vertex -14.07916666666667 19.402383333333336 0
vertex -10.370533333333336 19.402383333333336 0
endloop
endfacet
facet normal 0 0 -1
outer loop
vertex 13.481900000000003 18.78858333333334 0
vertex 14.07916666666667 19.402383333333336 0
vertex 15.225650000000003 18.55246666666667 0
endloop
endfacet
facet normal 0 0 -1
outer loop
vertex 13.481900000000003 18.78858333333334 0
vertex 15.225650000000003 18.55246666666667 0
vertex 15.512400000000003 18.292583333333337 0
endloop
endfacet
facet normal 0 0 -1
outer loop
vertex 13.481900000000003 18.78858333333334 0
vertex 15.512400000000003 18.292583333333337 0
vertex 12.222783333333336 18.292583333333337 0
endloop
endfacet
facet normal 0 0 -0.9999999999999999
outer loop
vertex 13.481900000000003 18.78858333333334 0
vertex 12.222783333333336 18.292583333333337 0
vertex 10.370533333333336 19.402383333333336 0
endloop
endfacet
facet normal 0 0 -1
outer loop
vertex 13.481900000000003 18.78858333333334 0
vertex 10.370533333333336 19.402383333333336 0
vertex 14.07916666666667 19.402383333333336 0
endloop
endfacet
facet normal 0 0 -1
outer loop
vertex -12.222783333333336 18.292583333333337 0
vertex -13.95671666666667 17.006083333333336 0
vertex -16.93116666666667 17.006083333333336 0
endloop
endfacet
facet normal 0 0 -1
outer loop
vertex -12.222783333333336 18.292583333333337 0
vertex -16.93116666666667 17.006083333333336 0
vertex -15.512400000000003 18.292583333333337 0
endloop
endfacet
facet normal 0 0 -1
outer loop
vertex 15.512400000000003 18.292583333333337 0
vertex 16.93116666666667 17.006083333333336 0
vertex 13.95671666666667 17.006083333333336 0
endloop
endfacet
facet normal 0 0 -1
outer loop
vertex 15.512400000000003 18.292583333333337 0
vertex 13.95671666666667 17.006083333333336 0
vertex 12.222783333333336 18.292583333333337 0
endloop
endfacet
facet normal 0 0 -1
outer loop
vertex -16.333383333333337 16.419150000000005 0
vertex -13.95671666666667 17.006083333333336 0
vertex -15.556316666666671 15.556316666666671 0
endloop
endfacet
facet normal 0 0 -1
outer loop
vertex -16.333383333333337 16.419150000000005 0
vertex -15.556316666666671 15.556316666666671 0
vertex -18.252283333333338 15.556316666666671 0
endloop
endfacet
facet normal 0 0 -1
outer loop
vertex -16.333383333333337 16.419150000000005 0
vertex -18.252283333333338 15.556316666666671 0
vertex -16.970433333333336 16.970433333333336 0
endloop
endfacet
facet normal 0 0 -1
outer loop
vertex -16.333383333333337 16.419150000000005 0
vertex -16.970433333333336 16.970433333333336 0
vertex -16.93116666666667 17.006083333333336 0
endloop
endfacet
facet normal 0 0 -1
outer loop
vertex -16.333383333333337 16.419150000000005 0
vertex -16.93116666666667 17.006083333333336 0
vertex -13.95671666666667 17.006083333333336 0
endloop
endfacet
facet normal 0 0 -1
outer loop
vertex 16.333383333333337 16.419150000000005 0
vertex 16.93116666666667 17.006083333333336 0
vertex 16.970433333333336 16.970433333333336 0
endloop
endfacet
facet normal 0 0 -1
outer loop
vertex 16.333383333333337 16.419150000000005 0
vertex 16.970433333333336 16.970433333333336 0
vertex 18.252283333333338 15.556316666666671 0
endloop
endfacet
facet normal 0 0 -1
outer loop
vertex 16.333383333333337 16.419150000000005 0
vertex 18.252283333333338 15.556316666666671 0
vertex 15.556316666666671 15.556316666666671 0
endloop
endfacet
facet normal 0 0 -1
outer loop
vertex 16.333383333333337 16.419150000000005 0
vertex 15.556316666666671 15.556316666666671 0
vertex 13.95671666666667 17.006083333333336 0
endloop
endfacet
facet normal 0 0 -1
outer loop
vertex 16.333383333333337 16.419150000000005 0
vertex 13.95671666666667 17.006083333333336 0
vertex 16.93116666666667 17.006083333333336 0
endloop
endfacet
facet normal 0 0 -1
outer loop
vertex -17.772300000000005 14.850550000000004 0
vertex -15.556316666666671 15.556316666666671 0
vertex -17.006083333333336 13.95671666666667 0
endloop
endfacet
facet normal 0 0 -0.9999999999999999
outer loop
vertex -17.772300000000005 14.850550000000004 0
vertex -17.006083333333336 13.95671666666667 0
vertex -19.493316666666672 13.95671666666667 0
endloop
endfacet
facet normal 0 0 -1
outer loop
vertex -17.772300000000005 14.850550000000004 0
vertex -19.493316666666672 13.95671666666667 0
vertex -18.55246666666667 15.225650000000003 0
endloop
endfacet
facet normal 0 0 -1
outer loop
vertex -17.772300000000005 14.850550000000004 0
vertex -18.55246666666667 15.225650000000003 0
vertex -18.252283333333338 15.556316666666671 0
endloop
endfacet
facet normal 0 0 -1
outer loop
vertex -17.772300000000005 14.850550000000004 0
vertex -18.252283333333338 15.556316666666671 0
vertex -15.556316666666671 15.556316666666671 0
endloop
endfacet
facet normal 0 0 -1
outer loop
vertex 17.772300000000005 14.850550000000004 0
vertex 18.252283333333338 15.556316666666671 0
vertex 18.55246666666667 15.225650000000003 0
endloop
endfacet
facet normal 0 0 -1
outer loop
vertex 17.772300000000005 14.850550000000004 0
vertex 18.55246666666667 15.225650000000003 0
vertex 19.493316666666672 13.95671666666667 0
endloop
endfacet
facet normal 0 0 -0.9999999999999999
outer loop
vertex 17.772300000000005 14.850550000000004 0
vertex 19.493316666666672 13.95671666666667 0
vertex 17.006083333333336 13.95671666666667 0
endloop
endfacet
facet normal 0 0 -1
outer loop
vertex 17.772300000000005 14.850550000000004 0
vertex 17.006083333333336 13.95671666666667 0
vertex 15.556316666666671 15.556316666666671 0
endloop
endfacet
facet normal 0 0 -1
outer loop
vertex 17.772300000000005 14.850550000000004 0
vertex 15.556316666666671 15.556316666666671 0
vertex 18.252283333333338 15.556316666666671 0
endloop
endfacet
facet normal 0 0 -1
outer loop
vertex -19.07378333333334 13.13831666666667 0
vertex -17.006083333333336 13.95671666666667 0
vertex -18.292583333333337 12.222783333333336 0
endloop
endfacet
facet normal 0 0 -1
outer loop
vertex -19.07378333333334 13.13831666666667 0
vertex -18.292583333333337 12.222783333333336 0
vertex -20.621200000000005 12.222783333333336 0
endloop
endfacet
facet normal 0 0 -1
outer loop
vertex -19.07378333333334 13.13831666666667 0
vertex -20.621200000000005 12.222783333333336 0
vertex -19.955216666666672 13.33361666666667 0
endloop
endfacet
facet normal 0 0 -1
outer loop
vertex -19.07378333333334 13.13831666666667 0
vertex -19.955216666666672 13.33361666666667 0
vertex -19.493316666666672 13.95671666666667 0
endloop
endfacet
facet normal 0 0 -1
outer loop
vertex -19.07378333333334 13.13831666666667 0
vertex -19.493316666666672 13.95671666666667 0
vertex -17.006083333333336 13.95671666666667 0
endloop
endfacet
facet normal 0 0 -1
outer loop
vertex 19.07378333333334 13.13831666666667 0
vertex 19.493316666666672 13.95671666666667 0
vertex 19.955216666666672 13.33361666666667 0
endloop
endfacet
facet normal 0 0 -1
outer loop
vertex 19.07378333333334 13.13831666666667 0
vertex 19.955216666666672 13.33361666666667 0
vertex 20.621200000000005 12.222783333333336 0
endloop
endfacet
facet normal 0 0 -1
outer loop
vertex 19.07378333333334 13.13831666666667 0
vertex 20.621200000000005 12.222783333333336 0
vertex 18.292583333333337 12.222783333333336 0
endloop
endfacet
facet normal 0 0 -1
outer loop
vertex 19.07378333333334 13.13831666666667 0
vertex 18.292583333333337 12.222783333333336 0
vertex 17.006083333333336 13.95671666666667 0
endloop
endfacet
facet normal 0 0 -1
outer loop
vertex 19.07378333333334 13.13831666666667 0
vertex 17.006083333333336 13.95671666666667 0
vertex 19.493316666666672 13.95671666666667 0
endloop
endfacet
facet normal 0 0 -0.9999999999999999
outer loop
vertex -20.218716666666673 11.30001666666667 0
vertex -18.292583333333337 12.222783333333336 0
vertex -19.402383333333336 10.370533333333336 0
endloop
endfacet
facet normal 0 0 -1
outer loop
vertex -20.218716666666673 11.30001666666667 0
vertex -19.402383333333336 10.370533333333336 0
vertex -21.61216666666667 10.370533333333336 0
endloop
endfacet
facet normal 0 0 -1
outer loop
vertex -20.218716666666673 11.30001666666667 0
vertex -21.61216666666667 10.370533333333336 0
vertex -21.16628333333334 11.313450000000003 0
endloop
endfacet
facet normal 0 0 -1
outer loop
vertex -20.218716666666673 11.30001666666667 0
vertex -21.16628333333334 11.313450000000003 0
vertex -20.621200000000005 12.222783333333336 0
endloop
endfacet
facet normal 0 0 -1
outer loop
vertex -20.218716666666673 11.30001666666667 0
vertex -20.621200000000005 12.222783333333336 0
vertex -18.292583333333337 12.222783333333336 0
endloop
endfacet
facet normal 0 0 -1
outer loop
vertex 20.218716666666673 11.30001666666667 0
vertex 20.621200000000005 12.222783333333336 0
vertex 21.16628333333334 11.313450000000003 0
endloop
endfacet
facet normal 0 0 -1
outer loop
vertex 20.218716666666673 11.30001666666667 0
vertex 21.16628333333334 11.313450000000003 0
vertex 21.61216666666667 10.370533333333336 0
endloop
endfacet
facet normal 0 0 -1
outer loop
vertex 20.218716666666673 11.30001666666667 0
vertex 21.61216666666667 10.370533333333336 0
vertex 19.402383333333336 10.370533333333336 0
endloop
endfacet
facet normal 0 0 -0.9999999999999999
outer loop
vertex 20.218716666666673 11.30001666666667 0
vertex 19.402383333333336 10.370533333333336 0
vertex 18.292583333333337 12.222783333333336 0
endloop
endfacet
facet normal 0 0 -1
outer loop
vertex 20.218716666666673 11.30001666666667 0
vertex 18.292583333333337 12.222783333333336 0
vertex 20.621200000000005 12.222783333333336 0
endloop
endfacet
facet normal 0 0 -1
outer loop
vertex -21.19211666666667 9.352700000000002 0
vertex -19.402383333333336 10.370533333333336 0
vertex -20.325150000000004 8.419083333333335 0
endloop
endfacet
facet normal 0 0 -1
outer loop
vertex -21.19211666666667 9.352700000000002 0
vertex -20.325150000000004 8.419083333333335 0
vertex -22.447100000000006 8.419083333333335 0
endloop
endfacet
facet normal 0 0 -1
outer loop
vertex -21.19211666666667 9.352700000000002 0
vertex -22.447100000000006 8.419083333333335 0
vertex -22.173266666666674 9.18426666666667 0
endloop
endfacet
facet normal 0 0 -1
outer loop
vertex -21.19211666666667 9.352700000000002 0
vertex -22.173266666666674 9.18426666666667 0
vertex -21.61216666666667 10.370533333333336 0
endloop
endfacet
facet normal 0 0 -1
outer loop
vertex -21.19211666666667 9.352700000000002 0
vertex -21.61216666666667 10.370533333333336 0
vertex -19.402383333333336 10.370533333333336 0
endloop
endfacet
facet normal 0 0 -1
outer loop
vertex 21.19211666666667 9.352700000000002 0
vertex 21.61216666666667 10.370533333333336 0
vertex 22.173266666666674 9.18426666666667 0
endloop
endfacet
facet normal 0 0 -1
outer loop
vertex 21.19211666666667 9.352700000000002 0
vertex 22.173266666666674 9.18426666666667 0
vertex 22.447100000000006 8.419083333333335 0
endloop
endfacet
facet normal 0 0 -1
outer loop
vertex 21.19211666666667 9.352700000000002 0
vertex 22.447100000000006 8.419083333333335 0
vertex 20.325150000000004 8.419083333333335 0
endloop
endfacet
facet normal 0 0 -1
outer loop
vertex 21.19211666666667 9.352700000000002 0
vertex 20.325150000000004 8.419083333333335 0
vertex 19.402383333333336 10.370533333333336 0
endloop
endfacet
facet normal 0 0 -1
outer loop
vertex 21.19211666666667 9.352700000000002 0
vertex 19.402383333333336 10.370533333333336 0
vertex 21.61216666666667 10.370533333333336 0
endloop
endfacet
facet normal 0 0 -0.9999999999999999
outer loop
vertex -21.980550000000004 7.315483333333336 0
vertex -20.325150000000004 8.419083333333335 0
vertex -21.052616666666673 6.386516666666668 0
endloop
endfacet
facet normal 0 0 -1
outer loop
vertex -21.980550000000004 7.315483333333336 0
vertex -21.052616666666673 6.386516666666668 0
vertex -23.112050000000007 6.386516666666668 0
endloop
endfacet
facet normal 0 0 -1
outer loop
vertex -21.980550000000004 7.315483333333336 0
vertex -23.112050000000007 6.386516666666668 0
vertex -22.966350000000006 6.966733333333335 0
endloop
endfacet
facet normal 0 0 -1
outer loop
vertex -21.980550000000004 7.315483333333336 0
vertex -22.966350000000006 6.966733333333335 0
vertex -22.447100000000006 8.419083333333335 0
endloop
endfacet
facet normal 0 0 -1
outer loop
vertex -21.980550000000004 7.315483333333336 0
vertex -22.447100000000006 8.419083333333335 0
vertex -20.325150000000004 8.419083333333335 0
endloop
endfacet
facet normal 0 0 -1
outer loop
vertex 21.980550000000004 7.315483333333336 0
vertex 22.447100000000006 8.419083333333335 0
vertex 22.966350000000006 6.966733333333335 0
endloop
endfacet
facet normal 0 0 -1
outer loop
vertex 21.980550000000004 7.315483333333336 0
vertex 22.966350000000006 6.966733333333335 0
vertex 23.112050000000007 6.386516666666668 0
endloop
endfacet
facet normal 0 0 -1
outer loop
vertex 21.980550000000004 7.315483333333336 0
vertex 23.112050000000007 6.386516666666668 0
vertex 21.052616666666673 6.386516666666668 0
endloop
endfacet
facet normal 0 0 -0.9999999999999999
outer loop
vertex 21.980550000000004 7.315483333333336 0
vertex 21.052616666666673 6.386516666666668 0
vertex 20.325150000000004 8.419083333333335 0
endloop
endfacet
facet normal 0 0 -1
outer loop
vertex 21.980550000000004 7.315483333333336 0
vertex 20.325150000000004 8.419083333333335 0
vertex 22.447100000000006 8.419083333333335 0
endloop
endfacet
facet normal 0 0 -1
outer loop
vertex -22.57523333333334 5.208000000000001 0
vertex -21.052616666666673 6.386516666666668 0
vertex -21.57703333333334 4.291950000000001 0
endloop
endfacet
facet normal 0 0 -0.9999999999999999
outer loop
vertex -22.57523333333334 5.208000000000001 0
vertex -21.57703333333334 4.291950000000001 0
vertex -23.59668333333334 4.291950000000001 0
endloop
endfacet
facet normal 0 0 -1
outer loop
vertex -22.57523333333334 5.208000000000001 0
vertex -23.59668333333334 4.291950000000001 0
vertex -23.538816666666673 4.682033333333335 0
endloop
endfacet
facet normal 0 0 -1
outer loop
vertex -22.57523333333334 5.208000000000001 0
vertex -23.538816666666673 4.682033333333335 0
vertex -23.112050000000007 6.386516666666668 0
endloop
endfacet
facet normal 0 0 -1
outer loop
vertex -22.57523333333334 5.208000000000001 0
vertex -23.112050000000007 6.386516666666668 0
vertex -21.052616666666673 6.386516666666668 0
endloop
endfacet
facet normal 0 0 -1
outer loop
vertex 22.57523333333334 5.208000000000001 0
vertex 23.112050000000007 6.386516666666668 0
vertex 23.538816666666673 4.682033333333335 0
endloop
endfacet
facet normal 0 0 -1
outer loop
vertex 22.57523333333334 5.208000000000001 0
vertex 23.538816666666673 4.682033333333335 0
vertex 23.59668333333334 4.291950000000001 0
endloop
endfacet
facet normal 0 0 -0.9999999999999999
outer loop
vertex 22.57523333333334 5.208000000000001 0
vertex 23.59668333333334 4.291950000000001 0
vertex 21.57703333333334 4.291950000000001 0
endloop
endfacet
facet normal 0 0 -1
outer loop
vertex 22.57523333333334 5.208000000000001 0
vertex 21.57703333333334 4.291950000000001 0
vertex 21.052616666666673 6.386516666666668 0
endloop
endfacet
facet normal 0 0 -1
outer loop
vertex 22.57523333333334 5.208000000000001 0
vertex 21.052616666666673 6.386516666666668 0
vertex 23.112050000000007 6.386516666666668 0
endloop
endfacet
facet normal 0 0 -1
outer loop
vertex -22.969450000000005 3.049883333333334 0
vertex -21.57703333333334 4.291950000000001 0
vertex -21.89426666666667 2.1565666666666674 0
endloop
endfacet
facet normal 0 0 -1
outer loop
vertex -22.969450000000005 3.049883333333334 0
vertex -21.89426666666667 2.1565666666666674 0
vertex -23.894283333333338 2.1565666666666674 0
endloop
endfacet
facet normal 0 0 -1
outer loop
vertex -22.969450000000005 3.049883333333334 0
vertex -23.894283333333338 2.1565666666666674 0
vertex -23.884466666666672 2.352383333333334 0
endloop
endfacet
facet normal 0 0 -1
outer loop
vertex -22.969450000000005 3.049883333333334 0
vertex -23.884466666666672 2.352383333333334 0
vertex -23.59668333333334 4.291950000000001 0
endloop
endfacet
facet normal 0 0 -1
outer loop
vertex -22.969450000000005 3.049883333333334 0
vertex -23.59668333333334 4.291950000000001 0
vertex -21.57703333333334 4.291950000000001 0
endloop
endfacet
facet normal 0 0 -1
outer loop
vertex 22.969450000000005 3.049883333333334 0
vertex 23.59668333333334 4.291950000000001 0
vertex 23.884466666666672 2.352383333333334 0
endloop
endfacet
facet normal 0 0 -1
outer loop
vertex 22.969450000000005 3.049883333333334 0
vertex 23.884466666666672 2.352383333333334 0
vertex 23.894283333333338 2.1565666666666674 0
endloop
endfacet
facet normal 0 0 -1
outer loop
vertex 22.969450000000005 3.049883333333334 0
vertex 23.894283333333338 2.1565666666666674 0
vertex 21.89426666666667 2.1565666666666674 0
endloop
endfacet
facet normal 0 0 -1
outer loop
vertex 22.969450000000005 3.049883333333334 0
vertex 21.89426666666667 2.1565666666666674 0
vertex 21.57703333333334 4.291950000000001 0
endloop
endfacet
facet normal 0 0 -1
outer loop
vertex 22.969450000000005 3.049883333333334 0
vertex 21.57703333333334 4.291950000000001 0
vertex 23.59668333333334 4.291950000000001 0
endloop
endfacet
facet normal 0 0 -1
outer loop
vertex -21.89426666666667 2.1565666666666674 0
vertex -22.00018333333334 0 0
vertex -24.000200000000007 0 0
endloop
endfacet
facet normal 0 0 -1
outer loop
vertex -21.89426666666667 2.1565666666666674 0
vertex -24.000200000000007 0 0
vertex -23.894283333333338 2.1565666666666674 0
endloop
endfacet
facet normal 0 0 -1
outer loop
vertex 23.894283333333338 2.1565666666666674 0
vertex 24.000200000000007 0 0
vertex 22.00018333333334 0 0
endloop
endfacet
facet normal 0 0 -1
outer loop
vertex 23.894283333333338 2.1565666666666674 0
vertex 22.00018333333334 0 0
vertex 21.89426666666667 2.1565666666666674 0
endloop
endfacet
facet normal 0 0 -1
outer loop
vertex -22.00018333333334 0 0
vertex -21.89426666666667 -2.1565666666666674 0
vertex -23.894283333333338 -2.1565666666666674 0
endloop
endfacet
facet normal 0 0 -1
outer loop
vertex -22.00018333333334 0 0
vertex -23.894283333333338 -2.1565666666666674 0
vertex -24.000200000000007 0 0
endloop
endfacet
facet normal 0 0 -1
outer loop
vertex 24.000200000000007 0 0
vertex 23.894283333333338 -2.1565666666666674 0
vertex 21.89426666666667 -2.1565666666666674 0
endloop
endfacet
facet normal 0 0 -1
outer loop
vertex 24.000200000000007 0 0
vertex 21.89426666666667 -2.1565666666666674 0
vertex 22.00018333333334 0 0
endloop
endfacet
facet normal 0 0 -1
outer loop
vertex -22.969450000000005 -3.049883333333334 0
vertex -21.89426666666667 -2.1565666666666674 0
vertex -21.57703333333334 -4.291950000000001 0
endloop
endfacet
facet normal 0 0 -1
outer loop
vertex -22.969450000000005 -3.049883333333334 0
vertex -21.57703333333334 -4.291950000000001 0
vertex -23.59668333333334 -4.291950000000001 0
endloop
endfacet
facet normal 0 0 -1
outer loop
vertex -22.969450000000005 -3.049883333333334 0
vertex -23.59668333333334 -4.291950000000001 0
vertex -23.884466666666672 -2.352383333333334 0
endloop
endfacet
facet normal 0 0 -1
outer loop
vertex -22.969450000000005 -3.049883333333334 0
vertex -23.884466666666672 -2.352383333333334 0
vertex -23.894283333333338 -2.1565666666666674 0
endloop
endfacet
facet normal 0 0 -1
outer loop
vertex -22.969450000000005 -3.049883333333334 0
vertex -23.894283333333338 -2.1565666666666674 0
vertex -21.89426666666667 -2.1565666666666674 0
endloop
endfacet
facet normal 0 0 -1
outer loop
vertex 22.969450000000005 -3.049883333333334 0
vertex 23.894283333333338 -2.1565666666666674 0
vertex 23.884466666666672 -2.352383333333334 0
endloop
endfacet
facet normal 0 0 -1
outer loop
vertex 22.969450000000005 -3.049883333333334 0
vertex 23.884466666666672 -2.352383333333334 0
vertex 23.59668333333334 -4.291950000000001 0
endloop
endfacet
facet normal 0 0 -1
outer loop
vertex 22.969450000000005 -3.049883333333334 0
vertex 23.59668333333334 -4.291950000000001 0
vertex 21.57703333333334 -4.291950000000001 0
endloop
endfacet
facet normal 0 0 -1
outer loop
vertex 22.969450000000005 -3.049883333333334 0
vertex 21.57703333333334 -4.291950000000001 0
vertex 21.89426666666667 -2.1565666666666674 0
endloop
endfacet
facet normal 0 0 -1
outer loop
vertex 22.969450000000005 -3.049883333333334 0
vertex 21.89426666666667 -2.1565666666666674 0
vertex 23.894283333333338 -2.1565666666666674 0
endloop
endfacet
facet normal 0 0 -1
outer loop
vertex -22.57523333333334 -5.208000000000001 0
vertex -21.57703333333334 -4.291950000000001 0
vertex -21.052616666666673 -6.386516666666668 0
endloop
endfacet
facet normal 0 0 -1
outer loop
vertex -22.57523333333334 -5.208000000000001 0
vertex -21.052616666666673 -6.386516666666668 0
vertex -23.112050000000007 -6.386516666666668 0
endloop
endfacet
facet normal 0 0 -1
outer loop
vertex -22.57523333333334 -5.208000000000001 0
vertex -23.112050000000007 -6.386516666666668 0
vertex -23.538816666666673 -4.682033333333335 0
endloop
endfacet
facet normal 0 0 -1
outer loop
vertex -22.57523333333334 -5.208000000000001 0
vertex -23.538816666666673 -4.682033333333335 0
vertex -23.59668333333334 -4.291950000000001 0
endloop
endfacet
facet normal 0 0 -0.9999999999999999
outer loop
vertex -22.57523333333334 -5.208000000000001 0
vertex -23.59668333333334 -4.291950000000001 0
vertex -21.57703333333334 -4.291950000000001 0
endloop
endfacet
facet normal 0 0 -1
outer loop
vertex 22.57523333333334 -5.208000000000001 0
vertex 23.59668333333334 -4.291950000000001 0
vertex 23.538816666666673 -4.682033333333335 0
endloop
endfacet
facet normal 0 0 -1
outer loop
vertex 22.57523333333334 -5.208000000000001 0
vertex 23.538816666666673 -4.682033333333335 0
vertex 23.112050000000007 -6.386516666666668 0
endloop
endfacet
facet normal 0 0 -1
outer loop
vertex 22.57523333333334 -5.208000000000001 0
vertex 23.112050000000007 -6.386516666666668 0
vertex 21.052616666666673 -6.386516666666668 0
endloop
endfacet
facet normal 0 0 -1
outer loop
vertex 22.57523333333334 -5.208000000000001 0
vertex 21.052616666666673 -6.386516666666668 0
vertex 21.57703333333334 -4.291950000000001 0
endloop
endfacet
facet normal 0 0 -0.9999999999999999
outer loop
vertex 22.57523333333334 -5.208000000000001 0
vertex 21.57703333333334 -4.291950000000001 0
vertex 23.59668333333334 -4.291950000000001 0
endloop
endfacet
facet normal 0 0 -0.9999999999999999
outer loop
vertex -21.980550000000004 -7.315483333333336 0
vertex -21.052616666666673 -6.386516666666668 0
vertex -20.325150000000004 -8.419083333333335 0
endloop
endfacet
facet normal 0 0 -1
outer loop
vertex -21.980550000000004 -7.315483333333336 0
vertex -20.325150000000004 -8.419083333333335 0
vertex -22.447100000000006 -8.419083333333335 0
endloop
endfacet
facet normal 0 0 -1
outer loop
vertex -21.980550000000004 -7.315483333333336 0
vertex -22.447100000000006 -8.419083333333335 0
vertex -22.966350000000006 -6.966733333333335 0
endloop
endfacet
facet normal 0 0 -1
outer loop
vertex -21.980550000000004 -7.315483333333336 0
vertex -22.966350000000006 -6.966733333333335 0
vertex -23.112050000000007 -6.386516666666668 0
endloop
endfacet
facet normal 0 0 -1
outer loop
vertex -21.980550000000004 -7.315483333333336 0
vertex -23.112050000000007 -6.386516666666668 0
vertex -21.052616666666673 -6.386516666666668 0
endloop
endfacet
facet normal 0 0 -1
outer loop
vertex 21.980550000000004 -7.315483333333336 0
vertex 23.112050000000007 -6.386516666666668 0
vertex 22.966350000000006 -6.966733333333335 0
endloop
endfacet
facet normal 0 0 -1
outer loop
vertex 21.980550000000004 -7.315483333333336 0
vertex 22.966350000000006 -6.966733333333335 0
vertex 22.447100000000006 -8.419083333333335 0
endloop
endfacet
facet normal 0 0 -1
outer loop
vertex 21.980550000000004 -7.315483333333336 0
vertex 22.447100000000006 -8.419083333333335 0
vertex 20.325150000000004 -8.419083333333335 0
endloop
endfacet
facet normal 0 0 -0.9999999999999999
outer loop
vertex 21.980550000000004 -7.315483333333336 0
vertex 20.325150000000004 -8.419083333333335 0
vertex 21.052616666666673 -6.386516666666668 0
endloop
endfacet
facet normal 0 0 -1
outer loop
vertex 21.980550000000004 -7.315483333333336 0
vertex 21.052616666666673 -6.386516666666668 0
vertex 23.112050000000007 -6.386516666666668 0
endloop
endfacet
facet normal 0 0 -1
outer loop
vertex -21.19211666666667 -9.352700000000002 0
vertex -20.325150000000004 -8.419083333333335 0
vertex -19.402383333333336 -10.370533333333336 0
endloop
endfacet
facet normal 0 0 -1
outer loop
vertex -21.19211666666667 -9.352700000000002 0
vertex -19.402383333333336 -10.370533333333336 0
vertex -21.61216666666667 -10.370533333333336 0
endloop
endfacet
facet normal 0 0 -1
outer loop
vertex -21.19211666666667 -9.352700000000002 0
vertex -21.61216666666667 -10.370533333333336 0
vertex -22.173266666666674 -9.18426666666667 0
endloop
endfacet
facet normal 0 0 -1
outer loop
vertex -21.19211666666667 -9.352700000000002 0
vertex -22.173266666666674 -9.18426666666667 0
vertex -22.447100000000006 -8.419083333333335 0
endloop
endfacet
facet normal 0 0 -1
outer loop
vertex -21.19211666666667 -9.352700000000002 0
vertex -22.447100000000006 -8.419083333333335 0
vertex -20.325150000000004 -8.419083333333335 0
endloop
endfacet
facet normal 0 0 -1
outer loop
vertex 21.19211666666667 -9.352700000000002 0
vertex 22.447100000000006 -8.419083333333335 0
vertex 22.173266666666674 -9.18426666666667 0
endloop
endfacet
facet normal 0 0 -1
outer loop
vertex 21.19211666666667 -9.352700000000002 0
vertex 22.173266666666674 -9.18426666666667 0
vertex 21.61216666666667 -10.370533333333336 0
endloop
endfacet
facet normal 0 0 -1
outer loop
vertex 21.19211666666667 -9.352700000000002 0
vertex 21.61216666666667 -10.370533333333336 0
vertex 19.402383333333336 -10.370533333333336 0
endloop
endfacet
facet normal 0 0 -1
outer loop
vertex 21.19211666666667 -9.352700000000002 0
vertex 19.402383333333336 -10.370533333333336 0
vertex 20.325150000000004 -8.419083333333335 0
endloop
endfacet
facet normal 0 0 -1
outer loop
vertex 21.19211666666667 -9.352700000000002 0
vertex 20.325150000000004 -8.419083333333335 0
vertex 22.447100000000006 -8.419083333333335 0
endloop
endfacet
facet normal 0 0 -0.9999999999999999
outer loop
vertex -20.218716666666673 -11.30001666666667 0
vertex -19.402383333333336 -10.370533333333336 0
vertex -18.292583333333337 -12.222783333333336 0
endloop
endfacet
facet normal 0 0 -1
outer loop
vertex -20.218716666666673 -11.30001666666667 0
vertex -18.292583333333337 -12.222783333333336 0
vertex -20.621200000000005 -12.222783333333336 0
endloop
endfacet
facet normal 0 0 -1
outer loop
vertex -20.218716666666673 -11.30001666666667 0
vertex -20.621200000000005 -12.222783333333336 0
vertex -21.16628333333334 -11.313450000000003 0
endloop
endfacet
facet normal 0 0 -1
outer loop
vertex -20.218716666666673 -11.30001666666667 0
vertex -21.16628333333334 -11.313450000000003 0
vertex -21.61216666666667 -10.370533333333336 0
endloop
endfacet
facet normal 0 0 -1
outer loop
vertex -20.218716666666673 -11.30001666666667 0
vertex -21.61216666666667 -10.370533333333336 0
vertex -19.402383333333336 -10.370533333333336 0
endloop
endfacet
facet normal 0 0 -1
outer loop
vertex 20.218716666666673 -11.30001666666667 0
vertex 21.61216666666667 -10.370533333333336 0
vertex 21.16628333333334 -11.313450000000003 0
endloop
endfacet
facet normal 0 0 -1
outer loop
vertex 20.218716666666673 -11.30001666666667 0
vertex 21.16628333333334 -11.313450000000003 0
vertex 20.621200000000005 -12.222783333333336 0
endloop
endfacet
facet normal 0 0 -1
outer loop
vertex 20.218716666666673 -11.30001666666667 0
vertex 20.621200000000005 -12.222783333333336 0
vertex 18.292583333333337 -12.222783333333336 0
endloop
endfacet
facet normal 0 0 -0.9999999999999999
outer loop
vertex 20.218716666666673 -11.30001666666667 0
vertex 18.292583333333337 -12.222783333333336 0
vertex 19.402383333333336 -10.370533333333336 0
endloop
endfacet
facet normal 0 0 -1
outer loop
vertex 20.218716666666673 -11.30001666666667 0
vertex 19.402383333333336 -10.370533333333336 0
vertex 21.61216666666667 -10.370533333333336 0
endloop
endfacet
facet normal 0 0 -1
outer loop
vertex -19.07378333333334 -13.13831666666667 0
vertex -18.292583333333337 -12.222783333333336 0
vertex -17.006083333333336 -13.95671666666667 0
endloop
endfacet
facet normal 0 0 -1
outer loop
vertex -19.07378333333334 -13.13831666666667 0
vertex -17.006083333333336 -13.95671666666667 0
vertex -19.493316666666672 -13.95671666666667 0
endloop
endfacet
facet normal 0 0 -1
outer loop
vertex -19.07378333333334 -13.13831666666667 0
vertex -19.493316666666672 -13.95671666666667 0
vertex -19.955216666666672 -13.33361666666667 0
endloop
endfacet
facet normal 0 0 -1
outer loop
vertex -19.07378333333334 -13.13831666666667 0
vertex -19.955216666666672 -13.33361666666667 0
vertex -20.621200000000005 -12.222783333333336 0
endloop
endfacet
facet normal 0 0 -1
outer loop
vertex -19.07378333333334 -13.13831666666667 0
vertex -20.621200000000005 -12.222783333333336 0
vertex -18.292583333333337 -12.222783333333336 0
endloop
endfacet
facet normal 0 0 -1
outer loop
vertex 19.07378333333334 -13.13831666666667 0
vertex 20.621200000000005 -12.222783333333336 0
vertex 19.955216666666672 -13.33361666666667 0
endloop
endfacet
facet normal 0 0 -1
outer loop
vertex 19.07378333333334 -13.13831666666667 0
vertex 19.955216666666672 -13.33361666666667 0
vertex 19.493316666666672 -13.95671666666667 0
endloop
endfacet
facet normal 0 0 -1
outer loop
vertex 19.07378333333334 -13.13831666666667 0
vertex 19.493316666666672 -13.95671666666667 0
vertex 17.006083333333336 -13.95671666666667 0
endloop
endfacet
facet normal 0 0 -1
outer loop
vertex 19.07378333333334 -13.13831666666667 0
vertex 17.006083333333336 -13.95671666666667 0
vertex 18.292583333333337 -12.222783333333336 0
endloop
endfacet
facet normal 0 0 -1
outer loop
vertex 19.07378333333334 -13.13831666666667 0
vertex 18.292583333333337 -12.222783333333336 0
vertex 20.621200000000005 -12.222783333333336 0
endloop
endfacet
facet normal 0 0 -1
outer loop
vertex -17.772300000000005 -14.850550000000004 0
vertex -17.006083333333336 -13.95671666666667 0
vertex -15.556316666666671 -15.556316666666671 0
endloop
endfacet
facet normal 0 0 -1
outer loop
vertex -17.772300000000005 -14.850550000000004 0
vertex -15.556316666666671 -15.556316666666671 0
vertex -18.252283333333338 -15.556316666666671 0
endloop
endfacet
facet normal 0 0 -1
outer loop
vertex -17.772300000000005 -14.850550000000004 0
vertex -18.252283333333338 -15.556316666666671 0
vertex -18.55246666666667 -15.225650000000003 0
endloop
endfacet
facet normal 0 0 -1
outer loop
vertex -17.772300000000005 -14.850550000000004 0
vertex -18.55246666666667 -15.225650000000003 0
vertex -19.493316666666672 -13.95671666666667 0
endloop
endfacet
facet normal 0 0 -0.9999999999999999
outer loop
vertex -17.772300000000005 -14.850550000000004 0
vertex -19.493316666666672 -13.95671666666667 0
vertex -17.006083333333336 -13.95671666666667 0
endloop
endfacet
facet normal 0 0 -1
outer loop
vertex 17.772300000000005 -14.850550000000004 0
vertex 19.493316666666672 -13.95671666666667 0
vertex 18.55246666666667 -15.225650000000003 0
endloop
endfacet
facet normal 0 0 -1
outer loop
vertex 17.772300000000005 -14.850550000000004 0
vertex 18.55246666666667 -15.225650000000003 0
vertex 18.252283333333338 -15.556316666666671 0
endloop
endfacet
facet normal 0 0 -1
outer loop
vertex 17.772300000000005 -14.850550000000004 0
vertex 18.252283333333338 -15.556316666666671 0
vertex 15.556316666666671 -15.556316666666671 0
endloop
endfacet
facet normal 0 0 -1
outer loop
vertex 17.772300000000005 -14.850550000000004 0
vertex 15.556316666666671 -15.556316666666671 0
vertex 17.006083333333336 -13.95671666666667 0
endloop
endfacet
facet normal 0 0 -0.9999999999999999
outer loop
vertex 17.772300000000005 -14.850550000000004 0
vertex 17.006083333333336 -13.95671666666667 0
vertex 19.493316666666672 -13.95671666666667 0
endloop
endfacet
facet normal 0 0 -1
outer loop
vertex -16.333383333333337 -16.419150000000005 0
vertex -15.556316666666671 -15.556316666666671 0
vertex -13.95671666666667 -17.006083333333336 0
endloop
endfacet
facet normal 0 0 -1
outer loop
vertex -16.333383333333337 -16.419150000000005 0
vertex -13.95671666666667 -17.006083333333336 0
vertex -16.93116666666667 -17.006083333333336 0
endloop
endfacet
facet normal 0 0 -1
outer loop
vertex -16.333383333333337 -16.419150000000005 0
vertex -16.93116666666667 -17.006083333333336 0
vertex -16.970433333333336 -16.970433333333336 0
endloop
endfacet
facet normal 0 0 -1
outer loop
vertex -16.333383333333337 -16.419150000000005 0
vertex -16.970433333333336 -16.970433333333336 0
vertex -18.252283333333338 -15.556316666666671 0
endloop
endfacet
facet normal 0 0 -1
outer loop
vertex -16.333383333333337 -16.419150000000005 0
vertex -18.252283333333338 -15.556316666666671 0
vertex -15.556316666666671 -15.556316666666671 0
endloop
endfacet
facet normal 0 0 -1
outer loop
vertex 16.333383333333337 -16.419150000000005 0
vertex 18.252283333333338 -15.556316666666671 0
vertex 16.970433333333336 -16.970433333333336 0
endloop
endfacet
facet normal 0 0 -1
outer loop
vertex 16.333383333333337 -16.419150000000005 0
vertex 16.970433333333336 -16.970433333333336 0
vertex 16.93116666666667 -17.006083333333336 0
endloop
endfacet
facet normal 0 0 -1
outer loop
vertex 16.333383333333337 -16.419150000000005 0
vertex 16.93116666666667 -17.006083333333336 0
vertex 13.95671666666667 -17.006083333333336 0
endloop
endfacet
facet normal 0 0 -1
outer loop
vertex 16.333383333333337 -16.419150000000005 0
vertex 13.95671666666667 -17.006083333333336 0
vertex 15.556316666666671 -15.556316666666671 0
endloop
endfacet
facet normal 0 0 -1
outer loop
vertex 16.333383333333337 -16.419150000000005 0
vertex 15.556316666666671 -15.556316666666671 0
vertex 18.252283333333338 -15.556316666666671 0
endloop
endfacet
facet normal 0 0 -1
outer loop
vertex -13.95671666666667 -17.006083333333336 0
vertex -12.222783333333336 -18.292583333333337 0
vertex -15.512400000000003 -18.292583333333337 0
endloop
endfacet
facet normal 0 0 -1
outer loop
vertex -13.95671666666667 -17.006083333333336 0
vertex -15.512400000000003 -18.292583333333337 0
vertex -16.93116666666667 -17.006083333333336 0
endloop
endfacet
facet normal 0 0 -1
outer loop
vertex 16.93116666666667 -17.006083333333336 0
vertex 15.512400000000003 -18.292583333333337 0
vertex 12.222783333333336 -18.292583333333337 0
endloop
endfacet
facet normal 0 0 -1
outer loop
vertex 16.93116666666667 -17.006083333333336 0
vertex 12.222783333333336 -18.292583333333337 0
vertex 13.95671666666667 -17.006083333333336 0
endloop
endfacet
facet normal 0 0 -0.9999999999999999
outer loop
vertex -13.481900000000003 -18.78858333333334 0
vertex -12.222783333333336 -18.292583333333337 0
vertex -10.370533333333336 -19.402383333333336 0
endloop
endfacet
facet normal 0 0 -1
outer loop
vertex -13.481900000000003 -18.78858333333334 0
vertex -10.370533333333336 -19.402383333333336 0
vertex -14.07916666666667 -19.402383333333336 0
endloop
endfacet
facet normal 0 0 -1
outer loop
vertex -13.481900000000003 -18.78858333333334 0
vertex -14.07916666666667 -19.402383333333336 0
vertex -15.225650000000003 -18.55246666666667 0
endloop
endfacet
facet normal 0 0 -1
outer loop
vertex -13.481900000000003 -18.78858333333334 0
vertex -15.225650000000003 -18.55246666666667 0
vertex -15.512400000000003 -18.292583333333337 0
endloop
endfacet
facet normal 0 0 -1
outer loop
vertex -13.481900000000003 -18.78858333333334 0
vertex -15.512400000000003 -18.292583333333337 0
vertex -12.222783333333336 -18.292583333333337 0
endloop
endfacet
facet normal 0 0 -1
outer loop
vertex 13.481900000000003 -18.78858333333334 0
vertex 15.512400000000003 -18.292583333333337 0
vertex 15.225650000000003 -18.55246666666667 0
endloop
endfacet
facet normal 0 0 -1
outer loop
vertex 13.481900000000003 -18.78858333333334 0
vertex 15.225650000000003 -18.55246666666667 0
vertex 14.07916666666667 -19.402383333333336 0
endloop
endfacet
facet normal 0 0 -1
outer loop
vertex 13.481900000000003 -18.78858333333334 0
vertex 14.07916666666667 -19.402383333333336 0
vertex 10.370533333333336 -19.402383333333336 0
endloop
endfacet
facet normal 0 0 -0.9999999999999999
outer loop
vertex 13.481900000000003 -18.78858333333334 0
vertex 10.370533333333336 -19.402383333333336 0
vertex 12.222783333333336 -18.292583333333337 0
endloop
endfacet
facet normal 0 0 -1
outer loop
vertex 13.481900000000003 -18.78858333333334 0
vertex 12.222783333333336 -18.292583333333337 0
vertex 15.512400000000003 -18.292583333333337 0
endloop
endfacet
facet normal 0 0 -1
outer loop
vertex -11.783616666666669 -19.881850000000004 0
vertex -10.370533333333336 -19.402383333333336 0
vertex -8.419083333333335 -20.325150000000004 0
endloop
endfacet
facet normal 0 0 -0.9999999999999999
outer loop
vertex -11.783616666666669 -19.881850000000004 0
vertex -8.419083333333335 -20.325150000000004 0
vertex -12.716200000000002 -20.325150000000004 0
endloop
endfacet
facet normal 0 0 -1
outer loop
vertex -11.783616666666669 -19.881850000000004 0
vertex -12.716200000000002 -20.325150000000004 0
vertex -13.33361666666667 -19.955216666666672 0
endloop
endfacet
facet normal 0 0 -1
outer loop
vertex -11.783616666666669 -19.881850000000004 0
vertex -13.33361666666667 -19.955216666666672 0
vertex -14.07916666666667 -19.402383333333336 0
endloop
endfacet
facet normal 0 0 -1
outer loop
vertex -11.783616666666669 -19.881850000000004 0
vertex -14.07916666666667 -19.402383333333336 0
vertex -10.370533333333336 -19.402383333333336 0
endloop
endfacet
facet normal 0 0 -1
outer loop
vertex 11.783616666666669 -19.881850000000004 0
vertex 14.07916666666667 -19.402383333333336 0
vertex 13.33361666666667 -19.955216666666672 0
endloop
endfacet
facet normal 0 0 -1
outer loop
vertex 11.783616666666669 -19.881850000000004 0
vertex 13.33361666666667 -19.955216666666672 0
vertex 12.716200000000002 -20.325150000000004 0
endloop
endfacet
facet normal 0 0 -0.9999999999999999
outer loop
vertex 11.783616666666669 -19.881850000000004 0
vertex 12.716200000000002 -20.325150000000004 0
vertex 8.419083333333335 -20.325150000000004 0
endloop
endfacet
facet normal 0 0 -1
outer loop
vertex 11.783616666666669 -19.881850000000004 0
vertex 8.419083333333335 -20.325150000000004 0
vertex 10.370533333333336 -19.402383333333336 0
endloop
endfacet
facet normal 0 0 -1
outer loop
vertex 11.783616666666669 -19.881850000000004 0
vertex 10.370533333333336 -19.402383333333336 0
vertex 14.07916666666667 -19.402383333333336 0
endloop
endfacet
facet normal 0 0 -1
outer loop
vertex -8.419083333333335 -20.325150000000004 0
vertex -6.386516666666668 -21.052616666666673 0
vertex -11.502550000000003 -21.052616666666673 0
endloop
endfacet
facet normal 0 0 -1
outer loop
vertex -8.419083333333335 -20.325150000000004 0
vertex -11.502550000000003 -21.052616666666673 0
vertex -12.716200000000002 -20.325150000000004 0
endloop
endfacet
facet normal 0 0 -1
outer loop
vertex 12.716200000000002 -20.325150000000004 0
vertex 11.502550000000003 -21.052616666666673 0
vertex 6.386516666666668 -21.052616666666673 0
endloop
endfacet
facet normal 0 0 -1
outer loop
vertex 12.716200000000002 -20.325150000000004 0
vertex 6.386516666666668 -21.052616666666673 0
vertex 8.419083333333335 -20.325150000000004 0
endloop
endfacet
facet normal 0 0 -1
outer loop
vertex -8.787983333333335 -21.28511666666667 0
vertex -6.386516666666668 -21.052616666666673 0
vertex -4.291950000000001 -21.57703333333334 0
endloop
endfacet
facet normal 0 0 -1
outer loop
vertex -8.787983333333335 -21.28511666666667 0
vertex -4.291950000000001 -21.57703333333334 0
vertex -10.444416666666669 -21.57703333333334 0
endloop
endfacet
facet normal 0 0 -0.9999999999999999
outer loop
vertex -8.787983333333335 -21.28511666666667 0
vertex -10.444416666666669 -21.57703333333334 0
vertex -11.313450000000003 -21.16628333333334 0
endloop
endfacet
facet normal 0 0 -1
outer loop
vertex -8.787983333333335 -21.28511666666667 0
vertex -11.313450000000003 -21.16628333333334 0
vertex -11.502550000000003 -21.052616666666673 0
endloop
endfacet
facet normal 0 0 -1
outer loop
vertex -8.787983333333335 -21.28511666666667 0
vertex -11.502550000000003 -21.052616666666673 0
vertex -6.386516666666668 -21.052616666666673 0
endloop
endfacet
facet normal 0 0 -1
outer loop
vertex 8.787983333333335 -21.28511666666667 0
vertex 11.502550000000003 -21.052616666666673 0
vertex 11.313450000000003 -21.16628333333334 0
endloop
endfacet
facet normal 0 0 -0.9999999999999999
outer loop
vertex 8.787983333333335 -21.28511666666667 0
vertex 11.313450000000003 -21.16628333333334 0
vertex 10.444416666666669 -21.57703333333334 0
endloop
endfacet
facet normal 0 0 -1
outer loop
vertex 8.787983333333335 -21.28511666666667 0
vertex 10.444416666666669 -21.57703333333334 0
vertex 4.291950000000001 -21.57703333333334 0
endloop
endfacet
facet normal 0 0 -1
outer loop
vertex 8.787983333333335 -21.28511666666667 0
vertex 4.291950000000001 -21.57703333333334 0
vertex 6.386516666666668 -21.052616666666673 0
endloop
endfacet
facet normal 0 0 -1
outer loop
vertex 8.787983333333335 -21.28511666666667 0
vertex 6.386516666666668 -21.052616666666673 0
vertex 11.502550000000003 -21.052616666666673 0
endloop
endfacet
facet normal 0 0 -1
outer loop
vertex -4.291950000000001 -21.57703333333334 0
vertex -2.1565666666666674 -21.89426666666667 0
vertex -9.774300000000002 -21.89426666666667 0
endloop
endfacet
facet normal 0 0 -1
outer loop
vertex -4.291950000000001 -21.57703333333334 0
vertex -9.774300000000002 -21.89426666666667 0
vertex -10.444416666666669 -21.57703333333334 0
endloop
endfacet
facet normal 0 0 -1
outer loop
vertex 10.444416666666669 -21.57703333333334 0
vertex 9.774300000000002 -21.89426666666667 0
vertex 2.1565666666666674 -21.89426666666667 0
endloop
endfacet
facet normal 0 0 -1
outer loop
vertex 10.444416666666669 -21.57703333333334 0
vertex 2.1565666666666674 -21.89426666666667 0
vertex 4.291950000000001 -21.57703333333334 0
endloop
endfacet
facet normal 0 0 -1
outer loop
vertex -2.1565666666666674 -21.89426666666667 0
vertex 0 -22.00018333333334 0
vertex -9.550583333333336 -22.00018333333334 0
endloop
endfacet
facet normal 0 0 -1
outer loop
vertex -2.1565666666666674 -21.89426666666667 0
vertex -9.550583333333336 -22.00018333333334 0
vertex -9.774300000000002 -21.89426666666667 0
endloop
endfacet
facet normal 0 0 -1
outer loop
vertex 9.774300000000002 -21.89426666666667 0
vertex 9.550583333333336 -22.00018333333334 0
vertex 0 -22.00018333333334 0
endloop
endfacet
facet normal 0 0 -1
outer loop
vertex 9.774300000000002 -21.89426666666667 0
vertex 0 -22.00018333333334 0
vertex 2.1565666666666674 -21.89426666666667 0
endloop
endfacet
facet normal 0 0 -1
outer loop
vertex 0 -22.92708333333334 0
vertex 0 -22.00018333333334 0
vertex 9.550583333333336 -22.00018333333334 0
endloop
endfacet
facet normal 0 0 -1
outer loop
vertex 0 -22.92708333333334 0
vertex 9.550583333333336 -22.00018333333334 0
vertex 9.18426666666667 -22.173266666666674 0
endloop
endfacet
facet normal 0 0 -1
outer loop
vertex 0 -22.92708333333334 0
vertex 9.18426666666667 -22.173266666666674 0
vertex 6.966733333333335 -22.966350000000006 0
endloop
endfacet
facet normal 0 0 -1
outer loop
vertex 0 -22.92708333333334 0
vertex 6.966733333333335 -22.966350000000006 0
vertex 4.682033333333335 -23.538816666666673 0
endloop
endfacet
facet normal 0 0 -1
outer loop
vertex 0 -22.92708333333334 0
vertex 4.682033333333335 -23.538816666666673 0
vertex 2.352383333333334 -23.884466666666672 0
endloop
endfacet
facet normal 0 0 -1
outer loop
vertex 0 -22.92708333333334 0
vertex 2.352383333333334 -23.884466666666672 0
vertex 0 -24.000200000000007 0
endloop
endfacet
facet normal 0 0 -1
outer loop
vertex 0 -22.92708333333334 0
vertex 0 -24.000200000000007 0
vertex -2.352383333333334 -23.884466666666672 0
endloop
endfacet
facet normal 0 0 -1
outer loop
vertex 0 -22.92708333333334 0
vertex -2.352383333333334 -23.884466666666672 0
vertex -4.682033333333335 -23.538816666666673 0
endloop
endfacet
facet normal 0 0 -1
outer loop
vertex 0 -22.92708333333334 0
vertex -4.682033333333335 -23.538816666666673 0
vertex -6.966733333333335 -22.966350000000006 0
endloop
endfacet
facet normal 0 0 -1
outer loop
vertex 0 -22.92708333333334 0
vertex -6.966733333333335 -22.966350000000006 0
vertex -9.18426666666667 -22.173266666666674 0
endloop
endfacet
facet normal 0 0 -1
outer loop
vertex 0 -22.92708333333334 0
vertex -9.18426666666667 -22.173266666666674 0
vertex -9.550583333333336 -22.00018333333334 0
endloop
endfacet
facet normal 0 0 -1
outer loop
vertex 0 -22.92708333333334 0
vertex -9.550583333333336 -22.00018333333334 0
vertex 0 -22.00018333333334 0
endloop
endfacet
facet normal 0 0 0.9999999999999999
outer loop
vertex 0 23.90306666666667 55.000200000000014
vertex -2.4505500000000007 24.879566666666673 55.000200000000014
vertex -4.877333333333334 24.519450000000006 55.000200000000014
endloop
endfacet
facet normal 0 0 1
outer loop
vertex 0 23.90306666666667 55.000200000000014
vertex -4.877333333333334 24.519450000000006 55.000200000000014
vertex -7.257100000000002 23.923733333333338 55.000200000000014
endloop
endfacet
facet normal 0 0 0.9999999999999999
outer loop
vertex 0 23.90306666666667 55.000200000000014
vertex -7.257100000000002 23.923733333333338 55.000200000000014
vertex -9.567116666666669 23.097066666666674 55.000200000000014
endloop
endfacet
facet normal 0 0 1
outer loop
vertex 0 23.90306666666667 55.000200000000014
vertex -9.567116666666669 23.097066666666674 55.000200000000014
vertex -9.772233333333336 22.99993333333334 55.000200000000014
endloop
endfacet
facet normal 0 0 1
outer loop
vertex 0 23.90306666666667 55.000200000000014
vertex -9.772233333333336 22.99993333333334 55.000200000000014
vertex 0 22.99993333333334 55.000200000000014
endloop
endfacet
facet normal 0 0 1
outer loop
vertex 0 23.90306666666667 55.000200000000014
vertex 0 22.99993333333334 55.000200000000014
vertex 9.772233333333336 22.99993333333334 55.000200000000014
endloop
endfacet
facet normal 0 0 1
outer loop
vertex 0 23.90306666666667 55.000200000000014
vertex 9.772233333333336 22.99993333333334 55.000200000000014
vertex 9.567116666666669 23.097066666666674 55.000200000000014
endloop
endfacet
facet normal 0 0 0.9999999999999999
outer loop
vertex 0 23.90306666666667 55.000200000000014
vertex 9.567116666666669 23.097066666666674 55.000200000000014
vertex 7.257100000000002 23.923733333333338 55.000200000000014
endloop
endfacet
facet normal 0 0 1
outer loop
vertex 0 23.90306666666667 55.000200000000014
vertex 7.257100000000002 23.923733333333338 55.000200000000014
vertex 4.877333333333334 24.519450000000006 55.000200000000014
endloop
endfacet
facet normal 0 0 0.9999999999999999
outer loop
vertex 0 23.90306666666667 55.000200000000014
vertex 4.877333333333334 24.519450000000006 55.000200000000014
vertex 2.4505500000000007 24.879566666666673 55.000200000000014
endloop
endfacet
facet normal 0 0 1
outer loop
vertex 0 23.90306666666667 55.000200000000014
vertex 2.4505500000000007 24.879566666666673 55.000200000000014
vertex 0 24.999950000000005 55.000200000000014
endloop
endfacet
facet normal 0 0 1
outer loop
vertex 0 23.90306666666667 55.000200000000014
vertex 0 24.999950000000005 55.000200000000014
vertex -2.4505500000000007 24.879566666666673 55.000200000000014
endloop
endfacet
facet normal 0 0 1
outer loop
vertex 0 22.99993333333334 55.000200000000014
vertex 2.254216666666667 22.88936666666667 55.000200000000014
vertex 10.006283333333336 22.88936666666667 55.000200000000014
endloop
endfacet
facet normal 0 0 1
outer loop
vertex 0 22.99993333333334 55.000200000000014
vertex 10.006283333333336 22.88936666666667 55.000200000000014
vertex 9.772233333333336 22.99993333333334 55.000200000000014
endloop
endfacet
facet normal 0 0 1
outer loop
vertex -9.772233333333336 22.99993333333334 55.000200000000014
vertex -10.006283333333336 22.88936666666667 55.000200000000014
vertex -2.254216666666667 22.88936666666667 55.000200000000014
endloop
endfacet
facet normal 0 0 1
outer loop
vertex -9.772233333333336 22.99993333333334 55.000200000000014
vertex -2.254216666666667 22.88936666666667 55.000200000000014
vertex 0 22.99993333333334 55.000200000000014
endloop
endfacet
facet normal 0 0 1
outer loop
vertex 2.254216666666667 22.88936666666667 55.000200000000014
vertex 4.487250000000001 22.55818333333334 55.000200000000014
vertex 10.70636666666667 22.55818333333334 55.000200000000014
endloop
endfacet
facet normal 0 0 1
outer loop
vertex 2.254216666666667 22.88936666666667 55.000200000000014
vertex 10.70636666666667 22.55818333333334 55.000200000000014
vertex 10.006283333333336 22.88936666666667 55.000200000000014
endloop
endfacet
facet normal 0 0 1
outer loop
vertex -10.006283333333336 22.88936666666667 55.000200000000014
vertex -10.70636666666667 22.55818333333334 55.000200000000014
vertex -4.487250000000001 22.55818333333334 55.000200000000014
endloop
endfacet
facet normal 0 0 1
outer loop
vertex -10.006283333333336 22.88936666666667 55.000200000000014
vertex -4.487250000000001 22.55818333333334 55.000200000000014
vertex -2.254216666666667 22.88936666666667 55.000200000000014
endloop
endfacet
facet normal 0 0 1
outer loop
vertex 9.101083333333335 22.236816666666673 55.000200000000014
vertex 4.487250000000001 22.55818333333334 55.000200000000014
vertex 6.676366666666668 22.00948333333334 55.000200000000014
endloop
endfacet
facet normal 0 0 1
outer loop
vertex 9.101083333333335 22.236816666666673 55.000200000000014
vertex 6.676366666666668 22.00948333333334 55.000200000000014
vertex 11.849233333333336 22.00948333333334 55.000200000000014
endloop
endfacet
facet normal 0 0 1
outer loop
vertex 9.101083333333335 22.236816666666673 55.000200000000014
vertex 11.849233333333336 22.00948333333334 55.000200000000014
vertex 11.785166666666669 22.04823333333334 55.000200000000014
endloop
endfacet
facet normal 0 0 1
outer loop
vertex 9.101083333333335 22.236816666666673 55.000200000000014
vertex 11.785166666666669 22.04823333333334 55.000200000000014
vertex 10.70636666666667 22.55818333333334 55.000200000000014
endloop
endfacet
facet normal 0 0 1
outer loop
vertex 9.101083333333335 22.236816666666673 55.000200000000014
vertex 10.70636666666667 22.55818333333334 55.000200000000014
vertex 4.487250000000001 22.55818333333334 55.000200000000014
endloop
endfacet
facet normal 0 0 1
outer loop
vertex -9.101083333333335 22.236816666666673 55.000200000000014
vertex -10.70636666666667 22.55818333333334 55.000200000000014
vertex -11.785166666666669 22.04823333333334 55.000200000000014
endloop
endfacet
facet normal 0 0 1
outer loop
vertex -9.101083333333335 22.236816666666673 55.000200000000014
vertex -11.785166666666669 22.04823333333334 55.000200000000014
vertex -11.849233333333336 22.00948333333334 55.000200000000014
endloop
endfacet
facet normal 0 0 1
outer loop
vertex -9.101083333333335 22.236816666666673 55.000200000000014
vertex -11.849233333333336 22.00948333333334 55.000200000000014
vertex -6.676366666666668 22.00948333333334 55.000200000000014
endloop
endfacet
facet normal 0 0 1
outer loop
vertex -9.101083333333335 22.236816666666673 55.000200000000014
vertex -6.676366666666668 22.00948333333334 55.000200000000014
vertex -4.487250000000001 22.55818333333334 55.000200000000014
endloop
endfacet
facet normal 0 0 1
outer loop
vertex -9.101083333333335 22.236816666666673 55.000200000000014
vertex -4.487250000000001 22.55818333333334 55.000200000000014
vertex -10.70636666666667 22.55818333333334 55.000200000000014
endloop
endfacet
facet normal 0 0 1
outer loop
vertex 6.676366666666668 22.00948333333334 55.000200000000014
vertex 8.801933333333336 21.24946666666667 55.000200000000014
vertex 13.117650000000003 21.24946666666667 55.000200000000014
endloop
endfacet
facet normal 0 0 1
outer loop
vertex 6.676366666666668 22.00948333333334 55.000200000000014
vertex 13.117650000000003 21.24946666666667 55.000200000000014
vertex 11.849233333333336 22.00948333333334 55.000200000000014
endloop
endfacet
facet normal 0 0 1
outer loop
vertex -11.849233333333336 22.00948333333334 55.000200000000014
vertex -13.117650000000003 21.24946666666667 55.000200000000014
vertex -8.801933333333336 21.24946666666667 55.000200000000014
endloop
endfacet
facet normal 0 0 1
outer loop
vertex -11.849233333333336 22.00948333333334 55.000200000000014
vertex -8.801933333333336 21.24946666666667 55.000200000000014
vertex -6.676366666666668 22.00948333333334 55.000200000000014
endloop
endfacet
facet normal 0 0 1
outer loop
vertex 12.243450000000003 20.77103333333334 55.000200000000014
vertex 8.801933333333336 21.24946666666667 55.000200000000014
vertex 10.842250000000003 20.28433333333334 55.000200000000014
endloop
endfacet
facet normal 0 0 1
outer loop
vertex 12.243450000000003 20.77103333333334 55.000200000000014
vertex 10.842250000000003 20.28433333333334 55.000200000000014
vertex 14.566900000000004 20.28433333333334 55.000200000000014
endloop
endfacet
facet normal 0 0 1
outer loop
vertex 12.243450000000003 20.77103333333334 55.000200000000014
vertex 14.566900000000004 20.28433333333334 55.000200000000014
vertex 13.889033333333337 20.786533333333338 55.000200000000014
endloop
endfacet
facet normal 0 0 1
outer loop
vertex 12.243450000000003 20.77103333333334 55.000200000000014
vertex 13.889033333333337 20.786533333333338 55.000200000000014
vertex 13.117650000000003 21.24946666666667 55.000200000000014
endloop
endfacet
facet normal 0 0 1
outer loop
vertex 12.243450000000003 20.77103333333334 55.000200000000014
vertex 13.117650000000003 21.24946666666667 55.000200000000014
vertex 8.801933333333336 21.24946666666667 55.000200000000014
endloop
endfacet
facet normal 0 0 1
outer loop
vertex -12.243450000000003 20.77103333333334 55.000200000000014
vertex -13.117650000000003 21.24946666666667 55.000200000000014
vertex -13.889033333333337 20.786533333333338 55.000200000000014
endloop
endfacet
facet normal 0 0 1
outer loop
vertex -12.243450000000003 20.77103333333334 55.000200000000014
vertex -13.889033333333337 20.786533333333338 55.000200000000014
vertex -14.566900000000004 20.28433333333334 55.000200000000014
endloop
endfacet
facet normal 0 0 1
outer loop
vertex -12.243450000000003 20.77103333333334 55.000200000000014
vertex -14.566900000000004 20.28433333333334 55.000200000000014
vertex -10.842250000000003 20.28433333333334 55.000200000000014
endloop
endfacet
facet normal 0 0 1
outer loop
vertex -12.243450000000003 20.77103333333334 55.000200000000014
vertex -10.842250000000003 20.28433333333334 55.000200000000014
vertex -8.801933333333336 21.24946666666667 55.000200000000014
endloop
endfacet
facet normal 0 0 1
outer loop
vertex -12.243450000000003 20.77103333333334 55.000200000000014
vertex -8.801933333333336 21.24946666666667 55.000200000000014
vertex -13.117650000000003 21.24946666666667 55.000200000000014
endloop
endfacet
facet normal 0 0 1
outer loop
vertex 14.025950000000003 19.628166666666672 55.000200000000014
vertex 10.842250000000003 20.28433333333334 55.000200000000014
vertex 12.778200000000004 19.123900000000006 55.000200000000014
endloop
endfacet
facet normal 0 0 1
outer loop
vertex 14.025950000000003 19.628166666666672 55.000200000000014
vertex 12.778200000000004 19.123900000000006 55.000200000000014
vertex 16.082283333333336 19.123900000000006 55.000200000000014
endloop
endfacet
facet normal 0 0 0.9999999999999999
outer loop
vertex 14.025950000000003 19.628166666666672 55.000200000000014
vertex 16.082283333333336 19.123900000000006 55.000200000000014
vertex 15.859600000000004 19.325400000000005 55.000200000000014
endloop
endfacet
facet normal 0 0 1
outer loop
vertex 14.025950000000003 19.628166666666672 55.000200000000014
vertex 15.859600000000004 19.325400000000005 55.000200000000014
vertex 14.566900000000004 20.28433333333334 55.000200000000014
endloop
endfacet
facet normal 0 0 1
outer loop
vertex 14.025950000000003 19.628166666666672 55.000200000000014
vertex 14.566900000000004 20.28433333333334 55.000200000000014
vertex 10.842250000000003 20.28433333333334 55.000200000000014
endloop
endfacet
facet normal 0 0 1
outer loop
vertex -14.025950000000003 19.628166666666672 55.000200000000014
vertex -14.566900000000004 20.28433333333334 55.000200000000014
vertex -15.859600000000004 19.325400000000005 55.000200000000014
endloop
endfacet
facet normal 0 0 0.9999999999999999
outer loop
vertex -14.025950000000003 19.628166666666672 55.000200000000014
vertex -15.859600000000004 19.325400000000005 55.000200000000014
vertex -16.082283333333336 19.123900000000006 55.000200000000014
endloop
endfacet
facet normal 0 0 1
outer loop
vertex -14.025950000000003 19.628166666666672 55.000200000000014
vertex -16.082283333333336 19.123900000000006 55.000200000000014
vertex -12.778200000000004 19.123900000000006 55.000200000000014
endloop
endfacet
facet normal 0 0 1
outer loop
vertex -14.025950000000003 19.628166666666672 55.000200000000014
vertex -12.778200000000004 19.123900000000006 55.000200000000014
vertex -10.842250000000003 20.28433333333334 55.000200000000014
endloop
endfacet
facet normal 0 0 1
outer loop
vertex -14.025950000000003 19.628166666666672 55.000200000000014
vertex -10.842250000000003 20.28433333333334 55.000200000000014
vertex -14.566900000000004 20.28433333333334 55.000200000000014
endloop
endfacet
facet normal 0 0 1
outer loop
vertex 12.778200000000004 19.123900000000006 55.000200000000014
vertex 14.591183333333337 17.77901666666667 55.000200000000014
vertex 17.565633333333338 17.77901666666667 55.000200000000014
endloop
endfacet
facet normal 0 0 1
outer loop
vertex 12.778200000000004 19.123900000000006 55.000200000000014
vertex 17.565633333333338 17.77901666666667 55.000200000000014
vertex 16.082283333333336 19.123900000000006 55.000200000000014
endloop
endfacet
facet normal 0 0 1
outer loop
vertex -16.082283333333336 19.123900000000006 55.000200000000014
vertex -17.565633333333338 17.77901666666667 55.000200000000014
vertex -14.591183333333337 17.77901666666667 55.000200000000014
endloop
endfacet
facet normal 0 0 1
outer loop
vertex -16.082283333333336 19.123900000000006 55.000200000000014
vertex -14.591183333333337 17.77901666666667 55.000200000000014
vertex -12.778200000000004 19.123900000000006 55.000200000000014
endloop
endfacet
facet normal 0 0 1
outer loop
vertex 17.01176666666667 17.15281666666667 55.000200000000014
vertex 14.591183333333337 17.77901666666667 55.000200000000014
vertex 16.26363333333334 16.26363333333334 55.000200000000014
endloop
endfacet
facet normal 0 0 1
outer loop
vertex 17.01176666666667 17.15281666666667 55.000200000000014
vertex 16.26363333333334 16.26363333333334 55.000200000000014
vertex 18.959600000000005 16.26363333333334 55.000200000000014
endloop
endfacet
facet normal 0 0 1
outer loop
vertex 17.01176666666667 17.15281666666667 55.000200000000014
vertex 18.959600000000005 16.26363333333334 55.000200000000014
vertex 17.677750000000003 17.677750000000003 55.000200000000014
endloop
endfacet
facet normal 0 0 1
outer loop
vertex 17.01176666666667 17.15281666666667 55.000200000000014
vertex 17.677750000000003 17.677750000000003 55.000200000000014
vertex 17.565633333333338 17.77901666666667 55.000200000000014
endloop
endfacet
facet normal 0 0 0.9999999999999999
outer loop
vertex 17.01176666666667 17.15281666666667 55.000200000000014
vertex 17.565633333333338 17.77901666666667 55.000200000000014
vertex 14.591183333333337 17.77901666666667 55.000200000000014
endloop
endfacet
facet normal 0 0 1
outer loop
vertex -17.01176666666667 17.15281666666667 55.000200000000014
vertex -17.565633333333338 17.77901666666667 55.000200000000014
vertex -17.677750000000003 17.677750000000003 55.000200000000014
endloop
endfacet
facet normal 0 0 1
outer loop
vertex -17.01176666666667 17.15281666666667 55.000200000000014
vertex -17.677750000000003 17.677750000000003 55.000200000000014
vertex -18.959600000000005 16.26363333333334 55.000200000000014
endloop
endfacet
facet normal 0 0 1
outer loop
vertex -17.01176666666667 17.15281666666667 55.000200000000014
vertex -18.959600000000005 16.26363333333334 55.000200000000014
vertex -16.26363333333334 16.26363333333334 55.000200000000014
endloop
endfacet
facet normal 0 0 1
outer loop
vertex -17.01176666666667 17.15281666666667 55.000200000000014
vertex -16.26363333333334 16.26363333333334 55.000200000000014
vertex -14.591183333333337 17.77901666666667 55.000200000000014
endloop
endfacet
facet normal 0 0 0.9999999999999999
outer loop
vertex -17.01176666666667 17.15281666666667 55.000200000000014
vertex -14.591183333333337 17.77901666666667 55.000200000000014
vertex -17.565633333333338 17.77901666666667 55.000200000000014
endloop
endfacet
facet normal 0 0 1
outer loop
vertex 18.51888333333334 15.513950000000003 55.000200000000014
vertex 16.26363333333334 16.26363333333334 55.000200000000014
vertex 17.77901666666667 14.591183333333337 55.000200000000014
endloop
endfacet
facet normal 0 0 1
outer loop
vertex 18.51888333333334 15.513950000000003 55.000200000000014
vertex 17.77901666666667 14.591183333333337 55.000200000000014
vertex 20.266250000000007 14.591183333333337 55.000200000000014
endloop
endfacet
facet normal 0 0 0.9999999999999999
outer loop
vertex 18.51888333333334 15.513950000000003 55.000200000000014
vertex 20.266250000000007 14.591183333333337 55.000200000000014
vertex 19.325400000000005 15.859600000000004 55.000200000000014
endloop
endfacet
facet normal 0 0 1
outer loop
vertex 18.51888333333334 15.513950000000003 55.000200000000014
vertex 19.325400000000005 15.859600000000004 55.000200000000014
vertex 18.959600000000005 16.26363333333334 55.000200000000014
endloop
endfacet
facet normal 0 0 1
outer loop
vertex 18.51888333333334 15.513950000000003 55.000200000000014
vertex 18.959600000000005 16.26363333333334 55.000200000000014
vertex 16.26363333333334 16.26363333333334 55.000200000000014
endloop
endfacet
facet normal 0 0 1
outer loop
vertex -18.51888333333334 15.513950000000003 55.000200000000014
vertex -18.959600000000005 16.26363333333334 55.000200000000014
vertex -19.325400000000005 15.859600000000004 55.000200000000014
endloop
endfacet
facet normal 0 0 0.9999999999999999
outer loop
vertex -18.51888333333334 15.513950000000003 55.000200000000014
vertex -19.325400000000005 15.859600000000004 55.000200000000014
vertex -20.266250000000007 14.591183333333337 55.000200000000014
endloop
endfacet
facet normal 0 0 1
outer loop
vertex -18.51888333333334 15.513950000000003 55.000200000000014
vertex -20.266250000000007 14.591183333333337 55.000200000000014
vertex -17.77901666666667 14.591183333333337 55.000200000000014
endloop
endfacet
facet normal 0 0 1
outer loop
vertex -18.51888333333334 15.513950000000003 55.000200000000014
vertex -17.77901666666667 14.591183333333337 55.000200000000014
vertex -16.26363333333334 16.26363333333334 55.000200000000014
endloop
endfacet
facet normal 0 0 1
outer loop
vertex -18.51888333333334 15.513950000000003 55.000200000000014
vertex -16.26363333333334 16.26363333333334 55.000200000000014
vertex -18.959600000000005 16.26363333333334 55.000200000000014
endloop
endfacet
facet normal 0 0 1
outer loop
vertex 19.881850000000004 13.72576666666667 55.000200000000014
vertex 17.77901666666667 14.591183333333337 55.000200000000014
vertex 19.123900000000006 12.778200000000004 55.000200000000014
endloop
endfacet
facet normal 0 0 1
outer loop
vertex 19.881850000000004 13.72576666666667 55.000200000000014
vertex 19.123900000000006 12.778200000000004 55.000200000000014
vertex 21.45251666666667 12.778200000000004 55.000200000000014
endloop
endfacet
facet normal 0 0 1
outer loop
vertex 19.881850000000004 13.72576666666667 55.000200000000014
vertex 21.45251666666667 12.778200000000004 55.000200000000014
vertex 20.786533333333338 13.889033333333337 55.000200000000014
endloop
endfacet
facet normal 0 0 1
outer loop
vertex 19.881850000000004 13.72576666666667 55.000200000000014
vertex 20.786533333333338 13.889033333333337 55.000200000000014
vertex 20.266250000000007 14.591183333333337 55.000200000000014
endloop
endfacet
facet normal 0 0 1
outer loop
vertex 19.881850000000004 13.72576666666667 55.000200000000014
vertex 20.266250000000007 14.591183333333337 55.000200000000014
vertex 17.77901666666667 14.591183333333337 55.000200000000014
endloop
endfacet
facet normal 0 0 1
outer loop
vertex -19.881850000000004 13.72576666666667 55.000200000000014
vertex -20.266250000000007 14.591183333333337 55.000200000000014
vertex -20.786533333333338 13.889033333333337 55.000200000000014
endloop
endfacet
facet normal 0 0 1
outer loop
vertex -19.881850000000004 13.72576666666667 55.000200000000014
vertex -20.786533333333338 13.889033333333337 55.000200000000014
vertex -21.45251666666667 12.778200000000004 55.000200000000014
endloop
endfacet
facet normal 0 0 1
outer loop
vertex -19.881850000000004 13.72576666666667 55.000200000000014
vertex -21.45251666666667 12.778200000000004 55.000200000000014
vertex -19.123900000000006 12.778200000000004 55.000200000000014
endloop
endfacet
facet normal 0 0 1
outer loop
vertex -19.881850000000004 13.72576666666667 55.000200000000014
vertex -19.123900000000006 12.778200000000004 55.000200000000014
vertex -17.77901666666667 14.591183333333337 55.000200000000014
endloop
endfacet
facet normal 0 0 1
outer loop
vertex -19.881850000000004 13.72576666666667 55.000200000000014
vertex -17.77901666666667 14.591183333333337 55.000200000000014
vertex -20.266250000000007 14.591183333333337 55.000200000000014
endloop
endfacet
facet normal 0 0 1
outer loop
vertex 21.08051666666667 11.80531666666667 55.000200000000014
vertex 19.123900000000006 12.778200000000004 55.000200000000014
vertex 20.28433333333334 10.842250000000003 55.000200000000014
endloop
endfacet
facet normal 0 0 1
outer loop
vertex 21.08051666666667 11.80531666666667 55.000200000000014
vertex 20.28433333333334 10.842250000000003 55.000200000000014
vertex 22.494116666666674 10.842250000000003 55.000200000000014
endloop
endfacet
facet normal 0 0 1
outer loop
vertex 21.08051666666667 11.80531666666667 55.000200000000014
vertex 22.494116666666674 10.842250000000003 55.000200000000014
vertex 22.04823333333334 11.785166666666669 55.000200000000014
endloop
endfacet
facet normal 0 0 1
outer loop
vertex 21.08051666666667 11.80531666666667 55.000200000000014
vertex 22.04823333333334 11.785166666666669 55.000200000000014
vertex 21.45251666666667 12.778200000000004 55.000200000000014
endloop
endfacet
facet normal 0 0 1
outer loop
vertex 21.08051666666667 11.80531666666667 55.000200000000014
vertex 21.45251666666667 12.778200000000004 55.000200000000014
vertex 19.123900000000006 12.778200000000004 55.000200000000014
endloop
endfacet
facet normal 0 0 1
outer loop
vertex -21.08051666666667 11.80531666666667 55.000200000000014
vertex -21.45251666666667 12.778200000000004 55.000200000000014
vertex -22.04823333333334 11.785166666666669 55.000200000000014
endloop
endfacet
facet normal 0 0 1
outer loop
vertex -21.08051666666667 11.80531666666667 55.000200000000014
vertex -22.04823333333334 11.785166666666669 55.000200000000014
vertex -22.494116666666674 10.842250000000003 55.000200000000014
endloop
endfacet
facet normal 0 0 1
outer loop
vertex -21.08051666666667 11.80531666666667 55.000200000000014
vertex -22.494116666666674 10.842250000000003 55.000200000000014
vertex -20.28433333333334 10.842250000000003 55.000200000000014
endloop
endfacet
facet normal 0 0 1
outer loop
vertex -21.08051666666667 11.80531666666667 55.000200000000014
vertex -20.28433333333334 10.842250000000003 55.000200000000014
vertex -19.123900000000006 12.778200000000004 55.000200000000014
endloop
endfacet
facet normal 0 0 1
outer loop
vertex -21.08051666666667 11.80531666666667 55.000200000000014
vertex -19.123900000000006 12.778200000000004 55.000200000000014
vertex -21.45251666666667 12.778200000000004 55.000200000000014
endloop
endfacet
facet normal 0 0 1
outer loop
vertex 22.09938333333334 9.771200000000002 55.000200000000014
vertex 20.28433333333334 10.842250000000003 55.000200000000014
vertex 21.24946666666667 8.801933333333336 55.000200000000014
endloop
endfacet
facet normal 0 0 1
outer loop
vertex 22.09938333333334 9.771200000000002 55.000200000000014
vertex 21.24946666666667 8.801933333333336 55.000200000000014
vertex 23.370900000000006 8.801933333333336 55.000200000000014
endloop
endfacet
facet normal 0 0 1
outer loop
vertex 22.09938333333334 9.771200000000002 55.000200000000014
vertex 23.370900000000006 8.801933333333336 55.000200000000014
vertex 23.097066666666674 9.567116666666669 55.000200000000014
endloop
endfacet
facet normal 0 0 1
outer loop
vertex 22.09938333333334 9.771200000000002 55.000200000000014
vertex 23.097066666666674 9.567116666666669 55.000200000000014
vertex 22.494116666666674 10.842250000000003 55.000200000000014
endloop
endfacet
facet normal 0 0 1
outer loop
vertex 22.09938333333334 9.771200000000002 55.000200000000014
vertex 22.494116666666674 10.842250000000003 55.000200000000014
vertex 20.28433333333334 10.842250000000003 55.000200000000014
endloop
endfacet
facet normal 0 0 1
outer loop
vertex -22.09938333333334 9.771200000000002 55.000200000000014
vertex -22.494116666666674 10.842250000000003 55.000200000000014
vertex -23.097066666666674 9.567116666666669 55.000200000000014
endloop
endfacet
facet normal 0 0 1
outer loop
vertex -22.09938333333334 9.771200000000002 55.000200000000014
vertex -23.097066666666674 9.567116666666669 55.000200000000014
vertex -23.370900000000006 8.801933333333336 55.000200000000014
endloop
endfacet
facet normal 0 0 1
outer loop
vertex -22.09938333333334 9.771200000000002 55.000200000000014
vertex -23.370900000000006 8.801933333333336 55.000200000000014
vertex -21.24946666666667 8.801933333333336 55.000200000000014
endloop
endfacet
facet normal 0 0 1
outer loop
vertex -22.09938333333334 9.771200000000002 55.000200000000014
vertex -21.24946666666667 8.801933333333336 55.000200000000014
vertex -20.28433333333334 10.842250000000003 55.000200000000014
endloop
endfacet
facet normal 0 0 1
outer loop
vertex -22.09938333333334 9.771200000000002 55.000200000000014
vertex -20.28433333333334 10.842250000000003 55.000200000000014
vertex -22.494116666666674 10.842250000000003 55.000200000000014
endloop
endfacet
facet normal 0 0 0.9999999999999999
outer loop
vertex 22.924500000000005 7.642533333333335 55.000200000000014
vertex 21.24946666666667 8.801933333333336 55.000200000000014
vertex 22.00948333333334 6.676366666666668 55.000200000000014
endloop
endfacet
facet normal 0 0 1
outer loop
vertex 22.924500000000005 7.642533333333335 55.000200000000014
vertex 22.00948333333334 6.676366666666668 55.000200000000014
vertex 24.068916666666674 6.676366666666668 55.000200000000014
endloop
endfacet
facet normal 0 0 1
outer loop
vertex 22.924500000000005 7.642533333333335 55.000200000000014
vertex 24.068916666666674 6.676366666666668 55.000200000000014
vertex 23.923733333333338 7.257100000000002 55.000200000000014
endloop
endfacet
facet normal 0 0 0.9999999999999999
outer loop
vertex 22.924500000000005 7.642533333333335 55.000200000000014
vertex 23.923733333333338 7.257100000000002 55.000200000000014
vertex 23.370900000000006 8.801933333333336 55.000200000000014
endloop
endfacet
facet normal 0 0 1
outer loop
vertex 22.924500000000005 7.642533333333335 55.000200000000014
vertex 23.370900000000006 8.801933333333336 55.000200000000014
vertex 21.24946666666667 8.801933333333336 55.000200000000014
endloop
endfacet
facet normal 0 0 0.9999999999999999
outer loop
vertex -22.924500000000005 7.642533333333335 55.000200000000014
vertex -23.370900000000006 8.801933333333336 55.000200000000014
vertex -23.923733333333338 7.257100000000002 55.000200000000014
endloop
endfacet
facet normal 0 0 1
outer loop
vertex -22.924500000000005 7.642533333333335 55.000200000000014
vertex -23.923733333333338 7.257100000000002 55.000200000000014
vertex -24.068916666666674 6.676366666666668 55.000200000000014
endloop
endfacet
facet normal 0 0 1
outer loop
vertex -22.924500000000005 7.642533333333335 55.000200000000014
vertex -24.068916666666674 6.676366666666668 55.000200000000014
vertex -22.00948333333334 6.676366666666668 55.000200000000014
endloop
endfacet
facet normal 0 0 0.9999999999999999
outer loop
vertex -22.924500000000005 7.642533333333335 55.000200000000014
vertex -22.00948333333334 6.676366666666668 55.000200000000014
vertex -21.24946666666667 8.801933333333336 55.000200000000014
endloop
endfacet
facet normal 0 0 1
outer loop
vertex -22.924500000000005 7.642533333333335 55.000200000000014
vertex -21.24946666666667 8.801933333333336 55.000200000000014
vertex -23.370900000000006 8.801933333333336 55.000200000000014
endloop
endfacet
facet normal 0 0 1
outer loop
vertex 23.546566666666674 5.441016666666668 55.000200000000014
vertex 22.00948333333334 6.676366666666668 55.000200000000014
vertex 22.55818333333334 4.487250000000001 55.000200000000014
endloop
endfacet
facet normal 0 0 0.9999999999999999
outer loop
vertex 23.546566666666674 5.441016666666668 55.000200000000014
vertex 22.55818333333334 4.487250000000001 55.000200000000014
vertex 24.577316666666672 4.487250000000001 55.000200000000014
endloop
endfacet
facet normal 0 0 1
outer loop
vertex 23.546566666666674 5.441016666666668 55.000200000000014
vertex 24.577316666666672 4.487250000000001 55.000200000000014
vertex 24.519450000000006 4.877333333333334 55.000200000000014
endloop
endfacet
facet normal 0 0 1
outer loop
vertex 23.546566666666674 5.441016666666668 55.000200000000014
vertex 24.519450000000006 4.877333333333334 55.000200000000014
vertex 24.068916666666674 6.676366666666668 55.000200000000014
endloop
endfacet
facet normal 0 0 1
outer loop
vertex 23.546566666666674 5.441016666666668 55.000200000000014
vertex 24.068916666666674 6.676366666666668 55.000200000000014
vertex 22.00948333333334 6.676366666666668 55.000200000000014
endloop
endfacet
facet normal 0 0 1
outer loop
vertex -23.546566666666674 5.441016666666668 55.000200000000014
vertex -24.068916666666674 6.676366666666668 55.000200000000014
vertex -24.519450000000006 4.877333333333334 55.000200000000014
endloop
endfacet
facet normal 0 0 1
outer loop
vertex -23.546566666666674 5.441016666666668 55.000200000000014
vertex -24.519450000000006 4.877333333333334 55.000200000000014
vertex -24.577316666666672 4.487250000000001 55.000200000000014
endloop
endfacet
facet normal 0 0 0.9999999999999999
outer loop
vertex -23.546566666666674 5.441016666666668 55.000200000000014
vertex -24.577316666666672 4.487250000000001 55.000200000000014
vertex -22.55818333333334 4.487250000000001 55.000200000000014
endloop
endfacet
facet normal 0 0 1
outer loop
vertex -23.546566666666674 5.441016666666668 55.000200000000014
vertex -22.55818333333334 4.487250000000001 55.000200000000014
vertex -22.00948333333334 6.676366666666668 55.000200000000014
endloop
endfacet
facet normal 0 0 1
outer loop
vertex -23.546566666666674 5.441016666666668 55.000200000000014
vertex -22.00948333333334 6.676366666666668 55.000200000000014
vertex -24.068916666666674 6.676366666666668 55.000200000000014
endloop
endfacet
facet normal 0 0 1
outer loop
vertex 23.958866666666673 3.1868000000000007 55.000200000000014
vertex 22.55818333333334 4.487250000000001 55.000200000000014
vertex 22.88936666666667 2.254216666666667 55.000200000000014
endloop
endfacet
facet normal 0 0 1
outer loop
vertex 23.958866666666673 3.1868000000000007 55.000200000000014
vertex 22.88936666666667 2.254216666666667 55.000200000000014
vertex 24.88938333333334 2.254216666666667 55.000200000000014
endloop
endfacet
facet normal 0 0 1
outer loop
vertex 23.958866666666673 3.1868000000000007 55.000200000000014
vertex 24.88938333333334 2.254216666666667 55.000200000000014
vertex 24.879566666666673 2.4505500000000007 55.000200000000014
endloop
endfacet
facet normal 0 0 1
outer loop
vertex 23.958866666666673 3.1868000000000007 55.000200000000014
vertex 24.879566666666673 2.4505500000000007 55.000200000000014
vertex 24.577316666666672 4.487250000000001 55.000200000000014
endloop
endfacet
facet normal 0 0 1
outer loop
vertex 23.958866666666673 3.1868000000000007 55.000200000000014
vertex 24.577316666666672 4.487250000000001 55.000200000000014
vertex 22.55818333333334 4.487250000000001 55.000200000000014
endloop
endfacet
facet normal 0 0 1
outer loop
vertex -23.958866666666673 3.1868000000000007 55.000200000000014
vertex -24.577316666666672 4.487250000000001 55.000200000000014
vertex -24.879566666666673 2.4505500000000007 55.000200000000014
endloop
endfacet
facet normal 0 0 1
outer loop
vertex -23.958866666666673 3.1868000000000007 55.000200000000014
vertex -24.879566666666673 2.4505500000000007 55.000200000000014
vertex -24.88938333333334 2.254216666666667 55.000200000000014
endloop
endfacet
facet normal 0 0 1
outer loop
vertex -23.958866666666673 3.1868000000000007 55.000200000000014
vertex -24.88938333333334 2.254216666666667 55.000200000000014
vertex -22.88936666666667 2.254216666666667 55.000200000000014
endloop
endfacet
facet normal 0 0 1
outer loop
vertex -23.958866666666673 3.1868000000000007 55.000200000000014
vertex -22.88936666666667 2.254216666666667 55.000200000000014
vertex -22.55818333333334 4.487250000000001 55.000200000000014
endloop
endfacet
facet normal 0 0 1
outer loop
vertex -23.958866666666673 3.1868000000000007 55.000200000000014
vertex -22.55818333333334 4.487250000000001 55.000200000000014
vertex -24.577316666666672 4.487250000000001 55.000200000000014
endloop
endfacet
facet normal 0 0 1
outer loop
vertex 22.88936666666667 2.254216666666667 55.000200000000014
vertex 22.99993333333334 0 55.000200000000014
vertex 24.999950000000005 0 55.000200000000014
endloop
endfacet
facet normal 0 0 1
outer loop
vertex 22.88936666666667 2.254216666666667 55.000200000000014
vertex 24.999950000000005 0 55.000200000000014
vertex 24.88938333333334 2.254216666666667 55.000200000000014
endloop
endfacet
facet normal 0 0 1
outer loop
vertex -24.88938333333334 2.254216666666667 55.000200000000014
vertex -24.999950000000005 0 55.000200000000014
vertex -22.99993333333334 0 55.000200000000014
endloop
endfacet
facet normal 0 0 1
outer loop
vertex -24.88938333333334 2.254216666666667 55.000200000000014
vertex -22.99993333333334 0 55.000200000000014
vertex -22.88936666666667 2.254216666666667 55.000200000000014
endloop
endfacet
facet normal 0 0 1
outer loop
vertex 22.99993333333334 0 55.000200000000014
vertex 22.88936666666667 -2.254216666666667 55.000200000000014
vertex 24.88938333333334 -2.254216666666667 55.000200000000014
endloop
endfacet
facet normal 0 0 1
outer loop
vertex 22.99993333333334 0 55.000200000000014
vertex 24.88938333333334 -2.254216666666667 55.000200000000014
vertex 24.999950000000005 0 55.000200000000014
endloop
endfacet
facet normal 0 0 1
outer loop
vertex -24.999950000000005 0 55.000200000000014
vertex -24.88938333333334 -2.254216666666667 55.000200000000014
vertex -22.88936666666667 -2.254216666666667 55.000200000000014
endloop
endfacet
facet normal 0 0 1
outer loop
vertex -24.999950000000005 0 55.000200000000014
vertex -22.88936666666667 -2.254216666666667 55.000200000000014
vertex -22.99993333333334 0 55.000200000000014
endloop
endfacet
facet normal 0 0 1
outer loop
vertex 23.958866666666673 -3.1868000000000007 55.000200000000014
vertex 22.88936666666667 -2.254216666666667 55.000200000000014
vertex 22.55818333333334 -4.487250000000001 55.000200000000014
endloop
endfacet
facet normal 0 0 1
outer loop
vertex 23.958866666666673 -3.1868000000000007 55.000200000000014
vertex 22.55818333333334 -4.487250000000001 55.000200000000014
vertex 24.577316666666672 -4.487250000000001 55.000200000000014
endloop
endfacet
facet normal 0 0 1
outer loop
vertex 23.958866666666673 -3.1868000000000007 55.000200000000014
vertex 24.577316666666672 -4.487250000000001 55.000200000000014
vertex 24.879566666666673 -2.4505500000000007 55.000200000000014
endloop
endfacet
facet normal 0 0 1
outer loop
vertex 23.958866666666673 -3.1868000000000007 55.000200000000014
vertex 24.879566666666673 -2.4505500000000007 55.000200000000014
vertex 24.88938333333334 -2.254216666666667 55.000200000000014
endloop
endfacet
facet normal 0 0 1
outer loop
vertex 23.958866666666673 -3.1868000000000007 55.000200000000014
vertex 24.88938333333334 -2.254216666666667 55.000200000000014
vertex 22.88936666666667 -2.254216666666667 55.000200000000014
endloop
endfacet
facet normal 0 0 1
outer loop
vertex -23.958866666666673 -3.1868000000000007 55.000200000000014
vertex -24.88938333333334 -2.254216666666667 55.000200000000014
vertex -24.879566666666673 -2.4505500000000007 55.000200000000014
endloop
endfacet
facet normal 0 0 1
outer loop
vertex -23.958866666666673 -3.1868000000000007 55.000200000000014
vertex -24.879566666666673 -2.4505500000000007 55.000200000000014
vertex -24.577316666666672 -4.487250000000001 55.000200000000014
endloop
endfacet
facet normal 0 0 1
outer loop
vertex -23.958866666666673 -3.1868000000000007 55.000200000000014
vertex -24.577316666666672 -4.487250000000001 55.000200000000014
vertex -22.55818333333334 -4.487250000000001 55.000200000000014
endloop
endfacet
facet normal 0 0 1
outer loop
vertex -23.958866666666673 -3.1868000000000007 55.000200000000014
vertex -22.55818333333334 -4.487250000000001 55.000200000000014
vertex -22.88936666666667 -2.254216666666667 55.000200000000014
endloop
endfacet
facet normal 0 0 1
outer loop
vertex -23.958866666666673 -3.1868000000000007 55.000200000000014
vertex -22.88936666666667 -2.254216666666667 55.000200000000014
vertex -24.88938333333334 -2.254216666666667 55.000200000000014
endloop
endfacet
facet normal 0 0 1
outer loop
vertex 23.546566666666674 -5.441016666666668 55.000200000000014
vertex 22.55818333333334 -4.487250000000001 55.000200000000014
vertex 22.00948333333334 -6.676366666666668 55.000200000000014
endloop
endfacet
facet normal 0 0 1
outer loop
vertex 23.546566666666674 -5.441016666666668 55.000200000000014
vertex 22.00948333333334 -6.676366666666668 55.000200000000014
vertex 24.068916666666674 -6.676366666666668 55.000200000000014
endloop
endfacet
facet normal 0 0 1
outer loop
vertex 23.546566666666674 -5.441016666666668 55.000200000000014
vertex 24.068916666666674 -6.676366666666668 55.000200000000014
vertex 24.519450000000006 -4.877333333333334 55.000200000000014
endloop
endfacet
facet normal 0 0 1
outer loop
vertex 23.546566666666674 -5.441016666666668 55.000200000000014
vertex 24.519450000000006 -4.877333333333334 55.000200000000014
vertex 24.577316666666672 -4.487250000000001 55.000200000000014
endloop
endfacet
facet normal 0 0 0.9999999999999999
outer loop
vertex 23.546566666666674 -5.441016666666668 55.000200000000014
vertex 24.577316666666672 -4.487250000000001 55.000200000000014
vertex 22.55818333333334 -4.487250000000001 55.000200000000014
endloop
endfacet
facet normal 0 0 1
outer loop
vertex -23.546566666666674 -5.441016666666668 55.000200000000014
vertex -24.577316666666672 -4.487250000000001 55.000200000000014
vertex -24.519450000000006 -4.877333333333334 55.000200000000014
endloop
endfacet
facet normal 0 0 1
outer loop
vertex -23.546566666666674 -5.441016666666668 55.000200000000014
vertex -24.519450000000006 -4.877333333333334 55.000200000000014
vertex -24.068916666666674 -6.676366666666668 55.000200000000014
endloop
endfacet
facet normal 0 0 1
outer loop
vertex -23.546566666666674 -5.441016666666668 55.000200000000014
vertex -24.068916666666674 -6.676366666666668 55.000200000000014
vertex -22.00948333333334 -6.676366666666668 55.000200000000014
endloop
endfacet
facet normal 0 0 1
outer loop
vertex -23.546566666666674 -5.441016666666668 55.000200000000014
vertex -22.00948333333334 -6.676366666666668 55.000200000000014
vertex -22.55818333333334 -4.487250000000001 55.000200000000014
endloop
endfacet
facet normal 0 0 0.9999999999999999
outer loop
vertex -23.546566666666674 -5.441016666666668 55.000200000000014
vertex -22.55818333333334 -4.487250000000001 55.000200000000014
vertex -24.577316666666672 -4.487250000000001 55.000200000000014
endloop
endfacet
facet normal 0 0 0.9999999999999999
outer loop
vertex 22.924500000000005 -7.642533333333335 55.000200000000014
vertex 22.00948333333334 -6.676366666666668 55.000200000000014
vertex 21.24946666666667 -8.801933333333336 55.000200000000014
endloop
endfacet
facet normal 0 0 1
outer loop
vertex 22.924500000000005 -7.642533333333335 55.000200000000014
vertex 21.24946666666667 -8.801933333333336 55.000200000000014
vertex 23.370900000000006 -8.801933333333336 55.000200000000014
endloop
endfacet
facet normal 0 0 0.9999999999999999
outer loop
vertex 22.924500000000005 -7.642533333333335 55.000200000000014
vertex 23.370900000000006 -8.801933333333336 55.000200000000014
vertex 23.923733333333338 -7.257100000000002 55.000200000000014
endloop
endfacet
facet normal 0 0 1
outer loop
vertex 22.924500000000005 -7.642533333333335 55.000200000000014
vertex 23.923733333333338 -7.257100000000002 55.000200000000014
vertex 24.068916666666674 -6.676366666666668 55.000200000000014
endloop
endfacet
facet normal 0 0 1
outer loop
vertex 22.924500000000005 -7.642533333333335 55.000200000000014
vertex 24.068916666666674 -6.676366666666668 55.000200000000014
vertex 22.00948333333334 -6.676366666666668 55.000200000000014
endloop
endfacet
facet normal 0 0 1
outer loop
vertex -22.924500000000005 -7.642533333333335 55.000200000000014
vertex -24.068916666666674 -6.676366666666668 55.000200000000014
vertex -23.923733333333338 -7.257100000000002 55.000200000000014
endloop
endfacet
facet normal 0 0 0.9999999999999999
outer loop
vertex -22.924500000000005 -7.642533333333335 55.000200000000014
vertex -23.923733333333338 -7.257100000000002 55.000200000000014
vertex -23.370900000000006 -8.801933333333336 55.000200000000014
endloop
endfacet
facet normal 0 0 1
outer loop
vertex -22.924500000000005 -7.642533333333335 55.000200000000014
vertex -23.370900000000006 -8.801933333333336 55.000200000000014
vertex -21.24946666666667 -8.801933333333336 55.000200000000014
endloop
endfacet
facet normal 0 0 0.9999999999999999
outer loop
vertex -22.924500000000005 -7.642533333333335 55.000200000000014
vertex -21.24946666666667 -8.801933333333336 55.000200000000014
vertex -22.00948333333334 -6.676366666666668 55.000200000000014
endloop
endfacet
facet normal 0 0 1
outer loop
vertex -22.924500000000005 -7.642533333333335 55.000200000000014
vertex -22.00948333333334 -6.676366666666668 55.000200000000014
vertex -24.068916666666674 -6.676366666666668 55.000200000000014
endloop
endfacet
facet normal 0 0 1
outer loop
vertex 22.09938333333334 -9.771200000000002 55.000200000000014
vertex 21.24946666666667 -8.801933333333336 55.000200000000014
vertex 20.28433333333334 -10.842250000000003 55.000200000000014
endloop
endfacet
facet normal 0 0 1
outer loop
vertex 22.09938333333334 -9.771200000000002 55.000200000000014
vertex 20.28433333333334 -10.842250000000003 55.000200000000014
vertex 22.494116666666674 -10.842250000000003 55.000200000000014
endloop
endfacet
facet normal 0 0 1
outer loop
vertex 22.09938333333334 -9.771200000000002 55.000200000000014
vertex 22.494116666666674 -10.842250000000003 55.000200000000014
vertex 23.097066666666674 -9.567116666666669 55.000200000000014
endloop
endfacet
facet normal 0 0 1
outer loop
vertex 22.09938333333334 -9.771200000000002 55.000200000000014
vertex 23.097066666666674 -9.567116666666669 55.000200000000014
vertex 23.370900000000006 -8.801933333333336 55.000200000000014
endloop
endfacet
facet normal 0 0 1
outer loop
vertex 22.09938333333334 -9.771200000000002 55.000200000000014
vertex 23.370900000000006 -8.801933333333336 55.000200000000014
vertex 21.24946666666667 -8.801933333333336 55.000200000000014
endloop
endfacet
facet normal 0 0 1
outer loop
vertex -22.09938333333334 -9.771200000000002 55.000200000000014
vertex -23.370900000000006 -8.801933333333336 55.000200000000014
vertex -23.097066666666674 -9.567116666666669 55.000200000000014
endloop
endfacet
facet normal 0 0 1
outer loop
vertex -22.09938333333334 -9.771200000000002 55.000200000000014
vertex -23.097066666666674 -9.567116666666669 55.000200000000014
vertex -22.494116666666674 -10.842250000000003 55.000200000000014
endloop
endfacet
facet normal 0 0 1
outer loop
vertex -22.09938333333334 -9.771200000000002 55.000200000000014
vertex -22.494116666666674 -10.842250000000003 55.000200000000014
vertex -20.28433333333334 -10.842250000000003 55.000200000000014
endloop
endfacet
facet normal 0 0 1
outer loop
vertex -22.09938333333334 -9.771200000000002 55.000200000000014
vertex -20.28433333333334 -10.842250000000003 55.000200000000014
vertex -21.24946666666667 -8.801933333333336 55.000200000000014
endloop
endfacet
facet normal 0 0 1
outer loop
vertex -22.09938333333334 -9.771200000000002 55.000200000000014
vertex -21.24946666666667 -8.801933333333336 55.000200000000014
vertex -23.370900000000006 -8.801933333333336 55.000200000000014
endloop
endfacet
facet normal 0 0 1
outer loop
vertex 21.08051666666667 -11.80531666666667 55.000200000000014
vertex 20.28433333333334 -10.842250000000003 55.000200000000014
vertex 19.123900000000006 -12.778200000000004 55.000200000000014
endloop
endfacet
facet normal 0 0 1
outer loop
vertex 21.08051666666667 -11.80531666666667 55.000200000000014
vertex 19.123900000000006 -12.778200000000004 55.000200000000014
vertex 21.45251666666667 -12.778200000000004 55.000200000000014
endloop
endfacet
facet normal 0 0 1
outer loop
vertex 21.08051666666667 -11.80531666666667 55.000200000000014
vertex 21.45251666666667 -12.778200000000004 55.000200000000014
vertex 22.04823333333334 -11.785166666666669 55.000200000000014
endloop
endfacet
facet normal 0 0 1
outer loop
vertex 21.08051666666667 -11.80531666666667 55.000200000000014
vertex 22.04823333333334 -11.785166666666669 55.000200000000014
vertex 22.494116666666674 -10.842250000000003 55.000200000000014
endloop
endfacet
facet normal 0 0 1
outer loop
vertex 21.08051666666667 -11.80531666666667 55.000200000000014
vertex 22.494116666666674 -10.842250000000003 55.000200000000014
vertex 20.28433333333334 -10.842250000000003 55.000200000000014
endloop
endfacet
facet normal 0 0 1
outer loop
vertex -21.08051666666667 -11.80531666666667 55.000200000000014
vertex -22.494116666666674 -10.842250000000003 55.000200000000014
vertex -22.04823333333334 -11.785166666666669 55.000200000000014
endloop
endfacet
facet normal 0 0 1
outer loop
vertex -21.08051666666667 -11.80531666666667 55.000200000000014
vertex -22.04823333333334 -11.785166666666669 55.000200000000014
vertex -21.45251666666667 -12.778200000000004 55.000200000000014
endloop
endfacet
facet normal 0 0 1
outer loop
vertex -21.08051666666667 -11.80531666666667 55.000200000000014
vertex -21.45251666666667 -12.778200000000004 55.000200000000014
vertex -19.123900000000006 -12.778200000000004 55.000200000000014
endloop
endfacet
facet normal 0 0 1
outer loop
vertex -21.08051666666667 -11.80531666666667 55.000200000000014
vertex -19.123900000000006 -12.778200000000004 55.000200000000014
vertex -20.28433333333334 -10.842250000000003 55.000200000000014
endloop
endfacet
facet normal 0 0 1
outer loop
vertex -21.08051666666667 -11.80531666666667 55.000200000000014
vertex -20.28433333333334 -10.842250000000003 55.000200000000014
vertex -22.494116666666674 -10.842250000000003 55.000200000000014
endloop
endfacet
facet normal 0 0 1
outer loop
vertex 19.881850000000004 -13.72576666666667 55.000200000000014
vertex 19.123900000000006 -12.778200000000004 55.000200000000014
vertex 17.77901666666667 -14.591183333333337 55.000200000000014
endloop
endfacet
facet normal 0 0 1
outer loop
vertex 19.881850000000004 -13.72576666666667 55.000200000000014
vertex 17.77901666666667 -14.591183333333337 55.000200000000014
vertex 20.266250000000007 -14.591183333333337 55.000200000000014
endloop
endfacet
facet normal 0 0 1
outer loop
vertex 19.881850000000004 -13.72576666666667 55.000200000000014
vertex 20.266250000000007 -14.591183333333337 55.000200000000014
vertex 20.786533333333338 -13.889033333333337 55.000200000000014
endloop
endfacet
facet normal 0 0 1
outer loop
vertex 19.881850000000004 -13.72576666666667 55.000200000000014
vertex 20.786533333333338 -13.889033333333337 55.000200000000014
vertex 21.45251666666667 -12.778200000000004 55.000200000000014
endloop
endfacet
facet normal 0 0 1
outer loop
vertex 19.881850000000004 -13.72576666666667 55.000200000000014
vertex 21.45251666666667 -12.778200000000004 55.000200000000014
vertex 19.123900000000006 -12.778200000000004 55.000200000000014
endloop
endfacet
facet normal 0 0 1
outer loop
vertex -19.881850000000004 -13.72576666666667 55.000200000000014
vertex -21.45251666666667 -12.778200000000004 55.000200000000014
vertex -20.786533333333338 -13.889033333333337 55.000200000000014
endloop
endfacet
facet normal 0 0 1
outer loop
vertex -19.881850000000004 -13.72576666666667 55.000200000000014
vertex -20.786533333333338 -13.889033333333337 55.000200000000014
vertex -20.266250000000007 -14.591183333333337 55.000200000000014
endloop
endfacet
facet normal 0 0 1
outer loop
vertex -19.881850000000004 -13.72576666666667 55.000200000000014
vertex -20.266250000000007 -14.591183333333337 55.000200000000014
vertex -17.77901666666667 -14.591183333333337 55.000200000000014
endloop
endfacet
facet normal 0 0 1
outer loop
vertex -19.881850000000004 -13.72576666666667 55.000200000000014
vertex -17.77901666666667 -14.591183333333337 55.000200000000014
vertex -19.123900000000006 -12.778200000000004 55.000200000000014
endloop
endfacet
facet normal 0 0 1
outer loop
vertex -19.881850000000004 -13.72576666666667 55.000200000000014
vertex -19.123900000000006 -12.778200000000004 55.000200000000014
vertex -21.45251666666667 -12.778200000000004 55.000200000000014
endloop
endfacet
facet normal 0 0 1
outer loop
vertex 18.51888333333334 -15.513950000000003 55.000200000000014
vertex 17.77901666666667 -14.591183333333337 55.000200000000014
vertex 16.26363333333334 -16.26363333333334 55.000200000000014
endloop
endfacet
facet normal 0 0 1
outer loop
vertex 18.51888333333334 -15.513950000000003 55.000200000000014
vertex 16.26363333333334 -16.26363333333334 55.000200000000014
vertex 18.959600000000005 -16.26363333333334 55.000200000000014
endloop
endfacet
facet normal 0 0 1
outer loop
vertex 18.51888333333334 -15.513950000000003 55.000200000000014
vertex 18.959600000000005 -16.26363333333334 55.000200000000014
vertex 19.325400000000005 -15.859600000000004 55.000200000000014
endloop
endfacet
facet normal 0 0 0.9999999999999999
outer loop
vertex 18.51888333333334 -15.513950000000003 55.000200000000014
vertex 19.325400000000005 -15.859600000000004 55.000200000000014
vertex 20.266250000000007 -14.591183333333337 55.000200000000014
endloop
endfacet
facet normal 0 0 1
outer loop
vertex 18.51888333333334 -15.513950000000003 55.000200000000014
vertex 20.266250000000007 -14.591183333333337 55.000200000000014
vertex 17.77901666666667 -14.591183333333337 55.000200000000014
endloop
endfacet
facet normal 0 0 0.9999999999999999
outer loop
vertex -18.51888333333334 -15.513950000000003 55.000200000000014
vertex -20.266250000000007 -14.591183333333337 55.000200000000014
vertex -19.325400000000005 -15.859600000000004 55.000200000000014
endloop
endfacet
facet normal 0 0 1
outer loop
vertex -18.51888333333334 -15.513950000000003 55.000200000000014
vertex -19.325400000000005 -15.859600000000004 55.000200000000014
vertex -18.959600000000005 -16.26363333333334 55.000200000000014
endloop
endfacet
facet normal 0 0 1
outer loop
vertex -18.51888333333334 -15.513950000000003 55.000200000000014
vertex -18.959600000000005 -16.26363333333334 55.000200000000014
vertex -16.26363333333334 -16.26363333333334 55.000200000000014
endloop
endfacet
facet normal 0 0 1
outer loop
vertex -18.51888333333334 -15.513950000000003 55.000200000000014
vertex -16.26363333333334 -16.26363333333334 55.000200000000014
vertex -17.77901666666667 -14.591183333333337 55.000200000000014
endloop
endfacet
facet normal 0 0 1
outer loop
vertex -18.51888333333334 -15.513950000000003 55.000200000000014
vertex -17.77901666666667 -14.591183333333337 55.000200000000014
vertex -20.266250000000007 -14.591183333333337 55.000200000000014
endloop
endfacet
facet normal 0 0 1
outer loop
vertex 17.01176666666667 -17.15281666666667 55.000200000000014
vertex 16.26363333333334 -16.26363333333334 55.000200000000014
vertex 14.591183333333337 -17.77901666666667 55.000200000000014
endloop
endfacet
facet normal 0 0 0.9999999999999999
outer loop
vertex 17.01176666666667 -17.15281666666667 55.000200000000014
vertex 14.591183333333337 -17.77901666666667 55.000200000000014
vertex 17.565633333333338 -17.77901666666667 55.000200000000014
endloop
endfacet
facet normal 0 0 1
outer loop
vertex 17.01176666666667 -17.15281666666667 55.000200000000014
vertex 17.565633333333338 -17.77901666666667 55.000200000000014
vertex 17.677750000000003 -17.677750000000003 55.000200000000014
endloop
endfacet
facet normal 0 0 1
outer loop
vertex 17.01176666666667 -17.15281666666667 55.000200000000014
vertex 17.677750000000003 -17.677750000000003 55.000200000000014
vertex 18.959600000000005 -16.26363333333334 55.000200000000014
endloop
endfacet
facet normal 0 0 1
outer loop
vertex 17.01176666666667 -17.15281666666667 55.000200000000014
vertex 18.959600000000005 -16.26363333333334 55.000200000000014
vertex 16.26363333333334 -16.26363333333334 55.000200000000014
endloop
endfacet
facet normal 0 0 1
outer loop
vertex -17.01176666666667 -17.15281666666667 55.000200000000014
vertex -18.959600000000005 -16.26363333333334 55.000200000000014
vertex -17.677750000000003 -17.677750000000003 55.000200000000014
endloop
endfacet
facet normal 0 0 1
outer loop
vertex -17.01176666666667 -17.15281666666667 55.000200000000014
vertex -17.677750000000003 -17.677750000000003 55.000200000000014
vertex -17.565633333333338 -17.77901666666667 55.000200000000014
endloop
endfacet
facet normal 0 0 0.9999999999999999
outer loop
vertex -17.01176666666667 -17.15281666666667 55.000200000000014
vertex -17.565633333333338 -17.77901666666667 55.000200000000014
vertex -14.591183333333337 -17.77901666666667 55.000200000000014
endloop
endfacet
facet normal 0 0 1
outer loop
vertex -17.01176666666667 -17.15281666666667 55.000200000000014
vertex -14.591183333333337 -17.77901666666667 55.000200000000014
vertex -16.26363333333334 -16.26363333333334 55.000200000000014
endloop
endfacet
facet normal 0 0 1
outer loop
vertex -17.01176666666667 -17.15281666666667 55.000200000000014
vertex -16.26363333333334 -16.26363333333334 55.000200000000014
vertex -18.959600000000005 -16.26363333333334 55.000200000000014
endloop
endfacet
facet normal 0 0 1
outer loop
vertex 14.591183333333337 -17.77901666666667 55.000200000000014
vertex 12.778200000000004 -19.123900000000006 55.000200000000014
vertex 16.082283333333336 -19.123900000000006 55.000200000000014
endloop
endfacet
facet normal 0 0 1
outer loop
vertex 14.591183333333337 -17.77901666666667 55.000200000000014
vertex 16.082283333333336 -19.123900000000006 55.000200000000014
vertex 17.565633333333338 -17.77901666666667 55.000200000000014
endloop
endfacet
facet normal 0 0 1
outer loop
vertex -17.565633333333338 -17.77901666666667 55.000200000000014
vertex -16.082283333333336 -19.123900000000006 55.000200000000014
vertex -12.778200000000004 -19.123900000000006 55.000200000000014
endloop
endfacet
facet normal 0 0 1
outer loop
vertex -17.565633333333338 -17.77901666666667 55.000200000000014
vertex -12.778200000000004 -19.123900000000006 55.000200000000014
vertex -14.591183333333337 -17.77901666666667 55.000200000000014
endloop
endfacet
facet normal 0 0 1
outer loop
vertex 14.025950000000003 -19.628166666666672 55.000200000000014
vertex 12.778200000000004 -19.123900000000006 55.000200000000014
vertex 10.842250000000003 -20.28433333333334 55.000200000000014
endloop
endfacet
facet normal 0 0 1
outer loop
vertex 14.025950000000003 -19.628166666666672 55.000200000000014
vertex 10.842250000000003 -20.28433333333334 55.000200000000014
vertex 14.566900000000004 -20.28433333333334 55.000200000000014
endloop
endfacet
facet normal 0 0 1
outer loop
vertex 14.025950000000003 -19.628166666666672 55.000200000000014
vertex 14.566900000000004 -20.28433333333334 55.000200000000014
vertex 15.859600000000004 -19.325400000000005 55.000200000000014
endloop
endfacet
facet normal 0 0 0.9999999999999999
outer loop
vertex 14.025950000000003 -19.628166666666672 55.000200000000014
vertex 15.859600000000004 -19.325400000000005 55.000200000000014
vertex 16.082283333333336 -19.123900000000006 55.000200000000014
endloop
endfacet
facet normal 0 0 1
outer loop
vertex 14.025950000000003 -19.628166666666672 55.000200000000014
vertex 16.082283333333336 -19.123900000000006 55.000200000000014
vertex 12.778200000000004 -19.123900000000006 55.000200000000014
endloop
endfacet
facet normal 0 0 0.9999999999999999
outer loop
vertex -14.025950000000003 -19.628166666666672 55.000200000000014
vertex -16.082283333333336 -19.123900000000006 55.000200000000014
vertex -15.859600000000004 -19.325400000000005 55.000200000000014
endloop
endfacet
facet normal 0 0 1
outer loop
vertex -14.025950000000003 -19.628166666666672 55.000200000000014
vertex -15.859600000000004 -19.325400000000005 55.000200000000014
vertex -14.566900000000004 -20.28433333333334 55.000200000000014
endloop
endfacet
facet normal 0 0 1
outer loop
vertex -14.025950000000003 -19.628166666666672 55.000200000000014
vertex -14.566900000000004 -20.28433333333334 55.000200000000014
vertex -10.842250000000003 -20.28433333333334 55.000200000000014
endloop
endfacet
facet normal 0 0 1
outer loop
vertex -14.025950000000003 -19.628166666666672 55.000200000000014
vertex -10.842250000000003 -20.28433333333334 55.000200000000014
vertex -12.778200000000004 -19.123900000000006 55.000200000000014
endloop
endfacet
facet normal 0 0 1
outer loop
vertex -14.025950000000003 -19.628166666666672 55.000200000000014
vertex -12.778200000000004 -19.123900000000006 55.000200000000014
vertex -16.082283333333336 -19.123900000000006 55.000200000000014
endloop
endfacet
facet normal 0 0 1
outer loop
vertex 12.243450000000003 -20.77103333333334 55.000200000000014
vertex 10.842250000000003 -20.28433333333334 55.000200000000014
vertex 8.801933333333336 -21.24946666666667 55.000200000000014
endloop
endfacet
facet normal 0 0 1
outer loop
vertex 12.243450000000003 -20.77103333333334 55.000200000000014
vertex 8.801933333333336 -21.24946666666667 55.000200000000014
vertex 13.117650000000003 -21.24946666666667 55.000200000000014
endloop
endfacet
facet normal 0 0 1
outer loop
vertex 12.243450000000003 -20.77103333333334 55.000200000000014
vertex 13.117650000000003 -21.24946666666667 55.000200000000014
vertex 13.889033333333337 -20.786533333333338 55.000200000000014
endloop
endfacet
facet normal 0 0 1
outer loop
vertex 12.243450000000003 -20.77103333333334 55.000200000000014
vertex 13.889033333333337 -20.786533333333338 55.000200000000014
vertex 14.566900000000004 -20.28433333333334 55.000200000000014
endloop
endfacet
facet normal 0 0 1
outer loop
vertex 12.243450000000003 -20.77103333333334 55.000200000000014
vertex 14.566900000000004 -20.28433333333334 55.000200000000014
vertex 10.842250000000003 -20.28433333333334 55.000200000000014
endloop
endfacet
facet normal 0 0 1
outer loop
vertex -12.243450000000003 -20.77103333333334 55.000200000000014
vertex -14.566900000000004 -20.28433333333334 55.000200000000014
vertex -13.889033333333337 -20.786533333333338 55.000200000000014
endloop
endfacet
facet normal 0 0 1
outer loop
vertex -12.243450000000003 -20.77103333333334 55.000200000000014
vertex -13.889033333333337 -20.786533333333338 55.000200000000014
vertex -13.117650000000003 -21.24946666666667 55.000200000000014
endloop
endfacet
facet normal 0 0 1
outer loop
vertex -12.243450000000003 -20.77103333333334 55.000200000000014
vertex -13.117650000000003 -21.24946666666667 55.000200000000014
vertex -8.801933333333336 -21.24946666666667 55.000200000000014
endloop
endfacet
facet normal 0 0 1
outer loop
vertex -12.243450000000003 -20.77103333333334 55.000200000000014
vertex -8.801933333333336 -21.24946666666667 55.000200000000014
vertex -10.842250000000003 -20.28433333333334 55.000200000000014
endloop
endfacet
facet normal 0 0 1
outer loop
vertex -12.243450000000003 -20.77103333333334 55.000200000000014
vertex -10.842250000000003 -20.28433333333334 55.000200000000014
vertex -14.566900000000004 -20.28433333333334 55.000200000000014
endloop
endfacet
facet normal 0 0 1
outer loop
vertex 8.801933333333336 -21.24946666666667 55.000200000000014
vertex 6.676366666666668 -22.00948333333334 55.000200000000014
vertex 11.849233333333336 -22.00948333333334 55.000200000000014
endloop
endfacet
facet normal 0 0 1
outer loop
vertex 8.801933333333336 -21.24946666666667 55.000200000000014
vertex 11.849233333333336 -22.00948333333334 55.000200000000014
vertex 13.117650000000003 -21.24946666666667 55.000200000000014
endloop
endfacet
facet normal 0 0 1
outer loop
vertex -13.117650000000003 -21.24946666666667 55.000200000000014
vertex -11.849233333333336 -22.00948333333334 55.000200000000014
vertex -6.676366666666668 -22.00948333333334 55.000200000000014
endloop
endfacet
facet normal 0 0 1
outer loop
vertex -13.117650000000003 -21.24946666666667 55.000200000000014
vertex -6.676366666666668 -22.00948333333334 55.000200000000014
vertex -8.801933333333336 -21.24946666666667 55.000200000000014
endloop
endfacet
facet normal 0 0 1
outer loop
vertex 9.101083333333335 -22.236816666666673 55.000200000000014
vertex 6.676366666666668 -22.00948333333334 55.000200000000014
vertex 4.487250000000001 -22.55818333333334 55.000200000000014
endloop
endfacet
facet normal 0 0 1
outer loop
vertex 9.101083333333335 -22.236816666666673 55.000200000000014
vertex 4.487250000000001 -22.55818333333334 55.000200000000014
vertex 10.70636666666667 -22.55818333333334 55.000200000000014
endloop
endfacet
facet normal 0 0 1
outer loop
vertex 9.101083333333335 -22.236816666666673 55.000200000000014
vertex 10.70636666666667 -22.55818333333334 55.000200000000014
vertex 11.785166666666669 -22.04823333333334 55.000200000000014
endloop
endfacet
facet normal 0 0 1
outer loop
vertex 9.101083333333335 -22.236816666666673 55.000200000000014
vertex 11.785166666666669 -22.04823333333334 55.000200000000014
vertex 11.849233333333336 -22.00948333333334 55.000200000000014
endloop
endfacet
facet normal 0 0 1
outer loop
vertex 9.101083333333335 -22.236816666666673 55.000200000000014
vertex 11.849233333333336 -22.00948333333334 55.000200000000014
vertex 6.676366666666668 -22.00948333333334 55.000200000000014
endloop
endfacet
facet normal 0 0 1
outer loop
vertex -9.101083333333335 -22.236816666666673 55.000200000000014
vertex -11.849233333333336 -22.00948333333334 55.000200000000014
vertex -11.785166666666669 -22.04823333333334 55.000200000000014
endloop
endfacet
facet normal 0 0 1
outer loop
vertex -9.101083333333335 -22.236816666666673 55.000200000000014
vertex -11.785166666666669 -22.04823333333334 55.000200000000014
vertex -10.70636666666667 -22.55818333333334 55.000200000000014
endloop
endfacet
facet normal 0 0 1
outer loop
vertex -9.101083333333335 -22.236816666666673 55.000200000000014
vertex -10.70636666666667 -22.55818333333334 55.000200000000014
vertex -4.487250000000001 -22.55818333333334 55.000200000000014
endloop
endfacet
facet normal 0 0 1
outer loop
vertex -9.101083333333335 -22.236816666666673 55.000200000000014
vertex -4.487250000000001 -22.55818333333334 55.000200000000014
vertex -6.676366666666668 -22.00948333333334 55.000200000000014
endloop
endfacet
facet normal 0 0 1
outer loop
vertex -9.101083333333335 -22.236816666666673 55.000200000000014
vertex -6.676366666666668 -22.00948333333334 55.000200000000014
vertex -11.849233333333336 -22.00948333333334 55.000200000000014
endloop
endfacet
facet normal 0 0 1
outer loop
vertex 4.487250000000001 -22.55818333333334 55.000200000000014
vertex 2.254216666666667 -22.88936666666667 55.000200000000014
vertex 10.006283333333336 -22.88936666666667 55.000200000000014
endloop
endfacet
facet normal 0 0 1
outer loop
vertex 4.487250000000001 -22.55818333333334 55.000200000000014
vertex 10.006283333333336 -22.88936666666667 55.000200000000014
vertex 10.70636666666667 -22.55818333333334 55.000200000000014
endloop
endfacet
facet normal 0 0 1
outer loop
vertex -10.70636666666667 -22.55818333333334 55.000200000000014
vertex -10.006283333333336 -22.88936666666667 55.000200000000014
vertex -2.254216666666667 -22.88936666666667 55.000200000000014
endloop
endfacet
facet normal 0 0 1
outer loop
vertex -10.70636666666667 -22.55818333333334 55.000200000000014
vertex -2.254216666666667 -22.88936666666667 55.000200000000014
vertex -4.487250000000001 -22.55818333333334 55.000200000000014
endloop
endfacet
facet normal 0 0 1
outer loop
vertex 2.254216666666667 -22.88936666666667 55.000200000000014
vertex 0 -22.99993333333334 55.000200000000014
vertex 9.772233333333336 -22.99993333333334 55.000200000000014
endloop
endfacet
facet normal 0 0 1
outer loop
vertex 2.254216666666667 -22.88936666666667 55.000200000000014
vertex 9.772233333333336 -22.99993333333334 55.000200000000014
vertex 10.006283333333336 -22.88936666666667 55.000200000000014
endloop
endfacet
facet normal 0 0 1
outer loop
vertex -10.006283333333336 -22.88936666666667 55.000200000000014
vertex -9.772233333333336 -22.99993333333334 55.000200000000014
vertex 0 -22.99993333333334 55.000200000000014
endloop
endfacet
facet normal 0 0 1
outer loop
vertex -10.006283333333336 -22.88936666666667 55.000200000000014
vertex 0 -22.99993333333334 55.000200000000014
vertex -2.254216666666667 -22.88936666666667 55.000200000000014
endloop
endfacet
facet normal 0 0 1
outer loop
vertex 0 -23.90306666666667 55.000200000000014
vertex 0 -22.99993333333334 55.000200000000014
vertex -9.772233333333336 -22.99993333333334 55.000200000000014
endloop
endfacet
facet normal 0 0 1
outer loop
vertex 0 -23.90306666666667 55.000200000000014
vertex -9.772233333333336 -22.99993333333334 55.000200000000014
vertex -9.567116666666669 -23.097066666666674 55.000200000000014
endloop
endfacet
facet normal 0 0 0.9999999999999999
outer loop
vertex 0 -23.90306666666667 55.000200000000014
vertex -9.567116666666669 -23.097066666666674 55.000200000000014
vertex -7.257100000000002 -23.923733333333338 55.000200000000014
endloop
endfacet
facet normal 0 0 1
outer loop
vertex 0 -23.90306666666667 55.000200000000014
vertex -7.257100000000002 -23.923733333333338 55.000200000000014
vertex -4.877333333333334 -24.519450000000006 55.000200000000014
endloop
endfacet
facet normal 0 0 0.9999999999999999
outer loop
vertex 0 -23.90306666666667 55.000200000000014
vertex -4.877333333333334 -24.519450000000006 55.000200000000014
vertex -2.4505500000000007 -24.879566666666673 55.000200000000014
endloop
endfacet
facet normal 0 0 1
outer loop
vertex 0 -23.90306666666667 55.000200000000014
vertex -2.4505500000000007 -24.879566666666673 55.000200000000014
vertex 0 -24.999950000000005 55.000200000000014
endloop
endfacet
facet normal 0 0 1
outer loop
vertex 0 -23.90306666666667 55.000200000000014
vertex 0 -24.999950000000005 55.000200000000014
vertex 2.4505500000000007 -24.879566666666673 55.000200000000014
endloop
endfacet
facet normal 0 0 0.9999999999999999
outer loop
vertex 0 -23.90306666666667 55.000200000000014
vertex 2.4505500000000007 -24.879566666666673 55.000200000000014
vertex 4.877333333333334 -24.519450000000006 55.000200000000014
endloop
endfacet
facet normal 0 0 1
outer loop
vertex 0 -23.90306666666667 55.000200000000014
vertex 4.877333333333334 -24.519450000000006 55.000200000000014
vertex 7.257100000000002 -23.923733333333338 55.000200000000014
endloop
endfacet
facet normal 0 0 0.9999999999999999
outer loop
vertex 0 -23.90306666666667 55.000200000000014
vertex 7.257100000000002 -23.923733333333338 55.000200000000014
vertex 9.567116666666669 -23.097066666666674 55.000200000000014
endloop
endfacet
facet normal 0 0 1
outer loop
vertex 0 -23.90306666666667 55.000200000000014
vertex 9.567116666666669 -23.097066666666674 55.000200000000014
vertex 9.772233333333336 -22.99993333333334 55.000200000000014
endloop
endfacet
facet normal 0 0 1
outer loop
vertex 0 -23.90306666666667 55.000200000000014
vertex 9.772233333333336 -22.99993333333334 55.000200000000014
vertex 0 -22.99993333333334 55.000200000000014
endloop
endfacet
facet normal 0.9428525546652644 0.04619162371559172 0.3299930212287859
outer loop
vertex 25.879260000000002 1.4407500000000002 57.99988666666667
vertex 25.128563333333336 2.475076666666667 59.99998666666667
vertex 25.147773333333337 2.0829666666666666 59.99998666666667
endloop
endfacet
facet normal 0.942853302150338 0.046204926741905634 0.3299890231037667
outer loop
vertex 25.879260000000002 1.4407500000000002 57.99988666666667
vertex 25.147773333333337 2.0829666666666666 59.99998666666667
vertex 25.249850000000002 0 59.99998666666667
endloop
endfacet
facet normal 0.942847082705084 0.04622785483181643 0.3300035819080773
outer loop
vertex 25.879260000000002 1.4407500000000002 57.99988666666667
vertex 25.249850000000002 0 59.99998666666667
vertex 26.999843333333335 0 55.00011333333334
endloop
endfacet
facet normal 0.9428543919591342 0.04629729080926483 0.329972963175915
outer loop
vertex 25.879260000000002 1.4407500000000002 57.99988666666667
vertex 26.999843333333335 0 55.00011333333334
vertex 26.869893333333337 2.6464600000000003 55.00011333333334
endloop
endfacet
facet normal 0.9428606131858981 0.04626071449780333 0.32996031639708534
outer loop
vertex 25.879260000000002 1.4407500000000002 57.99988666666667
vertex 26.869893333333337 2.6464600000000003 55.00011333333334
vertex 25.128563333333336 2.475076666666667 59.99998666666667
endloop
endfacet
facet normal 0.9337622513161461 0.13862215072558695 0.3299575083934525
outer loop
vertex 24.764703333333337 4.926046666666667 59.99998666666667
vertex 25.128563333333336 2.475076666666667 59.99998666666667
vertex 26.869893333333337 2.6464600000000003 55.00011333333334
endloop
endfacet
facet normal 0.9337608304820156 0.13849398922929687 0.33001534268105187
outer loop
vertex 24.764703333333337 4.926046666666667 59.99998666666667
vertex 26.869893333333337 2.6464600000000003 55.00011333333334
vertex 26.481173333333334 5.267306666666667 55.00011333333334
endloop
endfacet
facet normal 0.9156984626169937 0.22931925141231185 0.33001364591872756
outer loop
vertex 24.16279 7.329556666666667 59.99998666666667
vertex 24.764703333333337 4.926046666666667 59.99998666666667
vertex 26.481173333333334 5.267306666666667 55.00011333333334
endloop
endfacet
facet normal 0.9156977859680535 0.2293270099969819 0.33001013205513735
outer loop
vertex 24.16279 7.329556666666667 59.99998666666667
vertex 26.481173333333334 5.267306666666667 55.00011333333334
vertex 25.83745 7.837680000000001 55.00011333333334
endloop
endfacet
facet normal 0.8888066164091797 0.3179844142658611 0.3300131980864743
outer loop
vertex 23.328096666666667 9.66263 59.99998666666667
vertex 24.16279 7.329556666666667 59.99998666666667
vertex 25.83745 7.837680000000001 55.00011333333334
endloop
endfacet
facet normal 0.8887943963138945 0.3180496329856447 0.32998326024014746
outer loop
vertex 23.328096666666667 9.66263 59.99998666666667
vertex 25.83745 7.837680000000001 55.00011333333334
vertex 24.944750000000003 10.332343333333334 55.00011333333334
endloop
endfacet
facet normal 0.8533763063120964 0.4035578907593222 0.3299847096927526
outer loop
vertex 23.81136 11.093586666666667 57.000213333333335
vertex 23.328096666666667 9.66263 59.99998666666667
vertex 24.944750000000003 10.332343333333334 55.00011333333334
endloop
endfacet
facet normal 0.853350527877027 0.40365435169349756 0.32993338862701027
outer loop
vertex 23.81136 11.093586666666667 57.000213333333335
vertex 24.944750000000003 10.332343333333334 55.00011333333334
vertex 24.703683333333334 10.841973333333334 55.00011333333334
endloop
endfacet
facet normal 0.8533480359456237 0.4036612363402384 0.3299314107871765
outer loop
vertex 23.81136 11.093586666666667 57.000213333333335
vertex 24.703683333333334 10.841973333333334 55.00011333333334
vertex 23.81173666666667 12.727566666666668 55.00011333333334
endloop
endfacet
facet normal 0.8533031972261288 0.40371807266055404 0.3299778347266887
outer loop
vertex 23.81136 11.093586666666667 57.000213333333335
vertex 23.81173666666667 12.727566666666668 55.00011333333334
vertex 22.268533333333334 11.902666666666669 59.99998666666667
endloop
endfacet
facet normal 0.8533289105521549 0.403634475430168 0.3300136067802134
outer loop
vertex 23.81136 11.093586666666667 57.000213333333335
vertex 22.268533333333334 11.902666666666669 59.99998666666667
vertex 23.328096666666667 9.66263 59.99998666666667
endloop
endfacet
facet normal 0.8097240395057673 0.4852439719676587 0.32997767729880245
outer loop
vertex 22.268533333333334 11.902666666666669 59.99998666666667
vertex 23.81173666666667 12.727566666666668 55.00011333333334
vertex 22.449710000000003 15.000373333333334 55.00011333333334
endloop
endfacet
facet normal 0.8096988069162363 0.48527403242791245 0.3299953871337853
outer loop
vertex 22.268533333333334 11.902666666666669 59.99998666666667
vertex 22.449710000000003 15.000373333333334 55.00011333333334
vertex 20.994646666666668 14.028196666666668 59.99998666666667
endloop
endfacet
facet normal 0.7581710013074973 0.5623884365450837 0.3299939078479529
outer loop
vertex 20.994646666666668 14.028196666666668 59.99998666666667
vertex 22.449710000000003 15.000373333333334 55.00011333333334
vertex 20.871100000000002 17.12854 55.00011333333334
endloop
endfacet
facet normal 0.7582137410563652 0.5623466410295037 0.32996693500432106
outer loop
vertex 20.994646666666668 14.028196666666668 59.99998666666667
vertex 20.871100000000002 17.12854 55.00011333333334
vertex 19.51849 16.018503333333335 59.99998666666667
endloop
endfacet
facet normal 0.6994445538023434 0.6339555011823222 0.32996626899868325
outer loop
vertex 19.51849 16.018503333333335 59.99998666666667
vertex 20.871100000000002 17.12854 55.00011333333334
vertex 19.09172666666667 19.09172666666667 55.00011333333334
endloop
endfacet
facet normal 0.699414903273117 0.6339792865532687 0.329983419736303
outer loop
vertex 19.51849 16.018503333333335 59.99998666666667
vertex 19.09172666666667 19.09172666666667 55.00011333333334
vertex 17.854376666666667 17.854376666666667 59.99998666666667
endloop
endfacet
facet normal 0.6339516098218816 0.6994402604554728 0.3299828457029621
outer loop
vertex 17.854376666666667 17.854376666666667 59.99998666666667
vertex 19.09172666666667 19.09172666666667 55.00011333333334
vertex 17.12854 20.871100000000002 55.00011333333334
endloop
endfacet
facet normal 0.6339834478026228 0.699419494022178 0.32996569411691823
outer loop
vertex 17.854376666666667 17.854376666666667 59.99998666666667
vertex 17.12854 20.871100000000002 55.00011333333334
vertex 16.018503333333335 19.51849 59.99998666666667
endloop
endfacet
facet normal 0.5623938658568012 0.7581783207088821 0.3299678373019129
outer loop
vertex 16.018503333333335 19.51849 59.99998666666667
vertex 17.12854 20.871100000000002 55.00011333333334
vertex 15.000373333333334 22.449710000000003 55.00011333333334
endloop
endfacet
facet normal 0.5623408358728226 0.7582059139453922 0.32999481263815034
outer loop
vertex 16.018503333333335 19.51849 59.99998666666667
vertex 15.000373333333334 22.449710000000003 55.00011333333334
vertex 14.028196666666668 20.994646666666668 59.99998666666667
endloop
endfacet
facet normal 0.48542206819293504 0.8096089885760883 0.32999803230943175
outer loop
vertex 13.548323333333334 22.505080000000003 57.000213333333335
vertex 14.028196666666668 20.994646666666668 59.99998666666667
vertex 15.000373333333334 22.449710000000003 55.00011333333334
endloop
endfacet
facet normal 0.4852571415438172 0.8097583238082326 0.3298741632865553
outer loop
vertex 13.548323333333334 22.505080000000003 57.000213333333335
vertex 15.000373333333334 22.449710000000003 55.00011333333334
vertex 14.08206 23.000020000000003 55.00011333333334
endloop
endfacet
facet normal 0.4852660751070197 0.8097525782296258 0.3298751254652311
outer loop
vertex 13.548323333333334 22.505080000000003 57.000213333333335
vertex 14.08206 23.000020000000003 55.00011333333334
vertex 12.727566666666668 23.81173666666667 55.00011333333334
endloop
endfacet
facet normal 0.4851001008967248 0.8098092013604329 0.3299802259256835
outer loop
vertex 13.548323333333334 22.505080000000003 57.000213333333335
vertex 12.727566666666668 23.81173666666667 55.00011333333334
vertex 11.902666666666669 22.268533333333334 59.99998666666667
endloop
endfacet
facet normal 0.4852625734810005 0.8096796872126809 0.33005914453893215
outer loop
vertex 13.548323333333334 22.505080000000003 57.000213333333335
vertex 11.902666666666669 22.268533333333334 59.99998666666667
vertex 14.028196666666668 20.994646666666668 59.99998666666667
endloop
endfacet
facet normal 0.40365306055485994 0.8533343790120854 0.32997673296878555
outer loop
vertex 11.902666666666669 22.268533333333334 59.99998666666667
vertex 12.727566666666668 23.81173666666667 55.00011333333334
vertex 10.332343333333334 24.944750000000003 55.00011333333334
endloop
endfacet
facet normal 0.40363899941208253 0.8533384747613427 0.3299833414668051
outer loop
vertex 11.902666666666669 22.268533333333334 59.99998666666667
vertex 10.332343333333334 24.944750000000003 55.00011333333334
vertex 9.66263 23.328096666666667 59.99998666666667
endloop
endfacet
facet normal 0.3179844142658612 0.8888066164091797 0.33001319808647417
outer loop
vertex 7.837680000000001 25.83745 55.00011333333334
vertex 7.329556666666667 24.16279 59.99998666666667
vertex 9.66263 23.328096666666667 59.99998666666667
endloop
endfacet
facet normal 0.31804963298564465 0.8887943963138945 0.3299832602401474
outer loop
vertex 7.837680000000001 25.83745 55.00011333333334
vertex 9.66263 23.328096666666667 59.99998666666667
vertex 10.332343333333334 24.944750000000003 55.00011333333334
endloop
endfacet
facet normal 0.22931925141231183 0.9156984626169937 0.3300136459187275
outer loop
vertex 5.267306666666667 26.481173333333334 55.00011333333334
vertex 4.926046666666667 24.764703333333337 59.99998666666667
vertex 7.329556666666667 24.16279 59.99998666666667
endloop
endfacet
facet normal 0.2293270099969819 0.9156977859680535 0.33001013205513735
outer loop
vertex 5.267306666666667 26.481173333333334 55.00011333333334
vertex 7.329556666666667 24.16279 59.99998666666667
vertex 7.837680000000001 25.83745 55.00011333333334
endloop
endfacet
facet normal 0.138622150725587 0.9337622513161461 0.3299575083934525
outer loop
vertex 2.6464600000000003 26.869893333333337 55.00011333333334
vertex 2.475076666666667 25.128563333333336 59.99998666666667
vertex 4.926046666666667 24.764703333333337 59.99998666666667
endloop
endfacet
facet normal 0.1384939892292968 0.9337608304820156 0.33001534268105176
outer loop
vertex 2.6464600000000003 26.869893333333337 55.00011333333334
vertex 4.926046666666667 24.764703333333337 59.99998666666667
vertex 5.267306666666667 26.481173333333334 55.00011333333334
endloop
endfacet
facet normal 0.04620257435633695 0.9428481866319584 0.33000396829079975
outer loop
vertex 0 26.999843333333335 55.00011333333334
vertex 0 25.249850000000002 59.99998666666667
vertex 2.475076666666667 25.128563333333336 59.99998666666667
endloop
endfacet
facet normal 0.04629749795641262 0.9428586105558313 0.32996087977774435
outer loop
vertex 0 26.999843333333335 55.00011333333334
vertex 2.475076666666667 25.128563333333336 59.99998666666667
vertex 2.6464600000000003 26.869893333333337 55.00011333333334
endloop
endfacet
facet normal -0.04629749795641262 0.9428586105558313 0.32996087977774435
outer loop
vertex 0 26.999843333333335 55.00011333333334
vertex -2.6464600000000003 26.869893333333337 55.00011333333334
vertex -2.475076666666667 25.128563333333336 59.99998666666667
endloop
endfacet
facet normal -0.04620257435633695 0.9428481866319584 0.33000396829079975
outer loop
vertex 0 26.999843333333335 55.00011333333334
vertex -2.475076666666667 25.128563333333336 59.99998666666667
vertex 0 25.249850000000002 59.99998666666667
endloop
endfacet
facet normal -0.1384939892292968 0.9337608304820156 0.33001534268105176
outer loop
vertex -2.6464600000000003 26.869893333333337 55.00011333333334
vertex -5.267306666666667 26.481173333333334 55.00011333333334
vertex -4.926046666666667 24.764703333333337 59.99998666666667
endloop
endfacet
facet normal -0.138622150725587 0.9337622513161461 0.3299575083934525
outer loop
vertex -2.6464600000000003 26.869893333333337 55.00011333333334
vertex -4.926046666666667 24.764703333333337 59.99998666666667
vertex -2.475076666666667 25.128563333333336 59.99998666666667
endloop
endfacet
facet normal -0.2293270099969819 0.9156977859680535 0.33001013205513735
outer loop
vertex -5.267306666666667 26.481173333333334 55.00011333333334
vertex -7.837680000000001 25.83745 55.00011333333334
vertex -7.329556666666667 24.16279 59.99998666666667
endloop
endfacet
facet normal -0.22931925141231183 0.9156984626169937 0.3300136459187275
outer loop
vertex -5.267306666666667 26.481173333333334 55.00011333333334
vertex -7.329556666666667 24.16279 59.99998666666667
vertex -4.926046666666667 24.764703333333337 59.99998666666667
endloop
endfacet
facet normal -0.31804963298564465 0.8887943963138945 0.3299832602401474
outer loop
vertex -7.837680000000001 25.83745 55.00011333333334
vertex -10.332343333333334 24.944750000000003 55.00011333333334
vertex -9.66263 23.328096666666667 59.99998666666667
endloop
endfacet
facet normal -0.3179844142658612 0.8888066164091797 0.33001319808647417
outer loop
vertex -7.837680000000001 25.83745 55.00011333333334
vertex -9.66263 23.328096666666667 59.99998666666667
vertex -7.329556666666667 24.16279 59.99998666666667
endloop
endfacet
facet normal -0.40365210584900985 0.8533323607359882 0.3299831201204163
outer loop
vertex -9.66263 23.328096666666667 59.99998666666667
vertex -10.332343333333334 24.944750000000003 55.00011333333334
vertex -12.727566666666668 23.81173666666667 55.00011333333334
endloop
endfacet
facet normal -0.40364002023297896 0.853340632892118 0.32997651177258047
outer loop
vertex -9.66263 23.328096666666667 59.99998666666667
vertex -12.727566666666668 23.81173666666667 55.00011333333334
vertex -11.902666666666669 22.268533333333334 59.99998666666667
endloop
endfacet
facet normal -0.4851001008967248 0.8098092013604329 0.3299802259256835
outer loop
vertex -13.548323333333334 22.505080000000003 57.000213333333335
vertex -11.902666666666669 22.268533333333334 59.99998666666667
vertex -12.727566666666668 23.81173666666667 55.00011333333334
endloop
endfacet
facet normal -0.4852660751070197 0.8097525782296258 0.3298751254652311
outer loop
vertex -13.548323333333334 22.505080000000003 57.000213333333335
vertex -12.727566666666668 23.81173666666667 55.00011333333334
vertex -14.08206 23.000020000000003 55.00011333333334
endloop
endfacet
facet normal -0.4852571415438172 0.8097583238082326 0.3298741632865553
outer loop
vertex -13.548323333333334 22.505080000000003 57.000213333333335
vertex -14.08206 23.000020000000003 55.00011333333334
vertex -15.000373333333334 22.449710000000003 55.00011333333334
endloop
endfacet
facet normal -0.48542206819293504 0.8096089885760883 0.32999803230943175
outer loop
vertex -13.548323333333334 22.505080000000003 57.000213333333335
vertex -15.000373333333334 22.449710000000003 55.00011333333334
vertex -14.028196666666668 20.994646666666668 59.99998666666667
endloop
endfacet
facet normal -0.4852625734810005 0.8096796872126809 0.33005914453893215
outer loop
vertex -13.548323333333334 22.505080000000003 57.000213333333335
vertex -14.028196666666668 20.994646666666668 59.99998666666667
vertex -11.902666666666669 22.268533333333334 59.99998666666667
endloop
endfacet
facet normal -0.5623884365450837 0.7581710013074973 0.3299939078479529
outer loop
vertex -14.028196666666668 20.994646666666668 59.99998666666667
vertex -15.000373333333334 22.449710000000003 55.00011333333334
vertex -17.12854 20.871100000000002 55.00011333333334
endloop
endfacet
facet normal -0.5623466410295037 0.7582137410563652 0.32996693500432106
outer loop
vertex -14.028196666666668 20.994646666666668 59.99998666666667
vertex -17.12854 20.871100000000002 55.00011333333334
vertex -16.018503333333335 19.51849 59.99998666666667
endloop
endfacet
facet normal -0.6339555011823222 0.6994445538023434 0.32996626899868325
outer loop
vertex -16.018503333333335 19.51849 59.99998666666667
vertex -17.12854 20.871100000000002 55.00011333333334
vertex -19.09172666666667 19.09172666666667 55.00011333333334
endloop
endfacet
facet normal -0.6339792865532687 0.699414903273117 0.329983419736303
outer loop
vertex -16.018503333333335 19.51849 59.99998666666667
vertex -19.09172666666667 19.09172666666667 55.00011333333334
vertex -17.854376666666667 17.854376666666667 59.99998666666667
endloop
endfacet
facet normal -0.6994402604554728 0.6339516098218816 0.3299828457029621
outer loop
vertex -17.854376666666667 17.854376666666667 59.99998666666667
vertex -19.09172666666667 19.09172666666667 55.00011333333334
vertex -20.871100000000002 17.12854 55.00011333333334
endloop
endfacet
facet normal -0.699419494022178 0.6339834478026228 0.32996569411691823
outer loop
vertex -17.854376666666667 17.854376666666667 59.99998666666667
vertex -20.871100000000002 17.12854 55.00011333333334
vertex -19.51849 16.018503333333335 59.99998666666667
endloop
endfacet
facet normal -0.7581783207088821 0.5623938658568012 0.3299678373019129
outer loop
vertex -19.51849 16.018503333333335 59.99998666666667
vertex -20.871100000000002 17.12854 55.00011333333334
vertex -22.449710000000003 15.000373333333334 55.00011333333334
endloop
endfacet
facet normal -0.7582059139453922 0.5623408358728226 0.32999481263815034
outer loop
vertex -19.51849 16.018503333333335 59.99998666666667
vertex -22.449710000000003 15.000373333333334 55.00011333333334
vertex -20.994646666666668 14.028196666666668 59.99998666666667
endloop
endfacet
facet normal -0.8097189071870294 0.4852408963189089 0.32999479372175694
outer loop
vertex -20.994646666666668 14.028196666666668 59.99998666666667
vertex -22.449710000000003 15.000373333333334 55.00011333333334
vertex -23.81173666666667 12.727566666666668 55.00011333333334
endloop
endfacet
facet normal -0.8097042945801446 0.48527732133086093 0.32997708517473556
outer loop
vertex -20.994646666666668 14.028196666666668 59.99998666666667
vertex -23.81173666666667 12.727566666666668 55.00011333333334
vertex -22.268533333333334 11.902666666666669 59.99998666666667
endloop
endfacet
facet normal -0.8533031972261288 0.40371807266055404 0.3299778347266887
outer loop
vertex -23.81136 11.093586666666667 57.000213333333335
vertex -22.268533333333334 11.902666666666669 59.99998666666667
vertex -23.81173666666667 12.727566666666668 55.00011333333334
endloop
endfacet
facet normal -0.8533480359456237 0.4036612363402384 0.3299314107871765
outer loop
vertex -23.81136 11.093586666666667 57.000213333333335
vertex -23.81173666666667 12.727566666666668 55.00011333333334
vertex -24.703683333333334 10.841973333333334 55.00011333333334
endloop
endfacet
facet normal -0.853350527877027 0.40365435169349756 0.32993338862701027
outer loop
vertex -23.81136 11.093586666666667 57.000213333333335
vertex -24.703683333333334 10.841973333333334 55.00011333333334
vertex -24.944750000000003 10.332343333333334 55.00011333333334
endloop
endfacet
facet normal -0.8533763063120964 0.4035578907593222 0.3299847096927526
outer loop
vertex -23.81136 11.093586666666667 57.000213333333335
vertex -24.944750000000003 10.332343333333334 55.00011333333334
vertex -23.328096666666667 9.66263 59.99998666666667
endloop
endfacet
facet normal -0.8533289105521549 0.403634475430168 0.3300136067802134
outer loop
vertex -23.81136 11.093586666666667 57.000213333333335
vertex -23.328096666666667 9.66263 59.99998666666667
vertex -22.268533333333334 11.902666666666669 59.99998666666667
endloop
endfacet
facet normal -0.8888066164091797 0.3179844142658612 0.33001319808647417
outer loop
vertex -25.83745 7.837680000000001 55.00011333333334
vertex -24.16279 7.329556666666667 59.99998666666667
vertex -23.328096666666667 9.66263 59.99998666666667
endloop
endfacet
facet normal -0.8887943963138945 0.31804963298564465 0.3299832602401474
outer loop
vertex -25.83745 7.837680000000001 55.00011333333334
vertex -23.328096666666667 9.66263 59.99998666666667
vertex -24.944750000000003 10.332343333333334 55.00011333333334
endloop
endfacet
facet normal -0.9156984626169937 0.22931925141231183 0.3300136459187275
outer loop
vertex -26.481173333333334 5.267306666666667 55.00011333333334
vertex -24.764703333333337 4.926046666666667 59.99998666666667
vertex -24.16279 7.329556666666667 59.99998666666667
endloop
endfacet
facet normal -0.9156977859680535 0.2293270099969819 0.33001013205513735
outer loop
vertex -26.481173333333334 5.267306666666667 55.00011333333334
vertex -24.16279 7.329556666666667 59.99998666666667
vertex -25.83745 7.837680000000001 55.00011333333334
endloop
endfacet
facet normal -0.9337622513161461 0.138622150725587 0.3299575083934525
outer loop
vertex -26.869893333333337 2.6464600000000003 55.00011333333334
vertex -25.128563333333336 2.475076666666667 59.99998666666667
vertex -24.764703333333337 4.926046666666667 59.99998666666667
endloop
endfacet
facet normal -0.9337608304820156 0.1384939892292968 0.33001534268105176
outer loop
vertex -26.869893333333337 2.6464600000000003 55.00011333333334
vertex -24.764703333333337 4.926046666666667 59.99998666666667
vertex -26.481173333333334 5.267306666666667 55.00011333333334
endloop
endfacet
facet normal -0.942847082705084 0.04622785483181643 0.3300035819080773
outer loop
vertex -25.879260000000002 1.4407500000000002 57.99988666666667
vertex -26.999843333333335 0 55.00011333333334
vertex -25.249850000000002 0 59.99998666666667
endloop
endfacet
facet normal -0.942853302150338 0.046204926741905634 0.3299890231037667
outer loop
vertex -25.879260000000002 1.4407500000000002 57.99988666666667
vertex -25.249850000000002 0 59.99998666666667
vertex -25.147773333333337 2.0829666666666666 59.99998666666667
endloop
endfacet
facet normal -0.9428525546652644 0.04619162371559172 0.3299930212287859
outer loop
vertex -25.879260000000002 1.4407500000000002 57.99988666666667
vertex -25.147773333333337 2.0829666666666666 59.99998666666667
vertex -25.128563333333336 2.475076666666667 59.99998666666667
endloop
endfacet
facet normal -0.9428606131858981 0.04626071449780333 0.32996031639708534
outer loop
vertex -25.879260000000002 1.4407500000000002 57.99988666666667
vertex -25.128563333333336 2.475076666666667 59.99998666666667
vertex -26.869893333333337 2.6464600000000003 55.00011333333334
endloop
endfacet
facet normal -0.9428543919591342 0.04629729080926483 0.329972963175915
outer loop
vertex -25.879260000000002 1.4407500000000002 57.99988666666667
vertex -26.869893333333337 2.6464600000000003 55.00011333333334
vertex -26.999843333333335 0 55.00011333333334
endloop
endfacet
facet normal -0.9428543919591342 -0.04629729080926483 0.329972963175915
outer loop
vertex -25.879260000000002 -1.4407500000000002 57.99988666666667
vertex -26.999843333333335 0 55.00011333333334
vertex -26.869893333333337 -2.6464600000000003 55.00011333333334
endloop
endfacet
facet normal -0.9428606131858981 -0.04626071449780333 0.32996031639708534
outer loop
vertex -25.879260000000002 -1.4407500000000002 57.99988666666667
vertex -26.869893333333337 -2.6464600000000003 55.00011333333334
vertex -25.128563333333336 -2.475076666666667 59.99998666666667
endloop
endfacet
facet normal -0.9428525546652644 -0.04619162371559172 0.3299930212287859
outer loop
vertex -25.879260000000002 -1.4407500000000002 57.99988666666667
vertex -25.128563333333336 -2.475076666666667 59.99998666666667
vertex -25.147773333333337 -2.0829666666666666 59.99998666666667
endloop
endfacet
facet normal -0.942853302150338 -0.046204926741905634 0.3299890231037667
outer loop
vertex -25.879260000000002 -1.4407500000000002 57.99988666666667
vertex -25.147773333333337 -2.0829666666666666 59.99998666666667
vertex -25.249850000000002 0 59.99998666666667
endloop
endfacet
facet normal -0.942847082705084 -0.04622785483181643 0.3300035819080773
outer loop
vertex -25.879260000000002 -1.4407500000000002 57.99988666666667
vertex -25.249850000000002 0 59.99998666666667
vertex -26.999843333333335 0 55.00011333333334
endloop
endfacet
facet normal -0.9337608304820156 -0.1384939892292968 0.33001534268105176
outer loop
vertex -26.869893333333337 -2.6464600000000003 55.00011333333334
vertex -26.481173333333334 -5.267306666666667 55.00011333333334
vertex -24.764703333333337 -4.926046666666667 59.99998666666667
endloop
endfacet
facet normal -0.9337622513161461 -0.138622150725587 0.3299575083934525
outer loop
vertex -26.869893333333337 -2.6464600000000003 55.00011333333334
vertex -24.764703333333337 -4.926046666666667 59.99998666666667
vertex -25.128563333333336 -2.475076666666667 59.99998666666667
endloop
endfacet
facet normal -0.9156977859680535 -0.2293270099969819 0.33001013205513735
outer loop
vertex -26.481173333333334 -5.267306666666667 55.00011333333334
vertex -25.83745 -7.837680000000001 55.00011333333334
vertex -24.16279 -7.329556666666667 59.99998666666667
endloop
endfacet
facet normal -0.9156984626169937 -0.22931925141231183 0.3300136459187275
outer loop
vertex -26.481173333333334 -5.267306666666667 55.00011333333334
vertex -24.16279 -7.329556666666667 59.99998666666667
vertex -24.764703333333337 -4.926046666666667 59.99998666666667
endloop
endfacet
facet normal -0.8887943963138945 -0.31804963298564465 0.3299832602401474
outer loop
vertex -25.83745 -7.837680000000001 55.00011333333334
vertex -24.944750000000003 -10.332343333333334 55.00011333333334
vertex -23.328096666666667 -9.66263 59.99998666666667
endloop
endfacet
facet normal -0.8888066164091797 -0.3179844142658612 0.33001319808647417
outer loop
vertex -25.83745 -7.837680000000001 55.00011333333334
vertex -23.328096666666667 -9.66263 59.99998666666667
vertex -24.16279 -7.329556666666667 59.99998666666667
endloop
endfacet
facet normal -0.8533763063120964 -0.4035578907593222 0.3299847096927526
outer loop
vertex -23.81136 -11.093586666666667 57.000213333333335
vertex -23.328096666666667 -9.66263 59.99998666666667
vertex -24.944750000000003 -10.332343333333334 55.00011333333334
endloop
endfacet
facet normal -0.853350527877027 -0.40365435169349756 0.32993338862701027
outer loop
vertex -23.81136 -11.093586666666667 57.000213333333335
vertex -24.944750000000003 -10.332343333333334 55.00011333333334
vertex -24.703683333333334 -10.841973333333334 55.00011333333334
endloop
endfacet
facet normal -0.8533480359456237 -0.4036612363402384 0.3299314107871765
outer loop
vertex -23.81136 -11.093586666666667 57.000213333333335
vertex -24.703683333333334 -10.841973333333334 55.00011333333334
vertex -23.81173666666667 -12.727566666666668 55.00011333333334
endloop
endfacet
facet normal -0.8533031972261288 -0.40371807266055404 0.3299778347266887
outer loop
vertex -23.81136 -11.093586666666667 57.000213333333335
vertex -23.81173666666667 -12.727566666666668 55.00011333333334
vertex -22.268533333333334 -11.902666666666669 59.99998666666667
endloop
endfacet
facet normal -0.8533289105521549 -0.403634475430168 0.3300136067802134
outer loop
vertex -23.81136 -11.093586666666667 57.000213333333335
vertex -22.268533333333334 -11.902666666666669 59.99998666666667
vertex -23.328096666666667 -9.66263 59.99998666666667
endloop
endfacet
facet normal -0.8097240395057673 -0.4852439719676587 0.32997767729880245
outer loop
vertex -22.268533333333334 -11.902666666666669 59.99998666666667
vertex -23.81173666666667 -12.727566666666668 55.00011333333334
vertex -22.449710000000003 -15.000373333333334 55.00011333333334
endloop
endfacet
facet normal -0.8096988069162363 -0.48527403242791245 0.3299953871337853
outer loop
vertex -22.268533333333334 -11.902666666666669 59.99998666666667
vertex -22.449710000000003 -15.000373333333334 55.00011333333334
vertex -20.994646666666668 -14.028196666666668 59.99998666666667
endloop
endfacet
facet normal -0.7581710013074973 -0.5623884365450837 0.3299939078479529
outer loop
vertex -20.994646666666668 -14.028196666666668 59.99998666666667
vertex -22.449710000000003 -15.000373333333334 55.00011333333334
vertex -20.871100000000002 -17.12854 55.00011333333334
endloop
endfacet
facet normal -0.7582137410563652 -0.5623466410295037 0.32996693500432106
outer loop
vertex -20.994646666666668 -14.028196666666668 59.99998666666667
vertex -20.871100000000002 -17.12854 55.00011333333334
vertex -19.51849 -16.018503333333335 59.99998666666667
endloop
endfacet
facet normal -0.6994445538023434 -0.6339555011823222 0.32996626899868325
outer loop
vertex -19.51849 -16.018503333333335 59.99998666666667
vertex -20.871100000000002 -17.12854 55.00011333333334
vertex -19.09172666666667 -19.09172666666667 55.00011333333334
endloop
endfacet
facet normal -0.699414903273117 -0.6339792865532687 0.329983419736303
outer loop
vertex -19.51849 -16.018503333333335 59.99998666666667
vertex -19.09172666666667 -19.09172666666667 55.00011333333334
vertex -17.854376666666667 -17.854376666666667 59.99998666666667
endloop
endfacet
facet normal -0.6339516098218816 -0.6994402604554728 0.3299828457029621
outer loop
vertex -17.854376666666667 -17.854376666666667 59.99998666666667
vertex -19.09172666666667 -19.09172666666667 55.00011333333334
vertex -17.12854 -20.871100000000002 55.00011333333334
endloop
endfacet
facet normal -0.6339834478026228 -0.699419494022178 0.32996569411691823
outer loop
vertex -17.854376666666667 -17.854376666666667 59.99998666666667
vertex -17.12854 -20.871100000000002 55.00011333333334
vertex -16.018503333333335 -19.51849 59.99998666666667
endloop
endfacet
facet normal -0.5623938658568012 -0.7581783207088821 0.3299678373019129
outer loop
vertex -16.018503333333335 -19.51849 59.99998666666667
vertex -17.12854 -20.871100000000002 55.00011333333334
vertex -15.000373333333334 -22.449710000000003 55.00011333333334
endloop
endfacet
facet normal -0.5623408358728226 -0.7582059139453922 0.32999481263815034
outer loop
vertex -16.018503333333335 -19.51849 59.99998666666667
vertex -15.000373333333334 -22.449710000000003 55.00011333333334
vertex -14.028196666666668 -20.994646666666668 59.99998666666667
endloop
endfacet
facet normal -0.48542206819293504 -0.8096089885760883 0.32999803230943175
outer loop
vertex -13.548323333333334 -22.505080000000003 57.000213333333335
vertex -14.028196666666668 -20.994646666666668 59.99998666666667
vertex -15.000373333333334 -22.449710000000003 55.00011333333334
endloop
endfacet
facet normal -0.4852571415438172 -0.8097583238082326 0.3298741632865553
outer loop
vertex -13.548323333333334 -22.505080000000003 57.000213333333335
vertex -15.000373333333334 -22.449710000000003 55.00011333333334
vertex -14.08206 -23.000020000000003 55.00011333333334
endloop
endfacet
facet normal -0.4852660751070197 -0.8097525782296258 0.3298751254652311
outer loop
vertex -13.548323333333334 -22.505080000000003 57.000213333333335
vertex -14.08206 -23.000020000000003 55.00011333333334
vertex -12.727566666666668 -23.81173666666667 55.00011333333334
endloop
endfacet
facet normal -0.4851001008967248 -0.8098092013604329 0.3299802259256835
outer loop
vertex -13.548323333333334 -22.505080000000003 57.000213333333335
vertex -12.727566666666668 -23.81173666666667 55.00011333333334
vertex -11.902666666666669 -22.268533333333334 59.99998666666667
endloop
endfacet
facet normal -0.4852625734810005 -0.8096796872126809 0.33005914453893215
outer loop
vertex -13.548323333333334 -22.505080000000003 57.000213333333335
vertex -11.902666666666669 -22.268533333333334 59.99998666666667
vertex -14.028196666666668 -20.994646666666668 59.99998666666667
endloop
endfacet
facet normal -0.40365306055485994 -0.8533343790120854 0.32997673296878555
outer loop
vertex -11.902666666666669 -22.268533333333334 59.99998666666667
vertex -12.727566666666668 -23.81173666666667 55.00011333333334
vertex -10.332343333333334 -24.944750000000003 55.00011333333334
endloop
endfacet
facet normal -0.40363899941208253 -0.8533384747613427 0.3299833414668051
outer loop
vertex -11.902666666666669 -22.268533333333334 59.99998666666667
vertex -10.332343333333334 -24.944750000000003 55.00011333333334
vertex -9.66263 -23.328096666666667 59.99998666666667
endloop
endfacet
facet normal -0.3180496329856447 -0.8887943963138945 0.32998326024014746
outer loop
vertex -9.66263 -23.328096666666667 59.99998666666667
vertex -10.332343333333334 -24.944750000000003 55.00011333333334
vertex -7.837680000000001 -25.83745 55.00011333333334
endloop
endfacet
facet normal -0.3179844142658611 -0.8888066164091797 0.3300131980864743
outer loop
vertex -9.66263 -23.328096666666667 59.99998666666667
vertex -7.837680000000001 -25.83745 55.00011333333334
vertex -7.329556666666667 -24.16279 59.99998666666667
endloop
endfacet
facet normal -0.2293270099969819 -0.9156977859680535 0.33001013205513735
outer loop
vertex -7.329556666666667 -24.16279 59.99998666666667
vertex -7.837680000000001 -25.83745 55.00011333333334
vertex -5.267306666666667 -26.481173333333334 55.00011333333334
endloop
endfacet
facet normal -0.22931925141231185 -0.9156984626169937 0.33001364591872756
outer loop
vertex -7.329556666666667 -24.16279 59.99998666666667
vertex -5.267306666666667 -26.481173333333334 55.00011333333334
vertex -4.926046666666667 -24.764703333333337 59.99998666666667
endloop
endfacet
facet normal -0.13849398922929687 -0.9337608304820156 0.33001534268105187
outer loop
vertex -4.926046666666667 -24.764703333333337 59.99998666666667
vertex -5.267306666666667 -26.481173333333334 55.00011333333334
vertex -2.6464600000000003 -26.869893333333337 55.00011333333334
endloop
endfacet
facet normal -0.13862215072558695 -0.9337622513161461 0.3299575083934525
outer loop
vertex -4.926046666666667 -24.764703333333337 59.99998666666667
vertex -2.6464600000000003 -26.869893333333337 55.00011333333334
vertex -2.475076666666667 -25.128563333333336 59.99998666666667
endloop
endfacet
facet normal -0.04620333625213501 -0.9428637345117393 0.32995943669146416
outer loop
vertex 0 -25.249850000000002 59.99998666666667
vertex -2.475076666666667 -25.128563333333336 59.99998666666667
vertex -2.6464600000000003 -26.869893333333337 55.00011333333334
endloop
endfacet
facet normal -0.04629678395151608 -0.942844069690894 0.33000252733041213
outer loop
vertex 0 -25.249850000000002 59.99998666666667
vertex -2.6464600000000003 -26.869893333333337 55.00011333333334
vertex 0 -26.999843333333335 55.00011333333334
endloop
endfacet
facet normal 0.04620257435633689 -0.9428481866319584 0.3300039682907998
outer loop
vertex 2.475076666666667 -25.128563333333336 59.99998666666667
vertex 0 -25.249850000000002 59.99998666666667
vertex 0 -26.999843333333335 55.00011333333334
endloop
endfacet
facet normal 0.046297497956412664 -0.9428586105558312 0.3299608797777444
outer loop
vertex 2.475076666666667 -25.128563333333336 59.99998666666667
vertex 0 -26.999843333333335 55.00011333333334
vertex 2.6464600000000003 -26.869893333333337 55.00011333333334
endloop
endfacet
facet normal 0.13862215072558695 -0.9337622513161461 0.3299575083934525
outer loop
vertex 4.926046666666667 -24.764703333333337 59.99998666666667
vertex 2.475076666666667 -25.128563333333336 59.99998666666667
vertex 2.6464600000000003 -26.869893333333337 55.00011333333334
endloop
endfacet
facet normal 0.13849398922929687 -0.9337608304820156 0.33001534268105187
outer loop
vertex 4.926046666666667 -24.764703333333337 59.99998666666667
vertex 2.6464600000000003 -26.869893333333337 55.00011333333334
vertex 5.267306666666667 -26.481173333333334 55.00011333333334
endloop
endfacet
facet normal 0.22931925141231185 -0.9156984626169937 0.33001364591872756
outer loop
vertex 7.329556666666667 -24.16279 59.99998666666667
vertex 4.926046666666667 -24.764703333333337 59.99998666666667
vertex 5.267306666666667 -26.481173333333334 55.00011333333334
endloop
endfacet
facet normal 0.2293270099969819 -0.9156977859680535 0.33001013205513735
outer loop
vertex 7.329556666666667 -24.16279 59.99998666666667
vertex 5.267306666666667 -26.481173333333334 55.00011333333334
vertex 7.837680000000001 -25.83745 55.00011333333334
endloop
endfacet
facet normal 0.3179844142658611 -0.8888066164091797 0.3300131980864743
outer loop
vertex 9.66263 -23.328096666666667 59.99998666666667
vertex 7.329556666666667 -24.16279 59.99998666666667
vertex 7.837680000000001 -25.83745 55.00011333333334
endloop
endfacet
facet normal 0.3180496329856447 -0.8887943963138945 0.32998326024014746
outer loop
vertex 9.66263 -23.328096666666667 59.99998666666667
vertex 7.837680000000001 -25.83745 55.00011333333334
vertex 10.332343333333334 -24.944750000000003 55.00011333333334
endloop
endfacet
facet normal 0.40365210584900985 -0.8533323607359882 0.3299831201204163
outer loop
vertex 9.66263 -23.328096666666667 59.99998666666667
vertex 10.332343333333334 -24.944750000000003 55.00011333333334
vertex 12.727566666666668 -23.81173666666667 55.00011333333334
endloop
endfacet
facet normal 0.40364002023297896 -0.853340632892118 0.32997651177258047
outer loop
vertex 9.66263 -23.328096666666667 59.99998666666667
vertex 12.727566666666668 -23.81173666666667 55.00011333333334
vertex 11.902666666666669 -22.268533333333334 59.99998666666667
endloop
endfacet
facet normal 0.4851001008967248 -0.8098092013604329 0.3299802259256835
outer loop
vertex 13.548323333333334 -22.505080000000003 57.000213333333335
vertex 11.902666666666669 -22.268533333333334 59.99998666666667
vertex 12.727566666666668 -23.81173666666667 55.00011333333334
endloop
endfacet
facet normal 0.4852660751070197 -0.8097525782296258 0.3298751254652311
outer loop
vertex 13.548323333333334 -22.505080000000003 57.000213333333335
vertex 12.727566666666668 -23.81173666666667 55.00011333333334
vertex 14.08206 -23.000020000000003 55.00011333333334
endloop
endfacet
facet normal 0.4852571415438172 -0.8097583238082326 0.3298741632865553
outer loop
vertex 13.548323333333334 -22.505080000000003 57.000213333333335
vertex 14.08206 -23.000020000000003 55.00011333333334
vertex 15.000373333333334 -22.449710000000003 55.00011333333334
endloop
endfacet
facet normal 0.48542206819293504 -0.8096089885760883 0.32999803230943175
outer loop
vertex 13.548323333333334 -22.505080000000003 57.000213333333335
vertex 15.000373333333334 -22.449710000000003 55.00011333333334
vertex 14.028196666666668 -20.994646666666668 59.99998666666667
endloop
endfacet
facet normal 0.4852625734810005 -0.8096796872126809 0.33005914453893215
outer loop
vertex 13.548323333333334 -22.505080000000003 57.000213333333335
vertex 14.028196666666668 -20.994646666666668 59.99998666666667
vertex 11.902666666666669 -22.268533333333334 59.99998666666667
endloop
endfacet
facet normal 0.5623884365450837 -0.7581710013074973 0.3299939078479529
outer loop
vertex 14.028196666666668 -20.994646666666668 59.99998666666667
vertex 15.000373333333334 -22.449710000000003 55.00011333333334
vertex 17.12854 -20.871100000000002 55.00011333333334
endloop
endfacet
facet normal 0.5623466410295037 -0.7582137410563652 0.32996693500432106
outer loop
vertex 14.028196666666668 -20.994646666666668 59.99998666666667
vertex 17.12854 -20.871100000000002 55.00011333333334
vertex 16.018503333333335 -19.51849 59.99998666666667
endloop
endfacet
facet normal 0.6339555011823222 -0.6994445538023434 0.32996626899868325
outer loop
vertex 16.018503333333335 -19.51849 59.99998666666667
vertex 17.12854 -20.871100000000002 55.00011333333334
vertex 19.09172666666667 -19.09172666666667 55.00011333333334
endloop
endfacet
facet normal 0.6339792865532687 -0.699414903273117 0.329983419736303
outer loop
vertex 16.018503333333335 -19.51849 59.99998666666667
vertex 19.09172666666667 -19.09172666666667 55.00011333333334
vertex 17.854376666666667 -17.854376666666667 59.99998666666667
endloop
endfacet
facet normal 0.6994402604554728 -0.6339516098218816 0.3299828457029621
outer loop
vertex 17.854376666666667 -17.854376666666667 59.99998666666667
vertex 19.09172666666667 -19.09172666666667 55.00011333333334
vertex 20.871100000000002 -17.12854 55.00011333333334
endloop
endfacet
facet normal 0.699419494022178 -0.6339834478026228 0.32996569411691823
outer loop
vertex 17.854376666666667 -17.854376666666667 59.99998666666667
vertex 20.871100000000002 -17.12854 55.00011333333334
vertex 19.51849 -16.018503333333335 59.99998666666667
endloop
endfacet
facet normal 0.7581783207088821 -0.5623938658568012 0.3299678373019129
outer loop
vertex 19.51849 -16.018503333333335 59.99998666666667
vertex 20.871100000000002 -17.12854 55.00011333333334
vertex 22.449710000000003 -15.000373333333334 55.00011333333334
endloop
endfacet
facet normal 0.7582059139453922 -0.5623408358728226 0.32999481263815034
outer loop
vertex 19.51849 -16.018503333333335 59.99998666666667
vertex 22.449710000000003 -15.000373333333334 55.00011333333334
vertex 20.994646666666668 -14.028196666666668 59.99998666666667
endloop
endfacet
facet normal 0.8097189071870294 -0.4852408963189089 0.32999479372175694
outer loop
vertex 20.994646666666668 -14.028196666666668 59.99998666666667
vertex 22.449710000000003 -15.000373333333334 55.00011333333334
vertex 23.81173666666667 -12.727566666666668 55.00011333333334
endloop
endfacet
facet normal 0.8097042945801446 -0.48527732133086093 0.32997708517473556
outer loop
vertex 20.994646666666668 -14.028196666666668 59.99998666666667
vertex 23.81173666666667 -12.727566666666668 55.00011333333334
vertex 22.268533333333334 -11.902666666666669 59.99998666666667
endloop
endfacet
facet normal 0.8533031972261288 -0.40371807266055404 0.3299778347266887
outer loop
vertex 23.81136 -11.093586666666667 57.000213333333335
vertex 22.268533333333334 -11.902666666666669 59.99998666666667
vertex 23.81173666666667 -12.727566666666668 55.00011333333334
endloop
endfacet
facet normal 0.8533480359456237 -0.4036612363402384 0.3299314107871765
outer loop
vertex 23.81136 -11.093586666666667 57.000213333333335
vertex 23.81173666666667 -12.727566666666668 55.00011333333334
vertex 24.703683333333334 -10.841973333333334 55.00011333333334
endloop
endfacet
facet normal 0.853350527877027 -0.40365435169349756 0.32993338862701027
outer loop
vertex 23.81136 -11.093586666666667 57.000213333333335
vertex 24.703683333333334 -10.841973333333334 55.00011333333334
vertex 24.944750000000003 -10.332343333333334 55.00011333333334
endloop
endfacet
facet normal 0.8533763063120964 -0.4035578907593222 0.3299847096927526
outer loop
vertex 23.81136 -11.093586666666667 57.000213333333335
vertex 24.944750000000003 -10.332343333333334 55.00011333333334
vertex 23.328096666666667 -9.66263 59.99998666666667
endloop
endfacet
facet normal 0.8533289105521549 -0.403634475430168 0.3300136067802134
outer loop
vertex 23.81136 -11.093586666666667 57.000213333333335
vertex 23.328096666666667 -9.66263 59.99998666666667
vertex 22.268533333333334 -11.902666666666669 59.99998666666667
endloop
endfacet
facet normal 0.8887943963138945 -0.3180496329856447 0.32998326024014746
outer loop
vertex 23.328096666666667 -9.66263 59.99998666666667
vertex 24.944750000000003 -10.332343333333334 55.00011333333334
vertex 25.83745 -7.837680000000001 55.00011333333334
endloop
endfacet
facet normal 0.8888066164091797 -0.3179844142658611 0.3300131980864743
outer loop
vertex 23.328096666666667 -9.66263 59.99998666666667
vertex 25.83745 -7.837680000000001 55.00011333333334
vertex 24.16279 -7.329556666666667 59.99998666666667
endloop
endfacet
facet normal 0.9156977859680535 -0.2293270099969819 0.33001013205513735
outer loop
vertex 24.16279 -7.329556666666667 59.99998666666667
vertex 25.83745 -7.837680000000001 55.00011333333334
vertex 26.481173333333334 -5.267306666666667 55.00011333333334
endloop
endfacet
facet normal 0.9156984626169937 -0.22931925141231185 0.33001364591872756
outer loop
vertex 24.16279 -7.329556666666667 59.99998666666667
vertex 26.481173333333334 -5.267306666666667 55.00011333333334
vertex 24.764703333333337 -4.926046666666667 59.99998666666667
endloop
endfacet
facet normal 0.9337608304820156 -0.13849398922929687 0.33001534268105187
outer loop
vertex 24.764703333333337 -4.926046666666667 59.99998666666667
vertex 26.481173333333334 -5.267306666666667 55.00011333333334
vertex 26.869893333333337 -2.6464600000000003 55.00011333333334
endloop
endfacet
facet normal 0.9337622513161461 -0.13862215072558695 0.3299575083934525
outer loop
vertex 24.764703333333337 -4.926046666666667 59.99998666666667
vertex 26.869893333333337 -2.6464600000000003 55.00011333333334
vertex 25.128563333333336 -2.475076666666667 59.99998666666667
endloop
endfacet
facet normal 0.942853302150338 -0.046204926741905634 0.3299890231037667
outer loop
vertex 25.879260000000002 -1.4407500000000002 57.99988666666667
vertex 25.249850000000002 0 59.99998666666667
vertex 25.147773333333337 -2.0829666666666666 59.99998666666667
endloop
endfacet
facet normal 0.9428525546652644 -0.04619162371559172 0.3299930212287859
outer loop
vertex 25.879260000000002 -1.4407500000000002 57.99988666666667
vertex 25.147773333333337 -2.0829666666666666 59.99998666666667
vertex 25.128563333333336 -2.475076666666667 59.99998666666667
endloop
endfacet
facet normal 0.9428606131858981 -0.04626071449780333 0.32996031639708534
outer loop
vertex 25.879260000000002 -1.4407500000000002 57.99988666666667
vertex 25.128563333333336 -2.475076666666667 59.99998666666667
vertex 26.869893333333337 -2.6464600000000003 55.00011333333334
endloop
endfacet
facet normal 0.9428543919591342 -0.04629729080926483 0.329972963175915
outer loop
vertex 25.879260000000002 -1.4407500000000002 57.99988666666667
vertex 26.869893333333337 -2.6464600000000003 55.00011333333334
vertex 26.999843333333335 0 55.00011333333334
endloop
endfacet
facet normal 0.942847082705084 -0.04622785483181643 0.3300035819080773
outer loop
vertex 25.879260000000002 -1.4407500000000002 57.99988666666667
vertex 26.999843333333335 0 55.00011333333334
vertex 25.249850000000002 0 59.99998666666667
endloop
endfacet
facet normal -0.9428406539333483 -0.046374802508113856 -0.33000133178953917
outer loop
vertex 23.000020000000003 0 55.00011333333334
vertex 21.250026666666667 0 59.99998666666667
vertex 21.147573333333334 2.0829666666666666 59.99998666666667
endloop
endfacet
facet normal -0.9428355133460393 -0.04631472697138432 -0.33002445491065785
outer loop
vertex 23.000020000000003 0 55.00011333333334
vertex 21.147573333333334 2.0829666666666666 59.99998666666667
vertex 22.889280000000003 2.25435 55.00011333333334
endloop
endfacet
facet normal -0.9337630608649953 -0.13846157878421697 -0.33002263159458817
outer loop
vertex 22.889280000000003 2.25435 55.00011333333334
vertex 21.147573333333334 2.0829666666666666 59.99998666666667
vertex 20.841720000000002 4.145593333333333 59.99998666666667
endloop
endfacet
facet normal -0.9337631091744536 -0.13845778896159644 -0.3300240849100614
outer loop
vertex 22.889280000000003 2.25435 55.00011333333334
vertex 20.841720000000002 4.145593333333333 59.99998666666667
vertex 22.558190000000003 4.48723 55.00011333333334
endloop
endfacet
facet normal -0.9156957868022778 -0.22930754668573114 -0.3300292033525645
outer loop
vertex 22.558190000000003 4.48723 55.00011333333334
vertex 20.841720000000002 4.145593333333333 59.99998666666667
vertex 20.335103333333336 6.1686700000000005 59.99998666666667
endloop
endfacet
facet normal -0.9156861339387993 -0.22939418634117242 -0.32999577479883985
outer loop
vertex 22.558190000000003 4.48723 55.00011333333334
vertex 20.335103333333336 6.1686700000000005 59.99998666666667
vertex 22.009763333333336 6.676416666666667 55.00011333333334
endloop
endfacet
facet normal -0.8887962842998606 -0.3180362759438296 -0.32999104866426554
outer loop
vertex 22.009763333333336 6.676416666666667 55.00011333333334
vertex 20.335103333333336 6.1686700000000005 59.99998666666667
vertex 19.632620000000003 8.131856666666668 59.99998666666667
endloop
endfacet
facet normal -0.8887921218357142 -0.3180558833722633 -0.32998336202763034
outer loop
vertex 22.009763333333336 6.676416666666667 55.00011333333334
vertex 19.632620000000003 8.131856666666668 59.99998666666667
vertex 21.249273333333335 8.80157 55.00011333333334
endloop
endfacet
facet normal -0.8533412392102604 -0.40359244136176575 -0.3300331358193399
outer loop
vertex 18.740673333333334 10.017073333333334 59.99998666666667
vertex 20.284253333333336 10.841973333333334 55.00011333333334
vertex 21.249273333333335 8.80157 55.00011333333334
endloop
endfacet
facet normal -0.8533008820992235 -0.4037195781840095 -0.3299819795073853
outer loop
vertex 18.740673333333334 10.017073333333334 59.99998666666667
vertex 21.249273333333335 8.80157 55.00011333333334
vertex 19.632620000000003 8.131856666666668 59.99998666666667
endloop
endfacet
facet normal -0.8096664795132935 -0.48532731972382515 -0.3299963404073407
outer loop
vertex 17.668680000000002 11.805863333333335 59.99998666666667
vertex 19.123743333333334 12.77804 55.00011333333334
vertex 20.284253333333336 10.841973333333334 55.00011333333334
endloop
endfacet
facet normal -0.8097030474836595 -0.48524212953010964 -0.3300318933448079
outer loop
vertex 17.668680000000002 11.805863333333335 59.99998666666667
vertex 20.284253333333336 10.841973333333334 55.00011333333334
vertex 18.740673333333334 10.017073333333334 59.99998666666667
endloop
endfacet
facet normal -0.7582504685384767 -0.562268007939709 -0.3300165362655212
outer loop
vertex 16.426433333333335 13.480900000000002 59.99998666666667
vertex 17.779420000000002 14.590936666666668 55.00011333333334
vertex 19.123743333333334 12.77804 55.00011333333334
endloop
endfacet
facet normal -0.7582237091526207 -0.5623165713481768 -0.32999527339959417
outer loop
vertex 16.426433333333335 13.480900000000002 59.99998666666667
vertex 19.123743333333334 12.77804 55.00011333333334
vertex 17.668680000000002 11.805863333333335 59.99998666666667
endloop
endfacet
facet normal -0.6993836823587367 -0.6340133606968282 -0.32998412584281517
outer loop
vertex 15.025986666666668 15.025986666666668 59.99998666666667
vertex 16.263336666666667 16.263336666666667 55.00011333333334
vertex 17.779420000000002 14.590936666666668 55.00011333333334
endloop
endfacet
facet normal -0.6994264369358891 -0.6339511195825542 -0.3300130865514162
outer loop
vertex 15.025986666666668 15.025986666666668 59.99998666666667
vertex 17.779420000000002 14.590936666666668 55.00011333333334
vertex 16.426433333333335 13.480900000000002 59.99998666666667
endloop
endfacet
facet normal -0.6340068310191113 -0.6993764794347458 -0.33001193650315847
outer loop
vertex 13.480900000000002 16.426433333333335 59.99998666666667
vertex 14.590936666666668 17.779420000000002 55.00011333333334
vertex 16.263336666666667 16.263336666666667 55.00011333333334
endloop
endfacet
facet normal -0.6339581871879052 -0.6994342344929493 -0.32998298216224237
outer loop
vertex 13.480900000000002 16.426433333333335 59.99998666666667
vertex 16.263336666666667 16.263336666666667 55.00011333333334
vertex 15.025986666666668 15.025986666666668 59.99998666666667
endloop
endfacet
facet normal -0.5622722604581774 -0.7582562033021046 -0.32999611402731516
outer loop
vertex 11.805863333333335 17.668680000000002 59.99998666666667
vertex 12.77804 19.123743333333334 55.00011333333334
vertex 14.590936666666668 17.779420000000002 55.00011333333334
endloop
endfacet
facet normal -0.5623119686734731 -0.758217502938428 -0.330017375488591
outer loop
vertex 11.805863333333335 17.668680000000002 59.99998666666667
vertex 14.590936666666668 17.779420000000002 55.00011333333334
vertex 13.480900000000002 16.426433333333335 59.99998666666667
endloop
endfacet
facet normal -0.4853211825261584 -0.809656240890766 -0.3300304855282997
outer loop
vertex 10.017073333333334 18.740673333333334 59.99998666666667
vertex 10.841973333333334 20.284253333333336 55.00011333333334
vertex 12.77804 19.123743333333334 55.00011333333334
endloop
endfacet
facet normal -0.485248771331329 -0.8097141303768397 -0.3299949347937236
outer loop
vertex 10.017073333333334 18.740673333333334 59.99998666666667
vertex 12.77804 19.123743333333334 55.00011333333334
vertex 11.805863333333335 17.668680000000002 59.99998666666667
endloop
endfacet
facet normal -0.40359978510417455 -0.8533567665532071 -0.32998400331185646
outer loop
vertex 8.131856666666668 19.632620000000003 59.99998666666667
vertex 8.80157 21.249273333333335 55.00011333333334
vertex 10.841973333333334 20.284253333333336 55.00011333333334
endloop
endfacet
facet normal -0.4037116280952553 -0.8532840788077477 -0.33003515296691
outer loop
vertex 8.131856666666668 19.632620000000003 59.99998666666667
vertex 10.841973333333334 20.284253333333336 55.00011333333334
vertex 10.017073333333334 18.740673333333334 59.99998666666667
endloop
endfacet
facet normal -0.31803627594382955 -0.8887962842998606 -0.3299910486642655
outer loop
vertex 8.131856666666668 19.632620000000003 59.99998666666667
vertex 6.1686700000000005 20.335103333333336 59.99998666666667
vertex 6.676416666666667 22.009763333333336 55.00011333333334
endloop
endfacet
facet normal -0.31805588337226326 -0.8887921218357141 -0.32998336202763034
outer loop
vertex 8.131856666666668 19.632620000000003 59.99998666666667
vertex 6.676416666666667 22.009763333333336 55.00011333333334
vertex 8.80157 21.249273333333335 55.00011333333334
endloop
endfacet
facet normal -0.2293075466857311 -0.9156957868022779 -0.33002920335256447
outer loop
vertex 6.1686700000000005 20.335103333333336 59.99998666666667
vertex 4.145593333333333 20.841720000000002 59.99998666666667
vertex 4.48723 22.558190000000003 55.00011333333334
endloop
endfacet
facet normal -0.22939418634117245 -0.9156861339387992 -0.3299957747988399
outer loop
vertex 6.1686700000000005 20.335103333333336 59.99998666666667
vertex 4.48723 22.558190000000003 55.00011333333334
vertex 6.676416666666667 22.009763333333336 55.00011333333334
endloop
endfacet
facet normal -0.13846157878421692 -0.9337630608649953 -0.3300226315945882
outer loop
vertex 4.145593333333333 20.841720000000002 59.99998666666667
vertex 2.0829666666666666 21.147573333333334 59.99998666666667
vertex 2.25435 22.889280000000003 55.00011333333334
endloop
endfacet
facet normal -0.13845778896159655 -0.9337631091744536 -0.33002408491006147
outer loop
vertex 4.145593333333333 20.841720000000002 59.99998666666667
vertex 2.25435 22.889280000000003 55.00011333333334
vertex 4.48723 22.558190000000003 55.00011333333334
endloop
endfacet
facet normal -0.04637480250811394 -0.9428406539333483 -0.33000133178953917
outer loop
vertex 2.0829666666666666 21.147573333333334 59.99998666666667
vertex 0 21.250026666666667 59.99998666666667
vertex 0 23.000020000000003 55.00011333333334
endloop
endfacet
facet normal -0.046314726971384265 -0.9428355133460393 -0.33002445491065785
outer loop
vertex 2.0829666666666666 21.147573333333334 59.99998666666667
vertex 0 23.000020000000003 55.00011333333334
vertex 2.25435 22.889280000000003 55.00011333333334
endloop
endfacet
facet normal 0.04637438970747017 -0.9428322613320246 -0.3300253671625875
outer loop
vertex 0 21.250026666666667 59.99998666666667
vertex -2.0829666666666666 21.147573333333334 59.99998666666667
vertex -2.25435 22.889280000000003 55.00011333333334
endloop
endfacet
facet normal 0.04631510789986905 -0.9428432679616223 -0.3300022467191279
outer loop
vertex 0 21.250026666666667 59.99998666666667
vertex -2.25435 22.889280000000003 55.00011333333334
vertex 0 23.000020000000003 55.00011333333334
endloop
endfacet
facet normal 0.13845778896159655 -0.9337631091744536 -0.33002408491006147
outer loop
vertex -4.145593333333333 20.841720000000002 59.99998666666667
vertex -4.48723 22.558190000000003 55.00011333333334
vertex -2.25435 22.889280000000003 55.00011333333334
endloop
endfacet
facet normal 0.13846157878421692 -0.9337630608649953 -0.3300226315945882
outer loop
vertex -4.145593333333333 20.841720000000002 59.99998666666667
vertex -2.25435 22.889280000000003 55.00011333333334
vertex -2.0829666666666666 21.147573333333334 59.99998666666667
endloop
endfacet
facet normal 0.22939418634117245 -0.9156861339387992 -0.3299957747988399
outer loop
vertex -6.1686700000000005 20.335103333333336 59.99998666666667
vertex -6.676416666666667 22.009763333333336 55.00011333333334
vertex -4.48723 22.558190000000003 55.00011333333334
endloop
endfacet
facet normal 0.2293075466857311 -0.9156957868022779 -0.33002920335256447
outer loop
vertex -6.1686700000000005 20.335103333333336 59.99998666666667
vertex -4.48723 22.558190000000003 55.00011333333334
vertex -4.145593333333333 20.841720000000002 59.99998666666667
endloop
endfacet
facet normal 0.31805588337226326 -0.8887921218357141 -0.32998336202763034
outer loop
vertex -8.131856666666668 19.632620000000003 59.99998666666667
vertex -8.80157 21.249273333333335 55.00011333333334
vertex -6.676416666666667 22.009763333333336 55.00011333333334
endloop
endfacet
facet normal 0.31803627594382955 -0.8887962842998606 -0.3299910486642655
outer loop
vertex -8.131856666666668 19.632620000000003 59.99998666666667
vertex -6.676416666666667 22.009763333333336 55.00011333333334
vertex -6.1686700000000005 20.335103333333336 59.99998666666667
endloop
endfacet
facet normal 0.40359244136176575 -0.8533412392102604 -0.3300331358193399
outer loop
vertex -10.017073333333334 18.740673333333334 59.99998666666667
vertex -10.841973333333334 20.284253333333336 55.00011333333334
vertex -8.80157 21.249273333333335 55.00011333333334
endloop
endfacet
facet normal 0.4037195781840095 -0.8533008820992235 -0.3299819795073853
outer loop
vertex -10.017073333333334 18.740673333333334 59.99998666666667
vertex -8.80157 21.249273333333335 55.00011333333334
vertex -8.131856666666668 19.632620000000003 59.99998666666667
endloop
endfacet
facet normal 0.48532731972382515 -0.8096664795132935 -0.3299963404073407
outer loop
vertex -11.805863333333335 17.668680000000002 59.99998666666667
vertex -12.77804 19.123743333333334 55.00011333333334
vertex -10.841973333333334 20.284253333333336 55.00011333333334
endloop
endfacet
facet normal 0.48524212953010964 -0.8097030474836595 -0.3300318933448079
outer loop
vertex -11.805863333333335 17.668680000000002 59.99998666666667
vertex -10.841973333333334 20.284253333333336 55.00011333333334
vertex -10.017073333333334 18.740673333333334 59.99998666666667
endloop
endfacet
facet normal 0.562268007939709 -0.7582504685384767 -0.3300165362655212
outer loop
vertex -13.480900000000002 16.426433333333335 59.99998666666667
vertex -14.590936666666668 17.779420000000002 55.00011333333334
vertex -12.77804 19.123743333333334 55.00011333333334
endloop
endfacet
facet normal 0.5623165713481768 -0.7582237091526207 -0.32999527339959417
outer loop
vertex -13.480900000000002 16.426433333333335 59.99998666666667
vertex -12.77804 19.123743333333334 55.00011333333334
vertex -11.805863333333335 17.668680000000002 59.99998666666667
endloop
endfacet
facet normal 0.6340133606968282 -0.6993836823587367 -0.32998412584281517
outer loop
vertex -15.025986666666668 15.025986666666668 59.99998666666667
vertex -16.263336666666667 16.263336666666667 55.00011333333334
vertex -14.590936666666668 17.779420000000002 55.00011333333334
endloop
endfacet
facet normal 0.6339511195825542 -0.6994264369358891 -0.3300130865514162
outer loop
vertex -15.025986666666668 15.025986666666668 59.99998666666667
vertex -14.590936666666668 17.779420000000002 55.00011333333334
vertex -13.480900000000002 16.426433333333335 59.99998666666667
endloop
endfacet
facet normal 0.6993764794347458 -0.6340068310191113 -0.33001193650315847
outer loop
vertex -16.426433333333335 13.480900000000002 59.99998666666667
vertex -17.779420000000002 14.590936666666668 55.00011333333334
vertex -16.263336666666667 16.263336666666667 55.00011333333334
endloop
endfacet
facet normal 0.6994342344929493 -0.6339581871879052 -0.32998298216224237
outer loop
vertex -16.426433333333335 13.480900000000002 59.99998666666667
vertex -16.263336666666667 16.263336666666667 55.00011333333334
vertex -15.025986666666668 15.025986666666668 59.99998666666667
endloop
endfacet
facet normal 0.7582562033021046 -0.5622722604581774 -0.32999611402731516
outer loop
vertex -17.668680000000002 11.805863333333335 59.99998666666667
vertex -19.123743333333334 12.77804 55.00011333333334
vertex -17.779420000000002 14.590936666666668 55.00011333333334
endloop
endfacet
facet normal 0.758217502938428 -0.5623119686734731 -0.330017375488591
outer loop
vertex -17.668680000000002 11.805863333333335 59.99998666666667
vertex -17.779420000000002 14.590936666666668 55.00011333333334
vertex -16.426433333333335 13.480900000000002 59.99998666666667
endloop
endfacet
facet normal 0.809656240890766 -0.4853211825261584 -0.3300304855282997
outer loop
vertex -18.740673333333334 10.017073333333334 59.99998666666667
vertex -20.284253333333336 10.841973333333334 55.00011333333334
vertex -19.123743333333334 12.77804 55.00011333333334
endloop
endfacet
facet normal 0.8097141303768397 -0.485248771331329 -0.3299949347937236
outer loop
vertex -18.740673333333334 10.017073333333334 59.99998666666667
vertex -19.123743333333334 12.77804 55.00011333333334
vertex -17.668680000000002 11.805863333333335 59.99998666666667
endloop
endfacet
facet normal 0.8533567665532071 -0.40359978510417455 -0.32998400331185646
outer loop
vertex -19.632620000000003 8.131856666666668 59.99998666666667
vertex -21.249273333333335 8.80157 55.00011333333334
vertex -20.284253333333336 10.841973333333334 55.00011333333334
endloop
endfacet
facet normal 0.8532840788077477 -0.4037116280952553 -0.33003515296691
outer loop
vertex -19.632620000000003 8.131856666666668 59.99998666666667
vertex -20.284253333333336 10.841973333333334 55.00011333333334
vertex -18.740673333333334 10.017073333333334 59.99998666666667
endloop
endfacet
facet normal 0.8887962842998606 -0.31803627594382955 -0.3299910486642655
outer loop
vertex -19.632620000000003 8.131856666666668 59.99998666666667
vertex -20.335103333333336 6.1686700000000005 59.99998666666667
vertex -22.009763333333336 6.676416666666667 55.00011333333334
endloop
endfacet
facet normal 0.8887921218357141 -0.31805588337226326 -0.32998336202763034
outer loop
vertex -19.632620000000003 8.131856666666668 59.99998666666667
vertex -22.009763333333336 6.676416666666667 55.00011333333334
vertex -21.249273333333335 8.80157 55.00011333333334
endloop
endfacet
facet normal 0.9156957868022779 -0.2293075466857311 -0.33002920335256447
outer loop
vertex -20.335103333333336 6.1686700000000005 59.99998666666667
vertex -20.841720000000002 4.145593333333333 59.99998666666667
vertex -22.558190000000003 4.48723 55.00011333333334
endloop
endfacet
facet normal 0.9156861339387992 -0.22939418634117245 -0.3299957747988399
outer loop
vertex -20.335103333333336 6.1686700000000005 59.99998666666667
vertex -22.558190000000003 4.48723 55.00011333333334
vertex -22.009763333333336 6.676416666666667 55.00011333333334
endloop
endfacet
facet normal 0.9337630608649953 -0.13846157878421692 -0.3300226315945882
outer loop
vertex -20.841720000000002 4.145593333333333 59.99998666666667
vertex -21.147573333333334 2.0829666666666666 59.99998666666667
vertex -22.889280000000003 2.25435 55.00011333333334
endloop
endfacet
facet normal 0.9337631091744536 -0.13845778896159655 -0.33002408491006147
outer loop
vertex -20.841720000000002 4.145593333333333 59.99998666666667
vertex -22.889280000000003 2.25435 55.00011333333334
vertex -22.558190000000003 4.48723 55.00011333333334
endloop
endfacet
facet normal 0.9428406539333483 -0.04637480250811394 -0.33000133178953917
outer loop
vertex -21.147573333333334 2.0829666666666666 59.99998666666667
vertex -21.250026666666667 0 59.99998666666667
vertex -23.000020000000003 0 55.00011333333334
endloop
endfacet
facet normal 0.9428355133460393 -0.046314726971384265 -0.33002445491065785
outer loop
vertex -21.147573333333334 2.0829666666666666 59.99998666666667
vertex -23.000020000000003 0 55.00011333333334
vertex -22.889280000000003 2.25435 55.00011333333334
endloop
endfacet
facet normal 0.9428322613320246 0.04637438970747017 -0.3300253671625875
outer loop
vertex -21.250026666666667 0 59.99998666666667
vertex -21.147573333333334 -2.0829666666666666 59.99998666666667
vertex -22.889280000000003 -2.25435 55.00011333333334
endloop
endfacet
facet normal 0.9428432679616223 0.04631510789986905 -0.3300022467191279
outer loop
vertex -21.250026666666667 0 59.99998666666667
vertex -22.889280000000003 -2.25435 55.00011333333334
vertex -23.000020000000003 0 55.00011333333334
endloop
endfacet
facet normal 0.9337631091744536 0.13845778896159655 -0.33002408491006147
outer loop
vertex -20.841720000000002 -4.145593333333333 59.99998666666667
vertex -22.558190000000003 -4.48723 55.00011333333334
vertex -22.889280000000003 -2.25435 55.00011333333334
endloop
endfacet
facet normal 0.9337630608649953 0.13846157878421692 -0.3300226315945882
outer loop
vertex -20.841720000000002 -4.145593333333333 59.99998666666667
vertex -22.889280000000003 -2.25435 55.00011333333334
vertex -21.147573333333334 -2.0829666666666666 59.99998666666667
endloop
endfacet
facet normal 0.9156861339387992 0.22939418634117245 -0.3299957747988399
outer loop
vertex -20.335103333333336 -6.1686700000000005 59.99998666666667
vertex -22.009763333333336 -6.676416666666667 55.00011333333334
vertex -22.558190000000003 -4.48723 55.00011333333334
endloop
endfacet
facet normal 0.9156957868022779 0.2293075466857311 -0.33002920335256447
outer loop
vertex -20.335103333333336 -6.1686700000000005 59.99998666666667
vertex -22.558190000000003 -4.48723 55.00011333333334
vertex -20.841720000000002 -4.145593333333333 59.99998666666667
endloop
endfacet
facet normal 0.8887921218357141 0.31805588337226326 -0.32998336202763034
outer loop
vertex -19.632620000000003 -8.131856666666668 59.99998666666667
vertex -21.249273333333335 -8.80157 55.00011333333334
vertex -22.009763333333336 -6.676416666666667 55.00011333333334
endloop
endfacet
facet normal 0.8887962842998606 0.31803627594382955 -0.3299910486642655
outer loop
vertex -19.632620000000003 -8.131856666666668 59.99998666666667
vertex -22.009763333333336 -6.676416666666667 55.00011333333334
vertex -20.335103333333336 -6.1686700000000005 59.99998666666667
endloop
endfacet
facet normal 0.8533412392102604 0.40359244136176575 -0.3300331358193399
outer loop
vertex -18.740673333333334 -10.017073333333334 59.99998666666667
vertex -20.284253333333336 -10.841973333333334 55.00011333333334
vertex -21.249273333333335 -8.80157 55.00011333333334
endloop
endfacet
facet normal 0.8533008820992235 0.4037195781840095 -0.3299819795073853
outer loop
vertex -18.740673333333334 -10.017073333333334 59.99998666666667
vertex -21.249273333333335 -8.80157 55.00011333333334
vertex -19.632620000000003 -8.131856666666668 59.99998666666667
endloop
endfacet
facet normal 0.8096664795132935 0.48532731972382515 -0.3299963404073407
outer loop
vertex -17.668680000000002 -11.805863333333335 59.99998666666667
vertex -19.123743333333334 -12.77804 55.00011333333334
vertex -20.284253333333336 -10.841973333333334 55.00011333333334
endloop
endfacet
facet normal 0.8097030474836595 0.48524212953010964 -0.3300318933448079
outer loop
vertex -17.668680000000002 -11.805863333333335 59.99998666666667
vertex -20.284253333333336 -10.841973333333334 55.00011333333334
vertex -18.740673333333334 -10.017073333333334 59.99998666666667
endloop
endfacet
facet normal 0.7582504685384767 0.562268007939709 -0.3300165362655212
outer loop
vertex -16.426433333333335 -13.480900000000002 59.99998666666667
vertex -17.779420000000002 -14.590936666666668 55.00011333333334
vertex -19.123743333333334 -12.77804 55.00011333333334
endloop
endfacet
facet normal 0.7582237091526207 0.5623165713481768 -0.32999527339959417
outer loop
vertex -16.426433333333335 -13.480900000000002 59.99998666666667
vertex -19.123743333333334 -12.77804 55.00011333333334
vertex -17.668680000000002 -11.805863333333335 59.99998666666667
endloop
endfacet
facet normal 0.6993836823587367 0.6340133606968282 -0.32998412584281517
outer loop
vertex -15.025986666666668 -15.025986666666668 59.99998666666667
vertex -16.263336666666667 -16.263336666666667 55.00011333333334
vertex -17.779420000000002 -14.590936666666668 55.00011333333334
endloop
endfacet
facet normal 0.6994264369358891 0.6339511195825542 -0.3300130865514162
outer loop
vertex -15.025986666666668 -15.025986666666668 59.99998666666667
vertex -17.779420000000002 -14.590936666666668 55.00011333333334
vertex -16.426433333333335 -13.480900000000002 59.99998666666667
endloop
endfacet
facet normal 0.6340068310191113 0.6993764794347458 -0.33001193650315847
outer loop
vertex -13.480900000000002 -16.426433333333335 59.99998666666667
vertex -14.590936666666668 -17.779420000000002 55.00011333333334
vertex -16.263336666666667 -16.263336666666667 55.00011333333334
endloop
endfacet
facet normal 0.6339581871879052 0.6994342344929493 -0.32998298216224237
outer loop
vertex -13.480900000000002 -16.426433333333335 59.99998666666667
vertex -16.263336666666667 -16.263336666666667 55.00011333333334
vertex -15.025986666666668 -15.025986666666668 59.99998666666667
endloop
endfacet
facet normal 0.5622722604581774 0.7582562033021046 -0.32999611402731516
outer loop
vertex -11.805863333333335 -17.668680000000002 59.99998666666667
vertex -12.77804 -19.123743333333334 55.00011333333334
vertex -14.590936666666668 -17.779420000000002 55.00011333333334
endloop
endfacet
facet normal 0.5623119686734731 0.758217502938428 -0.330017375488591
outer loop
vertex -11.805863333333335 -17.668680000000002 59.99998666666667
vertex -14.590936666666668 -17.779420000000002 55.00011333333334
vertex -13.480900000000002 -16.426433333333335 59.99998666666667
endloop
endfacet
facet normal 0.4853211825261584 0.809656240890766 -0.3300304855282997
outer loop
vertex -10.017073333333334 -18.740673333333334 59.99998666666667
vertex -10.841973333333334 -20.284253333333336 55.00011333333334
vertex -12.77804 -19.123743333333334 55.00011333333334
endloop
endfacet
facet normal 0.485248771331329 0.8097141303768397 -0.3299949347937236
outer loop
vertex -10.017073333333334 -18.740673333333334 59.99998666666667
vertex -12.77804 -19.123743333333334 55.00011333333334
vertex -11.805863333333335 -17.668680000000002 59.99998666666667
endloop
endfacet
facet normal 0.40359978510417455 0.8533567665532071 -0.32998400331185646
outer loop
vertex -8.131856666666668 -19.632620000000003 59.99998666666667
vertex -8.80157 -21.249273333333335 55.00011333333334
vertex -10.841973333333334 -20.284253333333336 55.00011333333334
endloop
endfacet
facet normal 0.4037116280952553 0.8532840788077477 -0.33003515296691
outer loop
vertex -8.131856666666668 -19.632620000000003 59.99998666666667
vertex -10.841973333333334 -20.284253333333336 55.00011333333334
vertex -10.017073333333334 -18.740673333333334 59.99998666666667
endloop
endfacet
facet normal 0.3180558833722633 0.8887921218357142 -0.32998336202763034
outer loop
vertex -6.676416666666667 -22.009763333333336 55.00011333333334
vertex -8.80157 -21.249273333333335 55.00011333333334
vertex -8.131856666666668 -19.632620000000003 59.99998666666667
endloop
endfacet
facet normal 0.3180362759438296 0.8887962842998606 -0.32999104866426554
outer loop
vertex -6.676416666666667 -22.009763333333336 55.00011333333334
vertex -8.131856666666668 -19.632620000000003 59.99998666666667
vertex -6.1686700000000005 -20.335103333333336 59.99998666666667
endloop
endfacet
facet normal 0.22939418634117242 0.9156861339387993 -0.32999577479883985
outer loop
vertex -4.48723 -22.558190000000003 55.00011333333334
vertex -6.676416666666667 -22.009763333333336 55.00011333333334
vertex -6.1686700000000005 -20.335103333333336 59.99998666666667
endloop
endfacet
facet normal 0.22930754668573114 0.9156957868022778 -0.3300292033525645
outer loop
vertex -4.48723 -22.558190000000003 55.00011333333334
vertex -6.1686700000000005 -20.335103333333336 59.99998666666667
vertex -4.145593333333333 -20.841720000000002 59.99998666666667
endloop
endfacet
facet normal 0.13845778896159644 0.9337631091744536 -0.3300240849100614
outer loop
vertex -2.25435 -22.889280000000003 55.00011333333334
vertex -4.48723 -22.558190000000003 55.00011333333334
vertex -4.145593333333333 -20.841720000000002 59.99998666666667
endloop
endfacet
facet normal 0.13846157878421697 0.9337630608649953 -0.33002263159458817
outer loop
vertex -2.25435 -22.889280000000003 55.00011333333334
vertex -4.145593333333333 -20.841720000000002 59.99998666666667
vertex -2.0829666666666666 -21.147573333333334 59.99998666666667
endloop
endfacet
facet normal 0.04631472697138432 0.9428355133460393 -0.33002445491065785
outer loop
vertex 0 -23.000020000000003 55.00011333333334
vertex -2.25435 -22.889280000000003 55.00011333333334
vertex -2.0829666666666666 -21.147573333333334 59.99998666666667
endloop
endfacet
facet normal 0.046374802508113856 0.9428406539333483 -0.33000133178953917
outer loop
vertex 0 -23.000020000000003 55.00011333333334
vertex -2.0829666666666666 -21.147573333333334 59.99998666666667
vertex 0 -21.250026666666667 59.99998666666667
endloop
endfacet
facet normal -0.046374802508113856 0.9428406539333483 -0.33000133178953917
outer loop
vertex 0 -23.000020000000003 55.00011333333334
vertex 0 -21.250026666666667 59.99998666666667
vertex 2.0829666666666666 -21.147573333333334 59.99998666666667
endloop
endfacet
facet normal -0.04631472697138432 0.9428355133460393 -0.33002445491065785
outer loop
vertex 0 -23.000020000000003 55.00011333333334
vertex 2.0829666666666666 -21.147573333333334 59.99998666666667
vertex 2.25435 -22.889280000000003 55.00011333333334
endloop
endfacet
facet normal -0.13846157878421697 0.9337630608649953 -0.33002263159458817
outer loop
vertex 2.25435 -22.889280000000003 55.00011333333334
vertex 2.0829666666666666 -21.147573333333334 59.99998666666667
vertex 4.145593333333333 -20.841720000000002 59.99998666666667
endloop
endfacet
facet normal -0.13845778896159644 0.9337631091744536 -0.3300240849100614
outer loop
vertex 2.25435 -22.889280000000003 55.00011333333334
vertex 4.145593333333333 -20.841720000000002 59.99998666666667
vertex 4.48723 -22.558190000000003 55.00011333333334
endloop
endfacet
facet normal -0.22930754668573114 0.9156957868022778 -0.3300292033525645
outer loop
vertex 4.48723 -22.558190000000003 55.00011333333334
vertex 4.145593333333333 -20.841720000000002 59.99998666666667
vertex 6.1686700000000005 -20.335103333333336 59.99998666666667
endloop
endfacet
facet normal -0.22939418634117242 0.9156861339387993 -0.32999577479883985
outer loop
vertex 4.48723 -22.558190000000003 55.00011333333334
vertex 6.1686700000000005 -20.335103333333336 59.99998666666667
vertex 6.676416666666667 -22.009763333333336 55.00011333333334
endloop
endfacet
facet normal -0.3180362759438296 0.8887962842998606 -0.32999104866426554
outer loop
vertex 6.676416666666667 -22.009763333333336 55.00011333333334
vertex 6.1686700000000005 -20.335103333333336 59.99998666666667
vertex 8.131856666666668 -19.632620000000003 59.99998666666667
endloop
endfacet
facet normal -0.3180558833722633 0.8887921218357142 -0.32998336202763034
outer loop
vertex 6.676416666666667 -22.009763333333336 55.00011333333334
vertex 8.131856666666668 -19.632620000000003 59.99998666666667
vertex 8.80157 -21.249273333333335 55.00011333333334
endloop
endfacet
facet normal -0.40359244136176575 0.8533412392102604 -0.3300331358193399
outer loop
vertex 10.017073333333334 -18.740673333333334 59.99998666666667
vertex 10.841973333333334 -20.284253333333336 55.00011333333334
vertex 8.80157 -21.249273333333335 55.00011333333334
endloop
endfacet
facet normal -0.4037195781840095 0.8533008820992235 -0.3299819795073853
outer loop
vertex 10.017073333333334 -18.740673333333334 59.99998666666667
vertex 8.80157 -21.249273333333335 55.00011333333334
vertex 8.131856666666668 -19.632620000000003 59.99998666666667
endloop
endfacet
facet normal -0.48532731972382515 0.8096664795132935 -0.3299963404073407
outer loop
vertex 11.805863333333335 -17.668680000000002 59.99998666666667
vertex 12.77804 -19.123743333333334 55.00011333333334
vertex 10.841973333333334 -20.284253333333336 55.00011333333334
endloop
endfacet
facet normal -0.48524212953010964 0.8097030474836595 -0.3300318933448079
outer loop
vertex 11.805863333333335 -17.668680000000002 59.99998666666667
vertex 10.841973333333334 -20.284253333333336 55.00011333333334
vertex 10.017073333333334 -18.740673333333334 59.99998666666667
endloop
endfacet
facet normal -0.562268007939709 0.7582504685384767 -0.3300165362655212
outer loop
vertex 13.480900000000002 -16.426433333333335 59.99998666666667
vertex 14.590936666666668 -17.779420000000002 55.00011333333334
vertex 12.77804 -19.123743333333334 55.00011333333334
endloop
endfacet
facet normal -0.5623165713481768 0.7582237091526207 -0.32999527339959417
outer loop
vertex 13.480900000000002 -16.426433333333335 59.99998666666667
vertex 12.77804 -19.123743333333334 55.00011333333334
vertex 11.805863333333335 -17.668680000000002 59.99998666666667
endloop
endfacet
facet normal -0.6340133606968282 0.6993836823587367 -0.32998412584281517
outer loop
vertex 15.025986666666668 -15.025986666666668 59.99998666666667
vertex 16.263336666666667 -16.263336666666667 55.00011333333334
vertex 14.590936666666668 -17.779420000000002 55.00011333333334
endloop
endfacet
facet normal -0.6339511195825542 0.6994264369358891 -0.3300130865514162
outer loop
vertex 15.025986666666668 -15.025986666666668 59.99998666666667
vertex 14.590936666666668 -17.779420000000002 55.00011333333334
vertex 13.480900000000002 -16.426433333333335 59.99998666666667
endloop
endfacet
facet normal -0.6993764794347458 0.6340068310191113 -0.33001193650315847
outer loop
vertex 16.426433333333335 -13.480900000000002 59.99998666666667
vertex 17.779420000000002 -14.590936666666668 55.00011333333334
vertex 16.263336666666667 -16.263336666666667 55.00011333333334
endloop
endfacet
facet normal -0.6994342344929493 0.6339581871879052 -0.32998298216224237
outer loop
vertex 16.426433333333335 -13.480900000000002 59.99998666666667
vertex 16.263336666666667 -16.263336666666667 55.00011333333334
vertex 15.025986666666668 -15.025986666666668 59.99998666666667
endloop
endfacet
facet normal -0.7582562033021046 0.5622722604581774 -0.32999611402731516
outer loop
vertex 17.668680000000002 -11.805863333333335 59.99998666666667
vertex 19.123743333333334 -12.77804 55.00011333333334
vertex 17.779420000000002 -14.590936666666668 55.00011333333334
endloop
endfacet
facet normal -0.758217502938428 0.5623119686734731 -0.330017375488591
outer loop
vertex 17.668680000000002 -11.805863333333335 59.99998666666667
vertex 17.779420000000002 -14.590936666666668 55.00011333333334
vertex 16.426433333333335 -13.480900000000002 59.99998666666667
endloop
endfacet
facet normal -0.809656240890766 0.4853211825261584 -0.3300304855282997
outer loop
vertex 18.740673333333334 -10.017073333333334 59.99998666666667
vertex 20.284253333333336 -10.841973333333334 55.00011333333334
vertex 19.123743333333334 -12.77804 55.00011333333334
endloop
endfacet
facet normal -0.8097141303768397 0.485248771331329 -0.3299949347937236
outer loop
vertex 18.740673333333334 -10.017073333333334 59.99998666666667
vertex 19.123743333333334 -12.77804 55.00011333333334
vertex 17.668680000000002 -11.805863333333335 59.99998666666667
endloop
endfacet
facet normal -0.8533567665532071 0.40359978510417455 -0.32998400331185646
outer loop
vertex 19.632620000000003 -8.131856666666668 59.99998666666667
vertex 21.249273333333335 -8.80157 55.00011333333334
vertex 20.284253333333336 -10.841973333333334 55.00011333333334
endloop
endfacet
facet normal -0.8532840788077477 0.4037116280952553 -0.33003515296691
outer loop
vertex 19.632620000000003 -8.131856666666668 59.99998666666667
vertex 20.284253333333336 -10.841973333333334 55.00011333333334
vertex 18.740673333333334 -10.017073333333334 59.99998666666667
endloop
endfacet
facet normal -0.8887921218357142 0.3180558833722633 -0.32998336202763034
outer loop
vertex 22.009763333333336 -6.676416666666667 55.00011333333334
vertex 21.249273333333335 -8.80157 55.00011333333334
vertex 19.632620000000003 -8.131856666666668 59.99998666666667
endloop
endfacet
facet normal -0.8887962842998606 0.3180362759438296 -0.32999104866426554
outer loop
vertex 22.009763333333336 -6.676416666666667 55.00011333333334
vertex 19.632620000000003 -8.131856666666668 59.99998666666667
vertex 20.335103333333336 -6.1686700000000005 59.99998666666667
endloop
endfacet
facet normal -0.9156861339387993 0.22939418634117242 -0.32999577479883985
outer loop
vertex 22.558190000000003 -4.48723 55.00011333333334
vertex 22.009763333333336 -6.676416666666667 55.00011333333334
vertex 20.335103333333336 -6.1686700000000005 59.99998666666667
endloop
endfacet
facet normal -0.9156957868022778 0.22930754668573114 -0.3300292033525645
outer loop
vertex 22.558190000000003 -4.48723 55.00011333333334
vertex 20.335103333333336 -6.1686700000000005 59.99998666666667
vertex 20.841720000000002 -4.145593333333333 59.99998666666667
endloop
endfacet
facet normal -0.9337631091744536 0.13845778896159644 -0.3300240849100614
outer loop
vertex 22.889280000000003 -2.25435 55.00011333333334
vertex 22.558190000000003 -4.48723 55.00011333333334
vertex 20.841720000000002 -4.145593333333333 59.99998666666667
endloop
endfacet
facet normal -0.9337630608649953 0.13846157878421697 -0.33002263159458817
outer loop
vertex 22.889280000000003 -2.25435 55.00011333333334
vertex 20.841720000000002 -4.145593333333333 59.99998666666667
vertex 21.147573333333334 -2.0829666666666666 59.99998666666667
endloop
endfacet
facet normal -0.9428355133460393 0.04631472697138432 -0.33002445491065785
outer loop
vertex 23.000020000000003 0 55.00011333333334
vertex 22.889280000000003 -2.25435 55.00011333333334
vertex 21.147573333333334 -2.0829666666666666 59.99998666666667
endloop
endfacet
facet normal -0.9428406539333483 0.046374802508113856 -0.33000133178953917
outer loop
vertex 23.000020000000003 0 55.00011333333334
vertex 21.147573333333334 -2.0829666666666666 59.99998666666667
vertex 21.250026666666667 0 59.99998666666667
endloop
endfacet
facet normal 0 0 -1
outer loop
vertex 0 25.134966666666667 55.00011333333334
vertex 2.6464600000000003 26.869893333333337 55.00011333333334
vertex 5.267306666666667 26.481173333333334 55.00011333333334
endloop
endfacet
facet normal 0 0 -0.9999999999999999
outer loop
vertex 0 25.134966666666667 55.00011333333334
vertex 5.267306666666667 26.481173333333334 55.00011333333334
vertex 7.837680000000001 25.83745 55.00011333333334
endloop
endfacet
facet normal 0 0 -1
outer loop
vertex 0 25.134966666666667 55.00011333333334
vertex 7.837680000000001 25.83745 55.00011333333334
vertex 10.332343333333334 24.944750000000003 55.00011333333334
endloop
endfacet
facet normal 0 0 -1
outer loop
vertex 0 25.134966666666667 55.00011333333334
vertex 10.332343333333334 24.944750000000003 55.00011333333334
vertex 12.727566666666668 23.81173666666667 55.00011333333334
endloop
endfacet
facet normal 0 0 -1
outer loop
vertex 0 25.134966666666667 55.00011333333334
vertex 12.727566666666668 23.81173666666667 55.00011333333334
vertex 14.08206 23.000020000000003 55.00011333333334
endloop
endfacet
facet normal 0 0 -1
outer loop
vertex 0 25.134966666666667 55.00011333333334
vertex 14.08206 23.000020000000003 55.00011333333334
vertex 0 23.000020000000003 55.00011333333334
endloop
endfacet
facet normal 0 0 -1
outer loop
vertex 0 25.134966666666667 55.00011333333334
vertex 0 23.000020000000003 55.00011333333334
vertex -14.08206 23.000020000000003 55.00011333333334
endloop
endfacet
facet normal 0 0 -1
outer loop
vertex 0 25.134966666666667 55.00011333333334
vertex -14.08206 23.000020000000003 55.00011333333334
vertex -12.727566666666668 23.81173666666667 55.00011333333334
endloop
endfacet
facet normal 0 0 -1
outer loop
vertex 0 25.134966666666667 55.00011333333334
vertex -12.727566666666668 23.81173666666667 55.00011333333334
vertex -10.332343333333334 24.944750000000003 55.00011333333334
endloop
endfacet
facet normal 0 0 -1
outer loop
vertex 0 25.134966666666667 55.00011333333334
vertex -10.332343333333334 24.944750000000003 55.00011333333334
vertex -7.837680000000001 25.83745 55.00011333333334
endloop
endfacet
facet normal 0 0 -0.9999999999999999
outer loop
vertex 0 25.134966666666667 55.00011333333334
vertex -7.837680000000001 25.83745 55.00011333333334
vertex -5.267306666666667 26.481173333333334 55.00011333333334
endloop
endfacet
facet normal 0 0 -1
outer loop
vertex 0 25.134966666666667 55.00011333333334
vertex -5.267306666666667 26.481173333333334 55.00011333333334
vertex -2.6464600000000003 26.869893333333337 55.00011333333334
endloop
endfacet
facet normal 0 0 -1
outer loop
vertex 0 25.134966666666667 55.00011333333334
vertex -2.6464600000000003 26.869893333333337 55.00011333333334
vertex 0 26.999843333333335 55.00011333333334
endloop
endfacet
facet normal 0 0 -1
outer loop
vertex 0 25.134966666666667 55.00011333333334
vertex 0 26.999843333333335 55.00011333333334
vertex 2.6464600000000003 26.869893333333337 55.00011333333334
endloop
endfacet
facet normal 0 0 -1
outer loop
vertex 0 23.000020000000003 55.00011333333334
vertex -2.25435 22.889280000000003 55.00011333333334
vertex -14.267003333333335 22.889280000000003 55.00011333333334
endloop
endfacet
facet normal 0 0 -1
outer loop
vertex 0 23.000020000000003 55.00011333333334
vertex -14.267003333333335 22.889280000000003 55.00011333333334
vertex -14.08206 23.000020000000003 55.00011333333334
endloop
endfacet
facet normal 0 0 -1
outer loop
vertex 14.08206 23.000020000000003 55.00011333333334
vertex 14.267003333333335 22.889280000000003 55.00011333333334
vertex 2.25435 22.889280000000003 55.00011333333334
endloop
endfacet
facet normal 0 0 -1
outer loop
vertex 14.08206 23.000020000000003 55.00011333333334
vertex 2.25435 22.889280000000003 55.00011333333334
vertex 0 23.000020000000003 55.00011333333334
endloop
endfacet
facet normal 0 0 -1
outer loop
vertex -2.25435 22.889280000000003 55.00011333333334
vertex -4.48723 22.558190000000003 55.00011333333334
vertex -14.819573333333334 22.558190000000003 55.00011333333334
endloop
endfacet
facet normal 0 0 -1
outer loop
vertex -2.25435 22.889280000000003 55.00011333333334
vertex -14.819573333333334 22.558190000000003 55.00011333333334
vertex -14.267003333333335 22.889280000000003 55.00011333333334
endloop
endfacet
facet normal 0 0 -1
outer loop
vertex 14.267003333333335 22.889280000000003 55.00011333333334
vertex 14.819573333333334 22.558190000000003 55.00011333333334
vertex 4.48723 22.558190000000003 55.00011333333334
endloop
endfacet
facet normal 0 0 -1
outer loop
vertex 14.267003333333335 22.889280000000003 55.00011333333334
vertex 4.48723 22.558190000000003 55.00011333333334
vertex 2.25435 22.889280000000003 55.00011333333334
endloop
endfacet
facet normal 0 0 -1
outer loop
vertex -11.315443333333334 22.317123333333335 55.00011333333334
vertex -4.48723 22.558190000000003 55.00011333333334
vertex -6.676416666666667 22.009763333333336 55.00011333333334
endloop
endfacet
facet normal 0 0 -1
outer loop
vertex -11.315443333333334 22.317123333333335 55.00011333333334
vertex -6.676416666666667 22.009763333333336 55.00011333333334
vertex -15.593623333333335 22.009763333333336 55.00011333333334
endloop
endfacet
facet normal 0 0 -1
outer loop
vertex -11.315443333333334 22.317123333333335 55.00011333333334
vertex -15.593623333333335 22.009763333333336 55.00011333333334
vertex -15.000373333333334 22.449710000000003 55.00011333333334
endloop
endfacet
facet normal 0 0 -1
outer loop
vertex -11.315443333333334 22.317123333333335 55.00011333333334
vertex -15.000373333333334 22.449710000000003 55.00011333333334
vertex -14.819573333333334 22.558190000000003 55.00011333333334
endloop
endfacet
facet normal 0 0 -1
outer loop
vertex -11.315443333333334 22.317123333333335 55.00011333333334
vertex -14.819573333333334 22.558190000000003 55.00011333333334
vertex -4.48723 22.558190000000003 55.00011333333334
endloop
endfacet
facet normal 0 0 -1
outer loop
vertex 11.315443333333334 22.317123333333335 55.00011333333334
vertex 14.819573333333334 22.558190000000003 55.00011333333334
vertex 15.000373333333334 22.449710000000003 55.00011333333334
endloop
endfacet
facet normal 0 0 -1
outer loop
vertex 11.315443333333334 22.317123333333335 55.00011333333334
vertex 15.000373333333334 22.449710000000003 55.00011333333334
vertex 15.593623333333335 22.009763333333336 55.00011333333334
endloop
endfacet
facet normal 0 0 -1
outer loop
vertex 11.315443333333334 22.317123333333335 55.00011333333334
vertex 15.593623333333335 22.009763333333336 55.00011333333334
vertex 6.676416666666667 22.009763333333336 55.00011333333334
endloop
endfacet
facet normal 0 0 -1
outer loop
vertex 11.315443333333334 22.317123333333335 55.00011333333334
vertex 6.676416666666667 22.009763333333336 55.00011333333334
vertex 4.48723 22.558190000000003 55.00011333333334
endloop
endfacet
facet normal 0 0 -1
outer loop
vertex 11.315443333333334 22.317123333333335 55.00011333333334
vertex 4.48723 22.558190000000003 55.00011333333334
vertex 14.819573333333334 22.558190000000003 55.00011333333334
endloop
endfacet
facet normal 0 0 -1
outer loop
vertex -6.676416666666667 22.009763333333336 55.00011333333334
vertex -8.80157 21.249273333333335 55.00011333333334
vertex -16.61891 21.249273333333335 55.00011333333334
endloop
endfacet
facet normal 0 0 -1
outer loop
vertex -6.676416666666667 22.009763333333336 55.00011333333334
vertex -16.61891 21.249273333333335 55.00011333333334
vertex -15.593623333333335 22.009763333333336 55.00011333333334
endloop
endfacet
facet normal 0 0 -1
outer loop
vertex 15.593623333333335 22.009763333333336 55.00011333333334
vertex 16.61891 21.249273333333335 55.00011333333334
vertex 8.80157 21.249273333333335 55.00011333333334
endloop
endfacet
facet normal 0 0 -1
outer loop
vertex 15.593623333333335 22.009763333333336 55.00011333333334
vertex 8.80157 21.249273333333335 55.00011333333334
vertex 6.676416666666667 22.009763333333336 55.00011333333334
endloop
endfacet
facet normal 0 0 -1
outer loop
vertex -14.233480000000002 20.787480000000002 55.00011333333334
vertex -8.80157 21.249273333333335 55.00011333333334
vertex -10.841973333333334 20.284253333333336 55.00011333333334
endloop
endfacet
facet normal 0 0 -0.9999999999999999
outer loop
vertex -14.233480000000002 20.787480000000002 55.00011333333334
vertex -10.841973333333334 20.284253333333336 55.00011333333334
vertex -17.776406666666666 20.284253333333336 55.00011333333334
endloop
endfacet
facet normal 0 0 -1
outer loop
vertex -14.233480000000002 20.787480000000002 55.00011333333334
vertex -17.776406666666666 20.284253333333336 55.00011333333334
vertex -17.12854 20.871100000000002 55.00011333333334
endloop
endfacet
facet normal 0 0 -1
outer loop
vertex -14.233480000000002 20.787480000000002 55.00011333333334
vertex -17.12854 20.871100000000002 55.00011333333334
vertex -16.61891 21.249273333333335 55.00011333333334
endloop
endfacet
facet normal 0 0 -1
outer loop
vertex -14.233480000000002 20.787480000000002 55.00011333333334
vertex -16.61891 21.249273333333335 55.00011333333334
vertex -8.80157 21.249273333333335 55.00011333333334
endloop
endfacet
facet normal 0 0 -1
outer loop
vertex 14.233480000000002 20.787480000000002 55.00011333333334
vertex 16.61891 21.249273333333335 55.00011333333334
vertex 17.12854 20.871100000000002 55.00011333333334
endloop
endfacet
facet normal 0 0 -1
outer loop
vertex 14.233480000000002 20.787480000000002 55.00011333333334
vertex 17.12854 20.871100000000002 55.00011333333334
vertex 17.776406666666666 20.284253333333336 55.00011333333334
endloop
endfacet
facet normal 0 0 -0.9999999999999999
outer loop
vertex 14.233480000000002 20.787480000000002 55.00011333333334
vertex 17.776406666666666 20.284253333333336 55.00011333333334
vertex 10.841973333333334 20.284253333333336 55.00011333333334
endloop
endfacet
facet normal 0 0 -1
outer loop
vertex 14.233480000000002 20.787480000000002 55.00011333333334
vertex 10.841973333333334 20.284253333333336 55.00011333333334
vertex 8.80157 21.249273333333335 55.00011333333334
endloop
endfacet
facet normal 0 0 -1
outer loop
vertex 14.233480000000002 20.787480000000002 55.00011333333334
vertex 8.80157 21.249273333333335 55.00011333333334
vertex 16.61891 21.249273333333335 55.00011333333334
endloop
endfacet
facet normal 0 0 -1
outer loop
vertex -10.841973333333334 20.284253333333336 55.00011333333334
vertex -12.77804 19.123743333333334 55.00011333333334
vertex -19.056696666666667 19.123743333333334 55.00011333333334
endloop
endfacet
facet normal 0 0 -1
outer loop
vertex -10.841973333333334 20.284253333333336 55.00011333333334
vertex -19.056696666666667 19.123743333333334 55.00011333333334
vertex -17.776406666666666 20.284253333333336 55.00011333333334
endloop
endfacet
facet normal 0 0 -1
outer loop
vertex 17.776406666666666 20.284253333333336 55.00011333333334
vertex 19.056696666666667 19.123743333333334 55.00011333333334
vertex 12.77804 19.123743333333334 55.00011333333334
endloop
endfacet
facet normal 0 0 -1
outer loop
vertex 17.776406666666666 20.284253333333336 55.00011333333334
vertex 12.77804 19.123743333333334 55.00011333333334
vertex 10.841973333333334 20.284253333333336 55.00011333333334
endloop
endfacet
facet normal 0 0 -1
outer loop
vertex -17.159803333333336 18.57946 55.00011333333334
vertex -12.77804 19.123743333333334 55.00011333333334
vertex -14.590936666666668 17.779420000000002 55.00011333333334
endloop
endfacet
facet normal 0 0 -0.9999999999999999
outer loop
vertex -17.159803333333336 18.57946 55.00011333333334
vertex -14.590936666666668 17.779420000000002 55.00011333333334
vertex -20.281616666666668 17.779420000000002 55.00011333333334
endloop
endfacet
facet normal 0 0 -1
outer loop
vertex -17.159803333333336 18.57946 55.00011333333334
vertex -20.281616666666668 17.779420000000002 55.00011333333334
vertex -19.09172666666667 19.09172666666667 55.00011333333334
endloop
endfacet
facet normal 0 0 -0.9999999999999999
outer loop
vertex -17.159803333333336 18.57946 55.00011333333334
vertex -19.09172666666667 19.09172666666667 55.00011333333334
vertex -19.056696666666667 19.123743333333334 55.00011333333334
endloop
endfacet
facet normal 0 0 -1
outer loop
vertex -17.159803333333336 18.57946 55.00011333333334
vertex -19.056696666666667 19.123743333333334 55.00011333333334
vertex -12.77804 19.123743333333334 55.00011333333334
endloop
endfacet
facet normal 0 0 -0.9999999999999999
outer loop
vertex 17.159803333333336 18.57946 55.00011333333334
vertex 19.056696666666667 19.123743333333334 55.00011333333334
vertex 19.09172666666667 19.09172666666667 55.00011333333334
endloop
endfacet
facet normal 0 0 -1
outer loop
vertex 17.159803333333336 18.57946 55.00011333333334
vertex 19.09172666666667 19.09172666666667 55.00011333333334
vertex 20.281616666666668 17.779420000000002 55.00011333333334
endloop
endfacet
facet normal 0 0 -0.9999999999999999
outer loop
vertex 17.159803333333336 18.57946 55.00011333333334
vertex 20.281616666666668 17.779420000000002 55.00011333333334
vertex 14.590936666666668 17.779420000000002 55.00011333333334
endloop
endfacet
facet normal 0 0 -1
outer loop
vertex 17.159803333333336 18.57946 55.00011333333334
vertex 14.590936666666668 17.779420000000002 55.00011333333334
vertex 12.77804 19.123743333333334 55.00011333333334
endloop
endfacet
facet normal 0 0 -1
outer loop
vertex 17.159803333333336 18.57946 55.00011333333334
vertex 12.77804 19.123743333333334 55.00011333333334
vertex 19.056696666666667 19.123743333333334 55.00011333333334
endloop
endfacet
facet normal 0 0 -1
outer loop
vertex -18.704136666666667 17.04266 55.00011333333334
vertex -14.590936666666668 17.779420000000002 55.00011333333334
vertex -16.263336666666667 16.263336666666667 55.00011333333334
endloop
endfacet
facet normal 0 0 -1
outer loop
vertex -18.704136666666667 17.04266 55.00011333333334
vertex -16.263336666666667 16.263336666666667 55.00011333333334
vertex -21.51294 16.263336666666667 55.00011333333334
endloop
endfacet
facet normal 0 0 -0.9999999999999999
outer loop
vertex -18.704136666666667 17.04266 55.00011333333334
vertex -21.51294 16.263336666666667 55.00011333333334
vertex -20.871100000000002 17.12854 55.00011333333334
endloop
endfacet
facet normal 0 0 -1
outer loop
vertex -18.704136666666667 17.04266 55.00011333333334
vertex -20.871100000000002 17.12854 55.00011333333334
vertex -20.281616666666668 17.779420000000002 55.00011333333334
endloop
endfacet
facet normal 0 0 -1
outer loop
vertex -18.704136666666667 17.04266 55.00011333333334
vertex -20.281616666666668 17.779420000000002 55.00011333333334
vertex -14.590936666666668 17.779420000000002 55.00011333333334
endloop
endfacet
facet normal 0 0 -1
outer loop
vertex 18.704136666666667 17.04266 55.00011333333334
vertex 20.281616666666668 17.779420000000002 55.00011333333334
vertex 20.871100000000002 17.12854 55.00011333333334
endloop
endfacet
facet normal 0 0 -0.9999999999999999
outer loop
vertex 18.704136666666667 17.04266 55.00011333333334
vertex 20.871100000000002 17.12854 55.00011333333334
vertex 21.51294 16.263336666666667 55.00011333333334
endloop
endfacet
facet normal 0 0 -1
outer loop
vertex 18.704136666666667 17.04266 55.00011333333334
vertex 21.51294 16.263336666666667 55.00011333333334
vertex 16.263336666666667 16.263336666666667 55.00011333333334
endloop
endfacet
facet normal 0 0 -1
outer loop
vertex 18.704136666666667 17.04266 55.00011333333334
vertex 16.263336666666667 16.263336666666667 55.00011333333334
vertex 14.590936666666668 17.779420000000002 55.00011333333334
endloop
endfacet
facet normal 0 0 -1
outer loop
vertex 18.704136666666667 17.04266 55.00011333333334
vertex 14.590936666666668 17.779420000000002 55.00011333333334
vertex 20.281616666666668 17.779420000000002 55.00011333333334
endloop
endfacet
facet normal 0 0 -1
outer loop
vertex -20.13999 15.341633333333334 55.00011333333334
vertex -16.263336666666667 16.263336666666667 55.00011333333334
vertex -17.779420000000002 14.590936666666668 55.00011333333334
endloop
endfacet
facet normal 0 0 -0.9999999999999999
outer loop
vertex -20.13999 15.341633333333334 55.00011333333334
vertex -17.779420000000002 14.590936666666668 55.00011333333334
vertex -22.694920000000003 14.590936666666668 55.00011333333334
endloop
endfacet
facet normal 0 0 -1
outer loop
vertex -20.13999 15.341633333333334 55.00011333333334
vertex -22.694920000000003 14.590936666666668 55.00011333333334
vertex -22.449710000000003 15.000373333333334 55.00011333333334
endloop
endfacet
facet normal 0 0 -1
outer loop
vertex -20.13999 15.341633333333334 55.00011333333334
vertex -22.449710000000003 15.000373333333334 55.00011333333334
vertex -21.51294 16.263336666666667 55.00011333333334
endloop
endfacet
facet normal 0 0 -1
outer loop
vertex -20.13999 15.341633333333334 55.00011333333334
vertex -21.51294 16.263336666666667 55.00011333333334
vertex -16.263336666666667 16.263336666666667 55.00011333333334
endloop
endfacet
facet normal 0 0 -1
outer loop
vertex 20.13999 15.341633333333334 55.00011333333334
vertex 21.51294 16.263336666666667 55.00011333333334
vertex 22.449710000000003 15.000373333333334 55.00011333333334
endloop
endfacet
facet normal 0 0 -1
outer loop
vertex 20.13999 15.341633333333334 55.00011333333334
vertex 22.449710000000003 15.000373333333334 55.00011333333334
vertex 22.694920000000003 14.590936666666668 55.00011333333334
endloop
endfacet
facet normal 0 0 -0.9999999999999999
outer loop
vertex 20.13999 15.341633333333334 55.00011333333334
vertex 22.694920000000003 14.590936666666668 55.00011333333334
vertex 17.779420000000002 14.590936666666668 55.00011333333334
endloop
endfacet
facet normal 0 0 -1
outer loop
vertex 20.13999 15.341633333333334 55.00011333333334
vertex 17.779420000000002 14.590936666666668 55.00011333333334
vertex 16.263336666666667 16.263336666666667 55.00011333333334
endloop
endfacet
facet normal 0 0 -1
outer loop
vertex 20.13999 15.341633333333334 55.00011333333334
vertex 16.263336666666667 16.263336666666667 55.00011333333334
vertex 21.51294 16.263336666666667 55.00011333333334
endloop
endfacet
facet normal 0 0 -1
outer loop
vertex -17.779420000000002 14.590936666666668 55.00011333333334
vertex -19.123743333333334 12.77804 55.00011333333334
vertex -23.781603333333337 12.77804 55.00011333333334
endloop
endfacet
facet normal 0 0 -1
outer loop
vertex -17.779420000000002 14.590936666666668 55.00011333333334
vertex -23.781603333333337 12.77804 55.00011333333334
vertex -22.694920000000003 14.590936666666668 55.00011333333334
endloop
endfacet
facet normal 0 0 -1
outer loop
vertex 22.694920000000003 14.590936666666668 55.00011333333334
vertex 23.781603333333337 12.77804 55.00011333333334
vertex 19.123743333333334 12.77804 55.00011333333334
endloop
endfacet
facet normal 0 0 -1
outer loop
vertex 22.694920000000003 14.590936666666668 55.00011333333334
vertex 19.123743333333334 12.77804 55.00011333333334
vertex 17.779420000000002 14.590936666666668 55.00011333333334
endloop
endfacet
facet normal 0 0 -1
outer loop
vertex -22.340853333333335 11.993443333333333 55.00011333333334
vertex -19.123743333333334 12.77804 55.00011333333334
vertex -20.284253333333336 10.841973333333334 55.00011333333334
endloop
endfacet
facet normal 0 0 -1
outer loop
vertex -22.340853333333335 11.993443333333333 55.00011333333334
vertex -20.284253333333336 10.841973333333334 55.00011333333334
vertex -24.703683333333334 10.841973333333334 55.00011333333334
endloop
endfacet
facet normal 0 0 -1
outer loop
vertex -22.340853333333335 11.993443333333333 55.00011333333334
vertex -24.703683333333334 10.841973333333334 55.00011333333334
vertex -23.81173666666667 12.727566666666668 55.00011333333334
endloop
endfacet
facet normal 0 0 -1
outer loop
vertex -22.340853333333335 11.993443333333333 55.00011333333334
vertex -23.81173666666667 12.727566666666668 55.00011333333334
vertex -23.781603333333337 12.77804 55.00011333333334
endloop
endfacet
facet normal 0 0 -1
outer loop
vertex -22.340853333333335 11.993443333333333 55.00011333333334
vertex -23.781603333333337 12.77804 55.00011333333334
vertex -19.123743333333334 12.77804 55.00011333333334
endloop
endfacet
facet normal 0 0 -1
outer loop
vertex 22.340853333333335 11.993443333333333 55.00011333333334
vertex 23.781603333333337 12.77804 55.00011333333334
vertex 23.81173666666667 12.727566666666668 55.00011333333334
endloop
endfacet
facet normal 0 0 -1
outer loop
vertex 22.340853333333335 11.993443333333333 55.00011333333334
vertex 23.81173666666667 12.727566666666668 55.00011333333334
vertex 24.703683333333334 10.841973333333334 55.00011333333334
endloop
endfacet
facet normal 0 0 -1
outer loop
vertex 22.340853333333335 11.993443333333333 55.00011333333334
vertex 24.703683333333334 10.841973333333334 55.00011333333334
vertex 20.284253333333336 10.841973333333334 55.00011333333334
endloop
endfacet
facet normal 0 0 -1
outer loop
vertex 22.340853333333335 11.993443333333333 55.00011333333334
vertex 20.284253333333336 10.841973333333334 55.00011333333334
vertex 19.123743333333334 12.77804 55.00011333333334
endloop
endfacet
facet normal 0 0 -1
outer loop
vertex 22.340853333333335 11.993443333333333 55.00011333333334
vertex 19.123743333333334 12.77804 55.00011333333334
vertex 23.781603333333337 12.77804 55.00011333333334
endloop
endfacet
facet normal 0 0 -1
outer loop
vertex -23.33487666666667 9.924036666666668 55.00011333333334
vertex -20.284253333333336 10.841973333333334 55.00011333333334
vertex -21.249273333333335 8.80157 55.00011333333334
endloop
endfacet
facet normal 0 0 -1
outer loop
vertex -23.33487666666667 9.924036666666668 55.00011333333334
vertex -21.249273333333335 8.80157 55.00011333333334
vertex -25.492423333333335 8.80157 55.00011333333334
endloop
endfacet
facet normal 0 0 -1
outer loop
vertex -23.33487666666667 9.924036666666668 55.00011333333334
vertex -25.492423333333335 8.80157 55.00011333333334
vertex -24.944750000000003 10.332343333333334 55.00011333333334
endloop
endfacet
facet normal 0 0 -0.9999999999999999
outer loop
vertex -23.33487666666667 9.924036666666668 55.00011333333334
vertex -24.944750000000003 10.332343333333334 55.00011333333334
vertex -24.703683333333334 10.841973333333334 55.00011333333334
endloop
endfacet
facet normal 0 0 -1
outer loop
vertex -23.33487666666667 9.924036666666668 55.00011333333334
vertex -24.703683333333334 10.841973333333334 55.00011333333334
vertex -20.284253333333336 10.841973333333334 55.00011333333334
endloop
endfacet
facet normal 0 0 -0.9999999999999999
outer loop
vertex 23.33487666666667 9.924036666666668 55.00011333333334
vertex 24.703683333333334 10.841973333333334 55.00011333333334
vertex 24.944750000000003 10.332343333333334 55.00011333333334
endloop
endfacet
facet normal 0 0 -1
outer loop
vertex 23.33487666666667 9.924036666666668 55.00011333333334
vertex 24.944750000000003 10.332343333333334 55.00011333333334
vertex 25.492423333333335 8.80157 55.00011333333334
endloop
endfacet
facet normal 0 0 -1
outer loop
vertex 23.33487666666667 9.924036666666668 55.00011333333334
vertex 25.492423333333335 8.80157 55.00011333333334
vertex 21.249273333333335 8.80157 55.00011333333334
endloop
endfacet
facet normal 0 0 -1
outer loop
vertex 23.33487666666667 9.924036666666668 55.00011333333334
vertex 21.249273333333335 8.80157 55.00011333333334
vertex 20.284253333333336 10.841973333333334 55.00011333333334
endloop
endfacet
facet normal 0 0 -1
outer loop
vertex 23.33487666666667 9.924036666666668 55.00011333333334
vertex 20.284253333333336 10.841973333333334 55.00011333333334
vertex 24.703683333333334 10.841973333333334 55.00011333333334
endloop
endfacet
facet normal 0 0 -1
outer loop
vertex -24.143580000000004 7.75858 55.00011333333334
vertex -21.249273333333335 8.80157 55.00011333333334
vertex -22.009763333333336 6.676416666666667 55.00011333333334
endloop
endfacet
facet normal 0 0 -1
outer loop
vertex -24.143580000000004 7.75858 55.00011333333334
vertex -22.009763333333336 6.676416666666667 55.00011333333334
vertex -26.12823666666667 6.676416666666667 55.00011333333334
endloop
endfacet
facet normal 0 0 -1
outer loop
vertex -24.143580000000004 7.75858 55.00011333333334
vertex -26.12823666666667 6.676416666666667 55.00011333333334
vertex -25.83745 7.837680000000001 55.00011333333334
endloop
endfacet
facet normal 0 0 -1
outer loop
vertex -24.143580000000004 7.75858 55.00011333333334
vertex -25.83745 7.837680000000001 55.00011333333334
vertex -25.492423333333335 8.80157 55.00011333333334
endloop
endfacet
facet normal 0 0 -1
outer loop
vertex -24.143580000000004 7.75858 55.00011333333334
vertex -25.492423333333335 8.80157 55.00011333333334
vertex -21.249273333333335 8.80157 55.00011333333334
endloop
endfacet
facet normal 0 0 -1
outer loop
vertex 24.143580000000004 7.75858 55.00011333333334
vertex 25.492423333333335 8.80157 55.00011333333334
vertex 25.83745 7.837680000000001 55.00011333333334
endloop
endfacet
facet normal 0 0 -1
outer loop
vertex 24.143580000000004 7.75858 55.00011333333334
vertex 25.83745 7.837680000000001 55.00011333333334
vertex 26.12823666666667 6.676416666666667 55.00011333333334
endloop
endfacet
facet normal 0 0 -1
outer loop
vertex 24.143580000000004 7.75858 55.00011333333334
vertex 26.12823666666667 6.676416666666667 55.00011333333334
vertex 22.009763333333336 6.676416666666667 55.00011333333334
endloop
endfacet
facet normal 0 0 -1
outer loop
vertex 24.143580000000004 7.75858 55.00011333333334
vertex 22.009763333333336 6.676416666666667 55.00011333333334
vertex 21.249273333333335 8.80157 55.00011333333334
endloop
endfacet
facet normal 0 0 -1
outer loop
vertex 24.143580000000004 7.75858 55.00011333333334
vertex 21.249273333333335 8.80157 55.00011333333334
vertex 25.492423333333335 8.80157 55.00011333333334
endloop
endfacet
facet normal 0 0 -1
outer loop
vertex -24.754910000000002 5.5189200000000005 55.00011333333334
vertex -22.009763333333336 6.676416666666667 55.00011333333334
vertex -22.558190000000003 4.48723 55.00011333333334
endloop
endfacet
facet normal 0 0 -1
outer loop
vertex -24.754910000000002 5.5189200000000005 55.00011333333334
vertex -22.558190000000003 4.48723 55.00011333333334
vertex -26.59681 4.48723 55.00011333333334
endloop
endfacet
facet normal 0 0 -1
outer loop
vertex -24.754910000000002 5.5189200000000005 55.00011333333334
vertex -26.59681 4.48723 55.00011333333334
vertex -26.481173333333334 5.267306666666667 55.00011333333334
endloop
endfacet
facet normal 0 0 -1
outer loop
vertex -24.754910000000002 5.5189200000000005 55.00011333333334
vertex -26.481173333333334 5.267306666666667 55.00011333333334
vertex -26.12823666666667 6.676416666666667 55.00011333333334
endloop
endfacet
facet normal 0 0 -1
outer loop
vertex -24.754910000000002 5.5189200000000005 55.00011333333334
vertex -26.12823666666667 6.676416666666667 55.00011333333334
vertex -22.009763333333336 6.676416666666667 55.00011333333334
endloop
endfacet
facet normal 0 0 -1
outer loop
vertex 24.754910000000002 5.5189200000000005 55.00011333333334
vertex 26.12823666666667 6.676416666666667 55.00011333333334
vertex 26.481173333333334 5.267306666666667 55.00011333333334
endloop
endfacet
facet normal 0 0 -1
outer loop
vertex 24.754910000000002 5.5189200000000005 55.00011333333334
vertex 26.481173333333334 5.267306666666667 55.00011333333334
vertex 26.59681 4.48723 55.00011333333334
endloop
endfacet
facet normal 0 0 -1
outer loop
vertex 24.754910000000002 5.5189200000000005 55.00011333333334
vertex 26.59681 4.48723 55.00011333333334
vertex 22.558190000000003 4.48723 55.00011333333334
endloop
endfacet
facet normal 0 0 -1
outer loop
vertex 24.754910000000002 5.5189200000000005 55.00011333333334
vertex 22.558190000000003 4.48723 55.00011333333334
vertex 22.009763333333336 6.676416666666667 55.00011333333334
endloop
endfacet
facet normal 0 0 -1
outer loop
vertex 24.754910000000002 5.5189200000000005 55.00011333333334
vertex 22.009763333333336 6.676416666666667 55.00011333333334
vertex 26.12823666666667 6.676416666666667 55.00011333333334
endloop
endfacet
facet normal 0 0 -0.9999999999999999
outer loop
vertex -25.160580000000003 3.2257733333333336 55.00011333333334
vertex -22.558190000000003 4.48723 55.00011333333334
vertex -22.889280000000003 2.25435 55.00011333333334
endloop
endfacet
facet normal 0 0 -1
outer loop
vertex -25.160580000000003 3.2257733333333336 55.00011333333334
vertex -22.889280000000003 2.25435 55.00011333333334
vertex -26.889103333333335 2.25435 55.00011333333334
endloop
endfacet
facet normal 0 0 -1
outer loop
vertex -25.160580000000003 3.2257733333333336 55.00011333333334
vertex -26.889103333333335 2.25435 55.00011333333334
vertex -26.869893333333337 2.6464600000000003 55.00011333333334
endloop
endfacet
facet normal 0 0 -1
outer loop
vertex -25.160580000000003 3.2257733333333336 55.00011333333334
vertex -26.869893333333337 2.6464600000000003 55.00011333333334
vertex -26.59681 4.48723 55.00011333333334
endloop
endfacet
facet normal 0 0 -1
outer loop
vertex -25.160580000000003 3.2257733333333336 55.00011333333334
vertex -26.59681 4.48723 55.00011333333334
vertex -22.558190000000003 4.48723 55.00011333333334
endloop
endfacet
facet normal 0 0 -1
outer loop
vertex 25.160580000000003 3.2257733333333336 55.00011333333334
vertex 26.59681 4.48723 55.00011333333334
vertex 26.869893333333337 2.6464600000000003 55.00011333333334
endloop
endfacet
facet normal 0 0 -1
outer loop
vertex 25.160580000000003 3.2257733333333336 55.00011333333334
vertex 26.869893333333337 2.6464600000000003 55.00011333333334
vertex 26.889103333333335 2.25435 55.00011333333334
endloop
endfacet
facet normal 0 0 -1
outer loop
vertex 25.160580000000003 3.2257733333333336 55.00011333333334
vertex 26.889103333333335 2.25435 55.00011333333334
vertex 22.889280000000003 2.25435 55.00011333333334
endloop
endfacet
facet normal 0 0 -0.9999999999999999
outer loop
vertex 25.160580000000003 3.2257733333333336 55.00011333333334
vertex 22.889280000000003 2.25435 55.00011333333334
vertex 22.558190000000003 4.48723 55.00011333333334
endloop
endfacet
facet normal 0 0 -1
outer loop
vertex 25.160580000000003 3.2257733333333336 55.00011333333334
vertex 22.558190000000003 4.48723 55.00011333333334
vertex 26.59681 4.48723 55.00011333333334
endloop
endfacet
facet normal 0 0 -1
outer loop
vertex -22.889280000000003 2.25435 55.00011333333334
vertex -23.000020000000003 0 55.00011333333334
vertex -26.999843333333335 0 55.00011333333334
endloop
endfacet
facet normal 0 0 -1
outer loop
vertex -22.889280000000003 2.25435 55.00011333333334
vertex -26.999843333333335 0 55.00011333333334
vertex -26.889103333333335 2.25435 55.00011333333334
endloop
endfacet
facet normal 0 0 -1
outer loop
vertex 26.889103333333335 2.25435 55.00011333333334
vertex 26.999843333333335 0 55.00011333333334
vertex 23.000020000000003 0 55.00011333333334
endloop
endfacet
facet normal 0 0 -1
outer loop
vertex 26.889103333333335 2.25435 55.00011333333334
vertex 23.000020000000003 0 55.00011333333334
vertex 22.889280000000003 2.25435 55.00011333333334
endloop
endfacet
facet normal 0 0 -1
outer loop
vertex -23.000020000000003 0 55.00011333333334
vertex -22.889280000000003 -2.25435 55.00011333333334
vertex -26.889103333333335 -2.25435 55.00011333333334
endloop
endfacet
facet normal 0 0 -1
outer loop
vertex -23.000020000000003 0 55.00011333333334
vertex -26.889103333333335 -2.25435 55.00011333333334
vertex -26.999843333333335 0 55.00011333333334
endloop
endfacet
facet normal 0 0 -1
outer loop
vertex 26.999843333333335 0 55.00011333333334
vertex 26.889103333333335 -2.25435 55.00011333333334
vertex 22.889280000000003 -2.25435 55.00011333333334
endloop
endfacet
facet normal 0 0 -1
outer loop
vertex 26.999843333333335 0 55.00011333333334
vertex 22.889280000000003 -2.25435 55.00011333333334
vertex 23.000020000000003 0 55.00011333333334
endloop
endfacet
facet normal 0 0 -0.9999999999999999
outer loop
vertex -25.160580000000003 -3.2257733333333336 55.00011333333334
vertex -22.889280000000003 -2.25435 55.00011333333334
vertex -22.558190000000003 -4.48723 55.00011333333334
endloop
endfacet
facet normal 0 0 -1
outer loop
vertex -25.160580000000003 -3.2257733333333336 55.00011333333334
vertex -22.558190000000003 -4.48723 55.00011333333334
vertex -26.59681 -4.48723 55.00011333333334
endloop
endfacet
facet normal 0 0 -1
outer loop
vertex -25.160580000000003 -3.2257733333333336 55.00011333333334
vertex -26.59681 -4.48723 55.00011333333334
vertex -26.869893333333337 -2.6464600000000003 55.00011333333334
endloop
endfacet
facet normal 0 0 -1
outer loop
vertex -25.160580000000003 -3.2257733333333336 55.00011333333334
vertex -26.869893333333337 -2.6464600000000003 55.00011333333334
vertex -26.889103333333335 -2.25435 55.00011333333334
endloop
endfacet
facet normal 0 0 -1
outer loop
vertex -25.160580000000003 -3.2257733333333336 55.00011333333334
vertex -26.889103333333335 -2.25435 55.00011333333334
vertex -22.889280000000003 -2.25435 55.00011333333334
endloop
endfacet
facet normal 0 0 -1
outer loop
vertex 25.160580000000003 -3.2257733333333336 55.00011333333334
vertex 26.889103333333335 -2.25435 55.00011333333334
vertex 26.869893333333337 -2.6464600000000003 55.00011333333334
endloop
endfacet
facet normal 0 0 -1
outer loop
vertex 25.160580000000003 -3.2257733333333336 55.00011333333334
vertex 26.869893333333337 -2.6464600000000003 55.00011333333334
vertex 26.59681 -4.48723 55.00011333333334
endloop
endfacet
facet normal 0 0 -1
outer loop
vertex 25.160580000000003 -3.2257733333333336 55.00011333333334
vertex 26.59681 -4.48723 55.00011333333334
vertex 22.558190000000003 -4.48723 55.00011333333334
endloop
endfacet
facet normal 0 0 -0.9999999999999999
outer loop
vertex 25.160580000000003 -3.2257733333333336 55.00011333333334
vertex 22.558190000000003 -4.48723 55.00011333333334
vertex 22.889280000000003 -2.25435 55.00011333333334
endloop
endfacet
facet normal 0 0 -1
outer loop
vertex 25.160580000000003 -3.2257733333333336 55.00011333333334
vertex 22.889280000000003 -2.25435 55.00011333333334
vertex 26.889103333333335 -2.25435 55.00011333333334
endloop
endfacet
facet normal 0 0 -1
outer loop
vertex -24.754910000000002 -5.5189200000000005 55.00011333333334
vertex -22.558190000000003 -4.48723 55.00011333333334
vertex -22.009763333333336 -6.676416666666667 55.00011333333334
endloop
endfacet
facet normal 0 0 -1
outer loop
vertex -24.754910000000002 -5.5189200000000005 55.00011333333334
vertex -22.009763333333336 -6.676416666666667 55.00011333333334
vertex -26.12823666666667 -6.676416666666667 55.00011333333334
endloop
endfacet
facet normal 0 0 -1
outer loop
vertex -24.754910000000002 -5.5189200000000005 55.00011333333334
vertex -26.12823666666667 -6.676416666666667 55.00011333333334
vertex -26.481173333333334 -5.267306666666667 55.00011333333334
endloop
endfacet
facet normal 0 0 -1
outer loop
vertex -24.754910000000002 -5.5189200000000005 55.00011333333334
vertex -26.481173333333334 -5.267306666666667 55.00011333333334
vertex -26.59681 -4.48723 55.00011333333334
endloop
endfacet
facet normal 0 0 -1
outer loop
vertex -24.754910000000002 -5.5189200000000005 55.00011333333334
vertex -26.59681 -4.48723 55.00011333333334
vertex -22.558190000000003 -4.48723 55.00011333333334
endloop
endfacet
facet normal 0 0 -1
outer loop
vertex 24.754910000000002 -5.5189200000000005 55.00011333333334
vertex 26.59681 -4.48723 55.00011333333334
vertex 26.481173333333334 -5.267306666666667 55.00011333333334
endloop
endfacet
facet normal 0 0 -1
outer loop
vertex 24.754910000000002 -5.5189200000000005 55.00011333333334
vertex 26.481173333333334 -5.267306666666667 55.00011333333334
vertex 26.12823666666667 -6.676416666666667 55.00011333333334
endloop
endfacet
facet normal 0 0 -1
outer loop
vertex 24.754910000000002 -5.5189200000000005 55.00011333333334
vertex 26.12823666666667 -6.676416666666667 55.00011333333334
vertex 22.009763333333336 -6.676416666666667 55.00011333333334
endloop
endfacet
facet normal 0 0 -1
outer loop
vertex 24.754910000000002 -5.5189200000000005 55.00011333333334
vertex 22.009763333333336 -6.676416666666667 55.00011333333334
vertex 22.558190000000003 -4.48723 55.00011333333334
endloop
endfacet
facet normal 0 0 -1
outer loop
vertex 24.754910000000002 -5.5189200000000005 55.00011333333334
vertex 22.558190000000003 -4.48723 55.00011333333334
vertex 26.59681 -4.48723 55.00011333333334
endloop
endfacet
facet normal 0 0 -1
outer loop
vertex -24.143580000000004 -7.75858 55.00011333333334
vertex -22.009763333333336 -6.676416666666667 55.00011333333334
vertex -21.249273333333335 -8.80157 55.00011333333334
endloop
endfacet
facet normal 0 0 -1
outer loop
vertex -24.143580000000004 -7.75858 55.00011333333334
vertex -21.249273333333335 -8.80157 55.00011333333334
vertex -25.492423333333335 -8.80157 55.00011333333334
endloop
endfacet
facet normal 0 0 -1
outer loop
vertex -24.143580000000004 -7.75858 55.00011333333334
vertex -25.492423333333335 -8.80157 55.00011333333334
vertex -25.83745 -7.837680000000001 55.00011333333334
endloop
endfacet
facet normal 0 0 -1
outer loop
vertex -24.143580000000004 -7.75858 55.00011333333334
vertex -25.83745 -7.837680000000001 55.00011333333334
vertex -26.12823666666667 -6.676416666666667 55.00011333333334
endloop
endfacet
facet normal 0 0 -1
outer loop
vertex -24.143580000000004 -7.75858 55.00011333333334
vertex -26.12823666666667 -6.676416666666667 55.00011333333334
vertex -22.009763333333336 -6.676416666666667 55.00011333333334
endloop
endfacet
facet normal 0 0 -1
outer loop
vertex 24.143580000000004 -7.75858 55.00011333333334
vertex 26.12823666666667 -6.676416666666667 55.00011333333334
vertex 25.83745 -7.837680000000001 55.00011333333334
endloop
endfacet
facet normal 0 0 -1
outer loop
vertex 24.143580000000004 -7.75858 55.00011333333334
vertex 25.83745 -7.837680000000001 55.00011333333334
vertex 25.492423333333335 -8.80157 55.00011333333334
endloop
endfacet
facet normal 0 0 -1
outer loop
vertex 24.143580000000004 -7.75858 55.00011333333334
vertex 25.492423333333335 -8.80157 55.00011333333334
vertex 21.249273333333335 -8.80157 55.00011333333334
endloop
endfacet
facet normal 0 0 -1
outer loop
vertex 24.143580000000004 -7.75858 55.00011333333334
vertex 21.249273333333335 -8.80157 55.00011333333334
vertex 22.009763333333336 -6.676416666666667 55.00011333333334
endloop
endfacet
facet normal 0 0 -1
outer loop
vertex 24.143580000000004 -7.75858 55.00011333333334
vertex 22.009763333333336 -6.676416666666667 55.00011333333334
vertex 26.12823666666667 -6.676416666666667 55.00011333333334
endloop
endfacet
facet normal 0 0 -1
outer loop
vertex -23.33487666666667 -9.924036666666668 55.00011333333334
vertex -21.249273333333335 -8.80157 55.00011333333334
vertex -20.284253333333336 -10.841973333333334 55.00011333333334
endloop
endfacet
facet normal 0 0 -1
outer loop
vertex -23.33487666666667 -9.924036666666668 55.00011333333334
vertex -20.284253333333336 -10.841973333333334 55.00011333333334
vertex -24.703683333333334 -10.841973333333334 55.00011333333334
endloop
endfacet
facet normal 0 0 -0.9999999999999999
outer loop
vertex -23.33487666666667 -9.924036666666668 55.00011333333334
vertex -24.703683333333334 -10.841973333333334 55.00011333333334
vertex -24.944750000000003 -10.332343333333334 55.00011333333334
endloop
endfacet
facet normal 0 0 -1
outer loop
vertex -23.33487666666667 -9.924036666666668 55.00011333333334
vertex -24.944750000000003 -10.332343333333334 55.00011333333334
vertex -25.492423333333335 -8.80157 55.00011333333334
endloop
endfacet
facet normal 0 0 -1
outer loop
vertex -23.33487666666667 -9.924036666666668 55.00011333333334
vertex -25.492423333333335 -8.80157 55.00011333333334
vertex -21.249273333333335 -8.80157 55.00011333333334
endloop
endfacet
facet normal 0 0 -1
outer loop
vertex 23.33487666666667 -9.924036666666668 55.00011333333334
vertex 25.492423333333335 -8.80157 55.00011333333334
vertex 24.944750000000003 -10.332343333333334 55.00011333333334
endloop
endfacet
facet normal 0 0 -0.9999999999999999
outer loop
vertex 23.33487666666667 -9.924036666666668 55.00011333333334
vertex 24.944750000000003 -10.332343333333334 55.00011333333334
vertex 24.703683333333334 -10.841973333333334 55.00011333333334
endloop
endfacet
facet normal 0 0 -1
outer loop
vertex 23.33487666666667 -9.924036666666668 55.00011333333334
vertex 24.703683333333334 -10.841973333333334 55.00011333333334
vertex 20.284253333333336 -10.841973333333334 55.00011333333334
endloop
endfacet
facet normal 0 0 -1
outer loop
vertex 23.33487666666667 -9.924036666666668 55.00011333333334
vertex 20.284253333333336 -10.841973333333334 55.00011333333334
vertex 21.249273333333335 -8.80157 55.00011333333334
endloop
endfacet
facet normal 0 0 -1
outer loop
vertex 23.33487666666667 -9.924036666666668 55.00011333333334
vertex 21.249273333333335 -8.80157 55.00011333333334
vertex 25.492423333333335 -8.80157 55.00011333333334
endloop
endfacet
facet normal 0 0 -1
outer loop
vertex -22.340853333333335 -11.993443333333333 55.00011333333334
vertex -20.284253333333336 -10.841973333333334 55.00011333333334
vertex -19.123743333333334 -12.77804 55.00011333333334
endloop
endfacet
facet normal 0 0 -1
outer loop
vertex -22.340853333333335 -11.993443333333333 55.00011333333334
vertex -19.123743333333334 -12.77804 55.00011333333334
vertex -23.781603333333337 -12.77804 55.00011333333334
endloop
endfacet
facet normal 0 0 -1
outer loop
vertex -22.340853333333335 -11.993443333333333 55.00011333333334
vertex -23.781603333333337 -12.77804 55.00011333333334
vertex -23.81173666666667 -12.727566666666668 55.00011333333334
endloop
endfacet
facet normal 0 0 -1
outer loop
vertex -22.340853333333335 -11.993443333333333 55.00011333333334
vertex -23.81173666666667 -12.727566666666668 55.00011333333334
vertex -24.703683333333334 -10.841973333333334 55.00011333333334
endloop
endfacet
facet normal 0 0 -1
outer loop
vertex -22.340853333333335 -11.993443333333333 55.00011333333334
vertex -24.703683333333334 -10.841973333333334 55.00011333333334
vertex -20.284253333333336 -10.841973333333334 55.00011333333334
endloop
endfacet
facet normal 0 0 -1
outer loop
vertex 22.340853333333335 -11.993443333333333 55.00011333333334
vertex 24.703683333333334 -10.841973333333334 55.00011333333334
vertex 23.81173666666667 -12.727566666666668 55.00011333333334
endloop
endfacet
facet normal 0 0 -1
outer loop
vertex 22.340853333333335 -11.993443333333333 55.00011333333334
vertex 23.81173666666667 -12.727566666666668 55.00011333333334
vertex 23.781603333333337 -12.77804 55.00011333333334
endloop
endfacet
facet normal 0 0 -1
outer loop
vertex 22.340853333333335 -11.993443333333333 55.00011333333334
vertex 23.781603333333337 -12.77804 55.00011333333334
vertex 19.123743333333334 -12.77804 55.00011333333334
endloop
endfacet
facet normal 0 0 -1
outer loop
vertex 22.340853333333335 -11.993443333333333 55.00011333333334
vertex 19.123743333333334 -12.77804 55.00011333333334
vertex 20.284253333333336 -10.841973333333334 55.00011333333334
endloop
endfacet
facet normal 0 0 -1
outer loop
vertex 22.340853333333335 -11.993443333333333 55.00011333333334
vertex 20.284253333333336 -10.841973333333334 55.00011333333334
vertex 24.703683333333334 -10.841973333333334 55.00011333333334
endloop
endfacet
facet normal 0 0 -1
outer loop
vertex -19.123743333333334 -12.77804 55.00011333333334
vertex -17.779420000000002 -14.590936666666668 55.00011333333334
vertex -22.694920000000003 -14.590936666666668 55.00011333333334
endloop
endfacet
facet normal 0 0 -1
outer loop
vertex -19.123743333333334 -12.77804 55.00011333333334
vertex -22.694920000000003 -14.590936666666668 55.00011333333334
vertex -23.781603333333337 -12.77804 55.00011333333334
endloop
endfacet
facet normal 0 0 -1
outer loop
vertex 23.781603333333337 -12.77804 55.00011333333334
vertex 22.694920000000003 -14.590936666666668 55.00011333333334
vertex 17.779420000000002 -14.590936666666668 55.00011333333334
endloop
endfacet
facet normal 0 0 -1
outer loop
vertex 23.781603333333337 -12.77804 55.00011333333334
vertex 17.779420000000002 -14.590936666666668 55.00011333333334
vertex 19.123743333333334 -12.77804 55.00011333333334
endloop
endfacet
facet normal 0 0 -1
outer loop
vertex -20.13999 -15.341633333333334 55.00011333333334
vertex -17.779420000000002 -14.590936666666668 55.00011333333334
vertex -16.263336666666667 -16.263336666666667 55.00011333333334
endloop
endfacet
facet normal 0 0 -1
outer loop
vertex -20.13999 -15.341633333333334 55.00011333333334
vertex -16.263336666666667 -16.263336666666667 55.00011333333334
vertex -21.51294 -16.263336666666667 55.00011333333334
endloop
endfacet
facet normal 0 0 -1
outer loop
vertex -20.13999 -15.341633333333334 55.00011333333334
vertex -21.51294 -16.263336666666667 55.00011333333334
vertex -22.449710000000003 -15.000373333333334 55.00011333333334
endloop
endfacet
facet normal 0 0 -1
outer loop
vertex -20.13999 -15.341633333333334 55.00011333333334
vertex -22.449710000000003 -15.000373333333334 55.00011333333334
vertex -22.694920000000003 -14.590936666666668 55.00011333333334
endloop
endfacet
facet normal 0 0 -0.9999999999999999
outer loop
vertex -20.13999 -15.341633333333334 55.00011333333334
vertex -22.694920000000003 -14.590936666666668 55.00011333333334
vertex -17.779420000000002 -14.590936666666668 55.00011333333334
endloop
endfacet
facet normal 0 0 -1
outer loop
vertex 20.13999 -15.341633333333334 55.00011333333334
vertex 22.694920000000003 -14.590936666666668 55.00011333333334
vertex 22.449710000000003 -15.000373333333334 55.00011333333334
endloop
endfacet
facet normal 0 0 -1
outer loop
vertex 20.13999 -15.341633333333334 55.00011333333334
vertex 22.449710000000003 -15.000373333333334 55.00011333333334
vertex 21.51294 -16.263336666666667 55.00011333333334
endloop
endfacet
facet normal 0 0 -1
outer loop
vertex 20.13999 -15.341633333333334 55.00011333333334
vertex 21.51294 -16.263336666666667 55.00011333333334
vertex 16.263336666666667 -16.263336666666667 55.00011333333334
endloop
endfacet
facet normal 0 0 -1
outer loop
vertex 20.13999 -15.341633333333334 55.00011333333334
vertex 16.263336666666667 -16.263336666666667 55.00011333333334
vertex 17.779420000000002 -14.590936666666668 55.00011333333334
endloop
endfacet
facet normal 0 0 -0.9999999999999999
outer loop
vertex 20.13999 -15.341633333333334 55.00011333333334
vertex 17.779420000000002 -14.590936666666668 55.00011333333334
vertex 22.694920000000003 -14.590936666666668 55.00011333333334
endloop
endfacet
facet normal 0 0 -1
outer loop
vertex -18.704136666666667 -17.04266 55.00011333333334
vertex -16.263336666666667 -16.263336666666667 55.00011333333334
vertex -14.590936666666668 -17.779420000000002 55.00011333333334
endloop
endfacet
facet normal 0 0 -1
outer loop
vertex -18.704136666666667 -17.04266 55.00011333333334
vertex -14.590936666666668 -17.779420000000002 55.00011333333334
vertex -20.281616666666668 -17.779420000000002 55.00011333333334
endloop
endfacet
facet normal 0 0 -1
outer loop
vertex -18.704136666666667 -17.04266 55.00011333333334
vertex -20.281616666666668 -17.779420000000002 55.00011333333334
vertex -20.871100000000002 -17.12854 55.00011333333334
endloop
endfacet
facet normal 0 0 -0.9999999999999999
outer loop
vertex -18.704136666666667 -17.04266 55.00011333333334
vertex -20.871100000000002 -17.12854 55.00011333333334
vertex -21.51294 -16.263336666666667 55.00011333333334
endloop
endfacet
facet normal 0 0 -1
outer loop
vertex -18.704136666666667 -17.04266 55.00011333333334
vertex -21.51294 -16.263336666666667 55.00011333333334
vertex -16.263336666666667 -16.263336666666667 55.00011333333334
endloop
endfacet
facet normal 0 0 -0.9999999999999999
outer loop
vertex 18.704136666666667 -17.04266 55.00011333333334
vertex 21.51294 -16.263336666666667 55.00011333333334
vertex 20.871100000000002 -17.12854 55.00011333333334
endloop
endfacet
facet normal 0 0 -1
outer loop
vertex 18.704136666666667 -17.04266 55.00011333333334
vertex 20.871100000000002 -17.12854 55.00011333333334
vertex 20.281616666666668 -17.779420000000002 55.00011333333334
endloop
endfacet
facet normal 0 0 -1
outer loop
vertex 18.704136666666667 -17.04266 55.00011333333334
vertex 20.281616666666668 -17.779420000000002 55.00011333333334
vertex 14.590936666666668 -17.779420000000002 55.00011333333334
endloop
endfacet
facet normal 0 0 -1
outer loop
vertex 18.704136666666667 -17.04266 55.00011333333334
vertex 14.590936666666668 -17.779420000000002 55.00011333333334
vertex 16.263336666666667 -16.263336666666667 55.00011333333334
endloop
endfacet
facet normal 0 0 -1
outer loop
vertex 18.704136666666667 -17.04266 55.00011333333334
vertex 16.263336666666667 -16.263336666666667 55.00011333333334
vertex 21.51294 -16.263336666666667 55.00011333333334
endloop
endfacet
facet normal 0 0 -1
outer loop
vertex -17.159803333333336 -18.57946 55.00011333333334
vertex -14.590936666666668 -17.779420000000002 55.00011333333334
vertex -12.77804 -19.123743333333334 55.00011333333334
endloop
endfacet
facet normal 0 0 -1
outer loop
vertex -17.159803333333336 -18.57946 55.00011333333334
vertex -12.77804 -19.123743333333334 55.00011333333334
vertex -19.056696666666667 -19.123743333333334 55.00011333333334
endloop
endfacet
facet normal 0 0 -0.9999999999999999
outer loop
vertex -17.159803333333336 -18.57946 55.00011333333334
vertex -19.056696666666667 -19.123743333333334 55.00011333333334
vertex -19.09172666666667 -19.09172666666667 55.00011333333334
endloop
endfacet
facet normal 0 0 -1
outer loop
vertex -17.159803333333336 -18.57946 55.00011333333334
vertex -19.09172666666667 -19.09172666666667 55.00011333333334
vertex -20.281616666666668 -17.779420000000002 55.00011333333334
endloop
endfacet
facet normal 0 0 -0.9999999999999999
outer loop
vertex -17.159803333333336 -18.57946 55.00011333333334
vertex -20.281616666666668 -17.779420000000002 55.00011333333334
vertex -14.590936666666668 -17.779420000000002 55.00011333333334
endloop
endfacet
facet normal 0 0 -1
outer loop
vertex 17.159803333333336 -18.57946 55.00011333333334
vertex 20.281616666666668 -17.779420000000002 55.00011333333334
vertex 19.09172666666667 -19.09172666666667 55.00011333333334
endloop
endfacet
facet normal 0 0 -0.9999999999999999
outer loop
vertex 17.159803333333336 -18.57946 55.00011333333334
vertex 19.09172666666667 -19.09172666666667 55.00011333333334
vertex 19.056696666666667 -19.123743333333334 55.00011333333334
endloop
endfacet
facet normal 0 0 -1
outer loop
vertex 17.159803333333336 -18.57946 55.00011333333334
vertex 19.056696666666667 -19.123743333333334 55.00011333333334
vertex 12.77804 -19.123743333333334 55.00011333333334
endloop
endfacet
facet normal 0 0 -1
outer loop
vertex 17.159803333333336 -18.57946 55.00011333333334
vertex 12.77804 -19.123743333333334 55.00011333333334
vertex 14.590936666666668 -17.779420000000002 55.00011333333334
endloop
endfacet
facet normal 0 0 -0.9999999999999999
outer loop
vertex 17.159803333333336 -18.57946 55.00011333333334
vertex 14.590936666666668 -17.779420000000002 55.00011333333334
vertex 20.281616666666668 -17.779420000000002 55.00011333333334
endloop
endfacet
facet normal 0 0 -1
outer loop
vertex -12.77804 -19.123743333333334 55.00011333333334
vertex -10.841973333333334 -20.284253333333336 55.00011333333334
vertex -17.776406666666666 -20.284253333333336 55.00011333333334
endloop
endfacet
facet normal 0 0 -1
outer loop
vertex -12.77804 -19.123743333333334 55.00011333333334
vertex -17.776406666666666 -20.284253333333336 55.00011333333334
vertex -19.056696666666667 -19.123743333333334 55.00011333333334
endloop
endfacet
facet normal 0 0 -1
outer loop
vertex 19.056696666666667 -19.123743333333334 55.00011333333334
vertex 17.776406666666666 -20.284253333333336 55.00011333333334
vertex 10.841973333333334 -20.284253333333336 55.00011333333334
endloop
endfacet
facet normal 0 0 -1
outer loop
vertex 19.056696666666667 -19.123743333333334 55.00011333333334
vertex 10.841973333333334 -20.284253333333336 55.00011333333334
vertex 12.77804 -19.123743333333334 55.00011333333334
endloop
endfacet
facet normal 0 0 -1
outer loop
vertex -14.233480000000002 -20.787480000000002 55.00011333333334
vertex -10.841973333333334 -20.284253333333336 55.00011333333334
vertex -8.80157 -21.249273333333335 55.00011333333334
endloop
endfacet
facet normal 0 0 -1
outer loop
vertex -14.233480000000002 -20.787480000000002 55.00011333333334
vertex -8.80157 -21.249273333333335 55.00011333333334
vertex -16.61891 -21.249273333333335 55.00011333333334
endloop
endfacet
facet normal 0 0 -1
outer loop
vertex -14.233480000000002 -20.787480000000002 55.00011333333334
vertex -16.61891 -21.249273333333335 55.00011333333334
vertex -17.12854 -20.871100000000002 55.00011333333334
endloop
endfacet
facet normal 0 0 -1
outer loop
vertex -14.233480000000002 -20.787480000000002 55.00011333333334
vertex -17.12854 -20.871100000000002 55.00011333333334
vertex -17.776406666666666 -20.284253333333336 55.00011333333334
endloop
endfacet
facet normal 0 0 -0.9999999999999999
outer loop
vertex -14.233480000000002 -20.787480000000002 55.00011333333334
vertex -17.776406666666666 -20.284253333333336 55.00011333333334
vertex -10.841973333333334 -20.284253333333336 55.00011333333334
endloop
endfacet
facet normal 0 0 -1
outer loop
vertex 14.233480000000002 -20.787480000000002 55.00011333333334
vertex 17.776406666666666 -20.284253333333336 55.00011333333334
vertex 17.12854 -20.871100000000002 55.00011333333334
endloop
endfacet
facet normal 0 0 -1
outer loop
vertex 14.233480000000002 -20.787480000000002 55.00011333333334
vertex 17.12854 -20.871100000000002 55.00011333333334
vertex 16.61891 -21.249273333333335 55.00011333333334
endloop
endfacet
facet normal 0 0 -1
outer loop
vertex 14.233480000000002 -20.787480000000002 55.00011333333334
vertex 16.61891 -21.249273333333335 55.00011333333334
vertex 8.80157 -21.249273333333335 55.00011333333334
endloop
endfacet
facet normal 0 0 -1
outer loop
vertex 14.233480000000002 -20.787480000000002 55.00011333333334
vertex 8.80157 -21.249273333333335 55.00011333333334
vertex 10.841973333333334 -20.284253333333336 55.00011333333334
endloop
endfacet
facet normal 0 0 -0.9999999999999999
outer loop
vertex 14.233480000000002 -20.787480000000002 55.00011333333334
vertex 10.841973333333334 -20.284253333333336 55.00011333333334
vertex 17.776406666666666 -20.284253333333336 55.00011333333334
endloop
endfacet
facet normal 0 0 -1
outer loop
vertex -8.80157 -21.249273333333335 55.00011333333334
vertex -6.676416666666667 -22.009763333333336 55.00011333333334
vertex -15.593623333333335 -22.009763333333336 55.00011333333334
endloop
endfacet
facet normal 0 0 -1
outer loop
vertex -8.80157 -21.249273333333335 55.00011333333334
vertex -15.593623333333335 -22.009763333333336 55.00011333333334
vertex -16.61891 -21.249273333333335 55.00011333333334
endloop
endfacet
facet normal 0 0 -1
outer loop
vertex 16.61891 -21.249273333333335 55.00011333333334
vertex 15.593623333333335 -22.009763333333336 55.00011333333334
vertex 6.676416666666667 -22.009763333333336 55.00011333333334
endloop
endfacet
facet normal 0 0 -1
outer loop
vertex 16.61891 -21.249273333333335 55.00011333333334
vertex 6.676416666666667 -22.009763333333336 55.00011333333334
vertex 8.80157 -21.249273333333335 55.00011333333334
endloop
endfacet
facet normal 0 0 -1
outer loop
vertex -11.315443333333334 -22.317123333333335 55.00011333333334
vertex -6.676416666666667 -22.009763333333336 55.00011333333334
vertex -4.48723 -22.558190000000003 55.00011333333334
endloop
endfacet
facet normal 0 0 -1
outer loop
vertex -11.315443333333334 -22.317123333333335 55.00011333333334
vertex -4.48723 -22.558190000000003 55.00011333333334
vertex -14.819573333333334 -22.558190000000003 55.00011333333334
endloop
endfacet
facet normal 0 0 -1
outer loop
vertex -11.315443333333334 -22.317123333333335 55.00011333333334
vertex -14.819573333333334 -22.558190000000003 55.00011333333334
vertex -15.000373333333334 -22.449710000000003 55.00011333333334
endloop
endfacet
facet normal 0 0 -1
outer loop
vertex -11.315443333333334 -22.317123333333335 55.00011333333334
vertex -15.000373333333334 -22.449710000000003 55.00011333333334
vertex -15.593623333333335 -22.009763333333336 55.00011333333334
endloop
endfacet
facet normal 0 0 -1
outer loop
vertex -11.315443333333334 -22.317123333333335 55.00011333333334
vertex -15.593623333333335 -22.009763333333336 55.00011333333334
vertex -6.676416666666667 -22.009763333333336 55.00011333333334
endloop
endfacet
facet normal 0 0 -1
outer loop
vertex 11.315443333333334 -22.317123333333335 55.00011333333334
vertex 15.593623333333335 -22.009763333333336 55.00011333333334
vertex 15.000373333333334 -22.449710000000003 55.00011333333334
endloop
endfacet
facet normal 0 0 -1
outer loop
vertex 11.315443333333334 -22.317123333333335 55.00011333333334
vertex 15.000373333333334 -22.449710000000003 55.00011333333334
vertex 14.819573333333334 -22.558190000000003 55.00011333333334
endloop
endfacet
facet normal 0 0 -1
outer loop
vertex 11.315443333333334 -22.317123333333335 55.00011333333334
vertex 14.819573333333334 -22.558190000000003 55.00011333333334
vertex 4.48723 -22.558190000000003 55.00011333333334
endloop
endfacet
facet normal 0 0 -1
outer loop
vertex 11.315443333333334 -22.317123333333335 55.00011333333334
vertex 4.48723 -22.558190000000003 55.00011333333334
vertex 6.676416666666667 -22.009763333333336 55.00011333333334
endloop
endfacet
facet normal 0 0 -1
outer loop
vertex 11.315443333333334 -22.317123333333335 55.00011333333334
vertex 6.676416666666667 -22.009763333333336 55.00011333333334
vertex 15.593623333333335 -22.009763333333336 55.00011333333334
endloop
endfacet
facet normal 0 0 -1
outer loop
vertex -4.48723 -22.558190000000003 55.00011333333334
vertex -2.25435 -22.889280000000003 55.00011333333334
vertex -14.267003333333335 -22.889280000000003 55.00011333333334
endloop
endfacet
facet normal 0 0 -1
outer loop
vertex -4.48723 -22.558190000000003 55.00011333333334
vertex -14.267003333333335 -22.889280000000003 55.00011333333334
vertex -14.819573333333334 -22.558190000000003 55.00011333333334
endloop
endfacet
facet normal 0 0 -1
outer loop
vertex 14.819573333333334 -22.558190000000003 55.00011333333334
vertex 14.267003333333335 -22.889280000000003 55.00011333333334
vertex 2.25435 -22.889280000000003 55.00011333333334
endloop
endfacet
facet normal 0 0 -1
outer loop
vertex 14.819573333333334 -22.558190000000003 55.00011333333334
vertex 2.25435 -22.889280000000003 55.00011333333334
vertex 4.48723 -22.558190000000003 55.00011333333334
endloop
endfacet
facet normal 0 0 -1
outer loop
vertex -2.25435 -22.889280000000003 55.00011333333334
vertex 0 -23.000020000000003 55.00011333333334
vertex -14.08206 -23.000020000000003 55.00011333333334
endloop
endfacet
facet normal 0 0 -1
outer loop
vertex -2.25435 -22.889280000000003 55.00011333333334
vertex -14.08206 -23.000020000000003 55.00011333333334
vertex -14.267003333333335 -22.889280000000003 55.00011333333334
endloop
endfacet
facet normal 0 0 -1
outer loop
vertex 14.267003333333335 -22.889280000000003 55.00011333333334
vertex 14.08206 -23.000020000000003 55.00011333333334
vertex 0 -23.000020000000003 55.00011333333334
endloop
endfacet
facet normal 0 0 -1
outer loop
vertex 14.267003333333335 -22.889280000000003 55.00011333333334
vertex 0 -23.000020000000003 55.00011333333334
vertex 2.25435 -22.889280000000003 55.00011333333334
endloop
endfacet
facet normal 0 0 -1
outer loop
vertex 0 -25.134966666666667 55.00011333333334
vertex 0 -23.000020000000003 55.00011333333334
vertex 14.08206 -23.000020000000003 55.00011333333334
endloop
endfacet
facet normal 0 0 -1
outer loop
vertex 0 -25.134966666666667 55.00011333333334
vertex 14.08206 -23.000020000000003 55.00011333333334
vertex 12.727566666666668 -23.81173666666667 55.00011333333334
endloop
endfacet
facet normal 0 0 -1
outer loop
vertex 0 -25.134966666666667 55.00011333333334
vertex 12.727566666666668 -23.81173666666667 55.00011333333334
vertex 10.332343333333334 -24.944750000000003 55.00011333333334
endloop
endfacet
facet normal 0 0 -1
outer loop
vertex 0 -25.134966666666667 55.00011333333334
vertex 10.332343333333334 -24.944750000000003 55.00011333333334
vertex 7.837680000000001 -25.83745 55.00011333333334
endloop
endfacet
facet normal 0 0 -0.9999999999999999
outer loop
vertex 0 -25.134966666666667 55.00011333333334
vertex 7.837680000000001 -25.83745 55.00011333333334
vertex 5.267306666666667 -26.481173333333334 55.00011333333334
endloop
endfacet
facet normal 0 0 -1
outer loop
vertex 0 -25.134966666666667 55.00011333333334
vertex 5.267306666666667 -26.481173333333334 55.00011333333334
vertex 2.6464600000000003 -26.869893333333337 55.00011333333334
endloop
endfacet
facet normal 0 0 -1
outer loop
vertex 0 -25.134966666666667 55.00011333333334
vertex 2.6464600000000003 -26.869893333333337 55.00011333333334
vertex 0 -26.999843333333335 55.00011333333334
endloop
endfacet
facet normal 0 0 -1
outer loop
vertex 0 -25.134966666666667 55.00011333333334
vertex 0 -26.999843333333335 55.00011333333334
vertex -2.6464600000000003 -26.869893333333337 55.00011333333334
endloop
endfacet
facet normal 0 0 -1
outer loop
vertex 0 -25.134966666666667 55.00011333333334
vertex -2.6464600000000003 -26.869893333333337 55.00011333333334
vertex -5.267306666666667 -26.481173333333334 55.00011333333334
endloop
endfacet
facet normal 0 0 -0.9999999999999999
outer loop
vertex 0 -25.134966666666667 55.00011333333334
vertex -5.267306666666667 -26.481173333333334 55.00011333333334
vertex -7.837680000000001 -25.83745 55.00011333333334
endloop
endfacet
facet normal 0 0 -1
outer loop
vertex 0 -25.134966666666667 55.00011333333334
vertex -7.837680000000001 -25.83745 55.00011333333334
vertex -10.332343333333334 -24.944750000000003 55.00011333333334
endloop
endfacet
facet normal 0 0 -1
outer loop
vertex 0 -25.134966666666667 55.00011333333334
vertex -10.332343333333334 -24.944750000000003 55.00011333333334
vertex -12.727566666666668 -23.81173666666667 55.00011333333334
endloop
endfacet
facet normal 0 0 -1
outer loop
vertex 0 -25.134966666666667 55.00011333333334
vertex -12.727566666666668 -23.81173666666667 55.00011333333334
vertex -14.08206 -23.000020000000003 55.00011333333334
endloop
endfacet
facet normal 0 0 -1
outer loop
vertex 0 -25.134966666666667 55.00011333333334
vertex -14.08206 -23.000020000000003 55.00011333333334
vertex 0 -23.000020000000003 55.00011333333334
endloop
endfacet
facet normal 0 0 1
outer loop
vertex 0 23.450513333333337 59.99998666666667
vertex -2.475076666666667 25.128563333333336 59.99998666666667
vertex -4.926046666666667 24.764703333333337 59.99998666666667
endloop
endfacet
facet normal 0 0 1
outer loop
vertex 0 23.450513333333337 59.99998666666667
vertex -4.926046666666667 24.764703333333337 59.99998666666667
vertex -7.329556666666667 24.16279 59.99998666666667
endloop
endfacet
facet normal 0 0 0.9999999999999999
outer loop
vertex 0 23.450513333333337 59.99998666666667
vertex -7.329556666666667 24.16279 59.99998666666667
vertex -9.66263 23.328096666666667 59.99998666666667
endloop
endfacet
facet normal 0 0 0.9999999999999999
outer loop
vertex 0 23.450513333333337 59.99998666666667
vertex -9.66263 23.328096666666667 59.99998666666667
vertex -11.902666666666669 22.268533333333334 59.99998666666667
endloop
endfacet
facet normal 0 0 1
outer loop
vertex 0 23.450513333333337 59.99998666666667
vertex -11.902666666666669 22.268533333333334 59.99998666666667
vertex -13.602186666666668 21.250026666666667 59.99998666666667
endloop
endfacet
facet normal 0 0 1
outer loop
vertex 0 23.450513333333337 59.99998666666667
vertex -13.602186666666668 21.250026666666667 59.99998666666667
vertex 0 21.250026666666667 59.99998666666667
endloop
endfacet
facet normal 0 0 1
outer loop
vertex 0 23.450513333333337 59.99998666666667
vertex 0 21.250026666666667 59.99998666666667
vertex 13.602186666666668 21.250026666666667 59.99998666666667
endloop
endfacet
facet normal 0 0 1
outer loop
vertex 0 23.450513333333337 59.99998666666667
vertex 13.602186666666668 21.250026666666667 59.99998666666667
vertex 11.902666666666669 22.268533333333334 59.99998666666667
endloop
endfacet
facet normal 0 0 0.9999999999999999
outer loop
vertex 0 23.450513333333337 59.99998666666667
vertex 11.902666666666669 22.268533333333334 59.99998666666667
vertex 9.66263 23.328096666666667 59.99998666666667
endloop
endfacet
facet normal 0 0 0.9999999999999999
outer loop
vertex 0 23.450513333333337 59.99998666666667
vertex 9.66263 23.328096666666667 59.99998666666667
vertex 7.329556666666667 24.16279 59.99998666666667
endloop
endfacet
facet normal 0 0 1
outer loop
vertex 0 23.450513333333337 59.99998666666667
vertex 7.329556666666667 24.16279 59.99998666666667
vertex 4.926046666666667 24.764703333333337 59.99998666666667
endloop
endfacet
facet normal 0 0 1
outer loop
vertex 0 23.450513333333337 59.99998666666667
vertex 4.926046666666667 24.764703333333337 59.99998666666667
vertex 2.475076666666667 25.128563333333336 59.99998666666667
endloop
endfacet
facet normal 0 0 0.9999999999999999
outer loop
vertex 0 23.450513333333337 59.99998666666667
vertex 2.475076666666667 25.128563333333336 59.99998666666667
vertex 0 25.249850000000002 59.99998666666667
endloop
endfacet
facet normal 0 0 0.9999999999999999
outer loop
vertex 0 23.450513333333337 59.99998666666667
vertex 0 25.249850000000002 59.99998666666667
vertex -2.475076666666667 25.128563333333336 59.99998666666667
endloop
endfacet
facet normal 0 0 1
outer loop
vertex 0 21.250026666666667 59.99998666666667
vertex 2.0829666666666666 21.147573333333334 59.99998666666667
vertex 13.772816666666667 21.147573333333334 59.99998666666667
endloop
endfacet
facet normal 0 0 1
outer loop
vertex 0 21.250026666666667 59.99998666666667
vertex 13.772816666666667 21.147573333333334 59.99998666666667
vertex 13.602186666666668 21.250026666666667 59.99998666666667
endloop
endfacet
facet normal 0 0 1
outer loop
vertex -13.602186666666668 21.250026666666667 59.99998666666667
vertex -13.772816666666667 21.147573333333334 59.99998666666667
vertex -2.0829666666666666 21.147573333333334 59.99998666666667
endloop
endfacet
facet normal 0 0 1
outer loop
vertex -13.602186666666668 21.250026666666667 59.99998666666667
vertex -2.0829666666666666 21.147573333333334 59.99998666666667
vertex 0 21.250026666666667 59.99998666666667
endloop
endfacet
facet normal 0 0 1
outer loop
vertex 9.652836666666667 20.994646666666668 59.99998666666667
vertex 2.0829666666666666 21.147573333333334 59.99998666666667
vertex 4.145593333333333 20.841720000000002 59.99998666666667
endloop
endfacet
facet normal 0 0 1
outer loop
vertex 9.652836666666667 20.994646666666668 59.99998666666667
vertex 4.145593333333333 20.841720000000002 59.99998666666667
vertex 14.234233333333334 20.841720000000002 59.99998666666667
endloop
endfacet
facet normal 0 0 1
outer loop
vertex 9.652836666666667 20.994646666666668 59.99998666666667
vertex 14.234233333333334 20.841720000000002 59.99998666666667
vertex 14.028196666666668 20.994646666666668 59.99998666666667
endloop
endfacet
facet normal 0 0 1
outer loop
vertex 9.652836666666667 20.994646666666668 59.99998666666667
vertex 14.028196666666668 20.994646666666668 59.99998666666667
vertex 13.772816666666667 21.147573333333334 59.99998666666667
endloop
endfacet
facet normal 0 0 1
outer loop
vertex 9.652836666666667 20.994646666666668 59.99998666666667
vertex 13.772816666666667 21.147573333333334 59.99998666666667
vertex 2.0829666666666666 21.147573333333334 59.99998666666667
endloop
endfacet
facet normal 0 0 1
outer loop
vertex -9.652836666666667 20.994646666666668 59.99998666666667
vertex -13.772816666666667 21.147573333333334 59.99998666666667
vertex -14.028196666666668 20.994646666666668 59.99998666666667
endloop
endfacet
facet normal 0 0 1
outer loop
vertex -9.652836666666667 20.994646666666668 59.99998666666667
vertex -14.028196666666668 20.994646666666668 59.99998666666667
vertex -14.234233333333334 20.841720000000002 59.99998666666667
endloop
endfacet
facet normal 0 0 1
outer loop
vertex -9.652836666666667 20.994646666666668 59.99998666666667
vertex -14.234233333333334 20.841720000000002 59.99998666666667
vertex -4.145593333333333 20.841720000000002 59.99998666666667
endloop
endfacet
facet normal 0 0 1
outer loop
vertex -9.652836666666667 20.994646666666668 59.99998666666667
vertex -4.145593333333333 20.841720000000002 59.99998666666667
vertex -2.0829666666666666 21.147573333333334 59.99998666666667
endloop
endfacet
facet normal 0 0 1
outer loop
vertex -9.652836666666667 20.994646666666668 59.99998666666667
vertex -2.0829666666666666 21.147573333333334 59.99998666666667
vertex -13.772816666666667 21.147573333333334 59.99998666666667
endloop
endfacet
facet normal 0 0 1
outer loop
vertex 4.145593333333333 20.841720000000002 59.99998666666667
vertex 6.1686700000000005 20.335103333333336 59.99998666666667
vertex 14.917506666666668 20.335103333333336 59.99998666666667
endloop
endfacet
facet normal 0 0 1
outer loop
vertex 4.145593333333333 20.841720000000002 59.99998666666667
vertex 14.917506666666668 20.335103333333336 59.99998666666667
vertex 14.234233333333334 20.841720000000002 59.99998666666667
endloop
endfacet
facet normal 0 0 1
outer loop
vertex -14.234233333333334 20.841720000000002 59.99998666666667
vertex -14.917506666666668 20.335103333333336 59.99998666666667
vertex -6.1686700000000005 20.335103333333336 59.99998666666667
endloop
endfacet
facet normal 0 0 1
outer loop
vertex -14.234233333333334 20.841720000000002 59.99998666666667
vertex -6.1686700000000005 20.335103333333336 59.99998666666667
vertex -4.145593333333333 20.841720000000002 59.99998666666667
endloop
endfacet
facet normal 0 0 1
outer loop
vertex 6.1686700000000005 20.335103333333336 59.99998666666667
vertex 8.131856666666668 19.632620000000003 59.99998666666667
vertex 15.864823333333334 19.632620000000003 59.99998666666667
endloop
endfacet
facet normal 0 0 1
outer loop
vertex 6.1686700000000005 20.335103333333336 59.99998666666667
vertex 15.864823333333334 19.632620000000003 59.99998666666667
vertex 14.917506666666668 20.335103333333336 59.99998666666667
endloop
endfacet
facet normal 0 0 1
outer loop
vertex -14.917506666666668 20.335103333333336 59.99998666666667
vertex -15.864823333333334 19.632620000000003 59.99998666666667
vertex -8.131856666666668 19.632620000000003 59.99998666666667
endloop
endfacet
facet normal 0 0 1
outer loop
vertex -14.917506666666668 20.335103333333336 59.99998666666667
vertex -8.131856666666668 19.632620000000003 59.99998666666667
vertex -6.1686700000000005 20.335103333333336 59.99998666666667
endloop
endfacet
facet normal 0 0 1
outer loop
vertex 13.381836666666668 19.252940000000002 59.99998666666667
vertex 8.131856666666668 19.632620000000003 59.99998666666667
vertex 10.017073333333334 18.740673333333334 59.99998666666667
endloop
endfacet
facet normal 0 0 1
outer loop
vertex 13.381836666666668 19.252940000000002 59.99998666666667
vertex 10.017073333333334 18.740673333333334 59.99998666666667
vertex 16.87655 18.740673333333334 59.99998666666667
endloop
endfacet
facet normal 0 0 1
outer loop
vertex 13.381836666666668 19.252940000000002 59.99998666666667
vertex 16.87655 18.740673333333334 59.99998666666667
vertex 16.018503333333335 19.51849 59.99998666666667
endloop
endfacet
facet normal 0 0 1
outer loop
vertex 13.381836666666668 19.252940000000002 59.99998666666667
vertex 16.018503333333335 19.51849 59.99998666666667
vertex 15.864823333333334 19.632620000000003 59.99998666666667
endloop
endfacet
facet normal 0 0 1
outer loop
vertex 13.381836666666668 19.252940000000002 59.99998666666667
vertex 15.864823333333334 19.632620000000003 59.99998666666667
vertex 8.131856666666668 19.632620000000003 59.99998666666667
endloop
endfacet
facet normal 0 0 1
outer loop
vertex -13.381836666666668 19.252940000000002 59.99998666666667
vertex -15.864823333333334 19.632620000000003 59.99998666666667
vertex -16.018503333333335 19.51849 59.99998666666667
endloop
endfacet
facet normal 0 0 1
outer loop
vertex -13.381836666666668 19.252940000000002 59.99998666666667
vertex -16.018503333333335 19.51849 59.99998666666667
vertex -16.87655 18.740673333333334 59.99998666666667
endloop
endfacet
facet normal 0 0 1
outer loop
vertex -13.381836666666668 19.252940000000002 59.99998666666667
vertex -16.87655 18.740673333333334 59.99998666666667
vertex -10.017073333333334 18.740673333333334 59.99998666666667
endloop
endfacet
facet normal 0 0 1
outer loop
vertex -13.381836666666668 19.252940000000002 59.99998666666667
vertex -10.017073333333334 18.740673333333334 59.99998666666667
vertex -8.131856666666668 19.632620000000003 59.99998666666667
endloop
endfacet
facet normal 0 0 1
outer loop
vertex -13.381836666666668 19.252940000000002 59.99998666666667
vertex -8.131856666666668 19.632620000000003 59.99998666666667
vertex -15.864823333333334 19.632620000000003 59.99998666666667
endloop
endfacet
facet normal 0 0 1
outer loop
vertex 14.915246666666668 18.13461666666667 59.99998666666667
vertex 10.017073333333334 18.740673333333334 59.99998666666667
vertex 11.805863333333335 17.668680000000002 59.99998666666667
endloop
endfacet
facet normal 0 0 1
outer loop
vertex 14.915246666666668 18.13461666666667 59.99998666666667
vertex 11.805863333333335 17.668680000000002 59.99998666666667
vertex 18.022746666666666 17.668680000000002 59.99998666666667
endloop
endfacet
facet normal 0 0 0.9999999999999999
outer loop
vertex 14.915246666666668 18.13461666666667 59.99998666666667
vertex 18.022746666666666 17.668680000000002 59.99998666666667
vertex 17.854376666666667 17.854376666666667 59.99998666666667
endloop
endfacet
facet normal 0 0 1
outer loop
vertex 14.915246666666668 18.13461666666667 59.99998666666667
vertex 17.854376666666667 17.854376666666667 59.99998666666667
vertex 16.87655 18.740673333333334 59.99998666666667
endloop
endfacet
facet normal 0 0 1
outer loop
vertex 14.915246666666668 18.13461666666667 59.99998666666667
vertex 16.87655 18.740673333333334 59.99998666666667
vertex 10.017073333333334 18.740673333333334 59.99998666666667
endloop
endfacet
facet normal 0 0 1
outer loop
vertex -14.915246666666668 18.13461666666667 59.99998666666667
vertex -16.87655 18.740673333333334 59.99998666666667
vertex -17.854376666666667 17.854376666666667 59.99998666666667
endloop
endfacet
facet normal 0 0 0.9999999999999999
outer loop
vertex -14.915246666666668 18.13461666666667 59.99998666666667
vertex -17.854376666666667 17.854376666666667 59.99998666666667
vertex -18.022746666666666 17.668680000000002 59.99998666666667
endloop
endfacet
facet normal 0 0 1
outer loop
vertex -14.915246666666668 18.13461666666667 59.99998666666667
vertex -18.022746666666666 17.668680000000002 59.99998666666667
vertex -11.805863333333335 17.668680000000002 59.99998666666667
endloop
endfacet
facet normal 0 0 1
outer loop
vertex -14.915246666666668 18.13461666666667 59.99998666666667
vertex -11.805863333333335 17.668680000000002 59.99998666666667
vertex -10.017073333333334 18.740673333333334 59.99998666666667
endloop
endfacet
facet normal 0 0 1
outer loop
vertex -14.915246666666668 18.13461666666667 59.99998666666667
vertex -10.017073333333334 18.740673333333334 59.99998666666667
vertex -16.87655 18.740673333333334 59.99998666666667
endloop
endfacet
facet normal 0 0 0.9999999999999999
outer loop
vertex 11.805863333333335 17.668680000000002 59.99998666666667
vertex 13.480900000000002 16.426433333333335 59.99998666666667
vertex 19.148603333333334 16.426433333333335 59.99998666666667
endloop
endfacet
facet normal 0 0 1
outer loop
vertex 11.805863333333335 17.668680000000002 59.99998666666667
vertex 19.148603333333334 16.426433333333335 59.99998666666667
vertex 18.022746666666666 17.668680000000002 59.99998666666667
endloop
endfacet
facet normal 0 0 0.9999999999999999
outer loop
vertex -18.022746666666666 17.668680000000002 59.99998666666667
vertex -19.148603333333334 16.426433333333335 59.99998666666667
vertex -13.480900000000002 16.426433333333335 59.99998666666667
endloop
endfacet
facet normal 0 0 1
outer loop
vertex -18.022746666666666 17.668680000000002 59.99998666666667
vertex -13.480900000000002 16.426433333333335 59.99998666666667
vertex -11.805863333333335 17.668680000000002 59.99998666666667
endloop
endfacet
facet normal 0 0 1
outer loop
vertex 17.48562 15.784593333333335 59.99998666666667
vertex 13.480900000000002 16.426433333333335 59.99998666666667
vertex 15.025986666666668 15.025986666666668 59.99998666666667
endloop
endfacet
facet normal 0 0 1
outer loop
vertex 17.48562 15.784593333333335 59.99998666666667
vertex 15.025986666666668 15.025986666666668 59.99998666666667
vertex 20.254496666666668 15.025986666666668 59.99998666666667
endloop
endfacet
facet normal 0 0 1
outer loop
vertex 17.48562 15.784593333333335 59.99998666666667
vertex 20.254496666666668 15.025986666666668 59.99998666666667
vertex 19.51849 16.018503333333335 59.99998666666667
endloop
endfacet
facet normal 0 0 1
outer loop
vertex 17.48562 15.784593333333335 59.99998666666667
vertex 19.51849 16.018503333333335 59.99998666666667
vertex 19.148603333333334 16.426433333333335 59.99998666666667
endloop
endfacet
facet normal 0 0 1
outer loop
vertex 17.48562 15.784593333333335 59.99998666666667
vertex 19.148603333333334 16.426433333333335 59.99998666666667
vertex 13.480900000000002 16.426433333333335 59.99998666666667
endloop
endfacet
facet normal 0 0 1
outer loop
vertex -17.48562 15.784593333333335 59.99998666666667
vertex -19.148603333333334 16.426433333333335 59.99998666666667
vertex -19.51849 16.018503333333335 59.99998666666667
endloop
endfacet
facet normal 0 0 1
outer loop
vertex -17.48562 15.784593333333335 59.99998666666667
vertex -19.51849 16.018503333333335 59.99998666666667
vertex -20.254496666666668 15.025986666666668 59.99998666666667
endloop
endfacet
facet normal 0 0 1
outer loop
vertex -17.48562 15.784593333333335 59.99998666666667
vertex -20.254496666666668 15.025986666666668 59.99998666666667
vertex -15.025986666666668 15.025986666666668 59.99998666666667
endloop
endfacet
facet normal 0 0 1
outer loop
vertex -17.48562 15.784593333333335 59.99998666666667
vertex -15.025986666666668 15.025986666666668 59.99998666666667
vertex -13.480900000000002 16.426433333333335 59.99998666666667
endloop
endfacet
facet normal 0 0 1
outer loop
vertex -17.48562 15.784593333333335 59.99998666666667
vertex -13.480900000000002 16.426433333333335 59.99998666666667
vertex -19.148603333333334 16.426433333333335 59.99998666666667
endloop
endfacet
facet normal 0 0 1
outer loop
vertex 18.804706666666668 14.208243333333334 59.99998666666667
vertex 15.025986666666668 15.025986666666668 59.99998666666667
vertex 16.426433333333335 13.480900000000002 59.99998666666667
endloop
endfacet
facet normal 0 0 1
outer loop
vertex 18.804706666666668 14.208243333333334 59.99998666666667
vertex 16.426433333333335 13.480900000000002 59.99998666666667
vertex 21.322723333333336 13.480900000000002 59.99998666666667
endloop
endfacet
facet normal 0 0 1
outer loop
vertex 18.804706666666668 14.208243333333334 59.99998666666667
vertex 21.322723333333336 13.480900000000002 59.99998666666667
vertex 20.994646666666668 14.028196666666668 59.99998666666667
endloop
endfacet
facet normal 0 0 1
outer loop
vertex 18.804706666666668 14.208243333333334 59.99998666666667
vertex 20.994646666666668 14.028196666666668 59.99998666666667
vertex 20.254496666666668 15.025986666666668 59.99998666666667
endloop
endfacet
facet normal 0 0 1
outer loop
vertex 18.804706666666668 14.208243333333334 59.99998666666667
vertex 20.254496666666668 15.025986666666668 59.99998666666667
vertex 15.025986666666668 15.025986666666668 59.99998666666667
endloop
endfacet
facet normal 0 0 1
outer loop
vertex -18.804706666666668 14.208243333333334 59.99998666666667
vertex -20.254496666666668 15.025986666666668 59.99998666666667
vertex -20.994646666666668 14.028196666666668 59.99998666666667
endloop
endfacet
facet normal 0 0 1
outer loop
vertex -18.804706666666668 14.208243333333334 59.99998666666667
vertex -20.994646666666668 14.028196666666668 59.99998666666667
vertex -21.322723333333336 13.480900000000002 59.99998666666667
endloop
endfacet
facet normal 0 0 1
outer loop
vertex -18.804706666666668 14.208243333333334 59.99998666666667
vertex -21.322723333333336 13.480900000000002 59.99998666666667
vertex -16.426433333333335 13.480900000000002 59.99998666666667
endloop
endfacet
facet normal 0 0 1
outer loop
vertex -18.804706666666668 14.208243333333334 59.99998666666667
vertex -16.426433333333335 13.480900000000002 59.99998666666667
vertex -15.025986666666668 15.025986666666668 59.99998666666667
endloop
endfacet
facet normal 0 0 1
outer loop
vertex -18.804706666666668 14.208243333333334 59.99998666666667
vertex -15.025986666666668 15.025986666666668 59.99998666666667
vertex -20.254496666666668 15.025986666666668 59.99998666666667
endloop
endfacet
facet normal 0 0 1
outer loop
vertex 20.00024666666667 12.495163333333334 59.99998666666667
vertex 16.426433333333335 13.480900000000002 59.99998666666667
vertex 17.668680000000002 11.805863333333335 59.99998666666667
endloop
endfacet
facet normal 0 0 1
outer loop
vertex 20.00024666666667 12.495163333333334 59.99998666666667
vertex 17.668680000000002 11.805863333333335 59.99998666666667
vertex 22.314486666666667 11.805863333333335 59.99998666666667
endloop
endfacet
facet normal 0 0 1
outer loop
vertex 20.00024666666667 12.495163333333334 59.99998666666667
vertex 22.314486666666667 11.805863333333335 59.99998666666667
vertex 22.268533333333334 11.902666666666669 59.99998666666667
endloop
endfacet
facet normal 0 0 1
outer loop
vertex 20.00024666666667 12.495163333333334 59.99998666666667
vertex 22.268533333333334 11.902666666666669 59.99998666666667
vertex 21.322723333333336 13.480900000000002 59.99998666666667
endloop
endfacet
facet normal 0 0 1
outer loop
vertex 20.00024666666667 12.495163333333334 59.99998666666667
vertex 21.322723333333336 13.480900000000002 59.99998666666667
vertex 16.426433333333335 13.480900000000002 59.99998666666667
endloop
endfacet
facet normal 0 0 1
outer loop
vertex -20.00024666666667 12.495163333333334 59.99998666666667
vertex -21.322723333333336 13.480900000000002 59.99998666666667
vertex -22.268533333333334 11.902666666666669 59.99998666666667
endloop
endfacet
facet normal 0 0 1
outer loop
vertex -20.00024666666667 12.495163333333334 59.99998666666667
vertex -22.268533333333334 11.902666666666669 59.99998666666667
vertex -22.314486666666667 11.805863333333335 59.99998666666667
endloop
endfacet
facet normal 0 0 1
outer loop
vertex -20.00024666666667 12.495163333333334 59.99998666666667
vertex -22.314486666666667 11.805863333333335 59.99998666666667
vertex -17.668680000000002 11.805863333333335 59.99998666666667
endloop
endfacet
facet normal 0 0 1
outer loop
vertex -20.00024666666667 12.495163333333334 59.99998666666667
vertex -17.668680000000002 11.805863333333335 59.99998666666667
vertex -16.426433333333335 13.480900000000002 59.99998666666667
endloop
endfacet
facet normal 0 0 1
outer loop
vertex -20.00024666666667 12.495163333333334 59.99998666666667
vertex -16.426433333333335 13.480900000000002 59.99998666666667
vertex -21.322723333333336 13.480900000000002 59.99998666666667
endloop
endfacet
facet normal 0 0 0.9999999999999999
outer loop
vertex 17.668680000000002 11.805863333333335 59.99998666666667
vertex 18.740673333333334 10.017073333333334 59.99998666666667
vertex 23.160480000000003 10.017073333333334 59.99998666666667
endloop
endfacet
facet normal 0 0 1
outer loop
vertex 17.668680000000002 11.805863333333335 59.99998666666667
vertex 23.160480000000003 10.017073333333334 59.99998666666667
vertex 22.314486666666667 11.805863333333335 59.99998666666667
endloop
endfacet
facet normal 0 0 1
outer loop
vertex -22.314486666666667 11.805863333333335 59.99998666666667
vertex -23.160480000000003 10.017073333333334 59.99998666666667
vertex -18.740673333333334 10.017073333333334 59.99998666666667
endloop
endfacet
facet normal 0 0 1
outer loop
vertex -22.314486666666667 11.805863333333335 59.99998666666667
vertex -18.740673333333334 10.017073333333334 59.99998666666667
vertex -17.668680000000002 11.805863333333335 59.99998666666667
endloop
endfacet
facet normal 0 0 1
outer loop
vertex 21.747603333333334 9.192173333333335 59.99998666666667
vertex 18.740673333333334 10.017073333333334 59.99998666666667
vertex 19.632620000000003 8.131856666666668 59.99998666666667
endloop
endfacet
facet normal 0 0 1
outer loop
vertex 21.747603333333334 9.192173333333335 59.99998666666667
vertex 19.632620000000003 8.131856666666668 59.99998666666667
vertex 23.875770000000003 8.131856666666668 59.99998666666667
endloop
endfacet
facet normal 0 0 0.9999999999999999
outer loop
vertex 21.747603333333334 9.192173333333335 59.99998666666667
vertex 23.875770000000003 8.131856666666668 59.99998666666667
vertex 23.328096666666667 9.66263 59.99998666666667
endloop
endfacet
facet normal 0 0 1
outer loop
vertex 21.747603333333334 9.192173333333335 59.99998666666667
vertex 23.328096666666667 9.66263 59.99998666666667
vertex 23.160480000000003 10.017073333333334 59.99998666666667
endloop
endfacet
facet normal 0 0 1
outer loop
vertex 21.747603333333334 9.192173333333335 59.99998666666667
vertex 23.160480000000003 10.017073333333334 59.99998666666667
vertex 18.740673333333334 10.017073333333334 59.99998666666667
endloop
endfacet
facet normal 0 0 1
outer loop
vertex -21.747603333333334 9.192173333333335 59.99998666666667
vertex -23.160480000000003 10.017073333333334 59.99998666666667
vertex -23.328096666666667 9.66263 59.99998666666667
endloop
endfacet
facet normal 0 0 0.9999999999999999
outer loop
vertex -21.747603333333334 9.192173333333335 59.99998666666667
vertex -23.328096666666667 9.66263 59.99998666666667
vertex -23.875770000000003 8.131856666666668 59.99998666666667
endloop
endfacet
facet normal 0 0 1
outer loop
vertex -21.747603333333334 9.192173333333335 59.99998666666667
vertex -23.875770000000003 8.131856666666668 59.99998666666667
vertex -19.632620000000003 8.131856666666668 59.99998666666667
endloop
endfacet
facet normal 0 0 1
outer loop
vertex -21.747603333333334 9.192173333333335 59.99998666666667
vertex -19.632620000000003 8.131856666666668 59.99998666666667
vertex -18.740673333333334 10.017073333333334 59.99998666666667
endloop
endfacet
facet normal 0 0 1
outer loop
vertex -21.747603333333334 9.192173333333335 59.99998666666667
vertex -18.740673333333334 10.017073333333334 59.99998666666667
vertex -23.160480000000003 10.017073333333334 59.99998666666667
endloop
endfacet
facet normal 0 0 1
outer loop
vertex 22.49189666666667 7.186046666666667 59.99998666666667
vertex 19.632620000000003 8.131856666666668 59.99998666666667
vertex 20.335103333333336 6.1686700000000005 59.99998666666667
endloop
endfacet
facet normal 0 0 1
outer loop
vertex 22.49189666666667 7.186046666666667 59.99998666666667
vertex 20.335103333333336 6.1686700000000005 59.99998666666667
vertex 24.45357666666667 6.1686700000000005 59.99998666666667
endloop
endfacet
facet normal 0 0 1
outer loop
vertex 22.49189666666667 7.186046666666667 59.99998666666667
vertex 24.45357666666667 6.1686700000000005 59.99998666666667
vertex 24.16279 7.329556666666667 59.99998666666667
endloop
endfacet
facet normal 0 0 1
outer loop
vertex 22.49189666666667 7.186046666666667 59.99998666666667
vertex 24.16279 7.329556666666667 59.99998666666667
vertex 23.875770000000003 8.131856666666668 59.99998666666667
endloop
endfacet
facet normal 0 0 1
outer loop
vertex 22.49189666666667 7.186046666666667 59.99998666666667
vertex 23.875770000000003 8.131856666666668 59.99998666666667
vertex 19.632620000000003 8.131856666666668 59.99998666666667
endloop
endfacet
facet normal 0 0 1
outer loop
vertex -22.49189666666667 7.186046666666667 59.99998666666667
vertex -23.875770000000003 8.131856666666668 59.99998666666667
vertex -24.16279 7.329556666666667 59.99998666666667
endloop
endfacet
facet normal 0 0 1
outer loop
vertex -22.49189666666667 7.186046666666667 59.99998666666667
vertex -24.16279 7.329556666666667 59.99998666666667
vertex -24.45357666666667 6.1686700000000005 59.99998666666667
endloop
endfacet
facet normal 0 0 1
outer loop
vertex -22.49189666666667 7.186046666666667 59.99998666666667
vertex -24.45357666666667 6.1686700000000005 59.99998666666667
vertex -20.335103333333336 6.1686700000000005 59.99998666666667
endloop
endfacet
facet normal 0 0 1
outer loop
vertex -22.49189666666667 7.186046666666667 59.99998666666667
vertex -20.335103333333336 6.1686700000000005 59.99998666666667
vertex -19.632620000000003 8.131856666666668 59.99998666666667
endloop
endfacet
facet normal 0 0 1
outer loop
vertex -22.49189666666667 7.186046666666667 59.99998666666667
vertex -19.632620000000003 8.131856666666668 59.99998666666667
vertex -23.875770000000003 8.131856666666668 59.99998666666667
endloop
endfacet
facet normal 0 0 1
outer loop
vertex 23.055013333333335 5.11099 59.99998666666667
vertex 20.335103333333336 6.1686700000000005 59.99998666666667
vertex 20.841720000000002 4.145593333333333 59.99998666666667
endloop
endfacet
facet normal 0 0 1
outer loop
vertex 23.055013333333335 5.11099 59.99998666666667
vertex 20.841720000000002 4.145593333333333 59.99998666666667
vertex 24.880716666666668 4.145593333333333 59.99998666666667
endloop
endfacet
facet normal 0 0 1
outer loop
vertex 23.055013333333335 5.11099 59.99998666666667
vertex 24.880716666666668 4.145593333333333 59.99998666666667
vertex 24.764703333333337 4.926046666666667 59.99998666666667
endloop
endfacet
facet normal 0 0 1
outer loop
vertex 23.055013333333335 5.11099 59.99998666666667
vertex 24.764703333333337 4.926046666666667 59.99998666666667
vertex 24.45357666666667 6.1686700000000005 59.99998666666667
endloop
endfacet
facet normal 0 0 1
outer loop
vertex 23.055013333333335 5.11099 59.99998666666667
vertex 24.45357666666667 6.1686700000000005 59.99998666666667
vertex 20.335103333333336 6.1686700000000005 59.99998666666667
endloop
endfacet
facet normal 0 0 1
outer loop
vertex -23.055013333333335 5.11099 59.99998666666667
vertex -24.45357666666667 6.1686700000000005 59.99998666666667
vertex -24.764703333333337 4.926046666666667 59.99998666666667
endloop
endfacet
facet normal 0 0 1
outer loop
vertex -23.055013333333335 5.11099 59.99998666666667
vertex -24.764703333333337 4.926046666666667 59.99998666666667
vertex -24.880716666666668 4.145593333333333 59.99998666666667
endloop
endfacet
facet normal 0 0 1
outer loop
vertex -23.055013333333335 5.11099 59.99998666666667
vertex -24.880716666666668 4.145593333333333 59.99998666666667
vertex -20.841720000000002 4.145593333333333 59.99998666666667
endloop
endfacet
facet normal 0 0 1
outer loop
vertex -23.055013333333335 5.11099 59.99998666666667
vertex -20.841720000000002 4.145593333333333 59.99998666666667
vertex -20.335103333333336 6.1686700000000005 59.99998666666667
endloop
endfacet
facet normal 0 0 1
outer loop
vertex -23.055013333333335 5.11099 59.99998666666667
vertex -20.335103333333336 6.1686700000000005 59.99998666666667
vertex -24.45357666666667 6.1686700000000005 59.99998666666667
endloop
endfacet
facet normal 0 0 1
outer loop
vertex 23.42942 2.98659 59.99998666666667
vertex 20.841720000000002 4.145593333333333 59.99998666666667
vertex 21.147573333333334 2.0829666666666666 59.99998666666667
endloop
endfacet
facet normal 0 0 1
outer loop
vertex 23.42942 2.98659 59.99998666666667
vertex 21.147573333333334 2.0829666666666666 59.99998666666667
vertex 25.147773333333337 2.0829666666666666 59.99998666666667
endloop
endfacet
facet normal 0 0 1
outer loop
vertex 23.42942 2.98659 59.99998666666667
vertex 25.147773333333337 2.0829666666666666 59.99998666666667
vertex 25.128563333333336 2.475076666666667 59.99998666666667
endloop
endfacet
facet normal 0 0 1
outer loop
vertex 23.42942 2.98659 59.99998666666667
vertex 25.128563333333336 2.475076666666667 59.99998666666667
vertex 24.880716666666668 4.145593333333333 59.99998666666667
endloop
endfacet
facet normal 0 0 1
outer loop
vertex 23.42942 2.98659 59.99998666666667
vertex 24.880716666666668 4.145593333333333 59.99998666666667
vertex 20.841720000000002 4.145593333333333 59.99998666666667
endloop
endfacet
facet normal 0 0 1
outer loop
vertex -23.42942 2.98659 59.99998666666667
vertex -24.880716666666668 4.145593333333333 59.99998666666667
vertex -25.128563333333336 2.475076666666667 59.99998666666667
endloop
endfacet
facet normal 0 0 1
outer loop
vertex -23.42942 2.98659 59.99998666666667
vertex -25.128563333333336 2.475076666666667 59.99998666666667
vertex -25.147773333333337 2.0829666666666666 59.99998666666667
endloop
endfacet
facet normal 0 0 1
outer loop
vertex -23.42942 2.98659 59.99998666666667
vertex -25.147773333333337 2.0829666666666666 59.99998666666667
vertex -21.147573333333334 2.0829666666666666 59.99998666666667
endloop
endfacet
facet normal 0 0 1
outer loop
vertex -23.42942 2.98659 59.99998666666667
vertex -21.147573333333334 2.0829666666666666 59.99998666666667
vertex -20.841720000000002 4.145593333333333 59.99998666666667
endloop
endfacet
facet normal 0 0 1
outer loop
vertex -23.42942 2.98659 59.99998666666667
vertex -20.841720000000002 4.145593333333333 59.99998666666667
vertex -24.880716666666668 4.145593333333333 59.99998666666667
endloop
endfacet
facet normal 0 0 1
outer loop
vertex 21.147573333333334 2.0829666666666666 59.99998666666667
vertex 21.250026666666667 0 59.99998666666667
vertex 25.249850000000002 0 59.99998666666667
endloop
endfacet
facet normal 0 0 1
outer loop
vertex 21.147573333333334 2.0829666666666666 59.99998666666667
vertex 25.249850000000002 0 59.99998666666667
vertex 25.147773333333337 2.0829666666666666 59.99998666666667
endloop
endfacet
facet normal 0 0 1
outer loop
vertex -25.147773333333337 2.0829666666666666 59.99998666666667
vertex -25.249850000000002 0 59.99998666666667
vertex -21.250026666666667 0 59.99998666666667
endloop
endfacet
facet normal 0 0 1
outer loop
vertex -25.147773333333337 2.0829666666666666 59.99998666666667
vertex -21.250026666666667 0 59.99998666666667
vertex -21.147573333333334 2.0829666666666666 59.99998666666667
endloop
endfacet
facet normal 0 0 1
outer loop
vertex 21.250026666666667 0 59.99998666666667
vertex 21.147573333333334 -2.0829666666666666 59.99998666666667
vertex 25.147773333333337 -2.0829666666666666 59.99998666666667
endloop
endfacet
facet normal 0 0 1
outer loop
vertex 21.250026666666667 0 59.99998666666667
vertex 25.147773333333337 -2.0829666666666666 59.99998666666667
vertex 25.249850000000002 0 59.99998666666667
endloop
endfacet
facet normal 0 0 1
outer loop
vertex -25.249850000000002 0 59.99998666666667
vertex -25.147773333333337 -2.0829666666666666 59.99998666666667
vertex -21.147573333333334 -2.0829666666666666 59.99998666666667
endloop
endfacet
facet normal 0 0 1
outer loop
vertex -25.249850000000002 0 59.99998666666667
vertex -21.147573333333334 -2.0829666666666666 59.99998666666667
vertex -21.250026666666667 0 59.99998666666667
endloop
endfacet
facet normal 0 0 1
outer loop
vertex 23.42942 -2.98659 59.99998666666667
vertex 21.147573333333334 -2.0829666666666666 59.99998666666667
vertex 20.841720000000002 -4.145593333333333 59.99998666666667
endloop
endfacet
facet normal 0 0 1
outer loop
vertex 23.42942 -2.98659 59.99998666666667
vertex 20.841720000000002 -4.145593333333333 59.99998666666667
vertex 24.880716666666668 -4.145593333333333 59.99998666666667
endloop
endfacet
facet normal 0 0 1
outer loop
vertex 23.42942 -2.98659 59.99998666666667
vertex 24.880716666666668 -4.145593333333333 59.99998666666667
vertex 25.128563333333336 -2.475076666666667 59.99998666666667
endloop
endfacet
facet normal 0 0 1
outer loop
vertex 23.42942 -2.98659 59.99998666666667
vertex 25.128563333333336 -2.475076666666667 59.99998666666667
vertex 25.147773333333337 -2.0829666666666666 59.99998666666667
endloop
endfacet
facet normal 0 0 1
outer loop
vertex 23.42942 -2.98659 59.99998666666667
vertex 25.147773333333337 -2.0829666666666666 59.99998666666667
vertex 21.147573333333334 -2.0829666666666666 59.99998666666667
endloop
endfacet
facet normal 0 0 1
outer loop
vertex -23.42942 -2.98659 59.99998666666667
vertex -25.147773333333337 -2.0829666666666666 59.99998666666667
vertex -25.128563333333336 -2.475076666666667 59.99998666666667
endloop
endfacet
facet normal 0 0 1
outer loop
vertex -23.42942 -2.98659 59.99998666666667
vertex -25.128563333333336 -2.475076666666667 59.99998666666667
vertex -24.880716666666668 -4.145593333333333 59.99998666666667
endloop
endfacet
facet normal 0 0 1
outer loop
vertex -23.42942 -2.98659 59.99998666666667
vertex -24.880716666666668 -4.145593333333333 59.99998666666667
vertex -20.841720000000002 -4.145593333333333 59.99998666666667
endloop
endfacet
facet normal 0 0 1
outer loop
vertex -23.42942 -2.98659 59.99998666666667
vertex -20.841720000000002 -4.145593333333333 59.99998666666667
vertex -21.147573333333334 -2.0829666666666666 59.99998666666667
endloop
endfacet
facet normal 0 0 1
outer loop
vertex -23.42942 -2.98659 59.99998666666667
vertex -21.147573333333334 -2.0829666666666666 59.99998666666667
vertex -25.147773333333337 -2.0829666666666666 59.99998666666667
endloop
endfacet
facet normal 0 0 1
outer loop
vertex 23.055013333333335 -5.11099 59.99998666666667
vertex 20.841720000000002 -4.145593333333333 59.99998666666667
vertex 20.335103333333336 -6.1686700000000005 59.99998666666667
endloop
endfacet
facet normal 0 0 1
outer loop
vertex 23.055013333333335 -5.11099 59.99998666666667
vertex 20.335103333333336 -6.1686700000000005 59.99998666666667
vertex 24.45357666666667 -6.1686700000000005 59.99998666666667
endloop
endfacet
facet normal 0 0 1
outer loop
vertex 23.055013333333335 -5.11099 59.99998666666667
vertex 24.45357666666667 -6.1686700000000005 59.99998666666667
vertex 24.764703333333337 -4.926046666666667 59.99998666666667
endloop
endfacet
facet normal 0 0 1
outer loop
vertex 23.055013333333335 -5.11099 59.99998666666667
vertex 24.764703333333337 -4.926046666666667 59.99998666666667
vertex 24.880716666666668 -4.145593333333333 59.99998666666667
endloop
endfacet
facet normal 0 0 1
outer loop
vertex 23.055013333333335 -5.11099 59.99998666666667
vertex 24.880716666666668 -4.145593333333333 59.99998666666667
vertex 20.841720000000002 -4.145593333333333 59.99998666666667
endloop
endfacet
facet normal 0 0 1
outer loop
vertex -23.055013333333335 -5.11099 59.99998666666667
vertex -24.880716666666668 -4.145593333333333 59.99998666666667
vertex -24.764703333333337 -4.926046666666667 59.99998666666667
endloop
endfacet
facet normal 0 0 1
outer loop
vertex -23.055013333333335 -5.11099 59.99998666666667
vertex -24.764703333333337 -4.926046666666667 59.99998666666667
vertex -24.45357666666667 -6.1686700000000005 59.99998666666667
endloop
endfacet
facet normal 0 0 1
outer loop
vertex -23.055013333333335 -5.11099 59.99998666666667
vertex -24.45357666666667 -6.1686700000000005 59.99998666666667
vertex -20.335103333333336 -6.1686700000000005 59.99998666666667
endloop
endfacet
facet normal 0 0 1
outer loop
vertex -23.055013333333335 -5.11099 59.99998666666667
vertex -20.335103333333336 -6.1686700000000005 59.99998666666667
vertex -20.841720000000002 -4.145593333333333 59.99998666666667
endloop
endfacet
facet normal 0 0 1
outer loop
vertex -23.055013333333335 -5.11099 59.99998666666667
vertex -20.841720000000002 -4.145593333333333 59.99998666666667
vertex -24.880716666666668 -4.145593333333333 59.99998666666667
endloop
endfacet
facet normal 0 0 1
outer loop
vertex 22.49189666666667 -7.186046666666667 59.99998666666667
vertex 20.335103333333336 -6.1686700000000005 59.99998666666667
vertex 19.632620000000003 -8.131856666666668 59.99998666666667
endloop
endfacet
facet normal 0 0 1
outer loop
vertex 22.49189666666667 -7.186046666666667 59.99998666666667
vertex 19.632620000000003 -8.131856666666668 59.99998666666667
vertex 23.875770000000003 -8.131856666666668 59.99998666666667
endloop
endfacet
facet normal 0 0 1
outer loop
vertex 22.49189666666667 -7.186046666666667 59.99998666666667
vertex 23.875770000000003 -8.131856666666668 59.99998666666667
vertex 24.16279 -7.329556666666667 59.99998666666667
endloop
endfacet
facet normal 0 0 1
outer loop
vertex 22.49189666666667 -7.186046666666667 59.99998666666667
vertex 24.16279 -7.329556666666667 59.99998666666667
vertex 24.45357666666667 -6.1686700000000005 59.99998666666667
endloop
endfacet
facet normal 0 0 1
outer loop
vertex 22.49189666666667 -7.186046666666667 59.99998666666667
vertex 24.45357666666667 -6.1686700000000005 59.99998666666667
vertex 20.335103333333336 -6.1686700000000005 59.99998666666667
endloop
endfacet
facet normal 0 0 1
outer loop
vertex -22.49189666666667 -7.186046666666667 59.99998666666667
vertex -24.45357666666667 -6.1686700000000005 59.99998666666667
vertex -24.16279 -7.329556666666667 59.99998666666667
endloop
endfacet
facet normal 0 0 1
outer loop
vertex -22.49189666666667 -7.186046666666667 59.99998666666667
vertex -24.16279 -7.329556666666667 59.99998666666667
vertex -23.875770000000003 -8.131856666666668 59.99998666666667
endloop
endfacet
facet normal 0 0 1
outer loop
vertex -22.49189666666667 -7.186046666666667 59.99998666666667
vertex -23.875770000000003 -8.131856666666668 59.99998666666667
vertex -19.632620000000003 -8.131856666666668 59.99998666666667
endloop
endfacet
facet normal 0 0 1
outer loop
vertex -22.49189666666667 -7.186046666666667 59.99998666666667
vertex -19.632620000000003 -8.131856666666668 59.99998666666667
vertex -20.335103333333336 -6.1686700000000005 59.99998666666667
endloop
endfacet
facet normal 0 0 1
outer loop
vertex -22.49189666666667 -7.186046666666667 59.99998666666667
vertex -20.335103333333336 -6.1686700000000005 59.99998666666667
vertex -24.45357666666667 -6.1686700000000005 59.99998666666667
endloop
endfacet
facet normal 0 0 1
outer loop
vertex 21.747603333333334 -9.192173333333335 59.99998666666667
vertex 19.632620000000003 -8.131856666666668 59.99998666666667
vertex 18.740673333333334 -10.017073333333334 59.99998666666667
endloop
endfacet
facet normal 0 0 1
outer loop
vertex 21.747603333333334 -9.192173333333335 59.99998666666667
vertex 18.740673333333334 -10.017073333333334 59.99998666666667
vertex 23.160480000000003 -10.017073333333334 59.99998666666667
endloop
endfacet
facet normal 0 0 1
outer loop
vertex 21.747603333333334 -9.192173333333335 59.99998666666667
vertex 23.160480000000003 -10.017073333333334 59.99998666666667
vertex 23.328096666666667 -9.66263 59.99998666666667
endloop
endfacet
facet normal 0 0 0.9999999999999999
outer loop
vertex 21.747603333333334 -9.192173333333335 59.99998666666667
vertex 23.328096666666667 -9.66263 59.99998666666667
vertex 23.875770000000003 -8.131856666666668 59.99998666666667
endloop
endfacet
facet normal 0 0 1
outer loop
vertex 21.747603333333334 -9.192173333333335 59.99998666666667
vertex 23.875770000000003 -8.131856666666668 59.99998666666667
vertex 19.632620000000003 -8.131856666666668 59.99998666666667
endloop
endfacet
facet normal 0 0 0.9999999999999999
outer loop
vertex -21.747603333333334 -9.192173333333335 59.99998666666667
vertex -23.875770000000003 -8.131856666666668 59.99998666666667
vertex -23.328096666666667 -9.66263 59.99998666666667
endloop
endfacet
facet normal 0 0 1
outer loop
vertex -21.747603333333334 -9.192173333333335 59.99998666666667
vertex -23.328096666666667 -9.66263 59.99998666666667
vertex -23.160480000000003 -10.017073333333334 59.99998666666667
endloop
endfacet
facet normal 0 0 1
outer loop
vertex -21.747603333333334 -9.192173333333335 59.99998666666667
vertex -23.160480000000003 -10.017073333333334 59.99998666666667
vertex -18.740673333333334 -10.017073333333334 59.99998666666667
endloop
endfacet
facet normal 0 0 1
outer loop
vertex -21.747603333333334 -9.192173333333335 59.99998666666667
vertex -18.740673333333334 -10.017073333333334 59.99998666666667
vertex -19.632620000000003 -8.131856666666668 59.99998666666667
endloop
endfacet
facet normal 0 0 1
outer loop
vertex -21.747603333333334 -9.192173333333335 59.99998666666667
vertex -19.632620000000003 -8.131856666666668 59.99998666666667
vertex -23.875770000000003 -8.131856666666668 59.99998666666667
endloop
endfacet
facet normal 0 0 1
outer loop
vertex 18.740673333333334 -10.017073333333334 59.99998666666667
vertex 17.668680000000002 -11.805863333333335 59.99998666666667
vertex 22.314486666666667 -11.805863333333335 59.99998666666667
endloop
endfacet
facet normal 0 0 0.9999999999999999
outer loop
vertex 18.740673333333334 -10.017073333333334 59.99998666666667
vertex 22.314486666666667 -11.805863333333335 59.99998666666667
vertex 23.160480000000003 -10.017073333333334 59.99998666666667
endloop
endfacet
facet normal 0 0 1
outer loop
vertex -23.160480000000003 -10.017073333333334 59.99998666666667
vertex -22.314486666666667 -11.805863333333335 59.99998666666667
vertex -17.668680000000002 -11.805863333333335 59.99998666666667
endloop
endfacet
facet normal 0 0 0.9999999999999999
outer loop
vertex -23.160480000000003 -10.017073333333334 59.99998666666667
vertex -17.668680000000002 -11.805863333333335 59.99998666666667
vertex -18.740673333333334 -10.017073333333334 59.99998666666667
endloop
endfacet
facet normal 0 0 1
outer loop
vertex 20.00024666666667 -12.495163333333334 59.99998666666667
vertex 17.668680000000002 -11.805863333333335 59.99998666666667
vertex 16.426433333333335 -13.480900000000002 59.99998666666667
endloop
endfacet
facet normal 0 0 1
outer loop
vertex 20.00024666666667 -12.495163333333334 59.99998666666667
vertex 16.426433333333335 -13.480900000000002 59.99998666666667
vertex 21.322723333333336 -13.480900000000002 59.99998666666667
endloop
endfacet
facet normal 0 0 1
outer loop
vertex 20.00024666666667 -12.495163333333334 59.99998666666667
vertex 21.322723333333336 -13.480900000000002 59.99998666666667
vertex 22.268533333333334 -11.902666666666669 59.99998666666667
endloop
endfacet
facet normal 0 0 1
outer loop
vertex 20.00024666666667 -12.495163333333334 59.99998666666667
vertex 22.268533333333334 -11.902666666666669 59.99998666666667
vertex 22.314486666666667 -11.805863333333335 59.99998666666667
endloop
endfacet
facet normal 0 0 1
outer loop
vertex 20.00024666666667 -12.495163333333334 59.99998666666667
vertex 22.314486666666667 -11.805863333333335 59.99998666666667
vertex 17.668680000000002 -11.805863333333335 59.99998666666667
endloop
endfacet
facet normal 0 0 1
outer loop
vertex -20.00024666666667 -12.495163333333334 59.99998666666667
vertex -22.314486666666667 -11.805863333333335 59.99998666666667
vertex -22.268533333333334 -11.902666666666669 59.99998666666667
endloop
endfacet
facet normal 0 0 1
outer loop
vertex -20.00024666666667 -12.495163333333334 59.99998666666667
vertex -22.268533333333334 -11.902666666666669 59.99998666666667
vertex -21.322723333333336 -13.480900000000002 59.99998666666667
endloop
endfacet
facet normal 0 0 1
outer loop
vertex -20.00024666666667 -12.495163333333334 59.99998666666667
vertex -21.322723333333336 -13.480900000000002 59.99998666666667
vertex -16.426433333333335 -13.480900000000002 59.99998666666667
endloop
endfacet
facet normal 0 0 1
outer loop
vertex -20.00024666666667 -12.495163333333334 59.99998666666667
vertex -16.426433333333335 -13.480900000000002 59.99998666666667
vertex -17.668680000000002 -11.805863333333335 59.99998666666667
endloop
endfacet
facet normal 0 0 1
outer loop
vertex -20.00024666666667 -12.495163333333334 59.99998666666667
vertex -17.668680000000002 -11.805863333333335 59.99998666666667
vertex -22.314486666666667 -11.805863333333335 59.99998666666667
endloop
endfacet
facet normal 0 0 1
outer loop
vertex 18.804706666666668 -14.208243333333334 59.99998666666667
vertex 16.426433333333335 -13.480900000000002 59.99998666666667
vertex 15.025986666666668 -15.025986666666668 59.99998666666667
endloop
endfacet
facet normal 0 0 1
outer loop
vertex 18.804706666666668 -14.208243333333334 59.99998666666667
vertex 15.025986666666668 -15.025986666666668 59.99998666666667
vertex 20.254496666666668 -15.025986666666668 59.99998666666667
endloop
endfacet
facet normal 0 0 1
outer loop
vertex 18.804706666666668 -14.208243333333334 59.99998666666667
vertex 20.254496666666668 -15.025986666666668 59.99998666666667
vertex 20.994646666666668 -14.028196666666668 59.99998666666667
endloop
endfacet
facet normal 0 0 1
outer loop
vertex 18.804706666666668 -14.208243333333334 59.99998666666667
vertex 20.994646666666668 -14.028196666666668 59.99998666666667
vertex 21.322723333333336 -13.480900000000002 59.99998666666667
endloop
endfacet
facet normal 0 0 1
outer loop
vertex 18.804706666666668 -14.208243333333334 59.99998666666667
vertex 21.322723333333336 -13.480900000000002 59.99998666666667
vertex 16.426433333333335 -13.480900000000002 59.99998666666667
endloop
endfacet
facet normal 0 0 1
outer loop
vertex -18.804706666666668 -14.208243333333334 59.99998666666667
vertex -21.322723333333336 -13.480900000000002 59.99998666666667
vertex -20.994646666666668 -14.028196666666668 59.99998666666667
endloop
endfacet
facet normal 0 0 1
outer loop
vertex -18.804706666666668 -14.208243333333334 59.99998666666667
vertex -20.994646666666668 -14.028196666666668 59.99998666666667
vertex -20.254496666666668 -15.025986666666668 59.99998666666667
endloop
endfacet
facet normal 0 0 1
outer loop
vertex -18.804706666666668 -14.208243333333334 59.99998666666667
vertex -20.254496666666668 -15.025986666666668 59.99998666666667
vertex -15.025986666666668 -15.025986666666668 59.99998666666667
endloop
endfacet
facet normal 0 0 1
outer loop
vertex -18.804706666666668 -14.208243333333334 59.99998666666667
vertex -15.025986666666668 -15.025986666666668 59.99998666666667
vertex -16.426433333333335 -13.480900000000002 59.99998666666667
endloop
endfacet
facet normal 0 0 1
outer loop
vertex -18.804706666666668 -14.208243333333334 59.99998666666667
vertex -16.426433333333335 -13.480900000000002 59.99998666666667
vertex -21.322723333333336 -13.480900000000002 59.99998666666667
endloop
endfacet
facet normal 0 0 1
outer loop
vertex 17.48562 -15.784593333333335 59.99998666666667
vertex 15.025986666666668 -15.025986666666668 59.99998666666667
vertex 13.480900000000002 -16.426433333333335 59.99998666666667
endloop
endfacet
facet normal 0 0 1
outer loop
vertex 17.48562 -15.784593333333335 59.99998666666667
vertex 13.480900000000002 -16.426433333333335 59.99998666666667
vertex 19.148603333333334 -16.426433333333335 59.99998666666667
endloop
endfacet
facet normal 0 0 1
outer loop
vertex 17.48562 -15.784593333333335 59.99998666666667
vertex 19.148603333333334 -16.426433333333335 59.99998666666667
vertex 19.51849 -16.018503333333335 59.99998666666667
endloop
endfacet
facet normal 0 0 1
outer loop
vertex 17.48562 -15.784593333333335 59.99998666666667
vertex 19.51849 -16.018503333333335 59.99998666666667
vertex 20.254496666666668 -15.025986666666668 59.99998666666667
endloop
endfacet
facet normal 0 0 1
outer loop
vertex 17.48562 -15.784593333333335 59.99998666666667
vertex 20.254496666666668 -15.025986666666668 59.99998666666667
vertex 15.025986666666668 -15.025986666666668 59.99998666666667
endloop
endfacet
facet normal 0 0 1
outer loop
vertex -17.48562 -15.784593333333335 59.99998666666667
vertex -20.254496666666668 -15.025986666666668 59.99998666666667
vertex -19.51849 -16.018503333333335 59.99998666666667
endloop
endfacet
facet normal 0 0 1
outer loop
vertex -17.48562 -15.784593333333335 59.99998666666667
vertex -19.51849 -16.018503333333335 59.99998666666667
vertex -19.148603333333334 -16.426433333333335 59.99998666666667
endloop
endfacet
facet normal 0 0 1
outer loop
vertex -17.48562 -15.784593333333335 59.99998666666667
vertex -19.148603333333334 -16.426433333333335 59.99998666666667
vertex -13.480900000000002 -16.426433333333335 59.99998666666667
endloop
endfacet
facet normal 0 0 1
outer loop
vertex -17.48562 -15.784593333333335 59.99998666666667
vertex -13.480900000000002 -16.426433333333335 59.99998666666667
vertex -15.025986666666668 -15.025986666666668 59.99998666666667
endloop
endfacet
facet normal 0 0 1
outer loop
vertex -17.48562 -15.784593333333335 59.99998666666667
vertex -15.025986666666668 -15.025986666666668 59.99998666666667
vertex -20.254496666666668 -15.025986666666668 59.99998666666667
endloop
endfacet
facet normal 0 0 1
outer loop
vertex 13.480900000000002 -16.426433333333335 59.99998666666667
vertex 11.805863333333335 -17.668680000000002 59.99998666666667
vertex 18.022746666666666 -17.668680000000002 59.99998666666667
endloop
endfacet
facet normal 0 0 0.9999999999999999
outer loop
vertex 13.480900000000002 -16.426433333333335 59.99998666666667
vertex 18.022746666666666 -17.668680000000002 59.99998666666667
vertex 19.148603333333334 -16.426433333333335 59.99998666666667
endloop
endfacet
facet normal 0 0 1
outer loop
vertex -19.148603333333334 -16.426433333333335 59.99998666666667
vertex -18.022746666666666 -17.668680000000002 59.99998666666667
vertex -11.805863333333335 -17.668680000000002 59.99998666666667
endloop
endfacet
facet normal 0 0 0.9999999999999999
outer loop
vertex -19.148603333333334 -16.426433333333335 59.99998666666667
vertex -11.805863333333335 -17.668680000000002 59.99998666666667
vertex -13.480900000000002 -16.426433333333335 59.99998666666667
endloop
endfacet
facet normal 0 0 1
outer loop
vertex 14.915246666666668 -18.13461666666667 59.99998666666667
vertex 11.805863333333335 -17.668680000000002 59.99998666666667
vertex 10.017073333333334 -18.740673333333334 59.99998666666667
endloop
endfacet
facet normal 0 0 1
outer loop
vertex 14.915246666666668 -18.13461666666667 59.99998666666667
vertex 10.017073333333334 -18.740673333333334 59.99998666666667
vertex 16.87655 -18.740673333333334 59.99998666666667
endloop
endfacet
facet normal 0 0 1
outer loop
vertex 14.915246666666668 -18.13461666666667 59.99998666666667
vertex 16.87655 -18.740673333333334 59.99998666666667
vertex 17.854376666666667 -17.854376666666667 59.99998666666667
endloop
endfacet
facet normal 0 0 0.9999999999999999
outer loop
vertex 14.915246666666668 -18.13461666666667 59.99998666666667
vertex 17.854376666666667 -17.854376666666667 59.99998666666667
vertex 18.022746666666666 -17.668680000000002 59.99998666666667
endloop
endfacet
facet normal 0 0 1
outer loop
vertex 14.915246666666668 -18.13461666666667 59.99998666666667
vertex 18.022746666666666 -17.668680000000002 59.99998666666667
vertex 11.805863333333335 -17.668680000000002 59.99998666666667
endloop
endfacet
facet normal 0 0 0.9999999999999999
outer loop
vertex -14.915246666666668 -18.13461666666667 59.99998666666667
vertex -18.022746666666666 -17.668680000000002 59.99998666666667
vertex -17.854376666666667 -17.854376666666667 59.99998666666667
endloop
endfacet
facet normal 0 0 1
outer loop
vertex -14.915246666666668 -18.13461666666667 59.99998666666667
vertex -17.854376666666667 -17.854376666666667 59.99998666666667
vertex -16.87655 -18.740673333333334 59.99998666666667
endloop
endfacet
facet normal 0 0 1
outer loop
vertex -14.915246666666668 -18.13461666666667 59.99998666666667
vertex -16.87655 -18.740673333333334 59.99998666666667
vertex -10.017073333333334 -18.740673333333334 59.99998666666667
endloop
endfacet
facet normal 0 0 1
outer loop
vertex -14.915246666666668 -18.13461666666667 59.99998666666667
vertex -10.017073333333334 -18.740673333333334 59.99998666666667
vertex -11.805863333333335 -17.668680000000002 59.99998666666667
endloop
endfacet
facet normal 0 0 1
outer loop
vertex -14.915246666666668 -18.13461666666667 59.99998666666667
vertex -11.805863333333335 -17.668680000000002 59.99998666666667
vertex -18.022746666666666 -17.668680000000002 59.99998666666667
endloop
endfacet
facet normal 0 0 1
outer loop
vertex 13.381836666666668 -19.252940000000002 59.99998666666667
vertex 10.017073333333334 -18.740673333333334 59.99998666666667
vertex 8.131856666666668 -19.632620000000003 59.99998666666667
endloop
endfacet
facet normal 0 0 1
outer loop
vertex 13.381836666666668 -19.252940000000002 59.99998666666667
vertex 8.131856666666668 -19.632620000000003 59.99998666666667
vertex 15.864823333333334 -19.632620000000003 59.99998666666667
endloop
endfacet
facet normal 0 0 1
outer loop
vertex 13.381836666666668 -19.252940000000002 59.99998666666667
vertex 15.864823333333334 -19.632620000000003 59.99998666666667
vertex 16.018503333333335 -19.51849 59.99998666666667
endloop
endfacet
facet normal 0 0 1
outer loop
vertex 13.381836666666668 -19.252940000000002 59.99998666666667
vertex 16.018503333333335 -19.51849 59.99998666666667
vertex 16.87655 -18.740673333333334 59.99998666666667
endloop
endfacet
facet normal 0 0 1
outer loop
vertex 13.381836666666668 -19.252940000000002 59.99998666666667
vertex 16.87655 -18.740673333333334 59.99998666666667
vertex 10.017073333333334 -18.740673333333334 59.99998666666667
endloop
endfacet
facet normal 0 0 1
outer loop
vertex -13.381836666666668 -19.252940000000002 59.99998666666667
vertex -16.87655 -18.740673333333334 59.99998666666667
vertex -16.018503333333335 -19.51849 59.99998666666667
endloop
endfacet
facet normal 0 0 1
outer loop
vertex -13.381836666666668 -19.252940000000002 59.99998666666667
vertex -16.018503333333335 -19.51849 59.99998666666667
vertex -15.864823333333334 -19.632620000000003 59.99998666666667
endloop
endfacet
facet normal 0 0 1
outer loop
vertex -13.381836666666668 -19.252940000000002 59.99998666666667
vertex -15.864823333333334 -19.632620000000003 59.99998666666667
vertex -8.131856666666668 -19.632620000000003 59.99998666666667
endloop
endfacet
facet normal 0 0 1
outer loop
vertex -13.381836666666668 -19.252940000000002 59.99998666666667
vertex -8.131856666666668 -19.632620000000003 59.99998666666667
vertex -10.017073333333334 -18.740673333333334 59.99998666666667
endloop
endfacet
facet normal 0 0 1
outer loop
vertex -13.381836666666668 -19.252940000000002 59.99998666666667
vertex -10.017073333333334 -18.740673333333334 59.99998666666667
vertex -16.87655 -18.740673333333334 59.99998666666667
endloop
endfacet
facet normal 0 0 1
outer loop
vertex 8.131856666666668 -19.632620000000003 59.99998666666667
vertex 6.1686700000000005 -20.335103333333336 59.99998666666667
vertex 14.917506666666668 -20.335103333333336 59.99998666666667
endloop
endfacet
facet normal 0 0 1
outer loop
vertex 8.131856666666668 -19.632620000000003 59.99998666666667
vertex 14.917506666666668 -20.335103333333336 59.99998666666667
vertex 15.864823333333334 -19.632620000000003 59.99998666666667
endloop
endfacet
facet normal 0 0 1
outer loop
vertex -15.864823333333334 -19.632620000000003 59.99998666666667
vertex -14.917506666666668 -20.335103333333336 59.99998666666667
vertex -6.1686700000000005 -20.335103333333336 59.99998666666667
endloop
endfacet
facet normal 0 0 1
outer loop
vertex -15.864823333333334 -19.632620000000003 59.99998666666667
vertex -6.1686700000000005 -20.335103333333336 59.99998666666667
vertex -8.131856666666668 -19.632620000000003 59.99998666666667
endloop
endfacet
facet normal 0 0 1
outer loop
vertex 6.1686700000000005 -20.335103333333336 59.99998666666667
vertex 4.145593333333333 -20.841720000000002 59.99998666666667
vertex 14.234233333333334 -20.841720000000002 59.99998666666667
endloop
endfacet
facet normal 0 0 1
outer loop
vertex 6.1686700000000005 -20.335103333333336 59.99998666666667
vertex 14.234233333333334 -20.841720000000002 59.99998666666667
vertex 14.917506666666668 -20.335103333333336 59.99998666666667
endloop
endfacet
facet normal 0 0 1
outer loop
vertex -14.917506666666668 -20.335103333333336 59.99998666666667
vertex -14.234233333333334 -20.841720000000002 59.99998666666667
vertex -4.145593333333333 -20.841720000000002 59.99998666666667
endloop
endfacet
facet normal 0 0 1
outer loop
vertex -14.917506666666668 -20.335103333333336 59.99998666666667
vertex -4.145593333333333 -20.841720000000002 59.99998666666667
vertex -6.1686700000000005 -20.335103333333336 59.99998666666667
endloop
endfacet
facet normal 0 0 1
outer loop
vertex 9.652836666666667 -20.994646666666668 59.99998666666667
vertex 4.145593333333333 -20.841720000000002 59.99998666666667
vertex 2.0829666666666666 -21.147573333333334 59.99998666666667
endloop
endfacet
facet normal 0 0 1
outer loop
vertex 9.652836666666667 -20.994646666666668 59.99998666666667
vertex 2.0829666666666666 -21.147573333333334 59.99998666666667
vertex 13.772816666666667 -21.147573333333334 59.99998666666667
endloop
endfacet
facet normal 0 0 1
outer loop
vertex 9.652836666666667 -20.994646666666668 59.99998666666667
vertex 13.772816666666667 -21.147573333333334 59.99998666666667
vertex 14.028196666666668 -20.994646666666668 59.99998666666667
endloop
endfacet
facet normal 0 0 1
outer loop
vertex 9.652836666666667 -20.994646666666668 59.99998666666667
vertex 14.028196666666668 -20.994646666666668 59.99998666666667
vertex 14.234233333333334 -20.841720000000002 59.99998666666667
endloop
endfacet
facet normal 0 0 1
outer loop
vertex 9.652836666666667 -20.994646666666668 59.99998666666667
vertex 14.234233333333334 -20.841720000000002 59.99998666666667
vertex 4.145593333333333 -20.841720000000002 59.99998666666667
endloop
endfacet
facet normal 0 0 1
outer loop
vertex -9.652836666666667 -20.994646666666668 59.99998666666667
vertex -14.234233333333334 -20.841720000000002 59.99998666666667
vertex -14.028196666666668 -20.994646666666668 59.99998666666667
endloop
endfacet
facet normal 0 0 1
outer loop
vertex -9.652836666666667 -20.994646666666668 59.99998666666667
vertex -14.028196666666668 -20.994646666666668 59.99998666666667
vertex -13.772816666666667 -21.147573333333334 59.99998666666667
endloop
endfacet
facet normal 0 0 1
outer loop
vertex -9.652836666666667 -20.994646666666668 59.99998666666667
vertex -13.772816666666667 -21.147573333333334 59.99998666666667
vertex -2.0829666666666666 -21.147573333333334 59.99998666666667
endloop
endfacet
facet normal 0 0 1
outer loop
vertex -9.652836666666667 -20.994646666666668 59.99998666666667
vertex -2.0829666666666666 -21.147573333333334 59.99998666666667
vertex -4.145593333333333 -20.841720000000002 59.99998666666667
endloop
endfacet
facet normal 0 0 1
outer loop
vertex -9.652836666666667 -20.994646666666668 59.99998666666667
vertex -4.145593333333333 -20.841720000000002 59.99998666666667
vertex -14.234233333333334 -20.841720000000002 59.99998666666667
endloop
endfacet
facet normal 0 0 1
outer loop
vertex 2.0829666666666666 -21.147573333333334 59.99998666666667
vertex 0 -21.250026666666667 59.99998666666667
vertex 13.602186666666668 -21.250026666666667 59.99998666666667
endloop
endfacet
facet normal 0 0 1
outer loop
vertex 2.0829666666666666 -21.147573333333334 59.99998666666667
vertex 13.602186666666668 -21.250026666666667 59.99998666666667
vertex 13.772816666666667 -21.147573333333334 59.99998666666667
endloop
endfacet
facet normal 0 0 1
outer loop
vertex -13.772816666666667 -21.147573333333334 59.99998666666667
vertex -13.602186666666668 -21.250026666666667 59.99998666666667
vertex 0 -21.250026666666667 59.99998666666667
endloop
endfacet
facet normal 0 0 1
outer loop
vertex -13.772816666666667 -21.147573333333334 59.99998666666667
vertex 0 -21.250026666666667 59.99998666666667
vertex -2.0829666666666666 -21.147573333333334 59.99998666666667
endloop
endfacet
facet normal 0 0 1
outer loop
vertex 0 -23.450513333333337 59.99998666666667
vertex 0 -21.250026666666667 59.99998666666667
vertex -13.602186666666668 -21.250026666666667 59.99998666666667
endloop
endfacet
facet normal 0 0 1
outer loop
vertex 0 -23.450513333333337 59.99998666666667
vertex -13.602186666666668 -21.250026666666667 59.99998666666667
vertex -11.902666666666669 -22.268533333333334 59.99998666666667
endloop
endfacet
facet normal 0 0 0.9999999999999999
outer loop
vertex 0 -23.450513333333337 59.99998666666667
vertex -11.902666666666669 -22.268533333333334 59.99998666666667
vertex -9.66263 -23.328096666666667 59.99998666666667
endloop
endfacet
facet normal 0 0 0.9999999999999999
outer loop
vertex 0 -23.450513333333337 59.99998666666667
vertex -9.66263 -23.328096666666667 59.99998666666667
vertex -7.329556666666667 -24.16279 59.99998666666667
endloop
endfacet
facet normal 0 0 1
outer loop
vertex 0 -23.450513333333337 59.99998666666667
vertex -7.329556666666667 -24.16279 59.99998666666667
vertex -4.926046666666667 -24.764703333333337 59.99998666666667
endloop
endfacet
facet normal 0 0 1
outer loop
vertex 0 -23.450513333333337 59.99998666666667
vertex -4.926046666666667 -24.764703333333337 59.99998666666667
vertex -2.475076666666667 -25.128563333333336 59.99998666666667
endloop
endfacet
facet normal 0 0 0.9999999999999999
outer loop
vertex 0 -23.450513333333337 59.99998666666667
vertex -2.475076666666667 -25.128563333333336 59.99998666666667
vertex 0 -25.249850000000002 59.99998666666667
endloop
endfacet
facet normal 0 0 0.9999999999999999
outer loop
vertex 0 -23.450513333333337 59.99998666666667
vertex 0 -25.249850000000002 59.99998666666667
vertex 2.475076666666667 -25.128563333333336 59.99998666666667
endloop
endfacet
facet normal 0 0 1
outer loop
vertex 0 -23.450513333333337 59.99998666666667
vertex 2.475076666666667 -25.128563333333336 59.99998666666667
vertex 4.926046666666667 -24.764703333333337 59.99998666666667
endloop
endfacet
facet normal 0 0 1
outer loop
vertex 0 -23.450513333333337 59.99998666666667
vertex 4.926046666666667 -24.764703333333337 59.99998666666667
vertex 7.329556666666667 -24.16279 59.99998666666667
endloop
endfacet
facet normal 0 0 0.9999999999999999
outer loop
vertex 0 -23.450513333333337 59.99998666666667
vertex 7.329556666666667 -24.16279 59.99998666666667
vertex 9.66263 -23.328096666666667 59.99998666666667
endloop
endfacet
facet normal 0 0 0.9999999999999999
outer loop
vertex 0 -23.450513333333337 59.99998666666667
vertex 9.66263 -23.328096666666667 59.99998666666667
vertex 11.902666666666669 -22.268533333333334 59.99998666666667
endloop
endfacet
facet normal 0 0 1
outer loop
vertex 0 -23.450513333333337 59.99998666666667
vertex 11.902666666666669 -22.268533333333334 59.99998666666667
vertex 13.602186666666668 -21.250026666666667 59.99998666666667
endloop
endfacet
facet normal 0 0 1
outer loop
vertex 0 -23.450513333333337 59.99998666666667
vertex 13.602186666666668 -21.250026666666667 59.99998666666667
vertex 0 -21.250026666666667 59.99998666666667
endloop
endfacet
facet normal 0.998796389474015 0.04904867351592611 0
outer loop
vertex 25.24990666666667 0 64.99990666666667
vertex 25.24990666666667 0 59.999886666666676
vertex 25.128360000000004 2.4751000000000003 59.999886666666676
endloop
endfacet
facet normal 0.998796389474015 0.04904867351592611 0
outer loop
vertex 25.24990666666667 0 64.99990666666667
vertex 25.128360000000004 2.4751000000000003 59.999886666666676
vertex 25.128360000000004 2.4751000000000003 64.99990666666667
endloop
endfacet
facet normal 0.9891766495734788 0.14672953328688432 0
outer loop
vertex 25.128360000000004 2.4751000000000003 64.99990666666667
vertex 25.128360000000004 2.4751000000000003 59.999886666666676
vertex 24.764780000000002 4.926173333333334 59.999886666666676
endloop
endfacet
facet normal 0.9891766495734788 0.14672953328688432 0
outer loop
vertex 25.128360000000004 2.4751000000000003 64.99990666666667
vertex 24.764780000000002 4.926173333333334 59.999886666666676
vertex 24.764780000000002 4.926173333333334 64.99990666666667
endloop
endfacet
facet normal 0.9700249438800098 0.24300536671148618 0
outer loop
vertex 24.764780000000002 4.926173333333334 64.99990666666667
vertex 24.764780000000002 4.926173333333334 59.999886666666676
vertex 24.162700000000005 7.329546666666667 59.999886666666676
endloop
endfacet
facet normal 0.9700249438800098 0.24300536671148618 0
outer loop
vertex 24.764780000000002 4.926173333333334 64.99990666666667
vertex 24.162700000000005 7.329546666666667 59.999886666666676
vertex 24.162700000000005 7.329546666666667 64.99990666666667
endloop
endfacet
facet normal 0.941570802033045 0.33681511955203036 0
outer loop
vertex 24.162700000000005 7.329546666666667 64.99990666666667
vertex 24.162700000000005 7.329546666666667 59.999886666666676
vertex 23.32812666666667 9.662606666666667 59.999886666666676
endloop
endfacet
facet normal 0.941570802033045 0.33681511955203036 0
outer loop
vertex 24.162700000000005 7.329546666666667 64.99990666666667
vertex 23.32812666666667 9.662606666666667 59.999886666666676
vertex 23.32812666666667 9.662606666666667 64.99990666666667
endloop
endfacet
facet normal 0.9039670654882352 0.42760208665602745 0
outer loop
vertex 23.32812666666667 9.662606666666667 64.99990666666667
vertex 23.32812666666667 9.662606666666667 59.999886666666676
vertex 22.268480000000004 11.902740000000001 59.999886666666676
endloop
endfacet
facet normal 0.9039670654882352 0.42760208665602745 0
outer loop
vertex 23.32812666666667 9.662606666666667 64.99990666666667
vertex 22.268480000000004 11.902740000000001 59.999886666666676
vertex 22.268480000000004 11.902740000000001 64.99990666666667
endloop
endfacet
facet normal 0.8577444718053187 0.5140762794444178 0
outer loop
vertex 22.268480000000004 11.902740000000001 64.99990666666667
vertex 22.268480000000004 11.902740000000001 59.999886666666676
vertex 20.994713333333337 14.028040000000003 59.999886666666676
endloop
endfacet
facet normal 0.8577444718053187 0.5140762794444178 0
outer loop
vertex 22.268480000000004 11.902740000000001 64.99990666666667
vertex 20.994713333333337 14.028040000000003 59.999886666666676
vertex 20.994713333333337 14.028040000000003 64.99990666666667
endloop
endfacet
facet normal 0.8031882598417827 0.5957252884109664 0
outer loop
vertex 20.994713333333337 14.028040000000003 64.99990666666667
vertex 20.994713333333337 14.028040000000003 59.999886666666676
vertex 19.518486666666668 16.01836666666667 59.999886666666676
endloop
endfacet
facet normal 0.8031882598417827 0.5957252884109664 0
outer loop
vertex 20.994713333333337 14.028040000000003 64.99990666666667
vertex 19.518486666666668 16.01836666666667 59.999886666666676
vertex 19.518486666666668 16.01836666666667 64.99990666666667
endloop
endfacet
facet normal 0.7408971734830179 0.6716184767417465 0.000004896020969984655
outer loop
vertex 18.84044 16.766373333333334 62.50007333333334
vertex 19.148546666666668 16.42646666666667 64.99990666666667
vertex 19.518486666666668 16.01836666666667 64.99990666666667
endloop
endfacet
facet normal 0.7409053154956349 0.6716094947737963 0
outer loop
vertex 18.84044 16.766373333333334 62.50007333333334
vertex 19.518486666666668 16.01836666666667 64.99990666666667
vertex 19.518486666666668 16.01836666666667 59.999886666666676
endloop
endfacet
facet normal 0.7408971734830204 0.6716184767417488 -0.000004895329050684229
outer loop
vertex 18.84044 16.766373333333334 62.50007333333334
vertex 19.518486666666668 16.01836666666667 59.999886666666676
vertex 19.148546666666668 16.42646666666667 59.999886666666676
endloop
endfacet
facet normal 0.7409099698269606 0.6716043601772212 -0.0000013992087862119319
outer loop
vertex 18.84044 16.766373333333334 62.50007333333334
vertex 19.148546666666668 16.42646666666667 59.999886666666676
vertex 17.85428666666667 17.85428666666667 59.999886666666676
endloop
endfacet
facet normal 0.7409083697567467 0.6716061253624777 0
outer loop
vertex 18.84044 16.766373333333334 62.50007333333334
vertex 17.85428666666667 17.85428666666667 59.999886666666676
vertex 17.85428666666667 17.85428666666667 64.99990666666667
endloop
endfacet
facet normal 0.7409099698269602 0.6716043601772209 0.000001399406554238249
outer loop
vertex 18.84044 16.766373333333334 62.50007333333334
vertex 17.85428666666667 17.85428666666667 64.99990666666667
vertex 19.148546666666668 16.42646666666667 64.99990666666667
endloop
endfacet
facet normal 0.6716074981626888 0.7409071253616433 0
outer loop
vertex 17.85428666666667 17.85428666666667 64.99990666666667
vertex 17.85428666666667 17.85428666666667 59.999886666666676
vertex 16.01836666666667 19.518486666666668 59.999886666666676
endloop
endfacet
facet normal 0.6716074981626888 0.7409071253616433 0
outer loop
vertex 17.85428666666667 17.85428666666667 64.99990666666667
vertex 16.01836666666667 19.518486666666668 59.999886666666676
vertex 16.01836666666667 19.518486666666668 64.99990666666667
endloop
endfacet
facet normal 0.5957252884109664 0.8031882598417827 0
outer loop
vertex 16.01836666666667 19.518486666666668 64.99990666666667
vertex 16.01836666666667 19.518486666666668 59.999886666666676
vertex 14.028040000000003 20.994713333333337 59.999886666666676
endloop
endfacet
facet normal 0.5957252884109664 0.8031882598417827 0
outer loop
vertex 16.01836666666667 19.518486666666668 64.99990666666667
vertex 14.028040000000003 20.994713333333337 59.999886666666676
vertex 14.028040000000003 20.994713333333337 64.99990666666667
endloop
endfacet
facet normal 0.5140762794444178 0.8577444718053187 0
outer loop
vertex 14.028040000000003 20.994713333333337 64.99990666666667
vertex 14.028040000000003 20.994713333333337 59.999886666666676
vertex 11.902740000000001 22.268480000000004 59.999886666666676
endloop
endfacet
facet normal 0.5140762794444178 0.8577444718053187 0
outer loop
vertex 14.028040000000003 20.994713333333337 64.99990666666667
vertex 11.902740000000001 22.268480000000004 59.999886666666676
vertex 11.902740000000001 22.268480000000004 64.99990666666667
endloop
endfacet
facet normal 0.42760208665602745 0.9039670654882352 0
outer loop
vertex 11.902740000000001 22.268480000000004 64.99990666666667
vertex 11.902740000000001 22.268480000000004 59.999886666666676
vertex 9.662606666666667 23.32812666666667 59.999886666666676
endloop
endfacet
facet normal 0.42760208665602745 0.9039670654882352 0
outer loop
vertex 11.902740000000001 22.268480000000004 64.99990666666667
vertex 9.662606666666667 23.32812666666667 59.999886666666676
vertex 9.662606666666667 23.32812666666667 64.99990666666667
endloop
endfacet
facet normal 0.33681511955203036 0.941570802033045 0
outer loop
vertex 9.662606666666667 23.32812666666667 64.99990666666667
vertex 9.662606666666667 23.32812666666667 59.999886666666676
vertex 7.329546666666667 24.162700000000005 59.999886666666676
endloop
endfacet
facet normal 0.33681511955203036 0.941570802033045 0
outer loop
vertex 9.662606666666667 23.32812666666667 64.99990666666667
vertex 7.329546666666667 24.162700000000005 59.999886666666676
vertex 7.329546666666667 24.162700000000005 64.99990666666667
endloop
endfacet
facet normal 0.24300536671148618 0.9700249438800098 0
outer loop
vertex 7.329546666666667 24.162700000000005 64.99990666666667
vertex 7.329546666666667 24.162700000000005 59.999886666666676
vertex 4.926173333333334 24.764780000000002 59.999886666666676
endloop
endfacet
facet normal 0.24300536671148618 0.9700249438800098 0
outer loop
vertex 7.329546666666667 24.162700000000005 64.99990666666667
vertex 4.926173333333334 24.764780000000002 59.999886666666676
vertex 4.926173333333334 24.764780000000002 64.99990666666667
endloop
endfacet
facet normal 0.14672953328688432 0.9891766495734788 0
outer loop
vertex 4.926173333333334 24.764780000000002 64.99990666666667
vertex 4.926173333333334 24.764780000000002 59.999886666666676
vertex 2.4751000000000003 25.128360000000004 59.999886666666676
endloop
endfacet
facet normal 0.14672953328688432 0.9891766495734788 0
outer loop
vertex 4.926173333333334 24.764780000000002 64.99990666666667
vertex 2.4751000000000003 25.128360000000004 59.999886666666676
vertex 2.4751000000000003 25.128360000000004 64.99990666666667
endloop
endfacet
facet normal 0.04904867351592611 0.998796389474015 0
outer loop
vertex 2.4751000000000003 25.128360000000004 64.99990666666667
vertex 2.4751000000000003 25.128360000000004 59.999886666666676
vertex 0 25.24990666666667 59.999886666666676
endloop
endfacet
facet normal 0.04904867351592611 0.998796389474015 0
outer loop
vertex 2.4751000000000003 25.128360000000004 64.99990666666667
vertex 0 25.24990666666667 59.999886666666676
vertex 0 25.24990666666667 64.99990666666667
endloop
endfacet
facet normal -0.04904867351592611 0.998796389474015 0
outer loop
vertex 0 25.24990666666667 64.99990666666667
vertex 0 25.24990666666667 59.999886666666676
vertex -2.4751000000000003 25.128360000000004 59.999886666666676
endloop
endfacet
facet normal -0.04904867351592611 0.998796389474015 0
outer loop
vertex 0 25.24990666666667 64.99990666666667
vertex -2.4751000000000003 25.128360000000004 59.999886666666676
vertex -2.4751000000000003 25.128360000000004 64.99990666666667
endloop
endfacet
facet normal -0.14672953328688432 0.9891766495734788 0
outer loop
vertex -2.4751000000000003 25.128360000000004 64.99990666666667
vertex -2.4751000000000003 25.128360000000004 59.999886666666676
vertex -4.926173333333334 24.764780000000002 59.999886666666676
endloop
endfacet
facet normal -0.14672953328688432 0.9891766495734788 0
outer loop
vertex -2.4751000000000003 25.128360000000004 64.99990666666667
vertex -4.926173333333334 24.764780000000002 59.999886666666676
vertex -4.926173333333334 24.764780000000002 64.99990666666667
endloop
endfacet
facet normal -0.24300536671148618 0.9700249438800098 0
outer loop
vertex -4.926173333333334 24.764780000000002 64.99990666666667
vertex -4.926173333333334 24.764780000000002 59.999886666666676
vertex -7.329546666666667 24.162700000000005 59.999886666666676
endloop
endfacet
facet normal -0.24300536671148618 0.9700249438800098 0
outer loop
vertex -4.926173333333334 24.764780000000002 64.99990666666667
vertex -7.329546666666667 24.162700000000005 59.999886666666676
vertex -7.329546666666667 24.162700000000005 64.99990666666667
endloop
endfacet
facet normal -0.33681511955203036 0.941570802033045 0
outer loop
vertex -7.329546666666667 24.162700000000005 64.99990666666667
vertex -7.329546666666667 24.162700000000005 59.999886666666676
vertex -9.662606666666667 23.32812666666667 59.999886666666676
endloop
endfacet
facet normal -0.33681511955203036 0.941570802033045 0
outer loop
vertex -7.329546666666667 24.162700000000005 64.99990666666667
vertex -9.662606666666667 23.32812666666667 59.999886666666676
vertex -9.662606666666667 23.32812666666667 64.99990666666667
endloop
endfacet
facet normal -0.42760208665602745 0.9039670654882352 0
outer loop
vertex -9.662606666666667 23.32812666666667 64.99990666666667
vertex -9.662606666666667 23.32812666666667 59.999886666666676
vertex -11.902740000000001 22.268480000000004 59.999886666666676
endloop
endfacet
facet normal -0.42760208665602745 0.9039670654882352 0
outer loop
vertex -9.662606666666667 23.32812666666667 64.99990666666667
vertex -11.902740000000001 22.268480000000004 59.999886666666676
vertex -11.902740000000001 22.268480000000004 64.99990666666667
endloop
endfacet
facet normal -0.5140762794444178 0.8577444718053187 0
outer loop
vertex -11.902740000000001 22.268480000000004 64.99990666666667
vertex -11.902740000000001 22.268480000000004 59.999886666666676
vertex -14.028040000000003 20.994713333333337 59.999886666666676
endloop
endfacet
facet normal -0.5140762794444178 0.8577444718053187 0
outer loop
vertex -11.902740000000001 22.268480000000004 64.99990666666667
vertex -14.028040000000003 20.994713333333337 59.999886666666676
vertex -14.028040000000003 20.994713333333337 64.99990666666667
endloop
endfacet
facet normal -0.5957252884109664 0.8031882598417827 0
outer loop
vertex -14.028040000000003 20.994713333333337 64.99990666666667
vertex -14.028040000000003 20.994713333333337 59.999886666666676
vertex -16.01836666666667 19.518486666666668 59.999886666666676
endloop
endfacet
facet normal -0.5957252884109664 0.8031882598417827 0
outer loop
vertex -14.028040000000003 20.994713333333337 64.99990666666667
vertex -16.01836666666667 19.518486666666668 59.999886666666676
vertex -16.01836666666667 19.518486666666668 64.99990666666667
endloop
endfacet
facet normal -0.6716074981626888 0.7409071253616433 0
outer loop
vertex -16.01836666666667 19.518486666666668 64.99990666666667
vertex -16.01836666666667 19.518486666666668 59.999886666666676
vertex -17.85428666666667 17.85428666666667 59.999886666666676
endloop
endfacet
facet normal -0.6716074981626888 0.7409071253616433 0
outer loop
vertex -16.01836666666667 19.518486666666668 64.99990666666667
vertex -17.85428666666667 17.85428666666667 59.999886666666676
vertex -17.85428666666667 17.85428666666667 64.99990666666667
endloop
endfacet
facet normal -0.7409099698269602 0.6716043601772209 0.000001399406554238249
outer loop
vertex -18.84044 16.766373333333334 62.50007333333334
vertex -19.148546666666668 16.42646666666667 64.99990666666667
vertex -17.85428666666667 17.85428666666667 64.99990666666667
endloop
endfacet
facet normal -0.7409083697567467 0.6716061253624777 0
outer loop
vertex -18.84044 16.766373333333334 62.50007333333334
vertex -17.85428666666667 17.85428666666667 64.99990666666667
vertex -17.85428666666667 17.85428666666667 59.999886666666676
endloop
endfacet
facet normal -0.7409099698269606 0.6716043601772212 -0.0000013992087862119319
outer loop
vertex -18.84044 16.766373333333334 62.50007333333334
vertex -17.85428666666667 17.85428666666667 59.999886666666676
vertex -19.148546666666668 16.42646666666667 59.999886666666676
endloop
endfacet
facet normal -0.7408971734830204 0.6716184767417488 -0.000004895329050684229
outer loop
vertex -18.84044 16.766373333333334 62.50007333333334
vertex -19.148546666666668 16.42646666666667 59.999886666666676
vertex -19.518486666666668 16.01836666666667 59.999886666666676
endloop
endfacet
facet normal -0.7409053154956349 0.6716094947737963 0
outer loop
vertex -18.84044 16.766373333333334 62.50007333333334
vertex -19.518486666666668 16.01836666666667 59.999886666666676
vertex -19.518486666666668 16.01836666666667 64.99990666666667
endloop
endfacet
facet normal -0.7408971734830179 0.6716184767417465 0.000004896020969984655
outer loop
vertex -18.84044 16.766373333333334 62.50007333333334
vertex -19.518486666666668 16.01836666666667 64.99990666666667
vertex -19.148546666666668 16.42646666666667 64.99990666666667
endloop
endfacet
facet normal -0.8031882598417827 0.5957252884109664 0
outer loop
vertex -19.518486666666668 16.01836666666667 64.99990666666667
vertex -19.518486666666668 16.01836666666667 59.999886666666676
vertex -20.994713333333337 14.028040000000003 59.999886666666676
endloop
endfacet
facet normal -0.8031882598417827 0.5957252884109664 0
outer loop
vertex -19.518486666666668 16.01836666666667 64.99990666666667
vertex -20.994713333333337 14.028040000000003 59.999886666666676
vertex -20.994713333333337 14.028040000000003 64.99990666666667
endloop
endfacet
facet normal -0.8577444718053187 0.5140762794444178 0
outer loop
vertex -20.994713333333337 14.028040000000003 64.99990666666667
vertex -20.994713333333337 14.028040000000003 59.999886666666676
vertex -22.268480000000004 11.902740000000001 59.999886666666676
endloop
endfacet
facet normal -0.8577444718053187 0.5140762794444178 0
outer loop
vertex -20.994713333333337 14.028040000000003 64.99990666666667
vertex -22.268480000000004 11.902740000000001 59.999886666666676
vertex -22.268480000000004 11.902740000000001 64.99990666666667
endloop
endfacet
facet normal -0.9039670654882352 0.42760208665602745 0
outer loop
vertex -22.268480000000004 11.902740000000001 64.99990666666667
vertex -22.268480000000004 11.902740000000001 59.999886666666676
vertex -23.32812666666667 9.662606666666667 59.999886666666676
endloop
endfacet
facet normal -0.9039670654882352 0.42760208665602745 0
outer loop
vertex -22.268480000000004 11.902740000000001 64.99990666666667
vertex -23.32812666666667 9.662606666666667 59.999886666666676
vertex -23.32812666666667 9.662606666666667 64.99990666666667
endloop
endfacet
facet normal -0.941570802033045 0.33681511955203036 0
outer loop
vertex -23.32812666666667 9.662606666666667 64.99990666666667
vertex -23.32812666666667 9.662606666666667 59.999886666666676
vertex -24.162700000000005 7.329546666666667 59.999886666666676
endloop
endfacet
facet normal -0.941570802033045 0.33681511955203036 0
outer loop
vertex -23.32812666666667 9.662606666666667 64.99990666666667
vertex -24.162700000000005 7.329546666666667 59.999886666666676
vertex -24.162700000000005 7.329546666666667 64.99990666666667
endloop
endfacet
facet normal -0.9700249438800098 0.24300536671148618 0
outer loop
vertex -24.162700000000005 7.329546666666667 64.99990666666667
vertex -24.162700000000005 7.329546666666667 59.999886666666676
vertex -24.764780000000002 4.926173333333334 59.999886666666676
endloop
endfacet
facet normal -0.9700249438800098 0.24300536671148618 0
outer loop
vertex -24.162700000000005 7.329546666666667 64.99990666666667
vertex -24.764780000000002 4.926173333333334 59.999886666666676
vertex -24.764780000000002 4.926173333333334 64.99990666666667
endloop
endfacet
facet normal -0.9891766495734788 0.14672953328688432 0
outer loop
vertex -24.764780000000002 4.926173333333334 64.99990666666667
vertex -24.764780000000002 4.926173333333334 59.999886666666676
vertex -25.128360000000004 2.4751000000000003 59.999886666666676
endloop
endfacet
facet normal -0.9891766495734788 0.14672953328688432 0
outer loop
vertex -24.764780000000002 4.926173333333334 64.99990666666667
vertex -25.128360000000004 2.4751000000000003 59.999886666666676
vertex -25.128360000000004 2.4751000000000003 64.99990666666667
endloop
endfacet
facet normal -0.998796389474015 0.04904867351592611 0
outer loop
vertex -25.128360000000004 2.4751000000000003 64.99990666666667
vertex -25.128360000000004 2.4751000000000003 59.999886666666676
vertex -25.24990666666667 0 59.999886666666676
endloop
endfacet
facet normal -0.998796389474015 0.04904867351592611 0
outer loop
vertex -25.128360000000004 2.4751000000000003 64.99990666666667
vertex -25.24990666666667 0 59.999886666666676
vertex -25.24990666666667 0 64.99990666666667
endloop
endfacet
facet normal -0.998796389474015 -0.04904867351592611 0
outer loop
vertex -25.24990666666667 0 64.99990666666667
vertex -25.24990666666667 0 59.999886666666676
vertex -25.128360000000004 -2.4751000000000003 59.999886666666676
endloop
endfacet
facet normal -0.998796389474015 -0.04904867351592611 0
outer loop
vertex -25.24990666666667 0 64.99990666666667
vertex -25.128360000000004 -2.4751000000000003 59.999886666666676
vertex -25.128360000000004 -2.4751000000000003 64.99990666666667
endloop
endfacet
facet normal -0.9891766495734788 -0.14672953328688432 0
outer loop
vertex -25.128360000000004 -2.4751000000000003 64.99990666666667
vertex -25.128360000000004 -2.4751000000000003 59.999886666666676
vertex -24.764780000000002 -4.926173333333334 59.999886666666676
endloop
endfacet
facet normal -0.9891766495734788 -0.14672953328688432 0
outer loop
vertex -25.128360000000004 -2.4751000000000003 64.99990666666667
vertex -24.764780000000002 -4.926173333333334 59.999886666666676
vertex -24.764780000000002 -4.926173333333334 64.99990666666667
endloop
endfacet
facet normal -0.9700249438800098 -0.24300536671148618 0
outer loop
vertex -24.764780000000002 -4.926173333333334 64.99990666666667
vertex -24.764780000000002 -4.926173333333334 59.999886666666676
vertex -24.162700000000005 -7.329546666666667 59.999886666666676
endloop
endfacet
facet normal -0.9700249438800098 -0.24300536671148618 0
outer loop
vertex -24.764780000000002 -4.926173333333334 64.99990666666667
vertex -24.162700000000005 -7.329546666666667 59.999886666666676
vertex -24.162700000000005 -7.329546666666667 64.99990666666667
endloop
endfacet
facet normal -0.941570802033045 -0.33681511955203036 0
outer loop
vertex -24.162700000000005 -7.329546666666667 64.99990666666667
vertex -24.162700000000005 -7.329546666666667 59.999886666666676
vertex -23.32812666666667 -9.662606666666667 59.999886666666676
endloop
endfacet
facet normal -0.941570802033045 -0.33681511955203036 0
outer loop
vertex -24.162700000000005 -7.329546666666667 64.99990666666667
vertex -23.32812666666667 -9.662606666666667 59.999886666666676
vertex -23.32812666666667 -9.662606666666667 64.99990666666667
endloop
endfacet
facet normal -0.9039670654882352 -0.42760208665602745 0
outer loop
vertex -23.32812666666667 -9.662606666666667 64.99990666666667
vertex -23.32812666666667 -9.662606666666667 59.999886666666676
vertex -22.268480000000004 -11.902740000000001 59.999886666666676
endloop
endfacet
facet normal -0.9039670654882352 -0.42760208665602745 0
outer loop
vertex -23.32812666666667 -9.662606666666667 64.99990666666667
vertex -22.268480000000004 -11.902740000000001 59.999886666666676
vertex -22.268480000000004 -11.902740000000001 64.99990666666667
endloop
endfacet
facet normal -0.8577444718053187 -0.5140762794444178 0
outer loop
vertex -22.268480000000004 -11.902740000000001 64.99990666666667
vertex -22.268480000000004 -11.902740000000001 59.999886666666676
vertex -20.994713333333337 -14.028040000000003 59.999886666666676
endloop
endfacet
facet normal -0.8577444718053187 -0.5140762794444178 0
outer loop
vertex -22.268480000000004 -11.902740000000001 64.99990666666667
vertex -20.994713333333337 -14.028040000000003 59.999886666666676
vertex -20.994713333333337 -14.028040000000003 64.99990666666667
endloop
endfacet
facet normal -0.8031882598417827 -0.5957252884109664 0
outer loop
vertex -20.994713333333337 -14.028040000000003 64.99990666666667
vertex -20.994713333333337 -14.028040000000003 59.999886666666676
vertex -19.518486666666668 -16.01836666666667 59.999886666666676
endloop
endfacet
facet normal -0.8031882598417827 -0.5957252884109664 0
outer loop
vertex -20.994713333333337 -14.028040000000003 64.99990666666667
vertex -19.518486666666668 -16.01836666666667 59.999886666666676
vertex -19.518486666666668 -16.01836666666667 64.99990666666667
endloop
endfacet
facet normal -0.7408971734830179 -0.6716184767417465 0.000004896020969984655
outer loop
vertex -18.84044 -16.766373333333334 62.50007333333334
vertex -19.148546666666668 -16.42646666666667 64.99990666666667
vertex -19.518486666666668 -16.01836666666667 64.99990666666667
endloop
endfacet
facet normal -0.7409053154956349 -0.6716094947737963 0
outer loop
vertex -18.84044 -16.766373333333334 62.50007333333334
vertex -19.518486666666668 -16.01836666666667 64.99990666666667
vertex -19.518486666666668 -16.01836666666667 59.999886666666676
endloop
endfacet
facet normal -0.7408971734830204 -0.6716184767417488 -0.000004895329050684229
outer loop
vertex -18.84044 -16.766373333333334 62.50007333333334
vertex -19.518486666666668 -16.01836666666667 59.999886666666676
vertex -19.148546666666668 -16.42646666666667 59.999886666666676
endloop
endfacet
facet normal -0.7409099698269606 -0.6716043601772212 -0.0000013992087862119319
outer loop
vertex -18.84044 -16.766373333333334 62.50007333333334
vertex -19.148546666666668 -16.42646666666667 59.999886666666676
vertex -17.85428666666667 -17.85428666666667 59.999886666666676
endloop
endfacet
facet normal -0.7409083697567467 -0.6716061253624777 0
outer loop
vertex -18.84044 -16.766373333333334 62.50007333333334
vertex -17.85428666666667 -17.85428666666667 59.999886666666676
vertex -17.85428666666667 -17.85428666666667 64.99990666666667
endloop
endfacet
facet normal -0.7409099698269602 -0.6716043601772209 0.000001399406554238249
outer loop
vertex -18.84044 -16.766373333333334 62.50007333333334
vertex -17.85428666666667 -17.85428666666667 64.99990666666667
vertex -19.148546666666668 -16.42646666666667 64.99990666666667
endloop
endfacet
facet normal -0.6716074981626888 -0.7409071253616433 0
outer loop
vertex -17.85428666666667 -17.85428666666667 64.99990666666667
vertex -17.85428666666667 -17.85428666666667 59.999886666666676
vertex -16.01836666666667 -19.518486666666668 59.999886666666676
endloop
endfacet
facet normal -0.6716074981626888 -0.7409071253616433 0
outer loop
vertex -17.85428666666667 -17.85428666666667 64.99990666666667
vertex -16.01836666666667 -19.518486666666668 59.999886666666676
vertex -16.01836666666667 -19.518486666666668 64.99990666666667
endloop
endfacet
facet normal -0.5957252884109664 -0.8031882598417827 0
outer loop
vertex -16.01836666666667 -19.518486666666668 64.99990666666667
vertex -16.01836666666667 -19.518486666666668 59.999886666666676
vertex -14.028040000000003 -20.994713333333337 59.999886666666676
endloop
endfacet
facet normal -0.5957252884109664 -0.8031882598417827 0
outer loop
vertex -16.01836666666667 -19.518486666666668 64.99990666666667
vertex -14.028040000000003 -20.994713333333337 59.999886666666676
vertex -14.028040000000003 -20.994713333333337 64.99990666666667
endloop
endfacet
facet normal -0.5140762794444178 -0.8577444718053187 0
outer loop
vertex -14.028040000000003 -20.994713333333337 64.99990666666667
vertex -14.028040000000003 -20.994713333333337 59.999886666666676
vertex -11.902740000000001 -22.268480000000004 59.999886666666676
endloop
endfacet
facet normal -0.5140762794444178 -0.8577444718053187 0
outer loop
vertex -14.028040000000003 -20.994713333333337 64.99990666666667
vertex -11.902740000000001 -22.268480000000004 59.999886666666676
vertex -11.902740000000001 -22.268480000000004 64.99990666666667
endloop
endfacet
facet normal -0.42760208665602745 -0.9039670654882352 0
outer loop
vertex -11.902740000000001 -22.268480000000004 64.99990666666667
vertex -11.902740000000001 -22.268480000000004 59.999886666666676
vertex -9.662606666666667 -23.32812666666667 59.999886666666676
endloop
endfacet
facet normal -0.42760208665602745 -0.9039670654882352 0
outer loop
vertex -11.902740000000001 -22.268480000000004 64.99990666666667
vertex -9.662606666666667 -23.32812666666667 59.999886666666676
vertex -9.662606666666667 -23.32812666666667 64.99990666666667
endloop
endfacet
facet normal -0.33681511955203036 -0.941570802033045 0
outer loop
vertex -9.662606666666667 -23.32812666666667 64.99990666666667
vertex -9.662606666666667 -23.32812666666667 59.999886666666676
vertex -7.329546666666667 -24.162700000000005 59.999886666666676
endloop
endfacet
facet normal -0.33681511955203036 -0.941570802033045 0
outer loop
vertex -9.662606666666667 -23.32812666666667 64.99990666666667
vertex -7.329546666666667 -24.162700000000005 59.999886666666676
vertex -7.329546666666667 -24.162700000000005 64.99990666666667
endloop
endfacet
facet normal -0.24300536671148618 -0.9700249438800098 0
outer loop
vertex -7.329546666666667 -24.162700000000005 64.99990666666667
vertex -7.329546666666667 -24.162700000000005 59.999886666666676
vertex -4.926173333333334 -24.764780000000002 59.999886666666676
endloop
endfacet
facet normal -0.24300536671148618 -0.9700249438800098 0
outer loop
vertex -7.329546666666667 -24.162700000000005 64.99990666666667
vertex -4.926173333333334 -24.764780000000002 59.999886666666676
vertex -4.926173333333334 -24.764780000000002 64.99990666666667
endloop
endfacet
facet normal -0.14672953328688432 -0.9891766495734788 0
outer loop
vertex -4.926173333333334 -24.764780000000002 64.99990666666667
vertex -4.926173333333334 -24.764780000000002 59.999886666666676
vertex -2.4751000000000003 -25.128360000000004 59.999886666666676
endloop
endfacet
facet normal -0.14672953328688432 -0.9891766495734788 0
outer loop
vertex -4.926173333333334 -24.764780000000002 64.99990666666667
vertex -2.4751000000000003 -25.128360000000004 59.999886666666676
vertex -2.4751000000000003 -25.128360000000004 64.99990666666667
endloop
endfacet
facet normal -0.04904867351592611 -0.998796389474015 0
outer loop
vertex -2.4751000000000003 -25.128360000000004 64.99990666666667
vertex -2.4751000000000003 -25.128360000000004 59.999886666666676
vertex 0 -25.24990666666667 59.999886666666676
endloop
endfacet
facet normal -0.04904867351592611 -0.998796389474015 0
outer loop
vertex -2.4751000000000003 -25.128360000000004 64.99990666666667
vertex 0 -25.24990666666667 59.999886666666676
vertex 0 -25.24990666666667 64.99990666666667
endloop
endfacet
facet normal 0.04904867351592611 -0.998796389474015 0
outer loop
vertex 0 -25.24990666666667 64.99990666666667
vertex 0 -25.24990666666667 59.999886666666676
vertex 2.4751000000000003 -25.128360000000004 59.999886666666676
endloop
endfacet
facet normal 0.04904867351592611 -0.998796389474015 0
outer loop
vertex 0 -25.24990666666667 64.99990666666667
vertex 2.4751000000000003 -25.128360000000004 59.999886666666676
vertex 2.4751000000000003 -25.128360000000004 64.99990666666667
endloop
endfacet
facet normal 0.14672953328688432 -0.9891766495734788 0
outer loop
vertex 2.4751000000000003 -25.128360000000004 64.99990666666667
vertex 2.4751000000000003 -25.128360000000004 59.999886666666676
vertex 4.926173333333334 -24.764780000000002 59.999886666666676
endloop
endfacet
facet normal 0.14672953328688432 -0.9891766495734788 0
outer loop
vertex 2.4751000000000003 -25.128360000000004 64.99990666666667
vertex 4.926173333333334 -24.764780000000002 59.999886666666676
vertex 4.926173333333334 -24.764780000000002 64.99990666666667
endloop
endfacet
facet normal 0.24300536671148618 -0.9700249438800098 0
outer loop
vertex 4.926173333333334 -24.764780000000002 64.99990666666667
vertex 4.926173333333334 -24.764780000000002 59.999886666666676
vertex 7.329546666666667 -24.162700000000005 59.999886666666676
endloop
endfacet
facet normal 0.24300536671148618 -0.9700249438800098 0
outer loop
vertex 4.926173333333334 -24.764780000000002 64.99990666666667
vertex 7.329546666666667 -24.162700000000005 59.999886666666676
vertex 7.329546666666667 -24.162700000000005 64.99990666666667
endloop
endfacet
facet normal 0.33681511955203036 -0.941570802033045 0
outer loop
vertex 7.329546666666667 -24.162700000000005 64.99990666666667
vertex 7.329546666666667 -24.162700000000005 59.999886666666676
vertex 9.662606666666667 -23.32812666666667 59.999886666666676
endloop
endfacet
facet normal 0.33681511955203036 -0.941570802033045 0
outer loop
vertex 7.329546666666667 -24.162700000000005 64.99990666666667
vertex 9.662606666666667 -23.32812666666667 59.999886666666676
vertex 9.662606666666667 -23.32812666666667 64.99990666666667
endloop
endfacet
facet normal 0.42760208665602745 -0.9039670654882352 0
outer loop
vertex 9.662606666666667 -23.32812666666667 64.99990666666667
vertex 9.662606666666667 -23.32812666666667 59.999886666666676
vertex 11.902740000000001 -22.268480000000004 59.999886666666676
endloop
endfacet
facet normal 0.42760208665602745 -0.9039670654882352 0
outer loop
vertex 9.662606666666667 -23.32812666666667 64.99990666666667
vertex 11.902740000000001 -22.268480000000004 59.999886666666676
vertex 11.902740000000001 -22.268480000000004 64.99990666666667
endloop
endfacet
facet normal 0.5140762794444178 -0.8577444718053187 0
outer loop
vertex 11.902740000000001 -22.268480000000004 64.99990666666667
vertex 11.902740000000001 -22.268480000000004 59.999886666666676
vertex 14.028040000000003 -20.994713333333337 59.999886666666676
endloop
endfacet
facet normal 0.5140762794444178 -0.8577444718053187 0
outer loop
vertex 11.902740000000001 -22.268480000000004 64.99990666666667
vertex 14.028040000000003 -20.994713333333337 59.999886666666676
vertex 14.028040000000003 -20.994713333333337 64.99990666666667
endloop
endfacet
facet normal 0.5957252884109664 -0.8031882598417827 0
outer loop
vertex 14.028040000000003 -20.994713333333337 64.99990666666667
vertex 14.028040000000003 -20.994713333333337 59.999886666666676
vertex 16.01836666666667 -19.518486666666668 59.999886666666676
endloop
endfacet
facet normal 0.5957252884109664 -0.8031882598417827 0
outer loop
vertex 14.028040000000003 -20.994713333333337 64.99990666666667
vertex 16.01836666666667 -19.518486666666668 59.999886666666676
vertex 16.01836666666667 -19.518486666666668 64.99990666666667
endloop
endfacet
facet normal 0.6716074981626888 -0.7409071253616433 0
outer loop
vertex 16.01836666666667 -19.518486666666668 64.99990666666667
vertex 16.01836666666667 -19.518486666666668 59.999886666666676
vertex 17.85428666666667 -17.85428666666667 59.999886666666676
endloop
endfacet
facet normal 0.6716074981626888 -0.7409071253616433 0
outer loop
vertex 16.01836666666667 -19.518486666666668 64.99990666666667
vertex 17.85428666666667 -17.85428666666667 59.999886666666676
vertex 17.85428666666667 -17.85428666666667 64.99990666666667
endloop
endfacet
facet normal 0.7409099698269602 -0.6716043601772209 0.000001399406554238249
outer loop
vertex 18.84044 -16.766373333333334 62.50007333333334
vertex 19.148546666666668 -16.42646666666667 64.99990666666667
vertex 17.85428666666667 -17.85428666666667 64.99990666666667
endloop
endfacet
facet normal 0.7409083697567467 -0.6716061253624777 0
outer loop
vertex 18.84044 -16.766373333333334 62.50007333333334
vertex 17.85428666666667 -17.85428666666667 64.99990666666667
vertex 17.85428666666667 -17.85428666666667 59.999886666666676
endloop
endfacet
facet normal 0.7409099698269606 -0.6716043601772212 -0.0000013992087862119319
outer loop
vertex 18.84044 -16.766373333333334 62.50007333333334
vertex 17.85428666666667 -17.85428666666667 59.999886666666676
vertex 19.148546666666668 -16.42646666666667 59.999886666666676
endloop
endfacet
facet normal 0.7408971734830204 -0.6716184767417488 -0.000004895329050684229
outer loop
vertex 18.84044 -16.766373333333334 62.50007333333334
vertex 19.148546666666668 -16.42646666666667 59.999886666666676
vertex 19.518486666666668 -16.01836666666667 59.999886666666676
endloop
endfacet
facet normal 0.7409053154956349 -0.6716094947737963 0
outer loop
vertex 18.84044 -16.766373333333334 62.50007333333334
vertex 19.518486666666668 -16.01836666666667 59.999886666666676
vertex 19.518486666666668 -16.01836666666667 64.99990666666667
endloop
endfacet
facet normal 0.7408971734830179 -0.6716184767417465 0.000004896020969984655
outer loop
vertex 18.84044 -16.766373333333334 62.50007333333334
vertex 19.518486666666668 -16.01836666666667 64.99990666666667
vertex 19.148546666666668 -16.42646666666667 64.99990666666667
endloop
endfacet
facet normal 0.8031882598417827 -0.5957252884109664 0
outer loop
vertex 19.518486666666668 -16.01836666666667 64.99990666666667
vertex 19.518486666666668 -16.01836666666667 59.999886666666676
vertex 20.994713333333337 -14.028040000000003 59.999886666666676
endloop
endfacet
facet normal 0.8031882598417827 -0.5957252884109664 0
outer loop
vertex 19.518486666666668 -16.01836666666667 64.99990666666667
vertex 20.994713333333337 -14.028040000000003 59.999886666666676
vertex 20.994713333333337 -14.028040000000003 64.99990666666667
endloop
endfacet
facet normal 0.8577444718053187 -0.5140762794444178 0
outer loop
vertex 20.994713333333337 -14.028040000000003 64.99990666666667
vertex 20.994713333333337 -14.028040000000003 59.999886666666676
vertex 22.268480000000004 -11.902740000000001 59.999886666666676
endloop
endfacet
facet normal 0.8577444718053187 -0.5140762794444178 0
outer loop
vertex 20.994713333333337 -14.028040000000003 64.99990666666667
vertex 22.268480000000004 -11.902740000000001 59.999886666666676
vertex 22.268480000000004 -11.902740000000001 64.99990666666667
endloop
endfacet
facet normal 0.9039670654882352 -0.42760208665602745 0
outer loop
vertex 22.268480000000004 -11.902740000000001 64.99990666666667
vertex 22.268480000000004 -11.902740000000001 59.999886666666676
vertex 23.32812666666667 -9.662606666666667 59.999886666666676
endloop
endfacet
facet normal 0.9039670654882352 -0.42760208665602745 0
outer loop
vertex 22.268480000000004 -11.902740000000001 64.99990666666667
vertex 23.32812666666667 -9.662606666666667 59.999886666666676
vertex 23.32812666666667 -9.662606666666667 64.99990666666667
endloop
endfacet
facet normal 0.941570802033045 -0.33681511955203036 0
outer loop
vertex 23.32812666666667 -9.662606666666667 64.99990666666667
vertex 23.32812666666667 -9.662606666666667 59.999886666666676
vertex 24.162700000000005 -7.329546666666667 59.999886666666676
endloop
endfacet
facet normal 0.941570802033045 -0.33681511955203036 0
outer loop
vertex 23.32812666666667 -9.662606666666667 64.99990666666667
vertex 24.162700000000005 -7.329546666666667 59.999886666666676
vertex 24.162700000000005 -7.329546666666667 64.99990666666667
endloop
endfacet
facet normal 0.9700249438800098 -0.24300536671148618 0
outer loop
vertex 24.162700000000005 -7.329546666666667 64.99990666666667
vertex 24.162700000000005 -7.329546666666667 59.999886666666676
vertex 24.764780000000002 -4.926173333333334 59.999886666666676
endloop
endfacet
facet normal 0.9700249438800098 -0.24300536671148618 0
outer loop
vertex 24.162700000000005 -7.329546666666667 64.99990666666667
vertex 24.764780000000002 -4.926173333333334 59.999886666666676
vertex 24.764780000000002 -4.926173333333334 64.99990666666667
endloop
endfacet
facet normal 0.9891766495734788 -0.14672953328688432 0
outer loop
vertex 24.764780000000002 -4.926173333333334 64.99990666666667
vertex 24.764780000000002 -4.926173333333334 59.999886666666676
vertex 25.128360000000004 -2.4751000000000003 59.999886666666676
endloop
endfacet
facet normal 0.9891766495734788 -0.14672953328688432 0
outer loop
vertex 24.764780000000002 -4.926173333333334 64.99990666666667
vertex 25.128360000000004 -2.4751000000000003 59.999886666666676
vertex 25.128360000000004 -2.4751000000000003 64.99990666666667
endloop
endfacet
facet normal 0.998796389474015 -0.04904867351592611 0
outer loop
vertex 25.128360000000004 -2.4751000000000003 64.99990666666667
vertex 25.128360000000004 -2.4751000000000003 59.999886666666676
vertex 25.24990666666667 0 59.999886666666676
endloop
endfacet
facet normal 0.998796389474015 -0.04904867351592611 0
outer loop
vertex 25.128360000000004 -2.4751000000000003 64.99990666666667
vertex 25.24990666666667 0 59.999886666666676
vertex 25.24990666666667 0 64.99990666666667
endloop
endfacet
facet normal -0.9987921556109212 -0.049134813422760236 0
outer loop
vertex 21.147706666666668 2.0829000000000004 64.99990666666667
vertex 21.147706666666668 2.0829000000000004 59.999886666666676
vertex 21.250173333333336 0 59.999886666666676
endloop
endfacet
facet normal -0.9987921556109212 -0.049134813422760236 0
outer loop
vertex 21.147706666666668 2.0829000000000004 64.99990666666667
vertex 21.250173333333336 0 59.999886666666676
vertex 21.250173333333336 0 64.99990666666667
endloop
endfacet
facet normal -0.9891761532529578 -0.14673287919100017 0
outer loop
vertex 20.841720000000002 4.14566 64.99990666666667
vertex 20.841720000000002 4.14566 59.999886666666676
vertex 21.147706666666668 2.0829000000000004 59.999886666666676
endloop
endfacet
facet normal -0.9891761532529578 -0.14673287919100017 0
outer loop
vertex 20.841720000000002 4.14566 64.99990666666667
vertex 21.147706666666668 2.0829000000000004 59.999886666666676
vertex 21.147706666666668 2.0829000000000004 64.99990666666667
endloop
endfacet
facet normal -0.9700327646475514 -0.24297414576499332 0
outer loop
vertex 20.335040000000003 6.168493333333334 64.99990666666667
vertex 20.335040000000003 6.168493333333334 59.999886666666676
vertex 20.841720000000002 4.14566 59.999886666666676
endloop
endfacet
facet normal -0.9700327646475514 -0.24297414576499332 0
outer loop
vertex 20.335040000000003 6.168493333333334 64.99990666666667
vertex 20.841720000000002 4.14566 59.999886666666676
vertex 20.841720000000002 4.14566 64.99990666666667
endloop
endfacet
facet normal -0.9415616058707991 -0.33684082642993546 0
outer loop
vertex 19.632613333333335 8.131966666666667 64.99990666666667
vertex 19.632613333333335 8.131966666666667 59.999886666666676
vertex 20.335040000000003 6.168493333333334 59.999886666666676
endloop
endfacet
facet normal -0.9415616058707991 -0.33684082642993546 0
outer loop
vertex 19.632613333333335 8.131966666666667 64.99990666666667
vertex 20.335040000000003 6.168493333333334 59.999886666666676
vertex 20.335040000000003 6.168493333333334 64.99990666666667
endloop
endfacet
facet normal -0.9039722710475784 -0.4275910817323993 0
outer loop
vertex 18.740800000000004 10.017353333333334 64.99990666666667
vertex 18.740800000000004 10.017353333333334 59.999886666666676
vertex 19.632613333333335 8.131966666666667 59.999886666666676
endloop
endfacet
facet normal -0.9039722710475784 -0.4275910817323993 0
outer loop
vertex 18.740800000000004 10.017353333333334 64.99990666666667
vertex 19.632613333333335 8.131966666666667 59.999886666666676
vertex 19.632613333333335 8.131966666666667 64.99990666666667
endloop
endfacet
facet normal -0.8577320499029091 -0.5140970050188518 0
outer loop
vertex 17.66878666666667 11.805926666666668 64.99990666666667
vertex 17.66878666666667 11.805926666666668 59.999886666666676
vertex 18.740800000000004 10.017353333333334 59.999886666666676
endloop
endfacet
facet normal -0.8577320499029091 -0.5140970050188518 0
outer loop
vertex 17.66878666666667 11.805926666666668 64.99990666666667
vertex 18.740800000000004 10.017353333333334 59.999886666666676
vertex 18.740800000000004 10.017353333333334 64.99990666666667
endloop
endfacet
facet normal -0.8031607973674855 -0.5957623129839829 0
outer loop
vertex 16.42646666666667 13.480726666666667 64.99990666666667
vertex 16.42646666666667 13.480726666666667 59.999886666666676
vertex 17.66878666666667 11.805926666666668 59.999886666666676
endloop
endfacet
facet normal -0.8031607973674855 -0.5957623129839829 0
outer loop
vertex 16.42646666666667 13.480726666666667 64.99990666666667
vertex 17.66878666666667 11.805926666666668 59.999886666666676
vertex 17.66878666666667 11.805926666666668 64.99990666666667
endloop
endfacet
facet normal -0.7409052756719087 -0.6716095387064817 0
outer loop
vertex 15.025853333333336 15.025853333333336 64.99990666666667
vertex 15.025853333333336 15.025853333333336 59.999886666666676
vertex 16.42646666666667 13.480726666666667 59.999886666666676
endloop
endfacet
facet normal -0.7409052756719087 -0.6716095387064817 0
outer loop
vertex 15.025853333333336 15.025853333333336 64.99990666666667
vertex 16.42646666666667 13.480726666666667 59.999886666666676
vertex 16.42646666666667 13.480726666666667 64.99990666666667
endloop
endfacet
facet normal -0.6716095387064817 -0.7409052756719087 0
outer loop
vertex 13.480726666666667 16.42646666666667 64.99990666666667
vertex 13.480726666666667 16.42646666666667 59.999886666666676
vertex 15.025853333333336 15.025853333333336 59.999886666666676
endloop
endfacet
facet normal -0.6716095387064817 -0.7409052756719087 0
outer loop
vertex 13.480726666666667 16.42646666666667 64.99990666666667
vertex 15.025853333333336 15.025853333333336 59.999886666666676
vertex 15.025853333333336 15.025853333333336 64.99990666666667
endloop
endfacet
facet normal -0.5957623129839829 -0.8031607973674855 0
outer loop
vertex 11.805926666666668 17.66878666666667 64.99990666666667
vertex 11.805926666666668 17.66878666666667 59.999886666666676
vertex 13.480726666666667 16.42646666666667 59.999886666666676
endloop
endfacet
facet normal -0.5957623129839829 -0.8031607973674855 0
outer loop
vertex 11.805926666666668 17.66878666666667 64.99990666666667
vertex 13.480726666666667 16.42646666666667 59.999886666666676
vertex 13.480726666666667 16.42646666666667 64.99990666666667
endloop
endfacet
facet normal -0.5140970050188518 -0.8577320499029091 0
outer loop
vertex 10.017353333333334 18.740800000000004 64.99990666666667
vertex 10.017353333333334 18.740800000000004 59.999886666666676
vertex 11.805926666666668 17.66878666666667 59.999886666666676
endloop
endfacet
facet normal -0.5140970050188518 -0.8577320499029091 0
outer loop
vertex 10.017353333333334 18.740800000000004 64.99990666666667
vertex 11.805926666666668 17.66878666666667 59.999886666666676
vertex 11.805926666666668 17.66878666666667 64.99990666666667
endloop
endfacet
facet normal -0.4275910817323993 -0.9039722710475784 0
outer loop
vertex 8.131966666666667 19.632613333333335 64.99990666666667
vertex 8.131966666666667 19.632613333333335 59.999886666666676
vertex 10.017353333333334 18.740800000000004 59.999886666666676
endloop
endfacet
facet normal -0.4275910817323993 -0.9039722710475784 0
outer loop
vertex 8.131966666666667 19.632613333333335 64.99990666666667
vertex 10.017353333333334 18.740800000000004 59.999886666666676
vertex 10.017353333333334 18.740800000000004 64.99990666666667
endloop
endfacet
facet normal -0.33684082642993546 -0.9415616058707991 0
outer loop
vertex 6.168493333333334 20.335040000000003 64.99990666666667
vertex 6.168493333333334 20.335040000000003 59.999886666666676
vertex 8.131966666666667 19.632613333333335 59.999886666666676
endloop
endfacet
facet normal -0.33684082642993546 -0.9415616058707991 0
outer loop
vertex 6.168493333333334 20.335040000000003 64.99990666666667
vertex 8.131966666666667 19.632613333333335 59.999886666666676
vertex 8.131966666666667 19.632613333333335 64.99990666666667
endloop
endfacet
facet normal -0.24297414576499332 -0.9700327646475514 0
outer loop
vertex 4.14566 20.841720000000002 64.99990666666667
vertex 4.14566 20.841720000000002 59.999886666666676
vertex 6.168493333333334 20.335040000000003 59.999886666666676
endloop
endfacet
facet normal -0.24297414576499332 -0.9700327646475514 0
outer loop
vertex 4.14566 20.841720000000002 64.99990666666667
vertex 6.168493333333334 20.335040000000003 59.999886666666676
vertex 6.168493333333334 20.335040000000003 64.99990666666667
endloop
endfacet
facet normal -0.14673287919100017 -0.9891761532529578 0
outer loop
vertex 2.0829000000000004 21.147706666666668 64.99990666666667
vertex 2.0829000000000004 21.147706666666668 59.999886666666676
vertex 4.14566 20.841720000000002 59.999886666666676
endloop
endfacet
facet normal -0.14673287919100017 -0.9891761532529578 0
outer loop
vertex 2.0829000000000004 21.147706666666668 64.99990666666667
vertex 4.14566 20.841720000000002 59.999886666666676
vertex 4.14566 20.841720000000002 64.99990666666667
endloop
endfacet
facet normal -0.049134813422760236 -0.9987921556109212 0
outer loop
vertex 0 21.250173333333336 64.99990666666667
vertex 0 21.250173333333336 59.999886666666676
vertex 2.0829000000000004 21.147706666666668 59.999886666666676
endloop
endfacet
facet normal -0.049134813422760236 -0.9987921556109212 0
outer loop
vertex 0 21.250173333333336 64.99990666666667
vertex 2.0829000000000004 21.147706666666668 59.999886666666676
vertex 2.0829000000000004 21.147706666666668 64.99990666666667
endloop
endfacet
facet normal 0.049134813422760236 -0.9987921556109212 0
outer loop
vertex -2.0829000000000004 21.147706666666668 64.99990666666667
vertex -2.0829000000000004 21.147706666666668 59.999886666666676
vertex 0 21.250173333333336 59.999886666666676
endloop
endfacet
facet normal 0.049134813422760236 -0.9987921556109212 0
outer loop
vertex -2.0829000000000004 21.147706666666668 64.99990666666667
vertex 0 21.250173333333336 59.999886666666676
vertex 0 21.250173333333336 64.99990666666667
endloop
endfacet
facet normal 0.14673287919100017 -0.9891761532529578 0
outer loop
vertex -4.14566 20.841720000000002 64.99990666666667
vertex -4.14566 20.841720000000002 59.999886666666676
vertex -2.0829000000000004 21.147706666666668 59.999886666666676
endloop
endfacet
facet normal 0.14673287919100017 -0.9891761532529578 0
outer loop
vertex -4.14566 20.841720000000002 64.99990666666667
vertex -2.0829000000000004 21.147706666666668 59.999886666666676
vertex -2.0829000000000004 21.147706666666668 64.99990666666667
endloop
endfacet
facet normal 0.24297414576499332 -0.9700327646475514 0
outer loop
vertex -6.168493333333334 20.335040000000003 64.99990666666667
vertex -6.168493333333334 20.335040000000003 59.999886666666676
vertex -4.14566 20.841720000000002 59.999886666666676
endloop
endfacet
facet normal 0.24297414576499332 -0.9700327646475514 0
outer loop
vertex -6.168493333333334 20.335040000000003 64.99990666666667
vertex -4.14566 20.841720000000002 59.999886666666676
vertex -4.14566 20.841720000000002 64.99990666666667
endloop
endfacet
facet normal 0.33684082642993546 -0.9415616058707991 0
outer loop
vertex -8.131966666666667 19.632613333333335 64.99990666666667
vertex -8.131966666666667 19.632613333333335 59.999886666666676
vertex -6.168493333333334 20.335040000000003 59.999886666666676
endloop
endfacet
facet normal 0.33684082642993546 -0.9415616058707991 0
outer loop
vertex -8.131966666666667 19.632613333333335 64.99990666666667
vertex -6.168493333333334 20.335040000000003 59.999886666666676
vertex -6.168493333333334 20.335040000000003 64.99990666666667
endloop
endfacet
facet normal 0.4275910817323993 -0.9039722710475784 0
outer loop
vertex -10.017353333333334 18.740800000000004 64.99990666666667
vertex -10.017353333333334 18.740800000000004 59.999886666666676
vertex -8.131966666666667 19.632613333333335 59.999886666666676
endloop
endfacet
facet normal 0.4275910817323993 -0.9039722710475784 0
outer loop
vertex -10.017353333333334 18.740800000000004 64.99990666666667
vertex -8.131966666666667 19.632613333333335 59.999886666666676
vertex -8.131966666666667 19.632613333333335 64.99990666666667
endloop
endfacet
facet normal 0.5140970050188518 -0.8577320499029091 0
outer loop
vertex -11.805926666666668 17.66878666666667 64.99990666666667
vertex -11.805926666666668 17.66878666666667 59.999886666666676
vertex -10.017353333333334 18.740800000000004 59.999886666666676
endloop
endfacet
facet normal 0.5140970050188518 -0.8577320499029091 0
outer loop
vertex -11.805926666666668 17.66878666666667 64.99990666666667
vertex -10.017353333333334 18.740800000000004 59.999886666666676
vertex -10.017353333333334 18.740800000000004 64.99990666666667
endloop
endfacet
facet normal 0.5957623129839829 -0.8031607973674855 0
outer loop
vertex -13.480726666666667 16.42646666666667 64.99990666666667
vertex -13.480726666666667 16.42646666666667 59.999886666666676
vertex -11.805926666666668 17.66878666666667 59.999886666666676
endloop
endfacet
facet normal 0.5957623129839829 -0.8031607973674855 0
outer loop
vertex -13.480726666666667 16.42646666666667 64.99990666666667
vertex -11.805926666666668 17.66878666666667 59.999886666666676
vertex -11.805926666666668 17.66878666666667 64.99990666666667
endloop
endfacet
facet normal 0.6716095387064817 -0.7409052756719087 0
outer loop
vertex -15.025853333333336 15.025853333333336 64.99990666666667
vertex -15.025853333333336 15.025853333333336 59.999886666666676
vertex -13.480726666666667 16.42646666666667 59.999886666666676
endloop
endfacet
facet normal 0.6716095387064817 -0.7409052756719087 0
outer loop
vertex -15.025853333333336 15.025853333333336 64.99990666666667
vertex -13.480726666666667 16.42646666666667 59.999886666666676
vertex -13.480726666666667 16.42646666666667 64.99990666666667
endloop
endfacet
facet normal 0.7409052756719087 -0.6716095387064817 0
outer loop
vertex -16.42646666666667 13.480726666666667 64.99990666666667
vertex -16.42646666666667 13.480726666666667 59.999886666666676
vertex -15.025853333333336 15.025853333333336 59.999886666666676
endloop
endfacet
facet normal 0.7409052756719087 -0.6716095387064817 0
outer loop
vertex -16.42646666666667 13.480726666666667 64.99990666666667
vertex -15.025853333333336 15.025853333333336 59.999886666666676
vertex -15.025853333333336 15.025853333333336 64.99990666666667
endloop
endfacet
facet normal 0.8031607973674855 -0.5957623129839829 0
outer loop
vertex -17.66878666666667 11.805926666666668 64.99990666666667
vertex -17.66878666666667 11.805926666666668 59.999886666666676
vertex -16.42646666666667 13.480726666666667 59.999886666666676
endloop
endfacet
facet normal 0.8031607973674855 -0.5957623129839829 0
outer loop
vertex -17.66878666666667 11.805926666666668 64.99990666666667
vertex -16.42646666666667 13.480726666666667 59.999886666666676
vertex -16.42646666666667 13.480726666666667 64.99990666666667
endloop
endfacet
facet normal 0.8577320499029091 -0.5140970050188518 0
outer loop
vertex -18.740800000000004 10.017353333333334 64.99990666666667
vertex -18.740800000000004 10.017353333333334 59.999886666666676
vertex -17.66878666666667 11.805926666666668 59.999886666666676
endloop
endfacet
facet normal 0.8577320499029091 -0.5140970050188518 0
outer loop
vertex -18.740800000000004 10.017353333333334 64.99990666666667
vertex -17.66878666666667 11.805926666666668 59.999886666666676
vertex -17.66878666666667 11.805926666666668 64.99990666666667
endloop
endfacet
facet normal 0.9039722710475784 -0.4275910817323993 0
outer loop
vertex -19.632613333333335 8.131966666666667 64.99990666666667
vertex -19.632613333333335 8.131966666666667 59.999886666666676
vertex -18.740800000000004 10.017353333333334 59.999886666666676
endloop
endfacet
facet normal 0.9039722710475784 -0.4275910817323993 0
outer loop
vertex -19.632613333333335 8.131966666666667 64.99990666666667
vertex -18.740800000000004 10.017353333333334 59.999886666666676
vertex -18.740800000000004 10.017353333333334 64.99990666666667
endloop
endfacet
facet normal 0.9415616058707991 -0.33684082642993546 0
outer loop
vertex -20.335040000000003 6.168493333333334 64.99990666666667
vertex -20.335040000000003 6.168493333333334 59.999886666666676
vertex -19.632613333333335 8.131966666666667 59.999886666666676
endloop
endfacet
facet normal 0.9415616058707991 -0.33684082642993546 0
outer loop
vertex -20.335040000000003 6.168493333333334 64.99990666666667
vertex -19.632613333333335 8.131966666666667 59.999886666666676
vertex -19.632613333333335 8.131966666666667 64.99990666666667
endloop
endfacet
facet normal 0.9700327646475514 -0.24297414576499332 0
outer loop
vertex -20.841720000000002 4.14566 64.99990666666667
vertex -20.841720000000002 4.14566 59.999886666666676
vertex -20.335040000000003 6.168493333333334 59.999886666666676
endloop
endfacet
facet normal 0.9700327646475514 -0.24297414576499332 0
outer loop
vertex -20.841720000000002 4.14566 64.99990666666667
vertex -20.335040000000003 6.168493333333334 59.999886666666676
vertex -20.335040000000003 6.168493333333334 64.99990666666667
endloop
endfacet
facet normal 0.9891761532529578 -0.14673287919100017 0
outer loop
vertex -21.147706666666668 2.0829000000000004 64.99990666666667
vertex -21.147706666666668 2.0829000000000004 59.999886666666676
vertex -20.841720000000002 4.14566 59.999886666666676
endloop
endfacet
facet normal 0.9891761532529578 -0.14673287919100017 0
outer loop
vertex -21.147706666666668 2.0829000000000004 64.99990666666667
vertex -20.841720000000002 4.14566 59.999886666666676
vertex -20.841720000000002 4.14566 64.99990666666667
endloop
endfacet
facet normal 0.9987921556109212 -0.049134813422760236 0
outer loop
vertex -21.250173333333336 0 64.99990666666667
vertex -21.250173333333336 0 59.999886666666676
vertex -21.147706666666668 2.0829000000000004 59.999886666666676
endloop
endfacet
facet normal 0.9987921556109212 -0.049134813422760236 0
outer loop
vertex -21.250173333333336 0 64.99990666666667
vertex -21.147706666666668 2.0829000000000004 59.999886666666676
vertex -21.147706666666668 2.0829000000000004 64.99990666666667
endloop
endfacet
facet normal 0.9987921556109212 0.049134813422760236 0
outer loop
vertex -21.147706666666668 -2.0829000000000004 64.99990666666667
vertex -21.147706666666668 -2.0829000000000004 59.999886666666676
vertex -21.250173333333336 0 59.999886666666676
endloop
endfacet
facet normal 0.9987921556109212 0.049134813422760236 0
outer loop
vertex -21.147706666666668 -2.0829000000000004 64.99990666666667
vertex -21.250173333333336 0 59.999886666666676
vertex -21.250173333333336 0 64.99990666666667
endloop
endfacet
facet normal 0.9891761532529578 0.14673287919100017 0
outer loop
vertex -20.841720000000002 -4.14566 64.99990666666667
vertex -20.841720000000002 -4.14566 59.999886666666676
vertex -21.147706666666668 -2.0829000000000004 59.999886666666676
endloop
endfacet
facet normal 0.9891761532529578 0.14673287919100017 0
outer loop
vertex -20.841720000000002 -4.14566 64.99990666666667
vertex -21.147706666666668 -2.0829000000000004 59.999886666666676
vertex -21.147706666666668 -2.0829000000000004 64.99990666666667
endloop
endfacet
facet normal 0.9700327646475514 0.24297414576499332 0
outer loop
vertex -20.335040000000003 -6.168493333333334 64.99990666666667
vertex -20.335040000000003 -6.168493333333334 59.999886666666676
vertex -20.841720000000002 -4.14566 59.999886666666676
endloop
endfacet
facet normal 0.9700327646475514 0.24297414576499332 0
outer loop
vertex -20.335040000000003 -6.168493333333334 64.99990666666667
vertex -20.841720000000002 -4.14566 59.999886666666676
vertex -20.841720000000002 -4.14566 64.99990666666667
endloop
endfacet
facet normal 0.9415616058707991 0.33684082642993546 0
outer loop
vertex -19.632613333333335 -8.131966666666667 64.99990666666667
vertex -19.632613333333335 -8.131966666666667 59.999886666666676
vertex -20.335040000000003 -6.168493333333334 59.999886666666676
endloop
endfacet
facet normal 0.9415616058707991 0.33684082642993546 0
outer loop
vertex -19.632613333333335 -8.131966666666667 64.99990666666667
vertex -20.335040000000003 -6.168493333333334 59.999886666666676
vertex -20.335040000000003 -6.168493333333334 64.99990666666667
endloop
endfacet
facet normal 0.9039722710475784 0.4275910817323993 0
outer loop
vertex -18.740800000000004 -10.017353333333334 64.99990666666667
vertex -18.740800000000004 -10.017353333333334 59.999886666666676
vertex -19.632613333333335 -8.131966666666667 59.999886666666676
endloop
endfacet
facet normal 0.9039722710475784 0.4275910817323993 0
outer loop
vertex -18.740800000000004 -10.017353333333334 64.99990666666667
vertex -19.632613333333335 -8.131966666666667 59.999886666666676
vertex -19.632613333333335 -8.131966666666667 64.99990666666667
endloop
endfacet
facet normal 0.8577320499029091 0.5140970050188518 0
outer loop
vertex -17.66878666666667 -11.805926666666668 64.99990666666667
vertex -17.66878666666667 -11.805926666666668 59.999886666666676
vertex -18.740800000000004 -10.017353333333334 59.999886666666676
endloop
endfacet
facet normal 0.8577320499029091 0.5140970050188518 0
outer loop
vertex -17.66878666666667 -11.805926666666668 64.99990666666667
vertex -18.740800000000004 -10.017353333333334 59.999886666666676
vertex -18.740800000000004 -10.017353333333334 64.99990666666667
endloop
endfacet
facet normal 0.8031607973674855 0.5957623129839829 0
outer loop
vertex -16.42646666666667 -13.480726666666667 64.99990666666667
vertex -16.42646666666667 -13.480726666666667 59.999886666666676
vertex -17.66878666666667 -11.805926666666668 59.999886666666676
endloop
endfacet
facet normal 0.8031607973674855 0.5957623129839829 0
outer loop
vertex -16.42646666666667 -13.480726666666667 64.99990666666667
vertex -17.66878666666667 -11.805926666666668 59.999886666666676
vertex -17.66878666666667 -11.805926666666668 64.99990666666667
endloop
endfacet
facet normal 0.7409052756719087 0.6716095387064817 0
outer loop
vertex -15.025853333333336 -15.025853333333336 64.99990666666667
vertex -15.025853333333336 -15.025853333333336 59.999886666666676
vertex -16.42646666666667 -13.480726666666667 59.999886666666676
endloop
endfacet
facet normal 0.7409052756719087 0.6716095387064817 0
outer loop
vertex -15.025853333333336 -15.025853333333336 64.99990666666667
vertex -16.42646666666667 -13.480726666666667 59.999886666666676
vertex -16.42646666666667 -13.480726666666667 64.99990666666667
endloop
endfacet
facet normal 0.6716095387064817 0.7409052756719087 0
outer loop
vertex -13.480726666666667 -16.42646666666667 64.99990666666667
vertex -13.480726666666667 -16.42646666666667 59.999886666666676
vertex -15.025853333333336 -15.025853333333336 59.999886666666676
endloop
endfacet
facet normal 0.6716095387064817 0.7409052756719087 0
outer loop
vertex -13.480726666666667 -16.42646666666667 64.99990666666667
vertex -15.025853333333336 -15.025853333333336 59.999886666666676
vertex -15.025853333333336 -15.025853333333336 64.99990666666667
endloop
endfacet
facet normal 0.5957623129839829 0.8031607973674855 0
outer loop
vertex -11.805926666666668 -17.66878666666667 64.99990666666667
vertex -11.805926666666668 -17.66878666666667 59.999886666666676
vertex -13.480726666666667 -16.42646666666667 59.999886666666676
endloop
endfacet
facet normal 0.5957623129839829 0.8031607973674855 0
outer loop
vertex -11.805926666666668 -17.66878666666667 64.99990666666667
vertex -13.480726666666667 -16.42646666666667 59.999886666666676
vertex -13.480726666666667 -16.42646666666667 64.99990666666667
endloop
endfacet
facet normal 0.5140970050188518 0.8577320499029091 0
outer loop
vertex -10.017353333333334 -18.740800000000004 64.99990666666667
vertex -10.017353333333334 -18.740800000000004 59.999886666666676
vertex -11.805926666666668 -17.66878666666667 59.999886666666676
endloop
endfacet
facet normal 0.5140970050188518 0.8577320499029091 0
outer loop
vertex -10.017353333333334 -18.740800000000004 64.99990666666667
vertex -11.805926666666668 -17.66878666666667 59.999886666666676
vertex -11.805926666666668 -17.66878666666667 64.99990666666667
endloop
endfacet
facet normal 0.4275910817323993 0.9039722710475784 0
outer loop
vertex -8.131966666666667 -19.632613333333335 64.99990666666667
vertex -8.131966666666667 -19.632613333333335 59.999886666666676
vertex -10.017353333333334 -18.740800000000004 59.999886666666676
endloop
endfacet
facet normal 0.4275910817323993 0.9039722710475784 0
outer loop
vertex -8.131966666666667 -19.632613333333335 64.99990666666667
vertex -10.017353333333334 -18.740800000000004 59.999886666666676
vertex -10.017353333333334 -18.740800000000004 64.99990666666667
endloop
endfacet
facet normal 0.33684082642993546 0.9415616058707991 0
outer loop
vertex -6.168493333333334 -20.335040000000003 64.99990666666667
vertex -6.168493333333334 -20.335040000000003 59.999886666666676
vertex -8.131966666666667 -19.632613333333335 59.999886666666676
endloop
endfacet
facet normal 0.33684082642993546 0.9415616058707991 0
outer loop
vertex -6.168493333333334 -20.335040000000003 64.99990666666667
vertex -8.131966666666667 -19.632613333333335 59.999886666666676
vertex -8.131966666666667 -19.632613333333335 64.99990666666667
endloop
endfacet
facet normal 0.24297414576499332 0.9700327646475514 0
outer loop
vertex -4.14566 -20.841720000000002 64.99990666666667
vertex -4.14566 -20.841720000000002 59.999886666666676
vertex -6.168493333333334 -20.335040000000003 59.999886666666676
endloop
endfacet
facet normal 0.24297414576499332 0.9700327646475514 0
outer loop
vertex -4.14566 -20.841720000000002 64.99990666666667
vertex -6.168493333333334 -20.335040000000003 59.999886666666676
vertex -6.168493333333334 -20.335040000000003 64.99990666666667
endloop
endfacet
facet normal 0.14673287919100017 0.9891761532529578 0
outer loop
vertex -2.0829000000000004 -21.147706666666668 64.99990666666667
vertex -2.0829000000000004 -21.147706666666668 59.999886666666676
vertex -4.14566 -20.841720000000002 59.999886666666676
endloop
endfacet
facet normal 0.14673287919100017 0.9891761532529578 0
outer loop
vertex -2.0829000000000004 -21.147706666666668 64.99990666666667
vertex -4.14566 -20.841720000000002 59.999886666666676
vertex -4.14566 -20.841720000000002 64.99990666666667
endloop
endfacet
facet normal 0.049134813422760236 0.9987921556109212 0
outer loop
vertex 0 -21.250173333333336 64.99990666666667
vertex 0 -21.250173333333336 59.999886666666676
vertex -2.0829000000000004 -21.147706666666668 59.999886666666676
endloop
endfacet
facet normal 0.049134813422760236 0.9987921556109212 0
outer loop
vertex 0 -21.250173333333336 64.99990666666667
vertex -2.0829000000000004 -21.147706666666668 59.999886666666676
vertex -2.0829000000000004 -21.147706666666668 64.99990666666667
endloop
endfacet
facet normal -0.049134813422760236 0.9987921556109212 0
outer loop
vertex 2.0829000000000004 -21.147706666666668 64.99990666666667
vertex 2.0829000000000004 -21.147706666666668 59.999886666666676
vertex 0 -21.250173333333336 59.999886666666676
endloop
endfacet
facet normal -0.049134813422760236 0.9987921556109212 0
outer loop
vertex 2.0829000000000004 -21.147706666666668 64.99990666666667
vertex 0 -21.250173333333336 59.999886666666676
vertex 0 -21.250173333333336 64.99990666666667
endloop
endfacet
facet normal -0.14673287919100017 0.9891761532529578 0
outer loop
vertex 4.14566 -20.841720000000002 64.99990666666667
vertex 4.14566 -20.841720000000002 59.999886666666676
vertex 2.0829000000000004 -21.147706666666668 59.999886666666676
endloop
endfacet
facet normal -0.14673287919100017 0.9891761532529578 0
outer loop
vertex 4.14566 -20.841720000000002 64.99990666666667
vertex 2.0829000000000004 -21.147706666666668 59.999886666666676
vertex 2.0829000000000004 -21.147706666666668 64.99990666666667
endloop
endfacet
facet normal -0.24297414576499332 0.9700327646475514 0
outer loop
vertex 6.168493333333334 -20.335040000000003 64.99990666666667
vertex 6.168493333333334 -20.335040000000003 59.999886666666676
vertex 4.14566 -20.841720000000002 59.999886666666676
endloop
endfacet
facet normal -0.24297414576499332 0.9700327646475514 0
outer loop
vertex 6.168493333333334 -20.335040000000003 64.99990666666667
vertex 4.14566 -20.841720000000002 59.999886666666676
vertex 4.14566 -20.841720000000002 64.99990666666667
endloop
endfacet
facet normal -0.33684082642993546 0.9415616058707991 0
outer loop
vertex 8.131966666666667 -19.632613333333335 64.99990666666667
vertex 8.131966666666667 -19.632613333333335 59.999886666666676
vertex 6.168493333333334 -20.335040000000003 59.999886666666676
endloop
endfacet
facet normal -0.33684082642993546 0.9415616058707991 0
outer loop
vertex 8.131966666666667 -19.632613333333335 64.99990666666667
vertex 6.168493333333334 -20.335040000000003 59.999886666666676
vertex 6.168493333333334 -20.335040000000003 64.99990666666667
endloop
endfacet
facet normal -0.4275910817323993 0.9039722710475784 0
outer loop
vertex 10.017353333333334 -18.740800000000004 64.99990666666667
vertex 10.017353333333334 -18.740800000000004 59.999886666666676
vertex 8.131966666666667 -19.632613333333335 59.999886666666676
endloop
endfacet
facet normal -0.4275910817323993 0.9039722710475784 0
outer loop
vertex 10.017353333333334 -18.740800000000004 64.99990666666667
vertex 8.131966666666667 -19.632613333333335 59.999886666666676
vertex 8.131966666666667 -19.632613333333335 64.99990666666667
endloop
endfacet
facet normal -0.5140970050188518 0.8577320499029091 0
outer loop
vertex 11.805926666666668 -17.66878666666667 64.99990666666667
vertex 11.805926666666668 -17.66878666666667 59.999886666666676
vertex 10.017353333333334 -18.740800000000004 59.999886666666676
endloop
endfacet
facet normal -0.5140970050188518 0.8577320499029091 0
outer loop
vertex 11.805926666666668 -17.66878666666667 64.99990666666667
vertex 10.017353333333334 -18.740800000000004 59.999886666666676
vertex 10.017353333333334 -18.740800000000004 64.99990666666667
endloop
endfacet
facet normal -0.5957623129839829 0.8031607973674855 0
outer loop
vertex 13.480726666666667 -16.42646666666667 64.99990666666667
vertex 13.480726666666667 -16.42646666666667 59.999886666666676
vertex 11.805926666666668 -17.66878666666667 59.999886666666676
endloop
endfacet
facet normal -0.5957623129839829 0.8031607973674855 0
outer loop
vertex 13.480726666666667 -16.42646666666667 64.99990666666667
vertex 11.805926666666668 -17.66878666666667 59.999886666666676
vertex 11.805926666666668 -17.66878666666667 64.99990666666667
endloop
endfacet
facet normal -0.6716095387064817 0.7409052756719087 0
outer loop
vertex 15.025853333333336 -15.025853333333336 64.99990666666667
vertex 15.025853333333336 -15.025853333333336 59.999886666666676
vertex 13.480726666666667 -16.42646666666667 59.999886666666676
endloop
endfacet
facet normal -0.6716095387064817 0.7409052756719087 0
outer loop
vertex 15.025853333333336 -15.025853333333336 64.99990666666667
vertex 13.480726666666667 -16.42646666666667 59.999886666666676
vertex 13.480726666666667 -16.42646666666667 64.99990666666667
endloop
endfacet
facet normal -0.7409052756719087 0.6716095387064817 0
outer loop
vertex 16.42646666666667 -13.480726666666667 64.99990666666667
vertex 16.42646666666667 -13.480726666666667 59.999886666666676
vertex 15.025853333333336 -15.025853333333336 59.999886666666676
endloop
endfacet
facet normal -0.7409052756719087 0.6716095387064817 0
outer loop
vertex 16.42646666666667 -13.480726666666667 64.99990666666667
vertex 15.025853333333336 -15.025853333333336 59.999886666666676
vertex 15.025853333333336 -15.025853333333336 64.99990666666667
endloop
endfacet
facet normal -0.8031607973674855 0.5957623129839829 0
outer loop
vertex 17.66878666666667 -11.805926666666668 64.99990666666667
vertex 17.66878666666667 -11.805926666666668 59.999886666666676
vertex 16.42646666666667 -13.480726666666667 59.999886666666676
endloop
endfacet
facet normal -0.8031607973674855 0.5957623129839829 0
outer loop
vertex 17.66878666666667 -11.805926666666668 64.99990666666667
vertex 16.42646666666667 -13.480726666666667 59.999886666666676
vertex 16.42646666666667 -13.480726666666667 64.99990666666667
endloop
endfacet
facet normal -0.8577320499029091 0.5140970050188518 0
outer loop
vertex 18.740800000000004 -10.017353333333334 64.99990666666667
vertex 18.740800000000004 -10.017353333333334 59.999886666666676
vertex 17.66878666666667 -11.805926666666668 59.999886666666676
endloop
endfacet
facet normal -0.8577320499029091 0.5140970050188518 0
outer loop
vertex 18.740800000000004 -10.017353333333334 64.99990666666667
vertex 17.66878666666667 -11.805926666666668 59.999886666666676
vertex 17.66878666666667 -11.805926666666668 64.99990666666667
endloop
endfacet
facet normal -0.9039722710475784 0.4275910817323993 0
outer loop
vertex 19.632613333333335 -8.131966666666667 64.99990666666667
vertex 19.632613333333335 -8.131966666666667 59.999886666666676
vertex 18.740800000000004 -10.017353333333334 59.999886666666676
endloop
endfacet
facet normal -0.9039722710475784 0.4275910817323993 0
outer loop
vertex 19.632613333333335 -8.131966666666667 64.99990666666667
vertex 18.740800000000004 -10.017353333333334 59.999886666666676
vertex 18.740800000000004 -10.017353333333334 64.99990666666667
endloop
endfacet
facet normal -0.9415616058707991 0.33684082642993546 0
outer loop
vertex 20.335040000000003 -6.168493333333334 64.99990666666667
vertex 20.335040000000003 -6.168493333333334 59.999886666666676
vertex 19.632613333333335 -8.131966666666667 59.999886666666676
endloop
endfacet
facet normal -0.9415616058707991 0.33684082642993546 0
outer loop
vertex 20.335040000000003 -6.168493333333334 64.99990666666667
vertex 19.632613333333335 -8.131966666666667 59.999886666666676
vertex 19.632613333333335 -8.131966666666667 64.99990666666667
endloop
endfacet
facet normal -0.9700327646475514 0.24297414576499332 0
outer loop
vertex 20.841720000000002 -4.14566 64.99990666666667
vertex 20.841720000000002 -4.14566 59.999886666666676
vertex 20.335040000000003 -6.168493333333334 59.999886666666676
endloop
endfacet
facet normal -0.9700327646475514 0.24297414576499332 0
outer loop
vertex 20.841720000000002 -4.14566 64.99990666666667
vertex 20.335040000000003 -6.168493333333334 59.999886666666676
vertex 20.335040000000003 -6.168493333333334 64.99990666666667
endloop
endfacet
facet normal -0.9891761532529578 0.14673287919100017 0
outer loop
vertex 21.147706666666668 -2.0829000000000004 64.99990666666667
vertex 21.147706666666668 -2.0829000000000004 59.999886666666676
vertex 20.841720000000002 -4.14566 59.999886666666676
endloop
endfacet
facet normal -0.9891761532529578 0.14673287919100017 0
outer loop
vertex 21.147706666666668 -2.0829000000000004 64.99990666666667
vertex 20.841720000000002 -4.14566 59.999886666666676
vertex 20.841720000000002 -4.14566 64.99990666666667
endloop
endfacet
facet normal -0.9987921556109212 0.049134813422760236 0
outer loop
vertex 21.250173333333336 0 64.99990666666667
vertex 21.250173333333336 0 59.999886666666676
vertex 21.147706666666668 -2.0829000000000004 59.999886666666676
endloop
endfacet
facet normal -0.9987921556109212 0.049134813422760236 0
outer loop
vertex 21.250173333333336 0 64.99990666666667
vertex 21.147706666666668 -2.0829000000000004 59.999886666666676
vertex 21.147706666666668 -2.0829000000000004 64.99990666666667
endloop
endfacet
facet normal 0 0 1
outer loop
vertex 0 23.450380000000003 64.99990666666667
vertex 0 25.24990666666667 64.99990666666667
vertex -2.4751000000000003 25.128360000000004 64.99990666666667
endloop
endfacet
facet normal 0 0 1
outer loop
vertex 0 23.450380000000003 64.99990666666667
vertex -2.4751000000000003 25.128360000000004 64.99990666666667
vertex -4.926173333333334 24.764780000000002 64.99990666666667
endloop
endfacet
facet normal 0 0 1
outer loop
vertex 0 23.450380000000003 64.99990666666667
vertex -4.926173333333334 24.764780000000002 64.99990666666667
vertex -7.329546666666667 24.162700000000005 64.99990666666667
endloop
endfacet
facet normal 0 0 0.9999999999999999
outer loop
vertex 0 23.450380000000003 64.99990666666667
vertex -7.329546666666667 24.162700000000005 64.99990666666667
vertex -9.662606666666667 23.32812666666667 64.99990666666667
endloop
endfacet
facet normal 0 0 1
outer loop
vertex 0 23.450380000000003 64.99990666666667
vertex -9.662606666666667 23.32812666666667 64.99990666666667
vertex -11.902740000000001 22.268480000000004 64.99990666666667
endloop
endfacet
facet normal 0 0 1
outer loop
vertex 0 23.450380000000003 64.99990666666667
vertex -11.902740000000001 22.268480000000004 64.99990666666667
vertex -13.601920000000002 21.250173333333336 64.99990666666667
endloop
endfacet
facet normal 0 0 1
outer loop
vertex 0 23.450380000000003 64.99990666666667
vertex -13.601920000000002 21.250173333333336 64.99990666666667
vertex 0 21.250173333333336 64.99990666666667
endloop
endfacet
facet normal 0 0 1
outer loop
vertex 0 23.450380000000003 64.99990666666667
vertex 0 21.250173333333336 64.99990666666667
vertex 13.601920000000002 21.250173333333336 64.99990666666667
endloop
endfacet
facet normal 0 0 1
outer loop
vertex 0 23.450380000000003 64.99990666666667
vertex 13.601920000000002 21.250173333333336 64.99990666666667
vertex 11.902740000000001 22.268480000000004 64.99990666666667
endloop
endfacet
facet normal 0 0 1
outer loop
vertex 0 23.450380000000003 64.99990666666667
vertex 11.902740000000001 22.268480000000004 64.99990666666667
vertex 9.662606666666667 23.32812666666667 64.99990666666667
endloop
endfacet
facet normal 0 0 0.9999999999999999
outer loop
vertex 0 23.450380000000003 64.99990666666667
vertex 9.662606666666667 23.32812666666667 64.99990666666667
vertex 7.329546666666667 24.162700000000005 64.99990666666667
endloop
endfacet
facet normal 0 0 1
outer loop
vertex 0 23.450380000000003 64.99990666666667
vertex 7.329546666666667 24.162700000000005 64.99990666666667
vertex 4.926173333333334 24.764780000000002 64.99990666666667
endloop
endfacet
facet normal 0 0 1
outer loop
vertex 0 23.450380000000003 64.99990666666667
vertex 4.926173333333334 24.764780000000002 64.99990666666667
vertex 2.4751000000000003 25.128360000000004 64.99990666666667
endloop
endfacet
facet normal 0 0 1
outer loop
vertex 0 23.450380000000003 64.99990666666667
vertex 2.4751000000000003 25.128360000000004 64.99990666666667
vertex 0 25.24990666666667 64.99990666666667
endloop
endfacet
facet normal 0 0 1
outer loop
vertex -13.601920000000002 21.250173333333336 64.99990666666667
vertex -13.772933333333334 21.147706666666668 64.99990666666667
vertex -2.0829000000000004 21.147706666666668 64.99990666666667
endloop
endfacet
facet normal 0 0 1
outer loop
vertex -13.601920000000002 21.250173333333336 64.99990666666667
vertex -2.0829000000000004 21.147706666666668 64.99990666666667
vertex 0 21.250173333333336 64.99990666666667
endloop
endfacet
facet normal 0 0 1
outer loop
vertex 0 21.250173333333336 64.99990666666667
vertex 2.0829000000000004 21.147706666666668 64.99990666666667
vertex 13.772933333333334 21.147706666666668 64.99990666666667
endloop
endfacet
facet normal 0 0 1
outer loop
vertex 0 21.250173333333336 64.99990666666667
vertex 13.772933333333334 21.147706666666668 64.99990666666667
vertex 13.601920000000002 21.250173333333336 64.99990666666667
endloop
endfacet
facet normal 0 0 1
outer loop
vertex -9.652713333333335 20.994713333333337 64.99990666666667
vertex -13.772933333333334 21.147706666666668 64.99990666666667
vertex -14.028040000000003 20.994713333333337 64.99990666666667
endloop
endfacet
facet normal 0 0 1
outer loop
vertex -9.652713333333335 20.994713333333337 64.99990666666667
vertex -14.028040000000003 20.994713333333337 64.99990666666667
vertex -14.23438666666667 20.841720000000002 64.99990666666667
endloop
endfacet
facet normal 0 0 1
outer loop
vertex -9.652713333333335 20.994713333333337 64.99990666666667
vertex -14.23438666666667 20.841720000000002 64.99990666666667
vertex -4.14566 20.841720000000002 64.99990666666667
endloop
endfacet
facet normal 0 0 1
outer loop
vertex -9.652713333333335 20.994713333333337 64.99990666666667
vertex -4.14566 20.841720000000002 64.99990666666667
vertex -2.0829000000000004 21.147706666666668 64.99990666666667
endloop
endfacet
facet normal 0 0 1
outer loop
vertex -9.652713333333335 20.994713333333337 64.99990666666667
vertex -2.0829000000000004 21.147706666666668 64.99990666666667
vertex -13.772933333333334 21.147706666666668 64.99990666666667
endloop
endfacet
facet normal 0 0 1
outer loop
vertex 9.652713333333335 20.994713333333337 64.99990666666667
vertex 2.0829000000000004 21.147706666666668 64.99990666666667
vertex 4.14566 20.841720000000002 64.99990666666667
endloop
endfacet
facet normal 0 0 1
outer loop
vertex 9.652713333333335 20.994713333333337 64.99990666666667
vertex 4.14566 20.841720000000002 64.99990666666667
vertex 14.23438666666667 20.841720000000002 64.99990666666667
endloop
endfacet
facet normal 0 0 1
outer loop
vertex 9.652713333333335 20.994713333333337 64.99990666666667
vertex 14.23438666666667 20.841720000000002 64.99990666666667
vertex 14.028040000000003 20.994713333333337 64.99990666666667
endloop
endfacet
facet normal 0 0 1
outer loop
vertex 9.652713333333335 20.994713333333337 64.99990666666667
vertex 14.028040000000003 20.994713333333337 64.99990666666667
vertex 13.772933333333334 21.147706666666668 64.99990666666667
endloop
endfacet
facet normal 0 0 1
outer loop
vertex 9.652713333333335 20.994713333333337 64.99990666666667
vertex 13.772933333333334 21.147706666666668 64.99990666666667
vertex 2.0829000000000004 21.147706666666668 64.99990666666667
endloop
endfacet
facet normal 0 0 1
outer loop
vertex -14.23438666666667 20.841720000000002 64.99990666666667
vertex -14.917380000000001 20.335040000000003 64.99990666666667
vertex -6.168493333333334 20.335040000000003 64.99990666666667
endloop
endfacet
facet normal 0 0 1
outer loop
vertex -14.23438666666667 20.841720000000002 64.99990666666667
vertex -6.168493333333334 20.335040000000003 64.99990666666667
vertex -4.14566 20.841720000000002 64.99990666666667
endloop
endfacet
facet normal 0 0 1
outer loop
vertex 4.14566 20.841720000000002 64.99990666666667
vertex 6.168493333333334 20.335040000000003 64.99990666666667
vertex 14.917380000000001 20.335040000000003 64.99990666666667
endloop
endfacet
facet normal 0 0 1
outer loop
vertex 4.14566 20.841720000000002 64.99990666666667
vertex 14.917380000000001 20.335040000000003 64.99990666666667
vertex 14.23438666666667 20.841720000000002 64.99990666666667
endloop
endfacet
facet normal 0 0 1
outer loop
vertex -14.917380000000001 20.335040000000003 64.99990666666667
vertex -15.864666666666668 19.632613333333335 64.99990666666667
vertex -8.131966666666667 19.632613333333335 64.99990666666667
endloop
endfacet
facet normal 0 0 1
outer loop
vertex -14.917380000000001 20.335040000000003 64.99990666666667
vertex -8.131966666666667 19.632613333333335 64.99990666666667
vertex -6.168493333333334 20.335040000000003 64.99990666666667
endloop
endfacet
facet normal 0 0 1
outer loop
vertex 6.168493333333334 20.335040000000003 64.99990666666667
vertex 8.131966666666667 19.632613333333335 64.99990666666667
vertex 15.864666666666668 19.632613333333335 64.99990666666667
endloop
endfacet
facet normal 0 0 1
outer loop
vertex 6.168493333333334 20.335040000000003 64.99990666666667
vertex 15.864666666666668 19.632613333333335 64.99990666666667
vertex 14.917380000000001 20.335040000000003 64.99990666666667
endloop
endfacet
facet normal 0 0 1
outer loop
vertex -13.381793333333334 19.253133333333334 64.99990666666667
vertex -15.864666666666668 19.632613333333335 64.99990666666667
vertex -16.01836666666667 19.518486666666668 64.99990666666667
endloop
endfacet
facet normal 0 0 1
outer loop
vertex -13.381793333333334 19.253133333333334 64.99990666666667
vertex -16.01836666666667 19.518486666666668 64.99990666666667
vertex -16.876613333333335 18.740800000000004 64.99990666666667
endloop
endfacet
facet normal 0 0 1
outer loop
vertex -13.381793333333334 19.253133333333334 64.99990666666667
vertex -16.876613333333335 18.740800000000004 64.99990666666667
vertex -10.017353333333334 18.740800000000004 64.99990666666667
endloop
endfacet
facet normal 0 0 1
outer loop
vertex -13.381793333333334 19.253133333333334 64.99990666666667
vertex -10.017353333333334 18.740800000000004 64.99990666666667
vertex -8.131966666666667 19.632613333333335 64.99990666666667
endloop
endfacet
facet normal 0 0 1
outer loop
vertex -13.381793333333334 19.253133333333334 64.99990666666667
vertex -8.131966666666667 19.632613333333335 64.99990666666667
vertex -15.864666666666668 19.632613333333335 64.99990666666667
endloop
endfacet
facet normal 0 0 1
outer loop
vertex 13.381793333333334 19.253133333333334 64.99990666666667
vertex 8.131966666666667 19.632613333333335 64.99990666666667
vertex 10.017353333333334 18.740800000000004 64.99990666666667
endloop
endfacet
facet normal 0 0 1
outer loop
vertex 13.381793333333334 19.253133333333334 64.99990666666667
vertex 10.017353333333334 18.740800000000004 64.99990666666667
vertex 16.876613333333335 18.740800000000004 64.99990666666667
endloop
endfacet
facet normal 0 0 1
outer loop
vertex 13.381793333333334 19.253133333333334 64.99990666666667
vertex 16.876613333333335 18.740800000000004 64.99990666666667
vertex 16.01836666666667 19.518486666666668 64.99990666666667
endloop
endfacet
facet normal 0 0 1
outer loop
vertex 13.381793333333334 19.253133333333334 64.99990666666667
vertex 16.01836666666667 19.518486666666668 64.99990666666667
vertex 15.864666666666668 19.632613333333335 64.99990666666667
endloop
endfacet
facet normal 0 0 1
outer loop
vertex 13.381793333333334 19.253133333333334 64.99990666666667
vertex 15.864666666666668 19.632613333333335 64.99990666666667
vertex 8.131966666666667 19.632613333333335 64.99990666666667
endloop
endfacet
facet normal 0 0 1
outer loop
vertex -14.915260000000002 18.134833333333336 64.99990666666667
vertex -16.876613333333335 18.740800000000004 64.99990666666667
vertex -17.85428666666667 17.85428666666667 64.99990666666667
endloop
endfacet
facet normal 0 0 1
outer loop
vertex -14.915260000000002 18.134833333333336 64.99990666666667
vertex -17.85428666666667 17.85428666666667 64.99990666666667
vertex -18.02282666666667 17.66878666666667 64.99990666666667
endloop
endfacet
facet normal 0 0 0.9999999999999999
outer loop
vertex -14.915260000000002 18.134833333333336 64.99990666666667
vertex -18.02282666666667 17.66878666666667 64.99990666666667
vertex -11.805926666666668 17.66878666666667 64.99990666666667
endloop
endfacet
facet normal 0 0 1
outer loop
vertex -14.915260000000002 18.134833333333336 64.99990666666667
vertex -11.805926666666668 17.66878666666667 64.99990666666667
vertex -10.017353333333334 18.740800000000004 64.99990666666667
endloop
endfacet
facet normal 0 0 1
outer loop
vertex -14.915260000000002 18.134833333333336 64.99990666666667
vertex -10.017353333333334 18.740800000000004 64.99990666666667
vertex -16.876613333333335 18.740800000000004 64.99990666666667
endloop
endfacet
facet normal 0 0 1
outer loop
vertex 14.915260000000002 18.134833333333336 64.99990666666667
vertex 10.017353333333334 18.740800000000004 64.99990666666667
vertex 11.805926666666668 17.66878666666667 64.99990666666667
endloop
endfacet
facet normal 0 0 0.9999999999999999
outer loop
vertex 14.915260000000002 18.134833333333336 64.99990666666667
vertex 11.805926666666668 17.66878666666667 64.99990666666667
vertex 18.02282666666667 17.66878666666667 64.99990666666667
endloop
endfacet
facet normal 0 0 1
outer loop
vertex 14.915260000000002 18.134833333333336 64.99990666666667
vertex 18.02282666666667 17.66878666666667 64.99990666666667
vertex 17.85428666666667 17.85428666666667 64.99990666666667
endloop
endfacet
facet normal 0 0 1
outer loop
vertex 14.915260000000002 18.134833333333336 64.99990666666667
vertex 17.85428666666667 17.85428666666667 64.99990666666667
vertex 16.876613333333335 18.740800000000004 64.99990666666667
endloop
endfacet
facet normal 0 0 1
outer loop
vertex 14.915260000000002 18.134833333333336 64.99990666666667
vertex 16.876613333333335 18.740800000000004 64.99990666666667
vertex 10.017353333333334 18.740800000000004 64.99990666666667
endloop
endfacet
facet normal 0 0 1
outer loop
vertex -18.02282666666667 17.66878666666667 64.99990666666667
vertex -19.148546666666668 16.42646666666667 64.99990666666667
vertex -13.480726666666667 16.42646666666667 64.99990666666667
endloop
endfacet
facet normal 0 0 1
outer loop
vertex -18.02282666666667 17.66878666666667 64.99990666666667
vertex -13.480726666666667 16.42646666666667 64.99990666666667
vertex -11.805926666666668 17.66878666666667 64.99990666666667
endloop
endfacet
facet normal 0 0 1
outer loop
vertex 11.805926666666668 17.66878666666667 64.99990666666667
vertex 13.480726666666667 16.42646666666667 64.99990666666667
vertex 19.148546666666668 16.42646666666667 64.99990666666667
endloop
endfacet
facet normal 0 0 1
outer loop
vertex 11.805926666666668 17.66878666666667 64.99990666666667
vertex 19.148546666666668 16.42646666666667 64.99990666666667
vertex 18.02282666666667 17.66878666666667 64.99990666666667
endloop
endfacet
facet normal 0 0 0.9999999999999999
outer loop
vertex -17.485760000000003 15.784460000000001 64.99990666666667
vertex -19.148546666666668 16.42646666666667 64.99990666666667
vertex -19.518486666666668 16.01836666666667 64.99990666666667
endloop
endfacet
facet normal 0 0 1
outer loop
vertex -17.485760000000003 15.784460000000001 64.99990666666667
vertex -19.518486666666668 16.01836666666667 64.99990666666667
vertex -20.25448 15.025853333333336 64.99990666666667
endloop
endfacet
facet normal 0 0 1
outer loop
vertex -17.485760000000003 15.784460000000001 64.99990666666667
vertex -20.25448 15.025853333333336 64.99990666666667
vertex -15.025853333333336 15.025853333333336 64.99990666666667
endloop
endfacet
facet normal 0 0 0.9999999999999999
outer loop
vertex -17.485760000000003 15.784460000000001 64.99990666666667
vertex -15.025853333333336 15.025853333333336 64.99990666666667
vertex -13.480726666666667 16.42646666666667 64.99990666666667
endloop
endfacet
facet normal 0 0 1
outer loop
vertex -17.485760000000003 15.784460000000001 64.99990666666667
vertex -13.480726666666667 16.42646666666667 64.99990666666667
vertex -19.148546666666668 16.42646666666667 64.99990666666667
endloop
endfacet
facet normal 0 0 0.9999999999999999
outer loop
vertex 17.485760000000003 15.784460000000001 64.99990666666667
vertex 13.480726666666667 16.42646666666667 64.99990666666667
vertex 15.025853333333336 15.025853333333336 64.99990666666667
endloop
endfacet
facet normal 0 0 1
outer loop
vertex 17.485760000000003 15.784460000000001 64.99990666666667
vertex 15.025853333333336 15.025853333333336 64.99990666666667
vertex 20.25448 15.025853333333336 64.99990666666667
endloop
endfacet
facet normal 0 0 1
outer loop
vertex 17.485760000000003 15.784460000000001 64.99990666666667
vertex 20.25448 15.025853333333336 64.99990666666667
vertex 19.518486666666668 16.01836666666667 64.99990666666667
endloop
endfacet
facet normal 0 0 0.9999999999999999
outer loop
vertex 17.485760000000003 15.784460000000001 64.99990666666667
vertex 19.518486666666668 16.01836666666667 64.99990666666667
vertex 19.148546666666668 16.42646666666667 64.99990666666667
endloop
endfacet
facet normal 0 0 1
outer loop
vertex 17.485760000000003 15.784460000000001 64.99990666666667
vertex 19.148546666666668 16.42646666666667 64.99990666666667
vertex 13.480726666666667 16.42646666666667 64.99990666666667
endloop
endfacet
facet normal 0 0 1
outer loop
vertex -18.804753333333334 14.208240000000002 64.99990666666667
vertex -20.25448 15.025853333333336 64.99990666666667
vertex -20.994713333333337 14.028040000000003 64.99990666666667
endloop
endfacet
facet normal 0 0 1
outer loop
vertex -18.804753333333334 14.208240000000002 64.99990666666667
vertex -20.994713333333337 14.028040000000003 64.99990666666667
vertex -21.32260666666667 13.480726666666667 64.99990666666667
endloop
endfacet
facet normal 0 0 0.9999999999999999
outer loop
vertex -18.804753333333334 14.208240000000002 64.99990666666667
vertex -21.32260666666667 13.480726666666667 64.99990666666667
vertex -16.42646666666667 13.480726666666667 64.99990666666667
endloop
endfacet
facet normal 0 0 1
outer loop
vertex -18.804753333333334 14.208240000000002 64.99990666666667
vertex -16.42646666666667 13.480726666666667 64.99990666666667
vertex -15.025853333333336 15.025853333333336 64.99990666666667
endloop
endfacet
facet normal 0 0 1
outer loop
vertex -18.804753333333334 14.208240000000002 64.99990666666667
vertex -15.025853333333336 15.025853333333336 64.99990666666667
vertex -20.25448 15.025853333333336 64.99990666666667
endloop
endfacet
facet normal 0 0 1
outer loop
vertex 18.804753333333334 14.208240000000002 64.99990666666667
vertex 15.025853333333336 15.025853333333336 64.99990666666667
vertex 16.42646666666667 13.480726666666667 64.99990666666667
endloop
endfacet
facet normal 0 0 0.9999999999999999
outer loop
vertex 18.804753333333334 14.208240000000002 64.99990666666667
vertex 16.42646666666667 13.480726666666667 64.99990666666667
vertex 21.32260666666667 13.480726666666667 64.99990666666667
endloop
endfacet
facet normal 0 0 1
outer loop
vertex 18.804753333333334 14.208240000000002 64.99990666666667
vertex 21.32260666666667 13.480726666666667 64.99990666666667
vertex 20.994713333333337 14.028040000000003 64.99990666666667
endloop
endfacet
facet normal 0 0 1
outer loop
vertex 18.804753333333334 14.208240000000002 64.99990666666667
vertex 20.994713333333337 14.028040000000003 64.99990666666667
vertex 20.25448 15.025853333333336 64.99990666666667
endloop
endfacet
facet normal 0 0 1
outer loop
vertex 18.804753333333334 14.208240000000002 64.99990666666667
vertex 20.25448 15.025853333333336 64.99990666666667
vertex 15.025853333333336 15.025853333333336 64.99990666666667
endloop
endfacet
facet normal 0 0 1
outer loop
vertex -20.000080000000004 12.495280000000001 64.99990666666667
vertex -21.32260666666667 13.480726666666667 64.99990666666667
vertex -22.268480000000004 11.902740000000001 64.99990666666667
endloop
endfacet
facet normal 0 0 0.9999999999999999
outer loop
vertex -20.000080000000004 12.495280000000001 64.99990666666667
vertex -22.268480000000004 11.902740000000001 64.99990666666667
vertex -22.314413333333334 11.805926666666668 64.99990666666667
endloop
endfacet
facet normal 0 0 0.9999999999999999
outer loop
vertex -20.000080000000004 12.495280000000001 64.99990666666667
vertex -22.314413333333334 11.805926666666668 64.99990666666667
vertex -17.66878666666667 11.805926666666668 64.99990666666667
endloop
endfacet
facet normal 0 0 1
outer loop
vertex -20.000080000000004 12.495280000000001 64.99990666666667
vertex -17.66878666666667 11.805926666666668 64.99990666666667
vertex -16.42646666666667 13.480726666666667 64.99990666666667
endloop
endfacet
facet normal 0 0 1
outer loop
vertex -20.000080000000004 12.495280000000001 64.99990666666667
vertex -16.42646666666667 13.480726666666667 64.99990666666667
vertex -21.32260666666667 13.480726666666667 64.99990666666667
endloop
endfacet
facet normal 0 0 1
outer loop
vertex 20.000080000000004 12.495280000000001 64.99990666666667
vertex 16.42646666666667 13.480726666666667 64.99990666666667
vertex 17.66878666666667 11.805926666666668 64.99990666666667
endloop
endfacet
facet normal 0 0 0.9999999999999999
outer loop
vertex 20.000080000000004 12.495280000000001 64.99990666666667
vertex 17.66878666666667 11.805926666666668 64.99990666666667
vertex 22.314413333333334 11.805926666666668 64.99990666666667
endloop
endfacet
facet normal 0 0 0.9999999999999999
outer loop
vertex 20.000080000000004 12.495280000000001 64.99990666666667
vertex 22.314413333333334 11.805926666666668 64.99990666666667
vertex 22.268480000000004 11.902740000000001 64.99990666666667
endloop
endfacet
facet normal 0 0 1
outer loop
vertex 20.000080000000004 12.495280000000001 64.99990666666667
vertex 22.268480000000004 11.902740000000001 64.99990666666667
vertex 21.32260666666667 13.480726666666667 64.99990666666667
endloop
endfacet
facet normal 0 0 1
outer loop
vertex 20.000080000000004 12.495280000000001 64.99990666666667
vertex 21.32260666666667 13.480726666666667 64.99990666666667
vertex 16.42646666666667 13.480726666666667 64.99990666666667
endloop
endfacet
facet normal 0 0 0.9999999999999999
outer loop
vertex -22.314413333333334 11.805926666666668 64.99990666666667
vertex -23.160293333333335 10.017353333333334 64.99990666666667
vertex -18.740800000000004 10.017353333333334 64.99990666666667
endloop
endfacet
facet normal 0 0 1
outer loop
vertex -22.314413333333334 11.805926666666668 64.99990666666667
vertex -18.740800000000004 10.017353333333334 64.99990666666667
vertex -17.66878666666667 11.805926666666668 64.99990666666667
endloop
endfacet
facet normal 0 0 0.9999999999999999
outer loop
vertex 17.66878666666667 11.805926666666668 64.99990666666667
vertex 18.740800000000004 10.017353333333334 64.99990666666667
vertex 23.160293333333335 10.017353333333334 64.99990666666667
endloop
endfacet
facet normal 0 0 1
outer loop
vertex 17.66878666666667 11.805926666666668 64.99990666666667
vertex 23.160293333333335 10.017353333333334 64.99990666666667
vertex 22.314413333333334 11.805926666666668 64.99990666666667
endloop
endfacet
facet normal 0 0 1
outer loop
vertex -21.74766666666667 9.19232 64.99990666666667
vertex -23.160293333333335 10.017353333333334 64.99990666666667
vertex -23.32812666666667 9.662606666666667 64.99990666666667
endloop
endfacet
facet normal 0 0 1
outer loop
vertex -21.74766666666667 9.19232 64.99990666666667
vertex -23.32812666666667 9.662606666666667 64.99990666666667
vertex -23.875793333333338 8.131966666666667 64.99990666666667
endloop
endfacet
facet normal 0 0 1
outer loop
vertex -21.74766666666667 9.19232 64.99990666666667
vertex -23.875793333333338 8.131966666666667 64.99990666666667
vertex -19.632613333333335 8.131966666666667 64.99990666666667
endloop
endfacet
facet normal 0 0 1
outer loop
vertex -21.74766666666667 9.19232 64.99990666666667
vertex -19.632613333333335 8.131966666666667 64.99990666666667
vertex -18.740800000000004 10.017353333333334 64.99990666666667
endloop
endfacet
facet normal 0 0 1
outer loop
vertex -21.74766666666667 9.19232 64.99990666666667
vertex -18.740800000000004 10.017353333333334 64.99990666666667
vertex -23.160293333333335 10.017353333333334 64.99990666666667
endloop
endfacet
facet normal 0 0 1
outer loop
vertex 21.74766666666667 9.19232 64.99990666666667
vertex 18.740800000000004 10.017353333333334 64.99990666666667
vertex 19.632613333333335 8.131966666666667 64.99990666666667
endloop
endfacet
facet normal 0 0 1
outer loop
vertex 21.74766666666667 9.19232 64.99990666666667
vertex 19.632613333333335 8.131966666666667 64.99990666666667
vertex 23.875793333333338 8.131966666666667 64.99990666666667
endloop
endfacet
facet normal 0 0 1
outer loop
vertex 21.74766666666667 9.19232 64.99990666666667
vertex 23.875793333333338 8.131966666666667 64.99990666666667
vertex 23.32812666666667 9.662606666666667 64.99990666666667
endloop
endfacet
facet normal 0 0 1
outer loop
vertex 21.74766666666667 9.19232 64.99990666666667
vertex 23.32812666666667 9.662606666666667 64.99990666666667
vertex 23.160293333333335 10.017353333333334 64.99990666666667
endloop
endfacet
facet normal 0 0 1
outer loop
vertex 21.74766666666667 9.19232 64.99990666666667
vertex 23.160293333333335 10.017353333333334 64.99990666666667
vertex 18.740800000000004 10.017353333333334 64.99990666666667
endloop
endfacet
facet normal 0 0 1
outer loop
vertex -22.49178666666667 7.186093333333334 64.99990666666667
vertex -23.875793333333338 8.131966666666667 64.99990666666667
vertex -24.162700000000005 7.329546666666667 64.99990666666667
endloop
endfacet
facet normal 0 0 1
outer loop
vertex -22.49178666666667 7.186093333333334 64.99990666666667
vertex -24.162700000000005 7.329546666666667 64.99990666666667
vertex -24.453493333333338 6.168493333333334 64.99990666666667
endloop
endfacet
facet normal 0 0 1
outer loop
vertex -22.49178666666667 7.186093333333334 64.99990666666667
vertex -24.453493333333338 6.168493333333334 64.99990666666667
vertex -20.335040000000003 6.168493333333334 64.99990666666667
endloop
endfacet
facet normal 0 0 1
outer loop
vertex -22.49178666666667 7.186093333333334 64.99990666666667
vertex -20.335040000000003 6.168493333333334 64.99990666666667
vertex -19.632613333333335 8.131966666666667 64.99990666666667
endloop
endfacet
facet normal 0 0 1
outer loop
vertex -22.49178666666667 7.186093333333334 64.99990666666667
vertex -19.632613333333335 8.131966666666667 64.99990666666667
vertex -23.875793333333338 8.131966666666667 64.99990666666667
endloop
endfacet
facet normal 0 0 1
outer loop
vertex 22.49178666666667 7.186093333333334 64.99990666666667
vertex 19.632613333333335 8.131966666666667 64.99990666666667
vertex 20.335040000000003 6.168493333333334 64.99990666666667
endloop
endfacet
facet normal 0 0 1
outer loop
vertex 22.49178666666667 7.186093333333334 64.99990666666667
vertex 20.335040000000003 6.168493333333334 64.99990666666667
vertex 24.453493333333338 6.168493333333334 64.99990666666667
endloop
endfacet
facet normal 0 0 1
outer loop
vertex 22.49178666666667 7.186093333333334 64.99990666666667
vertex 24.453493333333338 6.168493333333334 64.99990666666667
vertex 24.162700000000005 7.329546666666667 64.99990666666667
endloop
endfacet
facet normal 0 0 1
outer loop
vertex 22.49178666666667 7.186093333333334 64.99990666666667
vertex 24.162700000000005 7.329546666666667 64.99990666666667
vertex 23.875793333333338 8.131966666666667 64.99990666666667
endloop
endfacet
facet normal 0 0 1
outer loop
vertex 22.49178666666667 7.186093333333334 64.99990666666667
vertex 23.875793333333338 8.131966666666667 64.99990666666667
vertex 19.632613333333335 8.131966666666667 64.99990666666667
endloop
endfacet
facet normal 0 0 1
outer loop
vertex -23.055000000000003 5.110966666666667 64.99990666666667
vertex -24.453493333333338 6.168493333333334 64.99990666666667
vertex -24.764780000000002 4.926173333333334 64.99990666666667
endloop
endfacet
facet normal 0 0 1
outer loop
vertex -23.055000000000003 5.110966666666667 64.99990666666667
vertex -24.764780000000002 4.926173333333334 64.99990666666667
vertex -24.880673333333338 4.14566 64.99990666666667
endloop
endfacet
facet normal 0 0 1
outer loop
vertex -23.055000000000003 5.110966666666667 64.99990666666667
vertex -24.880673333333338 4.14566 64.99990666666667
vertex -20.841720000000002 4.14566 64.99990666666667
endloop
endfacet
facet normal 0 0 1
outer loop
vertex -23.055000000000003 5.110966666666667 64.99990666666667
vertex -20.841720000000002 4.14566 64.99990666666667
vertex -20.335040000000003 6.168493333333334 64.99990666666667
endloop
endfacet
facet normal 0 0 1
outer loop
vertex -23.055000000000003 5.110966666666667 64.99990666666667
vertex -20.335040000000003 6.168493333333334 64.99990666666667
vertex -24.453493333333338 6.168493333333334 64.99990666666667
endloop
endfacet
facet normal 0 0 1
outer loop
vertex 23.055000000000003 5.110966666666667 64.99990666666667
vertex 20.335040000000003 6.168493333333334 64.99990666666667
vertex 20.841720000000002 4.14566 64.99990666666667
endloop
endfacet
facet normal 0 0 1
outer loop
vertex 23.055000000000003 5.110966666666667 64.99990666666667
vertex 20.841720000000002 4.14566 64.99990666666667
vertex 24.880673333333338 4.14566 64.99990666666667
endloop
endfacet
facet normal 0 0 1
outer loop
vertex 23.055000000000003 5.110966666666667 64.99990666666667
vertex 24.880673333333338 4.14566 64.99990666666667
vertex 24.764780000000002 4.926173333333334 64.99990666666667
endloop
endfacet
facet normal 0 0 1
outer loop
vertex 23.055000000000003 5.110966666666667 64.99990666666667
vertex 24.764780000000002 4.926173333333334 64.99990666666667
vertex 24.453493333333338 6.168493333333334 64.99990666666667
endloop
endfacet
facet normal 0 0 1
outer loop
vertex 23.055000000000003 5.110966666666667 64.99990666666667
vertex 24.453493333333338 6.168493333333334 64.99990666666667
vertex 20.335040000000003 6.168493333333334 64.99990666666667
endloop
endfacet
facet normal 0 0 1
outer loop
vertex -23.429180000000002 2.9863733333333338 64.99990666666667
vertex -24.880673333333338 4.14566 64.99990666666667
vertex -25.128360000000004 2.4751000000000003 64.99990666666667
endloop
endfacet
facet normal 0 0 1
outer loop
vertex -23.429180000000002 2.9863733333333338 64.99990666666667
vertex -25.128360000000004 2.4751000000000003 64.99990666666667
vertex -25.147793333333336 2.0829000000000004 64.99990666666667
endloop
endfacet
facet normal 0 0 1
outer loop
vertex -23.429180000000002 2.9863733333333338 64.99990666666667
vertex -25.147793333333336 2.0829000000000004 64.99990666666667
vertex -21.147706666666668 2.0829000000000004 64.99990666666667
endloop
endfacet
facet normal 0 0 1
outer loop
vertex -23.429180000000002 2.9863733333333338 64.99990666666667
vertex -21.147706666666668 2.0829000000000004 64.99990666666667
vertex -20.841720000000002 4.14566 64.99990666666667
endloop
endfacet
facet normal 0 0 1
outer loop
vertex -23.429180000000002 2.9863733333333338 64.99990666666667
vertex -20.841720000000002 4.14566 64.99990666666667
vertex -24.880673333333338 4.14566 64.99990666666667
endloop
endfacet
facet normal 0 0 1
outer loop
vertex 23.429180000000002 2.9863733333333338 64.99990666666667
vertex 20.841720000000002 4.14566 64.99990666666667
vertex 21.147706666666668 2.0829000000000004 64.99990666666667
endloop
endfacet
facet normal 0 0 1
outer loop
vertex 23.429180000000002 2.9863733333333338 64.99990666666667
vertex 21.147706666666668 2.0829000000000004 64.99990666666667
vertex 25.147793333333336 2.0829000000000004 64.99990666666667
endloop
endfacet
facet normal 0 0 1
outer loop
vertex 23.429180000000002 2.9863733333333338 64.99990666666667
vertex 25.147793333333336 2.0829000000000004 64.99990666666667
vertex 25.128360000000004 2.4751000000000003 64.99990666666667
endloop
endfacet
facet normal 0 0 1
outer loop
vertex 23.429180000000002 2.9863733333333338 64.99990666666667
vertex 25.128360000000004 2.4751000000000003 64.99990666666667
vertex 24.880673333333338 4.14566 64.99990666666667
endloop
endfacet
facet normal 0 0 1
outer loop
vertex 23.429180000000002 2.9863733333333338 64.99990666666667
vertex 24.880673333333338 4.14566 64.99990666666667
vertex 20.841720000000002 4.14566 64.99990666666667
endloop
endfacet
facet normal 0 0 1
outer loop
vertex -25.147793333333336 2.0829000000000004 64.99990666666667
vertex -25.24990666666667 0 64.99990666666667
vertex -21.250173333333336 0 64.99990666666667
endloop
endfacet
facet normal 0 0 1
outer loop
vertex -25.147793333333336 2.0829000000000004 64.99990666666667
vertex -21.250173333333336 0 64.99990666666667
vertex -21.147706666666668 2.0829000000000004 64.99990666666667
endloop
endfacet
facet normal 0 0 1
outer loop
vertex 21.147706666666668 2.0829000000000004 64.99990666666667
vertex 21.250173333333336 0 64.99990666666667
vertex 25.24990666666667 0 64.99990666666667
endloop
endfacet
facet normal 0 0 1
outer loop
vertex 21.147706666666668 2.0829000000000004 64.99990666666667
vertex 25.24990666666667 0 64.99990666666667
vertex 25.147793333333336 2.0829000000000004 64.99990666666667
endloop
endfacet
facet normal 0 0 1
outer loop
vertex -25.24990666666667 0 64.99990666666667
vertex -25.147793333333336 -2.0829000000000004 64.99990666666667
vertex -21.147706666666668 -2.0829000000000004 64.99990666666667
endloop
endfacet
facet normal 0 0 1
outer loop
vertex -25.24990666666667 0 64.99990666666667
vertex -21.147706666666668 -2.0829000000000004 64.99990666666667
vertex -21.250173333333336 0 64.99990666666667
endloop
endfacet
facet normal 0 0 1
outer loop
vertex 21.250173333333336 0 64.99990666666667
vertex 21.147706666666668 -2.0829000000000004 64.99990666666667
vertex 25.147793333333336 -2.0829000000000004 64.99990666666667
endloop
endfacet
facet normal 0 0 1
outer loop
vertex 21.250173333333336 0 64.99990666666667
vertex 25.147793333333336 -2.0829000000000004 64.99990666666667
vertex 25.24990666666667 0 64.99990666666667
endloop
endfacet
facet normal 0 0 1
outer loop
vertex -23.429180000000002 -2.9863733333333338 64.99990666666667
vertex -25.147793333333336 -2.0829000000000004 64.99990666666667
vertex -25.128360000000004 -2.4751000000000003 64.99990666666667
endloop
endfacet
facet normal 0 0 1
outer loop
vertex -23.429180000000002 -2.9863733333333338 64.99990666666667
vertex -25.128360000000004 -2.4751000000000003 64.99990666666667
vertex -24.880673333333338 -4.14566 64.99990666666667
endloop
endfacet
facet normal 0 0 1
outer loop
vertex -23.429180000000002 -2.9863733333333338 64.99990666666667
vertex -24.880673333333338 -4.14566 64.99990666666667
vertex -20.841720000000002 -4.14566 64.99990666666667
endloop
endfacet
facet normal 0 0 1
outer loop
vertex -23.429180000000002 -2.9863733333333338 64.99990666666667
vertex -20.841720000000002 -4.14566 64.99990666666667
vertex -21.147706666666668 -2.0829000000000004 64.99990666666667
endloop
endfacet
facet normal 0 0 1
outer loop
vertex -23.429180000000002 -2.9863733333333338 64.99990666666667
vertex -21.147706666666668 -2.0829000000000004 64.99990666666667
vertex -25.147793333333336 -2.0829000000000004 64.99990666666667
endloop
endfacet
facet normal 0 0 1
outer loop
vertex 23.429180000000002 -2.9863733333333338 64.99990666666667
vertex 21.147706666666668 -2.0829000000000004 64.99990666666667
vertex 20.841720000000002 -4.14566 64.99990666666667
endloop
endfacet
facet normal 0 0 1
outer loop
vertex 23.429180000000002 -2.9863733333333338 64.99990666666667
vertex 20.841720000000002 -4.14566 64.99990666666667
vertex 24.880673333333338 -4.14566 64.99990666666667
endloop
endfacet
facet normal 0 0 1
outer loop
vertex 23.429180000000002 -2.9863733333333338 64.99990666666667
vertex 24.880673333333338 -4.14566 64.99990666666667
vertex 25.128360000000004 -2.4751000000000003 64.99990666666667
endloop
endfacet
facet normal 0 0 1
outer loop
vertex 23.429180000000002 -2.9863733333333338 64.99990666666667
vertex 25.128360000000004 -2.4751000000000003 64.99990666666667
vertex 25.147793333333336 -2.0829000000000004 64.99990666666667
endloop
endfacet
facet normal 0 0 1
outer loop
vertex 23.429180000000002 -2.9863733333333338 64.99990666666667
vertex 25.147793333333336 -2.0829000000000004 64.99990666666667
vertex 21.147706666666668 -2.0829000000000004 64.99990666666667
endloop
endfacet
facet normal 0 0 1
outer loop
vertex -23.055000000000003 -5.110966666666667 64.99990666666667
vertex -24.880673333333338 -4.14566 64.99990666666667
vertex -24.764780000000002 -4.926173333333334 64.99990666666667
endloop
endfacet
facet normal 0 0 1
outer loop
vertex -23.055000000000003 -5.110966666666667 64.99990666666667
vertex -24.764780000000002 -4.926173333333334 64.99990666666667
vertex -24.453493333333338 -6.168493333333334 64.99990666666667
endloop
endfacet
facet normal 0 0 1
outer loop
vertex -23.055000000000003 -5.110966666666667 64.99990666666667
vertex -24.453493333333338 -6.168493333333334 64.99990666666667
vertex -20.335040000000003 -6.168493333333334 64.99990666666667
endloop
endfacet
facet normal 0 0 1
outer loop
vertex -23.055000000000003 -5.110966666666667 64.99990666666667
vertex -20.335040000000003 -6.168493333333334 64.99990666666667
vertex -20.841720000000002 -4.14566 64.99990666666667
endloop
endfacet
facet normal 0 0 1
outer loop
vertex -23.055000000000003 -5.110966666666667 64.99990666666667
vertex -20.841720000000002 -4.14566 64.99990666666667
vertex -24.880673333333338 -4.14566 64.99990666666667
endloop
endfacet
facet normal 0 0 1
outer loop
vertex 23.055000000000003 -5.110966666666667 64.99990666666667
vertex 20.841720000000002 -4.14566 64.99990666666667
vertex 20.335040000000003 -6.168493333333334 64.99990666666667
endloop
endfacet
facet normal 0 0 1
outer loop
vertex 23.055000000000003 -5.110966666666667 64.99990666666667
vertex 20.335040000000003 -6.168493333333334 64.99990666666667
vertex 24.453493333333338 -6.168493333333334 64.99990666666667
endloop
endfacet
facet normal 0 0 1
outer loop
vertex 23.055000000000003 -5.110966666666667 64.99990666666667
vertex 24.453493333333338 -6.168493333333334 64.99990666666667
vertex 24.764780000000002 -4.926173333333334 64.99990666666667
endloop
endfacet
facet normal 0 0 1
outer loop
vertex 23.055000000000003 -5.110966666666667 64.99990666666667
vertex 24.764780000000002 -4.926173333333334 64.99990666666667
vertex 24.880673333333338 -4.14566 64.99990666666667
endloop
endfacet
facet normal 0 0 1
outer loop
vertex 23.055000000000003 -5.110966666666667 64.99990666666667
vertex 24.880673333333338 -4.14566 64.99990666666667
vertex 20.841720000000002 -4.14566 64.99990666666667
endloop
endfacet
facet normal 0 0 1
outer loop
vertex -22.49178666666667 -7.186093333333334 64.99990666666667
vertex -24.453493333333338 -6.168493333333334 64.99990666666667
vertex -24.162700000000005 -7.329546666666667 64.99990666666667
endloop
endfacet
facet normal 0 0 1
outer loop
vertex -22.49178666666667 -7.186093333333334 64.99990666666667
vertex -24.162700000000005 -7.329546666666667 64.99990666666667
vertex -23.875793333333338 -8.131966666666667 64.99990666666667
endloop
endfacet
facet normal 0 0 1
outer loop
vertex -22.49178666666667 -7.186093333333334 64.99990666666667
vertex -23.875793333333338 -8.131966666666667 64.99990666666667
vertex -19.632613333333335 -8.131966666666667 64.99990666666667
endloop
endfacet
facet normal 0 0 1
outer loop
vertex -22.49178666666667 -7.186093333333334 64.99990666666667
vertex -19.632613333333335 -8.131966666666667 64.99990666666667
vertex -20.335040000000003 -6.168493333333334 64.99990666666667
endloop
endfacet
facet normal 0 0 1
outer loop
vertex -22.49178666666667 -7.186093333333334 64.99990666666667
vertex -20.335040000000003 -6.168493333333334 64.99990666666667
vertex -24.453493333333338 -6.168493333333334 64.99990666666667
endloop
endfacet
facet normal 0 0 1
outer loop
vertex 22.49178666666667 -7.186093333333334 64.99990666666667
vertex 20.335040000000003 -6.168493333333334 64.99990666666667
vertex 19.632613333333335 -8.131966666666667 64.99990666666667
endloop
endfacet
facet normal 0 0 1
outer loop
vertex 22.49178666666667 -7.186093333333334 64.99990666666667
vertex 19.632613333333335 -8.131966666666667 64.99990666666667
vertex 23.875793333333338 -8.131966666666667 64.99990666666667
endloop
endfacet
facet normal 0 0 1
outer loop
vertex 22.49178666666667 -7.186093333333334 64.99990666666667
vertex 23.875793333333338 -8.131966666666667 64.99990666666667
vertex 24.162700000000005 -7.329546666666667 64.99990666666667
endloop
endfacet
facet normal 0 0 1
outer loop
vertex 22.49178666666667 -7.186093333333334 64.99990666666667
vertex 24.162700000000005 -7.329546666666667 64.99990666666667
vertex 24.453493333333338 -6.168493333333334 64.99990666666667
endloop
endfacet
facet normal 0 0 1
outer loop
vertex 22.49178666666667 -7.186093333333334 64.99990666666667
vertex 24.453493333333338 -6.168493333333334 64.99990666666667
vertex 20.335040000000003 -6.168493333333334 64.99990666666667
endloop
endfacet
facet normal 0 0 1
outer loop
vertex -21.74766666666667 -9.19232 64.99990666666667
vertex -23.875793333333338 -8.131966666666667 64.99990666666667
vertex -23.32812666666667 -9.662606666666667 64.99990666666667
endloop
endfacet
facet normal 0 0 1
outer loop
vertex -21.74766666666667 -9.19232 64.99990666666667
vertex -23.32812666666667 -9.662606666666667 64.99990666666667
vertex -23.160293333333335 -10.017353333333334 64.99990666666667
endloop
endfacet
facet normal 0 0 1
outer loop
vertex -21.74766666666667 -9.19232 64.99990666666667
vertex -23.160293333333335 -10.017353333333334 64.99990666666667
vertex -18.740800000000004 -10.017353333333334 64.99990666666667
endloop
endfacet
facet normal 0 0 1
outer loop
vertex -21.74766666666667 -9.19232 64.99990666666667
vertex -18.740800000000004 -10.017353333333334 64.99990666666667
vertex -19.632613333333335 -8.131966666666667 64.99990666666667
endloop
endfacet
facet normal 0 0 1
outer loop
vertex -21.74766666666667 -9.19232 64.99990666666667
vertex -19.632613333333335 -8.131966666666667 64.99990666666667
vertex -23.875793333333338 -8.131966666666667 64.99990666666667
endloop
endfacet
facet normal 0 0 1
outer loop
vertex 21.74766666666667 -9.19232 64.99990666666667
vertex 19.632613333333335 -8.131966666666667 64.99990666666667
vertex 18.740800000000004 -10.017353333333334 64.99990666666667
endloop
endfacet
facet normal 0 0 1
outer loop
vertex 21.74766666666667 -9.19232 64.99990666666667
vertex 18.740800000000004 -10.017353333333334 64.99990666666667
vertex 23.160293333333335 -10.017353333333334 64.99990666666667
endloop
endfacet
facet normal 0 0 1
outer loop
vertex 21.74766666666667 -9.19232 64.99990666666667
vertex 23.160293333333335 -10.017353333333334 64.99990666666667
vertex 23.32812666666667 -9.662606666666667 64.99990666666667
endloop
endfacet
facet normal 0 0 1
outer loop
vertex 21.74766666666667 -9.19232 64.99990666666667
vertex 23.32812666666667 -9.662606666666667 64.99990666666667
vertex 23.875793333333338 -8.131966666666667 64.99990666666667
endloop
endfacet
facet normal 0 0 1
outer loop
vertex 21.74766666666667 -9.19232 64.99990666666667
vertex 23.875793333333338 -8.131966666666667 64.99990666666667
vertex 19.632613333333335 -8.131966666666667 64.99990666666667
endloop
endfacet
facet normal 0 0 1
outer loop
vertex -23.160293333333335 -10.017353333333334 64.99990666666667
vertex -22.314413333333334 -11.805926666666668 64.99990666666667
vertex -17.66878666666667 -11.805926666666668 64.99990666666667
endloop
endfacet
facet normal 0 0 1
outer loop
vertex -23.160293333333335 -10.017353333333334 64.99990666666667
vertex -17.66878666666667 -11.805926666666668 64.99990666666667
vertex -18.740800000000004 -10.017353333333334 64.99990666666667
endloop
endfacet
facet normal 0 0 1
outer loop
vertex 18.740800000000004 -10.017353333333334 64.99990666666667
vertex 17.66878666666667 -11.805926666666668 64.99990666666667
vertex 22.314413333333334 -11.805926666666668 64.99990666666667
endloop
endfacet
facet normal 0 0 1
outer loop
vertex 18.740800000000004 -10.017353333333334 64.99990666666667
vertex 22.314413333333334 -11.805926666666668 64.99990666666667
vertex 23.160293333333335 -10.017353333333334 64.99990666666667
endloop
endfacet
facet normal 0 0 0.9999999999999999
outer loop
vertex -20.000080000000004 -12.495280000000001 64.99990666666667
vertex -22.314413333333334 -11.805926666666668 64.99990666666667
vertex -22.268480000000004 -11.902740000000001 64.99990666666667
endloop
endfacet
facet normal 0 0 1
outer loop
vertex -20.000080000000004 -12.495280000000001 64.99990666666667
vertex -22.268480000000004 -11.902740000000001 64.99990666666667
vertex -21.32260666666667 -13.480726666666667 64.99990666666667
endloop
endfacet
facet normal 0 0 1
outer loop
vertex -20.000080000000004 -12.495280000000001 64.99990666666667
vertex -21.32260666666667 -13.480726666666667 64.99990666666667
vertex -16.42646666666667 -13.480726666666667 64.99990666666667
endloop
endfacet
facet normal 0 0 1
outer loop
vertex -20.000080000000004 -12.495280000000001 64.99990666666667
vertex -16.42646666666667 -13.480726666666667 64.99990666666667
vertex -17.66878666666667 -11.805926666666668 64.99990666666667
endloop
endfacet
facet normal 0 0 0.9999999999999999
outer loop
vertex -20.000080000000004 -12.495280000000001 64.99990666666667
vertex -17.66878666666667 -11.805926666666668 64.99990666666667
vertex -22.314413333333334 -11.805926666666668 64.99990666666667
endloop
endfacet
facet normal 0 0 1
outer loop
vertex 20.000080000000004 -12.495280000000001 64.99990666666667
vertex 17.66878666666667 -11.805926666666668 64.99990666666667
vertex 16.42646666666667 -13.480726666666667 64.99990666666667
endloop
endfacet
facet normal 0 0 1
outer loop
vertex 20.000080000000004 -12.495280000000001 64.99990666666667
vertex 16.42646666666667 -13.480726666666667 64.99990666666667
vertex 21.32260666666667 -13.480726666666667 64.99990666666667
endloop
endfacet
facet normal 0 0 1
outer loop
vertex 20.000080000000004 -12.495280000000001 64.99990666666667
vertex 21.32260666666667 -13.480726666666667 64.99990666666667
vertex 22.268480000000004 -11.902740000000001 64.99990666666667
endloop
endfacet
facet normal 0 0 0.9999999999999999
outer loop
vertex 20.000080000000004 -12.495280000000001 64.99990666666667
vertex 22.268480000000004 -11.902740000000001 64.99990666666667
vertex 22.314413333333334 -11.805926666666668 64.99990666666667
endloop
endfacet
facet normal 0 0 0.9999999999999999
outer loop
vertex 20.000080000000004 -12.495280000000001 64.99990666666667
vertex 22.314413333333334 -11.805926666666668 64.99990666666667
vertex 17.66878666666667 -11.805926666666668 64.99990666666667
endloop
endfacet
facet normal 0 0 1
outer loop
vertex -18.804753333333334 -14.208240000000002 64.99990666666667
vertex -21.32260666666667 -13.480726666666667 64.99990666666667
vertex -20.994713333333337 -14.028040000000003 64.99990666666667
endloop
endfacet
facet normal 0 0 1
outer loop
vertex -18.804753333333334 -14.208240000000002 64.99990666666667
vertex -20.994713333333337 -14.028040000000003 64.99990666666667
vertex -20.25448 -15.025853333333336 64.99990666666667
endloop
endfacet
facet normal 0 0 1
outer loop
vertex -18.804753333333334 -14.208240000000002 64.99990666666667
vertex -20.25448 -15.025853333333336 64.99990666666667
vertex -15.025853333333336 -15.025853333333336 64.99990666666667
endloop
endfacet
facet normal 0 0 1
outer loop
vertex -18.804753333333334 -14.208240000000002 64.99990666666667
vertex -15.025853333333336 -15.025853333333336 64.99990666666667
vertex -16.42646666666667 -13.480726666666667 64.99990666666667
endloop
endfacet
facet normal 0 0 0.9999999999999999
outer loop
vertex -18.804753333333334 -14.208240000000002 64.99990666666667
vertex -16.42646666666667 -13.480726666666667 64.99990666666667
vertex -21.32260666666667 -13.480726666666667 64.99990666666667
endloop
endfacet
facet normal 0 0 1
outer loop
vertex 18.804753333333334 -14.208240000000002 64.99990666666667
vertex 16.42646666666667 -13.480726666666667 64.99990666666667
vertex 15.025853333333336 -15.025853333333336 64.99990666666667
endloop
endfacet
facet normal 0 0 1
outer loop
vertex 18.804753333333334 -14.208240000000002 64.99990666666667
vertex 15.025853333333336 -15.025853333333336 64.99990666666667
vertex 20.25448 -15.025853333333336 64.99990666666667
endloop
endfacet
facet normal 0 0 1
outer loop
vertex 18.804753333333334 -14.208240000000002 64.99990666666667
vertex 20.25448 -15.025853333333336 64.99990666666667
vertex 20.994713333333337 -14.028040000000003 64.99990666666667
endloop
endfacet
facet normal 0 0 1
outer loop
vertex 18.804753333333334 -14.208240000000002 64.99990666666667
vertex 20.994713333333337 -14.028040000000003 64.99990666666667
vertex 21.32260666666667 -13.480726666666667 64.99990666666667
endloop
endfacet
facet normal 0 0 0.9999999999999999
outer loop
vertex 18.804753333333334 -14.208240000000002 64.99990666666667
vertex 21.32260666666667 -13.480726666666667 64.99990666666667
vertex 16.42646666666667 -13.480726666666667 64.99990666666667
endloop
endfacet
facet normal 0 0 1
outer loop
vertex -17.485760000000003 -15.784460000000001 64.99990666666667
vertex -20.25448 -15.025853333333336 64.99990666666667
vertex -19.518486666666668 -16.01836666666667 64.99990666666667
endloop
endfacet
facet normal 0 0 0.9999999999999999
outer loop
vertex -17.485760000000003 -15.784460000000001 64.99990666666667
vertex -19.518486666666668 -16.01836666666667 64.99990666666667
vertex -19.148546666666668 -16.42646666666667 64.99990666666667
endloop
endfacet
facet normal 0 0 1
outer loop
vertex -17.485760000000003 -15.784460000000001 64.99990666666667
vertex -19.148546666666668 -16.42646666666667 64.99990666666667
vertex -13.480726666666667 -16.42646666666667 64.99990666666667
endloop
endfacet
facet normal 0 0 0.9999999999999999
outer loop
vertex -17.485760000000003 -15.784460000000001 64.99990666666667
vertex -13.480726666666667 -16.42646666666667 64.99990666666667
vertex -15.025853333333336 -15.025853333333336 64.99990666666667
endloop
endfacet
facet normal 0 0 1
outer loop
vertex -17.485760000000003 -15.784460000000001 64.99990666666667
vertex -15.025853333333336 -15.025853333333336 64.99990666666667
vertex -20.25448 -15.025853333333336 64.99990666666667
endloop
endfacet
facet normal 0 0 0.9999999999999999
outer loop
vertex 17.485760000000003 -15.784460000000001 64.99990666666667
vertex 15.025853333333336 -15.025853333333336 64.99990666666667
vertex 13.480726666666667 -16.42646666666667 64.99990666666667
endloop
endfacet
facet normal 0 0 1
outer loop
vertex 17.485760000000003 -15.784460000000001 64.99990666666667
vertex 13.480726666666667 -16.42646666666667 64.99990666666667
vertex 19.148546666666668 -16.42646666666667 64.99990666666667
endloop
endfacet
facet normal 0 0 0.9999999999999999
outer loop
vertex 17.485760000000003 -15.784460000000001 64.99990666666667
vertex 19.148546666666668 -16.42646666666667 64.99990666666667
vertex 19.518486666666668 -16.01836666666667 64.99990666666667
endloop
endfacet
facet normal 0 0 1
outer loop
vertex 17.485760000000003 -15.784460000000001 64.99990666666667
vertex 19.518486666666668 -16.01836666666667 64.99990666666667
vertex 20.25448 -15.025853333333336 64.99990666666667
endloop
endfacet
facet normal 0 0 1
outer loop
vertex 17.485760000000003 -15.784460000000001 64.99990666666667
vertex 20.25448 -15.025853333333336 64.99990666666667
vertex 15.025853333333336 -15.025853333333336 64.99990666666667
endloop
endfacet
facet normal 0 0 1
outer loop
vertex -19.148546666666668 -16.42646666666667 64.99990666666667
vertex -18.02282666666667 -17.66878666666667 64.99990666666667
vertex -11.805926666666668 -17.66878666666667 64.99990666666667
endloop
endfacet
facet normal 0 0 1
outer loop
vertex -19.148546666666668 -16.42646666666667 64.99990666666667
vertex -11.805926666666668 -17.66878666666667 64.99990666666667
vertex -13.480726666666667 -16.42646666666667 64.99990666666667
endloop
endfacet
facet normal 0 0 1
outer loop
vertex 13.480726666666667 -16.42646666666667 64.99990666666667
vertex 11.805926666666668 -17.66878666666667 64.99990666666667
vertex 18.02282666666667 -17.66878666666667 64.99990666666667
endloop
endfacet
facet normal 0 0 1
outer loop
vertex 13.480726666666667 -16.42646666666667 64.99990666666667
vertex 18.02282666666667 -17.66878666666667 64.99990666666667
vertex 19.148546666666668 -16.42646666666667 64.99990666666667
endloop
endfacet
facet normal 0 0 1
outer loop
vertex -14.915260000000002 -18.134833333333336 64.99990666666667
vertex -18.02282666666667 -17.66878666666667 64.99990666666667
vertex -17.85428666666667 -17.85428666666667 64.99990666666667
endloop
endfacet
facet normal 0 0 1
outer loop
vertex -14.915260000000002 -18.134833333333336 64.99990666666667
vertex -17.85428666666667 -17.85428666666667 64.99990666666667
vertex -16.876613333333335 -18.740800000000004 64.99990666666667
endloop
endfacet
facet normal 0 0 1
outer loop
vertex -14.915260000000002 -18.134833333333336 64.99990666666667
vertex -16.876613333333335 -18.740800000000004 64.99990666666667
vertex -10.017353333333334 -18.740800000000004 64.99990666666667
endloop
endfacet
facet normal 0 0 1
outer loop
vertex -14.915260000000002 -18.134833333333336 64.99990666666667
vertex -10.017353333333334 -18.740800000000004 64.99990666666667
vertex -11.805926666666668 -17.66878666666667 64.99990666666667
endloop
endfacet
facet normal 0 0 0.9999999999999999
outer loop
vertex -14.915260000000002 -18.134833333333336 64.99990666666667
vertex -11.805926666666668 -17.66878666666667 64.99990666666667
vertex -18.02282666666667 -17.66878666666667 64.99990666666667
endloop
endfacet
facet normal 0 0 1
outer loop
vertex 14.915260000000002 -18.134833333333336 64.99990666666667
vertex 11.805926666666668 -17.66878666666667 64.99990666666667
vertex 10.017353333333334 -18.740800000000004 64.99990666666667
endloop
endfacet
facet normal 0 0 1
outer loop
vertex 14.915260000000002 -18.134833333333336 64.99990666666667
vertex 10.017353333333334 -18.740800000000004 64.99990666666667
vertex 16.876613333333335 -18.740800000000004 64.99990666666667
endloop
endfacet
facet normal 0 0 1
outer loop
vertex 14.915260000000002 -18.134833333333336 64.99990666666667
vertex 16.876613333333335 -18.740800000000004 64.99990666666667
vertex 17.85428666666667 -17.85428666666667 64.99990666666667
endloop
endfacet
facet normal 0 0 1
outer loop
vertex 14.915260000000002 -18.134833333333336 64.99990666666667
vertex 17.85428666666667 -17.85428666666667 64.99990666666667
vertex 18.02282666666667 -17.66878666666667 64.99990666666667
endloop
endfacet
facet normal 0 0 0.9999999999999999
outer loop
vertex 14.915260000000002 -18.134833333333336 64.99990666666667
vertex 18.02282666666667 -17.66878666666667 64.99990666666667
vertex 11.805926666666668 -17.66878666666667 64.99990666666667
endloop
endfacet
facet normal 0 0 1
outer loop
vertex -13.381793333333334 -19.253133333333334 64.99990666666667
vertex -16.876613333333335 -18.740800000000004 64.99990666666667
vertex -16.01836666666667 -19.518486666666668 64.99990666666667
endloop
endfacet
facet normal 0 0 1
outer loop
vertex -13.381793333333334 -19.253133333333334 64.99990666666667
vertex -16.01836666666667 -19.518486666666668 64.99990666666667
vertex -15.864666666666668 -19.632613333333335 64.99990666666667
endloop
endfacet
facet normal 0 0 1
outer loop
vertex -13.381793333333334 -19.253133333333334 64.99990666666667
vertex -15.864666666666668 -19.632613333333335 64.99990666666667
vertex -8.131966666666667 -19.632613333333335 64.99990666666667
endloop
endfacet
facet normal 0 0 1
outer loop
vertex -13.381793333333334 -19.253133333333334 64.99990666666667
vertex -8.131966666666667 -19.632613333333335 64.99990666666667
vertex -10.017353333333334 -18.740800000000004 64.99990666666667
endloop
endfacet
facet normal 0 0 1
outer loop
vertex -13.381793333333334 -19.253133333333334 64.99990666666667
vertex -10.017353333333334 -18.740800000000004 64.99990666666667
vertex -16.876613333333335 -18.740800000000004 64.99990666666667
endloop
endfacet
facet normal 0 0 1
outer loop
vertex 13.381793333333334 -19.253133333333334 64.99990666666667
vertex 10.017353333333334 -18.740800000000004 64.99990666666667
vertex 8.131966666666667 -19.632613333333335 64.99990666666667
endloop
endfacet
facet normal 0 0 1
outer loop
vertex 13.381793333333334 -19.253133333333334 64.99990666666667
vertex 8.131966666666667 -19.632613333333335 64.99990666666667
vertex 15.864666666666668 -19.632613333333335 64.99990666666667
endloop
endfacet
facet normal 0 0 1
outer loop
vertex 13.381793333333334 -19.253133333333334 64.99990666666667
vertex 15.864666666666668 -19.632613333333335 64.99990666666667
vertex 16.01836666666667 -19.518486666666668 64.99990666666667
endloop
endfacet
facet normal 0 0 1
outer loop
vertex 13.381793333333334 -19.253133333333334 64.99990666666667
vertex 16.01836666666667 -19.518486666666668 64.99990666666667
vertex 16.876613333333335 -18.740800000000004 64.99990666666667
endloop
endfacet
facet normal 0 0 1
outer loop
vertex 13.381793333333334 -19.253133333333334 64.99990666666667
vertex 16.876613333333335 -18.740800000000004 64.99990666666667
vertex 10.017353333333334 -18.740800000000004 64.99990666666667
endloop
endfacet
facet normal 0 0 1
outer loop
vertex -15.864666666666668 -19.632613333333335 64.99990666666667
vertex -14.917380000000001 -20.335040000000003 64.99990666666667
vertex -6.168493333333334 -20.335040000000003 64.99990666666667
endloop
endfacet
facet normal 0 0 1
outer loop
vertex -15.864666666666668 -19.632613333333335 64.99990666666667
vertex -6.168493333333334 -20.335040000000003 64.99990666666667
vertex -8.131966666666667 -19.632613333333335 64.99990666666667
endloop
endfacet
facet normal 0 0 1
outer loop
vertex 8.131966666666667 -19.632613333333335 64.99990666666667
vertex 6.168493333333334 -20.335040000000003 64.99990666666667
vertex 14.917380000000001 -20.335040000000003 64.99990666666667
endloop
endfacet
facet normal 0 0 1
outer loop
vertex 8.131966666666667 -19.632613333333335 64.99990666666667
vertex 14.917380000000001 -20.335040000000003 64.99990666666667
vertex 15.864666666666668 -19.632613333333335 64.99990666666667
endloop
endfacet
facet normal 0 0 1
outer loop
vertex -14.917380000000001 -20.335040000000003 64.99990666666667
vertex -14.23438666666667 -20.841720000000002 64.99990666666667
vertex -4.14566 -20.841720000000002 64.99990666666667
endloop
endfacet
facet normal 0 0 1
outer loop
vertex -14.917380000000001 -20.335040000000003 64.99990666666667
vertex -4.14566 -20.841720000000002 64.99990666666667
vertex -6.168493333333334 -20.335040000000003 64.99990666666667
endloop
endfacet
facet normal 0 0 1
outer loop
vertex 6.168493333333334 -20.335040000000003 64.99990666666667
vertex 4.14566 -20.841720000000002 64.99990666666667
vertex 14.23438666666667 -20.841720000000002 64.99990666666667
endloop
endfacet
facet normal 0 0 1
outer loop
vertex 6.168493333333334 -20.335040000000003 64.99990666666667
vertex 14.23438666666667 -20.841720000000002 64.99990666666667
vertex 14.917380000000001 -20.335040000000003 64.99990666666667
endloop
endfacet
facet normal 0 0 1
outer loop
vertex -9.652713333333335 -20.994713333333337 64.99990666666667
vertex -14.23438666666667 -20.841720000000002 64.99990666666667
vertex -14.028040000000003 -20.994713333333337 64.99990666666667
endloop
endfacet
facet normal 0 0 1
outer loop
vertex -9.652713333333335 -20.994713333333337 64.99990666666667
vertex -14.028040000000003 -20.994713333333337 64.99990666666667
vertex -13.772933333333334 -21.147706666666668 64.99990666666667
endloop
endfacet
facet normal 0 0 1
outer loop
vertex -9.652713333333335 -20.994713333333337 64.99990666666667
vertex -13.772933333333334 -21.147706666666668 64.99990666666667
vertex -2.0829000000000004 -21.147706666666668 64.99990666666667
endloop
endfacet
facet normal 0 0 1
outer loop
vertex -9.652713333333335 -20.994713333333337 64.99990666666667
vertex -2.0829000000000004 -21.147706666666668 64.99990666666667
vertex -4.14566 -20.841720000000002 64.99990666666667
endloop
endfacet
facet normal 0 0 1
outer loop
vertex -9.652713333333335 -20.994713333333337 64.99990666666667
vertex -4.14566 -20.841720000000002 64.99990666666667
vertex -14.23438666666667 -20.841720000000002 64.99990666666667
endloop
endfacet
facet normal 0 0 1
outer loop
vertex 9.652713333333335 -20.994713333333337 64.99990666666667
vertex 4.14566 -20.841720000000002 64.99990666666667
vertex 2.0829000000000004 -21.147706666666668 64.99990666666667
endloop
endfacet
facet normal 0 0 1
outer loop
vertex 9.652713333333335 -20.994713333333337 64.99990666666667
vertex 2.0829000000000004 -21.147706666666668 64.99990666666667
vertex 13.772933333333334 -21.147706666666668 64.99990666666667
endloop
endfacet
facet normal 0 0 1
outer loop
vertex 9.652713333333335 -20.994713333333337 64.99990666666667
vertex 13.772933333333334 -21.147706666666668 64.99990666666667
vertex 14.028040000000003 -20.994713333333337 64.99990666666667
endloop
endfacet
facet normal 0 0 1
outer loop
vertex 9.652713333333335 -20.994713333333337 64.99990666666667
vertex 14.028040000000003 -20.994713333333337 64.99990666666667
vertex 14.23438666666667 -20.841720000000002 64.99990666666667
endloop
endfacet
facet normal 0 0 1
outer loop
vertex 9.652713333333335 -20.994713333333337 64.99990666666667
vertex 14.23438666666667 -20.841720000000002 64.99990666666667
vertex 4.14566 -20.841720000000002 64.99990666666667
endloop
endfacet
facet normal 0 0 1
outer loop
vertex -13.772933333333334 -21.147706666666668 64.99990666666667
vertex -13.601920000000002 -21.250173333333336 64.99990666666667
vertex 0 -21.250173333333336 64.99990666666667
endloop
endfacet
facet normal 0 0 1
outer loop
vertex -13.772933333333334 -21.147706666666668 64.99990666666667
vertex 0 -21.250173333333336 64.99990666666667
vertex -2.0829000000000004 -21.147706666666668 64.99990666666667
endloop
endfacet
facet normal 0 0 1
outer loop
vertex 2.0829000000000004 -21.147706666666668 64.99990666666667
vertex 0 -21.250173333333336 64.99990666666667
vertex 13.601920000000002 -21.250173333333336 64.99990666666667
endloop
endfacet
facet normal 0 0 1
outer loop
vertex 2.0829000000000004 -21.147706666666668 64.99990666666667
vertex 13.601920000000002 -21.250173333333336 64.99990666666667
vertex 13.772933333333334 -21.147706666666668 64.99990666666667
endloop
endfacet
facet normal 0 0 1
outer loop
vertex 0 -23.450380000000003 64.99990666666667
vertex 0 -21.250173333333336 64.99990666666667
vertex -13.601920000000002 -21.250173333333336 64.99990666666667
endloop
endfacet
facet normal 0 0 1
outer loop
vertex 0 -23.450380000000003 64.99990666666667
vertex -13.601920000000002 -21.250173333333336 64.99990666666667
vertex -11.902740000000001 -22.268480000000004 64.99990666666667
endloop
endfacet
facet normal 0 0 1
outer loop
vertex 0 -23.450380000000003 64.99990666666667
vertex -11.902740000000001 -22.268480000000004 64.99990666666667
vertex -9.662606666666667 -23.32812666666667 64.99990666666667
endloop
endfacet
facet normal 0 0 0.9999999999999999
outer loop
vertex 0 -23.450380000000003 64.99990666666667
vertex -9.662606666666667 -23.32812666666667 64.99990666666667
vertex -7.329546666666667 -24.162700000000005 64.99990666666667
endloop
endfacet
facet normal 0 0 1
outer loop
vertex 0 -23.450380000000003 64.99990666666667
vertex -7.329546666666667 -24.162700000000005 64.99990666666667
vertex -4.926173333333334 -24.764780000000002 64.99990666666667
endloop
endfacet
facet normal 0 0 1
outer loop
vertex 0 -23.450380000000003 64.99990666666667
vertex -4.926173333333334 -24.764780000000002 64.99990666666667
vertex -2.4751000000000003 -25.128360000000004 64.99990666666667
endloop
endfacet
facet normal 0 0 1
outer loop
vertex 0 -23.450380000000003 64.99990666666667
vertex -2.4751000000000003 -25.128360000000004 64.99990666666667
vertex 0 -25.24990666666667 64.99990666666667
endloop
endfacet
facet normal 0 0 1
outer loop
vertex 0 -23.450380000000003 64.99990666666667
vertex 0 -25.24990666666667 64.99990666666667
vertex 2.4751000000000003 -25.128360000000004 64.99990666666667
endloop
endfacet
facet normal 0 0 1
outer loop
vertex 0 -23.450380000000003 64.99990666666667
vertex 2.4751000000000003 -25.128360000000004 64.99990666666667
vertex 4.926173333333334 -24.764780000000002 64.99990666666667
endloop
endfacet
facet normal 0 0 1
outer loop
vertex 0 -23.450380000000003 64.99990666666667
vertex 4.926173333333334 -24.764780000000002 64.99990666666667
vertex 7.329546666666667 -24.162700000000005 64.99990666666667
endloop
endfacet
facet normal 0 0 0.9999999999999999
outer loop
vertex 0 -23.450380000000003 64.99990666666667
vertex 7.329546666666667 -24.162700000000005 64.99990666666667
vertex 9.662606666666667 -23.32812666666667 64.99990666666667
endloop
endfacet
facet normal 0 0 1
outer loop
vertex 0 -23.450380000000003 64.99990666666667
vertex 9.662606666666667 -23.32812666666667 64.99990666666667
vertex 11.902740000000001 -22.268480000000004 64.99990666666667
endloop
endfacet
facet normal 0 0 1
outer loop
vertex 0 -23.450380000000003 64.99990666666667
vertex 11.902740000000001 -22.268480000000004 64.99990666666667
vertex 13.601920000000002 -21.250173333333336 64.99990666666667
endloop
endfacet
facet normal 0 0 1
outer loop
vertex 0 -23.450380000000003 64.99990666666667
vertex 13.601920000000002 -21.250173333333336 64.99990666666667
vertex 0 -21.250173333333336 64.99990666666667
endloop
endfacet
facet normal 0 0 -1
outer loop
vertex 0 23.450380000000003 59.999886666666676
vertex 0 25.24990666666667 59.999886666666676
vertex 2.4751000000000003 25.128360000000004 59.999886666666676
endloop
endfacet
facet normal 0 0 -1
outer loop
vertex 0 23.450380000000003 59.999886666666676
vertex 2.4751000000000003 25.128360000000004 59.999886666666676
vertex 4.926173333333334 24.764780000000002 59.999886666666676
endloop
endfacet
facet normal 0 0 -1
outer loop
vertex 0 23.450380000000003 59.999886666666676
vertex 4.926173333333334 24.764780000000002 59.999886666666676
vertex 7.329546666666667 24.162700000000005 59.999886666666676
endloop
endfacet
facet normal 0 0 -0.9999999999999999
outer loop
vertex 0 23.450380000000003 59.999886666666676
vertex 7.329546666666667 24.162700000000005 59.999886666666676
vertex 9.662606666666667 23.32812666666667 59.999886666666676
endloop
endfacet
facet normal 0 0 -1
outer loop
vertex 0 23.450380000000003 59.999886666666676
vertex 9.662606666666667 23.32812666666667 59.999886666666676
vertex 11.902740000000001 22.268480000000004 59.999886666666676
endloop
endfacet
facet normal 0 0 -1
outer loop
vertex 0 23.450380000000003 59.999886666666676
vertex 11.902740000000001 22.268480000000004 59.999886666666676
vertex 13.601920000000002 21.250173333333336 59.999886666666676
endloop
endfacet
facet normal 0 0 -1
outer loop
vertex 0 23.450380000000003 59.999886666666676
vertex 13.601920000000002 21.250173333333336 59.999886666666676
vertex 0 21.250173333333336 59.999886666666676
endloop
endfacet
facet normal 0 0 -1
outer loop
vertex 0 23.450380000000003 59.999886666666676
vertex 0 21.250173333333336 59.999886666666676
vertex -13.601920000000002 21.250173333333336 59.999886666666676
endloop
endfacet
facet normal 0 0 -1
outer loop
vertex 0 23.450380000000003 59.999886666666676
vertex -13.601920000000002 21.250173333333336 59.999886666666676
vertex -11.902740000000001 22.268480000000004 59.999886666666676
endloop
endfacet
facet normal 0 0 -1
outer loop
vertex 0 23.450380000000003 59.999886666666676
vertex -11.902740000000001 22.268480000000004 59.999886666666676
vertex -9.662606666666667 23.32812666666667 59.999886666666676
endloop
endfacet
facet normal 0 0 -0.9999999999999999
outer loop
vertex 0 23.450380000000003 59.999886666666676
vertex -9.662606666666667 23.32812666666667 59.999886666666676
vertex -7.329546666666667 24.162700000000005 59.999886666666676
endloop
endfacet
facet normal 0 0 -1
outer loop
vertex 0 23.450380000000003 59.999886666666676
vertex -7.329546666666667 24.162700000000005 59.999886666666676
vertex -4.926173333333334 24.764780000000002 59.999886666666676
endloop
endfacet
facet normal 0 0 -1
outer loop
vertex 0 23.450380000000003 59.999886666666676
vertex -4.926173333333334 24.764780000000002 59.999886666666676
vertex -2.4751000000000003 25.128360000000004 59.999886666666676
endloop
endfacet
facet normal 0 0 -1
outer loop
vertex 0 23.450380000000003 59.999886666666676
vertex -2.4751000000000003 25.128360000000004 59.999886666666676
vertex 0 25.24990666666667 59.999886666666676
endloop
endfacet
facet normal 0 0 -1
outer loop
vertex 13.601920000000002 21.250173333333336 59.999886666666676
vertex 13.772933333333334 21.147706666666668 59.999886666666676
vertex 2.0829000000000004 21.147706666666668 59.999886666666676
endloop
endfacet
facet normal 0 0 -1
outer loop
vertex 13.601920000000002 21.250173333333336 59.999886666666676
vertex 2.0829000000000004 21.147706666666668 59.999886666666676
vertex 0 21.250173333333336 59.999886666666676
endloop
endfacet
facet normal 0 0 -1
outer loop
vertex 0 21.250173333333336 59.999886666666676
vertex -2.0829000000000004 21.147706666666668 59.999886666666676
vertex -13.772933333333334 21.147706666666668 59.999886666666676
endloop
endfacet
facet normal 0 0 -1
outer loop
vertex 0 21.250173333333336 59.999886666666676
vertex -13.772933333333334 21.147706666666668 59.999886666666676
vertex -13.601920000000002 21.250173333333336 59.999886666666676
endloop
endfacet
facet normal 0 0 -1
outer loop
vertex 9.652713333333335 20.994713333333337 59.999886666666676
vertex 13.772933333333334 21.147706666666668 59.999886666666676
vertex 14.028040000000003 20.994713333333337 59.999886666666676
endloop
endfacet
facet normal 0 0 -1
outer loop
vertex 9.652713333333335 20.994713333333337 59.999886666666676
vertex 14.028040000000003 20.994713333333337 59.999886666666676
vertex 14.23438666666667 20.841720000000002 59.999886666666676
endloop
endfacet
facet normal 0 0 -1
outer loop
vertex 9.652713333333335 20.994713333333337 59.999886666666676
vertex 14.23438666666667 20.841720000000002 59.999886666666676
vertex 4.14566 20.841720000000002 59.999886666666676
endloop
endfacet
facet normal 0 0 -1
outer loop
vertex 9.652713333333335 20.994713333333337 59.999886666666676
vertex 4.14566 20.841720000000002 59.999886666666676
vertex 2.0829000000000004 21.147706666666668 59.999886666666676
endloop
endfacet
facet normal 0 0 -1
outer loop
vertex 9.652713333333335 20.994713333333337 59.999886666666676
vertex 2.0829000000000004 21.147706666666668 59.999886666666676
vertex 13.772933333333334 21.147706666666668 59.999886666666676
endloop
endfacet
facet normal 0 0 -1
outer loop
vertex -9.652713333333335 20.994713333333337 59.999886666666676
vertex -2.0829000000000004 21.147706666666668 59.999886666666676
vertex -4.14566 20.841720000000002 59.999886666666676
endloop
endfacet
facet normal 0 0 -1
outer loop
vertex -9.652713333333335 20.994713333333337 59.999886666666676
vertex -4.14566 20.841720000000002 59.999886666666676
vertex -14.23438666666667 20.841720000000002 59.999886666666676
endloop
endfacet
facet normal 0 0 -1
outer loop
vertex -9.652713333333335 20.994713333333337 59.999886666666676
vertex -14.23438666666667 20.841720000000002 59.999886666666676
vertex -14.028040000000003 20.994713333333337 59.999886666666676
endloop
endfacet
facet normal 0 0 -1
outer loop
vertex -9.652713333333335 20.994713333333337 59.999886666666676
vertex -14.028040000000003 20.994713333333337 59.999886666666676
vertex -13.772933333333334 21.147706666666668 59.999886666666676
endloop
endfacet
facet normal 0 0 -1
outer loop
vertex -9.652713333333335 20.994713333333337 59.999886666666676
vertex -13.772933333333334 21.147706666666668 59.999886666666676
vertex -2.0829000000000004 21.147706666666668 59.999886666666676
endloop
endfacet
facet normal 0 0 -1
outer loop
vertex 14.23438666666667 20.841720000000002 59.999886666666676
vertex 14.917380000000001 20.335040000000003 59.999886666666676
vertex 6.168493333333334 20.335040000000003 59.999886666666676
endloop
endfacet
facet normal 0 0 -1
outer loop
vertex 14.23438666666667 20.841720000000002 59.999886666666676
vertex 6.168493333333334 20.335040000000003 59.999886666666676
vertex 4.14566 20.841720000000002 59.999886666666676
endloop
endfacet
facet normal 0 0 -1
outer loop
vertex -4.14566 20.841720000000002 59.999886666666676
vertex -6.168493333333334 20.335040000000003 59.999886666666676
vertex -14.917380000000001 20.335040000000003 59.999886666666676
endloop
endfacet
facet normal 0 0 -1
outer loop
vertex -4.14566 20.841720000000002 59.999886666666676
vertex -14.917380000000001 20.335040000000003 59.999886666666676
vertex -14.23438666666667 20.841720000000002 59.999886666666676
endloop
endfacet
facet normal 0 0 -1
outer loop
vertex 14.917380000000001 20.335040000000003 59.999886666666676
vertex 15.864666666666668 19.632613333333335 59.999886666666676
vertex 8.131966666666667 19.632613333333335 59.999886666666676
endloop
endfacet
facet normal 0 0 -1
outer loop
vertex 14.917380000000001 20.335040000000003 59.999886666666676
vertex 8.131966666666667 19.632613333333335 59.999886666666676
vertex 6.168493333333334 20.335040000000003 59.999886666666676
endloop
endfacet
facet normal 0 0 -1
outer loop
vertex -6.168493333333334 20.335040000000003 59.999886666666676
vertex -8.131966666666667 19.632613333333335 59.999886666666676
vertex -15.864666666666668 19.632613333333335 59.999886666666676
endloop
endfacet
facet normal 0 0 -1
outer loop
vertex -6.168493333333334 20.335040000000003 59.999886666666676
vertex -15.864666666666668 19.632613333333335 59.999886666666676
vertex -14.917380000000001 20.335040000000003 59.999886666666676
endloop
endfacet
facet normal 0 0 -1
outer loop
vertex 13.381793333333334 19.253133333333334 59.999886666666676
vertex 15.864666666666668 19.632613333333335 59.999886666666676
vertex 16.01836666666667 19.518486666666668 59.999886666666676
endloop
endfacet
facet normal 0 0 -1
outer loop
vertex 13.381793333333334 19.253133333333334 59.999886666666676
vertex 16.01836666666667 19.518486666666668 59.999886666666676
vertex 16.876613333333335 18.740800000000004 59.999886666666676
endloop
endfacet
facet normal 0 0 -1
outer loop
vertex 13.381793333333334 19.253133333333334 59.999886666666676
vertex 16.876613333333335 18.740800000000004 59.999886666666676
vertex 10.017353333333334 18.740800000000004 59.999886666666676
endloop
endfacet
facet normal 0 0 -1
outer loop
vertex 13.381793333333334 19.253133333333334 59.999886666666676
vertex 10.017353333333334 18.740800000000004 59.999886666666676
vertex 8.131966666666667 19.632613333333335 59.999886666666676
endloop
endfacet
facet normal 0 0 -1
outer loop
vertex 13.381793333333334 19.253133333333334 59.999886666666676
vertex 8.131966666666667 19.632613333333335 59.999886666666676
vertex 15.864666666666668 19.632613333333335 59.999886666666676
endloop
endfacet
facet normal 0 0 -1
outer loop
vertex -13.381793333333334 19.253133333333334 59.999886666666676
vertex -8.131966666666667 19.632613333333335 59.999886666666676
vertex -10.017353333333334 18.740800000000004 59.999886666666676
endloop
endfacet
facet normal 0 0 -1
outer loop
vertex -13.381793333333334 19.253133333333334 59.999886666666676
vertex -10.017353333333334 18.740800000000004 59.999886666666676
vertex -16.876613333333335 18.740800000000004 59.999886666666676
endloop
endfacet
facet normal 0 0 -1
outer loop
vertex -13.381793333333334 19.253133333333334 59.999886666666676
vertex -16.876613333333335 18.740800000000004 59.999886666666676
vertex -16.01836666666667 19.518486666666668 59.999886666666676
endloop
endfacet
facet normal 0 0 -1
outer loop
vertex -13.381793333333334 19.253133333333334 59.999886666666676
vertex -16.01836666666667 19.518486666666668 59.999886666666676
vertex -15.864666666666668 19.632613333333335 59.999886666666676
endloop
endfacet
facet normal 0 0 -1
outer loop
vertex -13.381793333333334 19.253133333333334 59.999886666666676
vertex -15.864666666666668 19.632613333333335 59.999886666666676
vertex -8.131966666666667 19.632613333333335 59.999886666666676
endloop
endfacet
facet normal 0 0 -1
outer loop
vertex 14.915260000000002 18.134833333333336 59.999886666666676
vertex 16.876613333333335 18.740800000000004 59.999886666666676
vertex 17.85428666666667 17.85428666666667 59.999886666666676
endloop
endfacet
facet normal 0 0 -1
outer loop
vertex 14.915260000000002 18.134833333333336 59.999886666666676
vertex 17.85428666666667 17.85428666666667 59.999886666666676
vertex 18.02282666666667 17.66878666666667 59.999886666666676
endloop
endfacet
facet normal 0 0 -0.9999999999999999
outer loop
vertex 14.915260000000002 18.134833333333336 59.999886666666676
vertex 18.02282666666667 17.66878666666667 59.999886666666676
vertex 11.805926666666668 17.66878666666667 59.999886666666676
endloop
endfacet
facet normal 0 0 -1
outer loop
vertex 14.915260000000002 18.134833333333336 59.999886666666676
vertex 11.805926666666668 17.66878666666667 59.999886666666676
vertex 10.017353333333334 18.740800000000004 59.999886666666676
endloop
endfacet
facet normal 0 0 -1
outer loop
vertex 14.915260000000002 18.134833333333336 59.999886666666676
vertex 10.017353333333334 18.740800000000004 59.999886666666676
vertex 16.876613333333335 18.740800000000004 59.999886666666676
endloop
endfacet
facet normal 0 0 -1
outer loop
vertex -14.915260000000002 18.134833333333336 59.999886666666676
vertex -10.017353333333334 18.740800000000004 59.999886666666676
vertex -11.805926666666668 17.66878666666667 59.999886666666676
endloop
endfacet
facet normal 0 0 -0.9999999999999999
outer loop
vertex -14.915260000000002 18.134833333333336 59.999886666666676
vertex -11.805926666666668 17.66878666666667 59.999886666666676
vertex -18.02282666666667 17.66878666666667 59.999886666666676
endloop
endfacet
facet normal 0 0 -1
outer loop
vertex -14.915260000000002 18.134833333333336 59.999886666666676
vertex -18.02282666666667 17.66878666666667 59.999886666666676
vertex -17.85428666666667 17.85428666666667 59.999886666666676
endloop
endfacet
facet normal 0 0 -1
outer loop
vertex -14.915260000000002 18.134833333333336 59.999886666666676
vertex -17.85428666666667 17.85428666666667 59.999886666666676
vertex -16.876613333333335 18.740800000000004 59.999886666666676
endloop
endfacet
facet normal 0 0 -1
outer loop
vertex -14.915260000000002 18.134833333333336 59.999886666666676
vertex -16.876613333333335 18.740800000000004 59.999886666666676
vertex -10.017353333333334 18.740800000000004 59.999886666666676
endloop
endfacet
facet normal 0 0 -1
outer loop
vertex 18.02282666666667 17.66878666666667 59.999886666666676
vertex 19.148546666666668 16.42646666666667 59.999886666666676
vertex 13.480726666666667 16.42646666666667 59.999886666666676
endloop
endfacet
facet normal 0 0 -1
outer loop
vertex 18.02282666666667 17.66878666666667 59.999886666666676
vertex 13.480726666666667 16.42646666666667 59.999886666666676
vertex 11.805926666666668 17.66878666666667 59.999886666666676
endloop
endfacet
facet normal 0 0 -1
outer loop
vertex -11.805926666666668 17.66878666666667 59.999886666666676
vertex -13.480726666666667 16.42646666666667 59.999886666666676
vertex -19.148546666666668 16.42646666666667 59.999886666666676
endloop
endfacet
facet normal 0 0 -1
outer loop
vertex -11.805926666666668 17.66878666666667 59.999886666666676
vertex -19.148546666666668 16.42646666666667 59.999886666666676
vertex -18.02282666666667 17.66878666666667 59.999886666666676
endloop
endfacet
facet normal 0 0 -0.9999999999999999
outer loop
vertex 17.485760000000003 15.784460000000001 59.999886666666676
vertex 19.148546666666668 16.42646666666667 59.999886666666676
vertex 19.518486666666668 16.01836666666667 59.999886666666676
endloop
endfacet
facet normal 0 0 -1
outer loop
vertex 17.485760000000003 15.784460000000001 59.999886666666676
vertex 19.518486666666668 16.01836666666667 59.999886666666676
vertex 20.25448 15.025853333333336 59.999886666666676
endloop
endfacet
facet normal 0 0 -1
outer loop
vertex 17.485760000000003 15.784460000000001 59.999886666666676
vertex 20.25448 15.025853333333336 59.999886666666676
vertex 15.025853333333336 15.025853333333336 59.999886666666676
endloop
endfacet
facet normal 0 0 -0.9999999999999999
outer loop
vertex 17.485760000000003 15.784460000000001 59.999886666666676
vertex 15.025853333333336 15.025853333333336 59.999886666666676
vertex 13.480726666666667 16.42646666666667 59.999886666666676
endloop
endfacet
facet normal 0 0 -1
outer loop
vertex 17.485760000000003 15.784460000000001 59.999886666666676
vertex 13.480726666666667 16.42646666666667 59.999886666666676
vertex 19.148546666666668 16.42646666666667 59.999886666666676
endloop
endfacet
facet normal 0 0 -0.9999999999999999
outer loop
vertex -17.485760000000003 15.784460000000001 59.999886666666676
vertex -13.480726666666667 16.42646666666667 59.999886666666676
vertex -15.025853333333336 15.025853333333336 59.999886666666676
endloop
endfacet
facet normal 0 0 -1
outer loop
vertex -17.485760000000003 15.784460000000001 59.999886666666676
vertex -15.025853333333336 15.025853333333336 59.999886666666676
vertex -20.25448 15.025853333333336 59.999886666666676
endloop
endfacet
facet normal 0 0 -1
outer loop
vertex -17.485760000000003 15.784460000000001 59.999886666666676
vertex -20.25448 15.025853333333336 59.999886666666676
vertex -19.518486666666668 16.01836666666667 59.999886666666676
endloop
endfacet
facet normal 0 0 -0.9999999999999999
outer loop
vertex -17.485760000000003 15.784460000000001 59.999886666666676
vertex -19.518486666666668 16.01836666666667 59.999886666666676
vertex -19.148546666666668 16.42646666666667 59.999886666666676
endloop
endfacet
facet normal 0 0 -1
outer loop
vertex -17.485760000000003 15.784460000000001 59.999886666666676
vertex -19.148546666666668 16.42646666666667 59.999886666666676
vertex -13.480726666666667 16.42646666666667 59.999886666666676
endloop
endfacet
facet normal 0 0 -1
outer loop
vertex 18.804753333333334 14.208240000000002 59.999886666666676
vertex 20.25448 15.025853333333336 59.999886666666676
vertex 20.994713333333337 14.028040000000003 59.999886666666676
endloop
endfacet
facet normal 0 0 -1
outer loop
vertex 18.804753333333334 14.208240000000002 59.999886666666676
vertex 20.994713333333337 14.028040000000003 59.999886666666676
vertex 21.32260666666667 13.480726666666667 59.999886666666676
endloop
endfacet
facet normal 0 0 -0.9999999999999999
outer loop
vertex 18.804753333333334 14.208240000000002 59.999886666666676
vertex 21.32260666666667 13.480726666666667 59.999886666666676
vertex 16.42646666666667 13.480726666666667 59.999886666666676
endloop
endfacet
facet normal 0 0 -1
outer loop
vertex 18.804753333333334 14.208240000000002 59.999886666666676
vertex 16.42646666666667 13.480726666666667 59.999886666666676
vertex 15.025853333333336 15.025853333333336 59.999886666666676
endloop
endfacet
facet normal 0 0 -1
outer loop
vertex 18.804753333333334 14.208240000000002 59.999886666666676
vertex 15.025853333333336 15.025853333333336 59.999886666666676
vertex 20.25448 15.025853333333336 59.999886666666676
endloop
endfacet
facet normal 0 0 -1
outer loop
vertex -18.804753333333334 14.208240000000002 59.999886666666676
vertex -15.025853333333336 15.025853333333336 59.999886666666676
vertex -16.42646666666667 13.480726666666667 59.999886666666676
endloop
endfacet
facet normal 0 0 -0.9999999999999999
outer loop
vertex -18.804753333333334 14.208240000000002 59.999886666666676
vertex -16.42646666666667 13.480726666666667 59.999886666666676
vertex -21.32260666666667 13.480726666666667 59.999886666666676
endloop
endfacet
facet normal 0 0 -1
outer loop
vertex -18.804753333333334 14.208240000000002 59.999886666666676
vertex -21.32260666666667 13.480726666666667 59.999886666666676
vertex -20.994713333333337 14.028040000000003 59.999886666666676
endloop
endfacet
facet normal 0 0 -1
outer loop
vertex -18.804753333333334 14.208240000000002 59.999886666666676
vertex -20.994713333333337 14.028040000000003 59.999886666666676
vertex -20.25448 15.025853333333336 59.999886666666676
endloop
endfacet
facet normal 0 0 -1
outer loop
vertex -18.804753333333334 14.208240000000002 59.999886666666676
vertex -20.25448 15.025853333333336 59.999886666666676
vertex -15.025853333333336 15.025853333333336 59.999886666666676
endloop
endfacet
facet normal 0 0 -1
outer loop
vertex 20.000080000000004 12.495280000000001 59.999886666666676
vertex 21.32260666666667 13.480726666666667 59.999886666666676
vertex 22.268480000000004 11.902740000000001 59.999886666666676
endloop
endfacet
facet normal 0 0 -0.9999999999999999
outer loop
vertex 20.000080000000004 12.495280000000001 59.999886666666676
vertex 22.268480000000004 11.902740000000001 59.999886666666676
vertex 22.314413333333334 11.805926666666668 59.999886666666676
endloop
endfacet
facet normal 0 0 -0.9999999999999999
outer loop
vertex 20.000080000000004 12.495280000000001 59.999886666666676
vertex 22.314413333333334 11.805926666666668 59.999886666666676
vertex 17.66878666666667 11.805926666666668 59.999886666666676
endloop
endfacet
facet normal 0 0 -1
outer loop
vertex 20.000080000000004 12.495280000000001 59.999886666666676
vertex 17.66878666666667 11.805926666666668 59.999886666666676
vertex 16.42646666666667 13.480726666666667 59.999886666666676
endloop
endfacet
facet normal 0 0 -1
outer loop
vertex 20.000080000000004 12.495280000000001 59.999886666666676
vertex 16.42646666666667 13.480726666666667 59.999886666666676
vertex 21.32260666666667 13.480726666666667 59.999886666666676
endloop
endfacet
facet normal 0 0 -1
outer loop
vertex -20.000080000000004 12.495280000000001 59.999886666666676
vertex -16.42646666666667 13.480726666666667 59.999886666666676
vertex -17.66878666666667 11.805926666666668 59.999886666666676
endloop
endfacet
facet normal 0 0 -0.9999999999999999
outer loop
vertex -20.000080000000004 12.495280000000001 59.999886666666676
vertex -17.66878666666667 11.805926666666668 59.999886666666676
vertex -22.314413333333334 11.805926666666668 59.999886666666676
endloop
endfacet
facet normal 0 0 -0.9999999999999999
outer loop
vertex -20.000080000000004 12.495280000000001 59.999886666666676
vertex -22.314413333333334 11.805926666666668 59.999886666666676
vertex -22.268480000000004 11.902740000000001 59.999886666666676
endloop
endfacet
facet normal 0 0 -1
outer loop
vertex -20.000080000000004 12.495280000000001 59.999886666666676
vertex -22.268480000000004 11.902740000000001 59.999886666666676
vertex -21.32260666666667 13.480726666666667 59.999886666666676
endloop
endfacet
facet normal 0 0 -1
outer loop
vertex -20.000080000000004 12.495280000000001 59.999886666666676
vertex -21.32260666666667 13.480726666666667 59.999886666666676
vertex -16.42646666666667 13.480726666666667 59.999886666666676
endloop
endfacet
facet normal 0 0 -0.9999999999999999
outer loop
vertex 22.314413333333334 11.805926666666668 59.999886666666676
vertex 23.160293333333335 10.017353333333334 59.999886666666676
vertex 18.740800000000004 10.017353333333334 59.999886666666676
endloop
endfacet
facet normal 0 0 -1
outer loop
vertex 22.314413333333334 11.805926666666668 59.999886666666676
vertex 18.740800000000004 10.017353333333334 59.999886666666676
vertex 17.66878666666667 11.805926666666668 59.999886666666676
endloop
endfacet
facet normal 0 0 -0.9999999999999999
outer loop
vertex -17.66878666666667 11.805926666666668 59.999886666666676
vertex -18.740800000000004 10.017353333333334 59.999886666666676
vertex -23.160293333333335 10.017353333333334 59.999886666666676
endloop
endfacet
facet normal 0 0 -1
outer loop
vertex -17.66878666666667 11.805926666666668 59.999886666666676
vertex -23.160293333333335 10.017353333333334 59.999886666666676
vertex -22.314413333333334 11.805926666666668 59.999886666666676
endloop
endfacet
facet normal 0 0 -1
outer loop
vertex 21.74766666666667 9.19232 59.999886666666676
vertex 23.160293333333335 10.017353333333334 59.999886666666676
vertex 23.32812666666667 9.662606666666667 59.999886666666676
endloop
endfacet
facet normal 0 0 -1
outer loop
vertex 21.74766666666667 9.19232 59.999886666666676
vertex 23.32812666666667 9.662606666666667 59.999886666666676
vertex 23.875793333333338 8.131966666666667 59.999886666666676
endloop
endfacet
facet normal 0 0 -1
outer loop
vertex 21.74766666666667 9.19232 59.999886666666676
vertex 23.875793333333338 8.131966666666667 59.999886666666676
vertex 19.632613333333335 8.131966666666667 59.999886666666676
endloop
endfacet
facet normal 0 0 -1
outer loop
vertex 21.74766666666667 9.19232 59.999886666666676
vertex 19.632613333333335 8.131966666666667 59.999886666666676
vertex 18.740800000000004 10.017353333333334 59.999886666666676
endloop
endfacet
facet normal 0 0 -1
outer loop
vertex 21.74766666666667 9.19232 59.999886666666676
vertex 18.740800000000004 10.017353333333334 59.999886666666676
vertex 23.160293333333335 10.017353333333334 59.999886666666676
endloop
endfacet
facet normal 0 0 -1
outer loop
vertex -21.74766666666667 9.19232 59.999886666666676
vertex -18.740800000000004 10.017353333333334 59.999886666666676
vertex -19.632613333333335 8.131966666666667 59.999886666666676
endloop
endfacet
facet normal 0 0 -1
outer loop
vertex -21.74766666666667 9.19232 59.999886666666676
vertex -19.632613333333335 8.131966666666667 59.999886666666676
vertex -23.875793333333338 8.131966666666667 59.999886666666676
endloop
endfacet
facet normal 0 0 -1
outer loop
vertex -21.74766666666667 9.19232 59.999886666666676
vertex -23.875793333333338 8.131966666666667 59.999886666666676
vertex -23.32812666666667 9.662606666666667 59.999886666666676
endloop
endfacet
facet normal 0 0 -1
outer loop
vertex -21.74766666666667 9.19232 59.999886666666676
vertex -23.32812666666667 9.662606666666667 59.999886666666676
vertex -23.160293333333335 10.017353333333334 59.999886666666676
endloop
endfacet
facet normal 0 0 -1
outer loop
vertex -21.74766666666667 9.19232 59.999886666666676
vertex -23.160293333333335 10.017353333333334 59.999886666666676
vertex -18.740800000000004 10.017353333333334 59.999886666666676
endloop
endfacet
facet normal 0 0 -1
outer loop
vertex 22.49178666666667 7.186093333333334 59.999886666666676
vertex 23.875793333333338 8.131966666666667 59.999886666666676
vertex 24.162700000000005 7.329546666666667 59.999886666666676
endloop
endfacet
facet normal 0 0 -1
outer loop
vertex 22.49178666666667 7.186093333333334 59.999886666666676
vertex 24.162700000000005 7.329546666666667 59.999886666666676
vertex 24.453493333333338 6.168493333333334 59.999886666666676
endloop
endfacet
facet normal 0 0 -1
outer loop
vertex 22.49178666666667 7.186093333333334 59.999886666666676
vertex 24.453493333333338 6.168493333333334 59.999886666666676
vertex 20.335040000000003 6.168493333333334 59.999886666666676
endloop
endfacet
facet normal 0 0 -1
outer loop
vertex 22.49178666666667 7.186093333333334 59.999886666666676
vertex 20.335040000000003 6.168493333333334 59.999886666666676
vertex 19.632613333333335 8.131966666666667 59.999886666666676
endloop
endfacet
facet normal 0 0 -1
outer loop
vertex 22.49178666666667 7.186093333333334 59.999886666666676
vertex 19.632613333333335 8.131966666666667 59.999886666666676
vertex 23.875793333333338 8.131966666666667 59.999886666666676
endloop
endfacet
facet normal 0 0 -1
outer loop
vertex -22.49178666666667 7.186093333333334 59.999886666666676
vertex -19.632613333333335 8.131966666666667 59.999886666666676
vertex -20.335040000000003 6.168493333333334 59.999886666666676
endloop
endfacet
facet normal 0 0 -1
outer loop
vertex -22.49178666666667 7.186093333333334 59.999886666666676
vertex -20.335040000000003 6.168493333333334 59.999886666666676
vertex -24.453493333333338 6.168493333333334 59.999886666666676
endloop
endfacet
facet normal 0 0 -1
outer loop
vertex -22.49178666666667 7.186093333333334 59.999886666666676
vertex -24.453493333333338 6.168493333333334 59.999886666666676
vertex -24.162700000000005 7.329546666666667 59.999886666666676
endloop
endfacet
facet normal 0 0 -1
outer loop
vertex -22.49178666666667 7.186093333333334 59.999886666666676
vertex -24.162700000000005 7.329546666666667 59.999886666666676
vertex -23.875793333333338 8.131966666666667 59.999886666666676
endloop
endfacet
facet normal 0 0 -1
outer loop
vertex -22.49178666666667 7.186093333333334 59.999886666666676
vertex -23.875793333333338 8.131966666666667 59.999886666666676
vertex -19.632613333333335 8.131966666666667 59.999886666666676
endloop
endfacet
facet normal 0 0 -1
outer loop
vertex 23.055000000000003 5.110966666666667 59.999886666666676
vertex 24.453493333333338 6.168493333333334 59.999886666666676
vertex 24.764780000000002 4.926173333333334 59.999886666666676
endloop
endfacet
facet normal 0 0 -1
outer loop
vertex 23.055000000000003 5.110966666666667 59.999886666666676
vertex 24.764780000000002 4.926173333333334 59.999886666666676
vertex 24.880673333333338 4.14566 59.999886666666676
endloop
endfacet
facet normal 0 0 -1
outer loop
vertex 23.055000000000003 5.110966666666667 59.999886666666676
vertex 24.880673333333338 4.14566 59.999886666666676
vertex 20.841720000000002 4.14566 59.999886666666676
endloop
endfacet
facet normal 0 0 -1
outer loop
vertex 23.055000000000003 5.110966666666667 59.999886666666676
vertex 20.841720000000002 4.14566 59.999886666666676
vertex 20.335040000000003 6.168493333333334 59.999886666666676
endloop
endfacet
facet normal 0 0 -1
outer loop
vertex 23.055000000000003 5.110966666666667 59.999886666666676
vertex 20.335040000000003 6.168493333333334 59.999886666666676
vertex 24.453493333333338 6.168493333333334 59.999886666666676
endloop
endfacet
facet normal 0 0 -1
outer loop
vertex -23.055000000000003 5.110966666666667 59.999886666666676
vertex -20.335040000000003 6.168493333333334 59.999886666666676
vertex -20.841720000000002 4.14566 59.999886666666676
endloop
endfacet
facet normal 0 0 -1
outer loop
vertex -23.055000000000003 5.110966666666667 59.999886666666676
vertex -20.841720000000002 4.14566 59.999886666666676
vertex -24.880673333333338 4.14566 59.999886666666676
endloop
endfacet
facet normal 0 0 -1
outer loop
vertex -23.055000000000003 5.110966666666667 59.999886666666676
vertex -24.880673333333338 4.14566 59.999886666666676
vertex -24.764780000000002 4.926173333333334 59.999886666666676
endloop
endfacet
facet normal 0 0 -1
outer loop
vertex -23.055000000000003 5.110966666666667 59.999886666666676
vertex -24.764780000000002 4.926173333333334 59.999886666666676
vertex -24.453493333333338 6.168493333333334 59.999886666666676
endloop
endfacet
facet normal 0 0 -1
outer loop
vertex -23.055000000000003 5.110966666666667 59.999886666666676
vertex -24.453493333333338 6.168493333333334 59.999886666666676
vertex -20.335040000000003 6.168493333333334 59.999886666666676
endloop
endfacet
facet normal 0 0 -1
outer loop
vertex 23.429180000000002 2.9863733333333338 59.999886666666676
vertex 24.880673333333338 4.14566 59.999886666666676
vertex 25.128360000000004 2.4751000000000003 59.999886666666676
endloop
endfacet
facet normal 0 0 -1
outer loop
vertex 23.429180000000002 2.9863733333333338 59.999886666666676
vertex 25.128360000000004 2.4751000000000003 59.999886666666676
vertex 25.147793333333336 2.0829000000000004 59.999886666666676
endloop
endfacet
facet normal 0 0 -1
outer loop
vertex 23.429180000000002 2.9863733333333338 59.999886666666676
vertex 25.147793333333336 2.0829000000000004 59.999886666666676
vertex 21.147706666666668 2.0829000000000004 59.999886666666676
endloop
endfacet
facet normal 0 0 -1
outer loop
vertex 23.429180000000002 2.9863733333333338 59.999886666666676
vertex 21.147706666666668 2.0829000000000004 59.999886666666676
vertex 20.841720000000002 4.14566 59.999886666666676
endloop
endfacet
facet normal 0 0 -1
outer loop
vertex 23.429180000000002 2.9863733333333338 59.999886666666676
vertex 20.841720000000002 4.14566 59.999886666666676
vertex 24.880673333333338 4.14566 59.999886666666676
endloop
endfacet
facet normal 0 0 -1
outer loop
vertex -23.429180000000002 2.9863733333333338 59.999886666666676
vertex -20.841720000000002 4.14566 59.999886666666676
vertex -21.147706666666668 2.0829000000000004 59.999886666666676
endloop
endfacet
facet normal 0 0 -1
outer loop
vertex -23.429180000000002 2.9863733333333338 59.999886666666676
vertex -21.147706666666668 2.0829000000000004 59.999886666666676
vertex -25.147793333333336 2.0829000000000004 59.999886666666676
endloop
endfacet
facet normal 0 0 -1
outer loop
vertex -23.429180000000002 2.9863733333333338 59.999886666666676
vertex -25.147793333333336 2.0829000000000004 59.999886666666676
vertex -25.128360000000004 2.4751000000000003 59.999886666666676
endloop
endfacet
facet normal 0 0 -1
outer loop
vertex -23.429180000000002 2.9863733333333338 59.999886666666676
vertex -25.128360000000004 2.4751000000000003 59.999886666666676
vertex -24.880673333333338 4.14566 59.999886666666676
endloop
endfacet
facet normal 0 0 -1
outer loop
vertex -23.429180000000002 2.9863733333333338 59.999886666666676
vertex -24.880673333333338 4.14566 59.999886666666676
vertex -20.841720000000002 4.14566 59.999886666666676
endloop
endfacet
facet normal 0 0 -1
outer loop
vertex 25.147793333333336 2.0829000000000004 59.999886666666676
vertex 25.24990666666667 0 59.999886666666676
vertex 21.250173333333336 0 59.999886666666676
endloop
endfacet
facet normal 0 0 -1
outer loop
vertex 25.147793333333336 2.0829000000000004 59.999886666666676
vertex 21.250173333333336 0 59.999886666666676
vertex 21.147706666666668 2.0829000000000004 59.999886666666676
endloop
endfacet
facet normal 0 0 -1
outer loop
vertex -21.147706666666668 2.0829000000000004 59.999886666666676
vertex -21.250173333333336 0 59.999886666666676
vertex -25.24990666666667 0 59.999886666666676
endloop
endfacet
facet normal 0 0 -1
outer loop
vertex -21.147706666666668 2.0829000000000004 59.999886666666676
vertex -25.24990666666667 0 59.999886666666676
vertex -25.147793333333336 2.0829000000000004 59.999886666666676
endloop
endfacet
facet normal 0 0 -1
outer loop
vertex 25.24990666666667 0 59.999886666666676
vertex 25.147793333333336 -2.0829000000000004 59.999886666666676
vertex 21.147706666666668 -2.0829000000000004 59.999886666666676
endloop
endfacet
facet normal 0 0 -1
outer loop
vertex 25.24990666666667 0 59.999886666666676
vertex 21.147706666666668 -2.0829000000000004 59.999886666666676
vertex 21.250173333333336 0 59.999886666666676
endloop
endfacet
facet normal 0 0 -1
outer loop
vertex -21.250173333333336 0 59.999886666666676
vertex -21.147706666666668 -2.0829000000000004 59.999886666666676
vertex -25.147793333333336 -2.0829000000000004 59.999886666666676
endloop
endfacet
facet normal 0 0 -1
outer loop
vertex -21.250173333333336 0 59.999886666666676
vertex -25.147793333333336 -2.0829000000000004 59.999886666666676
vertex -25.24990666666667 0 59.999886666666676
endloop
endfacet
facet normal 0 0 -1
outer loop
vertex 23.429180000000002 -2.9863733333333338 59.999886666666676
vertex 25.147793333333336 -2.0829000000000004 59.999886666666676
vertex 25.128360000000004 -2.4751000000000003 59.999886666666676
endloop
endfacet
facet normal 0 0 -1
outer loop
vertex 23.429180000000002 -2.9863733333333338 59.999886666666676
vertex 25.128360000000004 -2.4751000000000003 59.999886666666676
vertex 24.880673333333338 -4.14566 59.999886666666676
endloop
endfacet
facet normal 0 0 -1
outer loop
vertex 23.429180000000002 -2.9863733333333338 59.999886666666676
vertex 24.880673333333338 -4.14566 59.999886666666676
vertex 20.841720000000002 -4.14566 59.999886666666676
endloop
endfacet
facet normal 0 0 -1
outer loop
vertex 23.429180000000002 -2.9863733333333338 59.999886666666676
vertex 20.841720000000002 -4.14566 59.999886666666676
vertex 21.147706666666668 -2.0829000000000004 59.999886666666676
endloop
endfacet
facet normal 0 0 -1
outer loop
vertex 23.429180000000002 -2.9863733333333338 59.999886666666676
vertex 21.147706666666668 -2.0829000000000004 59.999886666666676
vertex 25.147793333333336 -2.0829000000000004 59.999886666666676
endloop
endfacet
facet normal 0 0 -1
outer loop
vertex -23.429180000000002 -2.9863733333333338 59.999886666666676
vertex -21.147706666666668 -2.0829000000000004 59.999886666666676
vertex -20.841720000000002 -4.14566 59.999886666666676
endloop
endfacet
facet normal 0 0 -1
outer loop
vertex -23.429180000000002 -2.9863733333333338 59.999886666666676
vertex -20.841720000000002 -4.14566 59.999886666666676
vertex -24.880673333333338 -4.14566 59.999886666666676
endloop
endfacet
facet normal 0 0 -1
outer loop
vertex -23.429180000000002 -2.9863733333333338 59.999886666666676
vertex -24.880673333333338 -4.14566 59.999886666666676
vertex -25.128360000000004 -2.4751000000000003 59.999886666666676
endloop
endfacet
facet normal 0 0 -1
outer loop
vertex -23.429180000000002 -2.9863733333333338 59.999886666666676
vertex -25.128360000000004 -2.4751000000000003 59.999886666666676
vertex -25.147793333333336 -2.0829000000000004 59.999886666666676
endloop
endfacet
facet normal 0 0 -1
outer loop
vertex -23.429180000000002 -2.9863733333333338 59.999886666666676
vertex -25.147793333333336 -2.0829000000000004 59.999886666666676
vertex -21.147706666666668 -2.0829000000000004 59.999886666666676
endloop
endfacet
facet normal 0 0 -1
outer loop
vertex 23.055000000000003 -5.110966666666667 59.999886666666676
vertex 24.880673333333338 -4.14566 59.999886666666676
vertex 24.764780000000002 -4.926173333333334 59.999886666666676
endloop
endfacet
facet normal 0 0 -1
outer loop
vertex 23.055000000000003 -5.110966666666667 59.999886666666676
vertex 24.764780000000002 -4.926173333333334 59.999886666666676
vertex 24.453493333333338 -6.168493333333334 59.999886666666676
endloop
endfacet
facet normal 0 0 -1
outer loop
vertex 23.055000000000003 -5.110966666666667 59.999886666666676
vertex 24.453493333333338 -6.168493333333334 59.999886666666676
vertex 20.335040000000003 -6.168493333333334 59.999886666666676
endloop
endfacet
facet normal 0 0 -1
outer loop
vertex 23.055000000000003 -5.110966666666667 59.999886666666676
vertex 20.335040000000003 -6.168493333333334 59.999886666666676
vertex 20.841720000000002 -4.14566 59.999886666666676
endloop
endfacet
facet normal 0 0 -1
outer loop
vertex 23.055000000000003 -5.110966666666667 59.999886666666676
vertex 20.841720000000002 -4.14566 59.999886666666676
vertex 24.880673333333338 -4.14566 59.999886666666676
endloop
endfacet
facet normal 0 0 -1
outer loop
vertex -23.055000000000003 -5.110966666666667 59.999886666666676
vertex -20.841720000000002 -4.14566 59.999886666666676
vertex -20.335040000000003 -6.168493333333334 59.999886666666676
endloop
endfacet
facet normal 0 0 -1
outer loop
vertex -23.055000000000003 -5.110966666666667 59.999886666666676
vertex -20.335040000000003 -6.168493333333334 59.999886666666676
vertex -24.453493333333338 -6.168493333333334 59.999886666666676
endloop
endfacet
facet normal 0 0 -1
outer loop
vertex -23.055000000000003 -5.110966666666667 59.999886666666676
vertex -24.453493333333338 -6.168493333333334 59.999886666666676
vertex -24.764780000000002 -4.926173333333334 59.999886666666676
endloop
endfacet
facet normal 0 0 -1
outer loop
vertex -23.055000000000003 -5.110966666666667 59.999886666666676
vertex -24.764780000000002 -4.926173333333334 59.999886666666676
vertex -24.880673333333338 -4.14566 59.999886666666676
endloop
endfacet
facet normal 0 0 -1
outer loop
vertex -23.055000000000003 -5.110966666666667 59.999886666666676
vertex -24.880673333333338 -4.14566 59.999886666666676
vertex -20.841720000000002 -4.14566 59.999886666666676
endloop
endfacet
facet normal 0 0 -1
outer loop
vertex 22.49178666666667 -7.186093333333334 59.999886666666676
vertex 24.453493333333338 -6.168493333333334 59.999886666666676
vertex 24.162700000000005 -7.329546666666667 59.999886666666676
endloop
endfacet
facet normal 0 0 -1
outer loop
vertex 22.49178666666667 -7.186093333333334 59.999886666666676
vertex 24.162700000000005 -7.329546666666667 59.999886666666676
vertex 23.875793333333338 -8.131966666666667 59.999886666666676
endloop
endfacet
facet normal 0 0 -1
outer loop
vertex 22.49178666666667 -7.186093333333334 59.999886666666676
vertex 23.875793333333338 -8.131966666666667 59.999886666666676
vertex 19.632613333333335 -8.131966666666667 59.999886666666676
endloop
endfacet
facet normal 0 0 -1
outer loop
vertex 22.49178666666667 -7.186093333333334 59.999886666666676
vertex 19.632613333333335 -8.131966666666667 59.999886666666676
vertex 20.335040000000003 -6.168493333333334 59.999886666666676
endloop
endfacet
facet normal 0 0 -1
outer loop
vertex 22.49178666666667 -7.186093333333334 59.999886666666676
vertex 20.335040000000003 -6.168493333333334 59.999886666666676
vertex 24.453493333333338 -6.168493333333334 59.999886666666676
endloop
endfacet
facet normal 0 0 -1
outer loop
vertex -22.49178666666667 -7.186093333333334 59.999886666666676
vertex -20.335040000000003 -6.168493333333334 59.999886666666676
vertex -19.632613333333335 -8.131966666666667 59.999886666666676
endloop
endfacet
facet normal 0 0 -1
outer loop
vertex -22.49178666666667 -7.186093333333334 59.999886666666676
vertex -19.632613333333335 -8.131966666666667 59.999886666666676
vertex -23.875793333333338 -8.131966666666667 59.999886666666676
endloop
endfacet
facet normal 0 0 -1
outer loop
vertex -22.49178666666667 -7.186093333333334 59.999886666666676
vertex -23.875793333333338 -8.131966666666667 59.999886666666676
vertex -24.162700000000005 -7.329546666666667 59.999886666666676
endloop
endfacet
facet normal 0 0 -1
outer loop
vertex -22.49178666666667 -7.186093333333334 59.999886666666676
vertex -24.162700000000005 -7.329546666666667 59.999886666666676
vertex -24.453493333333338 -6.168493333333334 59.999886666666676
endloop
endfacet
facet normal 0 0 -1
outer loop
vertex -22.49178666666667 -7.186093333333334 59.999886666666676
vertex -24.453493333333338 -6.168493333333334 59.999886666666676
vertex -20.335040000000003 -6.168493333333334 59.999886666666676
endloop
endfacet
facet normal 0 0 -1
outer loop
vertex 21.74766666666667 -9.19232 59.999886666666676
vertex 23.875793333333338 -8.131966666666667 59.999886666666676
vertex 23.32812666666667 -9.662606666666667 59.999886666666676
endloop
endfacet
facet normal 0 0 -1
outer loop
vertex 21.74766666666667 -9.19232 59.999886666666676
vertex 23.32812666666667 -9.662606666666667 59.999886666666676
vertex 23.160293333333335 -10.017353333333334 59.999886666666676
endloop
endfacet
facet normal 0 0 -1
outer loop
vertex 21.74766666666667 -9.19232 59.999886666666676
vertex 23.160293333333335 -10.017353333333334 59.999886666666676
vertex 18.740800000000004 -10.017353333333334 59.999886666666676
endloop
endfacet
facet normal 0 0 -1
outer loop
vertex 21.74766666666667 -9.19232 59.999886666666676
vertex 18.740800000000004 -10.017353333333334 59.999886666666676
vertex 19.632613333333335 -8.131966666666667 59.999886666666676
endloop
endfacet
facet normal 0 0 -1
outer loop
vertex 21.74766666666667 -9.19232 59.999886666666676
vertex 19.632613333333335 -8.131966666666667 59.999886666666676
vertex 23.875793333333338 -8.131966666666667 59.999886666666676
endloop
endfacet
facet normal 0 0 -1
outer loop
vertex -21.74766666666667 -9.19232 59.999886666666676
vertex -19.632613333333335 -8.131966666666667 59.999886666666676
vertex -18.740800000000004 -10.017353333333334 59.999886666666676
endloop
endfacet
facet normal 0 0 -1
outer loop
vertex -21.74766666666667 -9.19232 59.999886666666676
vertex -18.740800000000004 -10.017353333333334 59.999886666666676
vertex -23.160293333333335 -10.017353333333334 59.999886666666676
endloop
endfacet
facet normal 0 0 -1
outer loop
vertex -21.74766666666667 -9.19232 59.999886666666676
vertex -23.160293333333335 -10.017353333333334 59.999886666666676
vertex -23.32812666666667 -9.662606666666667 59.999886666666676
endloop
endfacet
facet normal 0 0 -1
outer loop
vertex -21.74766666666667 -9.19232 59.999886666666676
vertex -23.32812666666667 -9.662606666666667 59.999886666666676
vertex -23.875793333333338 -8.131966666666667 59.999886666666676
endloop
endfacet
facet normal 0 0 -1
outer loop
vertex -21.74766666666667 -9.19232 59.999886666666676
vertex -23.875793333333338 -8.131966666666667 59.999886666666676
vertex -19.632613333333335 -8.131966666666667 59.999886666666676
endloop
endfacet
facet normal 0 0 -1
outer loop
vertex 23.160293333333335 -10.017353333333334 59.999886666666676
vertex 22.314413333333334 -11.805926666666668 59.999886666666676
vertex 17.66878666666667 -11.805926666666668 59.999886666666676
endloop
endfacet
facet normal 0 0 -1
outer loop
vertex 23.160293333333335 -10.017353333333334 59.999886666666676
vertex 17.66878666666667 -11.805926666666668 59.999886666666676
vertex 18.740800000000004 -10.017353333333334 59.999886666666676
endloop
endfacet
facet normal 0 0 -1
outer loop
vertex -18.740800000000004 -10.017353333333334 59.999886666666676
vertex -17.66878666666667 -11.805926666666668 59.999886666666676
vertex -22.314413333333334 -11.805926666666668 59.999886666666676
endloop
endfacet
facet normal 0 0 -1
outer loop
vertex -18.740800000000004 -10.017353333333334 59.999886666666676
vertex -22.314413333333334 -11.805926666666668 59.999886666666676
vertex -23.160293333333335 -10.017353333333334 59.999886666666676
endloop
endfacet
facet normal 0 0 -0.9999999999999999
outer loop
vertex 20.000080000000004 -12.495280000000001 59.999886666666676
vertex 22.314413333333334 -11.805926666666668 59.999886666666676
vertex 22.268480000000004 -11.902740000000001 59.999886666666676
endloop
endfacet
facet normal 0 0 -1
outer loop
vertex 20.000080000000004 -12.495280000000001 59.999886666666676
vertex 22.268480000000004 -11.902740000000001 59.999886666666676
vertex 21.32260666666667 -13.480726666666667 59.999886666666676
endloop
endfacet
facet normal 0 0 -1
outer loop
vertex 20.000080000000004 -12.495280000000001 59.999886666666676
vertex 21.32260666666667 -13.480726666666667 59.999886666666676
vertex 16.42646666666667 -13.480726666666667 59.999886666666676
endloop
endfacet
facet normal 0 0 -1
outer loop
vertex 20.000080000000004 -12.495280000000001 59.999886666666676
vertex 16.42646666666667 -13.480726666666667 59.999886666666676
vertex 17.66878666666667 -11.805926666666668 59.999886666666676
endloop
endfacet
facet normal 0 0 -0.9999999999999999
outer loop
vertex 20.000080000000004 -12.495280000000001 59.999886666666676
vertex 17.66878666666667 -11.805926666666668 59.999886666666676
vertex 22.314413333333334 -11.805926666666668 59.999886666666676
endloop
endfacet
facet normal 0 0 -1
outer loop
vertex -20.000080000000004 -12.495280000000001 59.999886666666676
vertex -17.66878666666667 -11.805926666666668 59.999886666666676
vertex -16.42646666666667 -13.480726666666667 59.999886666666676
endloop
endfacet
facet normal 0 0 -1
outer loop
vertex -20.000080000000004 -12.495280000000001 59.999886666666676
vertex -16.42646666666667 -13.480726666666667 59.999886666666676
vertex -21.32260666666667 -13.480726666666667 59.999886666666676
endloop
endfacet
facet normal 0 0 -1
outer loop
vertex -20.000080000000004 -12.495280000000001 59.999886666666676
vertex -21.32260666666667 -13.480726666666667 59.999886666666676
vertex -22.268480000000004 -11.902740000000001 59.999886666666676
endloop
endfacet
facet normal 0 0 -0.9999999999999999
outer loop
vertex -20.000080000000004 -12.495280000000001 59.999886666666676
vertex -22.268480000000004 -11.902740000000001 59.999886666666676
vertex -22.314413333333334 -11.805926666666668 59.999886666666676
endloop
endfacet
facet normal 0 0 -0.9999999999999999
outer loop
vertex -20.000080000000004 -12.495280000000001 59.999886666666676
vertex -22.314413333333334 -11.805926666666668 59.999886666666676
vertex -17.66878666666667 -11.805926666666668 59.999886666666676
endloop
endfacet
facet normal 0 0 -1
outer loop
vertex 18.804753333333334 -14.208240000000002 59.999886666666676
vertex 21.32260666666667 -13.480726666666667 59.999886666666676
vertex 20.994713333333337 -14.028040000000003 59.999886666666676
endloop
endfacet
facet normal 0 0 -1
outer loop
vertex 18.804753333333334 -14.208240000000002 59.999886666666676
vertex 20.994713333333337 -14.028040000000003 59.999886666666676
vertex 20.25448 -15.025853333333336 59.999886666666676
endloop
endfacet
facet normal 0 0 -1
outer loop
vertex 18.804753333333334 -14.208240000000002 59.999886666666676
vertex 20.25448 -15.025853333333336 59.999886666666676
vertex 15.025853333333336 -15.025853333333336 59.999886666666676
endloop
endfacet
facet normal 0 0 -1
outer loop
vertex 18.804753333333334 -14.208240000000002 59.999886666666676
vertex 15.025853333333336 -15.025853333333336 59.999886666666676
vertex 16.42646666666667 -13.480726666666667 59.999886666666676
endloop
endfacet
facet normal 0 0 -0.9999999999999999
outer loop
vertex 18.804753333333334 -14.208240000000002 59.999886666666676
vertex 16.42646666666667 -13.480726666666667 59.999886666666676
vertex 21.32260666666667 -13.480726666666667 59.999886666666676
endloop
endfacet
facet normal 0 0 -1
outer loop
vertex -18.804753333333334 -14.208240000000002 59.999886666666676
vertex -16.42646666666667 -13.480726666666667 59.999886666666676
vertex -15.025853333333336 -15.025853333333336 59.999886666666676
endloop
endfacet
facet normal 0 0 -1
outer loop
vertex -18.804753333333334 -14.208240000000002 59.999886666666676
vertex -15.025853333333336 -15.025853333333336 59.999886666666676
vertex -20.25448 -15.025853333333336 59.999886666666676
endloop
endfacet
facet normal 0 0 -1
outer loop
vertex -18.804753333333334 -14.208240000000002 59.999886666666676
vertex -20.25448 -15.025853333333336 59.999886666666676
vertex -20.994713333333337 -14.028040000000003 59.999886666666676
endloop
endfacet
facet normal 0 0 -1
outer loop
vertex -18.804753333333334 -14.208240000000002 59.999886666666676
vertex -20.994713333333337 -14.028040000000003 59.999886666666676
vertex -21.32260666666667 -13.480726666666667 59.999886666666676
endloop
endfacet
facet normal 0 0 -0.9999999999999999
outer loop
vertex -18.804753333333334 -14.208240000000002 59.999886666666676
vertex -21.32260666666667 -13.480726666666667 59.999886666666676
vertex -16.42646666666667 -13.480726666666667 59.999886666666676
endloop
endfacet
facet normal 0 0 -1
outer loop
vertex 17.485760000000003 -15.784460000000001 59.999886666666676
vertex 20.25448 -15.025853333333336 59.999886666666676
vertex 19.518486666666668 -16.01836666666667 59.999886666666676
endloop
endfacet
facet normal 0 0 -0.9999999999999999
outer loop
vertex 17.485760000000003 -15.784460000000001 59.999886666666676
vertex 19.518486666666668 -16.01836666666667 59.999886666666676
vertex 19.148546666666668 -16.42646666666667 59.999886666666676
endloop
endfacet
facet normal 0 0 -1
outer loop
vertex 17.485760000000003 -15.784460000000001 59.999886666666676
vertex 19.148546666666668 -16.42646666666667 59.999886666666676
vertex 13.480726666666667 -16.42646666666667 59.999886666666676
endloop
endfacet
facet normal 0 0 -0.9999999999999999
outer loop
vertex 17.485760000000003 -15.784460000000001 59.999886666666676
vertex 13.480726666666667 -16.42646666666667 59.999886666666676
vertex 15.025853333333336 -15.025853333333336 59.999886666666676
endloop
endfacet
facet normal 0 0 -1
outer loop
vertex 17.485760000000003 -15.784460000000001 59.999886666666676
vertex 15.025853333333336 -15.025853333333336 59.999886666666676
vertex 20.25448 -15.025853333333336 59.999886666666676
endloop
endfacet
facet normal 0 0 -0.9999999999999999
outer loop
vertex -17.485760000000003 -15.784460000000001 59.999886666666676
vertex -15.025853333333336 -15.025853333333336 59.999886666666676
vertex -13.480726666666667 -16.42646666666667 59.999886666666676
endloop
endfacet
facet normal 0 0 -1
outer loop
vertex -17.485760000000003 -15.784460000000001 59.999886666666676
vertex -13.480726666666667 -16.42646666666667 59.999886666666676
vertex -19.148546666666668 -16.42646666666667 59.999886666666676
endloop
endfacet
facet normal 0 0 -0.9999999999999999
outer loop
vertex -17.485760000000003 -15.784460000000001 59.999886666666676
vertex -19.148546666666668 -16.42646666666667 59.999886666666676
vertex -19.518486666666668 -16.01836666666667 59.999886666666676
endloop
endfacet
facet normal 0 0 -1
outer loop
vertex -17.485760000000003 -15.784460000000001 59.999886666666676
vertex -19.518486666666668 -16.01836666666667 59.999886666666676
vertex -20.25448 -15.025853333333336 59.999886666666676
endloop
endfacet
facet normal 0 0 -1
outer loop
vertex -17.485760000000003 -15.784460000000001 59.999886666666676
vertex -20.25448 -15.025853333333336 59.999886666666676
vertex -15.025853333333336 -15.025853333333336 59.999886666666676
endloop
endfacet
facet normal 0 0 -1
outer loop
vertex 19.148546666666668 -16.42646666666667 59.999886666666676
vertex 18.02282666666667 -17.66878666666667 59.999886666666676
vertex 11.805926666666668 -17.66878666666667 59.999886666666676
endloop
endfacet
facet normal 0 0 -1
outer loop
vertex 19.148546666666668 -16.42646666666667 59.999886666666676
vertex 11.805926666666668 -17.66878666666667 59.999886666666676
vertex 13.480726666666667 -16.42646666666667 59.999886666666676
endloop
endfacet
facet normal 0 0 -1
outer loop
vertex -13.480726666666667 -16.42646666666667 59.999886666666676
vertex -11.805926666666668 -17.66878666666667 59.999886666666676
vertex -18.02282666666667 -17.66878666666667 59.999886666666676
endloop
endfacet
facet normal 0 0 -1
outer loop
vertex -13.480726666666667 -16.42646666666667 59.999886666666676
vertex -18.02282666666667 -17.66878666666667 59.999886666666676
vertex -19.148546666666668 -16.42646666666667 59.999886666666676
endloop
endfacet
facet normal 0 0 -1
outer loop
vertex 14.915260000000002 -18.134833333333336 59.999886666666676
vertex 18.02282666666667 -17.66878666666667 59.999886666666676
vertex 17.85428666666667 -17.85428666666667 59.999886666666676
endloop
endfacet
facet normal 0 0 -1
outer loop
vertex 14.915260000000002 -18.134833333333336 59.999886666666676
vertex 17.85428666666667 -17.85428666666667 59.999886666666676
vertex 16.876613333333335 -18.740800000000004 59.999886666666676
endloop
endfacet
facet normal 0 0 -1
outer loop
vertex 14.915260000000002 -18.134833333333336 59.999886666666676
vertex 16.876613333333335 -18.740800000000004 59.999886666666676
vertex 10.017353333333334 -18.740800000000004 59.999886666666676
endloop
endfacet
facet normal 0 0 -1
outer loop
vertex 14.915260000000002 -18.134833333333336 59.999886666666676
vertex 10.017353333333334 -18.740800000000004 59.999886666666676
vertex 11.805926666666668 -17.66878666666667 59.999886666666676
endloop
endfacet
facet normal 0 0 -0.9999999999999999
outer loop
vertex 14.915260000000002 -18.134833333333336 59.999886666666676
vertex 11.805926666666668 -17.66878666666667 59.999886666666676
vertex 18.02282666666667 -17.66878666666667 59.999886666666676
endloop
endfacet
facet normal 0 0 -1
outer loop
vertex -14.915260000000002 -18.134833333333336 59.999886666666676
vertex -11.805926666666668 -17.66878666666667 59.999886666666676
vertex -10.017353333333334 -18.740800000000004 59.999886666666676
endloop
endfacet
facet normal 0 0 -1
outer loop
vertex -14.915260000000002 -18.134833333333336 59.999886666666676
vertex -10.017353333333334 -18.740800000000004 59.999886666666676
vertex -16.876613333333335 -18.740800000000004 59.999886666666676
endloop
endfacet
facet normal 0 0 -1
outer loop
vertex -14.915260000000002 -18.134833333333336 59.999886666666676
vertex -16.876613333333335 -18.740800000000004 59.999886666666676
vertex -17.85428666666667 -17.85428666666667 59.999886666666676
endloop
endfacet
facet normal 0 0 -1
outer loop
vertex -14.915260000000002 -18.134833333333336 59.999886666666676
vertex -17.85428666666667 -17.85428666666667 59.999886666666676
vertex -18.02282666666667 -17.66878666666667 59.999886666666676
endloop
endfacet
facet normal 0 0 -0.9999999999999999
outer loop
vertex -14.915260000000002 -18.134833333333336 59.999886666666676
vertex -18.02282666666667 -17.66878666666667 59.999886666666676
vertex -11.805926666666668 -17.66878666666667 59.999886666666676
endloop
endfacet
facet normal 0 0 -1
outer loop
vertex 13.381793333333334 -19.253133333333334 59.999886666666676
vertex 16.876613333333335 -18.740800000000004 59.999886666666676
vertex 16.01836666666667 -19.518486666666668 59.999886666666676
endloop
endfacet
facet normal 0 0 -1
outer loop
vertex 13.381793333333334 -19.253133333333334 59.999886666666676
vertex 16.01836666666667 -19.518486666666668 59.999886666666676
vertex 15.864666666666668 -19.632613333333335 59.999886666666676
endloop
endfacet
facet normal 0 0 -1
outer loop
vertex 13.381793333333334 -19.253133333333334 59.999886666666676
vertex 15.864666666666668 -19.632613333333335 59.999886666666676
vertex 8.131966666666667 -19.632613333333335 59.999886666666676
endloop
endfacet
facet normal 0 0 -1
outer loop
vertex 13.381793333333334 -19.253133333333334 59.999886666666676
vertex 8.131966666666667 -19.632613333333335 59.999886666666676
vertex 10.017353333333334 -18.740800000000004 59.999886666666676
endloop
endfacet
facet normal 0 0 -1
outer loop
vertex 13.381793333333334 -19.253133333333334 59.999886666666676
vertex 10.017353333333334 -18.740800000000004 59.999886666666676
vertex 16.876613333333335 -18.740800000000004 59.999886666666676
endloop
endfacet
facet normal 0 0 -1
outer loop
vertex -13.381793333333334 -19.253133333333334 59.999886666666676
vertex -10.017353333333334 -18.740800000000004 59.999886666666676
vertex -8.131966666666667 -19.632613333333335 59.999886666666676
endloop
endfacet
facet normal 0 0 -1
outer loop
vertex -13.381793333333334 -19.253133333333334 59.999886666666676
vertex -8.131966666666667 -19.632613333333335 59.999886666666676
vertex -15.864666666666668 -19.632613333333335 59.999886666666676
endloop
endfacet
facet normal 0 0 -1
outer loop
vertex -13.381793333333334 -19.253133333333334 59.999886666666676
vertex -15.864666666666668 -19.632613333333335 59.999886666666676
vertex -16.01836666666667 -19.518486666666668 59.999886666666676
endloop
endfacet
facet normal 0 0 -1
outer loop
vertex -13.381793333333334 -19.253133333333334 59.999886666666676
vertex -16.01836666666667 -19.518486666666668 59.999886666666676
vertex -16.876613333333335 -18.740800000000004 59.999886666666676
endloop
endfacet
facet normal 0 0 -1
outer loop
vertex -13.381793333333334 -19.253133333333334 59.999886666666676
vertex -16.876613333333335 -18.740800000000004 59.999886666666676
vertex -10.017353333333334 -18.740800000000004 59.999886666666676
endloop
endfacet
facet normal 0 0 -1
outer loop
vertex 15.864666666666668 -19.632613333333335 59.999886666666676
vertex 14.917380000000001 -20.335040000000003 59.999886666666676
vertex 6.168493333333334 -20.335040000000003 59.999886666666676
endloop
endfacet
facet normal 0 0 -1
outer loop
vertex 15.864666666666668 -19.632613333333335 59.999886666666676
vertex 6.168493333333334 -20.335040000000003 59.999886666666676
vertex 8.131966666666667 -19.632613333333335 59.999886666666676
endloop
endfacet
facet normal 0 0 -1
outer loop
vertex -8.131966666666667 -19.632613333333335 59.999886666666676
vertex -6.168493333333334 -20.335040000000003 59.999886666666676
vertex -14.917380000000001 -20.335040000000003 59.999886666666676
endloop
endfacet
facet normal 0 0 -1
outer loop
vertex -8.131966666666667 -19.632613333333335 59.999886666666676
vertex -14.917380000000001 -20.335040000000003 59.999886666666676
vertex -15.864666666666668 -19.632613333333335 59.999886666666676
endloop
endfacet
facet normal 0 0 -1
outer loop
vertex 14.917380000000001 -20.335040000000003 59.999886666666676
vertex 14.23438666666667 -20.841720000000002 59.999886666666676
vertex 4.14566 -20.841720000000002 59.999886666666676
endloop
endfacet
facet normal 0 0 -1
outer loop
vertex 14.917380000000001 -20.335040000000003 59.999886666666676
vertex 4.14566 -20.841720000000002 59.999886666666676
vertex 6.168493333333334 -20.335040000000003 59.999886666666676
endloop
endfacet
facet normal 0 0 -1
outer loop
vertex -6.168493333333334 -20.335040000000003 59.999886666666676
vertex -4.14566 -20.841720000000002 59.999886666666676
vertex -14.23438666666667 -20.841720000000002 59.999886666666676
endloop
endfacet
facet normal 0 0 -1
outer loop
vertex -6.168493333333334 -20.335040000000003 59.999886666666676
vertex -14.23438666666667 -20.841720000000002 59.999886666666676
vertex -14.917380000000001 -20.335040000000003 59.999886666666676
endloop
endfacet
facet normal 0 0 -1
outer loop
vertex 9.652713333333335 -20.994713333333337 59.999886666666676
vertex 14.23438666666667 -20.841720000000002 59.999886666666676
vertex 14.028040000000003 -20.994713333333337 59.999886666666676
endloop
endfacet
facet normal 0 0 -1
outer loop
vertex 9.652713333333335 -20.994713333333337 59.999886666666676
vertex 14.028040000000003 -20.994713333333337 59.999886666666676
vertex 13.772933333333334 -21.147706666666668 59.999886666666676
endloop
endfacet
facet normal 0 0 -1
outer loop
vertex 9.652713333333335 -20.994713333333337 59.999886666666676
vertex 13.772933333333334 -21.147706666666668 59.999886666666676
vertex 2.0829000000000004 -21.147706666666668 59.999886666666676
endloop
endfacet
facet normal 0 0 -1
outer loop
vertex 9.652713333333335 -20.994713333333337 59.999886666666676
vertex 2.0829000000000004 -21.147706666666668 59.999886666666676
vertex 4.14566 -20.841720000000002 59.999886666666676
endloop
endfacet
facet normal 0 0 -1
outer loop
vertex 9.652713333333335 -20.994713333333337 59.999886666666676
vertex 4.14566 -20.841720000000002 59.999886666666676
vertex 14.23438666666667 -20.841720000000002 59.999886666666676
endloop
endfacet
facet normal 0 0 -1
outer loop
vertex -9.652713333333335 -20.994713333333337 59.999886666666676
vertex -4.14566 -20.841720000000002 59.999886666666676
vertex -2.0829000000000004 -21.147706666666668 59.999886666666676
endloop
endfacet
facet normal 0 0 -1
outer loop
vertex -9.652713333333335 -20.994713333333337 59.999886666666676
vertex -2.0829000000000004 -21.147706666666668 59.999886666666676
vertex -13.772933333333334 -21.147706666666668 59.999886666666676
endloop
endfacet
facet normal 0 0 -1
outer loop
vertex -9.652713333333335 -20.994713333333337 59.999886666666676
vertex -13.772933333333334 -21.147706666666668 59.999886666666676
vertex -14.028040000000003 -20.994713333333337 59.999886666666676
endloop
endfacet
facet normal 0 0 -1
outer loop
vertex -9.652713333333335 -20.994713333333337 59.999886666666676
vertex -14.028040000000003 -20.994713333333337 59.999886666666676
vertex -14.23438666666667 -20.841720000000002 59.999886666666676
endloop
endfacet
facet normal 0 0 -1
outer loop
vertex -9.652713333333335 -20.994713333333337 59.999886666666676
vertex -14.23438666666667 -20.841720000000002 59.999886666666676
vertex -4.14566 -20.841720000000002 59.999886666666676
endloop
endfacet
facet normal 0 0 -1
outer loop
vertex 13.772933333333334 -21.147706666666668 59.999886666666676
vertex 13.601920000000002 -21.250173333333336 59.999886666666676
vertex 0 -21.250173333333336 59.999886666666676
endloop
endfacet
facet normal 0 0 -1
outer loop
vertex 13.772933333333334 -21.147706666666668 59.999886666666676
vertex 0 -21.250173333333336 59.999886666666676
vertex 2.0829000000000004 -21.147706666666668 59.999886666666676
endloop
endfacet
facet normal 0 0 -1
outer loop
vertex -2.0829000000000004 -21.147706666666668 59.999886666666676
vertex 0 -21.250173333333336 59.999886666666676
vertex -13.601920000000002 -21.250173333333336 59.999886666666676
endloop
endfacet
facet normal 0 0 -1
outer loop
vertex -2.0829000000000004 -21.147706666666668 59.999886666666676
vertex -13.601920000000002 -21.250173333333336 59.999886666666676
vertex -13.772933333333334 -21.147706666666668 59.999886666666676
endloop
endfacet
facet normal 0 0 -1
outer loop
vertex 0 -23.450380000000003 59.999886666666676
vertex 0 -21.250173333333336 59.999886666666676
vertex 13.601920000000002 -21.250173333333336 59.999886666666676
endloop
endfacet
facet normal 0 0 -1
outer loop
vertex 0 -23.450380000000003 59.999886666666676
vertex 13.601920000000002 -21.250173333333336 59.999886666666676
vertex 11.902740000000001 -22.268480000000004 59.999886666666676
endloop
endfacet
facet normal 0 0 -1
outer loop
vertex 0 -23.450380000000003 59.999886666666676
vertex 11.902740000000001 -22.268480000000004 59.999886666666676
vertex 9.662606666666667 -23.32812666666667 59.999886666666676
endloop
endfacet
facet normal 0 0 -0.9999999999999999
outer loop
vertex 0 -23.450380000000003 59.999886666666676
vertex 9.662606666666667 -23.32812666666667 59.999886666666676
vertex 7.329546666666667 -24.162700000000005 59.999886666666676
endloop
endfacet
facet normal 0 0 -1
outer loop
vertex 0 -23.450380000000003 59.999886666666676
vertex 7.329546666666667 -24.162700000000005 59.999886666666676
vertex 4.926173333333334 -24.764780000000002 59.999886666666676
endloop
endfacet
facet normal 0 0 -1
outer loop
vertex 0 -23.450380000000003 59.999886666666676
vertex 4.926173333333334 -24.764780000000002 59.999886666666676
vertex 2.4751000000000003 -25.128360000000004 59.999886666666676
endloop
endfacet
facet normal 0 0 -1
outer loop
vertex 0 -23.450380000000003 59.999886666666676
vertex 2.4751000000000003 -25.128360000000004 59.999886666666676
vertex 0 -25.24990666666667 59.999886666666676
endloop
endfacet
facet normal 0 0 -1
outer loop
vertex 0 -23.450380000000003 59.999886666666676
vertex 0 -25.24990666666667 59.999886666666676
vertex -2.4751000000000003 -25.128360000000004 59.999886666666676
endloop
endfacet
facet normal 0 0 -1
outer loop
vertex 0 -23.450380000000003 59.999886666666676
vertex -2.4751000000000003 -25.128360000000004 59.999886666666676
vertex -4.926173333333334 -24.764780000000002 59.999886666666676
endloop
endfacet
facet normal 0 0 -1
outer loop
vertex 0 -23.450380000000003 59.999886666666676
vertex -4.926173333333334 -24.764780000000002 59.999886666666676
vertex -7.329546666666667 -24.162700000000005 59.999886666666676
endloop
endfacet
facet normal 0 0 -0.9999999999999999
outer loop
vertex 0 -23.450380000000003 59.999886666666676
vertex -7.329546666666667 -24.162700000000005 59.999886666666676
vertex -9.662606666666667 -23.32812666666667 59.999886666666676
endloop
endfacet
facet normal 0 0 -1
outer loop
vertex 0 -23.450380000000003 59.999886666666676
vertex -9.662606666666667 -23.32812666666667 59.999886666666676
vertex -11.902740000000001 -22.268480000000004 59.999886666666676
endloop
endfacet
facet normal 0 0 -1
outer loop
vertex 0 -23.450380000000003 59.999886666666676
vertex -11.902740000000001 -22.268480000000004 59.999886666666676
vertex -13.601920000000002 -21.250173333333336 59.999886666666676
endloop
endfacet
facet normal 0 0 -1
outer loop
vertex 0 -23.450380000000003 59.999886666666676
vertex -13.601920000000002 -21.250173333333336 59.999886666666676
vertex 0 -21.250173333333336 59.999886666666676
endloop
endfacet
facet normal 0.9983511645812432 0.04896496705187231 0.029956371290338266
outer loop
vertex 23.13822666666667 2.278973333333334 64.99990666666667
vertex 22.391680000000004 2.2054200000000006 90.00017333333335
vertex 22.499846666666674 0 90.00017333333335
endloop
endfacet
facet normal 0.9983526899087813 0.04893547875976764 0.029953722146885468
outer loop
vertex 23.13822666666667 2.278973333333334 64.99990666666667
vertex 22.499846666666674 0 90.00017333333335
vertex 23.24993333333334 0 64.99990666666667
endloop
endfacet
facet normal 0.9887253205251814 0.14671522854542524 0.029947992674653635
outer loop
vertex 22.80310666666667 4.535920000000001 64.99990666666667
vertex 22.06757333333334 4.389600000000001 90.00017333333335
vertex 22.391680000000004 2.2054200000000006 90.00017333333335
endloop
endfacet
facet normal 0.9887113536810843 0.1468076112471738 0.029956374647418505
outer loop
vertex 22.80310666666667 4.535920000000001 64.99990666666667
vertex 22.391680000000004 2.2054200000000006 90.00017333333335
vertex 23.13822666666667 2.278973333333334 64.99990666666667
endloop
endfacet
facet normal 0.9695917585469082 0.2428876324440744 0.029956965193866075
outer loop
vertex 22.248900000000006 6.749206666666669 64.99990666666667
vertex 21.53106666666667 6.531300000000002 90.00017333333335
vertex 22.06757333333334 4.389600000000001 90.00017333333335
endloop
endfacet
facet normal 0.9696160537482337 0.24279172200662127 0.02994808906695497
outer loop
vertex 22.248900000000006 6.749206666666669 64.99990666666667
vertex 22.06757333333334 4.389600000000001 90.00017333333335
vertex 22.80310666666667 4.535920000000001 64.99990666666667
endloop
endfacet
facet normal 0.9411420255710685 0.3366817197039139 0.02995174988546839
outer loop
vertex 21.48032666666667 8.897200000000002 64.99990666666667
vertex 20.78727333333334 8.610460000000002 90.00017333333335
vertex 21.53106666666667 6.531300000000002 90.00017333333335
endloop
endfacet
facet normal 0.9411202198892601 0.3367421552213186 0.02995751345642721
outer loop
vertex 21.48032666666667 8.897200000000002 64.99990666666667
vertex 21.53106666666667 6.531300000000002 90.00017333333335
vertex 22.248900000000006 6.749206666666669 64.99990666666667
endloop
endfacet
facet normal 0.9035714238330597 0.42738892731559724 0.029956415678790503
outer loop
vertex 20.504860000000004 10.959840000000003 64.99990666666667
vertex 19.84327333333334 10.606233333333336 90.00017333333335
vertex 20.78727333333334 8.610460000000002 90.00017333333335
endloop
endfacet
facet normal 0.9035988795944242 0.427331277916508 0.02995068797115332
outer loop
vertex 20.504860000000004 10.959840000000003 64.99990666666667
vertex 20.78727333333334 8.610460000000002 90.00017333333335
vertex 21.48032666666667 8.897200000000002 64.99990666666667
endloop
endfacet
facet normal 0.8573910984097467 0.5137937520785993 0.029941354223264455
outer loop
vertex 19.33154666666667 12.91706666666667 64.99990666666667
vertex 18.708113333333337 12.50052666666667 90.00017333333335
vertex 19.84327333333334 10.606233333333336 90.00017333333335
endloop
endfacet
facet normal 0.8573056547781662 0.5139354437707533 0.02995620005171145
outer loop
vertex 19.33154666666667 12.91706666666667 64.99990666666667
vertex 19.84327333333334 10.606233333333336 90.00017333333335
vertex 20.504860000000004 10.959840000000003 64.99990666666667
endloop
endfacet
facet normal 0.8027926348964844 0.5955054505532029 0.029954026730755045
outer loop
vertex 17.972580000000004 14.74960666666667 64.99990666666667
vertex 17.392806666666672 14.273673333333337 90.00017333333335
vertex 18.708113333333337 12.50052666666667 90.00017333333335
endloop
endfacet
facet normal 0.8028762653642111 0.5953933240681156 0.02994147908732556
outer loop
vertex 17.972580000000004 14.74960666666667 64.99990666666667
vertex 18.708113333333337 12.50052666666667 90.00017333333335
vertex 19.33154666666667 12.91706666666667 64.99990666666667
endloop
endfacet
facet normal 0.7406546890193473 0.6712183119237839 0.029943436206282925
outer loop
vertex 16.44015333333334 16.44015333333334 64.99990666666667
vertex 15.909940000000004 15.909940000000004 90.00017333333335
vertex 17.392806666666672 14.273673333333337 90.00017333333335
endloop
endfacet
facet normal 0.7405740663001272 0.6713067850873178 0.029954175325393954
outer loop
vertex 16.44015333333334 16.44015333333334 64.99990666666667
vertex 17.392806666666672 14.273673333333337 90.00017333333335
vertex 17.972580000000004 14.74960666666667 64.99990666666667
endloop
endfacet
facet normal 0.6712180923160648 0.7406544466935885 0.02995435094601613
outer loop
vertex 14.74960666666667 17.972580000000004 64.99990666666667
vertex 14.273673333333337 17.392806666666672 90.00017333333335
vertex 15.909940000000004 15.909940000000004 90.00017333333335
endloop
endfacet
facet normal 0.6713069976488963 0.7405743007943943 0.02994361218221457
outer loop
vertex 14.74960666666667 17.972580000000004 64.99990666666667
vertex 15.909940000000004 15.909940000000004 90.00017333333335
vertex 16.44015333333334 16.44015333333334 64.99990666666667
endloop
endfacet
facet normal 0.5955056782033601 0.8027929417885024 0.029941273221399285
outer loop
vertex 12.91706666666667 19.33154666666667 64.99990666666667
vertex 12.50052666666667 18.708113333333337 90.00017333333335
vertex 14.273673333333337 17.392806666666672 90.00017333333335
endloop
endfacet
facet normal 0.5953931038148876 0.8028759683570361 0.029953820531376376
outer loop
vertex 12.91706666666667 19.33154666666667 64.99990666666667
vertex 14.273673333333337 17.392806666666672 90.00017333333335
vertex 14.74960666666667 17.972580000000004 64.99990666666667
endloop
endfacet
facet normal 0.513793519682963 0.8573907106005355 0.029956443508890512
outer loop
vertex 10.959840000000003 20.504860000000004 64.99990666666667
vertex 10.606233333333336 19.84327333333334 90.00017333333335
vertex 12.50052666666667 18.708113333333337 90.00017333333335
endloop
endfacet
facet normal 0.5139356687336675 0.8573060300431549 0.02994159740099682
outer loop
vertex 10.959840000000003 20.504860000000004 64.99990666666667
vertex 12.50052666666667 18.708113333333337 90.00017333333335
vertex 12.91706666666667 19.33154666666667 64.99990666666667
endloop
endfacet
facet normal 0.4273890019196556 0.9035715815584734 0.02995059328359745
outer loop
vertex 8.897200000000002 21.48032666666667 64.99990666666667
vertex 8.610460000000002 20.78727333333334 90.00017333333335
vertex 10.606233333333336 19.84327333333334 90.00017333333335
endloop
endfacet
facet normal 0.42733120573853156 0.9035987269729289 0.02995632178614541
outer loop
vertex 8.897200000000002 21.48032666666667 64.99990666666667
vertex 10.606233333333336 19.84327333333334 90.00017333333335
vertex 10.959840000000003 20.504860000000004 64.99990666666667
endloop
endfacet
facet normal 0.3366816605753305 0.9411418602861971 0.029957607535888074
outer loop
vertex 6.749206666666669 22.248900000000006 64.99990666666667
vertex 6.531300000000002 21.53106666666667 90.00017333333335
vertex 8.610460000000002 20.78727333333334 90.00017333333335
endloop
endfacet
facet normal 0.336742212464069 0.9411203798701504 0.02995184364722319
outer loop
vertex 6.749206666666669 22.248900000000006 64.99990666666667
vertex 8.610460000000002 20.78727333333334 90.00017333333335
vertex 8.897200000000002 21.48032666666667 64.99990666666667
endloop
endfacet
facet normal 0.24288769813500036 0.9695920207808466 0.02994794371564508
outer loop
vertex 4.535920000000001 22.80310666666667 64.99990666666667
vertex 4.389600000000001 22.06757333333334 90.00017333333335
vertex 6.531300000000002 21.53106666666667 90.00017333333335
endloop
endfacet
facet normal 0.24279165846394954 0.9696157999834261 0.02995681897040251
outer loop
vertex 4.535920000000001 22.80310666666667 64.99990666666667
vertex 6.531300000000002 21.53106666666667 90.00017333333335
vertex 6.749206666666669 22.248900000000006 64.99990666666667
endloop
endfacet
facet normal 0.14671519107286954 0.988725067994718 0.029956512268480204
outer loop
vertex 2.278973333333334 23.13822666666667 64.99990666666667
vertex 2.2054200000000006 22.391680000000004 90.00017333333335
vertex 4.389600000000001 22.06757333333334 90.00017333333335
endloop
endfacet
facet normal 0.14680764753390949 0.9887115980628792 0.029948129849908692
outer loop
vertex 2.278973333333334 23.13822666666667 64.99990666666667
vertex 4.389600000000001 22.06757333333334 90.00017333333335
vertex 4.535920000000001 22.80310666666667 64.99990666666667
endloop
endfacet
facet normal 0.04896497100462053 0.9983512451741847 0.029953678800301517
outer loop
vertex 0 23.24993333333334 64.99990666666667
vertex 0 22.499846666666674 90.00017333333335
vertex 2.2054200000000006 22.391680000000004 90.00017333333335
endloop
endfacet
facet normal 0.04893547493689193 0.9983526119167325 0.029956327741207642
outer loop
vertex 0 23.24993333333334 64.99990666666667
vertex 2.2054200000000006 22.391680000000004 90.00017333333335
vertex 2.278973333333334 23.13822666666667 64.99990666666667
endloop
endfacet
facet normal -0.04896496705187231 0.9983511645812432 0.029956371290338266
outer loop
vertex -2.278973333333334 23.13822666666667 64.99990666666667
vertex -2.2054200000000006 22.391680000000004 90.00017333333335
vertex 0 22.499846666666674 90.00017333333335
endloop
endfacet
facet normal -0.04893547875976764 0.9983526899087813 0.029953722146885468
outer loop
vertex -2.278973333333334 23.13822666666667 64.99990666666667
vertex 0 22.499846666666674 90.00017333333335
vertex 0 23.24993333333334 64.99990666666667
endloop
endfacet
facet normal -0.14671522854542524 0.9887253205251814 0.029947992674653635
outer loop
vertex -4.535920000000001 22.80310666666667 64.99990666666667
vertex -4.389600000000001 22.06757333333334 90.00017333333335
vertex -2.2054200000000006 22.391680000000004 90.00017333333335
endloop
endfacet
facet normal -0.1468076112471738 0.9887113536810843 0.029956374647418505
outer loop
vertex -4.535920000000001 22.80310666666667 64.99990666666667
vertex -2.2054200000000006 22.391680000000004 90.00017333333335
vertex -2.278973333333334 23.13822666666667 64.99990666666667
endloop
endfacet
facet normal -0.2428876324440744 0.9695917585469082 0.029956965193866075
outer loop
vertex -6.749206666666669 22.248900000000006 64.99990666666667
vertex -6.531300000000002 21.53106666666667 90.00017333333335
vertex -4.389600000000001 22.06757333333334 90.00017333333335
endloop
endfacet
facet normal -0.24279172200662127 0.9696160537482337 0.02994808906695497
outer loop
vertex -6.749206666666669 22.248900000000006 64.99990666666667
vertex -4.389600000000001 22.06757333333334 90.00017333333335
vertex -4.535920000000001 22.80310666666667 64.99990666666667
endloop
endfacet
facet normal -0.3366817197039139 0.9411420255710685 0.02995174988546839
outer loop
vertex -8.897200000000002 21.48032666666667 64.99990666666667
vertex -8.610460000000002 20.78727333333334 90.00017333333335
vertex -6.531300000000002 21.53106666666667 90.00017333333335
endloop
endfacet
facet normal -0.3367421552213186 0.9411202198892601 0.02995751345642721
outer loop
vertex -8.897200000000002 21.48032666666667 64.99990666666667
vertex -6.531300000000002 21.53106666666667 90.00017333333335
vertex -6.749206666666669 22.248900000000006 64.99990666666667
endloop
endfacet
facet normal -0.42738892731559724 0.9035714238330597 0.029956415678790503
outer loop
vertex -10.959840000000003 20.504860000000004 64.99990666666667
vertex -10.606233333333336 19.84327333333334 90.00017333333335
vertex -8.610460000000002 20.78727333333334 90.00017333333335
endloop
endfacet
facet normal -0.427331277916508 0.9035988795944242 0.02995068797115332
outer loop
vertex -10.959840000000003 20.504860000000004 64.99990666666667
vertex -8.610460000000002 20.78727333333334 90.00017333333335
vertex -8.897200000000002 21.48032666666667 64.99990666666667
endloop
endfacet
facet normal -0.5137937520785993 0.8573910984097467 0.029941354223264455
outer loop
vertex -12.91706666666667 19.33154666666667 64.99990666666667
vertex -12.50052666666667 18.708113333333337 90.00017333333335
vertex -10.606233333333336 19.84327333333334 90.00017333333335
endloop
endfacet
facet normal -0.5139354437707533 0.8573056547781662 0.02995620005171145
outer loop
vertex -12.91706666666667 19.33154666666667 64.99990666666667
vertex -10.606233333333336 19.84327333333334 90.00017333333335
vertex -10.959840000000003 20.504860000000004 64.99990666666667
endloop
endfacet
facet normal -0.5955054505532029 0.8027926348964844 0.029954026730755045
outer loop
vertex -14.74960666666667 17.972580000000004 64.99990666666667
vertex -14.273673333333337 17.392806666666672 90.00017333333335
vertex -12.50052666666667 18.708113333333337 90.00017333333335
endloop
endfacet
facet normal -0.5953933240681156 0.8028762653642111 0.02994147908732556
outer loop
vertex -14.74960666666667 17.972580000000004 64.99990666666667
vertex -12.50052666666667 18.708113333333337 90.00017333333335
vertex -12.91706666666667 19.33154666666667 64.99990666666667
endloop
endfacet
facet normal -0.6712183119237839 0.7406546890193473 0.029943436206282925
outer loop
vertex -16.44015333333334 16.44015333333334 64.99990666666667
vertex -15.909940000000004 15.909940000000004 90.00017333333335
vertex -14.273673333333337 17.392806666666672 90.00017333333335
endloop
endfacet
facet normal -0.6713067850873178 0.7405740663001272 0.029954175325393954
outer loop
vertex -16.44015333333334 16.44015333333334 64.99990666666667
vertex -14.273673333333337 17.392806666666672 90.00017333333335
vertex -14.74960666666667 17.972580000000004 64.99990666666667
endloop
endfacet
facet normal -0.7406544466935885 0.6712180923160648 0.02995435094601613
outer loop
vertex -17.972580000000004 14.74960666666667 64.99990666666667
vertex -17.392806666666672 14.273673333333337 90.00017333333335
vertex -15.909940000000004 15.909940000000004 90.00017333333335
endloop
endfacet
facet normal -0.7405743007943943 0.6713069976488963 0.02994361218221457
outer loop
vertex -17.972580000000004 14.74960666666667 64.99990666666667
vertex -15.909940000000004 15.909940000000004 90.00017333333335
vertex -16.44015333333334 16.44015333333334 64.99990666666667
endloop
endfacet
facet normal -0.8027929417885024 0.5955056782033601 0.029941273221399285
outer loop
vertex -19.33154666666667 12.91706666666667 64.99990666666667
vertex -18.708113333333337 12.50052666666667 90.00017333333335
vertex -17.392806666666672 14.273673333333337 90.00017333333335
endloop
endfacet
facet normal -0.8028759683570361 0.5953931038148876 0.029953820531376376
outer loop
vertex -19.33154666666667 12.91706666666667 64.99990666666667
vertex -17.392806666666672 14.273673333333337 90.00017333333335
vertex -17.972580000000004 14.74960666666667 64.99990666666667
endloop
endfacet
facet normal -0.8573907106005355 0.513793519682963 0.029956443508890512
outer loop
vertex -20.504860000000004 10.959840000000003 64.99990666666667
vertex -19.84327333333334 10.606233333333336 90.00017333333335
vertex -18.708113333333337 12.50052666666667 90.00017333333335
endloop
endfacet
facet normal -0.8573060300431549 0.5139356687336675 0.02994159740099682
outer loop
vertex -20.504860000000004 10.959840000000003 64.99990666666667
vertex -18.708113333333337 12.50052666666667 90.00017333333335
vertex -19.33154666666667 12.91706666666667 64.99990666666667
endloop
endfacet
facet normal -0.9035715815584734 0.4273890019196556 0.02995059328359745
outer loop
vertex -21.48032666666667 8.897200000000002 64.99990666666667
vertex -20.78727333333334 8.610460000000002 90.00017333333335
vertex -19.84327333333334 10.606233333333336 90.00017333333335
endloop
endfacet
facet normal -0.9035987269729289 0.42733120573853156 0.02995632178614541
outer loop
vertex -21.48032666666667 8.897200000000002 64.99990666666667
vertex -19.84327333333334 10.606233333333336 90.00017333333335
vertex -20.504860000000004 10.959840000000003 64.99990666666667
endloop
endfacet
facet normal -0.9411418602861971 0.3366816605753305 0.029957607535888074
outer loop
vertex -22.248900000000006 6.749206666666669 64.99990666666667
vertex -21.53106666666667 6.531300000000002 90.00017333333335
vertex -20.78727333333334 8.610460000000002 90.00017333333335
endloop
endfacet
facet normal -0.9411203798701504 0.336742212464069 0.02995184364722319
outer loop
vertex -22.248900000000006 6.749206666666669 64.99990666666667
vertex -20.78727333333334 8.610460000000002 90.00017333333335
vertex -21.48032666666667 8.897200000000002 64.99990666666667
endloop
endfacet
facet normal -0.9695920207808466 0.24288769813500036 0.02994794371564508
outer loop
vertex -22.80310666666667 4.535920000000001 64.99990666666667
vertex -22.06757333333334 4.389600000000001 90.00017333333335
vertex -21.53106666666667 6.531300000000002 90.00017333333335
endloop
endfacet
facet normal -0.9696157999834261 0.24279165846394954 0.02995681897040251
outer loop
vertex -22.80310666666667 4.535920000000001 64.99990666666667
vertex -21.53106666666667 6.531300000000002 90.00017333333335
vertex -22.248900000000006 6.749206666666669 64.99990666666667
endloop
endfacet
facet normal -0.988725067994718 0.14671519107286954 0.029956512268480204
outer loop
vertex -23.13822666666667 2.278973333333334 64.99990666666667
vertex -22.391680000000004 2.2054200000000006 90.00017333333335
vertex -22.06757333333334 4.389600000000001 90.00017333333335
endloop
endfacet
facet normal -0.9887115980628792 0.14680764753390949 0.029948129849908692
outer loop
vertex -23.13822666666667 2.278973333333334 64.99990666666667
vertex -22.06757333333334 4.389600000000001 90.00017333333335
vertex -22.80310666666667 4.535920000000001 64.99990666666667
endloop
endfacet
facet normal -0.9983512451741847 0.04896497100462053 0.029953678800301517
outer loop
vertex -23.24993333333334 0 64.99990666666667
vertex -22.499846666666674 0 90.00017333333335
vertex -22.391680000000004 2.2054200000000006 90.00017333333335
endloop
endfacet
facet normal -0.9983526119167325 0.04893547493689193 0.029956327741207642
outer loop
vertex -23.24993333333334 0 64.99990666666667
vertex -22.391680000000004 2.2054200000000006 90.00017333333335
vertex -23.13822666666667 2.278973333333334 64.99990666666667
endloop
endfacet
facet normal -0.9983511645812432 -0.04896496705187231 0.029956371290338266
outer loop
vertex -23.13822666666667 -2.278973333333334 64.99990666666667
vertex -22.391680000000004 -2.2054200000000006 90.00017333333335
vertex -22.499846666666674 0 90.00017333333335
endloop
endfacet
facet normal -0.9983526899087813 -0.04893547875976764 0.029953722146885468
outer loop
vertex -23.13822666666667 -2.278973333333334 64.99990666666667
vertex -22.499846666666674 0 90.00017333333335
vertex -23.24993333333334 0 64.99990666666667
endloop
endfacet
facet normal -0.9887253205251814 -0.14671522854542524 0.029947992674653635
outer loop
vertex -22.80310666666667 -4.535920000000001 64.99990666666667
vertex -22.06757333333334 -4.389600000000001 90.00017333333335
vertex -22.391680000000004 -2.2054200000000006 90.00017333333335
endloop
endfacet
facet normal -0.9887113536810843 -0.1468076112471738 0.029956374647418505
outer loop
vertex -22.80310666666667 -4.535920000000001 64.99990666666667
vertex -22.391680000000004 -2.2054200000000006 90.00017333333335
vertex -23.13822666666667 -2.278973333333334 64.99990666666667
endloop
endfacet
facet normal -0.9695917585469082 -0.2428876324440744 0.029956965193866075
outer loop
vertex -22.248900000000006 -6.749206666666669 64.99990666666667
vertex -21.53106666666667 -6.531300000000002 90.00017333333335
vertex -22.06757333333334 -4.389600000000001 90.00017333333335
endloop
endfacet
facet normal -0.9696160537482337 -0.24279172200662127 0.02994808906695497
outer loop
vertex -22.248900000000006 -6.749206666666669 64.99990666666667
vertex -22.06757333333334 -4.389600000000001 90.00017333333335
vertex -22.80310666666667 -4.535920000000001 64.99990666666667
endloop
endfacet
facet normal -0.9411420255710685 -0.3366817197039139 0.02995174988546839
outer loop
vertex -21.48032666666667 -8.897200000000002 64.99990666666667
vertex -20.78727333333334 -8.610460000000002 90.00017333333335
vertex -21.53106666666667 -6.531300000000002 90.00017333333335
endloop
endfacet
facet normal -0.9411202198892601 -0.3367421552213186 0.02995751345642721
outer loop
vertex -21.48032666666667 -8.897200000000002 64.99990666666667
vertex -21.53106666666667 -6.531300000000002 90.00017333333335
vertex -22.248900000000006 -6.749206666666669 64.99990666666667
endloop
endfacet
facet normal -0.9035714238330597 -0.42738892731559724 0.029956415678790503
outer loop
vertex -20.504860000000004 -10.959840000000003 64.99990666666667
vertex -19.84327333333334 -10.606233333333336 90.00017333333335
vertex -20.78727333333334 -8.610460000000002 90.00017333333335
endloop
endfacet
facet normal -0.9035988795944242 -0.427331277916508 0.02995068797115332
outer loop
vertex -20.504860000000004 -10.959840000000003 64.99990666666667
vertex -20.78727333333334 -8.610460000000002 90.00017333333335
vertex -21.48032666666667 -8.897200000000002 64.99990666666667
endloop
endfacet
facet normal -0.8573910984097467 -0.5137937520785993 0.029941354223264455
outer loop
vertex -19.33154666666667 -12.91706666666667 64.99990666666667
vertex -18.708113333333337 -12.50052666666667 90.00017333333335
vertex -19.84327333333334 -10.606233333333336 90.00017333333335
endloop
endfacet
facet normal -0.8573056547781662 -0.5139354437707533 0.02995620005171145
outer loop
vertex -19.33154666666667 -12.91706666666667 64.99990666666667
vertex -19.84327333333334 -10.606233333333336 90.00017333333335
vertex -20.504860000000004 -10.959840000000003 64.99990666666667
endloop
endfacet
facet normal -0.8027926348964844 -0.5955054505532029 0.029954026730755045
outer loop
vertex -17.972580000000004 -14.74960666666667 64.99990666666667
vertex -17.392806666666672 -14.273673333333337 90.00017333333335
vertex -18.708113333333337 -12.50052666666667 90.00017333333335
endloop
endfacet
facet normal -0.8028762653642111 -0.5953933240681156 0.02994147908732556
outer loop
vertex -17.972580000000004 -14.74960666666667 64.99990666666667
vertex -18.708113333333337 -12.50052666666667 90.00017333333335
vertex -19.33154666666667 -12.91706666666667 64.99990666666667
endloop
endfacet
facet normal -0.7406546890193473 -0.6712183119237839 0.029943436206282925
outer loop
vertex -16.44015333333334 -16.44015333333334 64.99990666666667
vertex -15.909940000000004 -15.909940000000004 90.00017333333335
vertex -17.392806666666672 -14.273673333333337 90.00017333333335
endloop
endfacet
facet normal -0.7405740663001272 -0.6713067850873178 0.029954175325393954
outer loop
vertex -16.44015333333334 -16.44015333333334 64.99990666666667
vertex -17.392806666666672 -14.273673333333337 90.00017333333335
vertex -17.972580000000004 -14.74960666666667 64.99990666666667
endloop
endfacet
facet normal -0.6712180923160648 -0.7406544466935885 0.02995435094601613
outer loop
vertex -14.74960666666667 -17.972580000000004 64.99990666666667
vertex -14.273673333333337 -17.392806666666672 90.00017333333335
vertex -15.909940000000004 -15.909940000000004 90.00017333333335
endloop
endfacet
facet normal -0.6713069976488963 -0.7405743007943943 0.02994361218221457
outer loop
vertex -14.74960666666667 -17.972580000000004 64.99990666666667
vertex -15.909940000000004 -15.909940000000004 90.00017333333335
vertex -16.44015333333334 -16.44015333333334 64.99990666666667
endloop
endfacet
facet normal -0.5955056782033601 -0.8027929417885024 0.029941273221399285
outer loop
vertex -12.91706666666667 -19.33154666666667 64.99990666666667
vertex -12.50052666666667 -18.708113333333337 90.00017333333335
vertex -14.273673333333337 -17.392806666666672 90.00017333333335
endloop
endfacet
facet normal -0.5953931038148876 -0.8028759683570361 0.029953820531376376
outer loop
vertex -12.91706666666667 -19.33154666666667 64.99990666666667
vertex -14.273673333333337 -17.392806666666672 90.00017333333335
vertex -14.74960666666667 -17.972580000000004 64.99990666666667
endloop
endfacet
facet normal -0.513793519682963 -0.8573907106005355 0.029956443508890512
outer loop
vertex -10.959840000000003 -20.504860000000004 64.99990666666667
vertex -10.606233333333336 -19.84327333333334 90.00017333333335
vertex -12.50052666666667 -18.708113333333337 90.00017333333335
endloop
endfacet
facet normal -0.5139356687336675 -0.8573060300431549 0.02994159740099682
outer loop
vertex -10.959840000000003 -20.504860000000004 64.99990666666667
vertex -12.50052666666667 -18.708113333333337 90.00017333333335
vertex -12.91706666666667 -19.33154666666667 64.99990666666667
endloop
endfacet
facet normal -0.4273890019196556 -0.9035715815584734 0.02995059328359745
outer loop
vertex -8.897200000000002 -21.48032666666667 64.99990666666667
vertex -8.610460000000002 -20.78727333333334 90.00017333333335
vertex -10.606233333333336 -19.84327333333334 90.00017333333335
endloop
endfacet
facet normal -0.42733120573853156 -0.9035987269729289 0.02995632178614541
outer loop
vertex -8.897200000000002 -21.48032666666667 64.99990666666667
vertex -10.606233333333336 -19.84327333333334 90.00017333333335
vertex -10.959840000000003 -20.504860000000004 64.99990666666667
endloop
endfacet
facet normal -0.3366816605753305 -0.9411418602861971 0.029957607535888074
outer loop
vertex -6.749206666666669 -22.248900000000006 64.99990666666667
vertex -6.531300000000002 -21.53106666666667 90.00017333333335
vertex -8.610460000000002 -20.78727333333334 90.00017333333335
endloop
endfacet
facet normal -0.336742212464069 -0.9411203798701504 0.02995184364722319
outer loop
vertex -6.749206666666669 -22.248900000000006 64.99990666666667
vertex -8.610460000000002 -20.78727333333334 90.00017333333335
vertex -8.897200000000002 -21.48032666666667 64.99990666666667
endloop
endfacet
facet normal -0.24288769813500036 -0.9695920207808466 0.02994794371564508
outer loop
vertex -4.535920000000001 -22.80310666666667 64.99990666666667
vertex -4.389600000000001 -22.06757333333334 90.00017333333335
vertex -6.531300000000002 -21.53106666666667 90.00017333333335
endloop
endfacet
facet normal -0.24279165846394954 -0.9696157999834261 0.02995681897040251
outer loop
vertex -4.535920000000001 -22.80310666666667 64.99990666666667
vertex -6.531300000000002 -21.53106666666667 90.00017333333335
vertex -6.749206666666669 -22.248900000000006 64.99990666666667
endloop
endfacet
facet normal -0.14671519107286954 -0.988725067994718 0.029956512268480204
outer loop
vertex -2.278973333333334 -23.13822666666667 64.99990666666667
vertex -2.2054200000000006 -22.391680000000004 90.00017333333335
vertex -4.389600000000001 -22.06757333333334 90.00017333333335
endloop
endfacet
facet normal -0.14680764753390949 -0.9887115980628792 0.029948129849908692
outer loop
vertex -2.278973333333334 -23.13822666666667 64.99990666666667
vertex -4.389600000000001 -22.06757333333334 90.00017333333335
vertex -4.535920000000001 -22.80310666666667 64.99990666666667
endloop
endfacet
facet normal -0.04896497100462053 -0.9983512451741847 0.029953678800301517
outer loop
vertex 0 -23.24993333333334 64.99990666666667
vertex 0 -22.499846666666674 90.00017333333335
vertex -2.2054200000000006 -22.391680000000004 90.00017333333335
endloop
endfacet
facet normal -0.04893547493689193 -0.9983526119167325 0.029956327741207642
outer loop
vertex 0 -23.24993333333334 64.99990666666667
vertex -2.2054200000000006 -22.391680000000004 90.00017333333335
vertex -2.278973333333334 -23.13822666666667 64.99990666666667
endloop
endfacet
facet normal 0.04896496705187231 -0.9983511645812432 0.029956371290338266
outer loop
vertex 2.278973333333334 -23.13822666666667 64.99990666666667
vertex 2.2054200000000006 -22.391680000000004 90.00017333333335
vertex 0 -22.499846666666674 90.00017333333335
endloop
endfacet
facet normal 0.04893547875976764 -0.9983526899087813 0.029953722146885468
outer loop
vertex 2.278973333333334 -23.13822666666667 64.99990666666667
vertex 0 -22.499846666666674 90.00017333333335
vertex 0 -23.24993333333334 64.99990666666667
endloop
endfacet
facet normal 0.14671522854542524 -0.9887253205251814 0.029947992674653635
outer loop
vertex 4.535920000000001 -22.80310666666667 64.99990666666667
vertex 4.389600000000001 -22.06757333333334 90.00017333333335
vertex 2.2054200000000006 -22.391680000000004 90.00017333333335
endloop
endfacet
facet normal 0.1468076112471738 -0.9887113536810843 0.029956374647418505
outer loop
vertex 4.535920000000001 -22.80310666666667 64.99990666666667
vertex 2.2054200000000006 -22.391680000000004 90.00017333333335
vertex 2.278973333333334 -23.13822666666667 64.99990666666667
endloop
endfacet
facet normal 0.2428876324440744 -0.9695917585469082 0.029956965193866075
outer loop
vertex 6.749206666666669 -22.248900000000006 64.99990666666667
vertex 6.531300000000002 -21.53106666666667 90.00017333333335
vertex 4.389600000000001 -22.06757333333334 90.00017333333335
endloop
endfacet
facet normal 0.24279172200662127 -0.9696160537482337 0.02994808906695497
outer loop
vertex 6.749206666666669 -22.248900000000006 64.99990666666667
vertex 4.389600000000001 -22.06757333333334 90.00017333333335
vertex 4.535920000000001 -22.80310666666667 64.99990666666667
endloop
endfacet
facet normal 0.3366817197039139 -0.9411420255710685 0.02995174988546839
outer loop
vertex 8.897200000000002 -21.48032666666667 64.99990666666667
vertex 8.610460000000002 -20.78727333333334 90.00017333333335
vertex 6.531300000000002 -21.53106666666667 90.00017333333335
endloop
endfacet
facet normal 0.3367421552213186 -0.9411202198892601 0.02995751345642721
outer loop
vertex 8.897200000000002 -21.48032666666667 64.99990666666667
vertex 6.531300000000002 -21.53106666666667 90.00017333333335
vertex 6.749206666666669 -22.248900000000006 64.99990666666667
endloop
endfacet
facet normal 0.42738892731559724 -0.9035714238330597 0.029956415678790503
outer loop
vertex 10.959840000000003 -20.504860000000004 64.99990666666667
vertex 10.606233333333336 -19.84327333333334 90.00017333333335
vertex 8.610460000000002 -20.78727333333334 90.00017333333335
endloop
endfacet
facet normal 0.427331277916508 -0.9035988795944242 0.02995068797115332
outer loop
vertex 10.959840000000003 -20.504860000000004 64.99990666666667
vertex 8.610460000000002 -20.78727333333334 90.00017333333335
vertex 8.897200000000002 -21.48032666666667 64.99990666666667
endloop
endfacet
facet normal 0.5137937520785993 -0.8573910984097467 0.029941354223264455
outer loop
vertex 12.91706666666667 -19.33154666666667 64.99990666666667
vertex 12.50052666666667 -18.708113333333337 90.00017333333335
vertex 10.606233333333336 -19.84327333333334 90.00017333333335
endloop
endfacet
facet normal 0.5139354437707533 -0.8573056547781662 0.02995620005171145
outer loop
vertex 12.91706666666667 -19.33154666666667 64.99990666666667
vertex 10.606233333333336 -19.84327333333334 90.00017333333335
vertex 10.959840000000003 -20.504860000000004 64.99990666666667
endloop
endfacet
facet normal 0.5955054505532029 -0.8027926348964844 0.029954026730755045
outer loop
vertex 14.74960666666667 -17.972580000000004 64.99990666666667
vertex 14.273673333333337 -17.392806666666672 90.00017333333335
vertex 12.50052666666667 -18.708113333333337 90.00017333333335
endloop
endfacet
facet normal 0.5953933240681156 -0.8028762653642111 0.02994147908732556
outer loop
vertex 14.74960666666667 -17.972580000000004 64.99990666666667
vertex 12.50052666666667 -18.708113333333337 90.00017333333335
vertex 12.91706666666667 -19.33154666666667 64.99990666666667
endloop
endfacet
facet normal 0.6712183119237839 -0.7406546890193473 0.029943436206282925
outer loop
vertex 16.44015333333334 -16.44015333333334 64.99990666666667
vertex 15.909940000000004 -15.909940000000004 90.00017333333335
vertex 14.273673333333337 -17.392806666666672 90.00017333333335
endloop
endfacet
facet normal 0.6713067850873178 -0.7405740663001272 0.029954175325393954
outer loop
vertex 16.44015333333334 -16.44015333333334 64.99990666666667
vertex 14.273673333333337 -17.392806666666672 90.00017333333335
vertex 14.74960666666667 -17.972580000000004 64.99990666666667
endloop
endfacet
facet normal 0.7406544466935885 -0.6712180923160648 0.02995435094601613
outer loop
vertex 17.972580000000004 -14.74960666666667 64.99990666666667
vertex 17.392806666666672 -14.273673333333337 90.00017333333335
vertex 15.909940000000004 -15.909940000000004 90.00017333333335
endloop
endfacet
facet normal 0.7405743007943943 -0.6713069976488963 0.02994361218221457
outer loop
vertex 17.972580000000004 -14.74960666666667 64.99990666666667
vertex 15.909940000000004 -15.909940000000004 90.00017333333335
vertex 16.44015333333334 -16.44015333333334 64.99990666666667
endloop
endfacet
facet normal 0.8027929417885024 -0.5955056782033601 0.029941273221399285
outer loop
vertex 19.33154666666667 -12.91706666666667 64.99990666666667
vertex 18.708113333333337 -12.50052666666667 90.00017333333335
vertex 17.392806666666672 -14.273673333333337 90.00017333333335
endloop
endfacet
facet normal 0.8028759683570361 -0.5953931038148876 0.029953820531376376
outer loop
vertex 19.33154666666667 -12.91706666666667 64.99990666666667
vertex 17.392806666666672 -14.273673333333337 90.00017333333335
vertex 17.972580000000004 -14.74960666666667 64.99990666666667
endloop
endfacet
facet normal 0.8573907106005355 -0.513793519682963 0.029956443508890512
outer loop
vertex 20.504860000000004 -10.959840000000003 64.99990666666667
vertex 19.84327333333334 -10.606233333333336 90.00017333333335
vertex 18.708113333333337 -12.50052666666667 90.00017333333335
endloop
endfacet
facet normal 0.8573060300431549 -0.5139356687336675 0.02994159740099682
outer loop
vertex 20.504860000000004 -10.959840000000003 64.99990666666667
vertex 18.708113333333337 -12.50052666666667 90.00017333333335
vertex 19.33154666666667 -12.91706666666667 64.99990666666667
endloop
endfacet
facet normal 0.9035715815584734 -0.4273890019196556 0.02995059328359745
outer loop
vertex 21.48032666666667 -8.897200000000002 64.99990666666667
vertex 20.78727333333334 -8.610460000000002 90.00017333333335
vertex 19.84327333333334 -10.606233333333336 90.00017333333335
endloop
endfacet
facet normal 0.9035987269729289 -0.42733120573853156 0.02995632178614541
outer loop
vertex 21.48032666666667 -8.897200000000002 64.99990666666667
vertex 19.84327333333334 -10.606233333333336 90.00017333333335
vertex 20.504860000000004 -10.959840000000003 64.99990666666667
endloop
endfacet
facet normal 0.9411418602861971 -0.3366816605753305 0.029957607535888074
outer loop
vertex 22.248900000000006 -6.749206666666669 64.99990666666667
vertex 21.53106666666667 -6.531300000000002 90.00017333333335
vertex 20.78727333333334 -8.610460000000002 90.00017333333335
endloop
endfacet
facet normal 0.9411203798701504 -0.336742212464069 0.02995184364722319
outer loop
vertex 22.248900000000006 -6.749206666666669 64.99990666666667
vertex 20.78727333333334 -8.610460000000002 90.00017333333335
vertex 21.48032666666667 -8.897200000000002 64.99990666666667
endloop
endfacet
facet normal 0.9695920207808466 -0.24288769813500036 0.02994794371564508
outer loop
vertex 22.80310666666667 -4.535920000000001 64.99990666666667
vertex 22.06757333333334 -4.389600000000001 90.00017333333335
vertex 21.53106666666667 -6.531300000000002 90.00017333333335
endloop
endfacet
facet normal 0.9696157999834261 -0.24279165846394954 0.02995681897040251
outer loop
vertex 22.80310666666667 -4.535920000000001 64.99990666666667
vertex 21.53106666666667 -6.531300000000002 90.00017333333335
vertex 22.248900000000006 -6.749206666666669 64.99990666666667
endloop
endfacet
facet normal 0.988725067994718 -0.14671519107286954 0.029956512268480204
outer loop
vertex 23.13822666666667 -2.278973333333334 64.99990666666667
vertex 22.391680000000004 -2.2054200000000006 90.00017333333335
vertex 22.06757333333334 -4.389600000000001 90.00017333333335
endloop
endfacet
facet normal 0.9887115980628792 -0.14680764753390949 0.029948129849908692
outer loop
vertex 23.13822666666667 -2.278973333333334 64.99990666666667
vertex 22.06757333333334 -4.389600000000001 90.00017333333335
vertex 22.80310666666667 -4.535920000000001 64.99990666666667
endloop
endfacet
facet normal 0.9983512451741847 -0.04896497100462053 0.029953678800301517
outer loop
vertex 23.24993333333334 0 64.99990666666667
vertex 22.499846666666674 0 90.00017333333335
vertex 22.391680000000004 -2.2054200000000006 90.00017333333335
endloop
endfacet
facet normal 0.9983526119167325 -0.04893547493689193 0.029956327741207642
outer loop
vertex 23.24993333333334 0 64.99990666666667
vertex 22.391680000000004 -2.2054200000000006 90.00017333333335
vertex 23.13822666666667 -2.278973333333334 64.99990666666667
endloop
endfacet
facet normal -0.998347653199086 -0.04904780993403274 -0.029937863860878804
outer loop
vertex 21.24983333333334 0 64.99990666666667
vertex 20.500140000000005 0 90.00017333333335
vertex 20.401413333333338 2.0095400000000003 90.00017333333335
endloop
endfacet
facet normal -0.9983488643579872 -0.049021851696519896 -0.029939991505705785
outer loop
vertex 21.24983333333334 0 64.99990666666667
vertex 20.401413333333338 2.0095400000000003 90.00017333333335
vertex 21.147566666666673 2.0827000000000004 64.99990666666667
endloop
endfacet
facet normal -0.9887169772716787 -0.14677336428761217 -0.029938576961011258
outer loop
vertex 21.147566666666673 2.0827000000000004 64.99990666666667
vertex 20.401413333333338 2.0095400000000003 90.00017333333335
vertex 20.106020000000004 3.9994133333333344 90.00017333333335
endloop
endfacet
facet normal -0.9887334343277867 -0.14666055517769783 -0.029947911402124966
outer loop
vertex 21.147566666666673 2.0827000000000004 64.99990666666667
vertex 20.106020000000004 3.9994133333333344 90.00017333333335
vertex 20.841553333333337 4.145733333333334 64.99990666666667
endloop
endfacet
facet normal -0.9695807606630129 -0.24293265178474563 -0.029947875533413423
outer loop
vertex 20.841553333333337 4.145733333333334 64.99990666666667
vertex 20.106020000000004 3.9994133333333344 90.00017333333335
vertex 19.617106666666672 5.9507400000000015 90.00017333333335
endloop
endfacet
facet normal -0.9696072007210628 -0.24282599154748785 -0.02995687131266901
outer loop
vertex 20.841553333333337 4.145733333333334 64.99990666666667
vertex 19.617106666666672 5.9507400000000015 90.00017333333335
vertex 20.334940000000003 6.168646666666668 64.99990666666667
endloop
endfacet
facet normal -0.9411333957876393 -0.33670532411588494 -0.029957570750041483
outer loop
vertex 20.334940000000003 6.168646666666668 64.99990666666667
vertex 19.617106666666672 5.9507400000000015 90.00017333333335
vertex 18.93939333333334 7.845033333333335 90.00017333333335
endloop
endfacet
facet normal -0.9411314228415498 -0.33671088164964086 -0.029957087958638193
outer loop
vertex 20.334940000000003 6.168646666666668 64.99990666666667
vertex 18.93939333333334 7.845033333333335 90.00017333333335
vertex 19.63244666666667 8.132166666666668 64.99990666666667
endloop
endfacet
facet normal -0.9036582542340096 -0.4272052214004203 -0.0299576094333327
outer loop
vertex 19.63244666666667 8.132166666666668 64.99990666666667
vertex 18.93939333333334 7.845033333333335 90.00017333333335
vertex 18.079566666666672 9.66380666666667 90.00017333333335
endloop
endfacet
facet normal -0.9035438623211774 -0.4274486510605393 -0.029935590327474233
outer loop
vertex 19.63244666666667 8.132166666666668 64.99990666666667
vertex 18.079566666666672 9.66380666666667 90.00017333333335
vertex 18.740760000000005 10.017020000000002 64.99990666666667
endloop
endfacet
facet normal -0.8572982597838698 -0.5139490365241799 -0.029934622553420345
outer loop
vertex 18.740760000000005 10.017020000000002 64.99990666666667
vertex 18.079566666666672 9.66380666666667 90.00017333333335
vertex 17.045100000000005 11.389360000000003 90.00017333333335
endloop
endfacet
facet normal -0.8573412480437552 -0.5138769222003696 -0.029941496833850483
outer loop
vertex 18.740760000000005 10.017020000000002 64.99990666666667
vertex 17.045100000000005 11.389360000000003 90.00017333333335
vertex 17.668533333333336 11.805900000000003 64.99990666666667
endloop
endfacet
facet normal -0.8028194081542382 -0.5954699943149868 -0.02994133867061096
outer loop
vertex 17.668533333333336 11.805900000000003 64.99990666666667
vertex 17.045100000000005 11.389360000000003 90.00017333333335
vertex 15.846613333333337 13.005173333333337 90.00017333333335
endloop
endfacet
facet normal -0.8028426535119698 -0.595438492200752 -0.02994454386953032
outer loop
vertex 17.668533333333336 11.805900000000003 64.99990666666667
vertex 15.846613333333337 13.005173333333337 90.00017333333335
vertex 16.42638666666667 13.480713333333336 64.99990666666667
endloop
endfacet
facet normal -0.7405361514315026 -0.6713490842352106 -0.029943538861711753
outer loop
vertex 16.42638666666667 13.480713333333336 64.99990666666667
vertex 15.846613333333337 13.005173333333337 90.00017333333335
vertex 14.495513333333337 14.495513333333337 90.00017333333335
endloop
endfacet
facet normal -0.7407157574176594 -0.6711499354560605 -0.02996549433113043
outer loop
vertex 16.42638666666667 13.480713333333336 64.99990666666667
vertex 14.495513333333337 14.495513333333337 90.00017333333335
vertex 15.026120000000004 15.026120000000004 64.99990666666667
endloop
endfacet
facet normal -0.6713486343682951 -0.7405356552027565 -0.02996588902818361
outer loop
vertex 15.026120000000004 15.026120000000004 64.99990666666667
vertex 14.495513333333337 14.495513333333337 90.00017333333335
vertex 13.005173333333337 15.846613333333337 90.00017333333335
endloop
endfacet
facet normal -0.6711503692701836 -0.7407162361973476 -0.02994393531470322
outer loop
vertex 15.026120000000004 15.026120000000004 64.99990666666667
vertex 13.005173333333337 15.846613333333337 90.00017333333335
vertex 13.480713333333336 16.42638666666667 64.99990666666667
endloop
endfacet
facet normal -0.5954699360935699 -0.8028193296594629 -0.029944601080163134
outer loop
vertex 13.480713333333336 16.42638666666667 64.99990666666667
vertex 13.005173333333337 15.846613333333337 90.00017333333335
vertex 11.389360000000003 17.045100000000005 90.00017333333335
endloop
endfacet
facet normal -0.5954385483698219 -0.802842729245947 -0.029941396296073966
outer loop
vertex 13.480713333333336 16.42638666666667 64.99990666666667
vertex 11.389360000000003 17.045100000000005 90.00017333333335
vertex 11.805900000000003 17.668533333333336 64.99990666666667
endloop
endfacet
facet normal -0.5139489287589528 -0.857298080024915 -0.029941620081737178
outer loop
vertex 11.805900000000003 17.668533333333336 64.99990666666667
vertex 11.389360000000003 17.045100000000005 90.00017333333335
vertex 9.66380666666667 18.079566666666672 90.00017333333335
endloop
endfacet
facet normal -0.513877026141359 -0.8573414214566751 -0.02993474667941488
outer loop
vertex 11.805900000000003 17.668533333333336 64.99990666666667
vertex 9.66380666666667 18.079566666666672 90.00017333333335
vertex 10.017020000000002 18.740760000000005 64.99990666666667
endloop
endfacet
facet normal -0.42720550839179194 -0.9036588613008449 -0.02993519654472228
outer loop
vertex 10.017020000000002 18.740760000000005 64.99990666666667
vertex 9.66380666666667 18.079566666666672 90.00017333333335
vertex 7.845033333333335 18.93939333333334 90.00017333333335
endloop
endfacet
facet normal -0.4274483740082809 -0.9035432766862315 -0.02995721470338546
outer loop
vertex 10.017020000000002 18.740760000000005 64.99990666666667
vertex 7.845033333333335 18.93939333333334 90.00017333333335
vertex 8.132166666666668 19.63244666666667 64.99990666666667
endloop
endfacet
facet normal -0.3367053290778514 -0.9411334096569547 -0.02995707926435463
outer loop
vertex 8.132166666666668 19.63244666666667 64.99990666666667
vertex 7.845033333333335 18.93939333333334 90.00017333333335
vertex 5.9507400000000015 19.617106666666672 90.00017333333335
endloop
endfacet
facet normal -0.3367108768625467 -0.9411314094612733 -0.029957562115303163
outer loop
vertex 8.132166666666668 19.63244666666667 64.99990666666667
vertex 5.9507400000000015 19.617106666666672 90.00017333333335
vertex 6.168646666666668 20.334940000000003 64.99990666666667
endloop
endfacet
facet normal -0.24293258508701782 -0.969580494462347 -0.029957033582945023
outer loop
vertex 6.168646666666668 20.334940000000003 64.99990666666667
vertex 5.9507400000000015 19.617106666666672 90.00017333333335
vertex 3.9994133333333344 20.106020000000004 90.00017333333335
endloop
endfacet
facet normal -0.2428260558584629 -0.9696074575155851 -0.029948037104051133
outer loop
vertex 6.168646666666668 20.334940000000003 64.99990666666667
vertex 3.9994133333333344 20.106020000000004 90.00017333333335
vertex 4.145733333333334 20.841553333333337 64.99990666666667
endloop
endfacet
facet normal -0.14677332249009015 -0.988716695708877 -0.02994807893237746
outer loop
vertex 4.145733333333334 20.841553333333337 64.99990666666667
vertex 3.9994133333333344 20.106020000000004 90.00017333333335
vertex 2.0095400000000003 20.401413333333338 90.00017333333335
endloop
endfacet
facet normal -0.1466605954626899 -0.988733705914912 -0.029938746237832815
outer loop
vertex 4.145733333333334 20.841553333333337 64.99990666666667
vertex 2.0095400000000003 20.401413333333338 90.00017333333335
vertex 2.0827000000000004 21.147566666666673 64.99990666666667
endloop
endfacet
facet normal -0.04904780675124823 -0.9983475884148388 -0.02994002937820464
outer loop
vertex 2.0827000000000004 21.147566666666673 64.99990666666667
vertex 2.0095400000000003 20.401413333333338 90.00017333333335
vertex 0 20.500140000000005 90.00017333333335
endloop
endfacet
facet normal -0.04902185476588004 -0.9983489268666871 -0.02993790205487578
outer loop
vertex 2.0827000000000004 21.147566666666673 64.99990666666667
vertex 0 20.500140000000005 90.00017333333335
vertex 0 21.24983333333334 64.99990666666667
endloop
endfacet
facet normal 0.04904780993403274 -0.998347653199086 -0.029937863860878804
outer loop
vertex 0 21.24983333333334 64.99990666666667
vertex 0 20.500140000000005 90.00017333333335
vertex -2.0095400000000003 20.401413333333338 90.00017333333335
endloop
endfacet
facet normal 0.049021851696519896 -0.9983488643579872 -0.029939991505705785
outer loop
vertex 0 21.24983333333334 64.99990666666667
vertex -2.0095400000000003 20.401413333333338 90.00017333333335
vertex -2.0827000000000004 21.147566666666673 64.99990666666667
endloop
endfacet
facet normal 0.14677336428761217 -0.9887169772716787 -0.029938576961011258
outer loop
vertex -2.0827000000000004 21.147566666666673 64.99990666666667
vertex -2.0095400000000003 20.401413333333338 90.00017333333335
vertex -3.9994133333333344 20.106020000000004 90.00017333333335
endloop
endfacet
facet normal 0.14666055517769783 -0.9887334343277867 -0.029947911402124966
outer loop
vertex -2.0827000000000004 21.147566666666673 64.99990666666667
vertex -3.9994133333333344 20.106020000000004 90.00017333333335
vertex -4.145733333333334 20.841553333333337 64.99990666666667
endloop
endfacet
facet normal 0.24293265178474563 -0.9695807606630129 -0.029947875533413423
outer loop
vertex -4.145733333333334 20.841553333333337 64.99990666666667
vertex -3.9994133333333344 20.106020000000004 90.00017333333335
vertex -5.9507400000000015 19.617106666666672 90.00017333333335
endloop
endfacet
facet normal 0.24282599154748785 -0.9696072007210628 -0.02995687131266901
outer loop
vertex -4.145733333333334 20.841553333333337 64.99990666666667
vertex -5.9507400000000015 19.617106666666672 90.00017333333335
vertex -6.168646666666668 20.334940000000003 64.99990666666667
endloop
endfacet
facet normal 0.33670532411588494 -0.9411333957876393 -0.029957570750041483
outer loop
vertex -6.168646666666668 20.334940000000003 64.99990666666667
vertex -5.9507400000000015 19.617106666666672 90.00017333333335
vertex -7.845033333333335 18.93939333333334 90.00017333333335
endloop
endfacet
facet normal 0.33671088164964086 -0.9411314228415498 -0.029957087958638193
outer loop
vertex -6.168646666666668 20.334940000000003 64.99990666666667
vertex -7.845033333333335 18.93939333333334 90.00017333333335
vertex -8.132166666666668 19.63244666666667 64.99990666666667
endloop
endfacet
facet normal 0.4272052214004203 -0.9036582542340096 -0.0299576094333327
outer loop
vertex -8.132166666666668 19.63244666666667 64.99990666666667
vertex -7.845033333333335 18.93939333333334 90.00017333333335
vertex -9.66380666666667 18.079566666666672 90.00017333333335
endloop
endfacet
facet normal 0.4274486510605393 -0.9035438623211774 -0.029935590327474233
outer loop
vertex -8.132166666666668 19.63244666666667 64.99990666666667
vertex -9.66380666666667 18.079566666666672 90.00017333333335
vertex -10.017020000000002 18.740760000000005 64.99990666666667
endloop
endfacet
facet normal 0.5139490365241799 -0.8572982597838698 -0.029934622553420345
outer loop
vertex -10.017020000000002 18.740760000000005 64.99990666666667
vertex -9.66380666666667 18.079566666666672 90.00017333333335
vertex -11.389360000000003 17.045100000000005 90.00017333333335
endloop
endfacet
facet normal 0.5138769222003696 -0.8573412480437552 -0.029941496833850483
outer loop
vertex -10.017020000000002 18.740760000000005 64.99990666666667
vertex -11.389360000000003 17.045100000000005 90.00017333333335
vertex -11.805900000000003 17.668533333333336 64.99990666666667
endloop
endfacet
facet normal 0.5954699943149868 -0.8028194081542382 -0.02994133867061096
outer loop
vertex -11.805900000000003 17.668533333333336 64.99990666666667
vertex -11.389360000000003 17.045100000000005 90.00017333333335
vertex -13.005173333333337 15.846613333333337 90.00017333333335
endloop
endfacet
facet normal 0.595438492200752 -0.8028426535119698 -0.02994454386953032
outer loop
vertex -11.805900000000003 17.668533333333336 64.99990666666667
vertex -13.005173333333337 15.846613333333337 90.00017333333335
vertex -13.480713333333336 16.42638666666667 64.99990666666667
endloop
endfacet
facet normal 0.6713490842352106 -0.7405361514315026 -0.029943538861711753
outer loop
vertex -13.480713333333336 16.42638666666667 64.99990666666667
vertex -13.005173333333337 15.846613333333337 90.00017333333335
vertex -14.495513333333337 14.495513333333337 90.00017333333335
endloop
endfacet
facet normal 0.6711499354560605 -0.7407157574176594 -0.02996549433113043
outer loop
vertex -13.480713333333336 16.42638666666667 64.99990666666667
vertex -14.495513333333337 14.495513333333337 90.00017333333335
vertex -15.026120000000004 15.026120000000004 64.99990666666667
endloop
endfacet
facet normal 0.7405356552027565 -0.6713486343682951 -0.02996588902818361
outer loop
vertex -15.026120000000004 15.026120000000004 64.99990666666667
vertex -14.495513333333337 14.495513333333337 90.00017333333335
vertex -15.846613333333337 13.005173333333337 90.00017333333335
endloop
endfacet
facet normal 0.7407162361973476 -0.6711503692701836 -0.02994393531470322
outer loop
vertex -15.026120000000004 15.026120000000004 64.99990666666667
vertex -15.846613333333337 13.005173333333337 90.00017333333335
vertex -16.42638666666667 13.480713333333336 64.99990666666667
endloop
endfacet
facet normal 0.8028193296594629 -0.5954699360935699 -0.029944601080163134
outer loop
vertex -16.42638666666667 13.480713333333336 64.99990666666667
vertex -15.846613333333337 13.005173333333337 90.00017333333335
vertex -17.045100000000005 11.389360000000003 90.00017333333335
endloop
endfacet
facet normal 0.802842729245947 -0.5954385483698219 -0.029941396296073966
outer loop
vertex -16.42638666666667 13.480713333333336 64.99990666666667
vertex -17.045100000000005 11.389360000000003 90.00017333333335
vertex -17.668533333333336 11.805900000000003 64.99990666666667
endloop
endfacet
facet normal 0.857298080024915 -0.5139489287589528 -0.029941620081737178
outer loop
vertex -17.668533333333336 11.805900000000003 64.99990666666667
vertex -17.045100000000005 11.389360000000003 90.00017333333335
vertex -18.079566666666672 9.66380666666667 90.00017333333335
endloop
endfacet
facet normal 0.8573414214566751 -0.513877026141359 -0.02993474667941488
outer loop
vertex -17.668533333333336 11.805900000000003 64.99990666666667
vertex -18.079566666666672 9.66380666666667 90.00017333333335
vertex -18.740760000000005 10.017020000000002 64.99990666666667
endloop
endfacet
facet normal 0.9036588613008449 -0.42720550839179194 -0.02993519654472228
outer loop
vertex -18.740760000000005 10.017020000000002 64.99990666666667
vertex -18.079566666666672 9.66380666666667 90.00017333333335
vertex -18.93939333333334 7.845033333333335 90.00017333333335
endloop
endfacet
facet normal 0.9035432766862315 -0.4274483740082809 -0.02995721470338546
outer loop
vertex -18.740760000000005 10.017020000000002 64.99990666666667
vertex -18.93939333333334 7.845033333333335 90.00017333333335
vertex -19.63244666666667 8.132166666666668 64.99990666666667
endloop
endfacet
facet normal 0.9411334096569547 -0.3367053290778514 -0.02995707926435463
outer loop
vertex -19.63244666666667 8.132166666666668 64.99990666666667
vertex -18.93939333333334 7.845033333333335 90.00017333333335
vertex -19.617106666666672 5.9507400000000015 90.00017333333335
endloop
endfacet
facet normal 0.9411314094612733 -0.3367108768625467 -0.029957562115303163
outer loop
vertex -19.63244666666667 8.132166666666668 64.99990666666667
vertex -19.617106666666672 5.9507400000000015 90.00017333333335
vertex -20.334940000000003 6.168646666666668 64.99990666666667
endloop
endfacet
facet normal 0.969580494462347 -0.24293258508701782 -0.029957033582945023
outer loop
vertex -20.334940000000003 6.168646666666668 64.99990666666667
vertex -19.617106666666672 5.9507400000000015 90.00017333333335
vertex -20.106020000000004 3.9994133333333344 90.00017333333335
endloop
endfacet
facet normal 0.9696074575155851 -0.2428260558584629 -0.029948037104051133
outer loop
vertex -20.334940000000003 6.168646666666668 64.99990666666667
vertex -20.106020000000004 3.9994133333333344 90.00017333333335
vertex -20.841553333333337 4.145733333333334 64.99990666666667
endloop
endfacet
facet normal 0.988716695708877 -0.14677332249009015 -0.02994807893237746
outer loop
vertex -20.841553333333337 4.145733333333334 64.99990666666667
vertex -20.106020000000004 3.9994133333333344 90.00017333333335
vertex -20.401413333333338 2.0095400000000003 90.00017333333335
endloop
endfacet
facet normal 0.988733705914912 -0.1466605954626899 -0.029938746237832815
outer loop
vertex -20.841553333333337 4.145733333333334 64.99990666666667
vertex -20.401413333333338 2.0095400000000003 90.00017333333335
vertex -21.147566666666673 2.0827000000000004 64.99990666666667
endloop
endfacet
facet normal 0.9983475884148388 -0.04904780675124823 -0.02994002937820464
outer loop
vertex -21.147566666666673 2.0827000000000004 64.99990666666667
vertex -20.401413333333338 2.0095400000000003 90.00017333333335
vertex -20.500140000000005 0 90.00017333333335
endloop
endfacet
facet normal 0.9983489268666871 -0.04902185476588004 -0.02993790205487578
outer loop
vertex -21.147566666666673 2.0827000000000004 64.99990666666667
vertex -20.500140000000005 0 90.00017333333335
vertex -21.24983333333334 0 64.99990666666667
endloop
endfacet
facet normal 0.998347653199086 0.04904780993403274 -0.029937863860878804
outer loop
vertex -21.24983333333334 0 64.99990666666667
vertex -20.500140000000005 0 90.00017333333335
vertex -20.401413333333338 -2.0095400000000003 90.00017333333335
endloop
endfacet
facet normal 0.9983488643579872 0.049021851696519896 -0.029939991505705785
outer loop
vertex -21.24983333333334 0 64.99990666666667
vertex -20.401413333333338 -2.0095400000000003 90.00017333333335
vertex -21.147566666666673 -2.0827000000000004 64.99990666666667
endloop
endfacet
facet normal 0.9887169772716787 0.14677336428761217 -0.029938576961011258
outer loop
vertex -21.147566666666673 -2.0827000000000004 64.99990666666667
vertex -20.401413333333338 -2.0095400000000003 90.00017333333335
vertex -20.106020000000004 -3.9994133333333344 90.00017333333335
endloop
endfacet
facet normal 0.9887334343277867 0.14666055517769783 -0.029947911402124966
outer loop
vertex -21.147566666666673 -2.0827000000000004 64.99990666666667
vertex -20.106020000000004 -3.9994133333333344 90.00017333333335
vertex -20.841553333333337 -4.145733333333334 64.99990666666667
endloop
endfacet
facet normal 0.9695807606630129 0.24293265178474563 -0.029947875533413423
outer loop
vertex -20.841553333333337 -4.145733333333334 64.99990666666667
vertex -20.106020000000004 -3.9994133333333344 90.00017333333335
vertex -19.617106666666672 -5.9507400000000015 90.00017333333335
endloop
endfacet
facet normal 0.9696072007210628 0.24282599154748785 -0.02995687131266901
outer loop
vertex -20.841553333333337 -4.145733333333334 64.99990666666667
vertex -19.617106666666672 -5.9507400000000015 90.00017333333335
vertex -20.334940000000003 -6.168646666666668 64.99990666666667
endloop
endfacet
facet normal 0.9411333957876393 0.33670532411588494 -0.029957570750041483
outer loop
vertex -20.334940000000003 -6.168646666666668 64.99990666666667
vertex -19.617106666666672 -5.9507400000000015 90.00017333333335
vertex -18.93939333333334 -7.845033333333335 90.00017333333335
endloop
endfacet
facet normal 0.9411314228415498 0.33671088164964086 -0.029957087958638193
outer loop
vertex -20.334940000000003 -6.168646666666668 64.99990666666667
vertex -18.93939333333334 -7.845033333333335 90.00017333333335
vertex -19.63244666666667 -8.132166666666668 64.99990666666667
endloop
endfacet
facet normal 0.9036582542340096 0.4272052214004203 -0.0299576094333327
outer loop
vertex -19.63244666666667 -8.132166666666668 64.99990666666667
vertex -18.93939333333334 -7.845033333333335 90.00017333333335
vertex -18.079566666666672 -9.66380666666667 90.00017333333335
endloop
endfacet
facet normal 0.9035438623211774 0.4274486510605393 -0.029935590327474233
outer loop
vertex -19.63244666666667 -8.132166666666668 64.99990666666667
vertex -18.079566666666672 -9.66380666666667 90.00017333333335
vertex -18.740760000000005 -10.017020000000002 64.99990666666667
endloop
endfacet
facet normal 0.8572982597838698 0.5139490365241799 -0.029934622553420345
outer loop
vertex -18.740760000000005 -10.017020000000002 64.99990666666667
vertex -18.079566666666672 -9.66380666666667 90.00017333333335
vertex -17.045100000000005 -11.389360000000003 90.00017333333335
endloop
endfacet
facet normal 0.8573412480437552 0.5138769222003696 -0.029941496833850483
outer loop
vertex -18.740760000000005 -10.017020000000002 64.99990666666667
vertex -17.045100000000005 -11.389360000000003 90.00017333333335
vertex -17.668533333333336 -11.805900000000003 64.99990666666667
endloop
endfacet
facet normal 0.8028194081542382 0.5954699943149868 -0.02994133867061096
outer loop
vertex -17.668533333333336 -11.805900000000003 64.99990666666667
vertex -17.045100000000005 -11.389360000000003 90.00017333333335
vertex -15.846613333333337 -13.005173333333337 90.00017333333335
endloop
endfacet
facet normal 0.8028426535119698 0.595438492200752 -0.02994454386953032
outer loop
vertex -17.668533333333336 -11.805900000000003 64.99990666666667
vertex -15.846613333333337 -13.005173333333337 90.00017333333335
vertex -16.42638666666667 -13.480713333333336 64.99990666666667
endloop
endfacet
facet normal 0.7405361514315026 0.6713490842352106 -0.029943538861711753
outer loop
vertex -16.42638666666667 -13.480713333333336 64.99990666666667
vertex -15.846613333333337 -13.005173333333337 90.00017333333335
vertex -14.495513333333337 -14.495513333333337 90.00017333333335
endloop
endfacet
facet normal 0.7407157574176594 0.6711499354560605 -0.02996549433113043
outer loop
vertex -16.42638666666667 -13.480713333333336 64.99990666666667
vertex -14.495513333333337 -14.495513333333337 90.00017333333335
vertex -15.026120000000004 -15.026120000000004 64.99990666666667
endloop
endfacet
facet normal 0.6713486343682951 0.7405356552027565 -0.02996588902818361
outer loop
vertex -15.026120000000004 -15.026120000000004 64.99990666666667
vertex -14.495513333333337 -14.495513333333337 90.00017333333335
vertex -13.005173333333337 -15.846613333333337 90.00017333333335
endloop
endfacet
facet normal 0.6711503692701836 0.7407162361973476 -0.02994393531470322
outer loop
vertex -15.026120000000004 -15.026120000000004 64.99990666666667
vertex -13.005173333333337 -15.846613333333337 90.00017333333335
vertex -13.480713333333336 -16.42638666666667 64.99990666666667
endloop
endfacet
facet normal 0.5954699360935699 0.8028193296594629 -0.029944601080163134
outer loop
vertex -13.480713333333336 -16.42638666666667 64.99990666666667
vertex -13.005173333333337 -15.846613333333337 90.00017333333335
vertex -11.389360000000003 -17.045100000000005 90.00017333333335
endloop
endfacet
facet normal 0.5954385483698219 0.802842729245947 -0.029941396296073966
outer loop
vertex -13.480713333333336 -16.42638666666667 64.99990666666667
vertex -11.389360000000003 -17.045100000000005 90.00017333333335
vertex -11.805900000000003 -17.668533333333336 64.99990666666667
endloop
endfacet
facet normal 0.5139489287589528 0.857298080024915 -0.029941620081737178
outer loop
vertex -11.805900000000003 -17.668533333333336 64.99990666666667
vertex -11.389360000000003 -17.045100000000005 90.00017333333335
vertex -9.66380666666667 -18.079566666666672 90.00017333333335
endloop
endfacet
facet normal 0.513877026141359 0.8573414214566751 -0.02993474667941488
outer loop
vertex -11.805900000000003 -17.668533333333336 64.99990666666667
vertex -9.66380666666667 -18.079566666666672 90.00017333333335
vertex -10.017020000000002 -18.740760000000005 64.99990666666667
endloop
endfacet
facet normal 0.42720550839179194 0.9036588613008449 -0.02993519654472228
outer loop
vertex -10.017020000000002 -18.740760000000005 64.99990666666667
vertex -9.66380666666667 -18.079566666666672 90.00017333333335
vertex -7.845033333333335 -18.93939333333334 90.00017333333335
endloop
endfacet
facet normal 0.4274483740082809 0.9035432766862315 -0.02995721470338546
outer loop
vertex -10.017020000000002 -18.740760000000005 64.99990666666667
vertex -7.845033333333335 -18.93939333333334 90.00017333333335
vertex -8.132166666666668 -19.63244666666667 64.99990666666667
endloop
endfacet
facet normal 0.3367053290778514 0.9411334096569547 -0.02995707926435463
outer loop
vertex -8.132166666666668 -19.63244666666667 64.99990666666667
vertex -7.845033333333335 -18.93939333333334 90.00017333333335
vertex -5.9507400000000015 -19.617106666666672 90.00017333333335
endloop
endfacet
facet normal 0.3367108768625467 0.9411314094612733 -0.029957562115303163
outer loop
vertex -8.132166666666668 -19.63244666666667 64.99990666666667
vertex -5.9507400000000015 -19.617106666666672 90.00017333333335
vertex -6.168646666666668 -20.334940000000003 64.99990666666667
endloop
endfacet
facet normal 0.24293258508701782 0.969580494462347 -0.029957033582945023
outer loop
vertex -6.168646666666668 -20.334940000000003 64.99990666666667
vertex -5.9507400000000015 -19.617106666666672 90.00017333333335
vertex -3.9994133333333344 -20.106020000000004 90.00017333333335
endloop
endfacet
facet normal 0.2428260558584629 0.9696074575155851 -0.029948037104051133
outer loop
vertex -6.168646666666668 -20.334940000000003 64.99990666666667
vertex -3.9994133333333344 -20.106020000000004 90.00017333333335
vertex -4.145733333333334 -20.841553333333337 64.99990666666667
endloop
endfacet
facet normal 0.14677332249009015 0.988716695708877 -0.02994807893237746
outer loop
vertex -4.145733333333334 -20.841553333333337 64.99990666666667
vertex -3.9994133333333344 -20.106020000000004 90.00017333333335
vertex -2.0095400000000003 -20.401413333333338 90.00017333333335
endloop
endfacet
facet normal 0.1466605954626899 0.988733705914912 -0.029938746237832815
outer loop
vertex -4.145733333333334 -20.841553333333337 64.99990666666667
vertex -2.0095400000000003 -20.401413333333338 90.00017333333335
vertex -2.0827000000000004 -21.147566666666673 64.99990666666667
endloop
endfacet
facet normal 0.04904780675124823 0.9983475884148388 -0.02994002937820464
outer loop
vertex -2.0827000000000004 -21.147566666666673 64.99990666666667
vertex -2.0095400000000003 -20.401413333333338 90.00017333333335
vertex 0 -20.500140000000005 90.00017333333335
endloop
endfacet
facet normal 0.04902185476588004 0.9983489268666871 -0.02993790205487578
outer loop
vertex -2.0827000000000004 -21.147566666666673 64.99990666666667
vertex 0 -20.500140000000005 90.00017333333335
vertex 0 -21.24983333333334 64.99990666666667
endloop
endfacet
facet normal -0.04904780993403274 0.998347653199086 -0.029937863860878804
outer loop
vertex 0 -21.24983333333334 64.99990666666667
vertex 0 -20.500140000000005 90.00017333333335
vertex 2.0095400000000003 -20.401413333333338 90.00017333333335
endloop
endfacet
facet normal -0.049021851696519896 0.9983488643579872 -0.029939991505705785
outer loop
vertex 0 -21.24983333333334 64.99990666666667
vertex 2.0095400000000003 -20.401413333333338 90.00017333333335
vertex 2.0827000000000004 -21.147566666666673 64.99990666666667
endloop
endfacet
facet normal -0.14677336428761217 0.9887169772716787 -0.029938576961011258
outer loop
vertex 2.0827000000000004 -21.147566666666673 64.99990666666667
vertex 2.0095400000000003 -20.401413333333338 90.00017333333335
vertex 3.9994133333333344 -20.106020000000004 90.00017333333335
endloop
endfacet
facet normal -0.14666055517769783 0.9887334343277867 -0.029947911402124966
outer loop
vertex 2.0827000000000004 -21.147566666666673 64.99990666666667
vertex 3.9994133333333344 -20.106020000000004 90.00017333333335
vertex 4.145733333333334 -20.841553333333337 64.99990666666667
endloop
endfacet
facet normal -0.24293265178474563 0.9695807606630129 -0.029947875533413423
outer loop
vertex 4.145733333333334 -20.841553333333337 64.99990666666667
vertex 3.9994133333333344 -20.106020000000004 90.00017333333335
vertex 5.9507400000000015 -19.617106666666672 90.00017333333335
endloop
endfacet
facet normal -0.24282599154748785 0.9696072007210628 -0.02995687131266901
outer loop
vertex 4.145733333333334 -20.841553333333337 64.99990666666667
vertex 5.9507400000000015 -19.617106666666672 90.00017333333335
vertex 6.168646666666668 -20.334940000000003 64.99990666666667
endloop
endfacet
facet normal -0.33670532411588494 0.9411333957876393 -0.029957570750041483
outer loop
vertex 6.168646666666668 -20.334940000000003 64.99990666666667
vertex 5.9507400000000015 -19.617106666666672 90.00017333333335
vertex 7.845033333333335 -18.93939333333334 90.00017333333335
endloop
endfacet
facet normal -0.33671088164964086 0.9411314228415498 -0.029957087958638193
outer loop
vertex 6.168646666666668 -20.334940000000003 64.99990666666667
vertex 7.845033333333335 -18.93939333333334 90.00017333333335
vertex 8.132166666666668 -19.63244666666667 64.99990666666667
endloop
endfacet
facet normal -0.4272052214004203 0.9036582542340096 -0.0299576094333327
outer loop
vertex 8.132166666666668 -19.63244666666667 64.99990666666667
vertex 7.845033333333335 -18.93939333333334 90.00017333333335
vertex 9.66380666666667 -18.079566666666672 90.00017333333335
endloop
endfacet
facet normal -0.4274486510605393 0.9035438623211774 -0.029935590327474233
outer loop
vertex 8.132166666666668 -19.63244666666667 64.99990666666667
vertex 9.66380666666667 -18.079566666666672 90.00017333333335
vertex 10.017020000000002 -18.740760000000005 64.99990666666667
endloop
endfacet
facet normal -0.5139490365241799 0.8572982597838698 -0.029934622553420345
outer loop
vertex 10.017020000000002 -18.740760000000005 64.99990666666667
vertex 9.66380666666667 -18.079566666666672 90.00017333333335
vertex 11.389360000000003 -17.045100000000005 90.00017333333335
endloop
endfacet
facet normal -0.5138769222003696 0.8573412480437552 -0.029941496833850483
outer loop
vertex 10.017020000000002 -18.740760000000005 64.99990666666667
vertex 11.389360000000003 -17.045100000000005 90.00017333333335
vertex 11.805900000000003 -17.668533333333336 64.99990666666667
endloop
endfacet
facet normal -0.5954699943149868 0.8028194081542382 -0.02994133867061096
outer loop
vertex 11.805900000000003 -17.668533333333336 64.99990666666667
vertex 11.389360000000003 -17.045100000000005 90.00017333333335
vertex 13.005173333333337 -15.846613333333337 90.00017333333335
endloop
endfacet
facet normal -0.595438492200752 0.8028426535119698 -0.02994454386953032
outer loop
vertex 11.805900000000003 -17.668533333333336 64.99990666666667
vertex 13.005173333333337 -15.846613333333337 90.00017333333335
vertex 13.480713333333336 -16.42638666666667 64.99990666666667
endloop
endfacet
facet normal -0.6713490842352106 0.7405361514315026 -0.029943538861711753
outer loop
vertex 13.480713333333336 -16.42638666666667 64.99990666666667
vertex 13.005173333333337 -15.846613333333337 90.00017333333335
vertex 14.495513333333337 -14.495513333333337 90.00017333333335
endloop
endfacet
facet normal -0.6711499354560605 0.7407157574176594 -0.02996549433113043
outer loop
vertex 13.480713333333336 -16.42638666666667 64.99990666666667
vertex 14.495513333333337 -14.495513333333337 90.00017333333335
vertex 15.026120000000004 -15.026120000000004 64.99990666666667
endloop
endfacet
facet normal -0.7405356552027565 0.6713486343682951 -0.02996588902818361
outer loop
vertex 15.026120000000004 -15.026120000000004 64.99990666666667
vertex 14.495513333333337 -14.495513333333337 90.00017333333335
vertex 15.846613333333337 -13.005173333333337 90.00017333333335
endloop
endfacet
facet normal -0.7407162361973476 0.6711503692701836 -0.02994393531470322
outer loop
vertex 15.026120000000004 -15.026120000000004 64.99990666666667
vertex 15.846613333333337 -13.005173333333337 90.00017333333335
vertex 16.42638666666667 -13.480713333333336 64.99990666666667
endloop
endfacet
facet normal -0.8028193296594629 0.5954699360935699 -0.029944601080163134
outer loop
vertex 16.42638666666667 -13.480713333333336 64.99990666666667
vertex 15.846613333333337 -13.005173333333337 90.00017333333335
vertex 17.045100000000005 -11.389360000000003 90.00017333333335
endloop
endfacet
facet normal -0.802842729245947 0.5954385483698219 -0.029941396296073966
outer loop
vertex 16.42638666666667 -13.480713333333336 64.99990666666667
vertex 17.045100000000005 -11.389360000000003 90.00017333333335
vertex 17.668533333333336 -11.805900000000003 64.99990666666667
endloop
endfacet
facet normal -0.857298080024915 0.5139489287589528 -0.029941620081737178
outer loop
vertex 17.668533333333336 -11.805900000000003 64.99990666666667
vertex 17.045100000000005 -11.389360000000003 90.00017333333335
vertex 18.079566666666672 -9.66380666666667 90.00017333333335
endloop
endfacet
facet normal -0.8573414214566751 0.513877026141359 -0.02993474667941488
outer loop
vertex 17.668533333333336 -11.805900000000003 64.99990666666667
vertex 18.079566666666672 -9.66380666666667 90.00017333333335
vertex 18.740760000000005 -10.017020000000002 64.99990666666667
endloop
endfacet
facet normal -0.9036588613008449 0.42720550839179194 -0.02993519654472228
outer loop
vertex 18.740760000000005 -10.017020000000002 64.99990666666667
vertex 18.079566666666672 -9.66380666666667 90.00017333333335
vertex 18.93939333333334 -7.845033333333335 90.00017333333335
endloop
endfacet
facet normal -0.9035432766862315 0.4274483740082809 -0.02995721470338546
outer loop
vertex 18.740760000000005 -10.017020000000002 64.99990666666667
vertex 18.93939333333334 -7.845033333333335 90.00017333333335
vertex 19.63244666666667 -8.132166666666668 64.99990666666667
endloop
endfacet
facet normal -0.9411334096569547 0.3367053290778514 -0.02995707926435463
outer loop
vertex 19.63244666666667 -8.132166666666668 64.99990666666667
vertex 18.93939333333334 -7.845033333333335 90.00017333333335
vertex 19.617106666666672 -5.9507400000000015 90.00017333333335
endloop
endfacet
facet normal -0.9411314094612733 0.3367108768625467 -0.029957562115303163
outer loop
vertex 19.63244666666667 -8.132166666666668 64.99990666666667
vertex 19.617106666666672 -5.9507400000000015 90.00017333333335
vertex 20.334940000000003 -6.168646666666668 64.99990666666667
endloop
endfacet
facet normal -0.969580494462347 0.24293258508701782 -0.029957033582945023
outer loop
vertex 20.334940000000003 -6.168646666666668 64.99990666666667
vertex 19.617106666666672 -5.9507400000000015 90.00017333333335
vertex 20.106020000000004 -3.9994133333333344 90.00017333333335
endloop
endfacet
facet normal -0.9696074575155851 0.2428260558584629 -0.029948037104051133
outer loop
vertex 20.334940000000003 -6.168646666666668 64.99990666666667
vertex 20.106020000000004 -3.9994133333333344 90.00017333333335
vertex 20.841553333333337 -4.145733333333334 64.99990666666667
endloop
endfacet
facet normal -0.988716695708877 0.14677332249009015 -0.02994807893237746
outer loop
vertex 20.841553333333337 -4.145733333333334 64.99990666666667
vertex 20.106020000000004 -3.9994133333333344 90.00017333333335
vertex 20.401413333333338 -2.0095400000000003 90.00017333333335
endloop
endfacet
facet normal -0.988733705914912 0.1466605954626899 -0.029938746237832815
outer loop
vertex 20.841553333333337 -4.145733333333334 64.99990666666667
vertex 20.401413333333338 -2.0095400000000003 90.00017333333335
vertex 21.147566666666673 -2.0827000000000004 64.99990666666667
endloop
endfacet
facet normal -0.9983475884148388 0.04904780675124823 -0.02994002937820464
outer loop
vertex 21.147566666666673 -2.0827000000000004 64.99990666666667
vertex 20.401413333333338 -2.0095400000000003 90.00017333333335
vertex 20.500140000000005 0 90.00017333333335
endloop
endfacet
facet normal -0.9983489268666871 0.04902185476588004 -0.02993790205487578
outer loop
vertex 21.147566666666673 -2.0827000000000004 64.99990666666667
vertex 20.500140000000005 0 90.00017333333335
vertex 21.24983333333334 0 64.99990666666667
endloop
endfacet
facet normal 0 0 0.9999999999999999
outer loop
vertex 0 21.463020000000004 90.00017333333335
vertex 0 22.499846666666674 90.00017333333335
vertex -2.2054200000000006 22.391680000000004 90.00017333333335
endloop
endfacet
facet normal 0 0 1
outer loop
vertex 0 21.463020000000004 90.00017333333335
vertex -2.2054200000000006 22.391680000000004 90.00017333333335
vertex -4.389600000000001 22.06757333333334 90.00017333333335
endloop
endfacet
facet normal 0 0 1
outer loop
vertex 0 21.463020000000004 90.00017333333335
vertex -4.389600000000001 22.06757333333334 90.00017333333335
vertex -6.531300000000002 21.53106666666667 90.00017333333335
endloop
endfacet
facet normal 0 0 1
outer loop
vertex 0 21.463020000000004 90.00017333333335
vertex -6.531300000000002 21.53106666666667 90.00017333333335
vertex -8.610460000000002 20.78727333333334 90.00017333333335
endloop
endfacet
facet normal 0 0 1
outer loop
vertex 0 21.463020000000004 90.00017333333335
vertex -8.610460000000002 20.78727333333334 90.00017333333335
vertex -9.21776666666667 20.500140000000005 90.00017333333335
endloop
endfacet
facet normal 0 0 1
outer loop
vertex 0 21.463020000000004 90.00017333333335
vertex -9.21776666666667 20.500140000000005 90.00017333333335
vertex 0 20.500140000000005 90.00017333333335
endloop
endfacet
facet normal 0 0 1
outer loop
vertex 0 21.463020000000004 90.00017333333335
vertex 0 20.500140000000005 90.00017333333335
vertex 9.21776666666667 20.500140000000005 90.00017333333335
endloop
endfacet
facet normal 0 0 1
outer loop
vertex 0 21.463020000000004 90.00017333333335
vertex 9.21776666666667 20.500140000000005 90.00017333333335
vertex 8.610460000000002 20.78727333333334 90.00017333333335
endloop
endfacet
facet normal 0 0 1
outer loop
vertex 0 21.463020000000004 90.00017333333335
vertex 8.610460000000002 20.78727333333334 90.00017333333335
vertex 6.531300000000002 21.53106666666667 90.00017333333335
endloop
endfacet
facet normal 0 0 1
outer loop
vertex 0 21.463020000000004 90.00017333333335
vertex 6.531300000000002 21.53106666666667 90.00017333333335
vertex 4.389600000000001 22.06757333333334 90.00017333333335
endloop
endfacet
facet normal 0 0 1
outer loop
vertex 0 21.463020000000004 90.00017333333335
vertex 4.389600000000001 22.06757333333334 90.00017333333335
vertex 2.2054200000000006 22.391680000000004 90.00017333333335
endloop
endfacet
facet normal 0 0 0.9999999999999999
outer loop
vertex 0 21.463020000000004 90.00017333333335
vertex 2.2054200000000006 22.391680000000004 90.00017333333335
vertex 0 22.499846666666674 90.00017333333335
endloop
endfacet
facet normal 0 0 0.9999999999999999
outer loop
vertex -9.21776666666667 20.500140000000005 90.00017333333335
vertex -9.42662666666667 20.401413333333338 90.00017333333335
vertex -2.0095400000000003 20.401413333333338 90.00017333333335
endloop
endfacet
facet normal 0 0 1
outer loop
vertex -9.21776666666667 20.500140000000005 90.00017333333335
vertex -2.0095400000000003 20.401413333333338 90.00017333333335
vertex 0 20.500140000000005 90.00017333333335
endloop
endfacet
facet normal 0 0 0.9999999999999999
outer loop
vertex 0 20.500140000000005 90.00017333333335
vertex 2.0095400000000003 20.401413333333338 90.00017333333335
vertex 9.42662666666667 20.401413333333338 90.00017333333335
endloop
endfacet
facet normal 0 0 1
outer loop
vertex 0 20.500140000000005 90.00017333333335
vertex 9.42662666666667 20.401413333333338 90.00017333333335
vertex 9.21776666666667 20.500140000000005 90.00017333333335
endloop
endfacet
facet normal 0 0 1
outer loop
vertex -9.42662666666667 20.401413333333338 90.00017333333335
vertex -10.050453333333335 20.106020000000004 90.00017333333335
vertex -3.9994133333333344 20.106020000000004 90.00017333333335
endloop
endfacet
facet normal 0 0 1
outer loop
vertex -9.42662666666667 20.401413333333338 90.00017333333335
vertex -3.9994133333333344 20.106020000000004 90.00017333333335
vertex -2.0095400000000003 20.401413333333338 90.00017333333335
endloop
endfacet
facet normal 0 0 0.9999999999999999
outer loop
vertex 2.0095400000000003 20.401413333333338 90.00017333333335
vertex 3.9994133333333344 20.106020000000004 90.00017333333335
vertex 10.050453333333335 20.106020000000004 90.00017333333335
endloop
endfacet
facet normal 0 0 1
outer loop
vertex 2.0095400000000003 20.401413333333338 90.00017333333335
vertex 10.050453333333335 20.106020000000004 90.00017333333335
vertex 9.42662666666667 20.401413333333338 90.00017333333335
endloop
endfacet
facet normal 0 0 0.9999999999999999
outer loop
vertex -8.318213333333336 19.85782666666667 90.00017333333335
vertex -10.050453333333335 20.106020000000004 90.00017333333335
vertex -10.606233333333336 19.84327333333334 90.00017333333335
endloop
endfacet
facet normal 0 0 1
outer loop
vertex -8.318213333333336 19.85782666666667 90.00017333333335
vertex -10.606233333333336 19.84327333333334 90.00017333333335
vertex -10.983440000000003 19.617106666666672 90.00017333333335
endloop
endfacet
facet normal 0 0 1
outer loop
vertex -8.318213333333336 19.85782666666667 90.00017333333335
vertex -10.983440000000003 19.617106666666672 90.00017333333335
vertex -5.9507400000000015 19.617106666666672 90.00017333333335
endloop
endfacet
facet normal 0 0 1
outer loop
vertex -8.318213333333336 19.85782666666667 90.00017333333335
vertex -5.9507400000000015 19.617106666666672 90.00017333333335
vertex -3.9994133333333344 20.106020000000004 90.00017333333335
endloop
endfacet
facet normal 0 0 1
outer loop
vertex -8.318213333333336 19.85782666666667 90.00017333333335
vertex -3.9994133333333344 20.106020000000004 90.00017333333335
vertex -10.050453333333335 20.106020000000004 90.00017333333335
endloop
endfacet
facet normal 0 0 1
outer loop
vertex 8.318213333333336 19.85782666666667 90.00017333333335
vertex 3.9994133333333344 20.106020000000004 90.00017333333335
vertex 5.9507400000000015 19.617106666666672 90.00017333333335
endloop
endfacet
facet normal 0 0 1
outer loop
vertex 8.318213333333336 19.85782666666667 90.00017333333335
vertex 5.9507400000000015 19.617106666666672 90.00017333333335
vertex 10.983440000000003 19.617106666666672 90.00017333333335
endloop
endfacet
facet normal 0 0 1
outer loop
vertex 8.318213333333336 19.85782666666667 90.00017333333335
vertex 10.983440000000003 19.617106666666672 90.00017333333335
vertex 10.606233333333336 19.84327333333334 90.00017333333335
endloop
endfacet
facet normal 0 0 0.9999999999999999
outer loop
vertex 8.318213333333336 19.85782666666667 90.00017333333335
vertex 10.606233333333336 19.84327333333334 90.00017333333335
vertex 10.050453333333335 20.106020000000004 90.00017333333335
endloop
endfacet
facet normal 0 0 1
outer loop
vertex 8.318213333333336 19.85782666666667 90.00017333333335
vertex 10.050453333333335 20.106020000000004 90.00017333333335
vertex 3.9994133333333344 20.106020000000004 90.00017333333335
endloop
endfacet
facet normal 0 0 1
outer loop
vertex -10.983440000000003 19.617106666666672 90.00017333333335
vertex -12.114273333333337 18.93939333333334 90.00017333333335
vertex -7.845033333333335 18.93939333333334 90.00017333333335
endloop
endfacet
facet normal 0 0 0.9999999999999999
outer loop
vertex -10.983440000000003 19.617106666666672 90.00017333333335
vertex -7.845033333333335 18.93939333333334 90.00017333333335
vertex -5.9507400000000015 19.617106666666672 90.00017333333335
endloop
endfacet
facet normal 0 0 1
outer loop
vertex 5.9507400000000015 19.617106666666672 90.00017333333335
vertex 7.845033333333335 18.93939333333334 90.00017333333335
vertex 12.114273333333337 18.93939333333334 90.00017333333335
endloop
endfacet
facet normal 0 0 0.9999999999999999
outer loop
vertex 5.9507400000000015 19.617106666666672 90.00017333333335
vertex 12.114273333333337 18.93939333333334 90.00017333333335
vertex 10.983440000000003 19.617106666666672 90.00017333333335
endloop
endfacet
facet normal 0 0 0.9999999999999999
outer loop
vertex -11.094360000000002 18.54920666666667 90.00017333333335
vertex -12.114273333333337 18.93939333333334 90.00017333333335
vertex -12.50052666666667 18.708113333333337 90.00017333333335
endloop
endfacet
facet normal 0 0 1
outer loop
vertex -11.094360000000002 18.54920666666667 90.00017333333335
vertex -12.50052666666667 18.708113333333337 90.00017333333335
vertex -13.348160000000004 18.079566666666672 90.00017333333335
endloop
endfacet
facet normal 0 0 1
outer loop
vertex -11.094360000000002 18.54920666666667 90.00017333333335
vertex -13.348160000000004 18.079566666666672 90.00017333333335
vertex -9.66380666666667 18.079566666666672 90.00017333333335
endloop
endfacet
facet normal 0 0 1
outer loop
vertex -11.094360000000002 18.54920666666667 90.00017333333335
vertex -9.66380666666667 18.079566666666672 90.00017333333335
vertex -7.845033333333335 18.93939333333334 90.00017333333335
endloop
endfacet
facet normal 0 0 0.9999999999999999
outer loop
vertex -11.094360000000002 18.54920666666667 90.00017333333335
vertex -7.845033333333335 18.93939333333334 90.00017333333335
vertex -12.114273333333337 18.93939333333334 90.00017333333335
endloop
endfacet
facet normal 0 0 1
outer loop
vertex 11.094360000000002 18.54920666666667 90.00017333333335
vertex 7.845033333333335 18.93939333333334 90.00017333333335
vertex 9.66380666666667 18.079566666666672 90.00017333333335
endloop
endfacet
facet normal 0 0 1
outer loop
vertex 11.094360000000002 18.54920666666667 90.00017333333335
vertex 9.66380666666667 18.079566666666672 90.00017333333335
vertex 13.348160000000004 18.079566666666672 90.00017333333335
endloop
endfacet
facet normal 0 0 1
outer loop
vertex 11.094360000000002 18.54920666666667 90.00017333333335
vertex 13.348160000000004 18.079566666666672 90.00017333333335
vertex 12.50052666666667 18.708113333333337 90.00017333333335
endloop
endfacet
facet normal 0 0 0.9999999999999999
outer loop
vertex 11.094360000000002 18.54920666666667 90.00017333333335
vertex 12.50052666666667 18.708113333333337 90.00017333333335
vertex 12.114273333333337 18.93939333333334 90.00017333333335
endloop
endfacet
facet normal 0 0 0.9999999999999999
outer loop
vertex 11.094360000000002 18.54920666666667 90.00017333333335
vertex 12.114273333333337 18.93939333333334 90.00017333333335
vertex 7.845033333333335 18.93939333333334 90.00017333333335
endloop
endfacet
facet normal 0 0 0.9999999999999999
outer loop
vertex -12.666513333333336 17.528506666666672 90.00017333333335
vertex -13.348160000000004 18.079566666666672 90.00017333333335
vertex -14.273673333333337 17.392806666666672 90.00017333333335
endloop
endfacet
facet normal 0 0 1
outer loop
vertex -12.666513333333336 17.528506666666672 90.00017333333335
vertex -14.273673333333337 17.392806666666672 90.00017333333335
vertex -14.65756666666667 17.045100000000005 90.00017333333335
endloop
endfacet
facet normal 0 0 1
outer loop
vertex -12.666513333333336 17.528506666666672 90.00017333333335
vertex -14.65756666666667 17.045100000000005 90.00017333333335
vertex -11.389360000000003 17.045100000000005 90.00017333333335
endloop
endfacet
facet normal 0 0 1
outer loop
vertex -12.666513333333336 17.528506666666672 90.00017333333335
vertex -11.389360000000003 17.045100000000005 90.00017333333335
vertex -9.66380666666667 18.079566666666672 90.00017333333335
endloop
endfacet
facet normal 0 0 1
outer loop
vertex -12.666513333333336 17.528506666666672 90.00017333333335
vertex -9.66380666666667 18.079566666666672 90.00017333333335
vertex -13.348160000000004 18.079566666666672 90.00017333333335
endloop
endfacet
facet normal 0 0 1
outer loop
vertex 12.666513333333336 17.528506666666672 90.00017333333335
vertex 9.66380666666667 18.079566666666672 90.00017333333335
vertex 11.389360000000003 17.045100000000005 90.00017333333335
endloop
endfacet
facet normal 0 0 1
outer loop
vertex 12.666513333333336 17.528506666666672 90.00017333333335
vertex 11.389360000000003 17.045100000000005 90.00017333333335
vertex 14.65756666666667 17.045100000000005 90.00017333333335
endloop
endfacet
facet normal 0 0 1
outer loop
vertex 12.666513333333336 17.528506666666672 90.00017333333335
vertex 14.65756666666667 17.045100000000005 90.00017333333335
vertex 14.273673333333337 17.392806666666672 90.00017333333335
endloop
endfacet
facet normal 0 0 0.9999999999999999
outer loop
vertex 12.666513333333336 17.528506666666672 90.00017333333335
vertex 14.273673333333337 17.392806666666672 90.00017333333335
vertex 13.348160000000004 18.079566666666672 90.00017333333335
endloop
endfacet
facet normal 0 0 1
outer loop
vertex 12.666513333333336 17.528506666666672 90.00017333333335
vertex 13.348160000000004 18.079566666666672 90.00017333333335
vertex 9.66380666666667 18.079566666666672 90.00017333333335
endloop
endfacet
facet normal 0 0 1
outer loop
vertex -14.185960000000003 16.338673333333336 90.00017333333335
vertex -14.65756666666667 17.045100000000005 90.00017333333335
vertex -15.909940000000004 15.909940000000004 90.00017333333335
endloop
endfacet
facet normal 0 0 1
outer loop
vertex -14.185960000000003 16.338673333333336 90.00017333333335
vertex -15.909940000000004 15.909940000000004 90.00017333333335
vertex -15.96736666666667 15.846613333333337 90.00017333333335
endloop
endfacet
facet normal 0 0 1
outer loop
vertex -14.185960000000003 16.338673333333336 90.00017333333335
vertex -15.96736666666667 15.846613333333337 90.00017333333335
vertex -13.005173333333337 15.846613333333337 90.00017333333335
endloop
endfacet
facet normal 0 0 1
outer loop
vertex -14.185960000000003 16.338673333333336 90.00017333333335
vertex -13.005173333333337 15.846613333333337 90.00017333333335
vertex -11.389360000000003 17.045100000000005 90.00017333333335
endloop
endfacet
facet normal 0 0 0.9999999999999999
outer loop
vertex -14.185960000000003 16.338673333333336 90.00017333333335
vertex -11.389360000000003 17.045100000000005 90.00017333333335
vertex -14.65756666666667 17.045100000000005 90.00017333333335
endloop
endfacet
facet normal 0 0 1
outer loop
vertex 14.185960000000003 16.338673333333336 90.00017333333335
vertex 11.389360000000003 17.045100000000005 90.00017333333335
vertex 13.005173333333337 15.846613333333337 90.00017333333335
endloop
endfacet
facet normal 0 0 1
outer loop
vertex 14.185960000000003 16.338673333333336 90.00017333333335
vertex 13.005173333333337 15.846613333333337 90.00017333333335
vertex 15.96736666666667 15.846613333333337 90.00017333333335
endloop
endfacet
facet normal 0 0 1
outer loop
vertex 14.185960000000003 16.338673333333336 90.00017333333335
vertex 15.96736666666667 15.846613333333337 90.00017333333335
vertex 15.909940000000004 15.909940000000004 90.00017333333335
endloop
endfacet
facet normal 0 0 1
outer loop
vertex 14.185960000000003 16.338673333333336 90.00017333333335
vertex 15.909940000000004 15.909940000000004 90.00017333333335
vertex 14.65756666666667 17.045100000000005 90.00017333333335
endloop
endfacet
facet normal 0 0 0.9999999999999999
outer loop
vertex 14.185960000000003 16.338673333333336 90.00017333333335
vertex 14.65756666666667 17.045100000000005 90.00017333333335
vertex 11.389360000000003 17.045100000000005 90.00017333333335
endloop
endfacet
facet normal 0 0 0.9999999999999999
outer loop
vertex -15.96736666666667 15.846613333333337 90.00017333333335
vertex -17.191813333333336 14.495513333333337 90.00017333333335
vertex -14.495513333333337 14.495513333333337 90.00017333333335
endloop
endfacet
facet normal 0 0 1
outer loop
vertex -15.96736666666667 15.846613333333337 90.00017333333335
vertex -14.495513333333337 14.495513333333337 90.00017333333335
vertex -13.005173333333337 15.846613333333337 90.00017333333335
endloop
endfacet
facet normal 0 0 0.9999999999999999
outer loop
vertex 13.005173333333337 15.846613333333337 90.00017333333335
vertex 14.495513333333337 14.495513333333337 90.00017333333335
vertex 17.191813333333336 14.495513333333337 90.00017333333335
endloop
endfacet
facet normal 0 0 1
outer loop
vertex 13.005173333333337 15.846613333333337 90.00017333333335
vertex 17.191813333333336 14.495513333333337 90.00017333333335
vertex 15.96736666666667 15.846613333333337 90.00017333333335
endloop
endfacet
facet normal 0 0 1
outer loop
vertex -16.652160000000006 13.855166666666669 90.00017333333335
vertex -17.191813333333336 14.495513333333337 90.00017333333335
vertex -17.392806666666672 14.273673333333337 90.00017333333335
endloop
endfacet
facet normal 0 0 1
outer loop
vertex -16.652160000000006 13.855166666666669 90.00017333333335
vertex -17.392806666666672 14.273673333333337 90.00017333333335
vertex -18.333660000000005 13.005173333333337 90.00017333333335
endloop
endfacet
facet normal 0 0 1
outer loop
vertex -16.652160000000006 13.855166666666669 90.00017333333335
vertex -18.333660000000005 13.005173333333337 90.00017333333335
vertex -15.846613333333337 13.005173333333337 90.00017333333335
endloop
endfacet
facet normal 0 0 1
outer loop
vertex -16.652160000000006 13.855166666666669 90.00017333333335
vertex -15.846613333333337 13.005173333333337 90.00017333333335
vertex -14.495513333333337 14.495513333333337 90.00017333333335
endloop
endfacet
facet normal 0 0 1
outer loop
vertex -16.652160000000006 13.855166666666669 90.00017333333335
vertex -14.495513333333337 14.495513333333337 90.00017333333335
vertex -17.191813333333336 14.495513333333337 90.00017333333335
endloop
endfacet
facet normal 0 0 1
outer loop
vertex 16.652160000000006 13.855166666666669 90.00017333333335
vertex 14.495513333333337 14.495513333333337 90.00017333333335
vertex 15.846613333333337 13.005173333333337 90.00017333333335
endloop
endfacet
facet normal 0 0 1
outer loop
vertex 16.652160000000006 13.855166666666669 90.00017333333335
vertex 15.846613333333337 13.005173333333337 90.00017333333335
vertex 18.333660000000005 13.005173333333337 90.00017333333335
endloop
endfacet
facet normal 0 0 1
outer loop
vertex 16.652160000000006 13.855166666666669 90.00017333333335
vertex 18.333660000000005 13.005173333333337 90.00017333333335
vertex 17.392806666666672 14.273673333333337 90.00017333333335
endloop
endfacet
facet normal 0 0 1
outer loop
vertex 16.652160000000006 13.855166666666669 90.00017333333335
vertex 17.392806666666672 14.273673333333337 90.00017333333335
vertex 17.191813333333336 14.495513333333337 90.00017333333335
endloop
endfacet
facet normal 0 0 1
outer loop
vertex 16.652160000000006 13.855166666666669 90.00017333333335
vertex 17.191813333333336 14.495513333333337 90.00017333333335
vertex 14.495513333333337 14.495513333333337 90.00017333333335
endloop
endfacet
facet normal 0 0 1
outer loop
vertex -17.861660000000004 12.257840000000003 90.00017333333335
vertex -18.333660000000005 13.005173333333337 90.00017333333335
vertex -18.708113333333337 12.50052666666667 90.00017333333335
endloop
endfacet
facet normal 0 0 1
outer loop
vertex -17.861660000000004 12.257840000000003 90.00017333333335
vertex -18.708113333333337 12.50052666666667 90.00017333333335
vertex -19.374026666666673 11.389360000000003 90.00017333333335
endloop
endfacet
facet normal 0 0 1
outer loop
vertex -17.861660000000004 12.257840000000003 90.00017333333335
vertex -19.374026666666673 11.389360000000003 90.00017333333335
vertex -17.045100000000005 11.389360000000003 90.00017333333335
endloop
endfacet
facet normal 0 0 1
outer loop
vertex -17.861660000000004 12.257840000000003 90.00017333333335
vertex -17.045100000000005 11.389360000000003 90.00017333333335
vertex -15.846613333333337 13.005173333333337 90.00017333333335
endloop
endfacet
facet normal 0 0 1
outer loop
vertex -17.861660000000004 12.257840000000003 90.00017333333335
vertex -15.846613333333337 13.005173333333337 90.00017333333335
vertex -18.333660000000005 13.005173333333337 90.00017333333335
endloop
endfacet
facet normal 0 0 1
outer loop
vertex 17.861660000000004 12.257840000000003 90.00017333333335
vertex 15.846613333333337 13.005173333333337 90.00017333333335
vertex 17.045100000000005 11.389360000000003 90.00017333333335
endloop
endfacet
facet normal 0 0 1
outer loop
vertex 17.861660000000004 12.257840000000003 90.00017333333335
vertex 17.045100000000005 11.389360000000003 90.00017333333335
vertex 19.374026666666673 11.389360000000003 90.00017333333335
endloop
endfacet
facet normal 0 0 1
outer loop
vertex 17.861660000000004 12.257840000000003 90.00017333333335
vertex 19.374026666666673 11.389360000000003 90.00017333333335
vertex 18.708113333333337 12.50052666666667 90.00017333333335
endloop
endfacet
facet normal 0 0 1
outer loop
vertex 17.861660000000004 12.257840000000003 90.00017333333335
vertex 18.708113333333337 12.50052666666667 90.00017333333335
vertex 18.333660000000005 13.005173333333337 90.00017333333335
endloop
endfacet
facet normal 0 0 1
outer loop
vertex 17.861660000000004 12.257840000000003 90.00017333333335
vertex 18.333660000000005 13.005173333333337 90.00017333333335
vertex 15.846613333333337 13.005173333333337 90.00017333333335
endloop
endfacet
facet normal 0 0 1
outer loop
vertex -18.926413333333336 10.542513333333336 90.00017333333335
vertex -19.374026666666673 11.389360000000003 90.00017333333335
vertex -19.84327333333334 10.606233333333336 90.00017333333335
endloop
endfacet
facet normal 0 0 1
outer loop
vertex -18.926413333333336 10.542513333333336 90.00017333333335
vertex -19.84327333333334 10.606233333333336 90.00017333333335
vertex -20.28931333333334 9.66380666666667 90.00017333333335
endloop
endfacet
facet normal 0 0 0.9999999999999999
outer loop
vertex -18.926413333333336 10.542513333333336 90.00017333333335
vertex -20.28931333333334 9.66380666666667 90.00017333333335
vertex -18.079566666666672 9.66380666666667 90.00017333333335
endloop
endfacet
facet normal 0 0 1
outer loop
vertex -18.926413333333336 10.542513333333336 90.00017333333335
vertex -18.079566666666672 9.66380666666667 90.00017333333335
vertex -17.045100000000005 11.389360000000003 90.00017333333335
endloop
endfacet
facet normal 0 0 1
outer loop
vertex -18.926413333333336 10.542513333333336 90.00017333333335
vertex -17.045100000000005 11.389360000000003 90.00017333333335
vertex -19.374026666666673 11.389360000000003 90.00017333333335
endloop
endfacet
facet normal 0 0 1
outer loop
vertex 18.926413333333336 10.542513333333336 90.00017333333335
vertex 17.045100000000005 11.389360000000003 90.00017333333335
vertex 18.079566666666672 9.66380666666667 90.00017333333335
endloop
endfacet
facet normal 0 0 0.9999999999999999
outer loop
vertex 18.926413333333336 10.542513333333336 90.00017333333335
vertex 18.079566666666672 9.66380666666667 90.00017333333335
vertex 20.28931333333334 9.66380666666667 90.00017333333335
endloop
endfacet
facet normal 0 0 1
outer loop
vertex 18.926413333333336 10.542513333333336 90.00017333333335
vertex 20.28931333333334 9.66380666666667 90.00017333333335
vertex 19.84327333333334 10.606233333333336 90.00017333333335
endloop
endfacet
facet normal 0 0 1
outer loop
vertex 18.926413333333336 10.542513333333336 90.00017333333335
vertex 19.84327333333334 10.606233333333336 90.00017333333335
vertex 19.374026666666673 11.389360000000003 90.00017333333335
endloop
endfacet
facet normal 0 0 1
outer loop
vertex 18.926413333333336 10.542513333333336 90.00017333333335
vertex 19.374026666666673 11.389360000000003 90.00017333333335
vertex 17.045100000000005 11.389360000000003 90.00017333333335
endloop
endfacet
facet normal 0 0 0.9999999999999999
outer loop
vertex -19.83147333333334 8.72570666666667 90.00017333333335
vertex -20.28931333333334 9.66380666666667 90.00017333333335
vertex -20.78727333333334 8.610460000000002 90.00017333333335
endloop
endfacet
facet normal 0 0 1
outer loop
vertex -19.83147333333334 8.72570666666667 90.00017333333335
vertex -20.78727333333334 8.610460000000002 90.00017333333335
vertex -21.061033333333338 7.845033333333335 90.00017333333335
endloop
endfacet
facet normal 0 0 0.9999999999999999
outer loop
vertex -19.83147333333334 8.72570666666667 90.00017333333335
vertex -21.061033333333338 7.845033333333335 90.00017333333335
vertex -18.93939333333334 7.845033333333335 90.00017333333335
endloop
endfacet
facet normal 0 0 1
outer loop
vertex -19.83147333333334 8.72570666666667 90.00017333333335
vertex -18.93939333333334 7.845033333333335 90.00017333333335
vertex -18.079566666666672 9.66380666666667 90.00017333333335
endloop
endfacet
facet normal 0 0 1
outer loop
vertex -19.83147333333334 8.72570666666667 90.00017333333335
vertex -18.079566666666672 9.66380666666667 90.00017333333335
vertex -20.28931333333334 9.66380666666667 90.00017333333335
endloop
endfacet
facet normal 0 0 1
outer loop
vertex 19.83147333333334 8.72570666666667 90.00017333333335
vertex 18.079566666666672 9.66380666666667 90.00017333333335
vertex 18.93939333333334 7.845033333333335 90.00017333333335
endloop
endfacet
facet normal 0 0 0.9999999999999999
outer loop
vertex 19.83147333333334 8.72570666666667 90.00017333333335
vertex 18.93939333333334 7.845033333333335 90.00017333333335
vertex 21.061033333333338 7.845033333333335 90.00017333333335
endloop
endfacet
facet normal 0 0 1
outer loop
vertex 19.83147333333334 8.72570666666667 90.00017333333335
vertex 21.061033333333338 7.845033333333335 90.00017333333335
vertex 20.78727333333334 8.610460000000002 90.00017333333335
endloop
endfacet
facet normal 0 0 0.9999999999999999
outer loop
vertex 19.83147333333334 8.72570666666667 90.00017333333335
vertex 20.78727333333334 8.610460000000002 90.00017333333335
vertex 20.28931333333334 9.66380666666667 90.00017333333335
endloop
endfacet
facet normal 0 0 1
outer loop
vertex 19.83147333333334 8.72570666666667 90.00017333333335
vertex 20.28931333333334 9.66380666666667 90.00017333333335
vertex 18.079566666666672 9.66380666666667 90.00017333333335
endloop
endfacet
facet normal 0 0 1
outer loop
vertex -20.565040000000003 6.824726666666669 90.00017333333335
vertex -21.061033333333338 7.845033333333335 90.00017333333335
vertex -21.53106666666667 6.531300000000002 90.00017333333335
endloop
endfacet
facet normal 0 0 1
outer loop
vertex -20.565040000000003 6.824726666666669 90.00017333333335
vertex -21.53106666666667 6.531300000000002 90.00017333333335
vertex -21.676600000000004 5.9507400000000015 90.00017333333335
endloop
endfacet
facet normal 0 0 1
outer loop
vertex -20.565040000000003 6.824726666666669 90.00017333333335
vertex -21.676600000000004 5.9507400000000015 90.00017333333335
vertex -19.617106666666672 5.9507400000000015 90.00017333333335
endloop
endfacet
facet normal 0 0 1
outer loop
vertex -20.565040000000003 6.824726666666669 90.00017333333335
vertex -19.617106666666672 5.9507400000000015 90.00017333333335
vertex -18.93939333333334 7.845033333333335 90.00017333333335
endloop
endfacet
facet normal 0 0 1
outer loop
vertex -20.565040000000003 6.824726666666669 90.00017333333335
vertex -18.93939333333334 7.845033333333335 90.00017333333335
vertex -21.061033333333338 7.845033333333335 90.00017333333335
endloop
endfacet
facet normal 0 0 1
outer loop
vertex 20.565040000000003 6.824726666666669 90.00017333333335
vertex 18.93939333333334 7.845033333333335 90.00017333333335
vertex 19.617106666666672 5.9507400000000015 90.00017333333335
endloop
endfacet
facet normal 0 0 1
outer loop
vertex 20.565040000000003 6.824726666666669 90.00017333333335
vertex 19.617106666666672 5.9507400000000015 90.00017333333335
vertex 21.676600000000004 5.9507400000000015 90.00017333333335
endloop
endfacet
facet normal 0 0 1
outer loop
vertex 20.565040000000003 6.824726666666669 90.00017333333335
vertex 21.676600000000004 5.9507400000000015 90.00017333333335
vertex 21.53106666666667 6.531300000000002 90.00017333333335
endloop
endfacet
facet normal 0 0 1
outer loop
vertex 20.565040000000003 6.824726666666669 90.00017333333335
vertex 21.53106666666667 6.531300000000002 90.00017333333335
vertex 21.061033333333338 7.845033333333335 90.00017333333335
endloop
endfacet
facet normal 0 0 1
outer loop
vertex 20.565040000000003 6.824726666666669 90.00017333333335
vertex 21.061033333333338 7.845033333333335 90.00017333333335
vertex 18.93939333333334 7.845033333333335 90.00017333333335
endloop
endfacet
facet normal 0 0 1
outer loop
vertex -21.118460000000006 4.858060000000001 90.00017333333335
vertex -21.676600000000004 5.9507400000000015 90.00017333333335
vertex -22.06757333333334 4.389600000000001 90.00017333333335
endloop
endfacet
facet normal 0 0 1
outer loop
vertex -21.118460000000006 4.858060000000001 90.00017333333335
vertex -22.06757333333334 4.389600000000001 90.00017333333335
vertex -22.12539333333334 3.9994133333333344 90.00017333333335
endloop
endfacet
facet normal 0 0 1
outer loop
vertex -21.118460000000006 4.858060000000001 90.00017333333335
vertex -22.12539333333334 3.9994133333333344 90.00017333333335
vertex -20.106020000000004 3.9994133333333344 90.00017333333335
endloop
endfacet
facet normal 0 0 1
outer loop
vertex -21.118460000000006 4.858060000000001 90.00017333333335
vertex -20.106020000000004 3.9994133333333344 90.00017333333335
vertex -19.617106666666672 5.9507400000000015 90.00017333333335
endloop
endfacet
facet normal 0 0 1
outer loop
vertex -21.118460000000006 4.858060000000001 90.00017333333335
vertex -19.617106666666672 5.9507400000000015 90.00017333333335
vertex -21.676600000000004 5.9507400000000015 90.00017333333335
endloop
endfacet
facet normal 0 0 1
outer loop
vertex 21.118460000000006 4.858060000000001 90.00017333333335
vertex 19.617106666666672 5.9507400000000015 90.00017333333335
vertex 20.106020000000004 3.9994133333333344 90.00017333333335
endloop
endfacet
facet normal 0 0 1
outer loop
vertex 21.118460000000006 4.858060000000001 90.00017333333335
vertex 20.106020000000004 3.9994133333333344 90.00017333333335
vertex 22.12539333333334 3.9994133333333344 90.00017333333335
endloop
endfacet
facet normal 0 0 1
outer loop
vertex 21.118460000000006 4.858060000000001 90.00017333333335
vertex 22.12539333333334 3.9994133333333344 90.00017333333335
vertex 22.06757333333334 4.389600000000001 90.00017333333335
endloop
endfacet
facet normal 0 0 1
outer loop
vertex 21.118460000000006 4.858060000000001 90.00017333333335
vertex 22.06757333333334 4.389600000000001 90.00017333333335
vertex 21.676600000000004 5.9507400000000015 90.00017333333335
endloop
endfacet
facet normal 0 0 1
outer loop
vertex 21.118460000000006 4.858060000000001 90.00017333333335
vertex 21.676600000000004 5.9507400000000015 90.00017333333335
vertex 19.617106666666672 5.9507400000000015 90.00017333333335
endloop
endfacet
facet normal 0 0 1
outer loop
vertex -21.485046666666673 2.8445866666666673 90.00017333333335
vertex -22.12539333333334 3.9994133333333344 90.00017333333335
vertex -22.391680000000004 2.2054200000000006 90.00017333333335
endloop
endfacet
facet normal 0 0 0.9999999999999999
outer loop
vertex -21.485046666666673 2.8445866666666673 90.00017333333335
vertex -22.391680000000004 2.2054200000000006 90.00017333333335
vertex -22.401120000000006 2.0095400000000003 90.00017333333335
endloop
endfacet
facet normal 0 0 1
outer loop
vertex -21.485046666666673 2.8445866666666673 90.00017333333335
vertex -22.401120000000006 2.0095400000000003 90.00017333333335
vertex -20.401413333333338 2.0095400000000003 90.00017333333335
endloop
endfacet
facet normal 0 0 1
outer loop
vertex -21.485046666666673 2.8445866666666673 90.00017333333335
vertex -20.401413333333338 2.0095400000000003 90.00017333333335
vertex -20.106020000000004 3.9994133333333344 90.00017333333335
endloop
endfacet
facet normal 0 0 1
outer loop
vertex -21.485046666666673 2.8445866666666673 90.00017333333335
vertex -20.106020000000004 3.9994133333333344 90.00017333333335
vertex -22.12539333333334 3.9994133333333344 90.00017333333335
endloop
endfacet
facet normal 0 0 1
outer loop
vertex 21.485046666666673 2.8445866666666673 90.00017333333335
vertex 20.106020000000004 3.9994133333333344 90.00017333333335
vertex 20.401413333333338 2.0095400000000003 90.00017333333335
endloop
endfacet
facet normal 0 0 1
outer loop
vertex 21.485046666666673 2.8445866666666673 90.00017333333335
vertex 20.401413333333338 2.0095400000000003 90.00017333333335
vertex 22.401120000000006 2.0095400000000003 90.00017333333335
endloop
endfacet
facet normal 0 0 0.9999999999999999
outer loop
vertex 21.485046666666673 2.8445866666666673 90.00017333333335
vertex 22.401120000000006 2.0095400000000003 90.00017333333335
vertex 22.391680000000004 2.2054200000000006 90.00017333333335
endloop
endfacet
facet normal 0 0 1
outer loop
vertex 21.485046666666673 2.8445866666666673 90.00017333333335
vertex 22.391680000000004 2.2054200000000006 90.00017333333335
vertex 22.12539333333334 3.9994133333333344 90.00017333333335
endloop
endfacet
facet normal 0 0 1
outer loop
vertex 21.485046666666673 2.8445866666666673 90.00017333333335
vertex 22.12539333333334 3.9994133333333344 90.00017333333335
vertex 20.106020000000004 3.9994133333333344 90.00017333333335
endloop
endfacet
facet normal 0 0 1
outer loop
vertex -22.401120000000006 2.0095400000000003 90.00017333333335
vertex -22.499846666666674 0 90.00017333333335
vertex -20.500140000000005 0 90.00017333333335
endloop
endfacet
facet normal 0 0 1
outer loop
vertex -22.401120000000006 2.0095400000000003 90.00017333333335
vertex -20.500140000000005 0 90.00017333333335
vertex -20.401413333333338 2.0095400000000003 90.00017333333335
endloop
endfacet
facet normal 0 0 1
outer loop
vertex 20.401413333333338 2.0095400000000003 90.00017333333335
vertex 20.500140000000005 0 90.00017333333335
vertex 22.499846666666674 0 90.00017333333335
endloop
endfacet
facet normal 0 0 1
outer loop
vertex 20.401413333333338 2.0095400000000003 90.00017333333335
vertex 22.499846666666674 0 90.00017333333335
vertex 22.401120000000006 2.0095400000000003 90.00017333333335
endloop
endfacet
facet normal 0 0 1
outer loop
vertex -22.499846666666674 0 90.00017333333335
vertex -22.401120000000006 -2.0095400000000003 90.00017333333335
vertex -20.401413333333338 -2.0095400000000003 90.00017333333335
endloop
endfacet
facet normal 0 0 1
outer loop
vertex -22.499846666666674 0 90.00017333333335
vertex -20.401413333333338 -2.0095400000000003 90.00017333333335
vertex -20.500140000000005 0 90.00017333333335
endloop
endfacet
facet normal 0 0 1
outer loop
vertex 20.500140000000005 0 90.00017333333335
vertex 20.401413333333338 -2.0095400000000003 90.00017333333335
vertex 22.401120000000006 -2.0095400000000003 90.00017333333335
endloop
endfacet
facet normal 0 0 1
outer loop
vertex 20.500140000000005 0 90.00017333333335
vertex 22.401120000000006 -2.0095400000000003 90.00017333333335
vertex 22.499846666666674 0 90.00017333333335
endloop
endfacet
facet normal 0 0 0.9999999999999999
outer loop
vertex -21.485046666666673 -2.8445866666666673 90.00017333333335
vertex -22.401120000000006 -2.0095400000000003 90.00017333333335
vertex -22.391680000000004 -2.2054200000000006 90.00017333333335
endloop
endfacet
facet normal 0 0 1
outer loop
vertex -21.485046666666673 -2.8445866666666673 90.00017333333335
vertex -22.391680000000004 -2.2054200000000006 90.00017333333335
vertex -22.12539333333334 -3.9994133333333344 90.00017333333335
endloop
endfacet
facet normal 0 0 1
outer loop
vertex -21.485046666666673 -2.8445866666666673 90.00017333333335
vertex -22.12539333333334 -3.9994133333333344 90.00017333333335
vertex -20.106020000000004 -3.9994133333333344 90.00017333333335
endloop
endfacet
facet normal 0 0 1
outer loop
vertex -21.485046666666673 -2.8445866666666673 90.00017333333335
vertex -20.106020000000004 -3.9994133333333344 90.00017333333335
vertex -20.401413333333338 -2.0095400000000003 90.00017333333335
endloop
endfacet
facet normal 0 0 1
outer loop
vertex -21.485046666666673 -2.8445866666666673 90.00017333333335
vertex -20.401413333333338 -2.0095400000000003 90.00017333333335
vertex -22.401120000000006 -2.0095400000000003 90.00017333333335
endloop
endfacet
facet normal 0 0 1
outer loop
vertex 21.485046666666673 -2.8445866666666673 90.00017333333335
vertex 20.401413333333338 -2.0095400000000003 90.00017333333335
vertex 20.106020000000004 -3.9994133333333344 90.00017333333335
endloop
endfacet
facet normal 0 0 1
outer loop
vertex 21.485046666666673 -2.8445866666666673 90.00017333333335
vertex 20.106020000000004 -3.9994133333333344 90.00017333333335
vertex 22.12539333333334 -3.9994133333333344 90.00017333333335
endloop
endfacet
facet normal 0 0 1
outer loop
vertex 21.485046666666673 -2.8445866666666673 90.00017333333335
vertex 22.12539333333334 -3.9994133333333344 90.00017333333335
vertex 22.391680000000004 -2.2054200000000006 90.00017333333335
endloop
endfacet
facet normal 0 0 0.9999999999999999
outer loop
vertex 21.485046666666673 -2.8445866666666673 90.00017333333335
vertex 22.391680000000004 -2.2054200000000006 90.00017333333335
vertex 22.401120000000006 -2.0095400000000003 90.00017333333335
endloop
endfacet
facet normal 0 0 1
outer loop
vertex 21.485046666666673 -2.8445866666666673 90.00017333333335
vertex 22.401120000000006 -2.0095400000000003 90.00017333333335
vertex 20.401413333333338 -2.0095400000000003 90.00017333333335
endloop
endfacet
facet normal 0 0 1
outer loop
vertex -21.118460000000006 -4.858060000000001 90.00017333333335
vertex -22.12539333333334 -3.9994133333333344 90.00017333333335
vertex -22.06757333333334 -4.389600000000001 90.00017333333335
endloop
endfacet
facet normal 0 0 1
outer loop
vertex -21.118460000000006 -4.858060000000001 90.00017333333335
vertex -22.06757333333334 -4.389600000000001 90.00017333333335
vertex -21.676600000000004 -5.9507400000000015 90.00017333333335
endloop
endfacet
facet normal 0 0 1
outer loop
vertex -21.118460000000006 -4.858060000000001 90.00017333333335
vertex -21.676600000000004 -5.9507400000000015 90.00017333333335
vertex -19.617106666666672 -5.9507400000000015 90.00017333333335
endloop
endfacet
facet normal 0 0 1
outer loop
vertex -21.118460000000006 -4.858060000000001 90.00017333333335
vertex -19.617106666666672 -5.9507400000000015 90.00017333333335
vertex -20.106020000000004 -3.9994133333333344 90.00017333333335
endloop
endfacet
facet normal 0 0 1
outer loop
vertex -21.118460000000006 -4.858060000000001 90.00017333333335
vertex -20.106020000000004 -3.9994133333333344 90.00017333333335
vertex -22.12539333333334 -3.9994133333333344 90.00017333333335
endloop
endfacet
facet normal 0 0 1
outer loop
vertex 21.118460000000006 -4.858060000000001 90.00017333333335
vertex 20.106020000000004 -3.9994133333333344 90.00017333333335
vertex 19.617106666666672 -5.9507400000000015 90.00017333333335
endloop
endfacet
facet normal 0 0 1
outer loop
vertex 21.118460000000006 -4.858060000000001 90.00017333333335
vertex 19.617106666666672 -5.9507400000000015 90.00017333333335
vertex 21.676600000000004 -5.9507400000000015 90.00017333333335
endloop
endfacet
facet normal 0 0 1
outer loop
vertex 21.118460000000006 -4.858060000000001 90.00017333333335
vertex 21.676600000000004 -5.9507400000000015 90.00017333333335
vertex 22.06757333333334 -4.389600000000001 90.00017333333335
endloop
endfacet
facet normal 0 0 1
outer loop
vertex 21.118460000000006 -4.858060000000001 90.00017333333335
vertex 22.06757333333334 -4.389600000000001 90.00017333333335
vertex 22.12539333333334 -3.9994133333333344 90.00017333333335
endloop
endfacet
facet normal 0 0 1
outer loop
vertex 21.118460000000006 -4.858060000000001 90.00017333333335
vertex 22.12539333333334 -3.9994133333333344 90.00017333333335
vertex 20.106020000000004 -3.9994133333333344 90.00017333333335
endloop
endfacet
facet normal 0 0 1
outer loop
vertex -20.565040000000003 -6.824726666666669 90.00017333333335
vertex -21.676600000000004 -5.9507400000000015 90.00017333333335
vertex -21.53106666666667 -6.531300000000002 90.00017333333335
endloop
endfacet
facet normal 0 0 1
outer loop
vertex -20.565040000000003 -6.824726666666669 90.00017333333335
vertex -21.53106666666667 -6.531300000000002 90.00017333333335
vertex -21.061033333333338 -7.845033333333335 90.00017333333335
endloop
endfacet
facet normal 0 0 1
outer loop
vertex -20.565040000000003 -6.824726666666669 90.00017333333335
vertex -21.061033333333338 -7.845033333333335 90.00017333333335
vertex -18.93939333333334 -7.845033333333335 90.00017333333335
endloop
endfacet
facet normal 0 0 1
outer loop
vertex -20.565040000000003 -6.824726666666669 90.00017333333335
vertex -18.93939333333334 -7.845033333333335 90.00017333333335
vertex -19.617106666666672 -5.9507400000000015 90.00017333333335
endloop
endfacet
facet normal 0 0 1
outer loop
vertex -20.565040000000003 -6.824726666666669 90.00017333333335
vertex -19.617106666666672 -5.9507400000000015 90.00017333333335
vertex -21.676600000000004 -5.9507400000000015 90.00017333333335
endloop
endfacet
facet normal 0 0 1
outer loop
vertex 20.565040000000003 -6.824726666666669 90.00017333333335
vertex 19.617106666666672 -5.9507400000000015 90.00017333333335
vertex 18.93939333333334 -7.845033333333335 90.00017333333335
endloop
endfacet
facet normal 0 0 1
outer loop
vertex 20.565040000000003 -6.824726666666669 90.00017333333335
vertex 18.93939333333334 -7.845033333333335 90.00017333333335
vertex 21.061033333333338 -7.845033333333335 90.00017333333335
endloop
endfacet
facet normal 0 0 1
outer loop
vertex 20.565040000000003 -6.824726666666669 90.00017333333335
vertex 21.061033333333338 -7.845033333333335 90.00017333333335
vertex 21.53106666666667 -6.531300000000002 90.00017333333335
endloop
endfacet
facet normal 0 0 1
outer loop
vertex 20.565040000000003 -6.824726666666669 90.00017333333335
vertex 21.53106666666667 -6.531300000000002 90.00017333333335
vertex 21.676600000000004 -5.9507400000000015 90.00017333333335
endloop
endfacet
facet normal 0 0 1
outer loop
vertex 20.565040000000003 -6.824726666666669 90.00017333333335
vertex 21.676600000000004 -5.9507400000000015 90.00017333333335
vertex 19.617106666666672 -5.9507400000000015 90.00017333333335
endloop
endfacet
facet normal 0 0 1
outer loop
vertex -19.83147333333334 -8.72570666666667 90.00017333333335
vertex -21.061033333333338 -7.845033333333335 90.00017333333335
vertex -20.78727333333334 -8.610460000000002 90.00017333333335
endloop
endfacet
facet normal 0 0 0.9999999999999999
outer loop
vertex -19.83147333333334 -8.72570666666667 90.00017333333335
vertex -20.78727333333334 -8.610460000000002 90.00017333333335
vertex -20.28931333333334 -9.66380666666667 90.00017333333335
endloop
endfacet
facet normal 0 0 1
outer loop
vertex -19.83147333333334 -8.72570666666667 90.00017333333335
vertex -20.28931333333334 -9.66380666666667 90.00017333333335
vertex -18.079566666666672 -9.66380666666667 90.00017333333335
endloop
endfacet
facet normal 0 0 1
outer loop
vertex -19.83147333333334 -8.72570666666667 90.00017333333335
vertex -18.079566666666672 -9.66380666666667 90.00017333333335
vertex -18.93939333333334 -7.845033333333335 90.00017333333335
endloop
endfacet
facet normal 0 0 0.9999999999999999
outer loop
vertex -19.83147333333334 -8.72570666666667 90.00017333333335
vertex -18.93939333333334 -7.845033333333335 90.00017333333335
vertex -21.061033333333338 -7.845033333333335 90.00017333333335
endloop
endfacet
facet normal 0 0 1
outer loop
vertex 19.83147333333334 -8.72570666666667 90.00017333333335
vertex 18.93939333333334 -7.845033333333335 90.00017333333335
vertex 18.079566666666672 -9.66380666666667 90.00017333333335
endloop
endfacet
facet normal 0 0 1
outer loop
vertex 19.83147333333334 -8.72570666666667 90.00017333333335
vertex 18.079566666666672 -9.66380666666667 90.00017333333335
vertex 20.28931333333334 -9.66380666666667 90.00017333333335
endloop
endfacet
facet normal 0 0 0.9999999999999999
outer loop
vertex 19.83147333333334 -8.72570666666667 90.00017333333335
vertex 20.28931333333334 -9.66380666666667 90.00017333333335
vertex 20.78727333333334 -8.610460000000002 90.00017333333335
endloop
endfacet
facet normal 0 0 1
outer loop
vertex 19.83147333333334 -8.72570666666667 90.00017333333335
vertex 20.78727333333334 -8.610460000000002 90.00017333333335
vertex 21.061033333333338 -7.845033333333335 90.00017333333335
endloop
endfacet
facet normal 0 0 0.9999999999999999
outer loop
vertex 19.83147333333334 -8.72570666666667 90.00017333333335
vertex 21.061033333333338 -7.845033333333335 90.00017333333335
vertex 18.93939333333334 -7.845033333333335 90.00017333333335
endloop
endfacet
facet normal 0 0 1
outer loop
vertex -18.926413333333336 -10.542513333333336 90.00017333333335
vertex -20.28931333333334 -9.66380666666667 90.00017333333335
vertex -19.84327333333334 -10.606233333333336 90.00017333333335
endloop
endfacet
facet normal 0 0 1
outer loop
vertex -18.926413333333336 -10.542513333333336 90.00017333333335
vertex -19.84327333333334 -10.606233333333336 90.00017333333335
vertex -19.374026666666673 -11.389360000000003 90.00017333333335
endloop
endfacet
facet normal 0 0 1
outer loop
vertex -18.926413333333336 -10.542513333333336 90.00017333333335
vertex -19.374026666666673 -11.389360000000003 90.00017333333335
vertex -17.045100000000005 -11.389360000000003 90.00017333333335
endloop
endfacet
facet normal 0 0 1
outer loop
vertex -18.926413333333336 -10.542513333333336 90.00017333333335
vertex -17.045100000000005 -11.389360000000003 90.00017333333335
vertex -18.079566666666672 -9.66380666666667 90.00017333333335
endloop
endfacet
facet normal 0 0 0.9999999999999999
outer loop
vertex -18.926413333333336 -10.542513333333336 90.00017333333335
vertex -18.079566666666672 -9.66380666666667 90.00017333333335
vertex -20.28931333333334 -9.66380666666667 90.00017333333335
endloop
endfacet
facet normal 0 0 1
outer loop
vertex 18.926413333333336 -10.542513333333336 90.00017333333335
vertex 18.079566666666672 -9.66380666666667 90.00017333333335
vertex 17.045100000000005 -11.389360000000003 90.00017333333335
endloop
endfacet
facet normal 0 0 1
outer loop
vertex 18.926413333333336 -10.542513333333336 90.00017333333335
vertex 17.045100000000005 -11.389360000000003 90.00017333333335
vertex 19.374026666666673 -11.389360000000003 90.00017333333335
endloop
endfacet
facet normal 0 0 1
outer loop
vertex 18.926413333333336 -10.542513333333336 90.00017333333335
vertex 19.374026666666673 -11.389360000000003 90.00017333333335
vertex 19.84327333333334 -10.606233333333336 90.00017333333335
endloop
endfacet
facet normal 0 0 1
outer loop
vertex 18.926413333333336 -10.542513333333336 90.00017333333335
vertex 19.84327333333334 -10.606233333333336 90.00017333333335
vertex 20.28931333333334 -9.66380666666667 90.00017333333335
endloop
endfacet
facet normal 0 0 0.9999999999999999
outer loop
vertex 18.926413333333336 -10.542513333333336 90.00017333333335
vertex 20.28931333333334 -9.66380666666667 90.00017333333335
vertex 18.079566666666672 -9.66380666666667 90.00017333333335
endloop
endfacet
facet normal 0 0 1
outer loop
vertex -17.861660000000004 -12.257840000000003 90.00017333333335
vertex -19.374026666666673 -11.389360000000003 90.00017333333335
vertex -18.708113333333337 -12.50052666666667 90.00017333333335
endloop
endfacet
facet normal 0 0 1
outer loop
vertex -17.861660000000004 -12.257840000000003 90.00017333333335
vertex -18.708113333333337 -12.50052666666667 90.00017333333335
vertex -18.333660000000005 -13.005173333333337 90.00017333333335
endloop
endfacet
facet normal 0 0 1
outer loop
vertex -17.861660000000004 -12.257840000000003 90.00017333333335
vertex -18.333660000000005 -13.005173333333337 90.00017333333335
vertex -15.846613333333337 -13.005173333333337 90.00017333333335
endloop
endfacet
facet normal 0 0 1
outer loop
vertex -17.861660000000004 -12.257840000000003 90.00017333333335
vertex -15.846613333333337 -13.005173333333337 90.00017333333335
vertex -17.045100000000005 -11.389360000000003 90.00017333333335
endloop
endfacet
facet normal 0 0 1
outer loop
vertex -17.861660000000004 -12.257840000000003 90.00017333333335
vertex -17.045100000000005 -11.389360000000003 90.00017333333335
vertex -19.374026666666673 -11.389360000000003 90.00017333333335
endloop
endfacet
facet normal 0 0 1
outer loop
vertex 17.861660000000004 -12.257840000000003 90.00017333333335
vertex 17.045100000000005 -11.389360000000003 90.00017333333335
vertex 15.846613333333337 -13.005173333333337 90.00017333333335
endloop
endfacet
facet normal 0 0 1
outer loop
vertex 17.861660000000004 -12.257840000000003 90.00017333333335
vertex 15.846613333333337 -13.005173333333337 90.00017333333335
vertex 18.333660000000005 -13.005173333333337 90.00017333333335
endloop
endfacet
facet normal 0 0 1
outer loop
vertex 17.861660000000004 -12.257840000000003 90.00017333333335
vertex 18.333660000000005 -13.005173333333337 90.00017333333335
vertex 18.708113333333337 -12.50052666666667 90.00017333333335
endloop
endfacet
facet normal 0 0 1
outer loop
vertex 17.861660000000004 -12.257840000000003 90.00017333333335
vertex 18.708113333333337 -12.50052666666667 90.00017333333335
vertex 19.374026666666673 -11.389360000000003 90.00017333333335
endloop
endfacet
facet normal 0 0 1
outer loop
vertex 17.861660000000004 -12.257840000000003 90.00017333333335
vertex 19.374026666666673 -11.389360000000003 90.00017333333335
vertex 17.045100000000005 -11.389360000000003 90.00017333333335
endloop
endfacet
facet normal 0 0 1
outer loop
vertex -16.652160000000006 -13.855166666666669 90.00017333333335
vertex -18.333660000000005 -13.005173333333337 90.00017333333335
vertex -17.392806666666672 -14.273673333333337 90.00017333333335
endloop
endfacet
facet normal 0 0 1
outer loop
vertex -16.652160000000006 -13.855166666666669 90.00017333333335
vertex -17.392806666666672 -14.273673333333337 90.00017333333335
vertex -17.191813333333336 -14.495513333333337 90.00017333333335
endloop
endfacet
facet normal 0 0 1
outer loop
vertex -16.652160000000006 -13.855166666666669 90.00017333333335
vertex -17.191813333333336 -14.495513333333337 90.00017333333335
vertex -14.495513333333337 -14.495513333333337 90.00017333333335
endloop
endfacet
facet normal 0 0 1
outer loop
vertex -16.652160000000006 -13.855166666666669 90.00017333333335
vertex -14.495513333333337 -14.495513333333337 90.00017333333335
vertex -15.846613333333337 -13.005173333333337 90.00017333333335
endloop
endfacet
facet normal 0 0 1
outer loop
vertex -16.652160000000006 -13.855166666666669 90.00017333333335
vertex -15.846613333333337 -13.005173333333337 90.00017333333335
vertex -18.333660000000005 -13.005173333333337 90.00017333333335
endloop
endfacet
facet normal 0 0 1
outer loop
vertex 16.652160000000006 -13.855166666666669 90.00017333333335
vertex 15.846613333333337 -13.005173333333337 90.00017333333335
vertex 14.495513333333337 -14.495513333333337 90.00017333333335
endloop
endfacet
facet normal 0 0 1
outer loop
vertex 16.652160000000006 -13.855166666666669 90.00017333333335
vertex 14.495513333333337 -14.495513333333337 90.00017333333335
vertex 17.191813333333336 -14.495513333333337 90.00017333333335
endloop
endfacet
facet normal 0 0 1
outer loop
vertex 16.652160000000006 -13.855166666666669 90.00017333333335
vertex 17.191813333333336 -14.495513333333337 90.00017333333335
vertex 17.392806666666672 -14.273673333333337 90.00017333333335
endloop
endfacet
facet normal 0 0 1
outer loop
vertex 16.652160000000006 -13.855166666666669 90.00017333333335
vertex 17.392806666666672 -14.273673333333337 90.00017333333335
vertex 18.333660000000005 -13.005173333333337 90.00017333333335
endloop
endfacet
facet normal 0 0 1
outer loop
vertex 16.652160000000006 -13.855166666666669 90.00017333333335
vertex 18.333660000000005 -13.005173333333337 90.00017333333335
vertex 15.846613333333337 -13.005173333333337 90.00017333333335
endloop
endfacet
facet normal 0 0 1
outer loop
vertex -17.191813333333336 -14.495513333333337 90.00017333333335
vertex -15.96736666666667 -15.846613333333337 90.00017333333335
vertex -13.005173333333337 -15.846613333333337 90.00017333333335
endloop
endfacet
facet normal 0 0 0.9999999999999999
outer loop
vertex -17.191813333333336 -14.495513333333337 90.00017333333335
vertex -13.005173333333337 -15.846613333333337 90.00017333333335
vertex -14.495513333333337 -14.495513333333337 90.00017333333335
endloop
endfacet
facet normal 0 0 1
outer loop
vertex 14.495513333333337 -14.495513333333337 90.00017333333335
vertex 13.005173333333337 -15.846613333333337 90.00017333333335
vertex 15.96736666666667 -15.846613333333337 90.00017333333335
endloop
endfacet
facet normal 0 0 0.9999999999999999
outer loop
vertex 14.495513333333337 -14.495513333333337 90.00017333333335
vertex 15.96736666666667 -15.846613333333337 90.00017333333335
vertex 17.191813333333336 -14.495513333333337 90.00017333333335
endloop
endfacet
facet normal 0 0 1
outer loop
vertex -14.185960000000003 -16.338673333333336 90.00017333333335
vertex -15.96736666666667 -15.846613333333337 90.00017333333335
vertex -15.909940000000004 -15.909940000000004 90.00017333333335
endloop
endfacet
facet normal 0 0 1
outer loop
vertex -14.185960000000003 -16.338673333333336 90.00017333333335
vertex -15.909940000000004 -15.909940000000004 90.00017333333335
vertex -14.65756666666667 -17.045100000000005 90.00017333333335
endloop
endfacet
facet normal 0 0 0.9999999999999999
outer loop
vertex -14.185960000000003 -16.338673333333336 90.00017333333335
vertex -14.65756666666667 -17.045100000000005 90.00017333333335
vertex -11.389360000000003 -17.045100000000005 90.00017333333335
endloop
endfacet
facet normal 0 0 1
outer loop
vertex -14.185960000000003 -16.338673333333336 90.00017333333335
vertex -11.389360000000003 -17.045100000000005 90.00017333333335
vertex -13.005173333333337 -15.846613333333337 90.00017333333335
endloop
endfacet
facet normal 0 0 1
outer loop
vertex -14.185960000000003 -16.338673333333336 90.00017333333335
vertex -13.005173333333337 -15.846613333333337 90.00017333333335
vertex -15.96736666666667 -15.846613333333337 90.00017333333335
endloop
endfacet
facet normal 0 0 1
outer loop
vertex 14.185960000000003 -16.338673333333336 90.00017333333335
vertex 13.005173333333337 -15.846613333333337 90.00017333333335
vertex 11.389360000000003 -17.045100000000005 90.00017333333335
endloop
endfacet
facet normal 0 0 0.9999999999999999
outer loop
vertex 14.185960000000003 -16.338673333333336 90.00017333333335
vertex 11.389360000000003 -17.045100000000005 90.00017333333335
vertex 14.65756666666667 -17.045100000000005 90.00017333333335
endloop
endfacet
facet normal 0 0 1
outer loop
vertex 14.185960000000003 -16.338673333333336 90.00017333333335
vertex 14.65756666666667 -17.045100000000005 90.00017333333335
vertex 15.909940000000004 -15.909940000000004 90.00017333333335
endloop
endfacet
facet normal 0 0 1
outer loop
vertex 14.185960000000003 -16.338673333333336 90.00017333333335
vertex 15.909940000000004 -15.909940000000004 90.00017333333335
vertex 15.96736666666667 -15.846613333333337 90.00017333333335
endloop
endfacet
facet normal 0 0 1
outer loop
vertex 14.185960000000003 -16.338673333333336 90.00017333333335
vertex 15.96736666666667 -15.846613333333337 90.00017333333335
vertex 13.005173333333337 -15.846613333333337 90.00017333333335
endloop
endfacet
facet normal 0 0 1
outer loop
vertex -12.666513333333336 -17.528506666666672 90.00017333333335
vertex -14.65756666666667 -17.045100000000005 90.00017333333335
vertex -14.273673333333337 -17.392806666666672 90.00017333333335
endloop
endfacet
facet normal 0 0 0.9999999999999999
outer loop
vertex -12.666513333333336 -17.528506666666672 90.00017333333335
vertex -14.273673333333337 -17.392806666666672 90.00017333333335
vertex -13.348160000000004 -18.079566666666672 90.00017333333335
endloop
endfacet
facet normal 0 0 1
outer loop
vertex -12.666513333333336 -17.528506666666672 90.00017333333335
vertex -13.348160000000004 -18.079566666666672 90.00017333333335
vertex -9.66380666666667 -18.079566666666672 90.00017333333335
endloop
endfacet
facet normal 0 0 1
outer loop
vertex -12.666513333333336 -17.528506666666672 90.00017333333335
vertex -9.66380666666667 -18.079566666666672 90.00017333333335
vertex -11.389360000000003 -17.045100000000005 90.00017333333335
endloop
endfacet
facet normal 0 0 1
outer loop
vertex -12.666513333333336 -17.528506666666672 90.00017333333335
vertex -11.389360000000003 -17.045100000000005 90.00017333333335
vertex -14.65756666666667 -17.045100000000005 90.00017333333335
endloop
endfacet
facet normal 0 0 1
outer loop
vertex 12.666513333333336 -17.528506666666672 90.00017333333335
vertex 11.389360000000003 -17.045100000000005 90.00017333333335
vertex 9.66380666666667 -18.079566666666672 90.00017333333335
endloop
endfacet
facet normal 0 0 1
outer loop
vertex 12.666513333333336 -17.528506666666672 90.00017333333335
vertex 9.66380666666667 -18.079566666666672 90.00017333333335
vertex 13.348160000000004 -18.079566666666672 90.00017333333335
endloop
endfacet
facet normal 0 0 0.9999999999999999
outer loop
vertex 12.666513333333336 -17.528506666666672 90.00017333333335
vertex 13.348160000000004 -18.079566666666672 90.00017333333335
vertex 14.273673333333337 -17.392806666666672 90.00017333333335
endloop
endfacet
facet normal 0 0 1
outer loop
vertex 12.666513333333336 -17.528506666666672 90.00017333333335
vertex 14.273673333333337 -17.392806666666672 90.00017333333335
vertex 14.65756666666667 -17.045100000000005 90.00017333333335
endloop
endfacet
facet normal 0 0 1
outer loop
vertex 12.666513333333336 -17.528506666666672 90.00017333333335
vertex 14.65756666666667 -17.045100000000005 90.00017333333335
vertex 11.389360000000003 -17.045100000000005 90.00017333333335
endloop
endfacet
facet normal 0 0 1
outer loop
vertex -11.094360000000002 -18.54920666666667 90.00017333333335
vertex -13.348160000000004 -18.079566666666672 90.00017333333335
vertex -12.50052666666667 -18.708113333333337 90.00017333333335
endloop
endfacet
facet normal 0 0 0.9999999999999999
outer loop
vertex -11.094360000000002 -18.54920666666667 90.00017333333335
vertex -12.50052666666667 -18.708113333333337 90.00017333333335
vertex -12.114273333333337 -18.93939333333334 90.00017333333335
endloop
endfacet
facet normal 0 0 0.9999999999999999
outer loop
vertex -11.094360000000002 -18.54920666666667 90.00017333333335
vertex -12.114273333333337 -18.93939333333334 90.00017333333335
vertex -7.845033333333335 -18.93939333333334 90.00017333333335
endloop
endfacet
facet normal 0 0 1
outer loop
vertex -11.094360000000002 -18.54920666666667 90.00017333333335
vertex -7.845033333333335 -18.93939333333334 90.00017333333335
vertex -9.66380666666667 -18.079566666666672 90.00017333333335
endloop
endfacet
facet normal 0 0 1
outer loop
vertex -11.094360000000002 -18.54920666666667 90.00017333333335
vertex -9.66380666666667 -18.079566666666672 90.00017333333335
vertex -13.348160000000004 -18.079566666666672 90.00017333333335
endloop
endfacet
facet normal 0 0 1
outer loop
vertex 11.094360000000002 -18.54920666666667 90.00017333333335
vertex 9.66380666666667 -18.079566666666672 90.00017333333335
vertex 7.845033333333335 -18.93939333333334 90.00017333333335
endloop
endfacet
facet normal 0 0 0.9999999999999999
outer loop
vertex 11.094360000000002 -18.54920666666667 90.00017333333335
vertex 7.845033333333335 -18.93939333333334 90.00017333333335
vertex 12.114273333333337 -18.93939333333334 90.00017333333335
endloop
endfacet
facet normal 0 0 0.9999999999999999
outer loop
vertex 11.094360000000002 -18.54920666666667 90.00017333333335
vertex 12.114273333333337 -18.93939333333334 90.00017333333335
vertex 12.50052666666667 -18.708113333333337 90.00017333333335
endloop
endfacet
facet normal 0 0 1
outer loop
vertex 11.094360000000002 -18.54920666666667 90.00017333333335
vertex 12.50052666666667 -18.708113333333337 90.00017333333335
vertex 13.348160000000004 -18.079566666666672 90.00017333333335
endloop
endfacet
facet normal 0 0 1
outer loop
vertex 11.094360000000002 -18.54920666666667 90.00017333333335
vertex 13.348160000000004 -18.079566666666672 90.00017333333335
vertex 9.66380666666667 -18.079566666666672 90.00017333333335
endloop
endfacet
facet normal 0 0 0.9999999999999999
outer loop
vertex -12.114273333333337 -18.93939333333334 90.00017333333335
vertex -10.983440000000003 -19.617106666666672 90.00017333333335
vertex -5.9507400000000015 -19.617106666666672 90.00017333333335
endloop
endfacet
facet normal 0 0 1
outer loop
vertex -12.114273333333337 -18.93939333333334 90.00017333333335
vertex -5.9507400000000015 -19.617106666666672 90.00017333333335
vertex -7.845033333333335 -18.93939333333334 90.00017333333335
endloop
endfacet
facet normal 0 0 0.9999999999999999
outer loop
vertex 7.845033333333335 -18.93939333333334 90.00017333333335
vertex 5.9507400000000015 -19.617106666666672 90.00017333333335
vertex 10.983440000000003 -19.617106666666672 90.00017333333335
endloop
endfacet
facet normal 0 0 1
outer loop
vertex 7.845033333333335 -18.93939333333334 90.00017333333335
vertex 10.983440000000003 -19.617106666666672 90.00017333333335
vertex 12.114273333333337 -18.93939333333334 90.00017333333335
endloop
endfacet
facet normal 0 0 1
outer loop
vertex -8.318213333333336 -19.85782666666667 90.00017333333335
vertex -10.983440000000003 -19.617106666666672 90.00017333333335
vertex -10.606233333333336 -19.84327333333334 90.00017333333335
endloop
endfacet
facet normal 0 0 0.9999999999999999
outer loop
vertex -8.318213333333336 -19.85782666666667 90.00017333333335
vertex -10.606233333333336 -19.84327333333334 90.00017333333335
vertex -10.050453333333335 -20.106020000000004 90.00017333333335
endloop
endfacet
facet normal 0 0 1
outer loop
vertex -8.318213333333336 -19.85782666666667 90.00017333333335
vertex -10.050453333333335 -20.106020000000004 90.00017333333335
vertex -3.9994133333333344 -20.106020000000004 90.00017333333335
endloop
endfacet
facet normal 0 0 1
outer loop
vertex -8.318213333333336 -19.85782666666667 90.00017333333335
vertex -3.9994133333333344 -20.106020000000004 90.00017333333335
vertex -5.9507400000000015 -19.617106666666672 90.00017333333335
endloop
endfacet
facet normal 0 0 1
outer loop
vertex -8.318213333333336 -19.85782666666667 90.00017333333335
vertex -5.9507400000000015 -19.617106666666672 90.00017333333335
vertex -10.983440000000003 -19.617106666666672 90.00017333333335
endloop
endfacet
facet normal 0 0 1
outer loop
vertex 8.318213333333336 -19.85782666666667 90.00017333333335
vertex 5.9507400000000015 -19.617106666666672 90.00017333333335
vertex 3.9994133333333344 -20.106020000000004 90.00017333333335
endloop
endfacet
facet normal 0 0 1
outer loop
vertex 8.318213333333336 -19.85782666666667 90.00017333333335
vertex 3.9994133333333344 -20.106020000000004 90.00017333333335
vertex 10.050453333333335 -20.106020000000004 90.00017333333335
endloop
endfacet
facet normal 0 0 0.9999999999999999
outer loop
vertex 8.318213333333336 -19.85782666666667 90.00017333333335
vertex 10.050453333333335 -20.106020000000004 90.00017333333335
vertex 10.606233333333336 -19.84327333333334 90.00017333333335
endloop
endfacet
facet normal 0 0 1
outer loop
vertex 8.318213333333336 -19.85782666666667 90.00017333333335
vertex 10.606233333333336 -19.84327333333334 90.00017333333335
vertex 10.983440000000003 -19.617106666666672 90.00017333333335
endloop
endfacet
facet normal 0 0 1
outer loop
vertex 8.318213333333336 -19.85782666666667 90.00017333333335
vertex 10.983440000000003 -19.617106666666672 90.00017333333335
vertex 5.9507400000000015 -19.617106666666672 90.00017333333335
endloop
endfacet
facet normal 0 0 1
outer loop
vertex -10.050453333333335 -20.106020000000004 90.00017333333335
vertex -9.42662666666667 -20.401413333333338 90.00017333333335
vertex -2.0095400000000003 -20.401413333333338 90.00017333333335
endloop
endfacet
facet normal 0 0 1
outer loop
vertex -10.050453333333335 -20.106020000000004 90.00017333333335
vertex -2.0095400000000003 -20.401413333333338 90.00017333333335
vertex -3.9994133333333344 -20.106020000000004 90.00017333333335
endloop
endfacet
facet normal 0 0 1
outer loop
vertex 3.9994133333333344 -20.106020000000004 90.00017333333335
vertex 2.0095400000000003 -20.401413333333338 90.00017333333335
vertex 9.42662666666667 -20.401413333333338 90.00017333333335
endloop
endfacet
facet normal 0 0 1
outer loop
vertex 3.9994133333333344 -20.106020000000004 90.00017333333335
vertex 9.42662666666667 -20.401413333333338 90.00017333333335
vertex 10.050453333333335 -20.106020000000004 90.00017333333335
endloop
endfacet
facet normal 0 0 1
outer loop
vertex -9.42662666666667 -20.401413333333338 90.00017333333335
vertex -9.21776666666667 -20.500140000000005 90.00017333333335
vertex 0 -20.500140000000005 90.00017333333335
endloop
endfacet
facet normal 0 0 0.9999999999999999
outer loop
vertex -9.42662666666667 -20.401413333333338 90.00017333333335
vertex 0 -20.500140000000005 90.00017333333335
vertex -2.0095400000000003 -20.401413333333338 90.00017333333335
endloop
endfacet
facet normal 0 0 1
outer loop
vertex 2.0095400000000003 -20.401413333333338 90.00017333333335
vertex 0 -20.500140000000005 90.00017333333335
vertex 9.21776666666667 -20.500140000000005 90.00017333333335
endloop
endfacet
facet normal 0 0 0.9999999999999999
outer loop
vertex 2.0095400000000003 -20.401413333333338 90.00017333333335
vertex 9.21776666666667 -20.500140000000005 90.00017333333335
vertex 9.42662666666667 -20.401413333333338 90.00017333333335
endloop
endfacet
facet normal 0 0 1
outer loop
vertex 0 -21.463020000000004 90.00017333333335
vertex 0 -20.500140000000005 90.00017333333335
vertex -9.21776666666667 -20.500140000000005 90.00017333333335
endloop
endfacet
facet normal 0 0 1
outer loop
vertex 0 -21.463020000000004 90.00017333333335
vertex -9.21776666666667 -20.500140000000005 90.00017333333335
vertex -8.610460000000002 -20.78727333333334 90.00017333333335
endloop
endfacet
facet normal 0 0 1
outer loop
vertex 0 -21.463020000000004 90.00017333333335
vertex -8.610460000000002 -20.78727333333334 90.00017333333335
vertex -6.531300000000002 -21.53106666666667 90.00017333333335
endloop
endfacet
facet normal 0 0 1
outer loop
vertex 0 -21.463020000000004 90.00017333333335
vertex -6.531300000000002 -21.53106666666667 90.00017333333335
vertex -4.389600000000001 -22.06757333333334 90.00017333333335
endloop
endfacet
facet normal 0 0 1
outer loop
vertex 0 -21.463020000000004 90.00017333333335
vertex -4.389600000000001 -22.06757333333334 90.00017333333335
vertex -2.2054200000000006 -22.391680000000004 90.00017333333335
endloop
endfacet
facet normal 0 0 0.9999999999999999
outer loop
vertex 0 -21.463020000000004 90.00017333333335
vertex -2.2054200000000006 -22.391680000000004 90.00017333333335
vertex 0 -22.499846666666674 90.00017333333335
endloop
endfacet
facet normal 0 0 0.9999999999999999
outer loop
vertex 0 -21.463020000000004 90.00017333333335
vertex 0 -22.499846666666674 90.00017333333335
vertex 2.2054200000000006 -22.391680000000004 90.00017333333335
endloop
endfacet
facet normal 0 0 1
outer loop
vertex 0 -21.463020000000004 90.00017333333335
vertex 2.2054200000000006 -22.391680000000004 90.00017333333335
vertex 4.389600000000001 -22.06757333333334 90.00017333333335
endloop
endfacet
facet normal 0 0 1
outer loop
vertex 0 -21.463020000000004 90.00017333333335
vertex 4.389600000000001 -22.06757333333334 90.00017333333335
vertex 6.531300000000002 -21.53106666666667 90.00017333333335
endloop
endfacet
facet normal 0 0 1
outer loop
vertex 0 -21.463020000000004 90.00017333333335
vertex 6.531300000000002 -21.53106666666667 90.00017333333335
vertex 8.610460000000002 -20.78727333333334 90.00017333333335
endloop
endfacet
facet normal 0 0 1
outer loop
vertex 0 -21.463020000000004 90.00017333333335
vertex 8.610460000000002 -20.78727333333334 90.00017333333335
vertex 9.21776666666667 -20.500140000000005 90.00017333333335
endloop
endfacet
facet normal 0 0 1
outer loop
vertex 0 -21.463020000000004 90.00017333333335
vertex 9.21776666666667 -20.500140000000005 90.00017333333335
vertex 0 -20.500140000000005 90.00017333333335
endloop
endfacet
facet normal 0 0 -0.9999999999999999
outer loop
vertex 0 22.19501333333334 64.99990666666667
vertex 0 23.24993333333334 64.99990666666667
vertex 2.278973333333334 23.13822666666667 64.99990666666667
endloop
endfacet
facet normal 0 0 -1
outer loop
vertex 0 22.19501333333334 64.99990666666667
vertex 2.278973333333334 23.13822666666667 64.99990666666667
vertex 4.535920000000001 22.80310666666667 64.99990666666667
endloop
endfacet
facet normal 0 0 -1
outer loop
vertex 0 22.19501333333334 64.99990666666667
vertex 4.535920000000001 22.80310666666667 64.99990666666667
vertex 6.749206666666669 22.248900000000006 64.99990666666667
endloop
endfacet
facet normal 0 0 -1
outer loop
vertex 0 22.19501333333334 64.99990666666667
vertex 6.749206666666669 22.248900000000006 64.99990666666667
vertex 8.897200000000002 21.48032666666667 64.99990666666667
endloop
endfacet
facet normal 0 0 -1
outer loop
vertex 0 22.19501333333334 64.99990666666667
vertex 8.897200000000002 21.48032666666667 64.99990666666667
vertex 9.38414666666667 21.24983333333334 64.99990666666667
endloop
endfacet
facet normal 0 0 -1
outer loop
vertex 0 22.19501333333334 64.99990666666667
vertex 9.38414666666667 21.24983333333334 64.99990666666667
vertex 0 21.24983333333334 64.99990666666667
endloop
endfacet
facet normal 0 0 -1
outer loop
vertex 0 22.19501333333334 64.99990666666667
vertex 0 21.24983333333334 64.99990666666667
vertex -9.38414666666667 21.24983333333334 64.99990666666667
endloop
endfacet
facet normal 0 0 -1
outer loop
vertex 0 22.19501333333334 64.99990666666667
vertex -9.38414666666667 21.24983333333334 64.99990666666667
vertex -8.897200000000002 21.48032666666667 64.99990666666667
endloop
endfacet
facet normal 0 0 -1
outer loop
vertex 0 22.19501333333334 64.99990666666667
vertex -8.897200000000002 21.48032666666667 64.99990666666667
vertex -6.749206666666669 22.248900000000006 64.99990666666667
endloop
endfacet
facet normal 0 0 -1
outer loop
vertex 0 22.19501333333334 64.99990666666667
vertex -6.749206666666669 22.248900000000006 64.99990666666667
vertex -4.535920000000001 22.80310666666667 64.99990666666667
endloop
endfacet
facet normal 0 0 -1
outer loop
vertex 0 22.19501333333334 64.99990666666667
vertex -4.535920000000001 22.80310666666667 64.99990666666667
vertex -2.278973333333334 23.13822666666667 64.99990666666667
endloop
endfacet
facet normal 0 0 -0.9999999999999999
outer loop
vertex 0 22.19501333333334 64.99990666666667
vertex -2.278973333333334 23.13822666666667 64.99990666666667
vertex 0 23.24993333333334 64.99990666666667
endloop
endfacet
facet normal 0 0 -1
outer loop
vertex 9.38414666666667 21.24983333333334 64.99990666666667
vertex 9.600480000000003 21.147566666666673 64.99990666666667
vertex 2.0827000000000004 21.147566666666673 64.99990666666667
endloop
endfacet
facet normal 0 0 -0.9999999999999999
outer loop
vertex 9.38414666666667 21.24983333333334 64.99990666666667
vertex 2.0827000000000004 21.147566666666673 64.99990666666667
vertex 0 21.24983333333334 64.99990666666667
endloop
endfacet
facet normal 0 0 -1
outer loop
vertex 0 21.24983333333334 64.99990666666667
vertex -2.0827000000000004 21.147566666666673 64.99990666666667
vertex -9.600480000000003 21.147566666666673 64.99990666666667
endloop
endfacet
facet normal 0 0 -0.9999999999999999
outer loop
vertex 0 21.24983333333334 64.99990666666667
vertex -9.600480000000003 21.147566666666673 64.99990666666667
vertex -9.38414666666667 21.24983333333334 64.99990666666667
endloop
endfacet
facet normal 0 0 -0.9999999999999999
outer loop
vertex 9.600480000000003 21.147566666666673 64.99990666666667
vertex 10.247513333333336 20.841553333333337 64.99990666666667
vertex 4.145733333333334 20.841553333333337 64.99990666666667
endloop
endfacet
facet normal 0 0 -1
outer loop
vertex 9.600480000000003 21.147566666666673 64.99990666666667
vertex 4.145733333333334 20.841553333333337 64.99990666666667
vertex 2.0827000000000004 21.147566666666673 64.99990666666667
endloop
endfacet
facet normal 0 0 -1
outer loop
vertex -2.0827000000000004 21.147566666666673 64.99990666666667
vertex -4.145733333333334 20.841553333333337 64.99990666666667
vertex -10.247513333333336 20.841553333333337 64.99990666666667
endloop
endfacet
facet normal 0 0 -1
outer loop
vertex -2.0827000000000004 21.147566666666673 64.99990666666667
vertex -10.247513333333336 20.841553333333337 64.99990666666667
vertex -9.600480000000003 21.147566666666673 64.99990666666667
endloop
endfacet
facet normal 0 0 -1
outer loop
vertex 8.553033333333335 20.57172666666667 64.99990666666667
vertex 10.247513333333336 20.841553333333337 64.99990666666667
vertex 10.959840000000003 20.504860000000004 64.99990666666667
endloop
endfacet
facet normal 0 0 -1
outer loop
vertex 8.553033333333335 20.57172666666667 64.99990666666667
vertex 10.959840000000003 20.504860000000004 64.99990666666667
vertex 11.243040000000002 20.334940000000003 64.99990666666667
endloop
endfacet
facet normal 0 0 -1
outer loop
vertex 8.553033333333335 20.57172666666667 64.99990666666667
vertex 11.243040000000002 20.334940000000003 64.99990666666667
vertex 6.168646666666668 20.334940000000003 64.99990666666667
endloop
endfacet
facet normal 0 0 -1
outer loop
vertex 8.553033333333335 20.57172666666667 64.99990666666667
vertex 6.168646666666668 20.334940000000003 64.99990666666667
vertex 4.145733333333334 20.841553333333337 64.99990666666667
endloop
endfacet
facet normal 0 0 -1
outer loop
vertex 8.553033333333335 20.57172666666667 64.99990666666667
vertex 4.145733333333334 20.841553333333337 64.99990666666667
vertex 10.247513333333336 20.841553333333337 64.99990666666667
endloop
endfacet
facet normal 0 0 -1
outer loop
vertex -8.553033333333335 20.57172666666667 64.99990666666667
vertex -4.145733333333334 20.841553333333337 64.99990666666667
vertex -6.168646666666668 20.334940000000003 64.99990666666667
endloop
endfacet
facet normal 0 0 -1
outer loop
vertex -8.553033333333335 20.57172666666667 64.99990666666667
vertex -6.168646666666668 20.334940000000003 64.99990666666667
vertex -11.243040000000002 20.334940000000003 64.99990666666667
endloop
endfacet
facet normal 0 0 -1
outer loop
vertex -8.553033333333335 20.57172666666667 64.99990666666667
vertex -11.243040000000002 20.334940000000003 64.99990666666667
vertex -10.959840000000003 20.504860000000004 64.99990666666667
endloop
endfacet
facet normal 0 0 -1
outer loop
vertex -8.553033333333335 20.57172666666667 64.99990666666667
vertex -10.959840000000003 20.504860000000004 64.99990666666667
vertex -10.247513333333336 20.841553333333337 64.99990666666667
endloop
endfacet
facet normal 0 0 -1
outer loop
vertex -8.553033333333335 20.57172666666667 64.99990666666667
vertex -10.247513333333336 20.841553333333337 64.99990666666667
vertex -4.145733333333334 20.841553333333337 64.99990666666667
endloop
endfacet
facet normal 0 0 -0.9999999999999999
outer loop
vertex 11.243040000000002 20.334940000000003 64.99990666666667
vertex 12.415173333333335 19.63244666666667 64.99990666666667
vertex 8.132166666666668 19.63244666666667 64.99990666666667
endloop
endfacet
facet normal 0 0 -1
outer loop
vertex 11.243040000000002 20.334940000000003 64.99990666666667
vertex 8.132166666666668 19.63244666666667 64.99990666666667
vertex 6.168646666666668 20.334940000000003 64.99990666666667
endloop
endfacet
facet normal 0 0 -1
outer loop
vertex -6.168646666666668 20.334940000000003 64.99990666666667
vertex -8.132166666666668 19.63244666666667 64.99990666666667
vertex -12.415173333333335 19.63244666666667 64.99990666666667
endloop
endfacet
facet normal 0 0 -1
outer loop
vertex -6.168646666666668 20.334940000000003 64.99990666666667
vertex -12.415173333333335 19.63244666666667 64.99990666666667
vertex -11.243040000000002 20.334940000000003 64.99990666666667
endloop
endfacet
facet normal 0 0 -1
outer loop
vertex 11.438920000000003 19.215513333333337 64.99990666666667
vertex 12.415173333333335 19.63244666666667 64.99990666666667
vertex 12.91706666666667 19.33154666666667 64.99990666666667
endloop
endfacet
facet normal 0 0 -1
outer loop
vertex 11.438920000000003 19.215513333333337 64.99990666666667
vertex 12.91706666666667 19.33154666666667 64.99990666666667
vertex 13.71356666666667 18.740760000000005 64.99990666666667
endloop
endfacet
facet normal 0 0 -1
outer loop
vertex 11.438920000000003 19.215513333333337 64.99990666666667
vertex 13.71356666666667 18.740760000000005 64.99990666666667
vertex 10.017020000000002 18.740760000000005 64.99990666666667
endloop
endfacet
facet normal 0 0 -1
outer loop
vertex 11.438920000000003 19.215513333333337 64.99990666666667
vertex 10.017020000000002 18.740760000000005 64.99990666666667
vertex 8.132166666666668 19.63244666666667 64.99990666666667
endloop
endfacet
facet normal 0 0 -1
outer loop
vertex 11.438920000000003 19.215513333333337 64.99990666666667
vertex 8.132166666666668 19.63244666666667 64.99990666666667
vertex 12.415173333333335 19.63244666666667 64.99990666666667
endloop
endfacet
facet normal 0 0 -1
outer loop
vertex -11.438920000000003 19.215513333333337 64.99990666666667
vertex -8.132166666666668 19.63244666666667 64.99990666666667
vertex -10.017020000000002 18.740760000000005 64.99990666666667
endloop
endfacet
facet normal 0 0 -1
outer loop
vertex -11.438920000000003 19.215513333333337 64.99990666666667
vertex -10.017020000000002 18.740760000000005 64.99990666666667
vertex -13.71356666666667 18.740760000000005 64.99990666666667
endloop
endfacet
facet normal 0 0 -1
outer loop
vertex -11.438920000000003 19.215513333333337 64.99990666666667
vertex -13.71356666666667 18.740760000000005 64.99990666666667
vertex -12.91706666666667 19.33154666666667 64.99990666666667
endloop
endfacet
facet normal 0 0 -1
outer loop
vertex -11.438920000000003 19.215513333333337 64.99990666666667
vertex -12.91706666666667 19.33154666666667 64.99990666666667
vertex -12.415173333333335 19.63244666666667 64.99990666666667
endloop
endfacet
facet normal 0 0 -1
outer loop
vertex -11.438920000000003 19.215513333333337 64.99990666666667
vertex -12.415173333333335 19.63244666666667 64.99990666666667
vertex -8.132166666666668 19.63244666666667 64.99990666666667
endloop
endfacet
facet normal 0 0 -1
outer loop
vertex 13.07400666666667 18.15823333333334 64.99990666666667
vertex 13.71356666666667 18.740760000000005 64.99990666666667
vertex 14.74960666666667 17.972580000000004 64.99990666666667
endloop
endfacet
facet normal 0 0 -1
outer loop
vertex 13.07400666666667 18.15823333333334 64.99990666666667
vertex 14.74960666666667 17.972580000000004 64.99990666666667
vertex 15.08472666666667 17.668533333333336 64.99990666666667
endloop
endfacet
facet normal 0 0 -1
outer loop
vertex 13.07400666666667 18.15823333333334 64.99990666666667
vertex 15.08472666666667 17.668533333333336 64.99990666666667
vertex 11.805900000000003 17.668533333333336 64.99990666666667
endloop
endfacet
facet normal 0 0 -1
outer loop
vertex 13.07400666666667 18.15823333333334 64.99990666666667
vertex 11.805900000000003 17.668533333333336 64.99990666666667
vertex 10.017020000000002 18.740760000000005 64.99990666666667
endloop
endfacet
facet normal 0 0 -1
outer loop
vertex 13.07400666666667 18.15823333333334 64.99990666666667
vertex 10.017020000000002 18.740760000000005 64.99990666666667
vertex 13.71356666666667 18.740760000000005 64.99990666666667
endloop
endfacet
facet normal 0 0 -1
outer loop
vertex -13.07400666666667 18.15823333333334 64.99990666666667
vertex -10.017020000000002 18.740760000000005 64.99990666666667
vertex -11.805900000000003 17.668533333333336 64.99990666666667
endloop
endfacet
facet normal 0 0 -1
outer loop
vertex -13.07400666666667 18.15823333333334 64.99990666666667
vertex -11.805900000000003 17.668533333333336 64.99990666666667
vertex -15.08472666666667 17.668533333333336 64.99990666666667
endloop
endfacet
facet normal 0 0 -1
outer loop
vertex -13.07400666666667 18.15823333333334 64.99990666666667
vertex -15.08472666666667 17.668533333333336 64.99990666666667
vertex -14.74960666666667 17.972580000000004 64.99990666666667
endloop
endfacet
facet normal 0 0 -1
outer loop
vertex -13.07400666666667 18.15823333333334 64.99990666666667
vertex -14.74960666666667 17.972580000000004 64.99990666666667
vertex -13.71356666666667 18.740760000000005 64.99990666666667
endloop
endfacet
facet normal 0 0 -1
outer loop
vertex -13.07400666666667 18.15823333333334 64.99990666666667
vertex -13.71356666666667 18.740760000000005 64.99990666666667
vertex -10.017020000000002 18.740760000000005 64.99990666666667
endloop
endfacet
facet normal 0 0 -1
outer loop
vertex 14.65284666666667 16.925920000000005 64.99990666666667
vertex 15.08472666666667 17.668533333333336 64.99990666666667
vertex 16.44015333333334 16.44015333333334 64.99990666666667
endloop
endfacet
facet normal 0 0 -1
outer loop
vertex 14.65284666666667 16.925920000000005 64.99990666666667
vertex 16.44015333333334 16.44015333333334 64.99990666666667
vertex 16.452740000000002 16.42638666666667 64.99990666666667
endloop
endfacet
facet normal 0 0 -1
outer loop
vertex 14.65284666666667 16.925920000000005 64.99990666666667
vertex 16.452740000000002 16.42638666666667 64.99990666666667
vertex 13.480713333333336 16.42638666666667 64.99990666666667
endloop
endfacet
facet normal 0 0 -1
outer loop
vertex 14.65284666666667 16.925920000000005 64.99990666666667
vertex 13.480713333333336 16.42638666666667 64.99990666666667
vertex 11.805900000000003 17.668533333333336 64.99990666666667
endloop
endfacet
facet normal 0 0 -1
outer loop
vertex 14.65284666666667 16.925920000000005 64.99990666666667
vertex 11.805900000000003 17.668533333333336 64.99990666666667
vertex 15.08472666666667 17.668533333333336 64.99990666666667
endloop
endfacet
facet normal 0 0 -1
outer loop
vertex -14.65284666666667 16.925920000000005 64.99990666666667
vertex -11.805900000000003 17.668533333333336 64.99990666666667
vertex -13.480713333333336 16.42638666666667 64.99990666666667
endloop
endfacet
facet normal 0 0 -1
outer loop
vertex -14.65284666666667 16.925920000000005 64.99990666666667
vertex -13.480713333333336 16.42638666666667 64.99990666666667
vertex -16.452740000000002 16.42638666666667 64.99990666666667
endloop
endfacet
facet normal 0 0 -1
outer loop
vertex -14.65284666666667 16.925920000000005 64.99990666666667
vertex -16.452740000000002 16.42638666666667 64.99990666666667
vertex -16.44015333333334 16.44015333333334 64.99990666666667
endloop
endfacet
facet normal 0 0 -1
outer loop
vertex -14.65284666666667 16.925920000000005 64.99990666666667
vertex -16.44015333333334 16.44015333333334 64.99990666666667
vertex -15.08472666666667 17.668533333333336 64.99990666666667
endloop
endfacet
facet normal 0 0 -1
outer loop
vertex -14.65284666666667 16.925920000000005 64.99990666666667
vertex -15.08472666666667 17.668533333333336 64.99990666666667
vertex -11.805900000000003 17.668533333333336 64.99990666666667
endloop
endfacet
facet normal 0 0 -1
outer loop
vertex 16.452740000000002 16.42638666666667 64.99990666666667
vertex 17.72202666666667 15.026120000000004 64.99990666666667
vertex 15.026120000000004 15.026120000000004 64.99990666666667
endloop
endfacet
facet normal 0 0 -1
outer loop
vertex 16.452740000000002 16.42638666666667 64.99990666666667
vertex 15.026120000000004 15.026120000000004 64.99990666666667
vertex 13.480713333333336 16.42638666666667 64.99990666666667
endloop
endfacet
facet normal 0 0 -1
outer loop
vertex -13.480713333333336 16.42638666666667 64.99990666666667
vertex -15.026120000000004 15.026120000000004 64.99990666666667
vertex -17.72202666666667 15.026120000000004 64.99990666666667
endloop
endfacet
facet normal 0 0 -1
outer loop
vertex -13.480713333333336 16.42638666666667 64.99990666666667
vertex -17.72202666666667 15.026120000000004 64.99990666666667
vertex -16.452740000000002 16.42638666666667 64.99990666666667
endloop
endfacet
facet normal 0 0 -1
outer loop
vertex 17.21226666666667 14.352733333333337 64.99990666666667
vertex 17.72202666666667 15.026120000000004 64.99990666666667
vertex 17.972580000000004 14.74960666666667 64.99990666666667
endloop
endfacet
facet normal 0 0 -0.9999999999999999
outer loop
vertex 17.21226666666667 14.352733333333337 64.99990666666667
vertex 17.972580000000004 14.74960666666667 64.99990666666667
vertex 18.913433333333337 13.480713333333336 64.99990666666667
endloop
endfacet
facet normal 0 0 -1
outer loop
vertex 17.21226666666667 14.352733333333337 64.99990666666667
vertex 18.913433333333337 13.480713333333336 64.99990666666667
vertex 16.42638666666667 13.480713333333336 64.99990666666667
endloop
endfacet
facet normal 0 0 -1
outer loop
vertex 17.21226666666667 14.352733333333337 64.99990666666667
vertex 16.42638666666667 13.480713333333336 64.99990666666667
vertex 15.026120000000004 15.026120000000004 64.99990666666667
endloop
endfacet
facet normal 0 0 -1
outer loop
vertex 17.21226666666667 14.352733333333337 64.99990666666667
vertex 15.026120000000004 15.026120000000004 64.99990666666667
vertex 17.72202666666667 15.026120000000004 64.99990666666667
endloop
endfacet
facet normal 0 0 -1
outer loop
vertex -17.21226666666667 14.352733333333337 64.99990666666667
vertex -15.026120000000004 15.026120000000004 64.99990666666667
vertex -16.42638666666667 13.480713333333336 64.99990666666667
endloop
endfacet
facet normal 0 0 -1
outer loop
vertex -17.21226666666667 14.352733333333337 64.99990666666667
vertex -16.42638666666667 13.480713333333336 64.99990666666667
vertex -18.913433333333337 13.480713333333336 64.99990666666667
endloop
endfacet
facet normal 0 0 -0.9999999999999999
outer loop
vertex -17.21226666666667 14.352733333333337 64.99990666666667
vertex -18.913433333333337 13.480713333333336 64.99990666666667
vertex -17.972580000000004 14.74960666666667 64.99990666666667
endloop
endfacet
facet normal 0 0 -1
outer loop
vertex -17.21226666666667 14.352733333333337 64.99990666666667
vertex -17.972580000000004 14.74960666666667 64.99990666666667
vertex -17.72202666666667 15.026120000000004 64.99990666666667
endloop
endfacet
facet normal 0 0 -1
outer loop
vertex -17.21226666666667 14.352733333333337 64.99990666666667
vertex -17.72202666666667 15.026120000000004 64.99990666666667
vertex -15.026120000000004 15.026120000000004 64.99990666666667
endloop
endfacet
facet normal 0 0 -1
outer loop
vertex 18.467393333333337 12.697980000000003 64.99990666666667
vertex 18.913433333333337 13.480713333333336 64.99990666666667
vertex 19.33154666666667 12.91706666666667 64.99990666666667
endloop
endfacet
facet normal 0 0 -1
outer loop
vertex 18.467393333333337 12.697980000000003 64.99990666666667
vertex 19.33154666666667 12.91706666666667 64.99990666666667
vertex 19.99785333333334 11.805900000000003 64.99990666666667
endloop
endfacet
facet normal 0 0 -1
outer loop
vertex 18.467393333333337 12.697980000000003 64.99990666666667
vertex 19.99785333333334 11.805900000000003 64.99990666666667
vertex 17.668533333333336 11.805900000000003 64.99990666666667
endloop
endfacet
facet normal 0 0 -1
outer loop
vertex 18.467393333333337 12.697980000000003 64.99990666666667
vertex 17.668533333333336 11.805900000000003 64.99990666666667
vertex 16.42638666666667 13.480713333333336 64.99990666666667
endloop
endfacet
facet normal 0 0 -1
outer loop
vertex 18.467393333333337 12.697980000000003 64.99990666666667
vertex 16.42638666666667 13.480713333333336 64.99990666666667
vertex 18.913433333333337 13.480713333333336 64.99990666666667
endloop
endfacet
facet normal 0 0 -1
outer loop
vertex -18.467393333333337 12.697980000000003 64.99990666666667
vertex -16.42638666666667 13.480713333333336 64.99990666666667
vertex -17.668533333333336 11.805900000000003 64.99990666666667
endloop
endfacet
facet normal 0 0 -1
outer loop
vertex -18.467393333333337 12.697980000000003 64.99990666666667
vertex -17.668533333333336 11.805900000000003 64.99990666666667
vertex -19.99785333333334 11.805900000000003 64.99990666666667
endloop
endfacet
facet normal 0 0 -1
outer loop
vertex -18.467393333333337 12.697980000000003 64.99990666666667
vertex -19.99785333333334 11.805900000000003 64.99990666666667
vertex -19.33154666666667 12.91706666666667 64.99990666666667
endloop
endfacet
facet normal 0 0 -1
outer loop
vertex -18.467393333333337 12.697980000000003 64.99990666666667
vertex -19.33154666666667 12.91706666666667 64.99990666666667
vertex -18.913433333333337 13.480713333333336 64.99990666666667
endloop
endfacet
facet normal 0 0 -1
outer loop
vertex -18.467393333333337 12.697980000000003 64.99990666666667
vertex -18.913433333333337 13.480713333333336 64.99990666666667
vertex -16.42638666666667 13.480713333333336 64.99990666666667
endloop
endfacet
facet normal 0 0 -1
outer loop
vertex 19.572660000000006 10.921293333333336 64.99990666666667
vertex 19.99785333333334 11.805900000000003 64.99990666666667
vertex 20.504860000000004 10.959840000000003 64.99990666666667
endloop
endfacet
facet normal 0 0 -1
outer loop
vertex 19.572660000000006 10.921293333333336 64.99990666666667
vertex 20.504860000000004 10.959840000000003 64.99990666666667
vertex 20.950506666666673 10.017020000000002 64.99990666666667
endloop
endfacet
facet normal 0 0 -1
outer loop
vertex 19.572660000000006 10.921293333333336 64.99990666666667
vertex 20.950506666666673 10.017020000000002 64.99990666666667
vertex 18.740760000000005 10.017020000000002 64.99990666666667
endloop
endfacet
facet normal 0 0 -1
outer loop
vertex 19.572660000000006 10.921293333333336 64.99990666666667
vertex 18.740760000000005 10.017020000000002 64.99990666666667
vertex 17.668533333333336 11.805900000000003 64.99990666666667
endloop
endfacet
facet normal 0 0 -1
outer loop
vertex 19.572660000000006 10.921293333333336 64.99990666666667
vertex 17.668533333333336 11.805900000000003 64.99990666666667
vertex 19.99785333333334 11.805900000000003 64.99990666666667
endloop
endfacet
facet normal 0 0 -1
outer loop
vertex -19.572660000000006 10.921293333333336 64.99990666666667
vertex -17.668533333333336 11.805900000000003 64.99990666666667
vertex -18.740760000000005 10.017020000000002 64.99990666666667
endloop
endfacet
facet normal 0 0 -1
outer loop
vertex -19.572660000000006 10.921293333333336 64.99990666666667
vertex -18.740760000000005 10.017020000000002 64.99990666666667
vertex -20.950506666666673 10.017020000000002 64.99990666666667
endloop
endfacet
facet normal 0 0 -1
outer loop
vertex -19.572660000000006 10.921293333333336 64.99990666666667
vertex -20.950506666666673 10.017020000000002 64.99990666666667
vertex -20.504860000000004 10.959840000000003 64.99990666666667
endloop
endfacet
facet normal 0 0 -1
outer loop
vertex -19.572660000000006 10.921293333333336 64.99990666666667
vertex -20.504860000000004 10.959840000000003 64.99990666666667
vertex -19.99785333333334 11.805900000000003 64.99990666666667
endloop
endfacet
facet normal 0 0 -1
outer loop
vertex -19.572660000000006 10.921293333333336 64.99990666666667
vertex -19.99785333333334 11.805900000000003 64.99990666666667
vertex -17.668533333333336 11.805900000000003 64.99990666666667
endloop
endfacet
facet normal 0 0 -1
outer loop
vertex 20.51154666666667 9.039193333333335 64.99990666666667
vertex 20.950506666666673 10.017020000000002 64.99990666666667
vertex 21.48032666666667 8.897200000000002 64.99990666666667
endloop
endfacet
facet normal 0 0 -1
outer loop
vertex 20.51154666666667 9.039193333333335 64.99990666666667
vertex 21.48032666666667 8.897200000000002 64.99990666666667
vertex 21.754086666666673 8.132166666666668 64.99990666666667
endloop
endfacet
facet normal 0 0 -1
outer loop
vertex 20.51154666666667 9.039193333333335 64.99990666666667
vertex 21.754086666666673 8.132166666666668 64.99990666666667
vertex 19.63244666666667 8.132166666666668 64.99990666666667
endloop
endfacet
facet normal 0 0 -0.9999999999999999
outer loop
vertex 20.51154666666667 9.039193333333335 64.99990666666667
vertex 19.63244666666667 8.132166666666668 64.99990666666667
vertex 18.740760000000005 10.017020000000002 64.99990666666667
endloop
endfacet
facet normal 0 0 -1
outer loop
vertex 20.51154666666667 9.039193333333335 64.99990666666667
vertex 18.740760000000005 10.017020000000002 64.99990666666667
vertex 20.950506666666673 10.017020000000002 64.99990666666667
endloop
endfacet
facet normal 0 0 -0.9999999999999999
outer loop
vertex -20.51154666666667 9.039193333333335 64.99990666666667
vertex -18.740760000000005 10.017020000000002 64.99990666666667
vertex -19.63244666666667 8.132166666666668 64.99990666666667
endloop
endfacet
facet normal 0 0 -1
outer loop
vertex -20.51154666666667 9.039193333333335 64.99990666666667
vertex -19.63244666666667 8.132166666666668 64.99990666666667
vertex -21.754086666666673 8.132166666666668 64.99990666666667
endloop
endfacet
facet normal 0 0 -1
outer loop
vertex -20.51154666666667 9.039193333333335 64.99990666666667
vertex -21.754086666666673 8.132166666666668 64.99990666666667
vertex -21.48032666666667 8.897200000000002 64.99990666666667
endloop
endfacet
facet normal 0 0 -1
outer loop
vertex -20.51154666666667 9.039193333333335 64.99990666666667
vertex -21.48032666666667 8.897200000000002 64.99990666666667
vertex -20.950506666666673 10.017020000000002 64.99990666666667
endloop
endfacet
facet normal 0 0 -1
outer loop
vertex -20.51154666666667 9.039193333333335 64.99990666666667
vertex -20.950506666666673 10.017020000000002 64.99990666666667
vertex -18.740760000000005 10.017020000000002 64.99990666666667
endloop
endfacet
facet normal 0 0 -1
outer loop
vertex 21.273040000000005 7.070166666666668 64.99990666666667
vertex 21.754086666666673 8.132166666666668 64.99990666666667
vertex 22.248900000000006 6.749206666666669 64.99990666666667
endloop
endfacet
facet normal 0 0 -1
outer loop
vertex 21.273040000000005 7.070166666666668 64.99990666666667
vertex 22.248900000000006 6.749206666666669 64.99990666666667
vertex 22.39443333333334 6.168646666666668 64.99990666666667
endloop
endfacet
facet normal 0 0 -1
outer loop
vertex 21.273040000000005 7.070166666666668 64.99990666666667
vertex 22.39443333333334 6.168646666666668 64.99990666666667
vertex 20.334940000000003 6.168646666666668 64.99990666666667
endloop
endfacet
facet normal 0 0 -1
outer loop
vertex 21.273040000000005 7.070166666666668 64.99990666666667
vertex 20.334940000000003 6.168646666666668 64.99990666666667
vertex 19.63244666666667 8.132166666666668 64.99990666666667
endloop
endfacet
facet normal 0 0 -1
outer loop
vertex 21.273040000000005 7.070166666666668 64.99990666666667
vertex 19.63244666666667 8.132166666666668 64.99990666666667
vertex 21.754086666666673 8.132166666666668 64.99990666666667
endloop
endfacet
facet normal 0 0 -1
outer loop
vertex -21.273040000000005 7.070166666666668 64.99990666666667
vertex -19.63244666666667 8.132166666666668 64.99990666666667
vertex -20.334940000000003 6.168646666666668 64.99990666666667
endloop
endfacet
facet normal 0 0 -1
outer loop
vertex -21.273040000000005 7.070166666666668 64.99990666666667
vertex -20.334940000000003 6.168646666666668 64.99990666666667
vertex -22.39443333333334 6.168646666666668 64.99990666666667
endloop
endfacet
facet normal 0 0 -1
outer loop
vertex -21.273040000000005 7.070166666666668 64.99990666666667
vertex -22.39443333333334 6.168646666666668 64.99990666666667
vertex -22.248900000000006 6.749206666666669 64.99990666666667
endloop
endfacet
facet normal 0 0 -1
outer loop
vertex -21.273040000000005 7.070166666666668 64.99990666666667
vertex -22.248900000000006 6.749206666666669 64.99990666666667
vertex -21.754086666666673 8.132166666666668 64.99990666666667
endloop
endfacet
facet normal 0 0 -1
outer loop
vertex -21.273040000000005 7.070166666666668 64.99990666666667
vertex -21.754086666666673 8.132166666666668 64.99990666666667
vertex -19.63244666666667 8.132166666666668 64.99990666666667
endloop
endfacet
facet normal 0 0 -0.9999999999999999
outer loop
vertex 21.846913333333337 5.033093333333334 64.99990666666667
vertex 22.39443333333334 6.168646666666668 64.99990666666667
vertex 22.80310666666667 4.535920000000001 64.99990666666667
endloop
endfacet
facet normal 0 0 -1
outer loop
vertex 21.846913333333337 5.033093333333334 64.99990666666667
vertex 22.80310666666667 4.535920000000001 64.99990666666667
vertex 22.861320000000006 4.145733333333334 64.99990666666667
endloop
endfacet
facet normal 0 0 -1
outer loop
vertex 21.846913333333337 5.033093333333334 64.99990666666667
vertex 22.861320000000006 4.145733333333334 64.99990666666667
vertex 20.841553333333337 4.145733333333334 64.99990666666667
endloop
endfacet
facet normal 0 0 -1
outer loop
vertex 21.846913333333337 5.033093333333334 64.99990666666667
vertex 20.841553333333337 4.145733333333334 64.99990666666667
vertex 20.334940000000003 6.168646666666668 64.99990666666667
endloop
endfacet
facet normal 0 0 -1
outer loop
vertex 21.846913333333337 5.033093333333334 64.99990666666667
vertex 20.334940000000003 6.168646666666668 64.99990666666667
vertex 22.39443333333334 6.168646666666668 64.99990666666667
endloop
endfacet
facet normal 0 0 -1
outer loop
vertex -21.846913333333337 5.033093333333334 64.99990666666667
vertex -20.334940000000003 6.168646666666668 64.99990666666667
vertex -20.841553333333337 4.145733333333334 64.99990666666667
endloop
endfacet
facet normal 0 0 -1
outer loop
vertex -21.846913333333337 5.033093333333334 64.99990666666667
vertex -20.841553333333337 4.145733333333334 64.99990666666667
vertex -22.861320000000006 4.145733333333334 64.99990666666667
endloop
endfacet
facet normal 0 0 -1
outer loop
vertex -21.846913333333337 5.033093333333334 64.99990666666667
vertex -22.861320000000006 4.145733333333334 64.99990666666667
vertex -22.80310666666667 4.535920000000001 64.99990666666667
endloop
endfacet
facet normal 0 0 -0.9999999999999999
outer loop
vertex -21.846913333333337 5.033093333333334 64.99990666666667
vertex -22.80310666666667 4.535920000000001 64.99990666666667
vertex -22.39443333333334 6.168646666666668 64.99990666666667
endloop
endfacet
facet normal 0 0 -1
outer loop
vertex -21.846913333333337 5.033093333333334 64.99990666666667
vertex -22.39443333333334 6.168646666666668 64.99990666666667
vertex -20.334940000000003 6.168646666666668 64.99990666666667
endloop
endfacet
facet normal 0 0 -1
outer loop
vertex 22.227266666666672 2.9472466666666675 64.99990666666667
vertex 22.861320000000006 4.145733333333334 64.99990666666667
vertex 23.13822666666667 2.278973333333334 64.99990666666667
endloop
endfacet
facet normal 0 0 -1
outer loop
vertex 22.227266666666672 2.9472466666666675 64.99990666666667
vertex 23.13822666666667 2.278973333333334 64.99990666666667
vertex 23.147666666666673 2.0827000000000004 64.99990666666667
endloop
endfacet
facet normal 0 0 -1
outer loop
vertex 22.227266666666672 2.9472466666666675 64.99990666666667
vertex 23.147666666666673 2.0827000000000004 64.99990666666667
vertex 21.147566666666673 2.0827000000000004 64.99990666666667
endloop
endfacet
facet normal 0 0 -1
outer loop
vertex 22.227266666666672 2.9472466666666675 64.99990666666667
vertex 21.147566666666673 2.0827000000000004 64.99990666666667
vertex 20.841553333333337 4.145733333333334 64.99990666666667
endloop
endfacet
facet normal 0 0 -1
outer loop
vertex 22.227266666666672 2.9472466666666675 64.99990666666667
vertex 20.841553333333337 4.145733333333334 64.99990666666667
vertex 22.861320000000006 4.145733333333334 64.99990666666667
endloop
endfacet
facet normal 0 0 -1
outer loop
vertex -22.227266666666672 2.9472466666666675 64.99990666666667
vertex -20.841553333333337 4.145733333333334 64.99990666666667
vertex -21.147566666666673 2.0827000000000004 64.99990666666667
endloop
endfacet
facet normal 0 0 -1
outer loop
vertex -22.227266666666672 2.9472466666666675 64.99990666666667
vertex -21.147566666666673 2.0827000000000004 64.99990666666667
vertex -23.147666666666673 2.0827000000000004 64.99990666666667
endloop
endfacet
facet normal 0 0 -1
outer loop
vertex -22.227266666666672 2.9472466666666675 64.99990666666667
vertex -23.147666666666673 2.0827000000000004 64.99990666666667
vertex -23.13822666666667 2.278973333333334 64.99990666666667
endloop
endfacet
facet normal 0 0 -1
outer loop
vertex -22.227266666666672 2.9472466666666675 64.99990666666667
vertex -23.13822666666667 2.278973333333334 64.99990666666667
vertex -22.861320000000006 4.145733333333334 64.99990666666667
endloop
endfacet
facet normal 0 0 -1
outer loop
vertex -22.227266666666672 2.9472466666666675 64.99990666666667
vertex -22.861320000000006 4.145733333333334 64.99990666666667
vertex -20.841553333333337 4.145733333333334 64.99990666666667
endloop
endfacet
facet normal 0 0 -1
outer loop
vertex 23.147666666666673 2.0827000000000004 64.99990666666667
vertex 23.24993333333334 0 64.99990666666667
vertex 21.24983333333334 0 64.99990666666667
endloop
endfacet
facet normal 0 0 -1
outer loop
vertex 23.147666666666673 2.0827000000000004 64.99990666666667
vertex 21.24983333333334 0 64.99990666666667
vertex 21.147566666666673 2.0827000000000004 64.99990666666667
endloop
endfacet
facet normal 0 0 -1
outer loop
vertex -21.147566666666673 2.0827000000000004 64.99990666666667
vertex -21.24983333333334 0 64.99990666666667
vertex -23.24993333333334 0 64.99990666666667
endloop
endfacet
facet normal 0 0 -1
outer loop
vertex -21.147566666666673 2.0827000000000004 64.99990666666667
vertex -23.24993333333334 0 64.99990666666667
vertex -23.147666666666673 2.0827000000000004 64.99990666666667
endloop
endfacet
facet normal 0 0 -1
outer loop
vertex 23.24993333333334 0 64.99990666666667
vertex 23.147666666666673 -2.0827000000000004 64.99990666666667
vertex 21.147566666666673 -2.0827000000000004 64.99990666666667
endloop
endfacet
facet normal 0 0 -1
outer loop
vertex 23.24993333333334 0 64.99990666666667
vertex 21.147566666666673 -2.0827000000000004 64.99990666666667
vertex 21.24983333333334 0 64.99990666666667
endloop
endfacet
facet normal 0 0 -1
outer loop
vertex -21.24983333333334 0 64.99990666666667
vertex -21.147566666666673 -2.0827000000000004 64.99990666666667
vertex -23.147666666666673 -2.0827000000000004 64.99990666666667
endloop
endfacet
facet normal 0 0 -1
outer loop
vertex -21.24983333333334 0 64.99990666666667
vertex -23.147666666666673 -2.0827000000000004 64.99990666666667
vertex -23.24993333333334 0 64.99990666666667
endloop
endfacet
facet normal 0 0 -1
outer loop
vertex 22.227266666666672 -2.9472466666666675 64.99990666666667
vertex 23.147666666666673 -2.0827000000000004 64.99990666666667
vertex 23.13822666666667 -2.278973333333334 64.99990666666667
endloop
endfacet
facet normal 0 0 -1
outer loop
vertex 22.227266666666672 -2.9472466666666675 64.99990666666667
vertex 23.13822666666667 -2.278973333333334 64.99990666666667
vertex 22.861320000000006 -4.145733333333334 64.99990666666667
endloop
endfacet
facet normal 0 0 -1
outer loop
vertex 22.227266666666672 -2.9472466666666675 64.99990666666667
vertex 22.861320000000006 -4.145733333333334 64.99990666666667
vertex 20.841553333333337 -4.145733333333334 64.99990666666667
endloop
endfacet
facet normal 0 0 -1
outer loop
vertex 22.227266666666672 -2.9472466666666675 64.99990666666667
vertex 20.841553333333337 -4.145733333333334 64.99990666666667
vertex 21.147566666666673 -2.0827000000000004 64.99990666666667
endloop
endfacet
facet normal 0 0 -1
outer loop
vertex 22.227266666666672 -2.9472466666666675 64.99990666666667
vertex 21.147566666666673 -2.0827000000000004 64.99990666666667
vertex 23.147666666666673 -2.0827000000000004 64.99990666666667
endloop
endfacet
facet normal 0 0 -1
outer loop
vertex -22.227266666666672 -2.9472466666666675 64.99990666666667
vertex -21.147566666666673 -2.0827000000000004 64.99990666666667
vertex -20.841553333333337 -4.145733333333334 64.99990666666667
endloop
endfacet
facet normal 0 0 -1
outer loop
vertex -22.227266666666672 -2.9472466666666675 64.99990666666667
vertex -20.841553333333337 -4.145733333333334 64.99990666666667
vertex -22.861320000000006 -4.145733333333334 64.99990666666667
endloop
endfacet
facet normal 0 0 -1
outer loop
vertex -22.227266666666672 -2.9472466666666675 64.99990666666667
vertex -22.861320000000006 -4.145733333333334 64.99990666666667
vertex -23.13822666666667 -2.278973333333334 64.99990666666667
endloop
endfacet
facet normal 0 0 -1
outer loop
vertex -22.227266666666672 -2.9472466666666675 64.99990666666667
vertex -23.13822666666667 -2.278973333333334 64.99990666666667
vertex -23.147666666666673 -2.0827000000000004 64.99990666666667
endloop
endfacet
facet normal 0 0 -1
outer loop
vertex -22.227266666666672 -2.9472466666666675 64.99990666666667
vertex -23.147666666666673 -2.0827000000000004 64.99990666666667
vertex -21.147566666666673 -2.0827000000000004 64.99990666666667
endloop
endfacet
facet normal 0 0 -1
outer loop
vertex 21.846913333333337 -5.033093333333334 64.99990666666667
vertex 22.861320000000006 -4.145733333333334 64.99990666666667
vertex 22.80310666666667 -4.535920000000001 64.99990666666667
endloop
endfacet
facet normal 0 0 -0.9999999999999999
outer loop
vertex 21.846913333333337 -5.033093333333334 64.99990666666667
vertex 22.80310666666667 -4.535920000000001 64.99990666666667
vertex 22.39443333333334 -6.168646666666668 64.99990666666667
endloop
endfacet
facet normal 0 0 -1
outer loop
vertex 21.846913333333337 -5.033093333333334 64.99990666666667
vertex 22.39443333333334 -6.168646666666668 64.99990666666667
vertex 20.334940000000003 -6.168646666666668 64.99990666666667
endloop
endfacet
facet normal 0 0 -1
outer loop
vertex 21.846913333333337 -5.033093333333334 64.99990666666667
vertex 20.334940000000003 -6.168646666666668 64.99990666666667
vertex 20.841553333333337 -4.145733333333334 64.99990666666667
endloop
endfacet
facet normal 0 0 -1
outer loop
vertex 21.846913333333337 -5.033093333333334 64.99990666666667
vertex 20.841553333333337 -4.145733333333334 64.99990666666667
vertex 22.861320000000006 -4.145733333333334 64.99990666666667
endloop
endfacet
facet normal 0 0 -1
outer loop
vertex -21.846913333333337 -5.033093333333334 64.99990666666667
vertex -20.841553333333337 -4.145733333333334 64.99990666666667
vertex -20.334940000000003 -6.168646666666668 64.99990666666667
endloop
endfacet
facet normal 0 0 -1
outer loop
vertex -21.846913333333337 -5.033093333333334 64.99990666666667
vertex -20.334940000000003 -6.168646666666668 64.99990666666667
vertex -22.39443333333334 -6.168646666666668 64.99990666666667
endloop
endfacet
facet normal 0 0 -0.9999999999999999
outer loop
vertex -21.846913333333337 -5.033093333333334 64.99990666666667
vertex -22.39443333333334 -6.168646666666668 64.99990666666667
vertex -22.80310666666667 -4.535920000000001 64.99990666666667
endloop
endfacet
facet normal 0 0 -1
outer loop
vertex -21.846913333333337 -5.033093333333334 64.99990666666667
vertex -22.80310666666667 -4.535920000000001 64.99990666666667
vertex -22.861320000000006 -4.145733333333334 64.99990666666667
endloop
endfacet
facet normal 0 0 -1
outer loop
vertex -21.846913333333337 -5.033093333333334 64.99990666666667
vertex -22.861320000000006 -4.145733333333334 64.99990666666667
vertex -20.841553333333337 -4.145733333333334 64.99990666666667
endloop
endfacet
facet normal 0 0 -1
outer loop
vertex 21.273040000000005 -7.070166666666668 64.99990666666667
vertex 22.39443333333334 -6.168646666666668 64.99990666666667
vertex 22.248900000000006 -6.749206666666669 64.99990666666667
endloop
endfacet
facet normal 0 0 -1
outer loop
vertex 21.273040000000005 -7.070166666666668 64.99990666666667
vertex 22.248900000000006 -6.749206666666669 64.99990666666667
vertex 21.754086666666673 -8.132166666666668 64.99990666666667
endloop
endfacet
facet normal 0 0 -1
outer loop
vertex 21.273040000000005 -7.070166666666668 64.99990666666667
vertex 21.754086666666673 -8.132166666666668 64.99990666666667
vertex 19.63244666666667 -8.132166666666668 64.99990666666667
endloop
endfacet
facet normal 0 0 -1
outer loop
vertex 21.273040000000005 -7.070166666666668 64.99990666666667
vertex 19.63244666666667 -8.132166666666668 64.99990666666667
vertex 20.334940000000003 -6.168646666666668 64.99990666666667
endloop
endfacet
facet normal 0 0 -1
outer loop
vertex 21.273040000000005 -7.070166666666668 64.99990666666667
vertex 20.334940000000003 -6.168646666666668 64.99990666666667
vertex 22.39443333333334 -6.168646666666668 64.99990666666667
endloop
endfacet
facet normal 0 0 -1
outer loop
vertex -21.273040000000005 -7.070166666666668 64.99990666666667
vertex -20.334940000000003 -6.168646666666668 64.99990666666667
vertex -19.63244666666667 -8.132166666666668 64.99990666666667
endloop
endfacet
facet normal 0 0 -1
outer loop
vertex -21.273040000000005 -7.070166666666668 64.99990666666667
vertex -19.63244666666667 -8.132166666666668 64.99990666666667
vertex -21.754086666666673 -8.132166666666668 64.99990666666667
endloop
endfacet
facet normal 0 0 -1
outer loop
vertex -21.273040000000005 -7.070166666666668 64.99990666666667
vertex -21.754086666666673 -8.132166666666668 64.99990666666667
vertex -22.248900000000006 -6.749206666666669 64.99990666666667
endloop
endfacet
facet normal 0 0 -1
outer loop
vertex -21.273040000000005 -7.070166666666668 64.99990666666667
vertex -22.248900000000006 -6.749206666666669 64.99990666666667
vertex -22.39443333333334 -6.168646666666668 64.99990666666667
endloop
endfacet
facet normal 0 0 -1
outer loop
vertex -21.273040000000005 -7.070166666666668 64.99990666666667
vertex -22.39443333333334 -6.168646666666668 64.99990666666667
vertex -20.334940000000003 -6.168646666666668 64.99990666666667
endloop
endfacet
facet normal 0 0 -1
outer loop
vertex 20.51154666666667 -9.039193333333335 64.99990666666667
vertex 21.754086666666673 -8.132166666666668 64.99990666666667
vertex 21.48032666666667 -8.897200000000002 64.99990666666667
endloop
endfacet
facet normal 0 0 -1
outer loop
vertex 20.51154666666667 -9.039193333333335 64.99990666666667
vertex 21.48032666666667 -8.897200000000002 64.99990666666667
vertex 20.950506666666673 -10.017020000000002 64.99990666666667
endloop
endfacet
facet normal 0 0 -1
outer loop
vertex 20.51154666666667 -9.039193333333335 64.99990666666667
vertex 20.950506666666673 -10.017020000000002 64.99990666666667
vertex 18.740760000000005 -10.017020000000002 64.99990666666667
endloop
endfacet
facet normal 0 0 -0.9999999999999999
outer loop
vertex 20.51154666666667 -9.039193333333335 64.99990666666667
vertex 18.740760000000005 -10.017020000000002 64.99990666666667
vertex 19.63244666666667 -8.132166666666668 64.99990666666667
endloop
endfacet
facet normal 0 0 -1
outer loop
vertex 20.51154666666667 -9.039193333333335 64.99990666666667
vertex 19.63244666666667 -8.132166666666668 64.99990666666667
vertex 21.754086666666673 -8.132166666666668 64.99990666666667
endloop
endfacet
facet normal 0 0 -0.9999999999999999
outer loop
vertex -20.51154666666667 -9.039193333333335 64.99990666666667
vertex -19.63244666666667 -8.132166666666668 64.99990666666667
vertex -18.740760000000005 -10.017020000000002 64.99990666666667
endloop
endfacet
facet normal 0 0 -1
outer loop
vertex -20.51154666666667 -9.039193333333335 64.99990666666667
vertex -18.740760000000005 -10.017020000000002 64.99990666666667
vertex -20.950506666666673 -10.017020000000002 64.99990666666667
endloop
endfacet
facet normal 0 0 -1
outer loop
vertex -20.51154666666667 -9.039193333333335 64.99990666666667
vertex -20.950506666666673 -10.017020000000002 64.99990666666667
vertex -21.48032666666667 -8.897200000000002 64.99990666666667
endloop
endfacet
facet normal 0 0 -1
outer loop
vertex -20.51154666666667 -9.039193333333335 64.99990666666667
vertex -21.48032666666667 -8.897200000000002 64.99990666666667
vertex -21.754086666666673 -8.132166666666668 64.99990666666667
endloop
endfacet
facet normal 0 0 -1
outer loop
vertex -20.51154666666667 -9.039193333333335 64.99990666666667
vertex -21.754086666666673 -8.132166666666668 64.99990666666667
vertex -19.63244666666667 -8.132166666666668 64.99990666666667
endloop
endfacet
facet normal 0 0 -1
outer loop
vertex 19.572660000000006 -10.921293333333336 64.99990666666667
vertex 20.950506666666673 -10.017020000000002 64.99990666666667
vertex 20.504860000000004 -10.959840000000003 64.99990666666667
endloop
endfacet
facet normal 0 0 -1
outer loop
vertex 19.572660000000006 -10.921293333333336 64.99990666666667
vertex 20.504860000000004 -10.959840000000003 64.99990666666667
vertex 19.99785333333334 -11.805900000000003 64.99990666666667
endloop
endfacet
facet normal 0 0 -1
outer loop
vertex 19.572660000000006 -10.921293333333336 64.99990666666667
vertex 19.99785333333334 -11.805900000000003 64.99990666666667
vertex 17.668533333333336 -11.805900000000003 64.99990666666667
endloop
endfacet
facet normal 0 0 -1
outer loop
vertex 19.572660000000006 -10.921293333333336 64.99990666666667
vertex 17.668533333333336 -11.805900000000003 64.99990666666667
vertex 18.740760000000005 -10.017020000000002 64.99990666666667
endloop
endfacet
facet normal 0 0 -1
outer loop
vertex 19.572660000000006 -10.921293333333336 64.99990666666667
vertex 18.740760000000005 -10.017020000000002 64.99990666666667
vertex 20.950506666666673 -10.017020000000002 64.99990666666667
endloop
endfacet
facet normal 0 0 -1
outer loop
vertex -19.572660000000006 -10.921293333333336 64.99990666666667
vertex -18.740760000000005 -10.017020000000002 64.99990666666667
vertex -17.668533333333336 -11.805900000000003 64.99990666666667
endloop
endfacet
facet normal 0 0 -1
outer loop
vertex -19.572660000000006 -10.921293333333336 64.99990666666667
vertex -17.668533333333336 -11.805900000000003 64.99990666666667
vertex -19.99785333333334 -11.805900000000003 64.99990666666667
endloop
endfacet
facet normal 0 0 -1
outer loop
vertex -19.572660000000006 -10.921293333333336 64.99990666666667
vertex -19.99785333333334 -11.805900000000003 64.99990666666667
vertex -20.504860000000004 -10.959840000000003 64.99990666666667
endloop
endfacet
facet normal 0 0 -1
outer loop
vertex -19.572660000000006 -10.921293333333336 64.99990666666667
vertex -20.504860000000004 -10.959840000000003 64.99990666666667
vertex -20.950506666666673 -10.017020000000002 64.99990666666667
endloop
endfacet
facet normal 0 0 -1
outer loop
vertex -19.572660000000006 -10.921293333333336 64.99990666666667
vertex -20.950506666666673 -10.017020000000002 64.99990666666667
vertex -18.740760000000005 -10.017020000000002 64.99990666666667
endloop
endfacet
facet normal 0 0 -1
outer loop
vertex 18.467393333333337 -12.697980000000003 64.99990666666667
vertex 19.99785333333334 -11.805900000000003 64.99990666666667
vertex 19.33154666666667 -12.91706666666667 64.99990666666667
endloop
endfacet
facet normal 0 0 -1
outer loop
vertex 18.467393333333337 -12.697980000000003 64.99990666666667
vertex 19.33154666666667 -12.91706666666667 64.99990666666667
vertex 18.913433333333337 -13.480713333333336 64.99990666666667
endloop
endfacet
facet normal 0 0 -1
outer loop
vertex 18.467393333333337 -12.697980000000003 64.99990666666667
vertex 18.913433333333337 -13.480713333333336 64.99990666666667
vertex 16.42638666666667 -13.480713333333336 64.99990666666667
endloop
endfacet
facet normal 0 0 -1
outer loop
vertex 18.467393333333337 -12.697980000000003 64.99990666666667
vertex 16.42638666666667 -13.480713333333336 64.99990666666667
vertex 17.668533333333336 -11.805900000000003 64.99990666666667
endloop
endfacet
facet normal 0 0 -1
outer loop
vertex 18.467393333333337 -12.697980000000003 64.99990666666667
vertex 17.668533333333336 -11.805900000000003 64.99990666666667
vertex 19.99785333333334 -11.805900000000003 64.99990666666667
endloop
endfacet
facet normal 0 0 -1
outer loop
vertex -18.467393333333337 -12.697980000000003 64.99990666666667
vertex -17.668533333333336 -11.805900000000003 64.99990666666667
vertex -16.42638666666667 -13.480713333333336 64.99990666666667
endloop
endfacet
facet normal 0 0 -1
outer loop
vertex -18.467393333333337 -12.697980000000003 64.99990666666667
vertex -16.42638666666667 -13.480713333333336 64.99990666666667
vertex -18.913433333333337 -13.480713333333336 64.99990666666667
endloop
endfacet
facet normal 0 0 -1
outer loop
vertex -18.467393333333337 -12.697980000000003 64.99990666666667
vertex -18.913433333333337 -13.480713333333336 64.99990666666667
vertex -19.33154666666667 -12.91706666666667 64.99990666666667
endloop
endfacet
facet normal 0 0 -1
outer loop
vertex -18.467393333333337 -12.697980000000003 64.99990666666667
vertex -19.33154666666667 -12.91706666666667 64.99990666666667
vertex -19.99785333333334 -11.805900000000003 64.99990666666667
endloop
endfacet
facet normal 0 0 -1
outer loop
vertex -18.467393333333337 -12.697980000000003 64.99990666666667
vertex -19.99785333333334 -11.805900000000003 64.99990666666667
vertex -17.668533333333336 -11.805900000000003 64.99990666666667
endloop
endfacet
facet normal 0 0 -0.9999999999999999
outer loop
vertex 17.21226666666667 -14.352733333333337 64.99990666666667
vertex 18.913433333333337 -13.480713333333336 64.99990666666667
vertex 17.972580000000004 -14.74960666666667 64.99990666666667
endloop
endfacet
facet normal 0 0 -1
outer loop
vertex 17.21226666666667 -14.352733333333337 64.99990666666667
vertex 17.972580000000004 -14.74960666666667 64.99990666666667
vertex 17.72202666666667 -15.026120000000004 64.99990666666667
endloop
endfacet
facet normal 0 0 -1
outer loop
vertex 17.21226666666667 -14.352733333333337 64.99990666666667
vertex 17.72202666666667 -15.026120000000004 64.99990666666667
vertex 15.026120000000004 -15.026120000000004 64.99990666666667
endloop
endfacet
facet normal 0 0 -1
outer loop
vertex 17.21226666666667 -14.352733333333337 64.99990666666667
vertex 15.026120000000004 -15.026120000000004 64.99990666666667
vertex 16.42638666666667 -13.480713333333336 64.99990666666667
endloop
endfacet
facet normal 0 0 -1
outer loop
vertex 17.21226666666667 -14.352733333333337 64.99990666666667
vertex 16.42638666666667 -13.480713333333336 64.99990666666667
vertex 18.913433333333337 -13.480713333333336 64.99990666666667
endloop
endfacet
facet normal 0 0 -1
outer loop
vertex -17.21226666666667 -14.352733333333337 64.99990666666667
vertex -16.42638666666667 -13.480713333333336 64.99990666666667
vertex -15.026120000000004 -15.026120000000004 64.99990666666667
endloop
endfacet
facet normal 0 0 -1
outer loop
vertex -17.21226666666667 -14.352733333333337 64.99990666666667
vertex -15.026120000000004 -15.026120000000004 64.99990666666667
vertex -17.72202666666667 -15.026120000000004 64.99990666666667
endloop
endfacet
facet normal 0 0 -1
outer loop
vertex -17.21226666666667 -14.352733333333337 64.99990666666667
vertex -17.72202666666667 -15.026120000000004 64.99990666666667
vertex -17.972580000000004 -14.74960666666667 64.99990666666667
endloop
endfacet
facet normal 0 0 -0.9999999999999999
outer loop
vertex -17.21226666666667 -14.352733333333337 64.99990666666667
vertex -17.972580000000004 -14.74960666666667 64.99990666666667
vertex -18.913433333333337 -13.480713333333336 64.99990666666667
endloop
endfacet
facet normal 0 0 -1
outer loop
vertex -17.21226666666667 -14.352733333333337 64.99990666666667
vertex -18.913433333333337 -13.480713333333336 64.99990666666667
vertex -16.42638666666667 -13.480713333333336 64.99990666666667
endloop
endfacet
facet normal 0 0 -1
outer loop
vertex 17.72202666666667 -15.026120000000004 64.99990666666667
vertex 16.452740000000002 -16.42638666666667 64.99990666666667
vertex 13.480713333333336 -16.42638666666667 64.99990666666667
endloop
endfacet
facet normal 0 0 -1
outer loop
vertex 17.72202666666667 -15.026120000000004 64.99990666666667
vertex 13.480713333333336 -16.42638666666667 64.99990666666667
vertex 15.026120000000004 -15.026120000000004 64.99990666666667
endloop
endfacet
facet normal 0 0 -1
outer loop
vertex -15.026120000000004 -15.026120000000004 64.99990666666667
vertex -13.480713333333336 -16.42638666666667 64.99990666666667
vertex -16.452740000000002 -16.42638666666667 64.99990666666667
endloop
endfacet
facet normal 0 0 -1
outer loop
vertex -15.026120000000004 -15.026120000000004 64.99990666666667
vertex -16.452740000000002 -16.42638666666667 64.99990666666667
vertex -17.72202666666667 -15.026120000000004 64.99990666666667
endloop
endfacet
facet normal 0 0 -1
outer loop
vertex 14.65284666666667 -16.925920000000005 64.99990666666667
vertex 16.452740000000002 -16.42638666666667 64.99990666666667
vertex 16.44015333333334 -16.44015333333334 64.99990666666667
endloop
endfacet
facet normal 0 0 -1
outer loop
vertex 14.65284666666667 -16.925920000000005 64.99990666666667
vertex 16.44015333333334 -16.44015333333334 64.99990666666667
vertex 15.08472666666667 -17.668533333333336 64.99990666666667
endloop
endfacet
facet normal 0 0 -1
outer loop
vertex 14.65284666666667 -16.925920000000005 64.99990666666667
vertex 15.08472666666667 -17.668533333333336 64.99990666666667
vertex 11.805900000000003 -17.668533333333336 64.99990666666667
endloop
endfacet
facet normal 0 0 -1
outer loop
vertex 14.65284666666667 -16.925920000000005 64.99990666666667
vertex 11.805900000000003 -17.668533333333336 64.99990666666667
vertex 13.480713333333336 -16.42638666666667 64.99990666666667
endloop
endfacet
facet normal 0 0 -1
outer loop
vertex 14.65284666666667 -16.925920000000005 64.99990666666667
vertex 13.480713333333336 -16.42638666666667 64.99990666666667
vertex 16.452740000000002 -16.42638666666667 64.99990666666667
endloop
endfacet
facet normal 0 0 -1
outer loop
vertex -14.65284666666667 -16.925920000000005 64.99990666666667
vertex -13.480713333333336 -16.42638666666667 64.99990666666667
vertex -11.805900000000003 -17.668533333333336 64.99990666666667
endloop
endfacet
facet normal 0 0 -1
outer loop
vertex -14.65284666666667 -16.925920000000005 64.99990666666667
vertex -11.805900000000003 -17.668533333333336 64.99990666666667
vertex -15.08472666666667 -17.668533333333336 64.99990666666667
endloop
endfacet
facet normal 0 0 -1
outer loop
vertex -14.65284666666667 -16.925920000000005 64.99990666666667
vertex -15.08472666666667 -17.668533333333336 64.99990666666667
vertex -16.44015333333334 -16.44015333333334 64.99990666666667
endloop
endfacet
facet normal 0 0 -1
outer loop
vertex -14.65284666666667 -16.925920000000005 64.99990666666667
vertex -16.44015333333334 -16.44015333333334 64.99990666666667
vertex -16.452740000000002 -16.42638666666667 64.99990666666667
endloop
endfacet
facet normal 0 0 -1
outer loop
vertex -14.65284666666667 -16.925920000000005 64.99990666666667
vertex -16.452740000000002 -16.42638666666667 64.99990666666667
vertex -13.480713333333336 -16.42638666666667 64.99990666666667
endloop
endfacet
facet normal 0 0 -1
outer loop
vertex 13.07400666666667 -18.15823333333334 64.99990666666667
vertex 15.08472666666667 -17.668533333333336 64.99990666666667
vertex 14.74960666666667 -17.972580000000004 64.99990666666667
endloop
endfacet
facet normal 0 0 -1
outer loop
vertex 13.07400666666667 -18.15823333333334 64.99990666666667
vertex 14.74960666666667 -17.972580000000004 64.99990666666667
vertex 13.71356666666667 -18.740760000000005 64.99990666666667
endloop
endfacet
facet normal 0 0 -1
outer loop
vertex 13.07400666666667 -18.15823333333334 64.99990666666667
vertex 13.71356666666667 -18.740760000000005 64.99990666666667
vertex 10.017020000000002 -18.740760000000005 64.99990666666667
endloop
endfacet
facet normal 0 0 -1
outer loop
vertex 13.07400666666667 -18.15823333333334 64.99990666666667
vertex 10.017020000000002 -18.740760000000005 64.99990666666667
vertex 11.805900000000003 -17.668533333333336 64.99990666666667
endloop
endfacet
facet normal 0 0 -1
outer loop
vertex 13.07400666666667 -18.15823333333334 64.99990666666667
vertex 11.805900000000003 -17.668533333333336 64.99990666666667
vertex 15.08472666666667 -17.668533333333336 64.99990666666667
endloop
endfacet
facet normal 0 0 -1
outer loop
vertex -13.07400666666667 -18.15823333333334 64.99990666666667
vertex -11.805900000000003 -17.668533333333336 64.99990666666667
vertex -10.017020000000002 -18.740760000000005 64.99990666666667
endloop
endfacet
facet normal 0 0 -1
outer loop
vertex -13.07400666666667 -18.15823333333334 64.99990666666667
vertex -10.017020000000002 -18.740760000000005 64.99990666666667
vertex -13.71356666666667 -18.740760000000005 64.99990666666667
endloop
endfacet
facet normal 0 0 -1
outer loop
vertex -13.07400666666667 -18.15823333333334 64.99990666666667
vertex -13.71356666666667 -18.740760000000005 64.99990666666667
vertex -14.74960666666667 -17.972580000000004 64.99990666666667
endloop
endfacet
facet normal 0 0 -1
outer loop
vertex -13.07400666666667 -18.15823333333334 64.99990666666667
vertex -14.74960666666667 -17.972580000000004 64.99990666666667
vertex -15.08472666666667 -17.668533333333336 64.99990666666667
endloop
endfacet
facet normal 0 0 -1
outer loop
vertex -13.07400666666667 -18.15823333333334 64.99990666666667
vertex -15.08472666666667 -17.668533333333336 64.99990666666667
vertex -11.805900000000003 -17.668533333333336 64.99990666666667
endloop
endfacet
facet normal 0 0 -1
outer loop
vertex 11.438920000000003 -19.215513333333337 64.99990666666667
vertex 13.71356666666667 -18.740760000000005 64.99990666666667
vertex 12.91706666666667 -19.33154666666667 64.99990666666667
endloop
endfacet
facet normal 0 0 -1
outer loop
vertex 11.438920000000003 -19.215513333333337 64.99990666666667
vertex 12.91706666666667 -19.33154666666667 64.99990666666667
vertex 12.415173333333335 -19.63244666666667 64.99990666666667
endloop
endfacet
facet normal 0 0 -1
outer loop
vertex 11.438920000000003 -19.215513333333337 64.99990666666667
vertex 12.415173333333335 -19.63244666666667 64.99990666666667
vertex 8.132166666666668 -19.63244666666667 64.99990666666667
endloop
endfacet
facet normal 0 0 -1
outer loop
vertex 11.438920000000003 -19.215513333333337 64.99990666666667
vertex 8.132166666666668 -19.63244666666667 64.99990666666667
vertex 10.017020000000002 -18.740760000000005 64.99990666666667
endloop
endfacet
facet normal 0 0 -1
outer loop
vertex 11.438920000000003 -19.215513333333337 64.99990666666667
vertex 10.017020000000002 -18.740760000000005 64.99990666666667
vertex 13.71356666666667 -18.740760000000005 64.99990666666667
endloop
endfacet
facet normal 0 0 -1
outer loop
vertex -11.438920000000003 -19.215513333333337 64.99990666666667
vertex -10.017020000000002 -18.740760000000005 64.99990666666667
vertex -8.132166666666668 -19.63244666666667 64.99990666666667
endloop
endfacet
facet normal 0 0 -1
outer loop
vertex -11.438920000000003 -19.215513333333337 64.99990666666667
vertex -8.132166666666668 -19.63244666666667 64.99990666666667
vertex -12.415173333333335 -19.63244666666667 64.99990666666667
endloop
endfacet
facet normal 0 0 -1
outer loop
vertex -11.438920000000003 -19.215513333333337 64.99990666666667
vertex -12.415173333333335 -19.63244666666667 64.99990666666667
vertex -12.91706666666667 -19.33154666666667 64.99990666666667
endloop
endfacet
facet normal 0 0 -1
outer loop
vertex -11.438920000000003 -19.215513333333337 64.99990666666667
vertex -12.91706666666667 -19.33154666666667 64.99990666666667
vertex -13.71356666666667 -18.740760000000005 64.99990666666667
endloop
endfacet
facet normal 0 0 -1
outer loop
vertex -11.438920000000003 -19.215513333333337 64.99990666666667
vertex -13.71356666666667 -18.740760000000005 64.99990666666667
vertex -10.017020000000002 -18.740760000000005 64.99990666666667
endloop
endfacet
facet normal 0 0 -0.9999999999999999
outer loop
vertex 12.415173333333335 -19.63244666666667 64.99990666666667
vertex 11.243040000000002 -20.334940000000003 64.99990666666667
vertex 6.168646666666668 -20.334940000000003 64.99990666666667
endloop
endfacet
facet normal 0 0 -0.9999999999999999
outer loop
vertex 12.415173333333335 -19.63244666666667 64.99990666666667
vertex 6.168646666666668 -20.334940000000003 64.99990666666667
vertex 8.132166666666668 -19.63244666666667 64.99990666666667
endloop
endfacet
facet normal 0 0 -1
outer loop
vertex -8.132166666666668 -19.63244666666667 64.99990666666667
vertex -6.168646666666668 -20.334940000000003 64.99990666666667
vertex -11.243040000000002 -20.334940000000003 64.99990666666667
endloop
endfacet
facet normal 0 0 -0.9999999999999999
outer loop
vertex -8.132166666666668 -19.63244666666667 64.99990666666667
vertex -11.243040000000002 -20.334940000000003 64.99990666666667
vertex -12.415173333333335 -19.63244666666667 64.99990666666667
endloop
endfacet
facet normal 0 0 -1
outer loop
vertex 8.553033333333335 -20.57172666666667 64.99990666666667
vertex 11.243040000000002 -20.334940000000003 64.99990666666667
vertex 10.959840000000003 -20.504860000000004 64.99990666666667
endloop
endfacet
facet normal 0 0 -1
outer loop
vertex 8.553033333333335 -20.57172666666667 64.99990666666667
vertex 10.959840000000003 -20.504860000000004 64.99990666666667
vertex 10.247513333333336 -20.841553333333337 64.99990666666667
endloop
endfacet
facet normal 0 0 -1
outer loop
vertex 8.553033333333335 -20.57172666666667 64.99990666666667
vertex 10.247513333333336 -20.841553333333337 64.99990666666667
vertex 4.145733333333334 -20.841553333333337 64.99990666666667
endloop
endfacet
facet normal 0 0 -1
outer loop
vertex 8.553033333333335 -20.57172666666667 64.99990666666667
vertex 4.145733333333334 -20.841553333333337 64.99990666666667
vertex 6.168646666666668 -20.334940000000003 64.99990666666667
endloop
endfacet
facet normal 0 0 -1
outer loop
vertex 8.553033333333335 -20.57172666666667 64.99990666666667
vertex 6.168646666666668 -20.334940000000003 64.99990666666667
vertex 11.243040000000002 -20.334940000000003 64.99990666666667
endloop
endfacet
facet normal 0 0 -1
outer loop
vertex -8.553033333333335 -20.57172666666667 64.99990666666667
vertex -6.168646666666668 -20.334940000000003 64.99990666666667
vertex -4.145733333333334 -20.841553333333337 64.99990666666667
endloop
endfacet
facet normal 0 0 -1
outer loop
vertex -8.553033333333335 -20.57172666666667 64.99990666666667
vertex -4.145733333333334 -20.841553333333337 64.99990666666667
vertex -10.247513333333336 -20.841553333333337 64.99990666666667
endloop
endfacet
facet normal 0 0 -1
outer loop
vertex -8.553033333333335 -20.57172666666667 64.99990666666667
vertex -10.247513333333336 -20.841553333333337 64.99990666666667
vertex -10.959840000000003 -20.504860000000004 64.99990666666667
endloop
endfacet
facet normal 0 0 -1
outer loop
vertex -8.553033333333335 -20.57172666666667 64.99990666666667
vertex -10.959840000000003 -20.504860000000004 64.99990666666667
vertex -11.243040000000002 -20.334940000000003 64.99990666666667
endloop
endfacet
facet normal 0 0 -1
outer loop
vertex -8.553033333333335 -20.57172666666667 64.99990666666667
vertex -11.243040000000002 -20.334940000000003 64.99990666666667
vertex -6.168646666666668 -20.334940000000003 64.99990666666667
endloop
endfacet
facet normal 0 0 -1
outer loop
vertex 10.247513333333336 -20.841553333333337 64.99990666666667
vertex 9.600480000000003 -21.147566666666673 64.99990666666667
vertex 2.0827000000000004 -21.147566666666673 64.99990666666667
endloop
endfacet
facet normal 0 0 -0.9999999999999999
outer loop
vertex 10.247513333333336 -20.841553333333337 64.99990666666667
vertex 2.0827000000000004 -21.147566666666673 64.99990666666667
vertex 4.145733333333334 -20.841553333333337 64.99990666666667
endloop
endfacet
facet normal 0 0 -1
outer loop
vertex -4.145733333333334 -20.841553333333337 64.99990666666667
vertex -2.0827000000000004 -21.147566666666673 64.99990666666667
vertex -9.600480000000003 -21.147566666666673 64.99990666666667
endloop
endfacet
facet normal 0 0 -0.9999999999999999
outer loop
vertex -4.145733333333334 -20.841553333333337 64.99990666666667
vertex -9.600480000000003 -21.147566666666673 64.99990666666667
vertex -10.247513333333336 -20.841553333333337 64.99990666666667
endloop
endfacet
facet normal 0 0 -0.9999999999999999
outer loop
vertex 9.600480000000003 -21.147566666666673 64.99990666666667
vertex 9.38414666666667 -21.24983333333334 64.99990666666667
vertex 0 -21.24983333333334 64.99990666666667
endloop
endfacet
facet normal 0 0 -1
outer loop
vertex 9.600480000000003 -21.147566666666673 64.99990666666667
vertex 0 -21.24983333333334 64.99990666666667
vertex 2.0827000000000004 -21.147566666666673 64.99990666666667
endloop
endfacet
facet normal 0 0 -0.9999999999999999
outer loop
vertex -2.0827000000000004 -21.147566666666673 64.99990666666667
vertex 0 -21.24983333333334 64.99990666666667
vertex -9.38414666666667 -21.24983333333334 64.99990666666667
endloop
endfacet
facet normal 0 0 -1
outer loop
vertex -2.0827000000000004 -21.147566666666673 64.99990666666667
vertex -9.38414666666667 -21.24983333333334 64.99990666666667
vertex -9.600480000000003 -21.147566666666673 64.99990666666667
endloop
endfacet
facet normal 0 0 -1
outer loop
vertex 0 -22.19501333333334 64.99990666666667
vertex 0 -21.24983333333334 64.99990666666667
vertex 9.38414666666667 -21.24983333333334 64.99990666666667
endloop
endfacet
facet normal 0 0 -1
outer loop
vertex 0 -22.19501333333334 64.99990666666667
vertex 9.38414666666667 -21.24983333333334 64.99990666666667
vertex 8.897200000000002 -21.48032666666667 64.99990666666667
endloop
endfacet
facet normal 0 0 -1
outer loop
vertex 0 -22.19501333333334 64.99990666666667
vertex 8.897200000000002 -21.48032666666667 64.99990666666667
vertex 6.749206666666669 -22.248900000000006 64.99990666666667
endloop
endfacet
facet normal 0 0 -1
outer loop
vertex 0 -22.19501333333334 64.99990666666667
vertex 6.749206666666669 -22.248900000000006 64.99990666666667
vertex 4.535920000000001 -22.80310666666667 64.99990666666667
endloop
endfacet
facet normal 0 0 -1
outer loop
vertex 0 -22.19501333333334 64.99990666666667
vertex 4.535920000000001 -22.80310666666667 64.99990666666667
vertex 2.278973333333334 -23.13822666666667 64.99990666666667
endloop
endfacet
facet normal 0 0 -0.9999999999999999
outer loop
vertex 0 -22.19501333333334 64.99990666666667
vertex 2.278973333333334 -23.13822666666667 64.99990666666667
vertex 0 -23.24993333333334 64.99990666666667
endloop
endfacet
facet normal 0 0 -0.9999999999999999
outer loop
vertex 0 -22.19501333333334 64.99990666666667
vertex 0 -23.24993333333334 64.99990666666667
vertex -2.278973333333334 -23.13822666666667 64.99990666666667
endloop
endfacet
facet normal 0 0 -1
outer loop
vertex 0 -22.19501333333334 64.99990666666667
vertex -2.278973333333334 -23.13822666666667 64.99990666666667
vertex -4.535920000000001 -22.80310666666667 64.99990666666667
endloop
endfacet
facet normal 0 0 -1
outer loop
vertex 0 -22.19501333333334 64.99990666666667
vertex -4.535920000000001 -22.80310666666667 64.99990666666667
vertex -6.749206666666669 -22.248900000000006 64.99990666666667
endloop
endfacet
facet normal 0 0 -1
outer loop
vertex 0 -22.19501333333334 64.99990666666667
vertex -6.749206666666669 -22.248900000000006 64.99990666666667
vertex -8.897200000000002 -21.48032666666667 64.99990666666667
endloop
endfacet
facet normal 0 0 -1
outer loop
vertex 0 -22.19501333333334 64.99990666666667
vertex -8.897200000000002 -21.48032666666667 64.99990666666667
vertex -9.38414666666667 -21.24983333333334 64.99990666666667
endloop
endfacet
facet normal 0 0 -1
outer loop
vertex 0 -22.19501333333334 64.99990666666667
vertex -9.38414666666667 -21.24983333333334 64.99990666666667
vertex 0 -21.24983333333334 64.99990666666667
endloop
endfacet
endsolid JSCAD
