solid JSCAD
facet normal 0.9987503231832617 0.048968180169461355 -0.009995462581666148
outer loop
vertex 28.50009666666667 0 25.00007666666667
vertex 28.24989666666667 0 0
vertex 28.114140000000003 2.7688800000000002 0
endloop
endfacet
facet normal 0.9987471421041919 0.049034525470698295 -0.009988065406896292
outer loop
vertex 28.50009666666667 0 25.00007666666667
vertex 28.114140000000003 2.7688800000000002 0
vertex 28.362950000000005 2.793436666666667 25.00007666666667
endloop
endfacet
facet normal 0.9891271829998382 0.1467230388028135 -0.009988279895610715
outer loop
vertex 28.362950000000005 2.793436666666667 25.00007666666667
vertex 28.114140000000003 2.7688800000000002 0
vertex 27.707333333333338 5.511350000000001 0
endloop
endfacet
facet normal 0.9891203442930318 0.1467694900424766 -0.00998305055109573
outer loop
vertex 28.362950000000005 2.793436666666667 25.00007666666667
vertex 27.707333333333338 5.511350000000001 0
vertex 27.95243666666667 5.5600000000000005 25.00007666666667
endloop
endfacet
facet normal 0.9699760771122495 0.24299538527243533 -0.009982613196545108
outer loop
vertex 27.95243666666667 5.5600000000000005 25.00007666666667
vertex 27.707333333333338 5.511350000000001 0
vertex 27.03364666666667 8.200536666666668 0
endloop
endfacet
facet normal 0.9699771218909835 0.24299119498191127 -0.009983094176991126
outer loop
vertex 27.95243666666667 5.5600000000000005 25.00007666666667
vertex 27.03364666666667 8.200536666666668 0
vertex 27.27272666666667 8.273280000000002 25.00007666666667
endloop
endfacet
facet normal 0.9414906413565989 0.33689121991034787 -0.009983896296419971
outer loop
vertex 27.27272666666667 8.273280000000002 25.00007666666667
vertex 27.03364666666667 8.200536666666668 0
vertex 26.09956666666667 10.810956666666668 0
endloop
endfacet
facet normal 0.9415185905562165 0.3368128267817679 -0.009993165279844998
outer loop
vertex 27.27272666666667 8.273280000000002 25.00007666666667
vertex 26.09956666666667 10.810956666666668 0
vertex 26.330770000000005 10.906403333333335 25.00007666666667
endloop
endfacet
facet normal 0.903961376003511 0.4274973562242532 -0.009992052597586017
outer loop
vertex 26.330770000000005 10.906403333333335 25.00007666666667
vertex 26.09956666666667 10.810956666666668 0
vertex 24.914360000000002 13.317126666666669 0
endloop
endfacet
facet normal 0.9039422108390709 0.42753799636717 -0.0099870478980792
outer loop
vertex 26.330770000000005 10.906403333333335 25.00007666666667
vertex 24.914360000000002 13.317126666666669 0
vertex 25.13490666666667 13.434813333333334 25.00007666666667
endloop
endfacet
facet normal 0.8576860180260356 0.5140768104926114 -0.009986360517551317
outer loop
vertex 25.13490666666667 13.434813333333334 25.00007666666667
vertex 24.914360000000002 13.317126666666669 0
vertex 23.48914666666667 15.694953333333336 0
endloop
endfacet
facet normal 0.8576547642974575 0.5141290823444007 -0.0099795774247749
outer loop
vertex 25.13490666666667 13.434813333333334 25.00007666666667
vertex 23.48914666666667 15.694953333333336 0
vertex 23.696720000000003 15.833953333333335 25.00007666666667
endloop
endfacet
facet normal 0.8031173534931 0.5957372794845825 -0.009980498511968444
outer loop
vertex 23.696720000000003 15.833953333333335 25.00007666666667
vertex 23.48914666666667 15.694953333333336 0
vertex 21.837363333333336 17.921733333333336 0
endloop
endfacet
facet normal 0.803129606194013 0.5957207227462185 -0.009982792463667602
outer loop
vertex 23.696720000000003 15.833953333333335 25.00007666666667
vertex 21.837363333333336 17.921733333333336 0
vertex 22.030573333333336 18.080193333333337 25.00007666666667
endloop
endfacet
facet normal 0.740900651011414 0.6715404502061488 -0.009982437968053554
outer loop
vertex 22.030573333333336 18.080193333333337 25.00007666666667
vertex 21.837363333333336 17.921733333333336 0
vertex 19.975690000000004 19.975690000000004 0
endloop
endfacet
facet normal 0.7410039971069413 0.6714261570030039 -0.009999598177622826
outer loop
vertex 22.030573333333336 18.080193333333337 25.00007666666667
vertex 19.975690000000004 19.975690000000004 0
vertex 20.152683333333336 20.152683333333336 25.00007666666667
endloop
endfacet
facet normal 0.6715403345514949 0.7409005234113442 -0.009999673957814564
outer loop
vertex 20.152683333333336 20.152683333333336 25.00007666666667
vertex 19.975690000000004 19.975690000000004 0
vertex 17.921733333333336 21.837363333333336 0
endloop
endfacet
facet normal 0.6714262716199287 0.7410041236012677 -0.00998251393583312
outer loop
vertex 20.152683333333336 20.152683333333336 25.00007666666667
vertex 17.921733333333336 21.837363333333336 0
vertex 18.080193333333337 22.030573333333336 25.00007666666667
endloop
endfacet
facet normal 0.595737265782786 0.8031173350216179 -0.009982802483491123
outer loop
vertex 18.080193333333337 22.030573333333336 25.00007666666667
vertex 17.921733333333336 21.837363333333336 0
vertex 15.694953333333336 23.48914666666667 0
endloop
endfacet
facet normal 0.5957207363291416 0.8031296245060294 -0.009980508417396094
outer loop
vertex 18.080193333333337 22.030573333333336 25.00007666666667
vertex 15.694953333333336 23.48914666666667 0
vertex 15.833953333333335 23.696720000000003 25.00007666666667
endloop
endfacet
facet normal 0.5140768454632587 0.8576860763710817 -0.009979546969868967
outer loop
vertex 15.833953333333335 23.696720000000003 25.00007666666667
vertex 15.694953333333336 23.48914666666667 0
vertex 13.317126666666669 24.914360000000002 0
endloop
endfacet
facet normal 0.5141290476821668 0.8576547064749552 -0.00998633019614414
outer loop
vertex 15.833953333333335 23.696720000000003 25.00007666666667
vertex 13.317126666666669 24.914360000000002 0
vertex 13.434813333333334 25.13490666666667 25.00007666666667
endloop
endfacet
facet normal 0.4274973776918058 0.9039614213975659 -0.009987026160071175
outer loop
vertex 13.434813333333334 25.13490666666667 25.00007666666667
vertex 13.317126666666669 24.914360000000002 0
vertex 10.810956666666668 26.09956666666667 0
endloop
endfacet
facet normal 0.42753797508687813 0.9039421658462183 -0.009992030016960921
outer loop
vertex 13.434813333333334 25.13490666666667 25.00007666666667
vertex 10.810956666666668 26.09956666666667 0
vertex 10.906403333333335 26.330770000000005 25.00007666666667
endloop
endfacet
facet normal 0.3368911885823617 0.9414905538060663 -0.00999320516702548
outer loop
vertex 10.906403333333335 26.330770000000005 25.00007666666667
vertex 10.810956666666668 26.09956666666667 0
vertex 8.200536666666668 27.03364666666667 0
endloop
endfacet
facet normal 0.33681285783333853 0.9415186773570409 -0.009983936397428879
outer loop
vertex 10.906403333333335 26.330770000000005 25.00007666666667
vertex 8.200536666666668 27.03364666666667 0
vertex 8.273280000000002 27.27272666666667 25.00007666666667
endloop
endfacet
facet normal 0.24299538410033927 0.969976072433539 -0.009983096330030618
outer loop
vertex 8.273280000000002 27.27272666666667 25.00007666666667
vertex 8.200536666666668 27.03364666666667 0
vertex 5.511350000000001 27.707333333333338 0
endloop
endfacet
facet normal 0.2429911961435806 0.9699771265281585 -0.009982615333107294
outer loop
vertex 8.273280000000002 27.27272666666667 25.00007666666667
vertex 5.511350000000001 27.707333333333338 0
vertex 5.5600000000000005 27.95243666666667 25.00007666666667
endloop
endfacet
facet normal 0.1467230464986652 0.9891272348810981 -0.00998302772827361
outer loop
vertex 5.5600000000000005 27.95243666666667 25.00007666666667
vertex 5.511350000000001 27.707333333333338 0
vertex 2.7688800000000002 28.114140000000003 0
endloop
endfacet
facet normal 0.14676948241128457 0.9891202928643099 -0.009988256942304756
outer loop
vertex 5.5600000000000005 27.95243666666667 25.00007666666667
vertex 2.7688800000000002 28.114140000000003 0
vertex 2.793436666666667 28.362950000000005 25.00007666666667
endloop
endfacet
facet normal 0.04896818380512962 0.9987503973360042 -0.009988032639159171
outer loop
vertex 2.793436666666667 28.362950000000005 25.00007666666667
vertex 2.7688800000000002 28.114140000000003 0
vertex 0 28.24989666666667 0
endloop
endfacet
facet normal 0.04903452186212009 0.9987470686037933 -0.009995430009934712
outer loop
vertex 2.793436666666667 28.362950000000005 25.00007666666667
vertex 0 28.24989666666667 0
vertex 0 28.50009666666667 25.00007666666667
endloop
endfacet
facet normal -0.048968180169461355 0.9987503231832617 -0.009995462581666148
outer loop
vertex 0 28.50009666666667 25.00007666666667
vertex 0 28.24989666666667 0
vertex -2.7688800000000002 28.114140000000003 0
endloop
endfacet
facet normal -0.049034525470698295 0.9987471421041919 -0.009988065406896292
outer loop
vertex 0 28.50009666666667 25.00007666666667
vertex -2.7688800000000002 28.114140000000003 0
vertex -2.793436666666667 28.362950000000005 25.00007666666667
endloop
endfacet
facet normal -0.1467230388028135 0.9891271829998382 -0.009988279895610715
outer loop
vertex -2.793436666666667 28.362950000000005 25.00007666666667
vertex -2.7688800000000002 28.114140000000003 0
vertex -5.511350000000001 27.707333333333338 0
endloop
endfacet
facet normal -0.1467694900424766 0.9891203442930318 -0.00998305055109573
outer loop
vertex -2.793436666666667 28.362950000000005 25.00007666666667
vertex -5.511350000000001 27.707333333333338 0
vertex -5.5600000000000005 27.95243666666667 25.00007666666667
endloop
endfacet
facet normal -0.24299538527243533 0.9699760771122495 -0.009982613196545108
outer loop
vertex -5.5600000000000005 27.95243666666667 25.00007666666667
vertex -5.511350000000001 27.707333333333338 0
vertex -8.200536666666668 27.03364666666667 0
endloop
endfacet
facet normal -0.24299119498191127 0.9699771218909835 -0.009983094176991126
outer loop
vertex -5.5600000000000005 27.95243666666667 25.00007666666667
vertex -8.200536666666668 27.03364666666667 0
vertex -8.273280000000002 27.27272666666667 25.00007666666667
endloop
endfacet
facet normal -0.33689121991034787 0.9414906413565989 -0.009983896296419971
outer loop
vertex -8.273280000000002 27.27272666666667 25.00007666666667
vertex -8.200536666666668 27.03364666666667 0
vertex -10.810956666666668 26.09956666666667 0
endloop
endfacet
facet normal -0.3368128267817679 0.9415185905562165 -0.009993165279844998
outer loop
vertex -8.273280000000002 27.27272666666667 25.00007666666667
vertex -10.810956666666668 26.09956666666667 0
vertex -10.906403333333335 26.330770000000005 25.00007666666667
endloop
endfacet
facet normal -0.4274973562242532 0.903961376003511 -0.009992052597586017
outer loop
vertex -10.906403333333335 26.330770000000005 25.00007666666667
vertex -10.810956666666668 26.09956666666667 0
vertex -13.317126666666669 24.914360000000002 0
endloop
endfacet
facet normal -0.42753799636717 0.9039422108390709 -0.0099870478980792
outer loop
vertex -10.906403333333335 26.330770000000005 25.00007666666667
vertex -13.317126666666669 24.914360000000002 0
vertex -13.434813333333334 25.13490666666667 25.00007666666667
endloop
endfacet
facet normal -0.5140768104926114 0.8576860180260356 -0.009986360517551317
outer loop
vertex -13.434813333333334 25.13490666666667 25.00007666666667
vertex -13.317126666666669 24.914360000000002 0
vertex -15.694953333333336 23.48914666666667 0
endloop
endfacet
facet normal -0.5141290823444007 0.8576547642974575 -0.0099795774247749
outer loop
vertex -13.434813333333334 25.13490666666667 25.00007666666667
vertex -15.694953333333336 23.48914666666667 0
vertex -15.833953333333335 23.696720000000003 25.00007666666667
endloop
endfacet
facet normal -0.5957372794845825 0.8031173534931 -0.009980498511968444
outer loop
vertex -15.833953333333335 23.696720000000003 25.00007666666667
vertex -15.694953333333336 23.48914666666667 0
vertex -17.921733333333336 21.837363333333336 0
endloop
endfacet
facet normal -0.5957207227462185 0.803129606194013 -0.009982792463667602
outer loop
vertex -15.833953333333335 23.696720000000003 25.00007666666667
vertex -17.921733333333336 21.837363333333336 0
vertex -18.080193333333337 22.030573333333336 25.00007666666667
endloop
endfacet
facet normal -0.6715404502061488 0.740900651011414 -0.009982437968053554
outer loop
vertex -18.080193333333337 22.030573333333336 25.00007666666667
vertex -17.921733333333336 21.837363333333336 0
vertex -19.975690000000004 19.975690000000004 0
endloop
endfacet
facet normal -0.6714261570030039 0.7410039971069413 -0.009999598177622826
outer loop
vertex -18.080193333333337 22.030573333333336 25.00007666666667
vertex -19.975690000000004 19.975690000000004 0
vertex -20.152683333333336 20.152683333333336 25.00007666666667
endloop
endfacet
facet normal -0.7409005234113442 0.6715403345514949 -0.009999673957814564
outer loop
vertex -20.152683333333336 20.152683333333336 25.00007666666667
vertex -19.975690000000004 19.975690000000004 0
vertex -21.837363333333336 17.921733333333336 0
endloop
endfacet
facet normal -0.7410041236012677 0.6714262716199287 -0.00998251393583312
outer loop
vertex -20.152683333333336 20.152683333333336 25.00007666666667
vertex -21.837363333333336 17.921733333333336 0
vertex -22.030573333333336 18.080193333333337 25.00007666666667
endloop
endfacet
facet normal -0.8031173350216179 0.595737265782786 -0.009982802483491123
outer loop
vertex -22.030573333333336 18.080193333333337 25.00007666666667
vertex -21.837363333333336 17.921733333333336 0
vertex -23.48914666666667 15.694953333333336 0
endloop
endfacet
facet normal -0.8031296245060294 0.5957207363291416 -0.009980508417396094
outer loop
vertex -22.030573333333336 18.080193333333337 25.00007666666667
vertex -23.48914666666667 15.694953333333336 0
vertex -23.696720000000003 15.833953333333335 25.00007666666667
endloop
endfacet
facet normal -0.8576860763710817 0.5140768454632587 -0.009979546969868967
outer loop
vertex -23.696720000000003 15.833953333333335 25.00007666666667
vertex -23.48914666666667 15.694953333333336 0
vertex -24.914360000000002 13.317126666666669 0
endloop
endfacet
facet normal -0.8576547064749552 0.5141290476821668 -0.00998633019614414
outer loop
vertex -23.696720000000003 15.833953333333335 25.00007666666667
vertex -24.914360000000002 13.317126666666669 0
vertex -25.13490666666667 13.434813333333334 25.00007666666667
endloop
endfacet
facet normal -0.9039614213975659 0.4274973776918058 -0.009987026160071175
outer loop
vertex -25.13490666666667 13.434813333333334 25.00007666666667
vertex -24.914360000000002 13.317126666666669 0
vertex -26.09956666666667 10.810956666666668 0
endloop
endfacet
facet normal -0.9039421658462183 0.42753797508687813 -0.009992030016960921
outer loop
vertex -25.13490666666667 13.434813333333334 25.00007666666667
vertex -26.09956666666667 10.810956666666668 0
vertex -26.330770000000005 10.906403333333335 25.00007666666667
endloop
endfacet
facet normal -0.9414905538060663 0.3368911885823617 -0.00999320516702548
outer loop
vertex -26.330770000000005 10.906403333333335 25.00007666666667
vertex -26.09956666666667 10.810956666666668 0
vertex -27.03364666666667 8.200536666666668 0
endloop
endfacet
facet normal -0.9415186773570409 0.33681285783333853 -0.009983936397428879
outer loop
vertex -26.330770000000005 10.906403333333335 25.00007666666667
vertex -27.03364666666667 8.200536666666668 0
vertex -27.27272666666667 8.273280000000002 25.00007666666667
endloop
endfacet
facet normal -0.969976072433539 0.24299538410033927 -0.009983096330030618
outer loop
vertex -27.27272666666667 8.273280000000002 25.00007666666667
vertex -27.03364666666667 8.200536666666668 0
vertex -27.707333333333338 5.511350000000001 0
endloop
endfacet
facet normal -0.9699771265281585 0.2429911961435806 -0.009982615333107294
outer loop
vertex -27.27272666666667 8.273280000000002 25.00007666666667
vertex -27.707333333333338 5.511350000000001 0
vertex -27.95243666666667 5.5600000000000005 25.00007666666667
endloop
endfacet
facet normal -0.9891272348810981 0.1467230464986652 -0.00998302772827361
outer loop
vertex -27.95243666666667 5.5600000000000005 25.00007666666667
vertex -27.707333333333338 5.511350000000001 0
vertex -28.114140000000003 2.7688800000000002 0
endloop
endfacet
facet normal -0.9891202928643099 0.14676948241128457 -0.009988256942304756
outer loop
vertex -27.95243666666667 5.5600000000000005 25.00007666666667
vertex -28.114140000000003 2.7688800000000002 0
vertex -28.362950000000005 2.793436666666667 25.00007666666667
endloop
endfacet
facet normal -0.9987503973360042 0.04896818380512962 -0.009988032639159171
outer loop
vertex -28.362950000000005 2.793436666666667 25.00007666666667
vertex -28.114140000000003 2.7688800000000002 0
vertex -28.24989666666667 0 0
endloop
endfacet
facet normal -0.9987470686037933 0.04903452186212009 -0.009995430009934712
outer loop
vertex -28.362950000000005 2.793436666666667 25.00007666666667
vertex -28.24989666666667 0 0
vertex -28.50009666666667 0 25.00007666666667
endloop
endfacet
facet normal -0.9987503231832617 -0.048968180169461355 -0.009995462581666148
outer loop
vertex -28.50009666666667 0 25.00007666666667
vertex -28.24989666666667 0 0
vertex -28.114140000000003 -2.7688800000000002 0
endloop
endfacet
facet normal -0.9987471421041919 -0.049034525470698295 -0.009988065406896292
outer loop
vertex -28.50009666666667 0 25.00007666666667
vertex -28.114140000000003 -2.7688800000000002 0
vertex -28.362950000000005 -2.793436666666667 25.00007666666667
endloop
endfacet
facet normal -0.9891271829998382 -0.1467230388028135 -0.009988279895610715
outer loop
vertex -28.362950000000005 -2.793436666666667 25.00007666666667
vertex -28.114140000000003 -2.7688800000000002 0
vertex -27.707333333333338 -5.511350000000001 0
endloop
endfacet
facet normal -0.9891203442930318 -0.1467694900424766 -0.00998305055109573
outer loop
vertex -28.362950000000005 -2.793436666666667 25.00007666666667
vertex -27.707333333333338 -5.511350000000001 0
vertex -27.95243666666667 -5.5600000000000005 25.00007666666667
endloop
endfacet
facet normal -0.9699760771122495 -0.24299538527243533 -0.009982613196545108
outer loop
vertex -27.95243666666667 -5.5600000000000005 25.00007666666667
vertex -27.707333333333338 -5.511350000000001 0
vertex -27.03364666666667 -8.200536666666668 0
endloop
endfacet
facet normal -0.9699771218909835 -0.24299119498191127 -0.009983094176991126
outer loop
vertex -27.95243666666667 -5.5600000000000005 25.00007666666667
vertex -27.03364666666667 -8.200536666666668 0
vertex -27.27272666666667 -8.273280000000002 25.00007666666667
endloop
endfacet
facet normal -0.9414906413565989 -0.33689121991034787 -0.009983896296419971
outer loop
vertex -27.27272666666667 -8.273280000000002 25.00007666666667
vertex -27.03364666666667 -8.200536666666668 0
vertex -26.09956666666667 -10.810956666666668 0
endloop
endfacet
facet normal -0.9415185905562165 -0.3368128267817679 -0.009993165279844998
outer loop
vertex -27.27272666666667 -8.273280000000002 25.00007666666667
vertex -26.09956666666667 -10.810956666666668 0
vertex -26.330770000000005 -10.906403333333335 25.00007666666667
endloop
endfacet
facet normal -0.903961376003511 -0.4274973562242532 -0.009992052597586017
outer loop
vertex -26.330770000000005 -10.906403333333335 25.00007666666667
vertex -26.09956666666667 -10.810956666666668 0
vertex -24.914360000000002 -13.317126666666669 0
endloop
endfacet
facet normal -0.9039422108390709 -0.42753799636717 -0.0099870478980792
outer loop
vertex -26.330770000000005 -10.906403333333335 25.00007666666667
vertex -24.914360000000002 -13.317126666666669 0
vertex -25.13490666666667 -13.434813333333334 25.00007666666667
endloop
endfacet
facet normal -0.8576860180260356 -0.5140768104926114 -0.009986360517551317
outer loop
vertex -25.13490666666667 -13.434813333333334 25.00007666666667
vertex -24.914360000000002 -13.317126666666669 0
vertex -23.48914666666667 -15.694953333333336 0
endloop
endfacet
facet normal -0.8576547642974575 -0.5141290823444007 -0.0099795774247749
outer loop
vertex -25.13490666666667 -13.434813333333334 25.00007666666667
vertex -23.48914666666667 -15.694953333333336 0
vertex -23.696720000000003 -15.833953333333335 25.00007666666667
endloop
endfacet
facet normal -0.8031173534931 -0.5957372794845825 -0.009980498511968444
outer loop
vertex -23.696720000000003 -15.833953333333335 25.00007666666667
vertex -23.48914666666667 -15.694953333333336 0
vertex -21.837363333333336 -17.921733333333336 0
endloop
endfacet
facet normal -0.803129606194013 -0.5957207227462185 -0.009982792463667602
outer loop
vertex -23.696720000000003 -15.833953333333335 25.00007666666667
vertex -21.837363333333336 -17.921733333333336 0
vertex -22.030573333333336 -18.080193333333337 25.00007666666667
endloop
endfacet
facet normal -0.740900651011414 -0.6715404502061488 -0.009982437968053554
outer loop
vertex -22.030573333333336 -18.080193333333337 25.00007666666667
vertex -21.837363333333336 -17.921733333333336 0
vertex -19.975690000000004 -19.975690000000004 0
endloop
endfacet
facet normal -0.7410039971069413 -0.6714261570030039 -0.009999598177622826
outer loop
vertex -22.030573333333336 -18.080193333333337 25.00007666666667
vertex -19.975690000000004 -19.975690000000004 0
vertex -20.152683333333336 -20.152683333333336 25.00007666666667
endloop
endfacet
facet normal -0.6715403345514949 -0.7409005234113442 -0.009999673957814564
outer loop
vertex -20.152683333333336 -20.152683333333336 25.00007666666667
vertex -19.975690000000004 -19.975690000000004 0
vertex -17.921733333333336 -21.837363333333336 0
endloop
endfacet
facet normal -0.6714262716199287 -0.7410041236012677 -0.00998251393583312
outer loop
vertex -20.152683333333336 -20.152683333333336 25.00007666666667
vertex -17.921733333333336 -21.837363333333336 0
vertex -18.080193333333337 -22.030573333333336 25.00007666666667
endloop
endfacet
facet normal -0.595737265782786 -0.8031173350216179 -0.009982802483491123
outer loop
vertex -18.080193333333337 -22.030573333333336 25.00007666666667
vertex -17.921733333333336 -21.837363333333336 0
vertex -15.694953333333336 -23.48914666666667 0
endloop
endfacet
facet normal -0.5957207363291416 -0.8031296245060294 -0.009980508417396094
outer loop
vertex -18.080193333333337 -22.030573333333336 25.00007666666667
vertex -15.694953333333336 -23.48914666666667 0
vertex -15.833953333333335 -23.696720000000003 25.00007666666667
endloop
endfacet
facet normal -0.5140768454632587 -0.8576860763710817 -0.009979546969868967
outer loop
vertex -15.833953333333335 -23.696720000000003 25.00007666666667
vertex -15.694953333333336 -23.48914666666667 0
vertex -13.317126666666669 -24.914360000000002 0
endloop
endfacet
facet normal -0.5141290476821668 -0.8576547064749552 -0.00998633019614414
outer loop
vertex -15.833953333333335 -23.696720000000003 25.00007666666667
vertex -13.317126666666669 -24.914360000000002 0
vertex -13.434813333333334 -25.13490666666667 25.00007666666667
endloop
endfacet
facet normal -0.4274973776918058 -0.9039614213975659 -0.009987026160071175
outer loop
vertex -13.434813333333334 -25.13490666666667 25.00007666666667
vertex -13.317126666666669 -24.914360000000002 0
vertex -10.810956666666668 -26.09956666666667 0
endloop
endfacet
facet normal -0.42753797508687813 -0.9039421658462183 -0.009992030016960921
outer loop
vertex -13.434813333333334 -25.13490666666667 25.00007666666667
vertex -10.810956666666668 -26.09956666666667 0
vertex -10.906403333333335 -26.330770000000005 25.00007666666667
endloop
endfacet
facet normal -0.3368911885823617 -0.9414905538060663 -0.00999320516702548
outer loop
vertex -10.906403333333335 -26.330770000000005 25.00007666666667
vertex -10.810956666666668 -26.09956666666667 0
vertex -8.200536666666668 -27.03364666666667 0
endloop
endfacet
facet normal -0.33681285783333853 -0.9415186773570409 -0.009983936397428879
outer loop
vertex -10.906403333333335 -26.330770000000005 25.00007666666667
vertex -8.200536666666668 -27.03364666666667 0
vertex -8.273280000000002 -27.27272666666667 25.00007666666667
endloop
endfacet
facet normal -0.24299538410033927 -0.969976072433539 -0.009983096330030618
outer loop
vertex -8.273280000000002 -27.27272666666667 25.00007666666667
vertex -8.200536666666668 -27.03364666666667 0
vertex -5.511350000000001 -27.707333333333338 0
endloop
endfacet
facet normal -0.2429911961435806 -0.9699771265281585 -0.009982615333107294
outer loop
vertex -8.273280000000002 -27.27272666666667 25.00007666666667
vertex -5.511350000000001 -27.707333333333338 0
vertex -5.5600000000000005 -27.95243666666667 25.00007666666667
endloop
endfacet
facet normal -0.1467230464986652 -0.9891272348810981 -0.00998302772827361
outer loop
vertex -5.5600000000000005 -27.95243666666667 25.00007666666667
vertex -5.511350000000001 -27.707333333333338 0
vertex -2.7688800000000002 -28.114140000000003 0
endloop
endfacet
facet normal -0.14676948241128457 -0.9891202928643099 -0.009988256942304756
outer loop
vertex -5.5600000000000005 -27.95243666666667 25.00007666666667
vertex -2.7688800000000002 -28.114140000000003 0
vertex -2.793436666666667 -28.362950000000005 25.00007666666667
endloop
endfacet
facet normal -0.04896818380512962 -0.9987503973360042 -0.009988032639159171
outer loop
vertex -2.793436666666667 -28.362950000000005 25.00007666666667
vertex -2.7688800000000002 -28.114140000000003 0
vertex 0 -28.24989666666667 0
endloop
endfacet
facet normal -0.04903452186212009 -0.9987470686037933 -0.009995430009934712
outer loop
vertex -2.793436666666667 -28.362950000000005 25.00007666666667
vertex 0 -28.24989666666667 0
vertex 0 -28.50009666666667 25.00007666666667
endloop
endfacet
facet normal 0.048968180169461355 -0.9987503231832617 -0.009995462581666148
outer loop
vertex 0 -28.50009666666667 25.00007666666667
vertex 0 -28.24989666666667 0
vertex 2.7688800000000002 -28.114140000000003 0
endloop
endfacet
facet normal 0.049034525470698295 -0.9987471421041919 -0.009988065406896292
outer loop
vertex 0 -28.50009666666667 25.00007666666667
vertex 2.7688800000000002 -28.114140000000003 0
vertex 2.793436666666667 -28.362950000000005 25.00007666666667
endloop
endfacet
facet normal 0.1467230388028135 -0.9891271829998382 -0.009988279895610715
outer loop
vertex 2.793436666666667 -28.362950000000005 25.00007666666667
vertex 2.7688800000000002 -28.114140000000003 0
vertex 5.511350000000001 -27.707333333333338 0
endloop
endfacet
facet normal 0.1467694900424766 -0.9891203442930318 -0.00998305055109573
outer loop
vertex 2.793436666666667 -28.362950000000005 25.00007666666667
vertex 5.511350000000001 -27.707333333333338 0
vertex 5.5600000000000005 -27.95243666666667 25.00007666666667
endloop
endfacet
facet normal 0.24299538527243533 -0.9699760771122495 -0.009982613196545108
outer loop
vertex 5.5600000000000005 -27.95243666666667 25.00007666666667
vertex 5.511350000000001 -27.707333333333338 0
vertex 8.200536666666668 -27.03364666666667 0
endloop
endfacet
facet normal 0.24299119498191127 -0.9699771218909835 -0.009983094176991126
outer loop
vertex 5.5600000000000005 -27.95243666666667 25.00007666666667
vertex 8.200536666666668 -27.03364666666667 0
vertex 8.273280000000002 -27.27272666666667 25.00007666666667
endloop
endfacet
facet normal 0.33689121991034787 -0.9414906413565989 -0.009983896296419971
outer loop
vertex 8.273280000000002 -27.27272666666667 25.00007666666667
vertex 8.200536666666668 -27.03364666666667 0
vertex 10.810956666666668 -26.09956666666667 0
endloop
endfacet
facet normal 0.3368128267817679 -0.9415185905562165 -0.009993165279844998
outer loop
vertex 8.273280000000002 -27.27272666666667 25.00007666666667
vertex 10.810956666666668 -26.09956666666667 0
vertex 10.906403333333335 -26.330770000000005 25.00007666666667
endloop
endfacet
facet normal 0.4274973562242532 -0.903961376003511 -0.009992052597586017
outer loop
vertex 10.906403333333335 -26.330770000000005 25.00007666666667
vertex 10.810956666666668 -26.09956666666667 0
vertex 13.317126666666669 -24.914360000000002 0
endloop
endfacet
facet normal 0.42753799636717 -0.9039422108390709 -0.0099870478980792
outer loop
vertex 10.906403333333335 -26.330770000000005 25.00007666666667
vertex 13.317126666666669 -24.914360000000002 0
vertex 13.434813333333334 -25.13490666666667 25.00007666666667
endloop
endfacet
facet normal 0.5140768104926114 -0.8576860180260356 -0.009986360517551317
outer loop
vertex 13.434813333333334 -25.13490666666667 25.00007666666667
vertex 13.317126666666669 -24.914360000000002 0
vertex 15.694953333333336 -23.48914666666667 0
endloop
endfacet
facet normal 0.5141290823444007 -0.8576547642974575 -0.0099795774247749
outer loop
vertex 13.434813333333334 -25.13490666666667 25.00007666666667
vertex 15.694953333333336 -23.48914666666667 0
vertex 15.833953333333335 -23.696720000000003 25.00007666666667
endloop
endfacet
facet normal 0.5957372794845825 -0.8031173534931 -0.009980498511968444
outer loop
vertex 15.833953333333335 -23.696720000000003 25.00007666666667
vertex 15.694953333333336 -23.48914666666667 0
vertex 17.921733333333336 -21.837363333333336 0
endloop
endfacet
facet normal 0.5957207227462185 -0.803129606194013 -0.009982792463667602
outer loop
vertex 15.833953333333335 -23.696720000000003 25.00007666666667
vertex 17.921733333333336 -21.837363333333336 0
vertex 18.080193333333337 -22.030573333333336 25.00007666666667
endloop
endfacet
facet normal 0.6715404502061488 -0.740900651011414 -0.009982437968053554
outer loop
vertex 18.080193333333337 -22.030573333333336 25.00007666666667
vertex 17.921733333333336 -21.837363333333336 0
vertex 19.975690000000004 -19.975690000000004 0
endloop
endfacet
facet normal 0.6714261570030039 -0.7410039971069413 -0.009999598177622826
outer loop
vertex 18.080193333333337 -22.030573333333336 25.00007666666667
vertex 19.975690000000004 -19.975690000000004 0
vertex 20.152683333333336 -20.152683333333336 25.00007666666667
endloop
endfacet
facet normal 0.7409005234113442 -0.6715403345514949 -0.009999673957814564
outer loop
vertex 20.152683333333336 -20.152683333333336 25.00007666666667
vertex 19.975690000000004 -19.975690000000004 0
vertex 21.837363333333336 -17.921733333333336 0
endloop
endfacet
facet normal 0.7410041236012677 -0.6714262716199287 -0.00998251393583312
outer loop
vertex 20.152683333333336 -20.152683333333336 25.00007666666667
vertex 21.837363333333336 -17.921733333333336 0
vertex 22.030573333333336 -18.080193333333337 25.00007666666667
endloop
endfacet
facet normal 0.8031173350216179 -0.595737265782786 -0.009982802483491123
outer loop
vertex 22.030573333333336 -18.080193333333337 25.00007666666667
vertex 21.837363333333336 -17.921733333333336 0
vertex 23.48914666666667 -15.694953333333336 0
endloop
endfacet
facet normal 0.8031296245060294 -0.5957207363291416 -0.009980508417396094
outer loop
vertex 22.030573333333336 -18.080193333333337 25.00007666666667
vertex 23.48914666666667 -15.694953333333336 0
vertex 23.696720000000003 -15.833953333333335 25.00007666666667
endloop
endfacet
facet normal 0.8576860763710817 -0.5140768454632587 -0.009979546969868967
outer loop
vertex 23.696720000000003 -15.833953333333335 25.00007666666667
vertex 23.48914666666667 -15.694953333333336 0
vertex 24.914360000000002 -13.317126666666669 0
endloop
endfacet
facet normal 0.8576547064749552 -0.5141290476821668 -0.00998633019614414
outer loop
vertex 23.696720000000003 -15.833953333333335 25.00007666666667
vertex 24.914360000000002 -13.317126666666669 0
vertex 25.13490666666667 -13.434813333333334 25.00007666666667
endloop
endfacet
facet normal 0.9039614213975659 -0.4274973776918058 -0.009987026160071175
outer loop
vertex 25.13490666666667 -13.434813333333334 25.00007666666667
vertex 24.914360000000002 -13.317126666666669 0
vertex 26.09956666666667 -10.810956666666668 0
endloop
endfacet
facet normal 0.9039421658462183 -0.42753797508687813 -0.009992030016960921
outer loop
vertex 25.13490666666667 -13.434813333333334 25.00007666666667
vertex 26.09956666666667 -10.810956666666668 0
vertex 26.330770000000005 -10.906403333333335 25.00007666666667
endloop
endfacet
facet normal 0.9414905538060663 -0.3368911885823617 -0.00999320516702548
outer loop
vertex 26.330770000000005 -10.906403333333335 25.00007666666667
vertex 26.09956666666667 -10.810956666666668 0
vertex 27.03364666666667 -8.200536666666668 0
endloop
endfacet
facet normal 0.9415186773570409 -0.33681285783333853 -0.009983936397428879
outer loop
vertex 26.330770000000005 -10.906403333333335 25.00007666666667
vertex 27.03364666666667 -8.200536666666668 0
vertex 27.27272666666667 -8.273280000000002 25.00007666666667
endloop
endfacet
facet normal 0.969976072433539 -0.24299538410033927 -0.009983096330030618
outer loop
vertex 27.27272666666667 -8.273280000000002 25.00007666666667
vertex 27.03364666666667 -8.200536666666668 0
vertex 27.707333333333338 -5.511350000000001 0
endloop
endfacet
facet normal 0.9699771265281585 -0.2429911961435806 -0.009982615333107294
outer loop
vertex 27.27272666666667 -8.273280000000002 25.00007666666667
vertex 27.707333333333338 -5.511350000000001 0
vertex 27.95243666666667 -5.5600000000000005 25.00007666666667
endloop
endfacet
facet normal 0.9891272348810981 -0.1467230464986652 -0.00998302772827361
outer loop
vertex 27.95243666666667 -5.5600000000000005 25.00007666666667
vertex 27.707333333333338 -5.511350000000001 0
vertex 28.114140000000003 -2.7688800000000002 0
endloop
endfacet
facet normal 0.9891202928643099 -0.14676948241128457 -0.009988256942304756
outer loop
vertex 27.95243666666667 -5.5600000000000005 25.00007666666667
vertex 28.114140000000003 -2.7688800000000002 0
vertex 28.362950000000005 -2.793436666666667 25.00007666666667
endloop
endfacet
facet normal 0.9987503973360042 -0.04896818380512962 -0.009988032639159171
outer loop
vertex 28.362950000000005 -2.793436666666667 25.00007666666667
vertex 28.114140000000003 -2.7688800000000002 0
vertex 28.24989666666667 0 0
endloop
endfacet
facet normal 0.9987470686037933 -0.04903452186212009 -0.009995430009934712
outer loop
vertex 28.362950000000005 -2.793436666666667 25.00007666666667
vertex 28.24989666666667 0 0
vertex 28.50009666666667 0 25.00007666666667
endloop
endfacet
facet normal -0.9987438827672336 -0.049100860795147784 0.009988098127548691
outer loop
vertex 26.372470000000003 2.597446666666667 25.00007666666667
vertex 26.123660000000005 2.57289 0
vertex 26.250150000000005 0 0
endloop
endfacet
facet normal -0.9987492798303762 -0.04899323081579561 0.009976942043267158
outer loop
vertex 26.372470000000003 2.597446666666667 25.00007666666667
vertex 26.250150000000005 0 0
vertex 26.49988666666667 0 25.00007666666667
endloop
endfacet
facet normal -0.989123247795372 -0.1467499218547318 0.009983040937755946
outer loop
vertex 25.990683333333337 5.169873333333334 25.00007666666667
vertex 25.745580000000004 5.121223333333334 0
vertex 26.123660000000005 2.57289 0
endloop
endfacet
facet normal -0.9891158220277652 -0.1467996104738614 0.009988242040588286
outer loop
vertex 25.990683333333337 5.169873333333334 25.00007666666667
vertex 26.123660000000005 2.57289 0
vertex 26.372470000000003 2.597446666666667 25.00007666666667
endloop
endfacet
facet normal -0.9699776648830876 -0.24298902749064605 0.009983093062915048
outer loop
vertex 25.35869666666667 7.692723333333334 25.00007666666667
vertex 25.11961666666667 7.619980000000001 0
vertex 25.745580000000004 5.121223333333334 0
endloop
endfacet
facet normal -0.9699787828933857 -0.24298458399753486 0.009982618705086294
outer loop
vertex 25.35869666666667 7.692723333333334 25.00007666666667
vertex 25.745580000000004 5.121223333333334 0
vertex 25.990683333333337 5.169873333333334 25.00007666666667
endloop
endfacet
facet normal -0.941503494296982 -0.33685502288791747 0.009993186766668001
outer loop
vertex 24.48299666666667 10.140976666666669 25.00007666666667
vertex 24.251793333333335 10.045530000000001 0
vertex 25.11961666666667 7.619980000000001 0
endloop
endfacet
facet normal -0.9415336119516788 -0.33677110647022634 0.009983957734545924
outer loop
vertex 24.48299666666667 10.140976666666669 25.00007666666667
vertex 25.11961666666667 7.619980000000001 0
vertex 25.35869666666667 7.692723333333334 25.00007666666667
endloop
endfacet
facet normal -0.9039526182630849 -0.4275159915661264 0.009987036124154913
outer loop
vertex 23.37099666666667 12.491930000000002 25.00007666666667
vertex 23.150450000000003 12.374243333333334 0
vertex 24.251793333333335 10.045530000000001 0
endloop
endfacet
facet normal -0.903931995601698 -0.4275594776200379 0.009992018055024844
outer loop
vertex 23.37099666666667 12.491930000000002 25.00007666666667
vertex 24.251793333333335 10.045530000000001 0
vertex 24.48299666666667 10.140976666666669 25.00007666666667
endloop
endfacet
facet normal -0.8577199688955688 -0.5140204804159219 0.009969988503986029
outer loop
vertex 22.03381666666667 14.72241666666667 25.00007666666667
vertex 21.826243333333338 14.583880000000002 0
vertex 23.150450000000003 12.374243333333334 0
endloop
endfacet
facet normal -0.8576387444652501 -0.5141556743927527 0.009986314725822794
outer loop
vertex 22.03381666666667 14.72241666666667 25.00007666666667
vertex 23.150450000000003 12.374243333333334 0
vertex 23.37099666666667 12.491930000000002 25.00007666666667
endloop
endfacet
facet normal -0.8031217772486832 -0.5957310921047351 0.009993838532620914
outer loop
vertex 20.484893333333336 16.81158666666667 25.00007666666667
vertex 20.291683333333335 16.652663333333336 0
vertex 21.826243333333338 14.583880000000002 0
endloop
endfacet
facet normal -0.8032615627115957 -0.5955430038023652 0.0099695783351873
outer loop
vertex 20.484893333333336 16.81158666666667 25.00007666666667
vertex 21.826243333333338 14.583880000000002 0
vertex 22.03381666666667 14.72241666666667 25.00007666666667
endloop
endfacet
facet normal -0.7409277258893938 -0.6715107107939304 0.00997347970377051
outer loop
vertex 18.73812666666667 18.73812666666667 25.00007666666667
vertex 18.56159666666667 18.56159666666667 0
vertex 20.291683333333335 16.652663333333336 0
endloop
endfacet
facet normal -0.7407892401113612 -0.6716631638335333 0.009994802867493395
outer loop
vertex 18.73812666666667 18.73812666666667 25.00007666666667
vertex 20.291683333333335 16.652663333333336 0
vertex 20.484893333333336 16.81158666666667 25.00007666666667
endloop
endfacet
facet normal -0.6715105671549131 -0.7409275674017793 0.009994901868908185
outer loop
vertex 16.81158666666667 20.484893333333336 25.00007666666667
vertex 16.652663333333336 20.291683333333335 0
vertex 18.56159666666667 18.56159666666667 0
endloop
endfacet
facet normal -0.6716633061656101 -0.7407893970919381 0.009973580442595486
outer loop
vertex 16.81158666666667 20.484893333333336 25.00007666666667
vertex 18.56159666666667 18.56159666666667 0
vertex 18.73812666666667 18.73812666666667 25.00007666666667
endloop
endfacet
facet normal -0.59573123706883 -0.8031219726788414 0.009969462417178495
outer loop
vertex 14.72241666666667 22.03381666666667 25.00007666666667
vertex 14.583880000000002 21.826243333333338 0
vertex 16.652663333333336 20.291683333333335 0
endloop
endfacet
facet normal -0.5955428602732956 -0.8032613691212352 0.009993720777606194
outer loop
vertex 14.72241666666667 22.03381666666667 25.00007666666667
vertex 16.652663333333336 20.291683333333335 0
vertex 16.81158666666667 20.484893333333336 25.00007666666667
endloop
endfacet
facet normal -0.5140203962678493 -0.8577198284819378 0.009986393220702381
outer loop
vertex 12.491930000000002 23.37099666666667 25.00007666666667
vertex 12.374243333333334 23.150450000000003 0
vertex 14.583880000000002 21.826243333333338 0
endloop
endfacet
facet normal -0.5141557577682783 -0.8576388835400182 0.009970064892389158
outer loop
vertex 12.491930000000002 23.37099666666667 25.00007666666667
vertex 14.583880000000002 21.826243333333338 0
vertex 14.72241666666667 22.03381666666667 25.00007666666667
endloop
endfacet
facet normal -0.42751597018438287 -0.9039525730528858 0.009992042252374546
outer loop
vertex 10.140976666666669 24.48299666666667 25.00007666666667
vertex 10.045530000000001 24.251793333333335 0
vertex 12.374243333333334 23.150450000000003 0
endloop
endfacet
facet normal -0.4275594988011826 -0.9039320403821682 0.009987059397620603
outer loop
vertex 10.140976666666669 24.48299666666667 25.00007666666667
vertex 12.374243333333334 23.150450000000003 0
vertex 12.491930000000002 23.37099666666667 25.00007666666667
endloop
endfacet
facet normal -0.33685505408831523 -0.9415035815015107 0.009983914812659108
outer loop
vertex 7.692723333333334 25.35869666666667 25.00007666666667
vertex 7.619980000000001 25.11961666666667 0
vertex 10.045530000000001 24.251793333333335 0
endloop
endfacet
facet normal -0.3367710755658759 -0.9415335255503096 0.009993144000151515
outer loop
vertex 7.692723333333334 25.35869666666667 25.00007666666667
vertex 10.045530000000001 24.251793333333335 0
vertex 10.140976666666669 24.48299666666667 25.00007666666667
endloop
endfacet
facet normal -0.2429890286469206 -0.9699776694987713 0.009982616438511697
outer loop
vertex 5.169873333333334 25.990683333333337 25.00007666666667
vertex 5.121223333333334 25.745580000000004 0
vertex 7.619980000000001 25.11961666666667 0
endloop
endfacet
facet normal -0.24298458285232238 -0.9699787783217715 0.009983090778246594
outer loop
vertex 5.169873333333334 25.990683333333337 25.00007666666667
vertex 7.619980000000001 25.11961666666667 0
vertex 7.692723333333334 25.35869666666667 25.00007666666667
endloop
endfacet
facet normal -0.14674991419629127 -0.9891231961759813 0.009988266615988712
outer loop
vertex 2.597446666666667 26.372470000000003 25.00007666666667
vertex 2.57289 26.123660000000005 0
vertex 5.121223333333334 25.745580000000004 0
endloop
endfacet
facet normal -0.14679961806308556 -0.9891158731629259 0.009983065344622769
outer loop
vertex 2.597446666666667 26.372470000000003 25.00007666666667
vertex 5.121223333333334 25.745580000000004 0
vertex 5.169873333333334 25.990683333333337 25.00007666666667
endloop
endfacet
facet normal -0.049100866289718034 -0.9987439945304152 0.009976889246101286
outer loop
vertex 0 26.49988666666667 25.00007666666667
vertex 0 26.250150000000005 0
vertex 2.57289 26.123660000000005 0
endloop
endfacet
facet normal -0.04899322538507418 -0.9987491691226514 0.009988045012959768
outer loop
vertex 0 26.49988666666667 25.00007666666667
vertex 2.57289 26.123660000000005 0
vertex 2.597446666666667 26.372470000000003 25.00007666666667
endloop
endfacet
facet normal 0.049100860795147784 -0.9987438827672336 0.009988098127548691
outer loop
vertex -2.597446666666667 26.372470000000003 25.00007666666667
vertex -2.57289 26.123660000000005 0
vertex 0 26.250150000000005 0
endloop
endfacet
facet normal 0.04899323081579561 -0.9987492798303762 0.009976942043267158
outer loop
vertex -2.597446666666667 26.372470000000003 25.00007666666667
vertex 0 26.250150000000005 0
vertex 0 26.49988666666667 25.00007666666667
endloop
endfacet
facet normal 0.1467499218547318 -0.989123247795372 0.009983040937755946
outer loop
vertex -5.169873333333334 25.990683333333337 25.00007666666667
vertex -5.121223333333334 25.745580000000004 0
vertex -2.57289 26.123660000000005 0
endloop
endfacet
facet normal 0.1467996104738614 -0.9891158220277652 0.009988242040588286
outer loop
vertex -5.169873333333334 25.990683333333337 25.00007666666667
vertex -2.57289 26.123660000000005 0
vertex -2.597446666666667 26.372470000000003 25.00007666666667
endloop
endfacet
facet normal 0.24298902749064605 -0.9699776648830876 0.009983093062915048
outer loop
vertex -7.692723333333334 25.35869666666667 25.00007666666667
vertex -7.619980000000001 25.11961666666667 0
vertex -5.121223333333334 25.745580000000004 0
endloop
endfacet
facet normal 0.24298458399753486 -0.9699787828933857 0.009982618705086294
outer loop
vertex -7.692723333333334 25.35869666666667 25.00007666666667
vertex -5.121223333333334 25.745580000000004 0
vertex -5.169873333333334 25.990683333333337 25.00007666666667
endloop
endfacet
facet normal 0.33685502288791747 -0.941503494296982 0.009993186766668001
outer loop
vertex -10.140976666666669 24.48299666666667 25.00007666666667
vertex -10.045530000000001 24.251793333333335 0
vertex -7.619980000000001 25.11961666666667 0
endloop
endfacet
facet normal 0.33677110647022634 -0.9415336119516788 0.009983957734545924
outer loop
vertex -10.140976666666669 24.48299666666667 25.00007666666667
vertex -7.619980000000001 25.11961666666667 0
vertex -7.692723333333334 25.35869666666667 25.00007666666667
endloop
endfacet
facet normal 0.4275159915661264 -0.9039526182630849 0.009987036124154913
outer loop
vertex -12.491930000000002 23.37099666666667 25.00007666666667
vertex -12.374243333333334 23.150450000000003 0
vertex -10.045530000000001 24.251793333333335 0
endloop
endfacet
facet normal 0.4275594776200379 -0.903931995601698 0.009992018055024844
outer loop
vertex -12.491930000000002 23.37099666666667 25.00007666666667
vertex -10.045530000000001 24.251793333333335 0
vertex -10.140976666666669 24.48299666666667 25.00007666666667
endloop
endfacet
facet normal 0.5140204804159219 -0.8577199688955688 0.009969988503986029
outer loop
vertex -14.72241666666667 22.03381666666667 25.00007666666667
vertex -14.583880000000002 21.826243333333338 0
vertex -12.374243333333334 23.150450000000003 0
endloop
endfacet
facet normal 0.5141556743927527 -0.8576387444652501 0.009986314725822794
outer loop
vertex -14.72241666666667 22.03381666666667 25.00007666666667
vertex -12.374243333333334 23.150450000000003 0
vertex -12.491930000000002 23.37099666666667 25.00007666666667
endloop
endfacet
facet normal 0.5957310921047351 -0.8031217772486832 0.009993838532620914
outer loop
vertex -16.81158666666667 20.484893333333336 25.00007666666667
vertex -16.652663333333336 20.291683333333335 0
vertex -14.583880000000002 21.826243333333338 0
endloop
endfacet
facet normal 0.5955430038023652 -0.8032615627115957 0.0099695783351873
outer loop
vertex -16.81158666666667 20.484893333333336 25.00007666666667
vertex -14.583880000000002 21.826243333333338 0
vertex -14.72241666666667 22.03381666666667 25.00007666666667
endloop
endfacet
facet normal 0.6715107107939304 -0.7409277258893938 0.00997347970377051
outer loop
vertex -18.73812666666667 18.73812666666667 25.00007666666667
vertex -18.56159666666667 18.56159666666667 0
vertex -16.652663333333336 20.291683333333335 0
endloop
endfacet
facet normal 0.6716631638335333 -0.7407892401113612 0.009994802867493395
outer loop
vertex -18.73812666666667 18.73812666666667 25.00007666666667
vertex -16.652663333333336 20.291683333333335 0
vertex -16.81158666666667 20.484893333333336 25.00007666666667
endloop
endfacet
facet normal 0.7409275674017793 -0.6715105671549131 0.009994901868908185
outer loop
vertex -20.484893333333336 16.81158666666667 25.00007666666667
vertex -20.291683333333335 16.652663333333336 0
vertex -18.56159666666667 18.56159666666667 0
endloop
endfacet
facet normal 0.7407893970919381 -0.6716633061656101 0.009973580442595486
outer loop
vertex -20.484893333333336 16.81158666666667 25.00007666666667
vertex -18.56159666666667 18.56159666666667 0
vertex -18.73812666666667 18.73812666666667 25.00007666666667
endloop
endfacet
facet normal 0.8031219726788414 -0.59573123706883 0.009969462417178495
outer loop
vertex -22.03381666666667 14.72241666666667 25.00007666666667
vertex -21.826243333333338 14.583880000000002 0
vertex -20.291683333333335 16.652663333333336 0
endloop
endfacet
facet normal 0.8032613691212352 -0.5955428602732956 0.009993720777606194
outer loop
vertex -22.03381666666667 14.72241666666667 25.00007666666667
vertex -20.291683333333335 16.652663333333336 0
vertex -20.484893333333336 16.81158666666667 25.00007666666667
endloop
endfacet
facet normal 0.8577198284819378 -0.5140203962678493 0.009986393220702381
outer loop
vertex -23.37099666666667 12.491930000000002 25.00007666666667
vertex -23.150450000000003 12.374243333333334 0
vertex -21.826243333333338 14.583880000000002 0
endloop
endfacet
facet normal 0.8576388835400182 -0.5141557577682783 0.009970064892389158
outer loop
vertex -23.37099666666667 12.491930000000002 25.00007666666667
vertex -21.826243333333338 14.583880000000002 0
vertex -22.03381666666667 14.72241666666667 25.00007666666667
endloop
endfacet
facet normal 0.9039525730528858 -0.42751597018438287 0.009992042252374546
outer loop
vertex -24.48299666666667 10.140976666666669 25.00007666666667
vertex -24.251793333333335 10.045530000000001 0
vertex -23.150450000000003 12.374243333333334 0
endloop
endfacet
facet normal 0.9039320403821682 -0.4275594988011826 0.009987059397620603
outer loop
vertex -24.48299666666667 10.140976666666669 25.00007666666667
vertex -23.150450000000003 12.374243333333334 0
vertex -23.37099666666667 12.491930000000002 25.00007666666667
endloop
endfacet
facet normal 0.9415035815015107 -0.33685505408831523 0.009983914812659108
outer loop
vertex -25.35869666666667 7.692723333333334 25.00007666666667
vertex -25.11961666666667 7.619980000000001 0
vertex -24.251793333333335 10.045530000000001 0
endloop
endfacet
facet normal 0.9415335255503096 -0.3367710755658759 0.009993144000151515
outer loop
vertex -25.35869666666667 7.692723333333334 25.00007666666667
vertex -24.251793333333335 10.045530000000001 0
vertex -24.48299666666667 10.140976666666669 25.00007666666667
endloop
endfacet
facet normal 0.9699776694987713 -0.2429890286469206 0.009982616438511697
outer loop
vertex -25.990683333333337 5.169873333333334 25.00007666666667
vertex -25.745580000000004 5.121223333333334 0
vertex -25.11961666666667 7.619980000000001 0
endloop
endfacet
facet normal 0.9699787783217715 -0.24298458285232238 0.009983090778246594
outer loop
vertex -25.990683333333337 5.169873333333334 25.00007666666667
vertex -25.11961666666667 7.619980000000001 0
vertex -25.35869666666667 7.692723333333334 25.00007666666667
endloop
endfacet
facet normal 0.9891231961759813 -0.14674991419629127 0.009988266615988712
outer loop
vertex -26.372470000000003 2.597446666666667 25.00007666666667
vertex -26.123660000000005 2.57289 0
vertex -25.745580000000004 5.121223333333334 0
endloop
endfacet
facet normal 0.9891158731629259 -0.14679961806308556 0.009983065344622769
outer loop
vertex -26.372470000000003 2.597446666666667 25.00007666666667
vertex -25.745580000000004 5.121223333333334 0
vertex -25.990683333333337 5.169873333333334 25.00007666666667
endloop
endfacet
facet normal 0.9987439945304152 -0.049100866289718034 0.009976889246101286
outer loop
vertex -26.49988666666667 0 25.00007666666667
vertex -26.250150000000005 0 0
vertex -26.123660000000005 2.57289 0
endloop
endfacet
facet normal 0.9987491691226514 -0.04899322538507418 0.009988045012959768
outer loop
vertex -26.49988666666667 0 25.00007666666667
vertex -26.123660000000005 2.57289 0
vertex -26.372470000000003 2.597446666666667 25.00007666666667
endloop
endfacet
facet normal 0.9987438827672336 0.049100860795147784 0.009988098127548691
outer loop
vertex -26.372470000000003 -2.597446666666667 25.00007666666667
vertex -26.123660000000005 -2.57289 0
vertex -26.250150000000005 0 0
endloop
endfacet
facet normal 0.9987492798303762 0.04899323081579561 0.009976942043267158
outer loop
vertex -26.372470000000003 -2.597446666666667 25.00007666666667
vertex -26.250150000000005 0 0
vertex -26.49988666666667 0 25.00007666666667
endloop
endfacet
facet normal 0.989123247795372 0.1467499218547318 0.009983040937755946
outer loop
vertex -25.990683333333337 -5.169873333333334 25.00007666666667
vertex -25.745580000000004 -5.121223333333334 0
vertex -26.123660000000005 -2.57289 0
endloop
endfacet
facet normal 0.9891158220277652 0.1467996104738614 0.009988242040588286
outer loop
vertex -25.990683333333337 -5.169873333333334 25.00007666666667
vertex -26.123660000000005 -2.57289 0
vertex -26.372470000000003 -2.597446666666667 25.00007666666667
endloop
endfacet
facet normal 0.9699776648830876 0.24298902749064605 0.009983093062915048
outer loop
vertex -25.35869666666667 -7.692723333333334 25.00007666666667
vertex -25.11961666666667 -7.619980000000001 0
vertex -25.745580000000004 -5.121223333333334 0
endloop
endfacet
facet normal 0.9699787828933857 0.24298458399753486 0.009982618705086294
outer loop
vertex -25.35869666666667 -7.692723333333334 25.00007666666667
vertex -25.745580000000004 -5.121223333333334 0
vertex -25.990683333333337 -5.169873333333334 25.00007666666667
endloop
endfacet
facet normal 0.941503494296982 0.33685502288791747 0.009993186766668001
outer loop
vertex -24.48299666666667 -10.140976666666669 25.00007666666667
vertex -24.251793333333335 -10.045530000000001 0
vertex -25.11961666666667 -7.619980000000001 0
endloop
endfacet
facet normal 0.9415336119516788 0.33677110647022634 0.009983957734545924
outer loop
vertex -24.48299666666667 -10.140976666666669 25.00007666666667
vertex -25.11961666666667 -7.619980000000001 0
vertex -25.35869666666667 -7.692723333333334 25.00007666666667
endloop
endfacet
facet normal 0.9039526182630849 0.4275159915661264 0.009987036124154913
outer loop
vertex -23.37099666666667 -12.491930000000002 25.00007666666667
vertex -23.150450000000003 -12.374243333333334 0
vertex -24.251793333333335 -10.045530000000001 0
endloop
endfacet
facet normal 0.903931995601698 0.4275594776200379 0.009992018055024844
outer loop
vertex -23.37099666666667 -12.491930000000002 25.00007666666667
vertex -24.251793333333335 -10.045530000000001 0
vertex -24.48299666666667 -10.140976666666669 25.00007666666667
endloop
endfacet
facet normal 0.8577199688955688 0.5140204804159219 0.009969988503986029
outer loop
vertex -22.03381666666667 -14.72241666666667 25.00007666666667
vertex -21.826243333333338 -14.583880000000002 0
vertex -23.150450000000003 -12.374243333333334 0
endloop
endfacet
facet normal 0.8576387444652501 0.5141556743927527 0.009986314725822794
outer loop
vertex -22.03381666666667 -14.72241666666667 25.00007666666667
vertex -23.150450000000003 -12.374243333333334 0
vertex -23.37099666666667 -12.491930000000002 25.00007666666667
endloop
endfacet
facet normal 0.8031217772486832 0.5957310921047351 0.009993838532620914
outer loop
vertex -20.484893333333336 -16.81158666666667 25.00007666666667
vertex -20.291683333333335 -16.652663333333336 0
vertex -21.826243333333338 -14.583880000000002 0
endloop
endfacet
facet normal 0.8032615627115957 0.5955430038023652 0.0099695783351873
outer loop
vertex -20.484893333333336 -16.81158666666667 25.00007666666667
vertex -21.826243333333338 -14.583880000000002 0
vertex -22.03381666666667 -14.72241666666667 25.00007666666667
endloop
endfacet
facet normal 0.7409277258893938 0.6715107107939304 0.00997347970377051
outer loop
vertex -18.73812666666667 -18.73812666666667 25.00007666666667
vertex -18.56159666666667 -18.56159666666667 0
vertex -20.291683333333335 -16.652663333333336 0
endloop
endfacet
facet normal 0.7407892401113612 0.6716631638335333 0.009994802867493395
outer loop
vertex -18.73812666666667 -18.73812666666667 25.00007666666667
vertex -20.291683333333335 -16.652663333333336 0
vertex -20.484893333333336 -16.81158666666667 25.00007666666667
endloop
endfacet
facet normal 0.6715105671549131 0.7409275674017793 0.009994901868908185
outer loop
vertex -16.81158666666667 -20.484893333333336 25.00007666666667
vertex -16.652663333333336 -20.291683333333335 0
vertex -18.56159666666667 -18.56159666666667 0
endloop
endfacet
facet normal 0.6716633061656101 0.7407893970919381 0.009973580442595486
outer loop
vertex -16.81158666666667 -20.484893333333336 25.00007666666667
vertex -18.56159666666667 -18.56159666666667 0
vertex -18.73812666666667 -18.73812666666667 25.00007666666667
endloop
endfacet
facet normal 0.59573123706883 0.8031219726788414 0.009969462417178495
outer loop
vertex -14.72241666666667 -22.03381666666667 25.00007666666667
vertex -14.583880000000002 -21.826243333333338 0
vertex -16.652663333333336 -20.291683333333335 0
endloop
endfacet
facet normal 0.5955428602732956 0.8032613691212352 0.009993720777606194
outer loop
vertex -14.72241666666667 -22.03381666666667 25.00007666666667
vertex -16.652663333333336 -20.291683333333335 0
vertex -16.81158666666667 -20.484893333333336 25.00007666666667
endloop
endfacet
facet normal 0.5140203962678493 0.8577198284819378 0.009986393220702381
outer loop
vertex -12.491930000000002 -23.37099666666667 25.00007666666667
vertex -12.374243333333334 -23.150450000000003 0
vertex -14.583880000000002 -21.826243333333338 0
endloop
endfacet
facet normal 0.5141557577682783 0.8576388835400182 0.009970064892389158
outer loop
vertex -12.491930000000002 -23.37099666666667 25.00007666666667
vertex -14.583880000000002 -21.826243333333338 0
vertex -14.72241666666667 -22.03381666666667 25.00007666666667
endloop
endfacet
facet normal 0.42751597018438287 0.9039525730528858 0.009992042252374546
outer loop
vertex -10.140976666666669 -24.48299666666667 25.00007666666667
vertex -10.045530000000001 -24.251793333333335 0
vertex -12.374243333333334 -23.150450000000003 0
endloop
endfacet
facet normal 0.4275594988011826 0.9039320403821682 0.009987059397620603
outer loop
vertex -10.140976666666669 -24.48299666666667 25.00007666666667
vertex -12.374243333333334 -23.150450000000003 0
vertex -12.491930000000002 -23.37099666666667 25.00007666666667
endloop
endfacet
facet normal 0.33685505408831523 0.9415035815015107 0.009983914812659108
outer loop
vertex -7.692723333333334 -25.35869666666667 25.00007666666667
vertex -7.619980000000001 -25.11961666666667 0
vertex -10.045530000000001 -24.251793333333335 0
endloop
endfacet
facet normal 0.3367710755658759 0.9415335255503096 0.009993144000151515
outer loop
vertex -7.692723333333334 -25.35869666666667 25.00007666666667
vertex -10.045530000000001 -24.251793333333335 0
vertex -10.140976666666669 -24.48299666666667 25.00007666666667
endloop
endfacet
facet normal 0.2429890286469206 0.9699776694987713 0.009982616438511697
outer loop
vertex -5.169873333333334 -25.990683333333337 25.00007666666667
vertex -5.121223333333334 -25.745580000000004 0
vertex -7.619980000000001 -25.11961666666667 0
endloop
endfacet
facet normal 0.24298458285232238 0.9699787783217715 0.009983090778246594
outer loop
vertex -5.169873333333334 -25.990683333333337 25.00007666666667
vertex -7.619980000000001 -25.11961666666667 0
vertex -7.692723333333334 -25.35869666666667 25.00007666666667
endloop
endfacet
facet normal 0.14674991419629127 0.9891231961759813 0.009988266615988712
outer loop
vertex -2.597446666666667 -26.372470000000003 25.00007666666667
vertex -2.57289 -26.123660000000005 0
vertex -5.121223333333334 -25.745580000000004 0
endloop
endfacet
facet normal 0.14679961806308556 0.9891158731629259 0.009983065344622769
outer loop
vertex -2.597446666666667 -26.372470000000003 25.00007666666667
vertex -5.121223333333334 -25.745580000000004 0
vertex -5.169873333333334 -25.990683333333337 25.00007666666667
endloop
endfacet
facet normal 0.049100866289718034 0.9987439945304152 0.009976889246101286
outer loop
vertex 0 -26.49988666666667 25.00007666666667
vertex 0 -26.250150000000005 0
vertex -2.57289 -26.123660000000005 0
endloop
endfacet
facet normal 0.04899322538507418 0.9987491691226514 0.009988045012959768
outer loop
vertex 0 -26.49988666666667 25.00007666666667
vertex -2.57289 -26.123660000000005 0
vertex -2.597446666666667 -26.372470000000003 25.00007666666667
endloop
endfacet
facet normal -0.049100860795147784 0.9987438827672336 0.009988098127548691
outer loop
vertex 2.597446666666667 -26.372470000000003 25.00007666666667
vertex 2.57289 -26.123660000000005 0
vertex 0 -26.250150000000005 0
endloop
endfacet
facet normal -0.04899323081579561 0.9987492798303762 0.009976942043267158
outer loop
vertex 2.597446666666667 -26.372470000000003 25.00007666666667
vertex 0 -26.250150000000005 0
vertex 0 -26.49988666666667 25.00007666666667
endloop
endfacet
facet normal -0.1467499218547318 0.989123247795372 0.009983040937755946
outer loop
vertex 5.169873333333334 -25.990683333333337 25.00007666666667
vertex 5.121223333333334 -25.745580000000004 0
vertex 2.57289 -26.123660000000005 0
endloop
endfacet
facet normal -0.1467996104738614 0.9891158220277652 0.009988242040588286
outer loop
vertex 5.169873333333334 -25.990683333333337 25.00007666666667
vertex 2.57289 -26.123660000000005 0
vertex 2.597446666666667 -26.372470000000003 25.00007666666667
endloop
endfacet
facet normal -0.24298902749064605 0.9699776648830876 0.009983093062915048
outer loop
vertex 7.692723333333334 -25.35869666666667 25.00007666666667
vertex 7.619980000000001 -25.11961666666667 0
vertex 5.121223333333334 -25.745580000000004 0
endloop
endfacet
facet normal -0.24298458399753486 0.9699787828933857 0.009982618705086294
outer loop
vertex 7.692723333333334 -25.35869666666667 25.00007666666667
vertex 5.121223333333334 -25.745580000000004 0
vertex 5.169873333333334 -25.990683333333337 25.00007666666667
endloop
endfacet
facet normal -0.33685502288791747 0.941503494296982 0.009993186766668001
outer loop
vertex 10.140976666666669 -24.48299666666667 25.00007666666667
vertex 10.045530000000001 -24.251793333333335 0
vertex 7.619980000000001 -25.11961666666667 0
endloop
endfacet
facet normal -0.33677110647022634 0.9415336119516788 0.009983957734545924
outer loop
vertex 10.140976666666669 -24.48299666666667 25.00007666666667
vertex 7.619980000000001 -25.11961666666667 0
vertex 7.692723333333334 -25.35869666666667 25.00007666666667
endloop
endfacet
facet normal -0.4275159915661264 0.9039526182630849 0.009987036124154913
outer loop
vertex 12.491930000000002 -23.37099666666667 25.00007666666667
vertex 12.374243333333334 -23.150450000000003 0
vertex 10.045530000000001 -24.251793333333335 0
endloop
endfacet
facet normal -0.4275594776200379 0.903931995601698 0.009992018055024844
outer loop
vertex 12.491930000000002 -23.37099666666667 25.00007666666667
vertex 10.045530000000001 -24.251793333333335 0
vertex 10.140976666666669 -24.48299666666667 25.00007666666667
endloop
endfacet
facet normal -0.5140204804159219 0.8577199688955688 0.009969988503986029
outer loop
vertex 14.72241666666667 -22.03381666666667 25.00007666666667
vertex 14.583880000000002 -21.826243333333338 0
vertex 12.374243333333334 -23.150450000000003 0
endloop
endfacet
facet normal -0.5141556743927527 0.8576387444652501 0.009986314725822794
outer loop
vertex 14.72241666666667 -22.03381666666667 25.00007666666667
vertex 12.374243333333334 -23.150450000000003 0
vertex 12.491930000000002 -23.37099666666667 25.00007666666667
endloop
endfacet
facet normal -0.5957310921047351 0.8031217772486832 0.009993838532620914
outer loop
vertex 16.81158666666667 -20.484893333333336 25.00007666666667
vertex 16.652663333333336 -20.291683333333335 0
vertex 14.583880000000002 -21.826243333333338 0
endloop
endfacet
facet normal -0.5955430038023652 0.8032615627115957 0.0099695783351873
outer loop
vertex 16.81158666666667 -20.484893333333336 25.00007666666667
vertex 14.583880000000002 -21.826243333333338 0
vertex 14.72241666666667 -22.03381666666667 25.00007666666667
endloop
endfacet
facet normal -0.6715107107939304 0.7409277258893938 0.00997347970377051
outer loop
vertex 18.73812666666667 -18.73812666666667 25.00007666666667
vertex 18.56159666666667 -18.56159666666667 0
vertex 16.652663333333336 -20.291683333333335 0
endloop
endfacet
facet normal -0.6716631638335333 0.7407892401113612 0.009994802867493395
outer loop
vertex 18.73812666666667 -18.73812666666667 25.00007666666667
vertex 16.652663333333336 -20.291683333333335 0
vertex 16.81158666666667 -20.484893333333336 25.00007666666667
endloop
endfacet
facet normal -0.7409275674017793 0.6715105671549131 0.009994901868908185
outer loop
vertex 20.484893333333336 -16.81158666666667 25.00007666666667
vertex 20.291683333333335 -16.652663333333336 0
vertex 18.56159666666667 -18.56159666666667 0
endloop
endfacet
facet normal -0.7407893970919381 0.6716633061656101 0.009973580442595486
outer loop
vertex 20.484893333333336 -16.81158666666667 25.00007666666667
vertex 18.56159666666667 -18.56159666666667 0
vertex 18.73812666666667 -18.73812666666667 25.00007666666667
endloop
endfacet
facet normal -0.8031219726788414 0.59573123706883 0.009969462417178495
outer loop
vertex 22.03381666666667 -14.72241666666667 25.00007666666667
vertex 21.826243333333338 -14.583880000000002 0
vertex 20.291683333333335 -16.652663333333336 0
endloop
endfacet
facet normal -0.8032613691212352 0.5955428602732956 0.009993720777606194
outer loop
vertex 22.03381666666667 -14.72241666666667 25.00007666666667
vertex 20.291683333333335 -16.652663333333336 0
vertex 20.484893333333336 -16.81158666666667 25.00007666666667
endloop
endfacet
facet normal -0.8577198284819378 0.5140203962678493 0.009986393220702381
outer loop
vertex 23.37099666666667 -12.491930000000002 25.00007666666667
vertex 23.150450000000003 -12.374243333333334 0
vertex 21.826243333333338 -14.583880000000002 0
endloop
endfacet
facet normal -0.8576388835400182 0.5141557577682783 0.009970064892389158
outer loop
vertex 23.37099666666667 -12.491930000000002 25.00007666666667
vertex 21.826243333333338 -14.583880000000002 0
vertex 22.03381666666667 -14.72241666666667 25.00007666666667
endloop
endfacet
facet normal -0.9039525730528858 0.42751597018438287 0.009992042252374546
outer loop
vertex 24.48299666666667 -10.140976666666669 25.00007666666667
vertex 24.251793333333335 -10.045530000000001 0
vertex 23.150450000000003 -12.374243333333334 0
endloop
endfacet
facet normal -0.9039320403821682 0.4275594988011826 0.009987059397620603
outer loop
vertex 24.48299666666667 -10.140976666666669 25.00007666666667
vertex 23.150450000000003 -12.374243333333334 0
vertex 23.37099666666667 -12.491930000000002 25.00007666666667
endloop
endfacet
facet normal -0.9415035815015107 0.33685505408831523 0.009983914812659108
outer loop
vertex 25.35869666666667 -7.692723333333334 25.00007666666667
vertex 25.11961666666667 -7.619980000000001 0
vertex 24.251793333333335 -10.045530000000001 0
endloop
endfacet
facet normal -0.9415335255503096 0.3367710755658759 0.009993144000151515
outer loop
vertex 25.35869666666667 -7.692723333333334 25.00007666666667
vertex 24.251793333333335 -10.045530000000001 0
vertex 24.48299666666667 -10.140976666666669 25.00007666666667
endloop
endfacet
facet normal -0.9699776694987713 0.2429890286469206 0.009982616438511697
outer loop
vertex 25.990683333333337 -5.169873333333334 25.00007666666667
vertex 25.745580000000004 -5.121223333333334 0
vertex 25.11961666666667 -7.619980000000001 0
endloop
endfacet
facet normal -0.9699787783217715 0.24298458285232238 0.009983090778246594
outer loop
vertex 25.990683333333337 -5.169873333333334 25.00007666666667
vertex 25.11961666666667 -7.619980000000001 0
vertex 25.35869666666667 -7.692723333333334 25.00007666666667
endloop
endfacet
facet normal -0.9891231961759813 0.14674991419629127 0.009988266615988712
outer loop
vertex 26.372470000000003 -2.597446666666667 25.00007666666667
vertex 26.123660000000005 -2.57289 0
vertex 25.745580000000004 -5.121223333333334 0
endloop
endfacet
facet normal -0.9891158731629259 0.14679961806308556 0.009983065344622769
outer loop
vertex 26.372470000000003 -2.597446666666667 25.00007666666667
vertex 25.745580000000004 -5.121223333333334 0
vertex 25.990683333333337 -5.169873333333334 25.00007666666667
endloop
endfacet
facet normal -0.9987439945304152 0.049100866289718034 0.009976889246101286
outer loop
vertex 26.49988666666667 0 25.00007666666667
vertex 26.250150000000005 0 0
vertex 26.123660000000005 -2.57289 0
endloop
endfacet
facet normal -0.9987491691226514 0.04899322538507418 0.009988045012959768
outer loop
vertex 26.49988666666667 0 25.00007666666667
vertex 26.123660000000005 -2.57289 0
vertex 26.372470000000003 -2.597446666666667 25.00007666666667
endloop
endfacet
facet normal 0 0 -0.9999999999999999
outer loop
vertex 0 27.270873333333338 0
vertex 2.7688800000000002 28.114140000000003 0
vertex 5.511350000000001 27.707333333333338 0
endloop
endfacet
facet normal 0 0 -1
outer loop
vertex 0 27.270873333333338 0
vertex 5.511350000000001 27.707333333333338 0
vertex 8.200536666666668 27.03364666666667 0
endloop
endfacet
facet normal 0 0 -1
outer loop
vertex 0 27.270873333333338 0
vertex 8.200536666666668 27.03364666666667 0
vertex 10.390250000000002 26.250150000000005 0
endloop
endfacet
facet normal 0 0 -1
outer loop
vertex 0 27.270873333333338 0
vertex 10.390250000000002 26.250150000000005 0
vertex 0 26.250150000000005 0
endloop
endfacet
facet normal 0 0 -1
outer loop
vertex 0 27.270873333333338 0
vertex 0 26.250150000000005 0
vertex -10.390250000000002 26.250150000000005 0
endloop
endfacet
facet normal 0 0 -1
outer loop
vertex 0 27.270873333333338 0
vertex -10.390250000000002 26.250150000000005 0
vertex -8.200536666666668 27.03364666666667 0
endloop
endfacet
facet normal 0 0 -1
outer loop
vertex 0 27.270873333333338 0
vertex -8.200536666666668 27.03364666666667 0
vertex -5.511350000000001 27.707333333333338 0
endloop
endfacet
facet normal 0 0 -0.9999999999999999
outer loop
vertex 0 27.270873333333338 0
vertex -5.511350000000001 27.707333333333338 0
vertex -2.7688800000000002 28.114140000000003 0
endloop
endfacet
facet normal 0 0 -1
outer loop
vertex 0 27.270873333333338 0
vertex -2.7688800000000002 28.114140000000003 0
vertex 0 28.24989666666667 0
endloop
endfacet
facet normal 0 0 -1
outer loop
vertex 0 27.270873333333338 0
vertex 0 28.24989666666667 0
vertex 2.7688800000000002 28.114140000000003 0
endloop
endfacet
facet normal 0 0 -1
outer loop
vertex 0 26.250150000000005 0
vertex -2.57289 26.123660000000005 0
vertex -10.743773333333335 26.123660000000005 0
endloop
endfacet
facet normal 0 0 -1
outer loop
vertex 0 26.250150000000005 0
vertex -10.743773333333335 26.123660000000005 0
vertex -10.390250000000002 26.250150000000005 0
endloop
endfacet
facet normal 0 0 -1
outer loop
vertex 10.390250000000002 26.250150000000005 0
vertex 10.743773333333335 26.123660000000005 0
vertex 2.57289 26.123660000000005 0
endloop
endfacet
facet normal 0 0 -1
outer loop
vertex 10.390250000000002 26.250150000000005 0
vertex 2.57289 26.123660000000005 0
vertex 0 26.250150000000005 0
endloop
endfacet
facet normal 0 0 -1
outer loop
vertex -8.161616666666667 25.96751666666667 0
vertex -2.57289 26.123660000000005 0
vertex -5.121223333333334 25.745580000000004 0
endloop
endfacet
facet normal 0 0 -1
outer loop
vertex -8.161616666666667 25.96751666666667 0
vertex -5.121223333333334 25.745580000000004 0
vertex -11.55924 25.745580000000004 0
endloop
endfacet
facet normal 0 0 -1
outer loop
vertex -8.161616666666667 25.96751666666667 0
vertex -11.55924 25.745580000000004 0
vertex -10.810956666666668 26.09956666666667 0
endloop
endfacet
facet normal 0 0 -1
outer loop
vertex -8.161616666666667 25.96751666666667 0
vertex -10.810956666666668 26.09956666666667 0
vertex -10.743773333333335 26.123660000000005 0
endloop
endfacet
facet normal 0 0 -1
outer loop
vertex -8.161616666666667 25.96751666666667 0
vertex -10.743773333333335 26.123660000000005 0
vertex -2.57289 26.123660000000005 0
endloop
endfacet
facet normal 0 0 -1
outer loop
vertex 8.161616666666667 25.96751666666667 0
vertex 10.743773333333335 26.123660000000005 0
vertex 10.810956666666668 26.09956666666667 0
endloop
endfacet
facet normal 0 0 -1
outer loop
vertex 8.161616666666667 25.96751666666667 0
vertex 10.810956666666668 26.09956666666667 0
vertex 11.55924 25.745580000000004 0
endloop
endfacet
facet normal 0 0 -1
outer loop
vertex 8.161616666666667 25.96751666666667 0
vertex 11.55924 25.745580000000004 0
vertex 5.121223333333334 25.745580000000004 0
endloop
endfacet
facet normal 0 0 -1
outer loop
vertex 8.161616666666667 25.96751666666667 0
vertex 5.121223333333334 25.745580000000004 0
vertex 2.57289 26.123660000000005 0
endloop
endfacet
facet normal 0 0 -1
outer loop
vertex 8.161616666666667 25.96751666666667 0
vertex 2.57289 26.123660000000005 0
vertex 10.743773333333335 26.123660000000005 0
endloop
endfacet
facet normal 0 0 -1
outer loop
vertex -5.121223333333334 25.745580000000004 0
vertex -7.619980000000001 25.11961666666667 0
vertex -12.882520000000001 25.11961666666667 0
endloop
endfacet
facet normal 0 0 -1
outer loop
vertex -5.121223333333334 25.745580000000004 0
vertex -12.882520000000001 25.11961666666667 0
vertex -11.55924 25.745580000000004 0
endloop
endfacet
facet normal 0 0 -1
outer loop
vertex 11.55924 25.745580000000004 0
vertex 12.882520000000001 25.11961666666667 0
vertex 7.619980000000001 25.11961666666667 0
endloop
endfacet
facet normal 0 0 -1
outer loop
vertex 11.55924 25.745580000000004 0
vertex 7.619980000000001 25.11961666666667 0
vertex 5.121223333333334 25.745580000000004 0
endloop
endfacet
facet normal 0 0 -1
outer loop
vertex -11.657466666666668 24.731343333333335 0
vertex -7.619980000000001 25.11961666666667 0
vertex -10.045530000000001 24.251793333333335 0
endloop
endfacet
facet normal 0 0 -1
outer loop
vertex -11.657466666666668 24.731343333333335 0
vertex -10.045530000000001 24.251793333333335 0
vertex -14.422176666666669 24.251793333333335 0
endloop
endfacet
facet normal 0 0 -1
outer loop
vertex -11.657466666666668 24.731343333333335 0
vertex -14.422176666666669 24.251793333333335 0
vertex -13.317126666666669 24.914360000000002 0
endloop
endfacet
facet normal 0 0 -1
outer loop
vertex -11.657466666666668 24.731343333333335 0
vertex -13.317126666666669 24.914360000000002 0
vertex -12.882520000000001 25.11961666666667 0
endloop
endfacet
facet normal 0 0 -1
outer loop
vertex -11.657466666666668 24.731343333333335 0
vertex -12.882520000000001 25.11961666666667 0
vertex -7.619980000000001 25.11961666666667 0
endloop
endfacet
facet normal 0 0 -1
outer loop
vertex 11.657466666666668 24.731343333333335 0
vertex 12.882520000000001 25.11961666666667 0
vertex 13.317126666666669 24.914360000000002 0
endloop
endfacet
facet normal 0 0 -1
outer loop
vertex 11.657466666666668 24.731343333333335 0
vertex 13.317126666666669 24.914360000000002 0
vertex 14.422176666666669 24.251793333333335 0
endloop
endfacet
facet normal 0 0 -1
outer loop
vertex 11.657466666666668 24.731343333333335 0
vertex 14.422176666666669 24.251793333333335 0
vertex 10.045530000000001 24.251793333333335 0
endloop
endfacet
facet normal 0 0 -1
outer loop
vertex 11.657466666666668 24.731343333333335 0
vertex 10.045530000000001 24.251793333333335 0
vertex 7.619980000000001 25.11961666666667 0
endloop
endfacet
facet normal 0 0 -1
outer loop
vertex 11.657466666666668 24.731343333333335 0
vertex 7.619980000000001 25.11961666666667 0
vertex 12.882520000000001 25.11961666666667 0
endloop
endfacet
facet normal 0 0 -1
outer loop
vertex -13.737833333333334 23.65872666666667 0
vertex -10.045530000000001 24.251793333333335 0
vertex -12.374243333333334 23.150450000000003 0
endloop
endfacet
facet normal 0 0 -1
outer loop
vertex -13.737833333333334 23.65872666666667 0
vertex -12.374243333333334 23.150450000000003 0
vertex -16.15133666666667 23.150450000000003 0
endloop
endfacet
facet normal 0 0 -1
outer loop
vertex -13.737833333333334 23.65872666666667 0
vertex -16.15133666666667 23.150450000000003 0
vertex -15.694953333333336 23.48914666666667 0
endloop
endfacet
facet normal 0 0 -1
outer loop
vertex -13.737833333333334 23.65872666666667 0
vertex -15.694953333333336 23.48914666666667 0
vertex -14.422176666666669 24.251793333333335 0
endloop
endfacet
facet normal 0 0 -1
outer loop
vertex -13.737833333333334 23.65872666666667 0
vertex -14.422176666666669 24.251793333333335 0
vertex -10.045530000000001 24.251793333333335 0
endloop
endfacet
facet normal 0 0 -1
outer loop
vertex 13.737833333333334 23.65872666666667 0
vertex 14.422176666666669 24.251793333333335 0
vertex 15.694953333333336 23.48914666666667 0
endloop
endfacet
facet normal 0 0 -1
outer loop
vertex 13.737833333333334 23.65872666666667 0
vertex 15.694953333333336 23.48914666666667 0
vertex 16.15133666666667 23.150450000000003 0
endloop
endfacet
facet normal 0 0 -1
outer loop
vertex 13.737833333333334 23.65872666666667 0
vertex 16.15133666666667 23.150450000000003 0
vertex 12.374243333333334 23.150450000000003 0
endloop
endfacet
facet normal 0 0 -1
outer loop
vertex 13.737833333333334 23.65872666666667 0
vertex 12.374243333333334 23.150450000000003 0
vertex 10.045530000000001 24.251793333333335 0
endloop
endfacet
facet normal 0 0 -1
outer loop
vertex 13.737833333333334 23.65872666666667 0
vertex 10.045530000000001 24.251793333333335 0
vertex 14.422176666666669 24.251793333333335 0
endloop
endfacet
facet normal 0 0 -1
outer loop
vertex -15.793180000000001 22.358150000000002 0
vertex -12.374243333333334 23.150450000000003 0
vertex -14.583880000000002 21.826243333333338 0
endloop
endfacet
facet normal 0 0 -1
outer loop
vertex -15.793180000000001 22.358150000000002 0
vertex -14.583880000000002 21.826243333333338 0
vertex -17.934243333333335 21.826243333333338 0
endloop
endfacet
facet normal 0 0 -1
outer loop
vertex -15.793180000000001 22.358150000000002 0
vertex -17.934243333333335 21.826243333333338 0
vertex -17.921733333333336 21.837363333333336 0
endloop
endfacet
facet normal 0 0 -1
outer loop
vertex -15.793180000000001 22.358150000000002 0
vertex -17.921733333333336 21.837363333333336 0
vertex -16.15133666666667 23.150450000000003 0
endloop
endfacet
facet normal 0 0 -1
outer loop
vertex -15.793180000000001 22.358150000000002 0
vertex -16.15133666666667 23.150450000000003 0
vertex -12.374243333333334 23.150450000000003 0
endloop
endfacet
facet normal 0 0 -1
outer loop
vertex 15.793180000000001 22.358150000000002 0
vertex 16.15133666666667 23.150450000000003 0
vertex 17.921733333333336 21.837363333333336 0
endloop
endfacet
facet normal 0 0 -1
outer loop
vertex 15.793180000000001 22.358150000000002 0
vertex 17.921733333333336 21.837363333333336 0
vertex 17.934243333333335 21.826243333333338 0
endloop
endfacet
facet normal 0 0 -1
outer loop
vertex 15.793180000000001 22.358150000000002 0
vertex 17.934243333333335 21.826243333333338 0
vertex 14.583880000000002 21.826243333333338 0
endloop
endfacet
facet normal 0 0 -1
outer loop
vertex 15.793180000000001 22.358150000000002 0
vertex 14.583880000000002 21.826243333333338 0
vertex 12.374243333333334 23.150450000000003 0
endloop
endfacet
facet normal 0 0 -1
outer loop
vertex 15.793180000000001 22.358150000000002 0
vertex 12.374243333333334 23.150450000000003 0
vertex 16.15133666666667 23.150450000000003 0
endloop
endfacet
facet normal 0 0 -1
outer loop
vertex -14.583880000000002 21.826243333333338 0
vertex -16.652663333333336 20.291683333333335 0
vertex -19.627263333333335 20.291683333333335 0
endloop
endfacet
facet normal 0 0 -1
outer loop
vertex -14.583880000000002 21.826243333333338 0
vertex -19.627263333333335 20.291683333333335 0
vertex -17.934243333333335 21.826243333333338 0
endloop
endfacet
facet normal 0 0 -1
outer loop
vertex 17.934243333333335 21.826243333333338 0
vertex 19.627263333333335 20.291683333333335 0
vertex 16.652663333333336 20.291683333333335 0
endloop
endfacet
facet normal 0 0 -1
outer loop
vertex 17.934243333333335 21.826243333333338 0
vertex 16.652663333333336 20.291683333333335 0
vertex 14.583880000000002 21.826243333333338 0
endloop
endfacet
facet normal 0 0 -1
outer loop
vertex -19.214896666666668 19.536450000000002 0
vertex -16.652663333333336 20.291683333333335 0
vertex -18.56159666666667 18.56159666666667 0
endloop
endfacet
facet normal 0 0 -0.9999999999999999
outer loop
vertex -19.214896666666668 19.536450000000002 0
vertex -18.56159666666667 18.56159666666667 0
vertex -21.257733333333334 18.56159666666667 0
endloop
endfacet
facet normal 0 0 -1
outer loop
vertex -19.214896666666668 19.536450000000002 0
vertex -21.257733333333334 18.56159666666667 0
vertex -19.975690000000004 19.975690000000004 0
endloop
endfacet
facet normal 0 0 -1
outer loop
vertex -19.214896666666668 19.536450000000002 0
vertex -19.975690000000004 19.975690000000004 0
vertex -19.627263333333335 20.291683333333335 0
endloop
endfacet
facet normal 0 0 -1
outer loop
vertex -19.214896666666668 19.536450000000002 0
vertex -19.627263333333335 20.291683333333335 0
vertex -16.652663333333336 20.291683333333335 0
endloop
endfacet
facet normal 0 0 -1
outer loop
vertex 19.214896666666668 19.536450000000002 0
vertex 19.627263333333335 20.291683333333335 0
vertex 19.975690000000004 19.975690000000004 0
endloop
endfacet
facet normal 0 0 -1
outer loop
vertex 19.214896666666668 19.536450000000002 0
vertex 19.975690000000004 19.975690000000004 0
vertex 21.257733333333334 18.56159666666667 0
endloop
endfacet
facet normal 0 0 -0.9999999999999999
outer loop
vertex 19.214896666666668 19.536450000000002 0
vertex 21.257733333333334 18.56159666666667 0
vertex 18.56159666666667 18.56159666666667 0
endloop
endfacet
facet normal 0 0 -1
outer loop
vertex 19.214896666666668 19.536450000000002 0
vertex 18.56159666666667 18.56159666666667 0
vertex 16.652663333333336 20.291683333333335 0
endloop
endfacet
facet normal 0 0 -1
outer loop
vertex 19.214896666666668 19.536450000000002 0
vertex 16.652663333333336 20.291683333333335 0
vertex 19.627263333333335 20.291683333333335 0
endloop
endfacet
facet normal 0 0 -0.9999999999999999
outer loop
vertex -20.94544666666667 17.670143333333336 0
vertex -18.56159666666667 18.56159666666667 0
vertex -20.291683333333335 16.652663333333336 0
endloop
endfacet
facet normal 0 0 -1
outer loop
vertex -20.94544666666667 17.670143333333336 0
vertex -20.291683333333335 16.652663333333336 0
vertex -22.778393333333337 16.652663333333336 0
endloop
endfacet
facet normal 0 0 -1
outer loop
vertex -20.94544666666667 17.670143333333336 0
vertex -22.778393333333337 16.652663333333336 0
vertex -21.837363333333336 17.921733333333336 0
endloop
endfacet
facet normal 0 0 -1
outer loop
vertex -20.94544666666667 17.670143333333336 0
vertex -21.837363333333336 17.921733333333336 0
vertex -21.257733333333334 18.56159666666667 0
endloop
endfacet
facet normal 0 0 -1
outer loop
vertex -20.94544666666667 17.670143333333336 0
vertex -21.257733333333334 18.56159666666667 0
vertex -18.56159666666667 18.56159666666667 0
endloop
endfacet
facet normal 0 0 -1
outer loop
vertex 20.94544666666667 17.670143333333336 0
vertex 21.257733333333334 18.56159666666667 0
vertex 21.837363333333336 17.921733333333336 0
endloop
endfacet
facet normal 0 0 -1
outer loop
vertex 20.94544666666667 17.670143333333336 0
vertex 21.837363333333336 17.921733333333336 0
vertex 22.778393333333337 16.652663333333336 0
endloop
endfacet
facet normal 0 0 -1
outer loop
vertex 20.94544666666667 17.670143333333336 0
vertex 22.778393333333337 16.652663333333336 0
vertex 20.291683333333335 16.652663333333336 0
endloop
endfacet
facet normal 0 0 -0.9999999999999999
outer loop
vertex 20.94544666666667 17.670143333333336 0
vertex 20.291683333333335 16.652663333333336 0
vertex 18.56159666666667 18.56159666666667 0
endloop
endfacet
facet normal 0 0 -1
outer loop
vertex 20.94544666666667 17.670143333333336 0
vertex 18.56159666666667 18.56159666666667 0
vertex 21.257733333333334 18.56159666666667 0
endloop
endfacet
facet normal 0 0 -1
outer loop
vertex -22.508270000000003 15.633793333333335 0
vertex -20.291683333333335 16.652663333333336 0
vertex -21.826243333333338 14.583880000000002 0
endloop
endfacet
facet normal 0 0 -1
outer loop
vertex -22.508270000000003 15.633793333333335 0
vertex -21.826243333333338 14.583880000000002 0
vertex -24.15495666666667 14.583880000000002 0
endloop
endfacet
facet normal 0 0 -1
outer loop
vertex -22.508270000000003 15.633793333333335 0
vertex -24.15495666666667 14.583880000000002 0
vertex -23.48914666666667 15.694953333333336 0
endloop
endfacet
facet normal 0 0 -1
outer loop
vertex -22.508270000000003 15.633793333333335 0
vertex -23.48914666666667 15.694953333333336 0
vertex -22.778393333333337 16.652663333333336 0
endloop
endfacet
facet normal 0 0 -1
outer loop
vertex -22.508270000000003 15.633793333333335 0
vertex -22.778393333333337 16.652663333333336 0
vertex -20.291683333333335 16.652663333333336 0
endloop
endfacet
facet normal 0 0 -1
outer loop
vertex 22.508270000000003 15.633793333333335 0
vertex 22.778393333333337 16.652663333333336 0
vertex 23.48914666666667 15.694953333333336 0
endloop
endfacet
facet normal 0 0 -1
outer loop
vertex 22.508270000000003 15.633793333333335 0
vertex 23.48914666666667 15.694953333333336 0
vertex 24.15495666666667 14.583880000000002 0
endloop
endfacet
facet normal 0 0 -1
outer loop
vertex 22.508270000000003 15.633793333333335 0
vertex 24.15495666666667 14.583880000000002 0
vertex 21.826243333333338 14.583880000000002 0
endloop
endfacet
facet normal 0 0 -1
outer loop
vertex 22.508270000000003 15.633793333333335 0
vertex 21.826243333333338 14.583880000000002 0
vertex 20.291683333333335 16.652663333333336 0
endloop
endfacet
facet normal 0 0 -1
outer loop
vertex 22.508270000000003 15.633793333333335 0
vertex 20.291683333333335 16.652663333333336 0
vertex 22.778393333333337 16.652663333333336 0
endloop
endfacet
facet normal 0 0 -1
outer loop
vertex -23.88112666666667 13.446860000000001 0
vertex -21.826243333333338 14.583880000000002 0
vertex -23.150450000000003 12.374243333333334 0
endloop
endfacet
facet normal 0 0 -1
outer loop
vertex -23.88112666666667 13.446860000000001 0
vertex -23.150450000000003 12.374243333333334 0
vertex -25.36008666666667 12.374243333333334 0
endloop
endfacet
facet normal 0 0 -0.9999999999999999
outer loop
vertex -23.88112666666667 13.446860000000001 0
vertex -25.36008666666667 12.374243333333334 0
vertex -24.914360000000002 13.317126666666669 0
endloop
endfacet
facet normal 0 0 -1
outer loop
vertex -23.88112666666667 13.446860000000001 0
vertex -24.914360000000002 13.317126666666669 0
vertex -24.15495666666667 14.583880000000002 0
endloop
endfacet
facet normal 0 0 -0.9999999999999999
outer loop
vertex -23.88112666666667 13.446860000000001 0
vertex -24.15495666666667 14.583880000000002 0
vertex -21.826243333333338 14.583880000000002 0
endloop
endfacet
facet normal 0 0 -1
outer loop
vertex 23.88112666666667 13.446860000000001 0
vertex 24.15495666666667 14.583880000000002 0
vertex 24.914360000000002 13.317126666666669 0
endloop
endfacet
facet normal 0 0 -0.9999999999999999
outer loop
vertex 23.88112666666667 13.446860000000001 0
vertex 24.914360000000002 13.317126666666669 0
vertex 25.36008666666667 12.374243333333334 0
endloop
endfacet
facet normal 0 0 -1
outer loop
vertex 23.88112666666667 13.446860000000001 0
vertex 25.36008666666667 12.374243333333334 0
vertex 23.150450000000003 12.374243333333334 0
endloop
endfacet
facet normal 0 0 -1
outer loop
vertex 23.88112666666667 13.446860000000001 0
vertex 23.150450000000003 12.374243333333334 0
vertex 21.826243333333338 14.583880000000002 0
endloop
endfacet
facet normal 0 0 -0.9999999999999999
outer loop
vertex 23.88112666666667 13.446860000000001 0
vertex 21.826243333333338 14.583880000000002 0
vertex 24.15495666666667 14.583880000000002 0
endloop
endfacet
facet normal 0 0 -1
outer loop
vertex -25.046873333333338 11.130193333333334 0
vertex -23.150450000000003 12.374243333333334 0
vertex -24.251793333333335 10.045530000000001 0
endloop
endfacet
facet normal 0 0 -1
outer loop
vertex -25.046873333333338 11.130193333333334 0
vertex -24.251793333333335 10.045530000000001 0
vertex -26.37339666666667 10.045530000000001 0
endloop
endfacet
facet normal 0 0 -1
outer loop
vertex -25.046873333333338 11.130193333333334 0
vertex -26.37339666666667 10.045530000000001 0
vertex -26.09956666666667 10.810956666666668 0
endloop
endfacet
facet normal 0 0 -1
outer loop
vertex -25.046873333333338 11.130193333333334 0
vertex -26.09956666666667 10.810956666666668 0
vertex -25.36008666666667 12.374243333333334 0
endloop
endfacet
facet normal 0 0 -1
outer loop
vertex -25.046873333333338 11.130193333333334 0
vertex -25.36008666666667 12.374243333333334 0
vertex -23.150450000000003 12.374243333333334 0
endloop
endfacet
facet normal 0 0 -1
outer loop
vertex 25.046873333333338 11.130193333333334 0
vertex 25.36008666666667 12.374243333333334 0
vertex 26.09956666666667 10.810956666666668 0
endloop
endfacet
facet normal 0 0 -1
outer loop
vertex 25.046873333333338 11.130193333333334 0
vertex 26.09956666666667 10.810956666666668 0
vertex 26.37339666666667 10.045530000000001 0
endloop
endfacet
facet normal 0 0 -1
outer loop
vertex 25.046873333333338 11.130193333333334 0
vertex 26.37339666666667 10.045530000000001 0
vertex 24.251793333333335 10.045530000000001 0
endloop
endfacet
facet normal 0 0 -1
outer loop
vertex 25.046873333333338 11.130193333333334 0
vertex 24.251793333333335 10.045530000000001 0
vertex 23.150450000000003 12.374243333333334 0
endloop
endfacet
facet normal 0 0 -1
outer loop
vertex 25.046873333333338 11.130193333333334 0
vertex 23.150450000000003 12.374243333333334 0
vertex 25.36008666666667 12.374243333333334 0
endloop
endfacet
facet normal 0 0 -1
outer loop
vertex -25.991610000000005 8.706496666666668 0
vertex -24.251793333333335 10.045530000000001 0
vertex -25.11961666666667 7.619980000000001 0
endloop
endfacet
facet normal 0 0 -1
outer loop
vertex -25.991610000000005 8.706496666666668 0
vertex -25.11961666666667 7.619980000000001 0
vertex -27.179133333333336 7.619980000000001 0
endloop
endfacet
facet normal 0 0 -0.9999999999999999
outer loop
vertex -25.991610000000005 8.706496666666668 0
vertex -27.179133333333336 7.619980000000001 0
vertex -27.03364666666667 8.200536666666668 0
endloop
endfacet
facet normal 0 0 -0.9999999999999999
outer loop
vertex -25.991610000000005 8.706496666666668 0
vertex -27.03364666666667 8.200536666666668 0
vertex -26.37339666666667 10.045530000000001 0
endloop
endfacet
facet normal 0 0 -0.9999999999999999
outer loop
vertex -25.991610000000005 8.706496666666668 0
vertex -26.37339666666667 10.045530000000001 0
vertex -24.251793333333335 10.045530000000001 0
endloop
endfacet
facet normal 0 0 -0.9999999999999999
outer loop
vertex 25.991610000000005 8.706496666666668 0
vertex 26.37339666666667 10.045530000000001 0
vertex 27.03364666666667 8.200536666666668 0
endloop
endfacet
facet normal 0 0 -0.9999999999999999
outer loop
vertex 25.991610000000005 8.706496666666668 0
vertex 27.03364666666667 8.200536666666668 0
vertex 27.179133333333336 7.619980000000001 0
endloop
endfacet
facet normal 0 0 -1
outer loop
vertex 25.991610000000005 8.706496666666668 0
vertex 27.179133333333336 7.619980000000001 0
vertex 25.11961666666667 7.619980000000001 0
endloop
endfacet
facet normal 0 0 -1
outer loop
vertex 25.991610000000005 8.706496666666668 0
vertex 25.11961666666667 7.619980000000001 0
vertex 24.251793333333335 10.045530000000001 0
endloop
endfacet
facet normal 0 0 -0.9999999999999999
outer loop
vertex 25.991610000000005 8.706496666666668 0
vertex 24.251793333333335 10.045530000000001 0
vertex 26.37339666666667 10.045530000000001 0
endloop
endfacet
facet normal 0 0 -1
outer loop
vertex -26.703290000000003 6.198936666666667 0
vertex -25.11961666666667 7.619980000000001 0
vertex -25.745580000000004 5.121223333333334 0
endloop
endfacet
facet normal 0 0 -1
outer loop
vertex -26.703290000000003 6.198936666666667 0
vertex -25.745580000000004 5.121223333333334 0
vertex -27.76525 5.121223333333334 0
endloop
endfacet
facet normal 0 0 -0.9999999999999999
outer loop
vertex -26.703290000000003 6.198936666666667 0
vertex -27.76525 5.121223333333334 0
vertex -27.707333333333338 5.511350000000001 0
endloop
endfacet
facet normal 0 0 -1
outer loop
vertex -26.703290000000003 6.198936666666667 0
vertex -27.707333333333338 5.511350000000001 0
vertex -27.179133333333336 7.619980000000001 0
endloop
endfacet
facet normal 0 0 -1
outer loop
vertex -26.703290000000003 6.198936666666667 0
vertex -27.179133333333336 7.619980000000001 0
vertex -25.11961666666667 7.619980000000001 0
endloop
endfacet
facet normal 0 0 -1
outer loop
vertex 26.703290000000003 6.198936666666667 0
vertex 27.179133333333336 7.619980000000001 0
vertex 27.707333333333338 5.511350000000001 0
endloop
endfacet
facet normal 0 0 -0.9999999999999999
outer loop
vertex 26.703290000000003 6.198936666666667 0
vertex 27.707333333333338 5.511350000000001 0
vertex 27.76525 5.121223333333334 0
endloop
endfacet
facet normal 0 0 -1
outer loop
vertex 26.703290000000003 6.198936666666667 0
vertex 27.76525 5.121223333333334 0
vertex 25.745580000000004 5.121223333333334 0
endloop
endfacet
facet normal 0 0 -1
outer loop
vertex 26.703290000000003 6.198936666666667 0
vertex 25.745580000000004 5.121223333333334 0
vertex 25.11961666666667 7.619980000000001 0
endloop
endfacet
facet normal 0 0 -1
outer loop
vertex 26.703290000000003 6.198936666666667 0
vertex 25.11961666666667 7.619980000000001 0
vertex 27.179133333333336 7.619980000000001 0
endloop
endfacet
facet normal 0 0 -1
outer loop
vertex -27.174500000000002 3.6316066666666673 0
vertex -25.745580000000004 5.121223333333334 0
vertex -26.123660000000005 2.57289 0
endloop
endfacet
facet normal 0 0 -1
outer loop
vertex -27.174500000000002 3.6316066666666673 0
vertex -26.123660000000005 2.57289 0
vertex -28.12340666666667 2.57289 0
endloop
endfacet
facet normal 0 0 -1
outer loop
vertex -27.174500000000002 3.6316066666666673 0
vertex -28.12340666666667 2.57289 0
vertex -28.114140000000003 2.7688800000000002 0
endloop
endfacet
facet normal 0 0 -0.9999999999999999
outer loop
vertex -27.174500000000002 3.6316066666666673 0
vertex -28.114140000000003 2.7688800000000002 0
vertex -27.76525 5.121223333333334 0
endloop
endfacet
facet normal 0 0 -1
outer loop
vertex -27.174500000000002 3.6316066666666673 0
vertex -27.76525 5.121223333333334 0
vertex -25.745580000000004 5.121223333333334 0
endloop
endfacet
facet normal 0 0 -0.9999999999999999
outer loop
vertex 27.174500000000002 3.6316066666666673 0
vertex 27.76525 5.121223333333334 0
vertex 28.114140000000003 2.7688800000000002 0
endloop
endfacet
facet normal 0 0 -1
outer loop
vertex 27.174500000000002 3.6316066666666673 0
vertex 28.114140000000003 2.7688800000000002 0
vertex 28.12340666666667 2.57289 0
endloop
endfacet
facet normal 0 0 -1
outer loop
vertex 27.174500000000002 3.6316066666666673 0
vertex 28.12340666666667 2.57289 0
vertex 26.123660000000005 2.57289 0
endloop
endfacet
facet normal 0 0 -1
outer loop
vertex 27.174500000000002 3.6316066666666673 0
vertex 26.123660000000005 2.57289 0
vertex 25.745580000000004 5.121223333333334 0
endloop
endfacet
facet normal 0 0 -1
outer loop
vertex 27.174500000000002 3.6316066666666673 0
vertex 25.745580000000004 5.121223333333334 0
vertex 27.76525 5.121223333333334 0
endloop
endfacet
facet normal 0 0 -1
outer loop
vertex -26.123660000000005 2.57289 0
vertex -26.250150000000005 0 0
vertex -28.24989666666667 0 0
endloop
endfacet
facet normal 0 0 -1
outer loop
vertex -26.123660000000005 2.57289 0
vertex -28.24989666666667 0 0
vertex -28.12340666666667 2.57289 0
endloop
endfacet
facet normal 0 0 -1
outer loop
vertex 28.12340666666667 2.57289 0
vertex 28.24989666666667 0 0
vertex 26.250150000000005 0 0
endloop
endfacet
facet normal 0 0 -1
outer loop
vertex 28.12340666666667 2.57289 0
vertex 26.250150000000005 0 0
vertex 26.123660000000005 2.57289 0
endloop
endfacet
facet normal 0 0 -1
outer loop
vertex -26.250150000000005 0 0
vertex -26.123660000000005 -2.57289 0
vertex -28.12340666666667 -2.57289 0
endloop
endfacet
facet normal 0 0 -1
outer loop
vertex -26.250150000000005 0 0
vertex -28.12340666666667 -2.57289 0
vertex -28.24989666666667 0 0
endloop
endfacet
facet normal 0 0 -1
outer loop
vertex 28.24989666666667 0 0
vertex 28.12340666666667 -2.57289 0
vertex 26.123660000000005 -2.57289 0
endloop
endfacet
facet normal 0 0 -1
outer loop
vertex 28.24989666666667 0 0
vertex 26.123660000000005 -2.57289 0
vertex 26.250150000000005 0 0
endloop
endfacet
facet normal 0 0 -1
outer loop
vertex -27.174500000000002 -3.6316066666666673 0
vertex -26.123660000000005 -2.57289 0
vertex -25.745580000000004 -5.121223333333334 0
endloop
endfacet
facet normal 0 0 -1
outer loop
vertex -27.174500000000002 -3.6316066666666673 0
vertex -25.745580000000004 -5.121223333333334 0
vertex -27.76525 -5.121223333333334 0
endloop
endfacet
facet normal 0 0 -0.9999999999999999
outer loop
vertex -27.174500000000002 -3.6316066666666673 0
vertex -27.76525 -5.121223333333334 0
vertex -28.114140000000003 -2.7688800000000002 0
endloop
endfacet
facet normal 0 0 -1
outer loop
vertex -27.174500000000002 -3.6316066666666673 0
vertex -28.114140000000003 -2.7688800000000002 0
vertex -28.12340666666667 -2.57289 0
endloop
endfacet
facet normal 0 0 -1
outer loop
vertex -27.174500000000002 -3.6316066666666673 0
vertex -28.12340666666667 -2.57289 0
vertex -26.123660000000005 -2.57289 0
endloop
endfacet
facet normal 0 0 -1
outer loop
vertex 27.174500000000002 -3.6316066666666673 0
vertex 28.12340666666667 -2.57289 0
vertex 28.114140000000003 -2.7688800000000002 0
endloop
endfacet
facet normal 0 0 -0.9999999999999999
outer loop
vertex 27.174500000000002 -3.6316066666666673 0
vertex 28.114140000000003 -2.7688800000000002 0
vertex 27.76525 -5.121223333333334 0
endloop
endfacet
facet normal 0 0 -1
outer loop
vertex 27.174500000000002 -3.6316066666666673 0
vertex 27.76525 -5.121223333333334 0
vertex 25.745580000000004 -5.121223333333334 0
endloop
endfacet
facet normal 0 0 -1
outer loop
vertex 27.174500000000002 -3.6316066666666673 0
vertex 25.745580000000004 -5.121223333333334 0
vertex 26.123660000000005 -2.57289 0
endloop
endfacet
facet normal 0 0 -1
outer loop
vertex 27.174500000000002 -3.6316066666666673 0
vertex 26.123660000000005 -2.57289 0
vertex 28.12340666666667 -2.57289 0
endloop
endfacet
facet normal 0 0 -1
outer loop
vertex -26.703290000000003 -6.198936666666667 0
vertex -25.745580000000004 -5.121223333333334 0
vertex -25.11961666666667 -7.619980000000001 0
endloop
endfacet
facet normal 0 0 -1
outer loop
vertex -26.703290000000003 -6.198936666666667 0
vertex -25.11961666666667 -7.619980000000001 0
vertex -27.179133333333336 -7.619980000000001 0
endloop
endfacet
facet normal 0 0 -1
outer loop
vertex -26.703290000000003 -6.198936666666667 0
vertex -27.179133333333336 -7.619980000000001 0
vertex -27.707333333333338 -5.511350000000001 0
endloop
endfacet
facet normal 0 0 -0.9999999999999999
outer loop
vertex -26.703290000000003 -6.198936666666667 0
vertex -27.707333333333338 -5.511350000000001 0
vertex -27.76525 -5.121223333333334 0
endloop
endfacet
facet normal 0 0 -1
outer loop
vertex -26.703290000000003 -6.198936666666667 0
vertex -27.76525 -5.121223333333334 0
vertex -25.745580000000004 -5.121223333333334 0
endloop
endfacet
facet normal 0 0 -0.9999999999999999
outer loop
vertex 26.703290000000003 -6.198936666666667 0
vertex 27.76525 -5.121223333333334 0
vertex 27.707333333333338 -5.511350000000001 0
endloop
endfacet
facet normal 0 0 -1
outer loop
vertex 26.703290000000003 -6.198936666666667 0
vertex 27.707333333333338 -5.511350000000001 0
vertex 27.179133333333336 -7.619980000000001 0
endloop
endfacet
facet normal 0 0 -1
outer loop
vertex 26.703290000000003 -6.198936666666667 0
vertex 27.179133333333336 -7.619980000000001 0
vertex 25.11961666666667 -7.619980000000001 0
endloop
endfacet
facet normal 0 0 -1
outer loop
vertex 26.703290000000003 -6.198936666666667 0
vertex 25.11961666666667 -7.619980000000001 0
vertex 25.745580000000004 -5.121223333333334 0
endloop
endfacet
facet normal 0 0 -1
outer loop
vertex 26.703290000000003 -6.198936666666667 0
vertex 25.745580000000004 -5.121223333333334 0
vertex 27.76525 -5.121223333333334 0
endloop
endfacet
facet normal 0 0 -1
outer loop
vertex -25.991610000000005 -8.706496666666668 0
vertex -25.11961666666667 -7.619980000000001 0
vertex -24.251793333333335 -10.045530000000001 0
endloop
endfacet
facet normal 0 0 -0.9999999999999999
outer loop
vertex -25.991610000000005 -8.706496666666668 0
vertex -24.251793333333335 -10.045530000000001 0
vertex -26.37339666666667 -10.045530000000001 0
endloop
endfacet
facet normal 0 0 -0.9999999999999999
outer loop
vertex -25.991610000000005 -8.706496666666668 0
vertex -26.37339666666667 -10.045530000000001 0
vertex -27.03364666666667 -8.200536666666668 0
endloop
endfacet
facet normal 0 0 -0.9999999999999999
outer loop
vertex -25.991610000000005 -8.706496666666668 0
vertex -27.03364666666667 -8.200536666666668 0
vertex -27.179133333333336 -7.619980000000001 0
endloop
endfacet
facet normal 0 0 -1
outer loop
vertex -25.991610000000005 -8.706496666666668 0
vertex -27.179133333333336 -7.619980000000001 0
vertex -25.11961666666667 -7.619980000000001 0
endloop
endfacet
facet normal 0 0 -0.9999999999999999
outer loop
vertex 25.991610000000005 -8.706496666666668 0
vertex 27.179133333333336 -7.619980000000001 0
vertex 27.03364666666667 -8.200536666666668 0
endloop
endfacet
facet normal 0 0 -0.9999999999999999
outer loop
vertex 25.991610000000005 -8.706496666666668 0
vertex 27.03364666666667 -8.200536666666668 0
vertex 26.37339666666667 -10.045530000000001 0
endloop
endfacet
facet normal 0 0 -0.9999999999999999
outer loop
vertex 25.991610000000005 -8.706496666666668 0
vertex 26.37339666666667 -10.045530000000001 0
vertex 24.251793333333335 -10.045530000000001 0
endloop
endfacet
facet normal 0 0 -1
outer loop
vertex 25.991610000000005 -8.706496666666668 0
vertex 24.251793333333335 -10.045530000000001 0
vertex 25.11961666666667 -7.619980000000001 0
endloop
endfacet
facet normal 0 0 -1
outer loop
vertex 25.991610000000005 -8.706496666666668 0
vertex 25.11961666666667 -7.619980000000001 0
vertex 27.179133333333336 -7.619980000000001 0
endloop
endfacet
facet normal 0 0 -1
outer loop
vertex -25.046873333333338 -11.130193333333334 0
vertex -24.251793333333335 -10.045530000000001 0
vertex -23.150450000000003 -12.374243333333334 0
endloop
endfacet
facet normal 0 0 -1
outer loop
vertex -25.046873333333338 -11.130193333333334 0
vertex -23.150450000000003 -12.374243333333334 0
vertex -25.36008666666667 -12.374243333333334 0
endloop
endfacet
facet normal 0 0 -1
outer loop
vertex -25.046873333333338 -11.130193333333334 0
vertex -25.36008666666667 -12.374243333333334 0
vertex -26.09956666666667 -10.810956666666668 0
endloop
endfacet
facet normal 0 0 -1
outer loop
vertex -25.046873333333338 -11.130193333333334 0
vertex -26.09956666666667 -10.810956666666668 0
vertex -26.37339666666667 -10.045530000000001 0
endloop
endfacet
facet normal 0 0 -1
outer loop
vertex -25.046873333333338 -11.130193333333334 0
vertex -26.37339666666667 -10.045530000000001 0
vertex -24.251793333333335 -10.045530000000001 0
endloop
endfacet
facet normal 0 0 -1
outer loop
vertex 25.046873333333338 -11.130193333333334 0
vertex 26.37339666666667 -10.045530000000001 0
vertex 26.09956666666667 -10.810956666666668 0
endloop
endfacet
facet normal 0 0 -1
outer loop
vertex 25.046873333333338 -11.130193333333334 0
vertex 26.09956666666667 -10.810956666666668 0
vertex 25.36008666666667 -12.374243333333334 0
endloop
endfacet
facet normal 0 0 -1
outer loop
vertex 25.046873333333338 -11.130193333333334 0
vertex 25.36008666666667 -12.374243333333334 0
vertex 23.150450000000003 -12.374243333333334 0
endloop
endfacet
facet normal 0 0 -1
outer loop
vertex 25.046873333333338 -11.130193333333334 0
vertex 23.150450000000003 -12.374243333333334 0
vertex 24.251793333333335 -10.045530000000001 0
endloop
endfacet
facet normal 0 0 -1
outer loop
vertex 25.046873333333338 -11.130193333333334 0
vertex 24.251793333333335 -10.045530000000001 0
vertex 26.37339666666667 -10.045530000000001 0
endloop
endfacet
facet normal 0 0 -1
outer loop
vertex -23.88112666666667 -13.446860000000001 0
vertex -23.150450000000003 -12.374243333333334 0
vertex -21.826243333333338 -14.583880000000002 0
endloop
endfacet
facet normal 0 0 -0.9999999999999999
outer loop
vertex -23.88112666666667 -13.446860000000001 0
vertex -21.826243333333338 -14.583880000000002 0
vertex -24.15495666666667 -14.583880000000002 0
endloop
endfacet
facet normal 0 0 -1
outer loop
vertex -23.88112666666667 -13.446860000000001 0
vertex -24.15495666666667 -14.583880000000002 0
vertex -24.914360000000002 -13.317126666666669 0
endloop
endfacet
facet normal 0 0 -0.9999999999999999
outer loop
vertex -23.88112666666667 -13.446860000000001 0
vertex -24.914360000000002 -13.317126666666669 0
vertex -25.36008666666667 -12.374243333333334 0
endloop
endfacet
facet normal 0 0 -1
outer loop
vertex -23.88112666666667 -13.446860000000001 0
vertex -25.36008666666667 -12.374243333333334 0
vertex -23.150450000000003 -12.374243333333334 0
endloop
endfacet
facet normal 0 0 -0.9999999999999999
outer loop
vertex 23.88112666666667 -13.446860000000001 0
vertex 25.36008666666667 -12.374243333333334 0
vertex 24.914360000000002 -13.317126666666669 0
endloop
endfacet
facet normal 0 0 -1
outer loop
vertex 23.88112666666667 -13.446860000000001 0
vertex 24.914360000000002 -13.317126666666669 0
vertex 24.15495666666667 -14.583880000000002 0
endloop
endfacet
facet normal 0 0 -0.9999999999999999
outer loop
vertex 23.88112666666667 -13.446860000000001 0
vertex 24.15495666666667 -14.583880000000002 0
vertex 21.826243333333338 -14.583880000000002 0
endloop
endfacet
facet normal 0 0 -1
outer loop
vertex 23.88112666666667 -13.446860000000001 0
vertex 21.826243333333338 -14.583880000000002 0
vertex 23.150450000000003 -12.374243333333334 0
endloop
endfacet
facet normal 0 0 -1
outer loop
vertex 23.88112666666667 -13.446860000000001 0
vertex 23.150450000000003 -12.374243333333334 0
vertex 25.36008666666667 -12.374243333333334 0
endloop
endfacet
facet normal 0 0 -1
outer loop
vertex -22.508270000000003 -15.633793333333335 0
vertex -21.826243333333338 -14.583880000000002 0
vertex -20.291683333333335 -16.652663333333336 0
endloop
endfacet
facet normal 0 0 -1
outer loop
vertex -22.508270000000003 -15.633793333333335 0
vertex -20.291683333333335 -16.652663333333336 0
vertex -22.778393333333337 -16.652663333333336 0
endloop
endfacet
facet normal 0 0 -1
outer loop
vertex -22.508270000000003 -15.633793333333335 0
vertex -22.778393333333337 -16.652663333333336 0
vertex -23.48914666666667 -15.694953333333336 0
endloop
endfacet
facet normal 0 0 -1
outer loop
vertex -22.508270000000003 -15.633793333333335 0
vertex -23.48914666666667 -15.694953333333336 0
vertex -24.15495666666667 -14.583880000000002 0
endloop
endfacet
facet normal 0 0 -1
outer loop
vertex -22.508270000000003 -15.633793333333335 0
vertex -24.15495666666667 -14.583880000000002 0
vertex -21.826243333333338 -14.583880000000002 0
endloop
endfacet
facet normal 0 0 -1
outer loop
vertex 22.508270000000003 -15.633793333333335 0
vertex 24.15495666666667 -14.583880000000002 0
vertex 23.48914666666667 -15.694953333333336 0
endloop
endfacet
facet normal 0 0 -1
outer loop
vertex 22.508270000000003 -15.633793333333335 0
vertex 23.48914666666667 -15.694953333333336 0
vertex 22.778393333333337 -16.652663333333336 0
endloop
endfacet
facet normal 0 0 -1
outer loop
vertex 22.508270000000003 -15.633793333333335 0
vertex 22.778393333333337 -16.652663333333336 0
vertex 20.291683333333335 -16.652663333333336 0
endloop
endfacet
facet normal 0 0 -1
outer loop
vertex 22.508270000000003 -15.633793333333335 0
vertex 20.291683333333335 -16.652663333333336 0
vertex 21.826243333333338 -14.583880000000002 0
endloop
endfacet
facet normal 0 0 -1
outer loop
vertex 22.508270000000003 -15.633793333333335 0
vertex 21.826243333333338 -14.583880000000002 0
vertex 24.15495666666667 -14.583880000000002 0
endloop
endfacet
facet normal 0 0 -0.9999999999999999
outer loop
vertex -20.94544666666667 -17.670143333333336 0
vertex -20.291683333333335 -16.652663333333336 0
vertex -18.56159666666667 -18.56159666666667 0
endloop
endfacet
facet normal 0 0 -1
outer loop
vertex -20.94544666666667 -17.670143333333336 0
vertex -18.56159666666667 -18.56159666666667 0
vertex -21.257733333333334 -18.56159666666667 0
endloop
endfacet
facet normal 0 0 -1
outer loop
vertex -20.94544666666667 -17.670143333333336 0
vertex -21.257733333333334 -18.56159666666667 0
vertex -21.837363333333336 -17.921733333333336 0
endloop
endfacet
facet normal 0 0 -1
outer loop
vertex -20.94544666666667 -17.670143333333336 0
vertex -21.837363333333336 -17.921733333333336 0
vertex -22.778393333333337 -16.652663333333336 0
endloop
endfacet
facet normal 0 0 -1
outer loop
vertex -20.94544666666667 -17.670143333333336 0
vertex -22.778393333333337 -16.652663333333336 0
vertex -20.291683333333335 -16.652663333333336 0
endloop
endfacet
facet normal 0 0 -1
outer loop
vertex 20.94544666666667 -17.670143333333336 0
vertex 22.778393333333337 -16.652663333333336 0
vertex 21.837363333333336 -17.921733333333336 0
endloop
endfacet
facet normal 0 0 -1
outer loop
vertex 20.94544666666667 -17.670143333333336 0
vertex 21.837363333333336 -17.921733333333336 0
vertex 21.257733333333334 -18.56159666666667 0
endloop
endfacet
facet normal 0 0 -1
outer loop
vertex 20.94544666666667 -17.670143333333336 0
vertex 21.257733333333334 -18.56159666666667 0
vertex 18.56159666666667 -18.56159666666667 0
endloop
endfacet
facet normal 0 0 -0.9999999999999999
outer loop
vertex 20.94544666666667 -17.670143333333336 0
vertex 18.56159666666667 -18.56159666666667 0
vertex 20.291683333333335 -16.652663333333336 0
endloop
endfacet
facet normal 0 0 -1
outer loop
vertex 20.94544666666667 -17.670143333333336 0
vertex 20.291683333333335 -16.652663333333336 0
vertex 22.778393333333337 -16.652663333333336 0
endloop
endfacet
facet normal 0 0 -1
outer loop
vertex -19.214896666666668 -19.536450000000002 0
vertex -18.56159666666667 -18.56159666666667 0
vertex -16.652663333333336 -20.291683333333335 0
endloop
endfacet
facet normal 0 0 -1
outer loop
vertex -19.214896666666668 -19.536450000000002 0
vertex -16.652663333333336 -20.291683333333335 0
vertex -19.627263333333335 -20.291683333333335 0
endloop
endfacet
facet normal 0 0 -1
outer loop
vertex -19.214896666666668 -19.536450000000002 0
vertex -19.627263333333335 -20.291683333333335 0
vertex -19.975690000000004 -19.975690000000004 0
endloop
endfacet
facet normal 0 0 -1
outer loop
vertex -19.214896666666668 -19.536450000000002 0
vertex -19.975690000000004 -19.975690000000004 0
vertex -21.257733333333334 -18.56159666666667 0
endloop
endfacet
facet normal 0 0 -0.9999999999999999
outer loop
vertex -19.214896666666668 -19.536450000000002 0
vertex -21.257733333333334 -18.56159666666667 0
vertex -18.56159666666667 -18.56159666666667 0
endloop
endfacet
facet normal 0 0 -1
outer loop
vertex 19.214896666666668 -19.536450000000002 0
vertex 21.257733333333334 -18.56159666666667 0
vertex 19.975690000000004 -19.975690000000004 0
endloop
endfacet
facet normal 0 0 -1
outer loop
vertex 19.214896666666668 -19.536450000000002 0
vertex 19.975690000000004 -19.975690000000004 0
vertex 19.627263333333335 -20.291683333333335 0
endloop
endfacet
facet normal 0 0 -1
outer loop
vertex 19.214896666666668 -19.536450000000002 0
vertex 19.627263333333335 -20.291683333333335 0
vertex 16.652663333333336 -20.291683333333335 0
endloop
endfacet
facet normal 0 0 -1
outer loop
vertex 19.214896666666668 -19.536450000000002 0
vertex 16.652663333333336 -20.291683333333335 0
vertex 18.56159666666667 -18.56159666666667 0
endloop
endfacet
facet normal 0 0 -0.9999999999999999
outer loop
vertex 19.214896666666668 -19.536450000000002 0
vertex 18.56159666666667 -18.56159666666667 0
vertex 21.257733333333334 -18.56159666666667 0
endloop
endfacet
facet normal 0 0 -1
outer loop
vertex -16.652663333333336 -20.291683333333335 0
vertex -14.583880000000002 -21.826243333333338 0
vertex -17.934243333333335 -21.826243333333338 0
endloop
endfacet
facet normal 0 0 -1
outer loop
vertex -16.652663333333336 -20.291683333333335 0
vertex -17.934243333333335 -21.826243333333338 0
vertex -19.627263333333335 -20.291683333333335 0
endloop
endfacet
facet normal 0 0 -1
outer loop
vertex 19.627263333333335 -20.291683333333335 0
vertex 17.934243333333335 -21.826243333333338 0
vertex 14.583880000000002 -21.826243333333338 0
endloop
endfacet
facet normal 0 0 -1
outer loop
vertex 19.627263333333335 -20.291683333333335 0
vertex 14.583880000000002 -21.826243333333338 0
vertex 16.652663333333336 -20.291683333333335 0
endloop
endfacet
facet normal 0 0 -1
outer loop
vertex -15.793180000000001 -22.358150000000002 0
vertex -14.583880000000002 -21.826243333333338 0
vertex -12.374243333333334 -23.150450000000003 0
endloop
endfacet
facet normal 0 0 -1
outer loop
vertex -15.793180000000001 -22.358150000000002 0
vertex -12.374243333333334 -23.150450000000003 0
vertex -16.15133666666667 -23.150450000000003 0
endloop
endfacet
facet normal 0 0 -1
outer loop
vertex -15.793180000000001 -22.358150000000002 0
vertex -16.15133666666667 -23.150450000000003 0
vertex -17.921733333333336 -21.837363333333336 0
endloop
endfacet
facet normal 0 0 -1
outer loop
vertex -15.793180000000001 -22.358150000000002 0
vertex -17.921733333333336 -21.837363333333336 0
vertex -17.934243333333335 -21.826243333333338 0
endloop
endfacet
facet normal 0 0 -1
outer loop
vertex -15.793180000000001 -22.358150000000002 0
vertex -17.934243333333335 -21.826243333333338 0
vertex -14.583880000000002 -21.826243333333338 0
endloop
endfacet
facet normal 0 0 -1
outer loop
vertex 15.793180000000001 -22.358150000000002 0
vertex 17.934243333333335 -21.826243333333338 0
vertex 17.921733333333336 -21.837363333333336 0
endloop
endfacet
facet normal 0 0 -1
outer loop
vertex 15.793180000000001 -22.358150000000002 0
vertex 17.921733333333336 -21.837363333333336 0
vertex 16.15133666666667 -23.150450000000003 0
endloop
endfacet
facet normal 0 0 -1
outer loop
vertex 15.793180000000001 -22.358150000000002 0
vertex 16.15133666666667 -23.150450000000003 0
vertex 12.374243333333334 -23.150450000000003 0
endloop
endfacet
facet normal 0 0 -1
outer loop
vertex 15.793180000000001 -22.358150000000002 0
vertex 12.374243333333334 -23.150450000000003 0
vertex 14.583880000000002 -21.826243333333338 0
endloop
endfacet
facet normal 0 0 -1
outer loop
vertex 15.793180000000001 -22.358150000000002 0
vertex 14.583880000000002 -21.826243333333338 0
vertex 17.934243333333335 -21.826243333333338 0
endloop
endfacet
facet normal 0 0 -1
outer loop
vertex -13.737833333333334 -23.65872666666667 0
vertex -12.374243333333334 -23.150450000000003 0
vertex -10.045530000000001 -24.251793333333335 0
endloop
endfacet
facet normal 0 0 -1
outer loop
vertex -13.737833333333334 -23.65872666666667 0
vertex -10.045530000000001 -24.251793333333335 0
vertex -14.422176666666669 -24.251793333333335 0
endloop
endfacet
facet normal 0 0 -1
outer loop
vertex -13.737833333333334 -23.65872666666667 0
vertex -14.422176666666669 -24.251793333333335 0
vertex -15.694953333333336 -23.48914666666667 0
endloop
endfacet
facet normal 0 0 -1
outer loop
vertex -13.737833333333334 -23.65872666666667 0
vertex -15.694953333333336 -23.48914666666667 0
vertex -16.15133666666667 -23.150450000000003 0
endloop
endfacet
facet normal 0 0 -1
outer loop
vertex -13.737833333333334 -23.65872666666667 0
vertex -16.15133666666667 -23.150450000000003 0
vertex -12.374243333333334 -23.150450000000003 0
endloop
endfacet
facet normal 0 0 -1
outer loop
vertex 13.737833333333334 -23.65872666666667 0
vertex 16.15133666666667 -23.150450000000003 0
vertex 15.694953333333336 -23.48914666666667 0
endloop
endfacet
facet normal 0 0 -1
outer loop
vertex 13.737833333333334 -23.65872666666667 0
vertex 15.694953333333336 -23.48914666666667 0
vertex 14.422176666666669 -24.251793333333335 0
endloop
endfacet
facet normal 0 0 -1
outer loop
vertex 13.737833333333334 -23.65872666666667 0
vertex 14.422176666666669 -24.251793333333335 0
vertex 10.045530000000001 -24.251793333333335 0
endloop
endfacet
facet normal 0 0 -1
outer loop
vertex 13.737833333333334 -23.65872666666667 0
vertex 10.045530000000001 -24.251793333333335 0
vertex 12.374243333333334 -23.150450000000003 0
endloop
endfacet
facet normal 0 0 -1
outer loop
vertex 13.737833333333334 -23.65872666666667 0
vertex 12.374243333333334 -23.150450000000003 0
vertex 16.15133666666667 -23.150450000000003 0
endloop
endfacet
facet normal 0 0 -1
outer loop
vertex -11.657466666666668 -24.731343333333335 0
vertex -10.045530000000001 -24.251793333333335 0
vertex -7.619980000000001 -25.11961666666667 0
endloop
endfacet
facet normal 0 0 -1
outer loop
vertex -11.657466666666668 -24.731343333333335 0
vertex -7.619980000000001 -25.11961666666667 0
vertex -12.882520000000001 -25.11961666666667 0
endloop
endfacet
facet normal 0 0 -1
outer loop
vertex -11.657466666666668 -24.731343333333335 0
vertex -12.882520000000001 -25.11961666666667 0
vertex -13.317126666666669 -24.914360000000002 0
endloop
endfacet
facet normal 0 0 -1
outer loop
vertex -11.657466666666668 -24.731343333333335 0
vertex -13.317126666666669 -24.914360000000002 0
vertex -14.422176666666669 -24.251793333333335 0
endloop
endfacet
facet normal 0 0 -1
outer loop
vertex -11.657466666666668 -24.731343333333335 0
vertex -14.422176666666669 -24.251793333333335 0
vertex -10.045530000000001 -24.251793333333335 0
endloop
endfacet
facet normal 0 0 -1
outer loop
vertex 11.657466666666668 -24.731343333333335 0
vertex 14.422176666666669 -24.251793333333335 0
vertex 13.317126666666669 -24.914360000000002 0
endloop
endfacet
facet normal 0 0 -1
outer loop
vertex 11.657466666666668 -24.731343333333335 0
vertex 13.317126666666669 -24.914360000000002 0
vertex 12.882520000000001 -25.11961666666667 0
endloop
endfacet
facet normal 0 0 -1
outer loop
vertex 11.657466666666668 -24.731343333333335 0
vertex 12.882520000000001 -25.11961666666667 0
vertex 7.619980000000001 -25.11961666666667 0
endloop
endfacet
facet normal 0 0 -1
outer loop
vertex 11.657466666666668 -24.731343333333335 0
vertex 7.619980000000001 -25.11961666666667 0
vertex 10.045530000000001 -24.251793333333335 0
endloop
endfacet
facet normal 0 0 -1
outer loop
vertex 11.657466666666668 -24.731343333333335 0
vertex 10.045530000000001 -24.251793333333335 0
vertex 14.422176666666669 -24.251793333333335 0
endloop
endfacet
facet normal 0 0 -1
outer loop
vertex -7.619980000000001 -25.11961666666667 0
vertex -5.121223333333334 -25.745580000000004 0
vertex -11.55924 -25.745580000000004 0
endloop
endfacet
facet normal 0 0 -1
outer loop
vertex -7.619980000000001 -25.11961666666667 0
vertex -11.55924 -25.745580000000004 0
vertex -12.882520000000001 -25.11961666666667 0
endloop
endfacet
facet normal 0 0 -1
outer loop
vertex 12.882520000000001 -25.11961666666667 0
vertex 11.55924 -25.745580000000004 0
vertex 5.121223333333334 -25.745580000000004 0
endloop
endfacet
facet normal 0 0 -1
outer loop
vertex 12.882520000000001 -25.11961666666667 0
vertex 5.121223333333334 -25.745580000000004 0
vertex 7.619980000000001 -25.11961666666667 0
endloop
endfacet
facet normal 0 0 -1
outer loop
vertex -8.161616666666667 -25.96751666666667 0
vertex -5.121223333333334 -25.745580000000004 0
vertex -2.57289 -26.123660000000005 0
endloop
endfacet
facet normal 0 0 -1
outer loop
vertex -8.161616666666667 -25.96751666666667 0
vertex -2.57289 -26.123660000000005 0
vertex -10.743773333333335 -26.123660000000005 0
endloop
endfacet
facet normal 0 0 -1
outer loop
vertex -8.161616666666667 -25.96751666666667 0
vertex -10.743773333333335 -26.123660000000005 0
vertex -10.810956666666668 -26.09956666666667 0
endloop
endfacet
facet normal 0 0 -1
outer loop
vertex -8.161616666666667 -25.96751666666667 0
vertex -10.810956666666668 -26.09956666666667 0
vertex -11.55924 -25.745580000000004 0
endloop
endfacet
facet normal 0 0 -1
outer loop
vertex -8.161616666666667 -25.96751666666667 0
vertex -11.55924 -25.745580000000004 0
vertex -5.121223333333334 -25.745580000000004 0
endloop
endfacet
facet normal 0 0 -1
outer loop
vertex 8.161616666666667 -25.96751666666667 0
vertex 11.55924 -25.745580000000004 0
vertex 10.810956666666668 -26.09956666666667 0
endloop
endfacet
facet normal 0 0 -1
outer loop
vertex 8.161616666666667 -25.96751666666667 0
vertex 10.810956666666668 -26.09956666666667 0
vertex 10.743773333333335 -26.123660000000005 0
endloop
endfacet
facet normal 0 0 -1
outer loop
vertex 8.161616666666667 -25.96751666666667 0
vertex 10.743773333333335 -26.123660000000005 0
vertex 2.57289 -26.123660000000005 0
endloop
endfacet
facet normal 0 0 -1
outer loop
vertex 8.161616666666667 -25.96751666666667 0
vertex 2.57289 -26.123660000000005 0
vertex 5.121223333333334 -25.745580000000004 0
endloop
endfacet
facet normal 0 0 -1
outer loop
vertex 8.161616666666667 -25.96751666666667 0
vertex 5.121223333333334 -25.745580000000004 0
vertex 11.55924 -25.745580000000004 0
endloop
endfacet
facet normal 0 0 -1
outer loop
vertex -2.57289 -26.123660000000005 0
vertex 0 -26.250150000000005 0
vertex -10.390250000000002 -26.250150000000005 0
endloop
endfacet
facet normal 0 0 -1
outer loop
vertex -2.57289 -26.123660000000005 0
vertex -10.390250000000002 -26.250150000000005 0
vertex -10.743773333333335 -26.123660000000005 0
endloop
endfacet
facet normal 0 0 -1
outer loop
vertex 10.743773333333335 -26.123660000000005 0
vertex 10.390250000000002 -26.250150000000005 0
vertex 0 -26.250150000000005 0
endloop
endfacet
facet normal 0 0 -1
outer loop
vertex 10.743773333333335 -26.123660000000005 0
vertex 0 -26.250150000000005 0
vertex 2.57289 -26.123660000000005 0
endloop
endfacet
facet normal 0 0 -1
outer loop
vertex 0 -27.270873333333338 0
vertex 0 -26.250150000000005 0
vertex 10.390250000000002 -26.250150000000005 0
endloop
endfacet
facet normal 0 0 -1
outer loop
vertex 0 -27.270873333333338 0
vertex 10.390250000000002 -26.250150000000005 0
vertex 8.200536666666668 -27.03364666666667 0
endloop
endfacet
facet normal 0 0 -1
outer loop
vertex 0 -27.270873333333338 0
vertex 8.200536666666668 -27.03364666666667 0
vertex 5.511350000000001 -27.707333333333338 0
endloop
endfacet
facet normal 0 0 -0.9999999999999999
outer loop
vertex 0 -27.270873333333338 0
vertex 5.511350000000001 -27.707333333333338 0
vertex 2.7688800000000002 -28.114140000000003 0
endloop
endfacet
facet normal 0 0 -1
outer loop
vertex 0 -27.270873333333338 0
vertex 2.7688800000000002 -28.114140000000003 0
vertex 0 -28.24989666666667 0
endloop
endfacet
facet normal 0 0 -1
outer loop
vertex 0 -27.270873333333338 0
vertex 0 -28.24989666666667 0
vertex -2.7688800000000002 -28.114140000000003 0
endloop
endfacet
facet normal 0 0 -0.9999999999999999
outer loop
vertex 0 -27.270873333333338 0
vertex -2.7688800000000002 -28.114140000000003 0
vertex -5.511350000000001 -27.707333333333338 0
endloop
endfacet
facet normal 0 0 -1
outer loop
vertex 0 -27.270873333333338 0
vertex -5.511350000000001 -27.707333333333338 0
vertex -8.200536666666668 -27.03364666666667 0
endloop
endfacet
facet normal 0 0 -1
outer loop
vertex 0 -27.270873333333338 0
vertex -8.200536666666668 -27.03364666666667 0
vertex -10.390250000000002 -26.250150000000005 0
endloop
endfacet
facet normal 0 0 -1
outer loop
vertex 0 -27.270873333333338 0
vertex -10.390250000000002 -26.250150000000005 0
vertex 0 -26.250150000000005 0
endloop
endfacet
facet normal 0 0 1
outer loop
vertex 0 27.517830000000004 25.00007666666667
vertex -2.793436666666667 28.362950000000005 25.00007666666667
vertex -5.5600000000000005 27.95243666666667 25.00007666666667
endloop
endfacet
facet normal 0 0 1
outer loop
vertex 0 27.517830000000004 25.00007666666667
vertex -5.5600000000000005 27.95243666666667 25.00007666666667
vertex -8.273280000000002 27.27272666666667 25.00007666666667
endloop
endfacet
facet normal 0 0 0.9999999999999999
outer loop
vertex 0 27.517830000000004 25.00007666666667
vertex -8.273280000000002 27.27272666666667 25.00007666666667
vertex -10.432876666666669 26.49988666666667 25.00007666666667
endloop
endfacet
facet normal 0 0 1
outer loop
vertex 0 27.517830000000004 25.00007666666667
vertex -10.432876666666669 26.49988666666667 25.00007666666667
vertex 0 26.49988666666667 25.00007666666667
endloop
endfacet
facet normal 0 0 1
outer loop
vertex 0 27.517830000000004 25.00007666666667
vertex 0 26.49988666666667 25.00007666666667
vertex 10.432876666666669 26.49988666666667 25.00007666666667
endloop
endfacet
facet normal 0 0 0.9999999999999999
outer loop
vertex 0 27.517830000000004 25.00007666666667
vertex 10.432876666666669 26.49988666666667 25.00007666666667
vertex 8.273280000000002 27.27272666666667 25.00007666666667
endloop
endfacet
facet normal 0 0 1
outer loop
vertex 0 27.517830000000004 25.00007666666667
vertex 8.273280000000002 27.27272666666667 25.00007666666667
vertex 5.5600000000000005 27.95243666666667 25.00007666666667
endloop
endfacet
facet normal 0 0 1
outer loop
vertex 0 27.517830000000004 25.00007666666667
vertex 5.5600000000000005 27.95243666666667 25.00007666666667
vertex 2.793436666666667 28.362950000000005 25.00007666666667
endloop
endfacet
facet normal 0 0 0.9999999999999999
outer loop
vertex 0 27.517830000000004 25.00007666666667
vertex 2.793436666666667 28.362950000000005 25.00007666666667
vertex 0 28.50009666666667 25.00007666666667
endloop
endfacet
facet normal 0 0 0.9999999999999999
outer loop
vertex 0 27.517830000000004 25.00007666666667
vertex 0 28.50009666666667 25.00007666666667
vertex -2.793436666666667 28.362950000000005 25.00007666666667
endloop
endfacet
facet normal 0 0 1
outer loop
vertex 0 26.49988666666667 25.00007666666667
vertex 2.597446666666667 26.372470000000003 25.00007666666667
vertex 10.789643333333334 26.372470000000003 25.00007666666667
endloop
endfacet
facet normal 0 0 1
outer loop
vertex 0 26.49988666666667 25.00007666666667
vertex 10.789643333333334 26.372470000000003 25.00007666666667
vertex 10.432876666666669 26.49988666666667 25.00007666666667
endloop
endfacet
facet normal 0 0 1
outer loop
vertex -10.432876666666669 26.49988666666667 25.00007666666667
vertex -10.789643333333334 26.372470000000003 25.00007666666667
vertex -2.597446666666667 26.372470000000003 25.00007666666667
endloop
endfacet
facet normal 0 0 1
outer loop
vertex -10.432876666666669 26.49988666666667 25.00007666666667
vertex -2.597446666666667 26.372470000000003 25.00007666666667
vertex 0 26.49988666666667 25.00007666666667
endloop
endfacet
facet normal 0 0 1
outer loop
vertex 8.217680000000001 26.211230000000004 25.00007666666667
vertex 2.597446666666667 26.372470000000003 25.00007666666667
vertex 5.169873333333334 25.990683333333337 25.00007666666667
endloop
endfacet
facet normal 0 0 1
outer loop
vertex 8.217680000000001 26.211230000000004 25.00007666666667
vertex 5.169873333333334 25.990683333333337 25.00007666666667
vertex 11.625033333333334 25.990683333333337 25.00007666666667
endloop
endfacet
facet normal 0 0 1
outer loop
vertex 8.217680000000001 26.211230000000004 25.00007666666667
vertex 11.625033333333334 25.990683333333337 25.00007666666667
vertex 10.906403333333335 26.330770000000005 25.00007666666667
endloop
endfacet
facet normal 0 0 1
outer loop
vertex 8.217680000000001 26.211230000000004 25.00007666666667
vertex 10.906403333333335 26.330770000000005 25.00007666666667
vertex 10.789643333333334 26.372470000000003 25.00007666666667
endloop
endfacet
facet normal 0 0 1
outer loop
vertex 8.217680000000001 26.211230000000004 25.00007666666667
vertex 10.789643333333334 26.372470000000003 25.00007666666667
vertex 2.597446666666667 26.372470000000003 25.00007666666667
endloop
endfacet
facet normal 0 0 1
outer loop
vertex -8.217680000000001 26.211230000000004 25.00007666666667
vertex -10.789643333333334 26.372470000000003 25.00007666666667
vertex -10.906403333333335 26.330770000000005 25.00007666666667
endloop
endfacet
facet normal 0 0 1
outer loop
vertex -8.217680000000001 26.211230000000004 25.00007666666667
vertex -10.906403333333335 26.330770000000005 25.00007666666667
vertex -11.625033333333334 25.990683333333337 25.00007666666667
endloop
endfacet
facet normal 0 0 1
outer loop
vertex -8.217680000000001 26.211230000000004 25.00007666666667
vertex -11.625033333333334 25.990683333333337 25.00007666666667
vertex -5.169873333333334 25.990683333333337 25.00007666666667
endloop
endfacet
facet normal 0 0 1
outer loop
vertex -8.217680000000001 26.211230000000004 25.00007666666667
vertex -5.169873333333334 25.990683333333337 25.00007666666667
vertex -2.597446666666667 26.372470000000003 25.00007666666667
endloop
endfacet
facet normal 0 0 1
outer loop
vertex -8.217680000000001 26.211230000000004 25.00007666666667
vertex -2.597446666666667 26.372470000000003 25.00007666666667
vertex -10.789643333333334 26.372470000000003 25.00007666666667
endloop
endfacet
facet normal 0 0 1
outer loop
vertex 5.169873333333334 25.990683333333337 25.00007666666667
vertex 7.692723333333334 25.35869666666667 25.00007666666667
vertex 12.960823333333336 25.35869666666667 25.00007666666667
endloop
endfacet
facet normal 0 0 1
outer loop
vertex 5.169873333333334 25.990683333333337 25.00007666666667
vertex 12.960823333333336 25.35869666666667 25.00007666666667
vertex 11.625033333333334 25.990683333333337 25.00007666666667
endloop
endfacet
facet normal 0 0 1
outer loop
vertex -11.625033333333334 25.990683333333337 25.00007666666667
vertex -12.960823333333336 25.35869666666667 25.00007666666667
vertex -7.692723333333334 25.35869666666667 25.00007666666667
endloop
endfacet
facet normal 0 0 1
outer loop
vertex -11.625033333333334 25.990683333333337 25.00007666666667
vertex -7.692723333333334 25.35869666666667 25.00007666666667
vertex -5.169873333333334 25.990683333333337 25.00007666666667
endloop
endfacet
facet normal 0 0 1
outer loop
vertex 11.750596666666668 24.963473333333337 25.00007666666667
vertex 7.692723333333334 25.35869666666667 25.00007666666667
vertex 10.140976666666669 24.48299666666667 25.00007666666667
endloop
endfacet
facet normal 0 0 1
outer loop
vertex 11.750596666666668 24.963473333333337 25.00007666666667
vertex 10.140976666666669 24.48299666666667 25.00007666666667
vertex 14.522720000000001 24.48299666666667 25.00007666666667
endloop
endfacet
facet normal 0 0 1
outer loop
vertex 11.750596666666668 24.963473333333337 25.00007666666667
vertex 14.522720000000001 24.48299666666667 25.00007666666667
vertex 13.434813333333334 25.13490666666667 25.00007666666667
endloop
endfacet
facet normal 0 0 1
outer loop
vertex 11.750596666666668 24.963473333333337 25.00007666666667
vertex 13.434813333333334 25.13490666666667 25.00007666666667
vertex 12.960823333333336 25.35869666666667 25.00007666666667
endloop
endfacet
facet normal 0 0 1
outer loop
vertex 11.750596666666668 24.963473333333337 25.00007666666667
vertex 12.960823333333336 25.35869666666667 25.00007666666667
vertex 7.692723333333334 25.35869666666667 25.00007666666667
endloop
endfacet
facet normal 0 0 1
outer loop
vertex -11.750596666666668 24.963473333333337 25.00007666666667
vertex -12.960823333333336 25.35869666666667 25.00007666666667
vertex -13.434813333333334 25.13490666666667 25.00007666666667
endloop
endfacet
facet normal 0 0 1
outer loop
vertex -11.750596666666668 24.963473333333337 25.00007666666667
vertex -13.434813333333334 25.13490666666667 25.00007666666667
vertex -14.522720000000001 24.48299666666667 25.00007666666667
endloop
endfacet
facet normal 0 0 1
outer loop
vertex -11.750596666666668 24.963473333333337 25.00007666666667
vertex -14.522720000000001 24.48299666666667 25.00007666666667
vertex -10.140976666666669 24.48299666666667 25.00007666666667
endloop
endfacet
facet normal 0 0 1
outer loop
vertex -11.750596666666668 24.963473333333337 25.00007666666667
vertex -10.140976666666669 24.48299666666667 25.00007666666667
vertex -7.692723333333334 25.35869666666667 25.00007666666667
endloop
endfacet
facet normal 0 0 1
outer loop
vertex -11.750596666666668 24.963473333333337 25.00007666666667
vertex -7.692723333333334 25.35869666666667 25.00007666666667
vertex -12.960823333333336 25.35869666666667 25.00007666666667
endloop
endfacet
facet normal 0 0 1
outer loop
vertex 13.852740000000002 23.88112666666667 25.00007666666667
vertex 10.140976666666669 24.48299666666667 25.00007666666667
vertex 12.491930000000002 23.37099666666667 25.00007666666667
endloop
endfacet
facet normal 0 0 1
outer loop
vertex 13.852740000000002 23.88112666666667 25.00007666666667
vertex 12.491930000000002 23.37099666666667 25.00007666666667
vertex 16.273193333333335 23.37099666666667 25.00007666666667
endloop
endfacet
facet normal 0 0 1
outer loop
vertex 13.852740000000002 23.88112666666667 25.00007666666667
vertex 16.273193333333335 23.37099666666667 25.00007666666667
vertex 15.833953333333335 23.696720000000003 25.00007666666667
endloop
endfacet
facet normal 0 0 1
outer loop
vertex 13.852740000000002 23.88112666666667 25.00007666666667
vertex 15.833953333333335 23.696720000000003 25.00007666666667
vertex 14.522720000000001 24.48299666666667 25.00007666666667
endloop
endfacet
facet normal 0 0 1
outer loop
vertex 13.852740000000002 23.88112666666667 25.00007666666667
vertex 14.522720000000001 24.48299666666667 25.00007666666667
vertex 10.140976666666669 24.48299666666667 25.00007666666667
endloop
endfacet
facet normal 0 0 1
outer loop
vertex -13.852740000000002 23.88112666666667 25.00007666666667
vertex -14.522720000000001 24.48299666666667 25.00007666666667
vertex -15.833953333333335 23.696720000000003 25.00007666666667
endloop
endfacet
facet normal 0 0 1
outer loop
vertex -13.852740000000002 23.88112666666667 25.00007666666667
vertex -15.833953333333335 23.696720000000003 25.00007666666667
vertex -16.273193333333335 23.37099666666667 25.00007666666667
endloop
endfacet
facet normal 0 0 1
outer loop
vertex -13.852740000000002 23.88112666666667 25.00007666666667
vertex -16.273193333333335 23.37099666666667 25.00007666666667
vertex -12.491930000000002 23.37099666666667 25.00007666666667
endloop
endfacet
facet normal 0 0 1
outer loop
vertex -13.852740000000002 23.88112666666667 25.00007666666667
vertex -12.491930000000002 23.37099666666667 25.00007666666667
vertex -10.140976666666669 24.48299666666667 25.00007666666667
endloop
endfacet
facet normal 0 0 1
outer loop
vertex -13.852740000000002 23.88112666666667 25.00007666666667
vertex -10.140976666666669 24.48299666666667 25.00007666666667
vertex -14.522720000000001 24.48299666666667 25.00007666666667
endloop
endfacet
facet normal 0 0 1
outer loop
vertex 12.491930000000002 23.37099666666667 25.00007666666667
vertex 14.72241666666667 22.03381666666667 25.00007666666667
vertex 18.076023333333335 22.03381666666667 25.00007666666667
endloop
endfacet
facet normal 0 0 1
outer loop
vertex 12.491930000000002 23.37099666666667 25.00007666666667
vertex 18.076023333333335 22.03381666666667 25.00007666666667
vertex 16.273193333333335 23.37099666666667 25.00007666666667
endloop
endfacet
facet normal 0 0 1
outer loop
vertex -16.273193333333335 23.37099666666667 25.00007666666667
vertex -18.076023333333335 22.03381666666667 25.00007666666667
vertex -14.72241666666667 22.03381666666667 25.00007666666667
endloop
endfacet
facet normal 0 0 1
outer loop
vertex -16.273193333333335 23.37099666666667 25.00007666666667
vertex -14.72241666666667 22.03381666666667 25.00007666666667
vertex -12.491930000000002 23.37099666666667 25.00007666666667
endloop
endfacet
facet normal 0 0 1
outer loop
vertex 17.49546666666667 21.413413333333335 25.00007666666667
vertex 14.72241666666667 22.03381666666667 25.00007666666667
vertex 16.81158666666667 20.484893333333336 25.00007666666667
endloop
endfacet
facet normal 0 0 0.9999999999999999
outer loop
vertex 17.49546666666667 21.413413333333335 25.00007666666667
vertex 16.81158666666667 20.484893333333336 25.00007666666667
vertex 19.78618666666667 20.484893333333336 25.00007666666667
endloop
endfacet
facet normal 0 0 0.9999999999999999
outer loop
vertex 17.49546666666667 21.413413333333335 25.00007666666667
vertex 19.78618666666667 20.484893333333336 25.00007666666667
vertex 18.080193333333337 22.030573333333336 25.00007666666667
endloop
endfacet
facet normal 0 0 1
outer loop
vertex 17.49546666666667 21.413413333333335 25.00007666666667
vertex 18.080193333333337 22.030573333333336 25.00007666666667
vertex 18.076023333333335 22.03381666666667 25.00007666666667
endloop
endfacet
facet normal 0 0 1
outer loop
vertex 17.49546666666667 21.413413333333335 25.00007666666667
vertex 18.076023333333335 22.03381666666667 25.00007666666667
vertex 14.72241666666667 22.03381666666667 25.00007666666667
endloop
endfacet
facet normal 0 0 1
outer loop
vertex -17.49546666666667 21.413413333333335 25.00007666666667
vertex -18.076023333333335 22.03381666666667 25.00007666666667
vertex -18.080193333333337 22.030573333333336 25.00007666666667
endloop
endfacet
facet normal 0 0 0.9999999999999999
outer loop
vertex -17.49546666666667 21.413413333333335 25.00007666666667
vertex -18.080193333333337 22.030573333333336 25.00007666666667
vertex -19.78618666666667 20.484893333333336 25.00007666666667
endloop
endfacet
facet normal 0 0 0.9999999999999999
outer loop
vertex -17.49546666666667 21.413413333333335 25.00007666666667
vertex -19.78618666666667 20.484893333333336 25.00007666666667
vertex -16.81158666666667 20.484893333333336 25.00007666666667
endloop
endfacet
facet normal 0 0 1
outer loop
vertex -17.49546666666667 21.413413333333335 25.00007666666667
vertex -16.81158666666667 20.484893333333336 25.00007666666667
vertex -14.72241666666667 22.03381666666667 25.00007666666667
endloop
endfacet
facet normal 0 0 1
outer loop
vertex -17.49546666666667 21.413413333333335 25.00007666666667
vertex -14.72241666666667 22.03381666666667 25.00007666666667
vertex -18.076023333333335 22.03381666666667 25.00007666666667
endloop
endfacet
facet normal 0 0 1
outer loop
vertex 19.384476666666668 19.71993 25.00007666666667
vertex 16.81158666666667 20.484893333333336 25.00007666666667
vertex 18.73812666666667 18.73812666666667 25.00007666666667
endloop
endfacet
facet normal 0 0 0.9999999999999999
outer loop
vertex 19.384476666666668 19.71993 25.00007666666667
vertex 18.73812666666667 18.73812666666667 25.00007666666667
vertex 21.434263333333337 18.73812666666667 25.00007666666667
endloop
endfacet
facet normal 0 0 1
outer loop
vertex 19.384476666666668 19.71993 25.00007666666667
vertex 21.434263333333337 18.73812666666667 25.00007666666667
vertex 20.152683333333336 20.152683333333336 25.00007666666667
endloop
endfacet
facet normal 0 0 1
outer loop
vertex 19.384476666666668 19.71993 25.00007666666667
vertex 20.152683333333336 20.152683333333336 25.00007666666667
vertex 19.78618666666667 20.484893333333336 25.00007666666667
endloop
endfacet
facet normal 0 0 1
outer loop
vertex 19.384476666666668 19.71993 25.00007666666667
vertex 19.78618666666667 20.484893333333336 25.00007666666667
vertex 16.81158666666667 20.484893333333336 25.00007666666667
endloop
endfacet
facet normal 0 0 1
outer loop
vertex -19.384476666666668 19.71993 25.00007666666667
vertex -19.78618666666667 20.484893333333336 25.00007666666667
vertex -20.152683333333336 20.152683333333336 25.00007666666667
endloop
endfacet
facet normal 0 0 1
outer loop
vertex -19.384476666666668 19.71993 25.00007666666667
vertex -20.152683333333336 20.152683333333336 25.00007666666667
vertex -21.434263333333337 18.73812666666667 25.00007666666667
endloop
endfacet
facet normal 0 0 0.9999999999999999
outer loop
vertex -19.384476666666668 19.71993 25.00007666666667
vertex -21.434263333333337 18.73812666666667 25.00007666666667
vertex -18.73812666666667 18.73812666666667 25.00007666666667
endloop
endfacet
facet normal 0 0 1
outer loop
vertex -19.384476666666668 19.71993 25.00007666666667
vertex -18.73812666666667 18.73812666666667 25.00007666666667
vertex -16.81158666666667 20.484893333333336 25.00007666666667
endloop
endfacet
facet normal 0 0 1
outer loop
vertex -19.384476666666668 19.71993 25.00007666666667
vertex -16.81158666666667 20.484893333333336 25.00007666666667
vertex -19.78618666666667 20.484893333333336 25.00007666666667
endloop
endfacet
facet normal 0 0 1
outer loop
vertex 21.13170666666667 17.83601666666667 25.00007666666667
vertex 18.73812666666667 18.73812666666667 25.00007666666667
vertex 20.484893333333336 16.81158666666667 25.00007666666667
endloop
endfacet
facet normal 0 0 1
outer loop
vertex 21.13170666666667 17.83601666666667 25.00007666666667
vertex 20.484893333333336 16.81158666666667 25.00007666666667
vertex 22.971603333333338 16.81158666666667 25.00007666666667
endloop
endfacet
facet normal 0 0 1
outer loop
vertex 21.13170666666667 17.83601666666667 25.00007666666667
vertex 22.971603333333338 16.81158666666667 25.00007666666667
vertex 22.030573333333336 18.080193333333337 25.00007666666667
endloop
endfacet
facet normal 0 0 1
outer loop
vertex 21.13170666666667 17.83601666666667 25.00007666666667
vertex 22.030573333333336 18.080193333333337 25.00007666666667
vertex 21.434263333333337 18.73812666666667 25.00007666666667
endloop
endfacet
facet normal 0 0 1
outer loop
vertex 21.13170666666667 17.83601666666667 25.00007666666667
vertex 21.434263333333337 18.73812666666667 25.00007666666667
vertex 18.73812666666667 18.73812666666667 25.00007666666667
endloop
endfacet
facet normal 0 0 1
outer loop
vertex -21.13170666666667 17.83601666666667 25.00007666666667
vertex -21.434263333333337 18.73812666666667 25.00007666666667
vertex -22.030573333333336 18.080193333333337 25.00007666666667
endloop
endfacet
facet normal 0 0 1
outer loop
vertex -21.13170666666667 17.83601666666667 25.00007666666667
vertex -22.030573333333336 18.080193333333337 25.00007666666667
vertex -22.971603333333338 16.81158666666667 25.00007666666667
endloop
endfacet
facet normal 0 0 1
outer loop
vertex -21.13170666666667 17.83601666666667 25.00007666666667
vertex -22.971603333333338 16.81158666666667 25.00007666666667
vertex -20.484893333333336 16.81158666666667 25.00007666666667
endloop
endfacet
facet normal 0 0 1
outer loop
vertex -21.13170666666667 17.83601666666667 25.00007666666667
vertex -20.484893333333336 16.81158666666667 25.00007666666667
vertex -18.73812666666667 18.73812666666667 25.00007666666667
endloop
endfacet
facet normal 0 0 1
outer loop
vertex -21.13170666666667 17.83601666666667 25.00007666666667
vertex -18.73812666666667 18.73812666666667 25.00007666666667
vertex -21.434263333333337 18.73812666666667 25.00007666666667
endloop
endfacet
facet normal 0 0 1
outer loop
vertex 22.709820000000004 15.780206666666668 25.00007666666667
vertex 20.484893333333336 16.81158666666667 25.00007666666667
vertex 22.03381666666667 14.72241666666667 25.00007666666667
endloop
endfacet
facet normal 0 0 1
outer loop
vertex 22.709820000000004 15.780206666666668 25.00007666666667
vertex 22.03381666666667 14.72241666666667 25.00007666666667
vertex 24.362993333333335 14.72241666666667 25.00007666666667
endloop
endfacet
facet normal 0 0 1
outer loop
vertex 22.709820000000004 15.780206666666668 25.00007666666667
vertex 24.362993333333335 14.72241666666667 25.00007666666667
vertex 23.696720000000003 15.833953333333335 25.00007666666667
endloop
endfacet
facet normal 0 0 1
outer loop
vertex 22.709820000000004 15.780206666666668 25.00007666666667
vertex 23.696720000000003 15.833953333333335 25.00007666666667
vertex 22.971603333333338 16.81158666666667 25.00007666666667
endloop
endfacet
facet normal 0 0 1
outer loop
vertex 22.709820000000004 15.780206666666668 25.00007666666667
vertex 22.971603333333338 16.81158666666667 25.00007666666667
vertex 20.484893333333336 16.81158666666667 25.00007666666667
endloop
endfacet
facet normal 0 0 1
outer loop
vertex -22.709820000000004 15.780206666666668 25.00007666666667
vertex -22.971603333333338 16.81158666666667 25.00007666666667
vertex -23.696720000000003 15.833953333333335 25.00007666666667
endloop
endfacet
facet normal 0 0 1
outer loop
vertex -22.709820000000004 15.780206666666668 25.00007666666667
vertex -23.696720000000003 15.833953333333335 25.00007666666667
vertex -24.362993333333335 14.72241666666667 25.00007666666667
endloop
endfacet
facet normal 0 0 1
outer loop
vertex -22.709820000000004 15.780206666666668 25.00007666666667
vertex -24.362993333333335 14.72241666666667 25.00007666666667
vertex -22.03381666666667 14.72241666666667 25.00007666666667
endloop
endfacet
facet normal 0 0 1
outer loop
vertex -22.709820000000004 15.780206666666668 25.00007666666667
vertex -22.03381666666667 14.72241666666667 25.00007666666667
vertex -20.484893333333336 16.81158666666667 25.00007666666667
endloop
endfacet
facet normal 0 0 1
outer loop
vertex -22.709820000000004 15.780206666666668 25.00007666666667
vertex -20.484893333333336 16.81158666666667 25.00007666666667
vertex -22.971603333333338 16.81158666666667 25.00007666666667
endloop
endfacet
facet normal 0 0 1
outer loop
vertex 24.09657666666667 13.572886666666669 25.00007666666667
vertex 22.03381666666667 14.72241666666667 25.00007666666667
vertex 23.37099666666667 12.491930000000002 25.00007666666667
endloop
endfacet
facet normal 0 0 1
outer loop
vertex 24.09657666666667 13.572886666666669 25.00007666666667
vertex 23.37099666666667 12.491930000000002 25.00007666666667
vertex 25.580633333333335 12.491930000000002 25.00007666666667
endloop
endfacet
facet normal 0 0 0.9999999999999999
outer loop
vertex 24.09657666666667 13.572886666666669 25.00007666666667
vertex 25.580633333333335 12.491930000000002 25.00007666666667
vertex 25.13490666666667 13.434813333333334 25.00007666666667
endloop
endfacet
facet normal 0 0 1
outer loop
vertex 24.09657666666667 13.572886666666669 25.00007666666667
vertex 25.13490666666667 13.434813333333334 25.00007666666667
vertex 24.362993333333335 14.72241666666667 25.00007666666667
endloop
endfacet
facet normal 0 0 1
outer loop
vertex 24.09657666666667 13.572886666666669 25.00007666666667
vertex 24.362993333333335 14.72241666666667 25.00007666666667
vertex 22.03381666666667 14.72241666666667 25.00007666666667
endloop
endfacet
facet normal 0 0 1
outer loop
vertex -24.09657666666667 13.572886666666669 25.00007666666667
vertex -24.362993333333335 14.72241666666667 25.00007666666667
vertex -25.13490666666667 13.434813333333334 25.00007666666667
endloop
endfacet
facet normal 0 0 0.9999999999999999
outer loop
vertex -24.09657666666667 13.572886666666669 25.00007666666667
vertex -25.13490666666667 13.434813333333334 25.00007666666667
vertex -25.580633333333335 12.491930000000002 25.00007666666667
endloop
endfacet
facet normal 0 0 1
outer loop
vertex -24.09657666666667 13.572886666666669 25.00007666666667
vertex -25.580633333333335 12.491930000000002 25.00007666666667
vertex -23.37099666666667 12.491930000000002 25.00007666666667
endloop
endfacet
facet normal 0 0 1
outer loop
vertex -24.09657666666667 13.572886666666669 25.00007666666667
vertex -23.37099666666667 12.491930000000002 25.00007666666667
vertex -22.03381666666667 14.72241666666667 25.00007666666667
endloop
endfacet
facet normal 0 0 1
outer loop
vertex -24.09657666666667 13.572886666666669 25.00007666666667
vertex -22.03381666666667 14.72241666666667 25.00007666666667
vertex -24.362993333333335 14.72241666666667 25.00007666666667
endloop
endfacet
facet normal 0 0 1
outer loop
vertex 25.27390666666667 11.234443333333335 25.00007666666667
vertex 23.37099666666667 12.491930000000002 25.00007666666667
vertex 24.48299666666667 10.140976666666669 25.00007666666667
endloop
endfacet
facet normal 0 0 1
outer loop
vertex 25.27390666666667 11.234443333333335 25.00007666666667
vertex 24.48299666666667 10.140976666666669 25.00007666666667
vertex 26.604600000000005 10.140976666666669 25.00007666666667
endloop
endfacet
facet normal 0 0 1
outer loop
vertex 25.27390666666667 11.234443333333335 25.00007666666667
vertex 26.604600000000005 10.140976666666669 25.00007666666667
vertex 26.330770000000005 10.906403333333335 25.00007666666667
endloop
endfacet
facet normal 0 0 1
outer loop
vertex 25.27390666666667 11.234443333333335 25.00007666666667
vertex 26.330770000000005 10.906403333333335 25.00007666666667
vertex 25.580633333333335 12.491930000000002 25.00007666666667
endloop
endfacet
facet normal 0 0 0.9999999999999999
outer loop
vertex 25.27390666666667 11.234443333333335 25.00007666666667
vertex 25.580633333333335 12.491930000000002 25.00007666666667
vertex 23.37099666666667 12.491930000000002 25.00007666666667
endloop
endfacet
facet normal 0 0 1
outer loop
vertex -25.27390666666667 11.234443333333335 25.00007666666667
vertex -25.580633333333335 12.491930000000002 25.00007666666667
vertex -26.330770000000005 10.906403333333335 25.00007666666667
endloop
endfacet
facet normal 0 0 1
outer loop
vertex -25.27390666666667 11.234443333333335 25.00007666666667
vertex -26.330770000000005 10.906403333333335 25.00007666666667
vertex -26.604600000000005 10.140976666666669 25.00007666666667
endloop
endfacet
facet normal 0 0 1
outer loop
vertex -25.27390666666667 11.234443333333335 25.00007666666667
vertex -26.604600000000005 10.140976666666669 25.00007666666667
vertex -24.48299666666667 10.140976666666669 25.00007666666667
endloop
endfacet
facet normal 0 0 1
outer loop
vertex -25.27390666666667 11.234443333333335 25.00007666666667
vertex -24.48299666666667 10.140976666666669 25.00007666666667
vertex -23.37099666666667 12.491930000000002 25.00007666666667
endloop
endfacet
facet normal 0 0 0.9999999999999999
outer loop
vertex -25.27390666666667 11.234443333333335 25.00007666666667
vertex -23.37099666666667 12.491930000000002 25.00007666666667
vertex -25.580633333333335 12.491930000000002 25.00007666666667
endloop
endfacet
facet normal 0 0 0.9999999999999999
outer loop
vertex 26.22744666666667 8.788043333333334 25.00007666666667
vertex 24.48299666666667 10.140976666666669 25.00007666666667
vertex 25.35869666666667 7.692723333333334 25.00007666666667
endloop
endfacet
facet normal 0 0 1
outer loop
vertex 26.22744666666667 8.788043333333334 25.00007666666667
vertex 25.35869666666667 7.692723333333334 25.00007666666667
vertex 27.418213333333338 7.692723333333334 25.00007666666667
endloop
endfacet
facet normal 0 0 1
outer loop
vertex 26.22744666666667 8.788043333333334 25.00007666666667
vertex 27.418213333333338 7.692723333333334 25.00007666666667
vertex 27.27272666666667 8.273280000000002 25.00007666666667
endloop
endfacet
facet normal 0 0 1
outer loop
vertex 26.22744666666667 8.788043333333334 25.00007666666667
vertex 27.27272666666667 8.273280000000002 25.00007666666667
vertex 26.604600000000005 10.140976666666669 25.00007666666667
endloop
endfacet
facet normal 0 0 0.9999999999999999
outer loop
vertex 26.22744666666667 8.788043333333334 25.00007666666667
vertex 26.604600000000005 10.140976666666669 25.00007666666667
vertex 24.48299666666667 10.140976666666669 25.00007666666667
endloop
endfacet
facet normal 0 0 1
outer loop
vertex -26.22744666666667 8.788043333333334 25.00007666666667
vertex -26.604600000000005 10.140976666666669 25.00007666666667
vertex -27.27272666666667 8.273280000000002 25.00007666666667
endloop
endfacet
facet normal 0 0 1
outer loop
vertex -26.22744666666667 8.788043333333334 25.00007666666667
vertex -27.27272666666667 8.273280000000002 25.00007666666667
vertex -27.418213333333338 7.692723333333334 25.00007666666667
endloop
endfacet
facet normal 0 0 1
outer loop
vertex -26.22744666666667 8.788043333333334 25.00007666666667
vertex -27.418213333333338 7.692723333333334 25.00007666666667
vertex -25.35869666666667 7.692723333333334 25.00007666666667
endloop
endfacet
facet normal 0 0 0.9999999999999999
outer loop
vertex -26.22744666666667 8.788043333333334 25.00007666666667
vertex -25.35869666666667 7.692723333333334 25.00007666666667
vertex -24.48299666666667 10.140976666666669 25.00007666666667
endloop
endfacet
facet normal 0 0 0.9999999999999999
outer loop
vertex -26.22744666666667 8.788043333333334 25.00007666666667
vertex -24.48299666666667 10.140976666666669 25.00007666666667
vertex -26.604600000000005 10.140976666666669 25.00007666666667
endloop
endfacet
facet normal 0 0 1
outer loop
vertex 26.94607666666667 6.256853333333334 25.00007666666667
vertex 25.35869666666667 7.692723333333334 25.00007666666667
vertex 25.990683333333337 5.169873333333334 25.00007666666667
endloop
endfacet
facet normal 0 0 1
outer loop
vertex 26.94607666666667 6.256853333333334 25.00007666666667
vertex 25.990683333333337 5.169873333333334 25.00007666666667
vertex 28.010353333333338 5.169873333333334 25.00007666666667
endloop
endfacet
facet normal 0 0 1
outer loop
vertex 26.94607666666667 6.256853333333334 25.00007666666667
vertex 28.010353333333338 5.169873333333334 25.00007666666667
vertex 27.95243666666667 5.5600000000000005 25.00007666666667
endloop
endfacet
facet normal 0 0 1
outer loop
vertex 26.94607666666667 6.256853333333334 25.00007666666667
vertex 27.95243666666667 5.5600000000000005 25.00007666666667
vertex 27.418213333333338 7.692723333333334 25.00007666666667
endloop
endfacet
facet normal 0 0 1
outer loop
vertex 26.94607666666667 6.256853333333334 25.00007666666667
vertex 27.418213333333338 7.692723333333334 25.00007666666667
vertex 25.35869666666667 7.692723333333334 25.00007666666667
endloop
endfacet
facet normal 0 0 1
outer loop
vertex -26.94607666666667 6.256853333333334 25.00007666666667
vertex -27.418213333333338 7.692723333333334 25.00007666666667
vertex -27.95243666666667 5.5600000000000005 25.00007666666667
endloop
endfacet
facet normal 0 0 1
outer loop
vertex -26.94607666666667 6.256853333333334 25.00007666666667
vertex -27.95243666666667 5.5600000000000005 25.00007666666667
vertex -28.010353333333338 5.169873333333334 25.00007666666667
endloop
endfacet
facet normal 0 0 1
outer loop
vertex -26.94607666666667 6.256853333333334 25.00007666666667
vertex -28.010353333333338 5.169873333333334 25.00007666666667
vertex -25.990683333333337 5.169873333333334 25.00007666666667
endloop
endfacet
facet normal 0 0 1
outer loop
vertex -26.94607666666667 6.256853333333334 25.00007666666667
vertex -25.990683333333337 5.169873333333334 25.00007666666667
vertex -25.35869666666667 7.692723333333334 25.00007666666667
endloop
endfacet
facet normal 0 0 1
outer loop
vertex -26.94607666666667 6.256853333333334 25.00007666666667
vertex -25.35869666666667 7.692723333333334 25.00007666666667
vertex -27.418213333333338 7.692723333333334 25.00007666666667
endloop
endfacet
facet normal 0 0 1
outer loop
vertex 27.421920000000004 3.6654300000000006 25.00007666666667
vertex 25.990683333333337 5.169873333333334 25.00007666666667
vertex 26.372470000000003 2.597446666666667 25.00007666666667
endloop
endfacet
facet normal 0 0 1
outer loop
vertex 27.421920000000004 3.6654300000000006 25.00007666666667
vertex 26.372470000000003 2.597446666666667 25.00007666666667
vertex 28.37221666666667 2.597446666666667 25.00007666666667
endloop
endfacet
facet normal 0 0 1
outer loop
vertex 27.421920000000004 3.6654300000000006 25.00007666666667
vertex 28.37221666666667 2.597446666666667 25.00007666666667
vertex 28.362950000000005 2.793436666666667 25.00007666666667
endloop
endfacet
facet normal 0 0 1
outer loop
vertex 27.421920000000004 3.6654300000000006 25.00007666666667
vertex 28.362950000000005 2.793436666666667 25.00007666666667
vertex 28.010353333333338 5.169873333333334 25.00007666666667
endloop
endfacet
facet normal 0 0 1
outer loop
vertex 27.421920000000004 3.6654300000000006 25.00007666666667
vertex 28.010353333333338 5.169873333333334 25.00007666666667
vertex 25.990683333333337 5.169873333333334 25.00007666666667
endloop
endfacet
facet normal 0 0 1
outer loop
vertex -27.421920000000004 3.6654300000000006 25.00007666666667
vertex -28.010353333333338 5.169873333333334 25.00007666666667
vertex -28.362950000000005 2.793436666666667 25.00007666666667
endloop
endfacet
facet normal 0 0 1
outer loop
vertex -27.421920000000004 3.6654300000000006 25.00007666666667
vertex -28.362950000000005 2.793436666666667 25.00007666666667
vertex -28.37221666666667 2.597446666666667 25.00007666666667
endloop
endfacet
facet normal 0 0 1
outer loop
vertex -27.421920000000004 3.6654300000000006 25.00007666666667
vertex -28.37221666666667 2.597446666666667 25.00007666666667
vertex -26.372470000000003 2.597446666666667 25.00007666666667
endloop
endfacet
facet normal 0 0 1
outer loop
vertex -27.421920000000004 3.6654300000000006 25.00007666666667
vertex -26.372470000000003 2.597446666666667 25.00007666666667
vertex -25.990683333333337 5.169873333333334 25.00007666666667
endloop
endfacet
facet normal 0 0 1
outer loop
vertex -27.421920000000004 3.6654300000000006 25.00007666666667
vertex -25.990683333333337 5.169873333333334 25.00007666666667
vertex -28.010353333333338 5.169873333333334 25.00007666666667
endloop
endfacet
facet normal 0 0 1
outer loop
vertex 26.372470000000003 2.597446666666667 25.00007666666667
vertex 26.49988666666667 0 25.00007666666667
vertex 28.50009666666667 0 25.00007666666667
endloop
endfacet
facet normal 0 0 1
outer loop
vertex 26.372470000000003 2.597446666666667 25.00007666666667
vertex 28.50009666666667 0 25.00007666666667
vertex 28.37221666666667 2.597446666666667 25.00007666666667
endloop
endfacet
facet normal 0 0 1
outer loop
vertex -28.37221666666667 2.597446666666667 25.00007666666667
vertex -28.50009666666667 0 25.00007666666667
vertex -26.49988666666667 0 25.00007666666667
endloop
endfacet
facet normal 0 0 1
outer loop
vertex -28.37221666666667 2.597446666666667 25.00007666666667
vertex -26.49988666666667 0 25.00007666666667
vertex -26.372470000000003 2.597446666666667 25.00007666666667
endloop
endfacet
facet normal 0 0 1
outer loop
vertex 26.49988666666667 0 25.00007666666667
vertex 26.372470000000003 -2.597446666666667 25.00007666666667
vertex 28.37221666666667 -2.597446666666667 25.00007666666667
endloop
endfacet
facet normal 0 0 1
outer loop
vertex 26.49988666666667 0 25.00007666666667
vertex 28.37221666666667 -2.597446666666667 25.00007666666667
vertex 28.50009666666667 0 25.00007666666667
endloop
endfacet
facet normal 0 0 1
outer loop
vertex -28.50009666666667 0 25.00007666666667
vertex -28.37221666666667 -2.597446666666667 25.00007666666667
vertex -26.372470000000003 -2.597446666666667 25.00007666666667
endloop
endfacet
facet normal 0 0 1
outer loop
vertex -28.50009666666667 0 25.00007666666667
vertex -26.372470000000003 -2.597446666666667 25.00007666666667
vertex -26.49988666666667 0 25.00007666666667
endloop
endfacet
facet normal 0 0 1
outer loop
vertex 27.421920000000004 -3.6654300000000006 25.00007666666667
vertex 26.372470000000003 -2.597446666666667 25.00007666666667
vertex 25.990683333333337 -5.169873333333334 25.00007666666667
endloop
endfacet
facet normal 0 0 1
outer loop
vertex 27.421920000000004 -3.6654300000000006 25.00007666666667
vertex 25.990683333333337 -5.169873333333334 25.00007666666667
vertex 28.010353333333338 -5.169873333333334 25.00007666666667
endloop
endfacet
facet normal 0 0 1
outer loop
vertex 27.421920000000004 -3.6654300000000006 25.00007666666667
vertex 28.010353333333338 -5.169873333333334 25.00007666666667
vertex 28.362950000000005 -2.793436666666667 25.00007666666667
endloop
endfacet
facet normal 0 0 1
outer loop
vertex 27.421920000000004 -3.6654300000000006 25.00007666666667
vertex 28.362950000000005 -2.793436666666667 25.00007666666667
vertex 28.37221666666667 -2.597446666666667 25.00007666666667
endloop
endfacet
facet normal 0 0 1
outer loop
vertex 27.421920000000004 -3.6654300000000006 25.00007666666667
vertex 28.37221666666667 -2.597446666666667 25.00007666666667
vertex 26.372470000000003 -2.597446666666667 25.00007666666667
endloop
endfacet
facet normal 0 0 1
outer loop
vertex -27.421920000000004 -3.6654300000000006 25.00007666666667
vertex -28.37221666666667 -2.597446666666667 25.00007666666667
vertex -28.362950000000005 -2.793436666666667 25.00007666666667
endloop
endfacet
facet normal 0 0 1
outer loop
vertex -27.421920000000004 -3.6654300000000006 25.00007666666667
vertex -28.362950000000005 -2.793436666666667 25.00007666666667
vertex -28.010353333333338 -5.169873333333334 25.00007666666667
endloop
endfacet
facet normal 0 0 1
outer loop
vertex -27.421920000000004 -3.6654300000000006 25.00007666666667
vertex -28.010353333333338 -5.169873333333334 25.00007666666667
vertex -25.990683333333337 -5.169873333333334 25.00007666666667
endloop
endfacet
facet normal 0 0 1
outer loop
vertex -27.421920000000004 -3.6654300000000006 25.00007666666667
vertex -25.990683333333337 -5.169873333333334 25.00007666666667
vertex -26.372470000000003 -2.597446666666667 25.00007666666667
endloop
endfacet
facet normal 0 0 1
outer loop
vertex -27.421920000000004 -3.6654300000000006 25.00007666666667
vertex -26.372470000000003 -2.597446666666667 25.00007666666667
vertex -28.37221666666667 -2.597446666666667 25.00007666666667
endloop
endfacet
facet normal 0 0 1
outer loop
vertex 26.94607666666667 -6.256853333333334 25.00007666666667
vertex 25.990683333333337 -5.169873333333334 25.00007666666667
vertex 25.35869666666667 -7.692723333333334 25.00007666666667
endloop
endfacet
facet normal 0 0 1
outer loop
vertex 26.94607666666667 -6.256853333333334 25.00007666666667
vertex 25.35869666666667 -7.692723333333334 25.00007666666667
vertex 27.418213333333338 -7.692723333333334 25.00007666666667
endloop
endfacet
facet normal 0 0 1
outer loop
vertex 26.94607666666667 -6.256853333333334 25.00007666666667
vertex 27.418213333333338 -7.692723333333334 25.00007666666667
vertex 27.95243666666667 -5.5600000000000005 25.00007666666667
endloop
endfacet
facet normal 0 0 1
outer loop
vertex 26.94607666666667 -6.256853333333334 25.00007666666667
vertex 27.95243666666667 -5.5600000000000005 25.00007666666667
vertex 28.010353333333338 -5.169873333333334 25.00007666666667
endloop
endfacet
facet normal 0 0 1
outer loop
vertex 26.94607666666667 -6.256853333333334 25.00007666666667
vertex 28.010353333333338 -5.169873333333334 25.00007666666667
vertex 25.990683333333337 -5.169873333333334 25.00007666666667
endloop
endfacet
facet normal 0 0 1
outer loop
vertex -26.94607666666667 -6.256853333333334 25.00007666666667
vertex -28.010353333333338 -5.169873333333334 25.00007666666667
vertex -27.95243666666667 -5.5600000000000005 25.00007666666667
endloop
endfacet
facet normal 0 0 1
outer loop
vertex -26.94607666666667 -6.256853333333334 25.00007666666667
vertex -27.95243666666667 -5.5600000000000005 25.00007666666667
vertex -27.418213333333338 -7.692723333333334 25.00007666666667
endloop
endfacet
facet normal 0 0 1
outer loop
vertex -26.94607666666667 -6.256853333333334 25.00007666666667
vertex -27.418213333333338 -7.692723333333334 25.00007666666667
vertex -25.35869666666667 -7.692723333333334 25.00007666666667
endloop
endfacet
facet normal 0 0 1
outer loop
vertex -26.94607666666667 -6.256853333333334 25.00007666666667
vertex -25.35869666666667 -7.692723333333334 25.00007666666667
vertex -25.990683333333337 -5.169873333333334 25.00007666666667
endloop
endfacet
facet normal 0 0 1
outer loop
vertex -26.94607666666667 -6.256853333333334 25.00007666666667
vertex -25.990683333333337 -5.169873333333334 25.00007666666667
vertex -28.010353333333338 -5.169873333333334 25.00007666666667
endloop
endfacet
facet normal 0 0 0.9999999999999999
outer loop
vertex 26.22744666666667 -8.788043333333334 25.00007666666667
vertex 25.35869666666667 -7.692723333333334 25.00007666666667
vertex 24.48299666666667 -10.140976666666669 25.00007666666667
endloop
endfacet
facet normal 0 0 0.9999999999999999
outer loop
vertex 26.22744666666667 -8.788043333333334 25.00007666666667
vertex 24.48299666666667 -10.140976666666669 25.00007666666667
vertex 26.604600000000005 -10.140976666666669 25.00007666666667
endloop
endfacet
facet normal 0 0 1
outer loop
vertex 26.22744666666667 -8.788043333333334 25.00007666666667
vertex 26.604600000000005 -10.140976666666669 25.00007666666667
vertex 27.27272666666667 -8.273280000000002 25.00007666666667
endloop
endfacet
facet normal 0 0 1
outer loop
vertex 26.22744666666667 -8.788043333333334 25.00007666666667
vertex 27.27272666666667 -8.273280000000002 25.00007666666667
vertex 27.418213333333338 -7.692723333333334 25.00007666666667
endloop
endfacet
facet normal 0 0 1
outer loop
vertex 26.22744666666667 -8.788043333333334 25.00007666666667
vertex 27.418213333333338 -7.692723333333334 25.00007666666667
vertex 25.35869666666667 -7.692723333333334 25.00007666666667
endloop
endfacet
facet normal 0 0 1
outer loop
vertex -26.22744666666667 -8.788043333333334 25.00007666666667
vertex -27.418213333333338 -7.692723333333334 25.00007666666667
vertex -27.27272666666667 -8.273280000000002 25.00007666666667
endloop
endfacet
facet normal 0 0 1
outer loop
vertex -26.22744666666667 -8.788043333333334 25.00007666666667
vertex -27.27272666666667 -8.273280000000002 25.00007666666667
vertex -26.604600000000005 -10.140976666666669 25.00007666666667
endloop
endfacet
facet normal 0 0 0.9999999999999999
outer loop
vertex -26.22744666666667 -8.788043333333334 25.00007666666667
vertex -26.604600000000005 -10.140976666666669 25.00007666666667
vertex -24.48299666666667 -10.140976666666669 25.00007666666667
endloop
endfacet
facet normal 0 0 0.9999999999999999
outer loop
vertex -26.22744666666667 -8.788043333333334 25.00007666666667
vertex -24.48299666666667 -10.140976666666669 25.00007666666667
vertex -25.35869666666667 -7.692723333333334 25.00007666666667
endloop
endfacet
facet normal 0 0 1
outer loop
vertex -26.22744666666667 -8.788043333333334 25.00007666666667
vertex -25.35869666666667 -7.692723333333334 25.00007666666667
vertex -27.418213333333338 -7.692723333333334 25.00007666666667
endloop
endfacet
facet normal 0 0 1
outer loop
vertex 25.27390666666667 -11.234443333333335 25.00007666666667
vertex 24.48299666666667 -10.140976666666669 25.00007666666667
vertex 23.37099666666667 -12.491930000000002 25.00007666666667
endloop
endfacet
facet normal 0 0 0.9999999999999999
outer loop
vertex 25.27390666666667 -11.234443333333335 25.00007666666667
vertex 23.37099666666667 -12.491930000000002 25.00007666666667
vertex 25.580633333333335 -12.491930000000002 25.00007666666667
endloop
endfacet
facet normal 0 0 1
outer loop
vertex 25.27390666666667 -11.234443333333335 25.00007666666667
vertex 25.580633333333335 -12.491930000000002 25.00007666666667
vertex 26.330770000000005 -10.906403333333335 25.00007666666667
endloop
endfacet
facet normal 0 0 1
outer loop
vertex 25.27390666666667 -11.234443333333335 25.00007666666667
vertex 26.330770000000005 -10.906403333333335 25.00007666666667
vertex 26.604600000000005 -10.140976666666669 25.00007666666667
endloop
endfacet
facet normal 0 0 1
outer loop
vertex 25.27390666666667 -11.234443333333335 25.00007666666667
vertex 26.604600000000005 -10.140976666666669 25.00007666666667
vertex 24.48299666666667 -10.140976666666669 25.00007666666667
endloop
endfacet
facet normal 0 0 1
outer loop
vertex -25.27390666666667 -11.234443333333335 25.00007666666667
vertex -26.604600000000005 -10.140976666666669 25.00007666666667
vertex -26.330770000000005 -10.906403333333335 25.00007666666667
endloop
endfacet
facet normal 0 0 1
outer loop
vertex -25.27390666666667 -11.234443333333335 25.00007666666667
vertex -26.330770000000005 -10.906403333333335 25.00007666666667
vertex -25.580633333333335 -12.491930000000002 25.00007666666667
endloop
endfacet
facet normal 0 0 0.9999999999999999
outer loop
vertex -25.27390666666667 -11.234443333333335 25.00007666666667
vertex -25.580633333333335 -12.491930000000002 25.00007666666667
vertex -23.37099666666667 -12.491930000000002 25.00007666666667
endloop
endfacet
facet normal 0 0 1
outer loop
vertex -25.27390666666667 -11.234443333333335 25.00007666666667
vertex -23.37099666666667 -12.491930000000002 25.00007666666667
vertex -24.48299666666667 -10.140976666666669 25.00007666666667
endloop
endfacet
facet normal 0 0 1
outer loop
vertex -25.27390666666667 -11.234443333333335 25.00007666666667
vertex -24.48299666666667 -10.140976666666669 25.00007666666667
vertex -26.604600000000005 -10.140976666666669 25.00007666666667
endloop
endfacet
facet normal 0 0 1
outer loop
vertex 24.09657666666667 -13.572886666666669 25.00007666666667
vertex 23.37099666666667 -12.491930000000002 25.00007666666667
vertex 22.03381666666667 -14.72241666666667 25.00007666666667
endloop
endfacet
facet normal 0 0 1
outer loop
vertex 24.09657666666667 -13.572886666666669 25.00007666666667
vertex 22.03381666666667 -14.72241666666667 25.00007666666667
vertex 24.362993333333335 -14.72241666666667 25.00007666666667
endloop
endfacet
facet normal 0 0 1
outer loop
vertex 24.09657666666667 -13.572886666666669 25.00007666666667
vertex 24.362993333333335 -14.72241666666667 25.00007666666667
vertex 25.13490666666667 -13.434813333333334 25.00007666666667
endloop
endfacet
facet normal 0 0 0.9999999999999999
outer loop
vertex 24.09657666666667 -13.572886666666669 25.00007666666667
vertex 25.13490666666667 -13.434813333333334 25.00007666666667
vertex 25.580633333333335 -12.491930000000002 25.00007666666667
endloop
endfacet
facet normal 0 0 1
outer loop
vertex 24.09657666666667 -13.572886666666669 25.00007666666667
vertex 25.580633333333335 -12.491930000000002 25.00007666666667
vertex 23.37099666666667 -12.491930000000002 25.00007666666667
endloop
endfacet
facet normal 0 0 0.9999999999999999
outer loop
vertex -24.09657666666667 -13.572886666666669 25.00007666666667
vertex -25.580633333333335 -12.491930000000002 25.00007666666667
vertex -25.13490666666667 -13.434813333333334 25.00007666666667
endloop
endfacet
facet normal 0 0 1
outer loop
vertex -24.09657666666667 -13.572886666666669 25.00007666666667
vertex -25.13490666666667 -13.434813333333334 25.00007666666667
vertex -24.362993333333335 -14.72241666666667 25.00007666666667
endloop
endfacet
facet normal 0 0 1
outer loop
vertex -24.09657666666667 -13.572886666666669 25.00007666666667
vertex -24.362993333333335 -14.72241666666667 25.00007666666667
vertex -22.03381666666667 -14.72241666666667 25.00007666666667
endloop
endfacet
facet normal 0 0 1
outer loop
vertex -24.09657666666667 -13.572886666666669 25.00007666666667
vertex -22.03381666666667 -14.72241666666667 25.00007666666667
vertex -23.37099666666667 -12.491930000000002 25.00007666666667
endloop
endfacet
facet normal 0 0 1
outer loop
vertex -24.09657666666667 -13.572886666666669 25.00007666666667
vertex -23.37099666666667 -12.491930000000002 25.00007666666667
vertex -25.580633333333335 -12.491930000000002 25.00007666666667
endloop
endfacet
facet normal 0 0 1
outer loop
vertex 22.709820000000004 -15.780206666666668 25.00007666666667
vertex 22.03381666666667 -14.72241666666667 25.00007666666667
vertex 20.484893333333336 -16.81158666666667 25.00007666666667
endloop
endfacet
facet normal 0 0 1
outer loop
vertex 22.709820000000004 -15.780206666666668 25.00007666666667
vertex 20.484893333333336 -16.81158666666667 25.00007666666667
vertex 22.971603333333338 -16.81158666666667 25.00007666666667
endloop
endfacet
facet normal 0 0 1
outer loop
vertex 22.709820000000004 -15.780206666666668 25.00007666666667
vertex 22.971603333333338 -16.81158666666667 25.00007666666667
vertex 23.696720000000003 -15.833953333333335 25.00007666666667
endloop
endfacet
facet normal 0 0 1
outer loop
vertex 22.709820000000004 -15.780206666666668 25.00007666666667
vertex 23.696720000000003 -15.833953333333335 25.00007666666667
vertex 24.362993333333335 -14.72241666666667 25.00007666666667
endloop
endfacet
facet normal 0 0 1
outer loop
vertex 22.709820000000004 -15.780206666666668 25.00007666666667
vertex 24.362993333333335 -14.72241666666667 25.00007666666667
vertex 22.03381666666667 -14.72241666666667 25.00007666666667
endloop
endfacet
facet normal 0 0 1
outer loop
vertex -22.709820000000004 -15.780206666666668 25.00007666666667
vertex -24.362993333333335 -14.72241666666667 25.00007666666667
vertex -23.696720000000003 -15.833953333333335 25.00007666666667
endloop
endfacet
facet normal 0 0 1
outer loop
vertex -22.709820000000004 -15.780206666666668 25.00007666666667
vertex -23.696720000000003 -15.833953333333335 25.00007666666667
vertex -22.971603333333338 -16.81158666666667 25.00007666666667
endloop
endfacet
facet normal 0 0 1
outer loop
vertex -22.709820000000004 -15.780206666666668 25.00007666666667
vertex -22.971603333333338 -16.81158666666667 25.00007666666667
vertex -20.484893333333336 -16.81158666666667 25.00007666666667
endloop
endfacet
facet normal 0 0 1
outer loop
vertex -22.709820000000004 -15.780206666666668 25.00007666666667
vertex -20.484893333333336 -16.81158666666667 25.00007666666667
vertex -22.03381666666667 -14.72241666666667 25.00007666666667
endloop
endfacet
facet normal 0 0 1
outer loop
vertex -22.709820000000004 -15.780206666666668 25.00007666666667
vertex -22.03381666666667 -14.72241666666667 25.00007666666667
vertex -24.362993333333335 -14.72241666666667 25.00007666666667
endloop
endfacet
facet normal 0 0 1
outer loop
vertex 21.13170666666667 -17.83601666666667 25.00007666666667
vertex 20.484893333333336 -16.81158666666667 25.00007666666667
vertex 18.73812666666667 -18.73812666666667 25.00007666666667
endloop
endfacet
facet normal 0 0 1
outer loop
vertex 21.13170666666667 -17.83601666666667 25.00007666666667
vertex 18.73812666666667 -18.73812666666667 25.00007666666667
vertex 21.434263333333337 -18.73812666666667 25.00007666666667
endloop
endfacet
facet normal 0 0 1
outer loop
vertex 21.13170666666667 -17.83601666666667 25.00007666666667
vertex 21.434263333333337 -18.73812666666667 25.00007666666667
vertex 22.030573333333336 -18.080193333333337 25.00007666666667
endloop
endfacet
facet normal 0 0 1
outer loop
vertex 21.13170666666667 -17.83601666666667 25.00007666666667
vertex 22.030573333333336 -18.080193333333337 25.00007666666667
vertex 22.971603333333338 -16.81158666666667 25.00007666666667
endloop
endfacet
facet normal 0 0 1
outer loop
vertex 21.13170666666667 -17.83601666666667 25.00007666666667
vertex 22.971603333333338 -16.81158666666667 25.00007666666667
vertex 20.484893333333336 -16.81158666666667 25.00007666666667
endloop
endfacet
facet normal 0 0 1
outer loop
vertex -21.13170666666667 -17.83601666666667 25.00007666666667
vertex -22.971603333333338 -16.81158666666667 25.00007666666667
vertex -22.030573333333336 -18.080193333333337 25.00007666666667
endloop
endfacet
facet normal 0 0 1
outer loop
vertex -21.13170666666667 -17.83601666666667 25.00007666666667
vertex -22.030573333333336 -18.080193333333337 25.00007666666667
vertex -21.434263333333337 -18.73812666666667 25.00007666666667
endloop
endfacet
facet normal 0 0 1
outer loop
vertex -21.13170666666667 -17.83601666666667 25.00007666666667
vertex -21.434263333333337 -18.73812666666667 25.00007666666667
vertex -18.73812666666667 -18.73812666666667 25.00007666666667
endloop
endfacet
facet normal 0 0 1
outer loop
vertex -21.13170666666667 -17.83601666666667 25.00007666666667
vertex -18.73812666666667 -18.73812666666667 25.00007666666667
vertex -20.484893333333336 -16.81158666666667 25.00007666666667
endloop
endfacet
facet normal 0 0 1
outer loop
vertex -21.13170666666667 -17.83601666666667 25.00007666666667
vertex -20.484893333333336 -16.81158666666667 25.00007666666667
vertex -22.971603333333338 -16.81158666666667 25.00007666666667
endloop
endfacet
facet normal 0 0 1
outer loop
vertex 19.384476666666668 -19.71993 25.00007666666667
vertex 18.73812666666667 -18.73812666666667 25.00007666666667
vertex 16.81158666666667 -20.484893333333336 25.00007666666667
endloop
endfacet
facet normal 0 0 1
outer loop
vertex 19.384476666666668 -19.71993 25.00007666666667
vertex 16.81158666666667 -20.484893333333336 25.00007666666667
vertex 19.78618666666667 -20.484893333333336 25.00007666666667
endloop
endfacet
facet normal 0 0 1
outer loop
vertex 19.384476666666668 -19.71993 25.00007666666667
vertex 19.78618666666667 -20.484893333333336 25.00007666666667
vertex 20.152683333333336 -20.152683333333336 25.00007666666667
endloop
endfacet
facet normal 0 0 1
outer loop
vertex 19.384476666666668 -19.71993 25.00007666666667
vertex 20.152683333333336 -20.152683333333336 25.00007666666667
vertex 21.434263333333337 -18.73812666666667 25.00007666666667
endloop
endfacet
facet normal 0 0 0.9999999999999999
outer loop
vertex 19.384476666666668 -19.71993 25.00007666666667
vertex 21.434263333333337 -18.73812666666667 25.00007666666667
vertex 18.73812666666667 -18.73812666666667 25.00007666666667
endloop
endfacet
facet normal 0 0 1
outer loop
vertex -19.384476666666668 -19.71993 25.00007666666667
vertex -21.434263333333337 -18.73812666666667 25.00007666666667
vertex -20.152683333333336 -20.152683333333336 25.00007666666667
endloop
endfacet
facet normal 0 0 1
outer loop
vertex -19.384476666666668 -19.71993 25.00007666666667
vertex -20.152683333333336 -20.152683333333336 25.00007666666667
vertex -19.78618666666667 -20.484893333333336 25.00007666666667
endloop
endfacet
facet normal 0 0 1
outer loop
vertex -19.384476666666668 -19.71993 25.00007666666667
vertex -19.78618666666667 -20.484893333333336 25.00007666666667
vertex -16.81158666666667 -20.484893333333336 25.00007666666667
endloop
endfacet
facet normal 0 0 1
outer loop
vertex -19.384476666666668 -19.71993 25.00007666666667
vertex -16.81158666666667 -20.484893333333336 25.00007666666667
vertex -18.73812666666667 -18.73812666666667 25.00007666666667
endloop
endfacet
facet normal 0 0 0.9999999999999999
outer loop
vertex -19.384476666666668 -19.71993 25.00007666666667
vertex -18.73812666666667 -18.73812666666667 25.00007666666667
vertex -21.434263333333337 -18.73812666666667 25.00007666666667
endloop
endfacet
facet normal 0 0 1
outer loop
vertex 17.49546666666667 -21.413413333333335 25.00007666666667
vertex 16.81158666666667 -20.484893333333336 25.00007666666667
vertex 14.72241666666667 -22.03381666666667 25.00007666666667
endloop
endfacet
facet normal 0 0 1
outer loop
vertex 17.49546666666667 -21.413413333333335 25.00007666666667
vertex 14.72241666666667 -22.03381666666667 25.00007666666667
vertex 18.076023333333335 -22.03381666666667 25.00007666666667
endloop
endfacet
facet normal 0 0 1
outer loop
vertex 17.49546666666667 -21.413413333333335 25.00007666666667
vertex 18.076023333333335 -22.03381666666667 25.00007666666667
vertex 18.080193333333337 -22.030573333333336 25.00007666666667
endloop
endfacet
facet normal 0 0 0.9999999999999999
outer loop
vertex 17.49546666666667 -21.413413333333335 25.00007666666667
vertex 18.080193333333337 -22.030573333333336 25.00007666666667
vertex 19.78618666666667 -20.484893333333336 25.00007666666667
endloop
endfacet
facet normal 0 0 0.9999999999999999
outer loop
vertex 17.49546666666667 -21.413413333333335 25.00007666666667
vertex 19.78618666666667 -20.484893333333336 25.00007666666667
vertex 16.81158666666667 -20.484893333333336 25.00007666666667
endloop
endfacet
facet normal 0 0 0.9999999999999999
outer loop
vertex -17.49546666666667 -21.413413333333335 25.00007666666667
vertex -19.78618666666667 -20.484893333333336 25.00007666666667
vertex -18.080193333333337 -22.030573333333336 25.00007666666667
endloop
endfacet
facet normal 0 0 1
outer loop
vertex -17.49546666666667 -21.413413333333335 25.00007666666667
vertex -18.080193333333337 -22.030573333333336 25.00007666666667
vertex -18.076023333333335 -22.03381666666667 25.00007666666667
endloop
endfacet
facet normal 0 0 1
outer loop
vertex -17.49546666666667 -21.413413333333335 25.00007666666667
vertex -18.076023333333335 -22.03381666666667 25.00007666666667
vertex -14.72241666666667 -22.03381666666667 25.00007666666667
endloop
endfacet
facet normal 0 0 1
outer loop
vertex -17.49546666666667 -21.413413333333335 25.00007666666667
vertex -14.72241666666667 -22.03381666666667 25.00007666666667
vertex -16.81158666666667 -20.484893333333336 25.00007666666667
endloop
endfacet
facet normal 0 0 0.9999999999999999
outer loop
vertex -17.49546666666667 -21.413413333333335 25.00007666666667
vertex -16.81158666666667 -20.484893333333336 25.00007666666667
vertex -19.78618666666667 -20.484893333333336 25.00007666666667
endloop
endfacet
facet normal 0 0 1
outer loop
vertex 14.72241666666667 -22.03381666666667 25.00007666666667
vertex 12.491930000000002 -23.37099666666667 25.00007666666667
vertex 16.273193333333335 -23.37099666666667 25.00007666666667
endloop
endfacet
facet normal 0 0 1
outer loop
vertex 14.72241666666667 -22.03381666666667 25.00007666666667
vertex 16.273193333333335 -23.37099666666667 25.00007666666667
vertex 18.076023333333335 -22.03381666666667 25.00007666666667
endloop
endfacet
facet normal 0 0 1
outer loop
vertex -18.076023333333335 -22.03381666666667 25.00007666666667
vertex -16.273193333333335 -23.37099666666667 25.00007666666667
vertex -12.491930000000002 -23.37099666666667 25.00007666666667
endloop
endfacet
facet normal 0 0 1
outer loop
vertex -18.076023333333335 -22.03381666666667 25.00007666666667
vertex -12.491930000000002 -23.37099666666667 25.00007666666667
vertex -14.72241666666667 -22.03381666666667 25.00007666666667
endloop
endfacet
facet normal 0 0 1
outer loop
vertex 13.852740000000002 -23.88112666666667 25.00007666666667
vertex 12.491930000000002 -23.37099666666667 25.00007666666667
vertex 10.140976666666669 -24.48299666666667 25.00007666666667
endloop
endfacet
facet normal 0 0 1
outer loop
vertex 13.852740000000002 -23.88112666666667 25.00007666666667
vertex 10.140976666666669 -24.48299666666667 25.00007666666667
vertex 14.522720000000001 -24.48299666666667 25.00007666666667
endloop
endfacet
facet normal 0 0 1
outer loop
vertex 13.852740000000002 -23.88112666666667 25.00007666666667
vertex 14.522720000000001 -24.48299666666667 25.00007666666667
vertex 15.833953333333335 -23.696720000000003 25.00007666666667
endloop
endfacet
facet normal 0 0 1
outer loop
vertex 13.852740000000002 -23.88112666666667 25.00007666666667
vertex 15.833953333333335 -23.696720000000003 25.00007666666667
vertex 16.273193333333335 -23.37099666666667 25.00007666666667
endloop
endfacet
facet normal 0 0 1
outer loop
vertex 13.852740000000002 -23.88112666666667 25.00007666666667
vertex 16.273193333333335 -23.37099666666667 25.00007666666667
vertex 12.491930000000002 -23.37099666666667 25.00007666666667
endloop
endfacet
facet normal 0 0 1
outer loop
vertex -13.852740000000002 -23.88112666666667 25.00007666666667
vertex -16.273193333333335 -23.37099666666667 25.00007666666667
vertex -15.833953333333335 -23.696720000000003 25.00007666666667
endloop
endfacet
facet normal 0 0 1
outer loop
vertex -13.852740000000002 -23.88112666666667 25.00007666666667
vertex -15.833953333333335 -23.696720000000003 25.00007666666667
vertex -14.522720000000001 -24.48299666666667 25.00007666666667
endloop
endfacet
facet normal 0 0 1
outer loop
vertex -13.852740000000002 -23.88112666666667 25.00007666666667
vertex -14.522720000000001 -24.48299666666667 25.00007666666667
vertex -10.140976666666669 -24.48299666666667 25.00007666666667
endloop
endfacet
facet normal 0 0 1
outer loop
vertex -13.852740000000002 -23.88112666666667 25.00007666666667
vertex -10.140976666666669 -24.48299666666667 25.00007666666667
vertex -12.491930000000002 -23.37099666666667 25.00007666666667
endloop
endfacet
facet normal 0 0 1
outer loop
vertex -13.852740000000002 -23.88112666666667 25.00007666666667
vertex -12.491930000000002 -23.37099666666667 25.00007666666667
vertex -16.273193333333335 -23.37099666666667 25.00007666666667
endloop
endfacet
facet normal 0 0 1
outer loop
vertex 11.750596666666668 -24.963473333333337 25.00007666666667
vertex 10.140976666666669 -24.48299666666667 25.00007666666667
vertex 7.692723333333334 -25.35869666666667 25.00007666666667
endloop
endfacet
facet normal 0 0 1
outer loop
vertex 11.750596666666668 -24.963473333333337 25.00007666666667
vertex 7.692723333333334 -25.35869666666667 25.00007666666667
vertex 12.960823333333336 -25.35869666666667 25.00007666666667
endloop
endfacet
facet normal 0 0 1
outer loop
vertex 11.750596666666668 -24.963473333333337 25.00007666666667
vertex 12.960823333333336 -25.35869666666667 25.00007666666667
vertex 13.434813333333334 -25.13490666666667 25.00007666666667
endloop
endfacet
facet normal 0 0 1
outer loop
vertex 11.750596666666668 -24.963473333333337 25.00007666666667
vertex 13.434813333333334 -25.13490666666667 25.00007666666667
vertex 14.522720000000001 -24.48299666666667 25.00007666666667
endloop
endfacet
facet normal 0 0 1
outer loop
vertex 11.750596666666668 -24.963473333333337 25.00007666666667
vertex 14.522720000000001 -24.48299666666667 25.00007666666667
vertex 10.140976666666669 -24.48299666666667 25.00007666666667
endloop
endfacet
facet normal 0 0 1
outer loop
vertex -11.750596666666668 -24.963473333333337 25.00007666666667
vertex -14.522720000000001 -24.48299666666667 25.00007666666667
vertex -13.434813333333334 -25.13490666666667 25.00007666666667
endloop
endfacet
facet normal 0 0 1
outer loop
vertex -11.750596666666668 -24.963473333333337 25.00007666666667
vertex -13.434813333333334 -25.13490666666667 25.00007666666667
vertex -12.960823333333336 -25.35869666666667 25.00007666666667
endloop
endfacet
facet normal 0 0 1
outer loop
vertex -11.750596666666668 -24.963473333333337 25.00007666666667
vertex -12.960823333333336 -25.35869666666667 25.00007666666667
vertex -7.692723333333334 -25.35869666666667 25.00007666666667
endloop
endfacet
facet normal 0 0 1
outer loop
vertex -11.750596666666668 -24.963473333333337 25.00007666666667
vertex -7.692723333333334 -25.35869666666667 25.00007666666667
vertex -10.140976666666669 -24.48299666666667 25.00007666666667
endloop
endfacet
facet normal 0 0 1
outer loop
vertex -11.750596666666668 -24.963473333333337 25.00007666666667
vertex -10.140976666666669 -24.48299666666667 25.00007666666667
vertex -14.522720000000001 -24.48299666666667 25.00007666666667
endloop
endfacet
facet normal 0 0 1
outer loop
vertex 7.692723333333334 -25.35869666666667 25.00007666666667
vertex 5.169873333333334 -25.990683333333337 25.00007666666667
vertex 11.625033333333334 -25.990683333333337 25.00007666666667
endloop
endfacet
facet normal 0 0 1
outer loop
vertex 7.692723333333334 -25.35869666666667 25.00007666666667
vertex 11.625033333333334 -25.990683333333337 25.00007666666667
vertex 12.960823333333336 -25.35869666666667 25.00007666666667
endloop
endfacet
facet normal 0 0 1
outer loop
vertex -12.960823333333336 -25.35869666666667 25.00007666666667
vertex -11.625033333333334 -25.990683333333337 25.00007666666667
vertex -5.169873333333334 -25.990683333333337 25.00007666666667
endloop
endfacet
facet normal 0 0 1
outer loop
vertex -12.960823333333336 -25.35869666666667 25.00007666666667
vertex -5.169873333333334 -25.990683333333337 25.00007666666667
vertex -7.692723333333334 -25.35869666666667 25.00007666666667
endloop
endfacet
facet normal 0 0 1
outer loop
vertex 8.217680000000001 -26.211230000000004 25.00007666666667
vertex 5.169873333333334 -25.990683333333337 25.00007666666667
vertex 2.597446666666667 -26.372470000000003 25.00007666666667
endloop
endfacet
facet normal 0 0 1
outer loop
vertex 8.217680000000001 -26.211230000000004 25.00007666666667
vertex 2.597446666666667 -26.372470000000003 25.00007666666667
vertex 10.789643333333334 -26.372470000000003 25.00007666666667
endloop
endfacet
facet normal 0 0 1
outer loop
vertex 8.217680000000001 -26.211230000000004 25.00007666666667
vertex 10.789643333333334 -26.372470000000003 25.00007666666667
vertex 10.906403333333335 -26.330770000000005 25.00007666666667
endloop
endfacet
facet normal 0 0 1
outer loop
vertex 8.217680000000001 -26.211230000000004 25.00007666666667
vertex 10.906403333333335 -26.330770000000005 25.00007666666667
vertex 11.625033333333334 -25.990683333333337 25.00007666666667
endloop
endfacet
facet normal 0 0 1
outer loop
vertex 8.217680000000001 -26.211230000000004 25.00007666666667
vertex 11.625033333333334 -25.990683333333337 25.00007666666667
vertex 5.169873333333334 -25.990683333333337 25.00007666666667
endloop
endfacet
facet normal 0 0 1
outer loop
vertex -8.217680000000001 -26.211230000000004 25.00007666666667
vertex -11.625033333333334 -25.990683333333337 25.00007666666667
vertex -10.906403333333335 -26.330770000000005 25.00007666666667
endloop
endfacet
facet normal 0 0 1
outer loop
vertex -8.217680000000001 -26.211230000000004 25.00007666666667
vertex -10.906403333333335 -26.330770000000005 25.00007666666667
vertex -10.789643333333334 -26.372470000000003 25.00007666666667
endloop
endfacet
facet normal 0 0 1
outer loop
vertex -8.217680000000001 -26.211230000000004 25.00007666666667
vertex -10.789643333333334 -26.372470000000003 25.00007666666667
vertex -2.597446666666667 -26.372470000000003 25.00007666666667
endloop
endfacet
facet normal 0 0 1
outer loop
vertex -8.217680000000001 -26.211230000000004 25.00007666666667
vertex -2.597446666666667 -26.372470000000003 25.00007666666667
vertex -5.169873333333334 -25.990683333333337 25.00007666666667
endloop
endfacet
facet normal 0 0 1
outer loop
vertex -8.217680000000001 -26.211230000000004 25.00007666666667
vertex -5.169873333333334 -25.990683333333337 25.00007666666667
vertex -11.625033333333334 -25.990683333333337 25.00007666666667
endloop
endfacet
facet normal 0 0 1
outer loop
vertex 2.597446666666667 -26.372470000000003 25.00007666666667
vertex 0 -26.49988666666667 25.00007666666667
vertex 10.432876666666669 -26.49988666666667 25.00007666666667
endloop
endfacet
facet normal 0 0 1
outer loop
vertex 2.597446666666667 -26.372470000000003 25.00007666666667
vertex 10.432876666666669 -26.49988666666667 25.00007666666667
vertex 10.789643333333334 -26.372470000000003 25.00007666666667
endloop
endfacet
facet normal 0 0 1
outer loop
vertex -10.789643333333334 -26.372470000000003 25.00007666666667
vertex -10.432876666666669 -26.49988666666667 25.00007666666667
vertex 0 -26.49988666666667 25.00007666666667
endloop
endfacet
facet normal 0 0 1
outer loop
vertex -10.789643333333334 -26.372470000000003 25.00007666666667
vertex 0 -26.49988666666667 25.00007666666667
vertex -2.597446666666667 -26.372470000000003 25.00007666666667
endloop
endfacet
facet normal 0 0 1
outer loop
vertex 0 -27.517830000000004 25.00007666666667
vertex 0 -26.49988666666667 25.00007666666667
vertex -10.432876666666669 -26.49988666666667 25.00007666666667
endloop
endfacet
facet normal 0 0 0.9999999999999999
outer loop
vertex 0 -27.517830000000004 25.00007666666667
vertex -10.432876666666669 -26.49988666666667 25.00007666666667
vertex -8.273280000000002 -27.27272666666667 25.00007666666667
endloop
endfacet
facet normal 0 0 1
outer loop
vertex 0 -27.517830000000004 25.00007666666667
vertex -8.273280000000002 -27.27272666666667 25.00007666666667
vertex -5.5600000000000005 -27.95243666666667 25.00007666666667
endloop
endfacet
facet normal 0 0 1
outer loop
vertex 0 -27.517830000000004 25.00007666666667
vertex -5.5600000000000005 -27.95243666666667 25.00007666666667
vertex -2.793436666666667 -28.362950000000005 25.00007666666667
endloop
endfacet
facet normal 0 0 0.9999999999999999
outer loop
vertex 0 -27.517830000000004 25.00007666666667
vertex -2.793436666666667 -28.362950000000005 25.00007666666667
vertex 0 -28.50009666666667 25.00007666666667
endloop
endfacet
facet normal 0 0 0.9999999999999999
outer loop
vertex 0 -27.517830000000004 25.00007666666667
vertex 0 -28.50009666666667 25.00007666666667
vertex 2.793436666666667 -28.362950000000005 25.00007666666667
endloop
endfacet
facet normal 0 0 1
outer loop
vertex 0 -27.517830000000004 25.00007666666667
vertex 2.793436666666667 -28.362950000000005 25.00007666666667
vertex 5.5600000000000005 -27.95243666666667 25.00007666666667
endloop
endfacet
facet normal 0 0 1
outer loop
vertex 0 -27.517830000000004 25.00007666666667
vertex 5.5600000000000005 -27.95243666666667 25.00007666666667
vertex 8.273280000000002 -27.27272666666667 25.00007666666667
endloop
endfacet
facet normal 0 0 0.9999999999999999
outer loop
vertex 0 -27.517830000000004 25.00007666666667
vertex 8.273280000000002 -27.27272666666667 25.00007666666667
vertex 10.432876666666669 -26.49988666666667 25.00007666666667
endloop
endfacet
facet normal 0 0 1
outer loop
vertex 0 -27.517830000000004 25.00007666666667
vertex 10.432876666666669 -26.49988666666667 25.00007666666667
vertex 0 -26.49988666666667 25.00007666666667
endloop
endfacet
facet normal 0.875400878427991 0.04292456016065817 0.48148809350026067
outer loop
vertex 19.406193333333345 1.911320000000001 44.99980000000002
vertex 19.499913333333343 0 44.99980000000002
vertex 30.500180000000015 0 25.00004666666668
endloop
endfacet
facet normal 0.8754013515117247 0.04310478472453224 0.4814711323696339
outer loop
vertex 19.406193333333345 1.911320000000001 44.99980000000002
vertex 30.500180000000015 0 25.00004666666668
vertex 30.35297333333335 2.9895733333333347 25.00004666666668
endloop
endfacet
facet normal 0.8669822078361002 0.12856225287492107 0.48147024667300686
outer loop
vertex 19.125506666666677 3.804180000000002 44.99980000000002
vertex 19.406193333333345 1.911320000000001 44.99980000000002
vertex 30.35297333333335 2.9895733333333347 25.00004666666668
endloop
endfacet
facet normal 0.8669761263328427 0.12862571466616765 0.4814642477853538
outer loop
vertex 19.125506666666677 3.804180000000002 44.99980000000002
vertex 30.35297333333335 2.9895733333333347 25.00004666666668
vertex 29.913720000000016 5.950273333333336 25.00004666666668
endloop
endfacet
facet normal 0.8501702855461075 0.21308449533192877 0.48146181927914816
outer loop
vertex 18.66022000000001 5.6605933333333365 44.99980000000002
vertex 19.125506666666677 3.804180000000002 44.99980000000002
vertex 29.913720000000016 5.950273333333336 25.00004666666668
endloop
endfacet
facet normal 0.8502068330737148 0.21289822230212313 0.48147968590103596
outer loop
vertex 18.66022000000001 5.6605933333333365 44.99980000000002
vertex 29.913720000000016 5.950273333333336 25.00004666666668
vertex 29.186680000000017 8.853700000000005 25.00004666666668
endloop
endfacet
facet normal 0.8252097716829943 0.29530628193174974 0.481480043792623
outer loop
vertex 18.01554000000001 7.462100000000004 44.99980000000002
vertex 18.66022000000001 5.6605933333333365 44.99980000000002
vertex 29.186680000000017 8.853700000000005 25.00004666666668
endloop
endfacet
facet normal 0.8252351432080436 0.2952218433041882 0.4814883400981554
outer loop
vertex 18.01554000000001 7.462100000000004 44.99980000000002
vertex 29.186680000000017 8.853700000000005 25.00004666666668
vertex 28.178480000000015 11.671926666666673 25.00004666666668
endloop
endfacet
facet normal 0.7923589759472205 0.37460911366259864 0.48149274677485454
outer loop
vertex 17.197620000000008 9.192133333333338 44.99980000000002
vertex 18.01554000000001 7.462100000000004 44.99980000000002
vertex 28.178480000000015 11.671926666666673 25.00004666666668
endloop
endfacet
facet normal 0.7922823280510048 0.3747955589660457 0.4814737808410853
outer loop
vertex 17.197620000000008 9.192133333333338 44.99980000000002
vertex 28.178480000000015 11.671926666666673 25.00004666666668
vertex 26.89858666666668 14.377500000000008 25.00004666666668
endloop
endfacet
facet normal 0.751725335127533 0.45064503221745666 0.4814852806318439
outer loop
vertex 22.222053333333346 13.632000000000007 32.99985333333335
vertex 16.213560000000008 10.83365333333334 44.99980000000002
vertex 17.197620000000008 9.192133333333338 44.99980000000002
endloop
endfacet
facet normal 0.7518031845813542 0.4505269865714272 0.4814742007877511
outer loop
vertex 22.222053333333346 13.632000000000007 32.99985333333335
vertex 17.197620000000008 9.192133333333338 44.99980000000002
vertex 26.89858666666668 14.377500000000008 25.00004666666668
endloop
endfacet
facet normal 0.7517707601018103 0.45059460961372627 0.48146154783430023
outer loop
vertex 22.222053333333346 13.632000000000007 32.99985333333335
vertex 26.89858666666668 14.377500000000008 25.00004666666668
vertex 25.439773333333346 16.81138000000001 25.00004666666668
endloop
endfacet
facet normal 0.7518022853376397 0.45054817809240433 0.48145577468622924
outer loop
vertex 22.222053333333346 13.632000000000007 32.99985333333335
vertex 25.439773333333346 16.81138000000001 25.00004666666668
vertex 25.359780000000015 16.94486000000001 25.00004666666668
endloop
endfacet
facet normal 0.751679540828554 0.45072579013566116 0.48148118343955865
outer loop
vertex 22.222053333333346 13.632000000000007 32.99985333333335
vertex 25.359780000000015 16.94486000000001 25.00004666666668
vertex 16.213560000000008 10.83365333333334 44.99980000000002
endloop
endfacet
facet normal 0.7039979883406264 0.5220659239380021 0.4814914365542873
outer loop
vertex 19.268926666666676 14.091606666666674 36.99999333333335
vertex 16.119840000000007 10.960033333333339 44.99980000000002
vertex 16.213560000000008 10.83365333333334 44.99980000000002
endloop
endfacet
facet normal 0.704081699796744 0.5219624145410467 0.48148125385918017
outer loop
vertex 19.268926666666676 14.091606666666674 36.99999333333335
vertex 16.213560000000008 10.83365333333334 44.99980000000002
vertex 25.359780000000015 16.94486000000001 25.00004666666668
endloop
endfacet
facet normal 0.7039733010166583 0.522123926940295 0.4814646366787023
outer loop
vertex 19.268926666666676 14.091606666666674 36.99999333333335
vertex 25.359780000000015 16.94486000000001 25.00004666666668
vertex 23.576733333333344 19.34892000000001 25.00004666666668
endloop
endfacet
facet normal 0.703901529044526 0.5222097647775124 0.4814764781168374
outer loop
vertex 19.268926666666676 14.091606666666674 36.99999333333335
vertex 23.576733333333344 19.34892000000001 25.00004666666668
vertex 15.07377333333334 12.370566666666672 44.99980000000002
endloop
endfacet
facet normal 0.7039847104991025 0.5220826208734951 0.48149274591145935
outer loop
vertex 19.268926666666676 14.091606666666674 36.99999333333335
vertex 15.07377333333334 12.370566666666672 44.99980000000002
vertex 16.119840000000007 10.960033333333339 44.99980000000002
endloop
endfacet
facet normal 0.6494920437783476 0.5885068753484548 0.4814766274038887
outer loop
vertex 15.07377333333334 12.370566666666672 44.99980000000002
vertex 23.576733333333344 19.34892000000001 25.00004666666668
vertex 21.566960000000012 21.566960000000012 25.00004666666668
endloop
endfacet
facet normal 0.6494561747412743 0.5885425615562607 0.4814813914651598
outer loop
vertex 15.07377333333334 12.370566666666672 44.99980000000002
vertex 21.566960000000012 21.566960000000012 25.00004666666668
vertex 13.78867333333334 13.78867333333334 44.99980000000002
endloop
endfacet
facet normal 0.5885055052906228 0.6494905317456106 0.4814803416708028
outer loop
vertex 13.78867333333334 13.78867333333334 44.99980000000002
vertex 21.566960000000012 21.566960000000012 25.00004666666668
vertex 19.34892000000001 23.576733333333344 25.00004666666668
endloop
endfacet
facet normal 0.5885447044681704 0.6494585394425934 0.4814755823378455
outer loop
vertex 13.78867333333334 13.78867333333334 44.99980000000002
vertex 19.34892000000001 23.576733333333344 25.00004666666668
vertex 12.370566666666672 15.07377333333334 44.99980000000002
endloop
endfacet
facet normal 0.5221208085528226 0.703969096532992 0.481474165872552
outer loop
vertex 12.370566666666672 15.07377333333334 44.99980000000002
vertex 19.34892000000001 23.576733333333344 25.00004666666668
vertex 16.94486000000001 25.359780000000015 25.00004666666668
endloop
endfacet
facet normal 0.5220860061540059 0.7039922184310861 0.4814780977018969
outer loop
vertex 12.370566666666672 15.07377333333334 44.99980000000002
vertex 16.94486000000001 25.359780000000015 25.00004666666668
vertex 10.83365333333334 16.213560000000008 44.99980000000002
endloop
endfacet
facet normal 0.4505818843004214 0.75175288308725 0.4815013689599325
outer loop
vertex 13.447873333333341 22.331866666666677 32.99985333333335
vertex 15.892166666666675 25.990733333333345 25.00004666666668
vertex 14.377500000000008 26.89858666666668 25.00004666666668
endloop
endfacet
facet normal 0.45078324228176 0.7516535077444502 0.4814680392024044
outer loop
vertex 13.447873333333341 22.331866666666677 32.99985333333335
vertex 14.377500000000008 26.89858666666668 25.00004666666668
vertex 9.192133333333338 17.197620000000008 44.99980000000002
endloop
endfacet
facet normal 0.4506527403934854 0.7517381932104905 0.4814579903215533
outer loop
vertex 13.447873333333341 22.331866666666677 32.99985333333335
vertex 9.192133333333338 17.197620000000008 44.99980000000002
vertex 10.83365333333334 16.213560000000008 44.99980000000002
endloop
endfacet
facet normal 0.45041598582378883 0.7518700501471781 0.48147364144474636
outer loop
vertex 13.447873333333341 22.331866666666677 32.99985333333335
vertex 10.83365333333334 16.213560000000008 44.99980000000002
vertex 16.94486000000001 25.359780000000015 25.00004666666668
endloop
endfacet
facet normal 0.45057941443913724 0.7517544018849559 0.48150130896008614
outer loop
vertex 13.447873333333341 22.331866666666677 32.99985333333335
vertex 16.94486000000001 25.359780000000015 25.00004666666668
vertex 15.892166666666675 25.990733333333345 25.00004666666668
endloop
endfacet
facet normal 0.37460911366259886 0.7923589759472205 0.48149274677485443
outer loop
vertex 11.671926666666673 28.178480000000015 25.00004666666668
vertex 7.462100000000004 18.01554000000001 44.99980000000002
vertex 9.192133333333338 17.197620000000008 44.99980000000002
endloop
endfacet
facet normal 0.3747955589660456 0.792282328051005 0.4814737808410854
outer loop
vertex 11.671926666666673 28.178480000000015 25.00004666666668
vertex 9.192133333333338 17.197620000000008 44.99980000000002
vertex 14.377500000000008 26.89858666666668 25.00004666666668
endloop
endfacet
facet normal 0.29530628193174996 0.8252097716829943 0.4814800437926229
outer loop
vertex 8.853700000000005 29.186680000000017 25.00004666666668
vertex 5.6605933333333365 18.66022000000001 44.99980000000002
vertex 7.462100000000004 18.01554000000001 44.99980000000002
endloop
endfacet
facet normal 0.2952218433041881 0.8252351432080436 0.4814883400981554
outer loop
vertex 8.853700000000005 29.186680000000017 25.00004666666668
vertex 7.462100000000004 18.01554000000001 44.99980000000002
vertex 11.671926666666673 28.178480000000015 25.00004666666668
endloop
endfacet
facet normal 0.21308449533192877 0.8501702855461075 0.4814618192791483
outer loop
vertex 5.950273333333336 29.913720000000016 25.00004666666668
vertex 3.804180000000002 19.125506666666677 44.99980000000002
vertex 5.6605933333333365 18.66022000000001 44.99980000000002
endloop
endfacet
facet normal 0.21289822230212305 0.8502068330737148 0.48147968590103596
outer loop
vertex 5.950273333333336 29.913720000000016 25.00004666666668
vertex 5.6605933333333365 18.66022000000001 44.99980000000002
vertex 8.853700000000005 29.186680000000017 25.00004666666668
endloop
endfacet
facet normal 0.12856225287492146 0.8669822078361001 0.4814702466730068
outer loop
vertex 2.9895733333333347 30.35297333333335 25.00004666666668
vertex 1.911320000000001 19.406193333333345 44.99980000000002
vertex 3.804180000000002 19.125506666666677 44.99980000000002
endloop
endfacet
facet normal 0.12862571466616746 0.8669761263328426 0.4814642477853538
outer loop
vertex 2.9895733333333347 30.35297333333335 25.00004666666668
vertex 3.804180000000002 19.125506666666677 44.99980000000002
vertex 5.950273333333336 29.913720000000016 25.00004666666668
endloop
endfacet
facet normal 0.04292456016065828 0.875400878427991 0.48148809350026067
outer loop
vertex 0 30.500180000000015 25.00004666666668
vertex 0 19.499913333333343 44.99980000000002
vertex 1.911320000000001 19.406193333333345 44.99980000000002
endloop
endfacet
facet normal 0.043104784724532025 0.8754013515117247 0.48147113236963385
outer loop
vertex 0 30.500180000000015 25.00004666666668
vertex 1.911320000000001 19.406193333333345 44.99980000000002
vertex 2.9895733333333347 30.35297333333335 25.00004666666668
endloop
endfacet
facet normal -0.043104784724532025 0.8754013515117247 0.48147113236963385
outer loop
vertex 0 30.500180000000015 25.00004666666668
vertex -2.9895733333333347 30.35297333333335 25.00004666666668
vertex -1.911320000000001 19.406193333333345 44.99980000000002
endloop
endfacet
facet normal -0.04292456016065828 0.875400878427991 0.48148809350026067
outer loop
vertex 0 30.500180000000015 25.00004666666668
vertex -1.911320000000001 19.406193333333345 44.99980000000002
vertex 0 19.499913333333343 44.99980000000002
endloop
endfacet
facet normal -0.12862571466616746 0.8669761263328426 0.4814642477853538
outer loop
vertex -2.9895733333333347 30.35297333333335 25.00004666666668
vertex -5.950273333333336 29.913720000000016 25.00004666666668
vertex -3.804180000000002 19.125506666666677 44.99980000000002
endloop
endfacet
facet normal -0.12856225287492146 0.8669822078361001 0.4814702466730068
outer loop
vertex -2.9895733333333347 30.35297333333335 25.00004666666668
vertex -3.804180000000002 19.125506666666677 44.99980000000002
vertex -1.911320000000001 19.406193333333345 44.99980000000002
endloop
endfacet
facet normal -0.21289822230212305 0.8502068330737148 0.48147968590103596
outer loop
vertex -5.950273333333336 29.913720000000016 25.00004666666668
vertex -8.853700000000005 29.186680000000017 25.00004666666668
vertex -5.6605933333333365 18.66022000000001 44.99980000000002
endloop
endfacet
facet normal -0.21308449533192877 0.8501702855461075 0.4814618192791483
outer loop
vertex -5.950273333333336 29.913720000000016 25.00004666666668
vertex -5.6605933333333365 18.66022000000001 44.99980000000002
vertex -3.804180000000002 19.125506666666677 44.99980000000002
endloop
endfacet
facet normal -0.2952218433041881 0.8252351432080436 0.4814883400981554
outer loop
vertex -8.853700000000005 29.186680000000017 25.00004666666668
vertex -11.671926666666673 28.178480000000015 25.00004666666668
vertex -7.462100000000004 18.01554000000001 44.99980000000002
endloop
endfacet
facet normal -0.29530628193174996 0.8252097716829943 0.4814800437926229
outer loop
vertex -8.853700000000005 29.186680000000017 25.00004666666668
vertex -7.462100000000004 18.01554000000001 44.99980000000002
vertex -5.6605933333333365 18.66022000000001 44.99980000000002
endloop
endfacet
facet normal -0.3747955589660456 0.792282328051005 0.4814737808410854
outer loop
vertex -11.671926666666673 28.178480000000015 25.00004666666668
vertex -14.377500000000008 26.89858666666668 25.00004666666668
vertex -9.192133333333338 17.197620000000008 44.99980000000002
endloop
endfacet
facet normal -0.37460911366259886 0.7923589759472205 0.48149274677485443
outer loop
vertex -11.671926666666673 28.178480000000015 25.00004666666668
vertex -9.192133333333338 17.197620000000008 44.99980000000002
vertex -7.462100000000004 18.01554000000001 44.99980000000002
endloop
endfacet
facet normal -0.4505818843004214 0.75175288308725 0.4815013689599325
outer loop
vertex -13.447873333333341 22.331866666666677 32.99985333333335
vertex -14.377500000000008 26.89858666666668 25.00004666666668
vertex -15.892166666666675 25.990733333333345 25.00004666666668
endloop
endfacet
facet normal -0.45057941443913724 0.7517544018849559 0.48150130896008614
outer loop
vertex -13.447873333333341 22.331866666666677 32.99985333333335
vertex -15.892166666666675 25.990733333333345 25.00004666666668
vertex -16.94486000000001 25.359780000000015 25.00004666666668
endloop
endfacet
facet normal -0.45041598582378883 0.7518700501471781 0.48147364144474636
outer loop
vertex -13.447873333333341 22.331866666666677 32.99985333333335
vertex -16.94486000000001 25.359780000000015 25.00004666666668
vertex -10.83365333333334 16.213560000000008 44.99980000000002
endloop
endfacet
facet normal -0.4506527403934854 0.7517381932104905 0.4814579903215533
outer loop
vertex -13.447873333333341 22.331866666666677 32.99985333333335
vertex -10.83365333333334 16.213560000000008 44.99980000000002
vertex -9.192133333333338 17.197620000000008 44.99980000000002
endloop
endfacet
facet normal -0.45078324228176 0.7516535077444502 0.4814680392024044
outer loop
vertex -13.447873333333341 22.331866666666677 32.99985333333335
vertex -9.192133333333338 17.197620000000008 44.99980000000002
vertex -14.377500000000008 26.89858666666668 25.00004666666668
endloop
endfacet
facet normal -0.5221198049706224 0.7039677434153934 0.4814772325749972
outer loop
vertex -10.83365333333334 16.213560000000008 44.99980000000002
vertex -16.94486000000001 25.359780000000015 25.00004666666668
vertex -19.34892000000001 23.576733333333344 25.00004666666668
endloop
endfacet
facet normal -0.5220875759251068 0.7039943351448587 0.48147330055631776
outer loop
vertex -10.83365333333334 16.213560000000008 44.99980000000002
vertex -19.34892000000001 23.576733333333344 25.00004666666668
vertex -12.370566666666672 15.07377333333334 44.99980000000002
endloop
endfacet
facet normal -0.5885068753484548 0.6494920437783476 0.4814766274038887
outer loop
vertex -12.370566666666672 15.07377333333334 44.99980000000002
vertex -19.34892000000001 23.576733333333344 25.00004666666668
vertex -21.566960000000012 21.566960000000012 25.00004666666668
endloop
endfacet
facet normal -0.5885425615562607 0.6494561747412743 0.4814813914651598
outer loop
vertex -12.370566666666672 15.07377333333334 44.99980000000002
vertex -21.566960000000012 21.566960000000012 25.00004666666668
vertex -13.78867333333334 13.78867333333334 44.99980000000002
endloop
endfacet
facet normal -0.6494905317456106 0.5885055052906228 0.4814803416708028
outer loop
vertex -13.78867333333334 13.78867333333334 44.99980000000002
vertex -21.566960000000012 21.566960000000012 25.00004666666668
vertex -23.576733333333344 19.34892000000001 25.00004666666668
endloop
endfacet
facet normal -0.6494585394425934 0.5885447044681704 0.4814755823378455
outer loop
vertex -13.78867333333334 13.78867333333334 44.99980000000002
vertex -23.576733333333344 19.34892000000001 25.00004666666668
vertex -15.07377333333334 12.370566666666672 44.99980000000002
endloop
endfacet
facet normal -0.7039847104991025 0.5220826208734951 0.48149274591145935
outer loop
vertex -19.268926666666676 14.091606666666674 36.99999333333335
vertex -16.119840000000007 10.960033333333339 44.99980000000002
vertex -15.07377333333334 12.370566666666672 44.99980000000002
endloop
endfacet
facet normal -0.703901529044526 0.5222097647775124 0.4814764781168374
outer loop
vertex -19.268926666666676 14.091606666666674 36.99999333333335
vertex -15.07377333333334 12.370566666666672 44.99980000000002
vertex -23.576733333333344 19.34892000000001 25.00004666666668
endloop
endfacet
facet normal -0.7039733010166583 0.522123926940295 0.4814646366787023
outer loop
vertex -19.268926666666676 14.091606666666674 36.99999333333335
vertex -23.576733333333344 19.34892000000001 25.00004666666668
vertex -25.359780000000015 16.94486000000001 25.00004666666668
endloop
endfacet
facet normal -0.704081699796744 0.5219624145410467 0.48148125385918017
outer loop
vertex -19.268926666666676 14.091606666666674 36.99999333333335
vertex -25.359780000000015 16.94486000000001 25.00004666666668
vertex -16.213560000000008 10.83365333333334 44.99980000000002
endloop
endfacet
facet normal -0.7039979883406264 0.5220659239380021 0.4814914365542873
outer loop
vertex -19.268926666666676 14.091606666666674 36.99999333333335
vertex -16.213560000000008 10.83365333333334 44.99980000000002
vertex -16.119840000000007 10.960033333333339 44.99980000000002
endloop
endfacet
facet normal -0.7517707601018103 0.45059460961372627 0.48146154783430023
outer loop
vertex -22.222053333333346 13.632000000000007 32.99985333333335
vertex -25.439773333333346 16.81138000000001 25.00004666666668
vertex -26.89858666666668 14.377500000000008 25.00004666666668
endloop
endfacet
facet normal -0.7518031845813542 0.4505269865714272 0.4814742007877511
outer loop
vertex -22.222053333333346 13.632000000000007 32.99985333333335
vertex -26.89858666666668 14.377500000000008 25.00004666666668
vertex -17.197620000000008 9.192133333333338 44.99980000000002
endloop
endfacet
facet normal -0.751725335127533 0.45064503221745666 0.4814852806318439
outer loop
vertex -22.222053333333346 13.632000000000007 32.99985333333335
vertex -17.197620000000008 9.192133333333338 44.99980000000002
vertex -16.213560000000008 10.83365333333334 44.99980000000002
endloop
endfacet
facet normal -0.751679540828554 0.45072579013566116 0.48148118343955865
outer loop
vertex -22.222053333333346 13.632000000000007 32.99985333333335
vertex -16.213560000000008 10.83365333333334 44.99980000000002
vertex -25.359780000000015 16.94486000000001 25.00004666666668
endloop
endfacet
facet normal -0.7518022853376397 0.45054817809240433 0.48145577468622924
outer loop
vertex -22.222053333333346 13.632000000000007 32.99985333333335
vertex -25.359780000000015 16.94486000000001 25.00004666666668
vertex -25.439773333333346 16.81138000000001 25.00004666666668
endloop
endfacet
facet normal -0.7923589759472205 0.37460911366259886 0.48149274677485443
outer loop
vertex -28.178480000000015 11.671926666666673 25.00004666666668
vertex -18.01554000000001 7.462100000000004 44.99980000000002
vertex -17.197620000000008 9.192133333333338 44.99980000000002
endloop
endfacet
facet normal -0.792282328051005 0.3747955589660456 0.4814737808410854
outer loop
vertex -28.178480000000015 11.671926666666673 25.00004666666668
vertex -17.197620000000008 9.192133333333338 44.99980000000002
vertex -26.89858666666668 14.377500000000008 25.00004666666668
endloop
endfacet
facet normal -0.8252097716829943 0.29530628193174996 0.4814800437926229
outer loop
vertex -29.186680000000017 8.853700000000005 25.00004666666668
vertex -18.66022000000001 5.6605933333333365 44.99980000000002
vertex -18.01554000000001 7.462100000000004 44.99980000000002
endloop
endfacet
facet normal -0.8252351432080436 0.2952218433041881 0.4814883400981554
outer loop
vertex -29.186680000000017 8.853700000000005 25.00004666666668
vertex -18.01554000000001 7.462100000000004 44.99980000000002
vertex -28.178480000000015 11.671926666666673 25.00004666666668
endloop
endfacet
facet normal -0.8501702855461075 0.21308449533192877 0.4814618192791483
outer loop
vertex -29.913720000000016 5.950273333333336 25.00004666666668
vertex -19.125506666666677 3.804180000000002 44.99980000000002
vertex -18.66022000000001 5.6605933333333365 44.99980000000002
endloop
endfacet
facet normal -0.8502068330737148 0.21289822230212305 0.48147968590103596
outer loop
vertex -29.913720000000016 5.950273333333336 25.00004666666668
vertex -18.66022000000001 5.6605933333333365 44.99980000000002
vertex -29.186680000000017 8.853700000000005 25.00004666666668
endloop
endfacet
facet normal -0.8669822078361001 0.12856225287492146 0.4814702466730068
outer loop
vertex -30.35297333333335 2.9895733333333347 25.00004666666668
vertex -19.406193333333345 1.911320000000001 44.99980000000002
vertex -19.125506666666677 3.804180000000002 44.99980000000002
endloop
endfacet
facet normal -0.8669761263328426 0.12862571466616746 0.4814642477853538
outer loop
vertex -30.35297333333335 2.9895733333333347 25.00004666666668
vertex -19.125506666666677 3.804180000000002 44.99980000000002
vertex -29.913720000000016 5.950273333333336 25.00004666666668
endloop
endfacet
facet normal -0.875400878427991 0.04292456016065828 0.48148809350026067
outer loop
vertex -30.500180000000015 0 25.00004666666668
vertex -19.499913333333343 0 44.99980000000002
vertex -19.406193333333345 1.911320000000001 44.99980000000002
endloop
endfacet
facet normal -0.8754013515117247 0.043104784724532025 0.48147113236963385
outer loop
vertex -30.500180000000015 0 25.00004666666668
vertex -19.406193333333345 1.911320000000001 44.99980000000002
vertex -30.35297333333335 2.9895733333333347 25.00004666666668
endloop
endfacet
facet normal -0.8754013515117247 -0.043104784724532025 0.48147113236963385
outer loop
vertex -30.500180000000015 0 25.00004666666668
vertex -30.35297333333335 -2.9895733333333347 25.00004666666668
vertex -19.406193333333345 -1.911320000000001 44.99980000000002
endloop
endfacet
facet normal -0.875400878427991 -0.04292456016065828 0.48148809350026067
outer loop
vertex -30.500180000000015 0 25.00004666666668
vertex -19.406193333333345 -1.911320000000001 44.99980000000002
vertex -19.499913333333343 0 44.99980000000002
endloop
endfacet
facet normal -0.8669761263328426 -0.12862571466616746 0.4814642477853538
outer loop
vertex -30.35297333333335 -2.9895733333333347 25.00004666666668
vertex -29.913720000000016 -5.950273333333336 25.00004666666668
vertex -19.125506666666677 -3.804180000000002 44.99980000000002
endloop
endfacet
facet normal -0.8669822078361001 -0.12856225287492146 0.4814702466730068
outer loop
vertex -30.35297333333335 -2.9895733333333347 25.00004666666668
vertex -19.125506666666677 -3.804180000000002 44.99980000000002
vertex -19.406193333333345 -1.911320000000001 44.99980000000002
endloop
endfacet
facet normal -0.8502068330737148 -0.21289822230212305 0.48147968590103596
outer loop
vertex -29.913720000000016 -5.950273333333336 25.00004666666668
vertex -29.186680000000017 -8.853700000000005 25.00004666666668
vertex -18.66022000000001 -5.6605933333333365 44.99980000000002
endloop
endfacet
facet normal -0.8501702855461075 -0.21308449533192877 0.4814618192791483
outer loop
vertex -29.913720000000016 -5.950273333333336 25.00004666666668
vertex -18.66022000000001 -5.6605933333333365 44.99980000000002
vertex -19.125506666666677 -3.804180000000002 44.99980000000002
endloop
endfacet
facet normal -0.8252351432080436 -0.2952218433041881 0.4814883400981554
outer loop
vertex -29.186680000000017 -8.853700000000005 25.00004666666668
vertex -28.178480000000015 -11.671926666666673 25.00004666666668
vertex -18.01554000000001 -7.462100000000004 44.99980000000002
endloop
endfacet
facet normal -0.8252097716829943 -0.29530628193174996 0.4814800437926229
outer loop
vertex -29.186680000000017 -8.853700000000005 25.00004666666668
vertex -18.01554000000001 -7.462100000000004 44.99980000000002
vertex -18.66022000000001 -5.6605933333333365 44.99980000000002
endloop
endfacet
facet normal -0.792282328051005 -0.3747955589660456 0.4814737808410854
outer loop
vertex -28.178480000000015 -11.671926666666673 25.00004666666668
vertex -26.89858666666668 -14.377500000000008 25.00004666666668
vertex -17.197620000000008 -9.192133333333338 44.99980000000002
endloop
endfacet
facet normal -0.7923589759472205 -0.37460911366259886 0.48149274677485443
outer loop
vertex -28.178480000000015 -11.671926666666673 25.00004666666668
vertex -17.197620000000008 -9.192133333333338 44.99980000000002
vertex -18.01554000000001 -7.462100000000004 44.99980000000002
endloop
endfacet
facet normal -0.7517707601018103 -0.45059460961372627 0.48146154783430023
outer loop
vertex -22.222053333333346 -13.632000000000007 32.99985333333335
vertex -26.89858666666668 -14.377500000000008 25.00004666666668
vertex -25.439773333333346 -16.81138000000001 25.00004666666668
endloop
endfacet
facet normal -0.7518022853376397 -0.45054817809240433 0.48145577468622924
outer loop
vertex -22.222053333333346 -13.632000000000007 32.99985333333335
vertex -25.439773333333346 -16.81138000000001 25.00004666666668
vertex -25.359780000000015 -16.94486000000001 25.00004666666668
endloop
endfacet
facet normal -0.751679540828554 -0.45072579013566116 0.48148118343955865
outer loop
vertex -22.222053333333346 -13.632000000000007 32.99985333333335
vertex -25.359780000000015 -16.94486000000001 25.00004666666668
vertex -16.213560000000008 -10.83365333333334 44.99980000000002
endloop
endfacet
facet normal -0.751725335127533 -0.45064503221745666 0.4814852806318439
outer loop
vertex -22.222053333333346 -13.632000000000007 32.99985333333335
vertex -16.213560000000008 -10.83365333333334 44.99980000000002
vertex -17.197620000000008 -9.192133333333338 44.99980000000002
endloop
endfacet
facet normal -0.7518031845813542 -0.4505269865714272 0.4814742007877511
outer loop
vertex -22.222053333333346 -13.632000000000007 32.99985333333335
vertex -17.197620000000008 -9.192133333333338 44.99980000000002
vertex -26.89858666666668 -14.377500000000008 25.00004666666668
endloop
endfacet
facet normal -0.7039979883406264 -0.5220659239380021 0.4814914365542873
outer loop
vertex -19.268926666666676 -14.091606666666674 36.99999333333335
vertex -16.119840000000007 -10.960033333333339 44.99980000000002
vertex -16.213560000000008 -10.83365333333334 44.99980000000002
endloop
endfacet
facet normal -0.704081699796744 -0.5219624145410467 0.48148125385918017
outer loop
vertex -19.268926666666676 -14.091606666666674 36.99999333333335
vertex -16.213560000000008 -10.83365333333334 44.99980000000002
vertex -25.359780000000015 -16.94486000000001 25.00004666666668
endloop
endfacet
facet normal -0.7039733010166583 -0.522123926940295 0.4814646366787023
outer loop
vertex -19.268926666666676 -14.091606666666674 36.99999333333335
vertex -25.359780000000015 -16.94486000000001 25.00004666666668
vertex -23.576733333333344 -19.34892000000001 25.00004666666668
endloop
endfacet
facet normal -0.703901529044526 -0.5222097647775124 0.4814764781168374
outer loop
vertex -19.268926666666676 -14.091606666666674 36.99999333333335
vertex -23.576733333333344 -19.34892000000001 25.00004666666668
vertex -15.07377333333334 -12.370566666666672 44.99980000000002
endloop
endfacet
facet normal -0.7039847104991025 -0.5220826208734951 0.48149274591145935
outer loop
vertex -19.268926666666676 -14.091606666666674 36.99999333333335
vertex -15.07377333333334 -12.370566666666672 44.99980000000002
vertex -16.119840000000007 -10.960033333333339 44.99980000000002
endloop
endfacet
facet normal -0.6494920437783476 -0.5885068753484548 0.4814766274038887
outer loop
vertex -15.07377333333334 -12.370566666666672 44.99980000000002
vertex -23.576733333333344 -19.34892000000001 25.00004666666668
vertex -21.566960000000012 -21.566960000000012 25.00004666666668
endloop
endfacet
facet normal -0.6494561747412743 -0.5885425615562607 0.4814813914651598
outer loop
vertex -15.07377333333334 -12.370566666666672 44.99980000000002
vertex -21.566960000000012 -21.566960000000012 25.00004666666668
vertex -13.78867333333334 -13.78867333333334 44.99980000000002
endloop
endfacet
facet normal -0.5885055052906228 -0.6494905317456106 0.4814803416708028
outer loop
vertex -13.78867333333334 -13.78867333333334 44.99980000000002
vertex -21.566960000000012 -21.566960000000012 25.00004666666668
vertex -19.34892000000001 -23.576733333333344 25.00004666666668
endloop
endfacet
facet normal -0.5885447044681704 -0.6494585394425934 0.4814755823378455
outer loop
vertex -13.78867333333334 -13.78867333333334 44.99980000000002
vertex -19.34892000000001 -23.576733333333344 25.00004666666668
vertex -12.370566666666672 -15.07377333333334 44.99980000000002
endloop
endfacet
facet normal -0.5221208085528226 -0.703969096532992 0.481474165872552
outer loop
vertex -12.370566666666672 -15.07377333333334 44.99980000000002
vertex -19.34892000000001 -23.576733333333344 25.00004666666668
vertex -16.94486000000001 -25.359780000000015 25.00004666666668
endloop
endfacet
facet normal -0.5220860061540059 -0.7039922184310861 0.4814780977018969
outer loop
vertex -12.370566666666672 -15.07377333333334 44.99980000000002
vertex -16.94486000000001 -25.359780000000015 25.00004666666668
vertex -10.83365333333334 -16.213560000000008 44.99980000000002
endloop
endfacet
facet normal -0.45041598582378883 -0.7518700501471781 0.48147364144474636
outer loop
vertex -13.447873333333341 -22.331866666666677 32.99985333333335
vertex -10.83365333333334 -16.213560000000008 44.99980000000002
vertex -16.94486000000001 -25.359780000000015 25.00004666666668
endloop
endfacet
facet normal -0.45057941443913724 -0.7517544018849559 0.48150130896008614
outer loop
vertex -13.447873333333341 -22.331866666666677 32.99985333333335
vertex -16.94486000000001 -25.359780000000015 25.00004666666668
vertex -15.892166666666675 -25.990733333333345 25.00004666666668
endloop
endfacet
facet normal -0.4505818843004214 -0.75175288308725 0.4815013689599325
outer loop
vertex -13.447873333333341 -22.331866666666677 32.99985333333335
vertex -15.892166666666675 -25.990733333333345 25.00004666666668
vertex -14.377500000000008 -26.89858666666668 25.00004666666668
endloop
endfacet
facet normal -0.45078324228176 -0.7516535077444502 0.4814680392024044
outer loop
vertex -13.447873333333341 -22.331866666666677 32.99985333333335
vertex -14.377500000000008 -26.89858666666668 25.00004666666668
vertex -9.192133333333338 -17.197620000000008 44.99980000000002
endloop
endfacet
facet normal -0.4506527403934854 -0.7517381932104905 0.4814579903215533
outer loop
vertex -13.447873333333341 -22.331866666666677 32.99985333333335
vertex -9.192133333333338 -17.197620000000008 44.99980000000002
vertex -10.83365333333334 -16.213560000000008 44.99980000000002
endloop
endfacet
facet normal -0.3747955589660457 -0.7922823280510048 0.4814737808410853
outer loop
vertex -9.192133333333338 -17.197620000000008 44.99980000000002
vertex -14.377500000000008 -26.89858666666668 25.00004666666668
vertex -11.671926666666673 -28.178480000000015 25.00004666666668
endloop
endfacet
facet normal -0.37460911366259864 -0.7923589759472205 0.48149274677485454
outer loop
vertex -9.192133333333338 -17.197620000000008 44.99980000000002
vertex -11.671926666666673 -28.178480000000015 25.00004666666668
vertex -7.462100000000004 -18.01554000000001 44.99980000000002
endloop
endfacet
facet normal -0.2952218433041882 -0.8252351432080436 0.4814883400981554
outer loop
vertex -7.462100000000004 -18.01554000000001 44.99980000000002
vertex -11.671926666666673 -28.178480000000015 25.00004666666668
vertex -8.853700000000005 -29.186680000000017 25.00004666666668
endloop
endfacet
facet normal -0.29530628193174974 -0.8252097716829943 0.481480043792623
outer loop
vertex -7.462100000000004 -18.01554000000001 44.99980000000002
vertex -8.853700000000005 -29.186680000000017 25.00004666666668
vertex -5.6605933333333365 -18.66022000000001 44.99980000000002
endloop
endfacet
facet normal -0.21289822230212313 -0.8502068330737148 0.48147968590103596
outer loop
vertex -5.6605933333333365 -18.66022000000001 44.99980000000002
vertex -8.853700000000005 -29.186680000000017 25.00004666666668
vertex -5.950273333333336 -29.913720000000016 25.00004666666668
endloop
endfacet
facet normal -0.21308449533192877 -0.8501702855461075 0.48146181927914816
outer loop
vertex -5.6605933333333365 -18.66022000000001 44.99980000000002
vertex -5.950273333333336 -29.913720000000016 25.00004666666668
vertex -3.804180000000002 -19.125506666666677 44.99980000000002
endloop
endfacet
facet normal -0.12862571466616765 -0.8669761263328427 0.4814642477853538
outer loop
vertex -3.804180000000002 -19.125506666666677 44.99980000000002
vertex -5.950273333333336 -29.913720000000016 25.00004666666668
vertex -2.9895733333333347 -30.35297333333335 25.00004666666668
endloop
endfacet
facet normal -0.12856225287492107 -0.8669822078361002 0.48147024667300686
outer loop
vertex -3.804180000000002 -19.125506666666677 44.99980000000002
vertex -2.9895733333333347 -30.35297333333335 25.00004666666668
vertex -1.911320000000001 -19.406193333333345 44.99980000000002
endloop
endfacet
facet normal -0.042925116872069596 -0.8754122319667756 0.48146740124796333
outer loop
vertex 0 -19.499913333333343 44.99980000000002
vertex -1.911320000000001 -19.406193333333345 44.99980000000002
vertex -2.9895733333333347 -30.35297333333335 25.00004666666668
endloop
endfacet
facet normal -0.043104427315976794 -0.8753940930151454 0.4814843613866939
outer loop
vertex 0 -19.499913333333343 44.99980000000002
vertex -2.9895733333333347 -30.35297333333335 25.00004666666668
vertex 0 -30.500180000000015 25.00004666666668
endloop
endfacet
facet normal 0.04292456016065817 -0.875400878427991 0.48148809350026067
outer loop
vertex 1.911320000000001 -19.406193333333345 44.99980000000002
vertex 0 -19.499913333333343 44.99980000000002
vertex 0 -30.500180000000015 25.00004666666668
endloop
endfacet
facet normal 0.04310478472453224 -0.8754013515117247 0.4814711323696339
outer loop
vertex 1.911320000000001 -19.406193333333345 44.99980000000002
vertex 0 -30.500180000000015 25.00004666666668
vertex 2.9895733333333347 -30.35297333333335 25.00004666666668
endloop
endfacet
facet normal 0.12856225287492107 -0.8669822078361002 0.48147024667300686
outer loop
vertex 3.804180000000002 -19.125506666666677 44.99980000000002
vertex 1.911320000000001 -19.406193333333345 44.99980000000002
vertex 2.9895733333333347 -30.35297333333335 25.00004666666668
endloop
endfacet
facet normal 0.12862571466616765 -0.8669761263328427 0.4814642477853538
outer loop
vertex 3.804180000000002 -19.125506666666677 44.99980000000002
vertex 2.9895733333333347 -30.35297333333335 25.00004666666668
vertex 5.950273333333336 -29.913720000000016 25.00004666666668
endloop
endfacet
facet normal 0.21308449533192877 -0.8501702855461075 0.48146181927914816
outer loop
vertex 5.6605933333333365 -18.66022000000001 44.99980000000002
vertex 3.804180000000002 -19.125506666666677 44.99980000000002
vertex 5.950273333333336 -29.913720000000016 25.00004666666668
endloop
endfacet
facet normal 0.21289822230212313 -0.8502068330737148 0.48147968590103596
outer loop
vertex 5.6605933333333365 -18.66022000000001 44.99980000000002
vertex 5.950273333333336 -29.913720000000016 25.00004666666668
vertex 8.853700000000005 -29.186680000000017 25.00004666666668
endloop
endfacet
facet normal 0.29530628193174974 -0.8252097716829943 0.481480043792623
outer loop
vertex 7.462100000000004 -18.01554000000001 44.99980000000002
vertex 5.6605933333333365 -18.66022000000001 44.99980000000002
vertex 8.853700000000005 -29.186680000000017 25.00004666666668
endloop
endfacet
facet normal 0.2952218433041882 -0.8252351432080436 0.4814883400981554
outer loop
vertex 7.462100000000004 -18.01554000000001 44.99980000000002
vertex 8.853700000000005 -29.186680000000017 25.00004666666668
vertex 11.671926666666673 -28.178480000000015 25.00004666666668
endloop
endfacet
facet normal 0.37460911366259864 -0.7923589759472205 0.48149274677485454
outer loop
vertex 9.192133333333338 -17.197620000000008 44.99980000000002
vertex 7.462100000000004 -18.01554000000001 44.99980000000002
vertex 11.671926666666673 -28.178480000000015 25.00004666666668
endloop
endfacet
facet normal 0.3747955589660457 -0.7922823280510048 0.4814737808410853
outer loop
vertex 9.192133333333338 -17.197620000000008 44.99980000000002
vertex 11.671926666666673 -28.178480000000015 25.00004666666668
vertex 14.377500000000008 -26.89858666666668 25.00004666666668
endloop
endfacet
facet normal 0.4506527403934854 -0.7517381932104905 0.4814579903215533
outer loop
vertex 13.447873333333341 -22.331866666666677 32.99985333333335
vertex 10.83365333333334 -16.213560000000008 44.99980000000002
vertex 9.192133333333338 -17.197620000000008 44.99980000000002
endloop
endfacet
facet normal 0.45078324228176 -0.7516535077444502 0.4814680392024044
outer loop
vertex 13.447873333333341 -22.331866666666677 32.99985333333335
vertex 9.192133333333338 -17.197620000000008 44.99980000000002
vertex 14.377500000000008 -26.89858666666668 25.00004666666668
endloop
endfacet
facet normal 0.4505818843004214 -0.75175288308725 0.4815013689599325
outer loop
vertex 13.447873333333341 -22.331866666666677 32.99985333333335
vertex 14.377500000000008 -26.89858666666668 25.00004666666668
vertex 15.892166666666675 -25.990733333333345 25.00004666666668
endloop
endfacet
facet normal 0.45057941443913724 -0.7517544018849559 0.48150130896008614
outer loop
vertex 13.447873333333341 -22.331866666666677 32.99985333333335
vertex 15.892166666666675 -25.990733333333345 25.00004666666668
vertex 16.94486000000001 -25.359780000000015 25.00004666666668
endloop
endfacet
facet normal 0.45041598582378883 -0.7518700501471781 0.48147364144474636
outer loop
vertex 13.447873333333341 -22.331866666666677 32.99985333333335
vertex 16.94486000000001 -25.359780000000015 25.00004666666668
vertex 10.83365333333334 -16.213560000000008 44.99980000000002
endloop
endfacet
facet normal 0.5221198049706224 -0.7039677434153934 0.4814772325749972
outer loop
vertex 10.83365333333334 -16.213560000000008 44.99980000000002
vertex 16.94486000000001 -25.359780000000015 25.00004666666668
vertex 19.34892000000001 -23.576733333333344 25.00004666666668
endloop
endfacet
facet normal 0.5220875759251068 -0.7039943351448587 0.48147330055631776
outer loop
vertex 10.83365333333334 -16.213560000000008 44.99980000000002
vertex 19.34892000000001 -23.576733333333344 25.00004666666668
vertex 12.370566666666672 -15.07377333333334 44.99980000000002
endloop
endfacet
facet normal 0.5885068753484548 -0.6494920437783476 0.4814766274038887
outer loop
vertex 12.370566666666672 -15.07377333333334 44.99980000000002
vertex 19.34892000000001 -23.576733333333344 25.00004666666668
vertex 21.566960000000012 -21.566960000000012 25.00004666666668
endloop
endfacet
facet normal 0.5885425615562607 -0.6494561747412743 0.4814813914651598
outer loop
vertex 12.370566666666672 -15.07377333333334 44.99980000000002
vertex 21.566960000000012 -21.566960000000012 25.00004666666668
vertex 13.78867333333334 -13.78867333333334 44.99980000000002
endloop
endfacet
facet normal 0.6494905317456106 -0.5885055052906228 0.4814803416708028
outer loop
vertex 13.78867333333334 -13.78867333333334 44.99980000000002
vertex 21.566960000000012 -21.566960000000012 25.00004666666668
vertex 23.576733333333344 -19.34892000000001 25.00004666666668
endloop
endfacet
facet normal 0.6494585394425934 -0.5885447044681704 0.4814755823378455
outer loop
vertex 13.78867333333334 -13.78867333333334 44.99980000000002
vertex 23.576733333333344 -19.34892000000001 25.00004666666668
vertex 15.07377333333334 -12.370566666666672 44.99980000000002
endloop
endfacet
facet normal 0.7039847104991025 -0.5220826208734951 0.48149274591145935
outer loop
vertex 19.268926666666676 -14.091606666666674 36.99999333333335
vertex 16.119840000000007 -10.960033333333339 44.99980000000002
vertex 15.07377333333334 -12.370566666666672 44.99980000000002
endloop
endfacet
facet normal 0.703901529044526 -0.5222097647775124 0.4814764781168374
outer loop
vertex 19.268926666666676 -14.091606666666674 36.99999333333335
vertex 15.07377333333334 -12.370566666666672 44.99980000000002
vertex 23.576733333333344 -19.34892000000001 25.00004666666668
endloop
endfacet
facet normal 0.7039733010166583 -0.522123926940295 0.4814646366787023
outer loop
vertex 19.268926666666676 -14.091606666666674 36.99999333333335
vertex 23.576733333333344 -19.34892000000001 25.00004666666668
vertex 25.359780000000015 -16.94486000000001 25.00004666666668
endloop
endfacet
facet normal 0.704081699796744 -0.5219624145410467 0.48148125385918017
outer loop
vertex 19.268926666666676 -14.091606666666674 36.99999333333335
vertex 25.359780000000015 -16.94486000000001 25.00004666666668
vertex 16.213560000000008 -10.83365333333334 44.99980000000002
endloop
endfacet
facet normal 0.7039979883406264 -0.5220659239380021 0.4814914365542873
outer loop
vertex 19.268926666666676 -14.091606666666674 36.99999333333335
vertex 16.213560000000008 -10.83365333333334 44.99980000000002
vertex 16.119840000000007 -10.960033333333339 44.99980000000002
endloop
endfacet
facet normal 0.751679540828554 -0.45072579013566116 0.48148118343955865
outer loop
vertex 22.222053333333346 -13.632000000000007 32.99985333333335
vertex 16.213560000000008 -10.83365333333334 44.99980000000002
vertex 25.359780000000015 -16.94486000000001 25.00004666666668
endloop
endfacet
facet normal 0.7518022853376397 -0.45054817809240433 0.48145577468622924
outer loop
vertex 22.222053333333346 -13.632000000000007 32.99985333333335
vertex 25.359780000000015 -16.94486000000001 25.00004666666668
vertex 25.439773333333346 -16.81138000000001 25.00004666666668
endloop
endfacet
facet normal 0.7517707601018103 -0.45059460961372627 0.48146154783430023
outer loop
vertex 22.222053333333346 -13.632000000000007 32.99985333333335
vertex 25.439773333333346 -16.81138000000001 25.00004666666668
vertex 26.89858666666668 -14.377500000000008 25.00004666666668
endloop
endfacet
facet normal 0.7518031845813542 -0.4505269865714272 0.4814742007877511
outer loop
vertex 22.222053333333346 -13.632000000000007 32.99985333333335
vertex 26.89858666666668 -14.377500000000008 25.00004666666668
vertex 17.197620000000008 -9.192133333333338 44.99980000000002
endloop
endfacet
facet normal 0.751725335127533 -0.45064503221745666 0.4814852806318439
outer loop
vertex 22.222053333333346 -13.632000000000007 32.99985333333335
vertex 17.197620000000008 -9.192133333333338 44.99980000000002
vertex 16.213560000000008 -10.83365333333334 44.99980000000002
endloop
endfacet
facet normal 0.7922823280510048 -0.3747955589660457 0.4814737808410853
outer loop
vertex 17.197620000000008 -9.192133333333338 44.99980000000002
vertex 26.89858666666668 -14.377500000000008 25.00004666666668
vertex 28.178480000000015 -11.671926666666673 25.00004666666668
endloop
endfacet
facet normal 0.7923589759472205 -0.37460911366259864 0.48149274677485454
outer loop
vertex 17.197620000000008 -9.192133333333338 44.99980000000002
vertex 28.178480000000015 -11.671926666666673 25.00004666666668
vertex 18.01554000000001 -7.462100000000004 44.99980000000002
endloop
endfacet
facet normal 0.8252351432080436 -0.2952218433041882 0.4814883400981554
outer loop
vertex 18.01554000000001 -7.462100000000004 44.99980000000002
vertex 28.178480000000015 -11.671926666666673 25.00004666666668
vertex 29.186680000000017 -8.853700000000005 25.00004666666668
endloop
endfacet
facet normal 0.8252097716829943 -0.29530628193174974 0.481480043792623
outer loop
vertex 18.01554000000001 -7.462100000000004 44.99980000000002
vertex 29.186680000000017 -8.853700000000005 25.00004666666668
vertex 18.66022000000001 -5.6605933333333365 44.99980000000002
endloop
endfacet
facet normal 0.8502068330737148 -0.21289822230212313 0.48147968590103596
outer loop
vertex 18.66022000000001 -5.6605933333333365 44.99980000000002
vertex 29.186680000000017 -8.853700000000005 25.00004666666668
vertex 29.913720000000016 -5.950273333333336 25.00004666666668
endloop
endfacet
facet normal 0.8501702855461075 -0.21308449533192877 0.48146181927914816
outer loop
vertex 18.66022000000001 -5.6605933333333365 44.99980000000002
vertex 29.913720000000016 -5.950273333333336 25.00004666666668
vertex 19.125506666666677 -3.804180000000002 44.99980000000002
endloop
endfacet
facet normal 0.8669761263328427 -0.12862571466616765 0.4814642477853538
outer loop
vertex 19.125506666666677 -3.804180000000002 44.99980000000002
vertex 29.913720000000016 -5.950273333333336 25.00004666666668
vertex 30.35297333333335 -2.9895733333333347 25.00004666666668
endloop
endfacet
facet normal 0.8669822078361002 -0.12856225287492107 0.48147024667300686
outer loop
vertex 19.125506666666677 -3.804180000000002 44.99980000000002
vertex 30.35297333333335 -2.9895733333333347 25.00004666666668
vertex 19.406193333333345 -1.911320000000001 44.99980000000002
endloop
endfacet
facet normal 0.8754122319667756 -0.042925116872069596 0.48146740124796333
outer loop
vertex 19.499913333333343 0 44.99980000000002
vertex 19.406193333333345 -1.911320000000001 44.99980000000002
vertex 30.35297333333335 -2.9895733333333347 25.00004666666668
endloop
endfacet
facet normal 0.8753940930151454 -0.043104427315976794 0.4814843613866939
outer loop
vertex 19.499913333333343 0 44.99980000000002
vertex 30.35297333333335 -2.9895733333333347 25.00004666666668
vertex 30.500180000000015 0 25.00004666666668
endloop
endfacet
facet normal -0.8754049691810195 -0.042815757059631435 -0.4814903434967196
outer loop
vertex 26.500040000000013 0 25.00004666666668
vertex 15.49977333333334 0 44.99980000000002
vertex 15.425460000000008 1.5194000000000007 44.99980000000002
endloop
endfacet
facet normal -0.8754035618327564 -0.04306832392398783 -0.481470376456228
outer loop
vertex 26.500040000000013 0 25.00004666666668
vertex 15.425460000000008 1.5194000000000007 44.99980000000002
vertex 26.372240000000012 2.5976533333333345 25.00004666666668
endloop
endfacet
facet normal -0.8669604440352969 -0.12872139968061058 -0.4814669144836281
outer loop
vertex 26.372240000000012 2.5976533333333345 25.00004666666668
vertex 15.425460000000008 1.5194000000000007 44.99980000000002
vertex 15.202046666666675 3.0241266666666684 44.99980000000002
endloop
endfacet
facet normal -0.8669737033774854 -0.12859418566843075 -0.48147703274839704
outer loop
vertex 26.372240000000012 2.5976533333333345 25.00004666666668
vertex 15.202046666666675 3.0241266666666684 44.99980000000002
vertex 25.990733333333345 5.169746666666669 25.00004666666668
endloop
endfacet
facet normal -0.8501786532291488 -0.21302198529739036 -0.4814747048116124
outer loop
vertex 25.990733333333345 5.169746666666669 25.00004666666668
vertex 15.202046666666675 3.0241266666666684 44.99980000000002
vertex 14.832373333333342 4.499506666666669 44.99980000000002
endloop
endfacet
facet normal -0.8501939547916313 -0.21294726635024835 -0.4814807379218012
outer loop
vertex 25.990733333333345 5.169746666666669 25.00004666666668
vertex 14.832373333333342 4.499506666666669 44.99980000000002
vertex 25.358833333333347 7.6926133333333375 25.00004666666668
endloop
endfacet
facet normal -0.825282817475625 -0.29509451702201894 -0.4814846801332679
outer loop
vertex 25.358833333333347 7.6926133333333375 25.00004666666668
vertex 14.832373333333342 4.499506666666669 44.99980000000002
vertex 14.320226666666674 5.931813333333336 44.99980000000002
endloop
endfacet
facet normal -0.8252249500944175 -0.2952815354001092 -0.48146920627743167
outer loop
vertex 25.358833333333347 7.6926133333333375 25.00004666666668
vertex 14.320226666666674 5.931813333333336 44.99980000000002
vertex 24.482693333333348 10.141166666666672 25.00004666666668
endloop
endfacet
facet normal -0.7923095627961236 -0.3747446951056359 -0.4814685557666248
outer loop
vertex 24.482693333333348 10.141166666666672 25.00004666666668
vertex 14.320226666666674 5.931813333333336 44.99980000000002
vertex 13.669866666666675 7.3068466666666705 44.99980000000002
endloop
endfacet
facet normal -0.792325230743646 -0.3747074626569016 -0.481471750112356
outer loop
vertex 24.482693333333348 10.141166666666672 25.00004666666668
vertex 13.669866666666675 7.3068466666666705 44.99980000000002
vertex 23.370833333333344 12.49221333333334 25.00004666666668
endloop
endfacet
facet normal -0.7517519418754797 -0.45061473438980165 -0.48147209580333306
outer loop
vertex 23.370833333333344 12.49221333333334 25.00004666666668
vertex 13.669866666666675 7.3068466666666705 44.99980000000002
vertex 12.887920000000006 8.611353333333337 44.99980000000002
endloop
endfacet
facet normal -0.7517822460690724 -0.4505587994267948 -0.4814771258890975
outer loop
vertex 23.370833333333344 12.49221333333334 25.00004666666668
vertex 12.887920000000006 8.611353333333337 44.99980000000002
vertex 22.03414000000001 14.722560000000009 25.00004666666668
endloop
endfacet
facet normal -0.7039665621758197 -0.5221125216409378 -0.48148685764421345
outer loop
vertex 11.981486666666672 9.833026666666672 44.99980000000002
vertex 20.48492000000001 16.81138000000001 25.00004666666668
vertex 22.03414000000001 14.722560000000009 25.00004666666668
endloop
endfacet
facet normal -0.7038751990022053 -0.5222475808172112 -0.4814739541866999
outer loop
vertex 11.981486666666672 9.833026666666672 44.99980000000002
vertex 22.03414000000001 14.722560000000009 25.00004666666668
vertex 12.887920000000006 8.611353333333337 44.99980000000002
endloop
endfacet
facet normal -0.6493897763489971 -0.5886141672139038 -0.4814834166702755
outer loop
vertex 10.960033333333339 10.960033333333339 44.99980000000002
vertex 18.73832000000001 18.73832000000001 25.00004666666668
vertex 20.48492000000001 16.81138000000001 25.00004666666668
endloop
endfacet
facet normal -0.6494111039117463 -0.588588476371923 -0.4814860575326198
outer loop
vertex 10.960033333333339 10.960033333333339 44.99980000000002
vertex 20.48492000000001 16.81138000000001 25.00004666666668
vertex 11.981486666666672 9.833026666666672 44.99980000000002
endloop
endfacet
facet normal -0.5886134482146145 -0.6493889831115699 -0.4814853655036902
outer loop
vertex 9.833026666666672 11.981486666666672 44.99980000000002
vertex 16.81138000000001 20.48492000000001 25.00004666666668
vertex 18.73832000000001 18.73832000000001 25.00004666666668
endloop
endfacet
facet normal -0.5885897056974876 -0.6494124602714169 -0.48148272532996494
outer loop
vertex 9.833026666666672 11.981486666666672 44.99980000000002
vertex 18.73832000000001 18.73832000000001 25.00004666666668
vertex 10.960033333333339 10.960033333333339 44.99980000000002
endloop
endfacet
facet normal -0.5221156365543242 -0.7039707620269579 -0.48147733931791337
outer loop
vertex 8.611353333333337 12.887920000000006 44.99980000000002
vertex 14.722560000000009 22.03414000000001 25.00004666666668
vertex 16.81138000000001 20.48492000000001 25.00004666666668
endloop
endfacet
facet normal -0.5222422543307141 -0.7038680200666183 -0.48149022640036254
outer loop
vertex 8.611353333333337 12.887920000000006 44.99980000000002
vertex 16.81138000000001 20.48492000000001 25.00004666666668
vertex 9.833026666666672 11.981486666666672 44.99980000000002
endloop
endfacet
facet normal -0.450614734389802 -0.7517519418754793 -0.48147209580333294
outer loop
vertex 8.611353333333337 12.887920000000006 44.99980000000002
vertex 7.3068466666666705 13.669866666666675 44.99980000000002
vertex 12.49221333333334 23.370833333333344 25.00004666666668
endloop
endfacet
facet normal -0.45055879942679483 -0.7517822460690723 -0.4814771258890974
outer loop
vertex 8.611353333333337 12.887920000000006 44.99980000000002
vertex 12.49221333333334 23.370833333333344 25.00004666666668
vertex 14.722560000000009 22.03414000000001 25.00004666666668
endloop
endfacet
facet normal -0.3747446951056357 -0.7923095627961236 -0.4814685557666248
outer loop
vertex 7.3068466666666705 13.669866666666675 44.99980000000002
vertex 5.931813333333336 14.320226666666674 44.99980000000002
vertex 10.141166666666672 24.482693333333348 25.00004666666668
endloop
endfacet
facet normal -0.3747074626569015 -0.7923252307436458 -0.48147175011235593
outer loop
vertex 7.3068466666666705 13.669866666666675 44.99980000000002
vertex 10.141166666666672 24.482693333333348 25.00004666666668
vertex 12.49221333333334 23.370833333333344 25.00004666666668
endloop
endfacet
facet normal -0.2950945170220187 -0.8252828174756252 -0.4814846801332679
outer loop
vertex 5.931813333333336 14.320226666666674 44.99980000000002
vertex 4.499506666666669 14.832373333333342 44.99980000000002
vertex 7.6926133333333375 25.358833333333347 25.00004666666668
endloop
endfacet
facet normal -0.29528153540010943 -0.8252249500944174 -0.4814692062774316
outer loop
vertex 5.931813333333336 14.320226666666674 44.99980000000002
vertex 7.6926133333333375 25.358833333333347 25.00004666666668
vertex 10.141166666666672 24.482693333333348 25.00004666666668
endloop
endfacet
facet normal -0.21302198529739003 -0.8501786532291489 -0.4814747048116124
outer loop
vertex 4.499506666666669 14.832373333333342 44.99980000000002
vertex 3.0241266666666684 15.202046666666675 44.99980000000002
vertex 5.169746666666669 25.990733333333345 25.00004666666668
endloop
endfacet
facet normal -0.2129472663502485 -0.8501939547916312 -0.48148073792180124
outer loop
vertex 4.499506666666669 14.832373333333342 44.99980000000002
vertex 5.169746666666669 25.990733333333345 25.00004666666668
vertex 7.6926133333333375 25.358833333333347 25.00004666666668
endloop
endfacet
facet normal -0.1287213996806102 -0.866960444035297 -0.4814669144836282
outer loop
vertex 3.0241266666666684 15.202046666666675 44.99980000000002
vertex 1.5194000000000007 15.425460000000008 44.99980000000002
vertex 2.5976533333333345 26.372240000000012 25.00004666666668
endloop
endfacet
facet normal -0.128594185668431 -0.8669737033774855 -0.48147703274839715
outer loop
vertex 3.0241266666666684 15.202046666666675 44.99980000000002
vertex 2.5976533333333345 26.372240000000012 25.00004666666668
vertex 5.169746666666669 25.990733333333345 25.00004666666668
endloop
endfacet
facet normal -0.04281575705963195 -0.8754049691810194 -0.48149034349671954
outer loop
vertex 1.5194000000000007 15.425460000000008 44.99980000000002
vertex 0 15.49977333333334 44.99980000000002
vertex 0 26.500040000000013 25.00004666666668
endloop
endfacet
facet normal -0.04306832392398768 -0.8754035618327564 -0.481470376456228
outer loop
vertex 1.5194000000000007 15.425460000000008 44.99980000000002
vertex 0 26.500040000000013 25.00004666666668
vertex 2.5976533333333345 26.372240000000012 25.00004666666668
endloop
endfacet
facet normal 0.04281643351425598 -0.8754187998774725 -0.48146513668406454
outer loop
vertex 0 15.49977333333334 44.99980000000002
vertex -1.5194000000000007 15.425460000000008 44.99980000000002
vertex -2.5976533333333345 26.372240000000012 25.00004666666668
endloop
endfacet
facet normal 0.04306792593378869 -0.8753954723134526 -0.4814851200285101
outer loop
vertex 0 15.49977333333334 44.99980000000002
vertex -2.5976533333333345 26.372240000000012 25.00004666666668
vertex 0 26.500040000000013 25.00004666666668
endloop
endfacet
facet normal 0.128594185668431 -0.8669737033774855 -0.48147703274839715
outer loop
vertex -3.0241266666666684 15.202046666666675 44.99980000000002
vertex -5.169746666666669 25.990733333333345 25.00004666666668
vertex -2.5976533333333345 26.372240000000012 25.00004666666668
endloop
endfacet
facet normal 0.1287213996806102 -0.866960444035297 -0.4814669144836282
outer loop
vertex -3.0241266666666684 15.202046666666675 44.99980000000002
vertex -2.5976533333333345 26.372240000000012 25.00004666666668
vertex -1.5194000000000007 15.425460000000008 44.99980000000002
endloop
endfacet
facet normal 0.2129472663502485 -0.8501939547916312 -0.48148073792180124
outer loop
vertex -4.499506666666669 14.832373333333342 44.99980000000002
vertex -7.6926133333333375 25.358833333333347 25.00004666666668
vertex -5.169746666666669 25.990733333333345 25.00004666666668
endloop
endfacet
facet normal 0.21302198529739003 -0.8501786532291489 -0.4814747048116124
outer loop
vertex -4.499506666666669 14.832373333333342 44.99980000000002
vertex -5.169746666666669 25.990733333333345 25.00004666666668
vertex -3.0241266666666684 15.202046666666675 44.99980000000002
endloop
endfacet
facet normal 0.29528153540010943 -0.8252249500944174 -0.4814692062774316
outer loop
vertex -5.931813333333336 14.320226666666674 44.99980000000002
vertex -10.141166666666672 24.482693333333348 25.00004666666668
vertex -7.6926133333333375 25.358833333333347 25.00004666666668
endloop
endfacet
facet normal 0.2950945170220187 -0.8252828174756252 -0.4814846801332679
outer loop
vertex -5.931813333333336 14.320226666666674 44.99980000000002
vertex -7.6926133333333375 25.358833333333347 25.00004666666668
vertex -4.499506666666669 14.832373333333342 44.99980000000002
endloop
endfacet
facet normal 0.3747074626569015 -0.7923252307436458 -0.48147175011235593
outer loop
vertex -7.3068466666666705 13.669866666666675 44.99980000000002
vertex -12.49221333333334 23.370833333333344 25.00004666666668
vertex -10.141166666666672 24.482693333333348 25.00004666666668
endloop
endfacet
facet normal 0.3747446951056357 -0.7923095627961236 -0.4814685557666248
outer loop
vertex -7.3068466666666705 13.669866666666675 44.99980000000002
vertex -10.141166666666672 24.482693333333348 25.00004666666668
vertex -5.931813333333336 14.320226666666674 44.99980000000002
endloop
endfacet
facet normal 0.45055879942679483 -0.7517822460690723 -0.4814771258890974
outer loop
vertex -8.611353333333337 12.887920000000006 44.99980000000002
vertex -14.722560000000009 22.03414000000001 25.00004666666668
vertex -12.49221333333334 23.370833333333344 25.00004666666668
endloop
endfacet
facet normal 0.450614734389802 -0.7517519418754793 -0.48147209580333294
outer loop
vertex -8.611353333333337 12.887920000000006 44.99980000000002
vertex -12.49221333333334 23.370833333333344 25.00004666666668
vertex -7.3068466666666705 13.669866666666675 44.99980000000002
endloop
endfacet
facet normal 0.5221125216409378 -0.7039665621758197 -0.48148685764421345
outer loop
vertex -9.833026666666672 11.981486666666672 44.99980000000002
vertex -16.81138000000001 20.48492000000001 25.00004666666668
vertex -14.722560000000009 22.03414000000001 25.00004666666668
endloop
endfacet
facet normal 0.5222475808172112 -0.7038751990022053 -0.4814739541866999
outer loop
vertex -9.833026666666672 11.981486666666672 44.99980000000002
vertex -14.722560000000009 22.03414000000001 25.00004666666668
vertex -8.611353333333337 12.887920000000006 44.99980000000002
endloop
endfacet
facet normal 0.5886141672139038 -0.6493897763489971 -0.4814834166702755
outer loop
vertex -10.960033333333339 10.960033333333339 44.99980000000002
vertex -18.73832000000001 18.73832000000001 25.00004666666668
vertex -16.81138000000001 20.48492000000001 25.00004666666668
endloop
endfacet
facet normal 0.588588476371923 -0.6494111039117463 -0.4814860575326198
outer loop
vertex -10.960033333333339 10.960033333333339 44.99980000000002
vertex -16.81138000000001 20.48492000000001 25.00004666666668
vertex -9.833026666666672 11.981486666666672 44.99980000000002
endloop
endfacet
facet normal 0.6493889831115699 -0.5886134482146145 -0.4814853655036902
outer loop
vertex -11.981486666666672 9.833026666666672 44.99980000000002
vertex -20.48492000000001 16.81138000000001 25.00004666666668
vertex -18.73832000000001 18.73832000000001 25.00004666666668
endloop
endfacet
facet normal 0.6494124602714169 -0.5885897056974876 -0.48148272532996494
outer loop
vertex -11.981486666666672 9.833026666666672 44.99980000000002
vertex -18.73832000000001 18.73832000000001 25.00004666666668
vertex -10.960033333333339 10.960033333333339 44.99980000000002
endloop
endfacet
facet normal 0.7039707620269579 -0.5221156365543242 -0.48147733931791337
outer loop
vertex -12.887920000000006 8.611353333333337 44.99980000000002
vertex -22.03414000000001 14.722560000000009 25.00004666666668
vertex -20.48492000000001 16.81138000000001 25.00004666666668
endloop
endfacet
facet normal 0.7038680200666183 -0.5222422543307141 -0.48149022640036254
outer loop
vertex -12.887920000000006 8.611353333333337 44.99980000000002
vertex -20.48492000000001 16.81138000000001 25.00004666666668
vertex -11.981486666666672 9.833026666666672 44.99980000000002
endloop
endfacet
facet normal 0.7517519418754793 -0.450614734389802 -0.48147209580333294
outer loop
vertex -12.887920000000006 8.611353333333337 44.99980000000002
vertex -13.669866666666675 7.3068466666666705 44.99980000000002
vertex -23.370833333333344 12.49221333333334 25.00004666666668
endloop
endfacet
facet normal 0.7517822460690723 -0.45055879942679483 -0.4814771258890974
outer loop
vertex -12.887920000000006 8.611353333333337 44.99980000000002
vertex -23.370833333333344 12.49221333333334 25.00004666666668
vertex -22.03414000000001 14.722560000000009 25.00004666666668
endloop
endfacet
facet normal 0.7923095627961236 -0.3747446951056357 -0.4814685557666248
outer loop
vertex -13.669866666666675 7.3068466666666705 44.99980000000002
vertex -14.320226666666674 5.931813333333336 44.99980000000002
vertex -24.482693333333348 10.141166666666672 25.00004666666668
endloop
endfacet
facet normal 0.7923252307436458 -0.3747074626569015 -0.48147175011235593
outer loop
vertex -13.669866666666675 7.3068466666666705 44.99980000000002
vertex -24.482693333333348 10.141166666666672 25.00004666666668
vertex -23.370833333333344 12.49221333333334 25.00004666666668
endloop
endfacet
facet normal 0.8252828174756252 -0.2950945170220187 -0.4814846801332679
outer loop
vertex -14.320226666666674 5.931813333333336 44.99980000000002
vertex -14.832373333333342 4.499506666666669 44.99980000000002
vertex -25.358833333333347 7.6926133333333375 25.00004666666668
endloop
endfacet
facet normal 0.8252249500944174 -0.29528153540010943 -0.4814692062774316
outer loop
vertex -14.320226666666674 5.931813333333336 44.99980000000002
vertex -25.358833333333347 7.6926133333333375 25.00004666666668
vertex -24.482693333333348 10.141166666666672 25.00004666666668
endloop
endfacet
facet normal 0.8501786532291489 -0.21302198529739003 -0.4814747048116124
outer loop
vertex -14.832373333333342 4.499506666666669 44.99980000000002
vertex -15.202046666666675 3.0241266666666684 44.99980000000002
vertex -25.990733333333345 5.169746666666669 25.00004666666668
endloop
endfacet
facet normal 0.8501939547916312 -0.2129472663502485 -0.48148073792180124
outer loop
vertex -14.832373333333342 4.499506666666669 44.99980000000002
vertex -25.990733333333345 5.169746666666669 25.00004666666668
vertex -25.358833333333347 7.6926133333333375 25.00004666666668
endloop
endfacet
facet normal 0.866960444035297 -0.1287213996806102 -0.4814669144836282
outer loop
vertex -15.202046666666675 3.0241266666666684 44.99980000000002
vertex -15.425460000000008 1.5194000000000007 44.99980000000002
vertex -26.372240000000012 2.5976533333333345 25.00004666666668
endloop
endfacet
facet normal 0.8669737033774855 -0.128594185668431 -0.48147703274839715
outer loop
vertex -15.202046666666675 3.0241266666666684 44.99980000000002
vertex -26.372240000000012 2.5976533333333345 25.00004666666668
vertex -25.990733333333345 5.169746666666669 25.00004666666668
endloop
endfacet
facet normal 0.8754049691810194 -0.04281575705963195 -0.48149034349671954
outer loop
vertex -15.425460000000008 1.5194000000000007 44.99980000000002
vertex -15.49977333333334 0 44.99980000000002
vertex -26.500040000000013 0 25.00004666666668
endloop
endfacet
facet normal 0.8754035618327564 -0.04306832392398768 -0.481470376456228
outer loop
vertex -15.425460000000008 1.5194000000000007 44.99980000000002
vertex -26.500040000000013 0 25.00004666666668
vertex -26.372240000000012 2.5976533333333345 25.00004666666668
endloop
endfacet
facet normal 0.8754187998774725 0.04281643351425598 -0.48146513668406454
outer loop
vertex -15.49977333333334 0 44.99980000000002
vertex -15.425460000000008 -1.5194000000000007 44.99980000000002
vertex -26.372240000000012 -2.5976533333333345 25.00004666666668
endloop
endfacet
facet normal 0.8753954723134526 0.04306792593378869 -0.4814851200285101
outer loop
vertex -15.49977333333334 0 44.99980000000002
vertex -26.372240000000012 -2.5976533333333345 25.00004666666668
vertex -26.500040000000013 0 25.00004666666668
endloop
endfacet
facet normal 0.8669737033774855 0.128594185668431 -0.48147703274839715
outer loop
vertex -15.202046666666675 -3.0241266666666684 44.99980000000002
vertex -25.990733333333345 -5.169746666666669 25.00004666666668
vertex -26.372240000000012 -2.5976533333333345 25.00004666666668
endloop
endfacet
facet normal 0.866960444035297 0.1287213996806102 -0.4814669144836282
outer loop
vertex -15.202046666666675 -3.0241266666666684 44.99980000000002
vertex -26.372240000000012 -2.5976533333333345 25.00004666666668
vertex -15.425460000000008 -1.5194000000000007 44.99980000000002
endloop
endfacet
facet normal 0.8501939547916312 0.2129472663502485 -0.48148073792180124
outer loop
vertex -14.832373333333342 -4.499506666666669 44.99980000000002
vertex -25.358833333333347 -7.6926133333333375 25.00004666666668
vertex -25.990733333333345 -5.169746666666669 25.00004666666668
endloop
endfacet
facet normal 0.8501786532291489 0.21302198529739003 -0.4814747048116124
outer loop
vertex -14.832373333333342 -4.499506666666669 44.99980000000002
vertex -25.990733333333345 -5.169746666666669 25.00004666666668
vertex -15.202046666666675 -3.0241266666666684 44.99980000000002
endloop
endfacet
facet normal 0.8252249500944174 0.29528153540010943 -0.4814692062774316
outer loop
vertex -14.320226666666674 -5.931813333333336 44.99980000000002
vertex -24.482693333333348 -10.141166666666672 25.00004666666668
vertex -25.358833333333347 -7.6926133333333375 25.00004666666668
endloop
endfacet
facet normal 0.8252828174756252 0.2950945170220187 -0.4814846801332679
outer loop
vertex -14.320226666666674 -5.931813333333336 44.99980000000002
vertex -25.358833333333347 -7.6926133333333375 25.00004666666668
vertex -14.832373333333342 -4.499506666666669 44.99980000000002
endloop
endfacet
facet normal 0.7923252307436458 0.3747074626569015 -0.48147175011235593
outer loop
vertex -13.669866666666675 -7.3068466666666705 44.99980000000002
vertex -23.370833333333344 -12.49221333333334 25.00004666666668
vertex -24.482693333333348 -10.141166666666672 25.00004666666668
endloop
endfacet
facet normal 0.7923095627961236 0.3747446951056357 -0.4814685557666248
outer loop
vertex -13.669866666666675 -7.3068466666666705 44.99980000000002
vertex -24.482693333333348 -10.141166666666672 25.00004666666668
vertex -14.320226666666674 -5.931813333333336 44.99980000000002
endloop
endfacet
facet normal 0.7517822460690723 0.45055879942679483 -0.4814771258890974
outer loop
vertex -12.887920000000006 -8.611353333333337 44.99980000000002
vertex -22.03414000000001 -14.722560000000009 25.00004666666668
vertex -23.370833333333344 -12.49221333333334 25.00004666666668
endloop
endfacet
facet normal 0.7517519418754793 0.450614734389802 -0.48147209580333294
outer loop
vertex -12.887920000000006 -8.611353333333337 44.99980000000002
vertex -23.370833333333344 -12.49221333333334 25.00004666666668
vertex -13.669866666666675 -7.3068466666666705 44.99980000000002
endloop
endfacet
facet normal 0.7039665621758197 0.5221125216409378 -0.48148685764421345
outer loop
vertex -11.981486666666672 -9.833026666666672 44.99980000000002
vertex -20.48492000000001 -16.81138000000001 25.00004666666668
vertex -22.03414000000001 -14.722560000000009 25.00004666666668
endloop
endfacet
facet normal 0.7038751990022053 0.5222475808172112 -0.4814739541866999
outer loop
vertex -11.981486666666672 -9.833026666666672 44.99980000000002
vertex -22.03414000000001 -14.722560000000009 25.00004666666668
vertex -12.887920000000006 -8.611353333333337 44.99980000000002
endloop
endfacet
facet normal 0.6493897763489971 0.5886141672139038 -0.4814834166702755
outer loop
vertex -10.960033333333339 -10.960033333333339 44.99980000000002
vertex -18.73832000000001 -18.73832000000001 25.00004666666668
vertex -20.48492000000001 -16.81138000000001 25.00004666666668
endloop
endfacet
facet normal 0.6494111039117463 0.588588476371923 -0.4814860575326198
outer loop
vertex -10.960033333333339 -10.960033333333339 44.99980000000002
vertex -20.48492000000001 -16.81138000000001 25.00004666666668
vertex -11.981486666666672 -9.833026666666672 44.99980000000002
endloop
endfacet
facet normal 0.5886134482146145 0.6493889831115699 -0.4814853655036902
outer loop
vertex -9.833026666666672 -11.981486666666672 44.99980000000002
vertex -16.81138000000001 -20.48492000000001 25.00004666666668
vertex -18.73832000000001 -18.73832000000001 25.00004666666668
endloop
endfacet
facet normal 0.5885897056974876 0.6494124602714169 -0.48148272532996494
outer loop
vertex -9.833026666666672 -11.981486666666672 44.99980000000002
vertex -18.73832000000001 -18.73832000000001 25.00004666666668
vertex -10.960033333333339 -10.960033333333339 44.99980000000002
endloop
endfacet
facet normal 0.5221156365543242 0.7039707620269579 -0.48147733931791337
outer loop
vertex -8.611353333333337 -12.887920000000006 44.99980000000002
vertex -14.722560000000009 -22.03414000000001 25.00004666666668
vertex -16.81138000000001 -20.48492000000001 25.00004666666668
endloop
endfacet
facet normal 0.5222422543307141 0.7038680200666183 -0.48149022640036254
outer loop
vertex -8.611353333333337 -12.887920000000006 44.99980000000002
vertex -16.81138000000001 -20.48492000000001 25.00004666666668
vertex -9.833026666666672 -11.981486666666672 44.99980000000002
endloop
endfacet
facet normal 0.4505587994267948 0.7517822460690724 -0.4814771258890975
outer loop
vertex -12.49221333333334 -23.370833333333344 25.00004666666668
vertex -14.722560000000009 -22.03414000000001 25.00004666666668
vertex -8.611353333333337 -12.887920000000006 44.99980000000002
endloop
endfacet
facet normal 0.45061473438980165 0.7517519418754797 -0.48147209580333306
outer loop
vertex -12.49221333333334 -23.370833333333344 25.00004666666668
vertex -8.611353333333337 -12.887920000000006 44.99980000000002
vertex -7.3068466666666705 -13.669866666666675 44.99980000000002
endloop
endfacet
facet normal 0.3747074626569016 0.792325230743646 -0.481471750112356
outer loop
vertex -10.141166666666672 -24.482693333333348 25.00004666666668
vertex -12.49221333333334 -23.370833333333344 25.00004666666668
vertex -7.3068466666666705 -13.669866666666675 44.99980000000002
endloop
endfacet
facet normal 0.3747446951056359 0.7923095627961236 -0.4814685557666248
outer loop
vertex -10.141166666666672 -24.482693333333348 25.00004666666668
vertex -7.3068466666666705 -13.669866666666675 44.99980000000002
vertex -5.931813333333336 -14.320226666666674 44.99980000000002
endloop
endfacet
facet normal 0.2952815354001092 0.8252249500944175 -0.48146920627743167
outer loop
vertex -7.6926133333333375 -25.358833333333347 25.00004666666668
vertex -10.141166666666672 -24.482693333333348 25.00004666666668
vertex -5.931813333333336 -14.320226666666674 44.99980000000002
endloop
endfacet
facet normal 0.29509451702201894 0.825282817475625 -0.4814846801332679
outer loop
vertex -7.6926133333333375 -25.358833333333347 25.00004666666668
vertex -5.931813333333336 -14.320226666666674 44.99980000000002
vertex -4.499506666666669 -14.832373333333342 44.99980000000002
endloop
endfacet
facet normal 0.21294726635024835 0.8501939547916313 -0.4814807379218012
outer loop
vertex -5.169746666666669 -25.990733333333345 25.00004666666668
vertex -7.6926133333333375 -25.358833333333347 25.00004666666668
vertex -4.499506666666669 -14.832373333333342 44.99980000000002
endloop
endfacet
facet normal 0.21302198529739036 0.8501786532291488 -0.4814747048116124
outer loop
vertex -5.169746666666669 -25.990733333333345 25.00004666666668
vertex -4.499506666666669 -14.832373333333342 44.99980000000002
vertex -3.0241266666666684 -15.202046666666675 44.99980000000002
endloop
endfacet
facet normal 0.12859418566843075 0.8669737033774854 -0.48147703274839704
outer loop
vertex -2.5976533333333345 -26.372240000000012 25.00004666666668
vertex -5.169746666666669 -25.990733333333345 25.00004666666668
vertex -3.0241266666666684 -15.202046666666675 44.99980000000002
endloop
endfacet
facet normal 0.12872139968061058 0.8669604440352969 -0.4814669144836281
outer loop
vertex -2.5976533333333345 -26.372240000000012 25.00004666666668
vertex -3.0241266666666684 -15.202046666666675 44.99980000000002
vertex -1.5194000000000007 -15.425460000000008 44.99980000000002
endloop
endfacet
facet normal 0.04306832392398783 0.8754035618327564 -0.481470376456228
outer loop
vertex 0 -26.500040000000013 25.00004666666668
vertex -2.5976533333333345 -26.372240000000012 25.00004666666668
vertex -1.5194000000000007 -15.425460000000008 44.99980000000002
endloop
endfacet
facet normal 0.042815757059631435 0.8754049691810195 -0.4814903434967196
outer loop
vertex 0 -26.500040000000013 25.00004666666668
vertex -1.5194000000000007 -15.425460000000008 44.99980000000002
vertex 0 -15.49977333333334 44.99980000000002
endloop
endfacet
facet normal -0.042815757059631435 0.8754049691810195 -0.4814903434967196
outer loop
vertex 0 -26.500040000000013 25.00004666666668
vertex 0 -15.49977333333334 44.99980000000002
vertex 1.5194000000000007 -15.425460000000008 44.99980000000002
endloop
endfacet
facet normal -0.04306832392398783 0.8754035618327564 -0.481470376456228
outer loop
vertex 0 -26.500040000000013 25.00004666666668
vertex 1.5194000000000007 -15.425460000000008 44.99980000000002
vertex 2.5976533333333345 -26.372240000000012 25.00004666666668
endloop
endfacet
facet normal -0.12872139968061058 0.8669604440352969 -0.4814669144836281
outer loop
vertex 2.5976533333333345 -26.372240000000012 25.00004666666668
vertex 1.5194000000000007 -15.425460000000008 44.99980000000002
vertex 3.0241266666666684 -15.202046666666675 44.99980000000002
endloop
endfacet
facet normal -0.12859418566843075 0.8669737033774854 -0.48147703274839704
outer loop
vertex 2.5976533333333345 -26.372240000000012 25.00004666666668
vertex 3.0241266666666684 -15.202046666666675 44.99980000000002
vertex 5.169746666666669 -25.990733333333345 25.00004666666668
endloop
endfacet
facet normal -0.21302198529739036 0.8501786532291488 -0.4814747048116124
outer loop
vertex 5.169746666666669 -25.990733333333345 25.00004666666668
vertex 3.0241266666666684 -15.202046666666675 44.99980000000002
vertex 4.499506666666669 -14.832373333333342 44.99980000000002
endloop
endfacet
facet normal -0.21294726635024835 0.8501939547916313 -0.4814807379218012
outer loop
vertex 5.169746666666669 -25.990733333333345 25.00004666666668
vertex 4.499506666666669 -14.832373333333342 44.99980000000002
vertex 7.6926133333333375 -25.358833333333347 25.00004666666668
endloop
endfacet
facet normal -0.29509451702201894 0.825282817475625 -0.4814846801332679
outer loop
vertex 7.6926133333333375 -25.358833333333347 25.00004666666668
vertex 4.499506666666669 -14.832373333333342 44.99980000000002
vertex 5.931813333333336 -14.320226666666674 44.99980000000002
endloop
endfacet
facet normal -0.2952815354001092 0.8252249500944175 -0.48146920627743167
outer loop
vertex 7.6926133333333375 -25.358833333333347 25.00004666666668
vertex 5.931813333333336 -14.320226666666674 44.99980000000002
vertex 10.141166666666672 -24.482693333333348 25.00004666666668
endloop
endfacet
facet normal -0.3747446951056359 0.7923095627961236 -0.4814685557666248
outer loop
vertex 10.141166666666672 -24.482693333333348 25.00004666666668
vertex 5.931813333333336 -14.320226666666674 44.99980000000002
vertex 7.3068466666666705 -13.669866666666675 44.99980000000002
endloop
endfacet
facet normal -0.3747074626569016 0.792325230743646 -0.481471750112356
outer loop
vertex 10.141166666666672 -24.482693333333348 25.00004666666668
vertex 7.3068466666666705 -13.669866666666675 44.99980000000002
vertex 12.49221333333334 -23.370833333333344 25.00004666666668
endloop
endfacet
facet normal -0.45061473438980165 0.7517519418754797 -0.48147209580333306
outer loop
vertex 12.49221333333334 -23.370833333333344 25.00004666666668
vertex 7.3068466666666705 -13.669866666666675 44.99980000000002
vertex 8.611353333333337 -12.887920000000006 44.99980000000002
endloop
endfacet
facet normal -0.4505587994267948 0.7517822460690724 -0.4814771258890975
outer loop
vertex 12.49221333333334 -23.370833333333344 25.00004666666668
vertex 8.611353333333337 -12.887920000000006 44.99980000000002
vertex 14.722560000000009 -22.03414000000001 25.00004666666668
endloop
endfacet
facet normal -0.5221125216409378 0.7039665621758197 -0.48148685764421345
outer loop
vertex 9.833026666666672 -11.981486666666672 44.99980000000002
vertex 16.81138000000001 -20.48492000000001 25.00004666666668
vertex 14.722560000000009 -22.03414000000001 25.00004666666668
endloop
endfacet
facet normal -0.5222475808172112 0.7038751990022053 -0.4814739541866999
outer loop
vertex 9.833026666666672 -11.981486666666672 44.99980000000002
vertex 14.722560000000009 -22.03414000000001 25.00004666666668
vertex 8.611353333333337 -12.887920000000006 44.99980000000002
endloop
endfacet
facet normal -0.5886141672139038 0.6493897763489971 -0.4814834166702755
outer loop
vertex 10.960033333333339 -10.960033333333339 44.99980000000002
vertex 18.73832000000001 -18.73832000000001 25.00004666666668
vertex 16.81138000000001 -20.48492000000001 25.00004666666668
endloop
endfacet
facet normal -0.588588476371923 0.6494111039117463 -0.4814860575326198
outer loop
vertex 10.960033333333339 -10.960033333333339 44.99980000000002
vertex 16.81138000000001 -20.48492000000001 25.00004666666668
vertex 9.833026666666672 -11.981486666666672 44.99980000000002
endloop
endfacet
facet normal -0.6493889831115699 0.5886134482146145 -0.4814853655036902
outer loop
vertex 11.981486666666672 -9.833026666666672 44.99980000000002
vertex 20.48492000000001 -16.81138000000001 25.00004666666668
vertex 18.73832000000001 -18.73832000000001 25.00004666666668
endloop
endfacet
facet normal -0.6494124602714169 0.5885897056974876 -0.48148272532996494
outer loop
vertex 11.981486666666672 -9.833026666666672 44.99980000000002
vertex 18.73832000000001 -18.73832000000001 25.00004666666668
vertex 10.960033333333339 -10.960033333333339 44.99980000000002
endloop
endfacet
facet normal -0.7039707620269579 0.5221156365543242 -0.48147733931791337
outer loop
vertex 12.887920000000006 -8.611353333333337 44.99980000000002
vertex 22.03414000000001 -14.722560000000009 25.00004666666668
vertex 20.48492000000001 -16.81138000000001 25.00004666666668
endloop
endfacet
facet normal -0.7038680200666183 0.5222422543307141 -0.48149022640036254
outer loop
vertex 12.887920000000006 -8.611353333333337 44.99980000000002
vertex 20.48492000000001 -16.81138000000001 25.00004666666668
vertex 11.981486666666672 -9.833026666666672 44.99980000000002
endloop
endfacet
facet normal -0.7517822460690724 0.4505587994267948 -0.4814771258890975
outer loop
vertex 23.370833333333344 -12.49221333333334 25.00004666666668
vertex 22.03414000000001 -14.722560000000009 25.00004666666668
vertex 12.887920000000006 -8.611353333333337 44.99980000000002
endloop
endfacet
facet normal -0.7517519418754797 0.45061473438980165 -0.48147209580333306
outer loop
vertex 23.370833333333344 -12.49221333333334 25.00004666666668
vertex 12.887920000000006 -8.611353333333337 44.99980000000002
vertex 13.669866666666675 -7.3068466666666705 44.99980000000002
endloop
endfacet
facet normal -0.792325230743646 0.3747074626569016 -0.481471750112356
outer loop
vertex 24.482693333333348 -10.141166666666672 25.00004666666668
vertex 23.370833333333344 -12.49221333333334 25.00004666666668
vertex 13.669866666666675 -7.3068466666666705 44.99980000000002
endloop
endfacet
facet normal -0.7923095627961236 0.3747446951056359 -0.4814685557666248
outer loop
vertex 24.482693333333348 -10.141166666666672 25.00004666666668
vertex 13.669866666666675 -7.3068466666666705 44.99980000000002
vertex 14.320226666666674 -5.931813333333336 44.99980000000002
endloop
endfacet
facet normal -0.8252249500944175 0.2952815354001092 -0.48146920627743167
outer loop
vertex 25.358833333333347 -7.6926133333333375 25.00004666666668
vertex 24.482693333333348 -10.141166666666672 25.00004666666668
vertex 14.320226666666674 -5.931813333333336 44.99980000000002
endloop
endfacet
facet normal -0.825282817475625 0.29509451702201894 -0.4814846801332679
outer loop
vertex 25.358833333333347 -7.6926133333333375 25.00004666666668
vertex 14.320226666666674 -5.931813333333336 44.99980000000002
vertex 14.832373333333342 -4.499506666666669 44.99980000000002
endloop
endfacet
facet normal -0.8501939547916313 0.21294726635024835 -0.4814807379218012
outer loop
vertex 25.990733333333345 -5.169746666666669 25.00004666666668
vertex 25.358833333333347 -7.6926133333333375 25.00004666666668
vertex 14.832373333333342 -4.499506666666669 44.99980000000002
endloop
endfacet
facet normal -0.8501786532291488 0.21302198529739036 -0.4814747048116124
outer loop
vertex 25.990733333333345 -5.169746666666669 25.00004666666668
vertex 14.832373333333342 -4.499506666666669 44.99980000000002
vertex 15.202046666666675 -3.0241266666666684 44.99980000000002
endloop
endfacet
facet normal -0.8669737033774854 0.12859418566843075 -0.48147703274839704
outer loop
vertex 26.372240000000012 -2.5976533333333345 25.00004666666668
vertex 25.990733333333345 -5.169746666666669 25.00004666666668
vertex 15.202046666666675 -3.0241266666666684 44.99980000000002
endloop
endfacet
facet normal -0.8669604440352969 0.12872139968061058 -0.4814669144836281
outer loop
vertex 26.372240000000012 -2.5976533333333345 25.00004666666668
vertex 15.202046666666675 -3.0241266666666684 44.99980000000002
vertex 15.425460000000008 -1.5194000000000007 44.99980000000002
endloop
endfacet
facet normal -0.8754035618327564 0.04306832392398783 -0.481470376456228
outer loop
vertex 26.500040000000013 0 25.00004666666668
vertex 26.372240000000012 -2.5976533333333345 25.00004666666668
vertex 15.425460000000008 -1.5194000000000007 44.99980000000002
endloop
endfacet
facet normal -0.8754049691810195 0.042815757059631435 -0.4814903434967196
outer loop
vertex 26.500040000000013 0 25.00004666666668
vertex 15.425460000000008 -1.5194000000000007 44.99980000000002
vertex 15.49977333333334 0 44.99980000000002
endloop
endfacet
facet normal 0 0 -1
outer loop
vertex 0 28.50460666666668 25.00004666666668
vertex 2.9895733333333347 30.35297333333335 25.00004666666668
vertex 5.950273333333336 29.913720000000016 25.00004666666668
endloop
endfacet
facet normal 0 0 -1
outer loop
vertex 0 28.50460666666668 25.00004666666668
vertex 5.950273333333336 29.913720000000016 25.00004666666668
vertex 8.853700000000005 29.186680000000017 25.00004666666668
endloop
endfacet
facet normal 0 0 -1
outer loop
vertex 0 28.50460666666668 25.00004666666668
vertex 8.853700000000005 29.186680000000017 25.00004666666668
vertex 11.671926666666673 28.178480000000015 25.00004666666668
endloop
endfacet
facet normal 0 0 -1
outer loop
vertex 0 28.50460666666668 25.00004666666668
vertex 11.671926666666673 28.178480000000015 25.00004666666668
vertex 14.377500000000008 26.89858666666668 25.00004666666668
endloop
endfacet
facet normal 0 0 -1
outer loop
vertex 0 28.50460666666668 25.00004666666668
vertex 14.377500000000008 26.89858666666668 25.00004666666668
vertex 15.042533333333342 26.500040000000013 25.00004666666668
endloop
endfacet
facet normal 0 0 -1
outer loop
vertex 0 28.50460666666668 25.00004666666668
vertex 15.042533333333342 26.500040000000013 25.00004666666668
vertex 0 26.500040000000013 25.00004666666668
endloop
endfacet
facet normal 0 0 -1
outer loop
vertex 0 28.50460666666668 25.00004666666668
vertex 0 26.500040000000013 25.00004666666668
vertex -15.042533333333342 26.500040000000013 25.00004666666668
endloop
endfacet
facet normal 0 0 -1
outer loop
vertex 0 28.50460666666668 25.00004666666668
vertex -15.042533333333342 26.500040000000013 25.00004666666668
vertex -14.377500000000008 26.89858666666668 25.00004666666668
endloop
endfacet
facet normal 0 0 -1
outer loop
vertex 0 28.50460666666668 25.00004666666668
vertex -14.377500000000008 26.89858666666668 25.00004666666668
vertex -11.671926666666673 28.178480000000015 25.00004666666668
endloop
endfacet
facet normal 0 0 -1
outer loop
vertex 0 28.50460666666668 25.00004666666668
vertex -11.671926666666673 28.178480000000015 25.00004666666668
vertex -8.853700000000005 29.186680000000017 25.00004666666668
endloop
endfacet
facet normal 0 0 -1
outer loop
vertex 0 28.50460666666668 25.00004666666668
vertex -8.853700000000005 29.186680000000017 25.00004666666668
vertex -5.950273333333336 29.913720000000016 25.00004666666668
endloop
endfacet
facet normal 0 0 -1
outer loop
vertex 0 28.50460666666668 25.00004666666668
vertex -5.950273333333336 29.913720000000016 25.00004666666668
vertex -2.9895733333333347 30.35297333333335 25.00004666666668
endloop
endfacet
facet normal 0 0 -1
outer loop
vertex 0 28.50460666666668 25.00004666666668
vertex -2.9895733333333347 30.35297333333335 25.00004666666668
vertex 0 30.500180000000015 25.00004666666668
endloop
endfacet
facet normal 0 0 -1
outer loop
vertex 0 28.50460666666668 25.00004666666668
vertex 0 30.500180000000015 25.00004666666668
vertex 2.9895733333333347 30.35297333333335 25.00004666666668
endloop
endfacet
facet normal 0 0 -1
outer loop
vertex 0 26.500040000000013 25.00004666666668
vertex -2.5976533333333345 26.372240000000012 25.00004666666668
vertex -15.255533333333341 26.372240000000012 25.00004666666668
endloop
endfacet
facet normal 0 0 -1
outer loop
vertex 0 26.500040000000013 25.00004666666668
vertex -15.255533333333341 26.372240000000012 25.00004666666668
vertex -15.042533333333342 26.500040000000013 25.00004666666668
endloop
endfacet
facet normal 0 0 -1
outer loop
vertex 15.042533333333342 26.500040000000013 25.00004666666668
vertex 15.255533333333341 26.372240000000012 25.00004666666668
vertex 2.5976533333333345 26.372240000000012 25.00004666666668
endloop
endfacet
facet normal 0 0 -1
outer loop
vertex 15.042533333333342 26.500040000000013 25.00004666666668
vertex 2.5976533333333345 26.372240000000012 25.00004666666668
vertex 0 26.500040000000013 25.00004666666668
endloop
endfacet
facet normal 0 0 -1
outer loop
vertex -2.5976533333333345 26.372240000000012 25.00004666666668
vertex -5.169746666666669 25.990733333333345 25.00004666666668
vertex -15.892166666666675 25.990733333333345 25.00004666666668
endloop
endfacet
facet normal 0 0 -1
outer loop
vertex -2.5976533333333345 26.372240000000012 25.00004666666668
vertex -15.892166666666675 25.990733333333345 25.00004666666668
vertex -15.255533333333341 26.372240000000012 25.00004666666668
endloop
endfacet
facet normal 0 0 -1
outer loop
vertex 15.255533333333341 26.372240000000012 25.00004666666668
vertex 15.892166666666675 25.990733333333345 25.00004666666668
vertex 5.169746666666669 25.990733333333345 25.00004666666668
endloop
endfacet
facet normal 0 0 -1
outer loop
vertex 15.255533333333341 26.372240000000012 25.00004666666668
vertex 5.169746666666669 25.990733333333345 25.00004666666668
vertex 2.5976533333333345 26.372240000000012 25.00004666666668
endloop
endfacet
facet normal 0 0 -1
outer loop
vertex -12.52913333333334 25.611593333333346 25.00004666666668
vertex -5.169746666666669 25.990733333333345 25.00004666666668
vertex -7.6926133333333375 25.358833333333347 25.00004666666668
endloop
endfacet
facet normal 0 0 -1
outer loop
vertex -12.52913333333334 25.611593333333346 25.00004666666668
vertex -7.6926133333333375 25.358833333333347 25.00004666666668
vertex -16.94628000000001 25.358833333333347 25.00004666666668
endloop
endfacet
facet normal 0 0 -1
outer loop
vertex -12.52913333333334 25.611593333333346 25.00004666666668
vertex -16.94628000000001 25.358833333333347 25.00004666666668
vertex -16.94486000000001 25.359780000000015 25.00004666666668
endloop
endfacet
facet normal 0 0 -1
outer loop
vertex -12.52913333333334 25.611593333333346 25.00004666666668
vertex -16.94486000000001 25.359780000000015 25.00004666666668
vertex -15.892166666666675 25.990733333333345 25.00004666666668
endloop
endfacet
facet normal 0 0 -1
outer loop
vertex -12.52913333333334 25.611593333333346 25.00004666666668
vertex -15.892166666666675 25.990733333333345 25.00004666666668
vertex -5.169746666666669 25.990733333333345 25.00004666666668
endloop
endfacet
facet normal 0 0 -1
outer loop
vertex 12.52913333333334 25.611593333333346 25.00004666666668
vertex 15.892166666666675 25.990733333333345 25.00004666666668
vertex 16.94486000000001 25.359780000000015 25.00004666666668
endloop
endfacet
facet normal 0 0 -1
outer loop
vertex 12.52913333333334 25.611593333333346 25.00004666666668
vertex 16.94486000000001 25.359780000000015 25.00004666666668
vertex 16.94628000000001 25.358833333333347 25.00004666666668
endloop
endfacet
facet normal 0 0 -1
outer loop
vertex 12.52913333333334 25.611593333333346 25.00004666666668
vertex 16.94628000000001 25.358833333333347 25.00004666666668
vertex 7.6926133333333375 25.358833333333347 25.00004666666668
endloop
endfacet
facet normal 0 0 -1
outer loop
vertex 12.52913333333334 25.611593333333346 25.00004666666668
vertex 7.6926133333333375 25.358833333333347 25.00004666666668
vertex 5.169746666666669 25.990733333333345 25.00004666666668
endloop
endfacet
facet normal 0 0 -1
outer loop
vertex 12.52913333333334 25.611593333333346 25.00004666666668
vertex 5.169746666666669 25.990733333333345 25.00004666666668
vertex 15.892166666666675 25.990733333333345 25.00004666666668
endloop
endfacet
facet normal 0 0 -1
outer loop
vertex -7.6926133333333375 25.358833333333347 25.00004666666668
vertex -10.141166666666672 24.482693333333348 25.00004666666668
vertex -18.127246666666675 24.482693333333348 25.00004666666668
endloop
endfacet
facet normal 0 0 -1
outer loop
vertex -7.6926133333333375 25.358833333333347 25.00004666666668
vertex -18.127246666666675 24.482693333333348 25.00004666666668
vertex -16.94628000000001 25.358833333333347 25.00004666666668
endloop
endfacet
facet normal 0 0 -1
outer loop
vertex 16.94628000000001 25.358833333333347 25.00004666666668
vertex 18.127246666666675 24.482693333333348 25.00004666666668
vertex 10.141166666666672 24.482693333333348 25.00004666666668
endloop
endfacet
facet normal 0 0 -1
outer loop
vertex 16.94628000000001 25.358833333333347 25.00004666666668
vertex 10.141166666666672 24.482693333333348 25.00004666666668
vertex 7.6926133333333375 25.358833333333347 25.00004666666668
endloop
endfacet
facet normal 0 0 -1
outer loop
vertex -15.937133333333342 23.85694666666668 25.00004666666668
vertex -10.141166666666672 24.482693333333348 25.00004666666668
vertex -12.49221333333334 23.370833333333344 25.00004666666668
endloop
endfacet
facet normal 0 0 -1
outer loop
vertex -15.937133333333342 23.85694666666668 25.00004666666668
vertex -12.49221333333334 23.370833333333344 25.00004666666668
vertex -19.57612000000001 23.370833333333344 25.00004666666668
endloop
endfacet
facet normal 0 0 -1
outer loop
vertex -15.937133333333342 23.85694666666668 25.00004666666668
vertex -19.57612000000001 23.370833333333344 25.00004666666668
vertex -19.34892000000001 23.576733333333344 25.00004666666668
endloop
endfacet
facet normal 0 0 -1
outer loop
vertex -15.937133333333342 23.85694666666668 25.00004666666668
vertex -19.34892000000001 23.576733333333344 25.00004666666668
vertex -18.127246666666675 24.482693333333348 25.00004666666668
endloop
endfacet
facet normal 0 0 -1
outer loop
vertex -15.937133333333342 23.85694666666668 25.00004666666668
vertex -18.127246666666675 24.482693333333348 25.00004666666668
vertex -10.141166666666672 24.482693333333348 25.00004666666668
endloop
endfacet
facet normal 0 0 -1
outer loop
vertex 15.937133333333342 23.85694666666668 25.00004666666668
vertex 18.127246666666675 24.482693333333348 25.00004666666668
vertex 19.34892000000001 23.576733333333344 25.00004666666668
endloop
endfacet
facet normal 0 0 -1
outer loop
vertex 15.937133333333342 23.85694666666668 25.00004666666668
vertex 19.34892000000001 23.576733333333344 25.00004666666668
vertex 19.57612000000001 23.370833333333344 25.00004666666668
endloop
endfacet
facet normal 0 0 -1
outer loop
vertex 15.937133333333342 23.85694666666668 25.00004666666668
vertex 19.57612000000001 23.370833333333344 25.00004666666668
vertex 12.49221333333334 23.370833333333344 25.00004666666668
endloop
endfacet
facet normal 0 0 -1
outer loop
vertex 15.937133333333342 23.85694666666668 25.00004666666668
vertex 12.49221333333334 23.370833333333344 25.00004666666668
vertex 10.141166666666672 24.482693333333348 25.00004666666668
endloop
endfacet
facet normal 0 0 -1
outer loop
vertex 15.937133333333342 23.85694666666668 25.00004666666668
vertex 10.141166666666672 24.482693333333348 25.00004666666668
vertex 18.127246666666675 24.482693333333348 25.00004666666668
endloop
endfacet
facet normal 0 0 -1
outer loop
vertex -12.49221333333334 23.370833333333344 25.00004666666668
vertex -14.722560000000009 22.03414000000001 25.00004666666668
vertex -21.05150000000001 22.03414000000001 25.00004666666668
endloop
endfacet
facet normal 0 0 -1
outer loop
vertex -12.49221333333334 23.370833333333344 25.00004666666668
vertex -21.05150000000001 22.03414000000001 25.00004666666668
vertex -19.57612000000001 23.370833333333344 25.00004666666668
endloop
endfacet
facet normal 0 0 -1
outer loop
vertex 19.57612000000001 23.370833333333344 25.00004666666668
vertex 21.05150000000001 22.03414000000001 25.00004666666668
vertex 14.722560000000009 22.03414000000001 25.00004666666668
endloop
endfacet
facet normal 0 0 -1
outer loop
vertex 19.57612000000001 23.370833333333344 25.00004666666668
vertex 14.722560000000009 22.03414000000001 25.00004666666668
vertex 12.49221333333334 23.370833333333344 25.00004666666668
endloop
endfacet
facet normal 0 0 -1
outer loop
vertex -19.339926666666678 21.32082666666668 25.00004666666668
vertex -14.722560000000009 22.03414000000001 25.00004666666668
vertex -16.81138000000001 20.48492000000001 25.00004666666668
endloop
endfacet
facet normal 0 0 -1
outer loop
vertex -19.339926666666678 21.32082666666668 25.00004666666668
vertex -16.81138000000001 20.48492000000001 25.00004666666668
vertex -22.547233333333345 20.48492000000001 25.00004666666668
endloop
endfacet
facet normal 0 0 -1
outer loop
vertex -19.339926666666678 21.32082666666668 25.00004666666668
vertex -22.547233333333345 20.48492000000001 25.00004666666668
vertex -21.566960000000012 21.566960000000012 25.00004666666668
endloop
endfacet
facet normal 0 0 -1
outer loop
vertex -19.339926666666678 21.32082666666668 25.00004666666668
vertex -21.566960000000012 21.566960000000012 25.00004666666668
vertex -21.05150000000001 22.03414000000001 25.00004666666668
endloop
endfacet
facet normal 0 0 -1
outer loop
vertex -19.339926666666678 21.32082666666668 25.00004666666668
vertex -21.05150000000001 22.03414000000001 25.00004666666668
vertex -14.722560000000009 22.03414000000001 25.00004666666668
endloop
endfacet
facet normal 0 0 -1
outer loop
vertex 19.339926666666678 21.32082666666668 25.00004666666668
vertex 21.05150000000001 22.03414000000001 25.00004666666668
vertex 21.566960000000012 21.566960000000012 25.00004666666668
endloop
endfacet
facet normal 0 0 -1
outer loop
vertex 19.339926666666678 21.32082666666668 25.00004666666668
vertex 21.566960000000012 21.566960000000012 25.00004666666668
vertex 22.547233333333345 20.48492000000001 25.00004666666668
endloop
endfacet
facet normal 0 0 -1
outer loop
vertex 19.339926666666678 21.32082666666668 25.00004666666668
vertex 22.547233333333345 20.48492000000001 25.00004666666668
vertex 16.81138000000001 20.48492000000001 25.00004666666668
endloop
endfacet
facet normal 0 0 -1
outer loop
vertex 19.339926666666678 21.32082666666668 25.00004666666668
vertex 16.81138000000001 20.48492000000001 25.00004666666668
vertex 14.722560000000009 22.03414000000001 25.00004666666668
endloop
endfacet
facet normal 0 0 -1
outer loop
vertex 19.339926666666678 21.32082666666668 25.00004666666668
vertex 14.722560000000009 22.03414000000001 25.00004666666668
vertex 21.05150000000001 22.03414000000001 25.00004666666668
endloop
endfacet
facet normal 0 0 -1
outer loop
vertex -21.14048666666668 19.55908000000001 25.00004666666668
vertex -16.81138000000001 20.48492000000001 25.00004666666668
vertex -18.73832000000001 18.73832000000001 25.00004666666668
endloop
endfacet
facet normal 0 0 -1
outer loop
vertex -21.14048666666668 19.55908000000001 25.00004666666668
vertex -18.73832000000001 18.73832000000001 25.00004666666668
vertex -24.029713333333344 18.73832000000001 25.00004666666668
endloop
endfacet
facet normal 0 0 -1
outer loop
vertex -21.14048666666668 19.55908000000001 25.00004666666668
vertex -24.029713333333344 18.73832000000001 25.00004666666668
vertex -23.576733333333344 19.34892000000001 25.00004666666668
endloop
endfacet
facet normal 0 0 -1
outer loop
vertex -21.14048666666668 19.55908000000001 25.00004666666668
vertex -23.576733333333344 19.34892000000001 25.00004666666668
vertex -22.547233333333345 20.48492000000001 25.00004666666668
endloop
endfacet
facet normal 0 0 -1
outer loop
vertex -21.14048666666668 19.55908000000001 25.00004666666668
vertex -22.547233333333345 20.48492000000001 25.00004666666668
vertex -16.81138000000001 20.48492000000001 25.00004666666668
endloop
endfacet
facet normal 0 0 -1
outer loop
vertex 21.14048666666668 19.55908000000001 25.00004666666668
vertex 22.547233333333345 20.48492000000001 25.00004666666668
vertex 23.576733333333344 19.34892000000001 25.00004666666668
endloop
endfacet
facet normal 0 0 -1
outer loop
vertex 21.14048666666668 19.55908000000001 25.00004666666668
vertex 23.576733333333344 19.34892000000001 25.00004666666668
vertex 24.029713333333344 18.73832000000001 25.00004666666668
endloop
endfacet
facet normal 0 0 -1
outer loop
vertex 21.14048666666668 19.55908000000001 25.00004666666668
vertex 24.029713333333344 18.73832000000001 25.00004666666668
vertex 18.73832000000001 18.73832000000001 25.00004666666668
endloop
endfacet
facet normal 0 0 -1
outer loop
vertex 21.14048666666668 19.55908000000001 25.00004666666668
vertex 18.73832000000001 18.73832000000001 25.00004666666668
vertex 16.81138000000001 20.48492000000001 25.00004666666668
endloop
endfacet
facet normal 0 0 -1
outer loop
vertex 21.14048666666668 19.55908000000001 25.00004666666668
vertex 16.81138000000001 20.48492000000001 25.00004666666668
vertex 22.547233333333345 20.48492000000001 25.00004666666668
endloop
endfacet
facet normal 0 0 -1
outer loop
vertex -22.81040666666668 17.608946666666675 25.00004666666668
vertex -18.73832000000001 18.73832000000001 25.00004666666668
vertex -20.48492000000001 16.81138000000001 25.00004666666668
endloop
endfacet
facet normal 0 0 -1
outer loop
vertex -22.81040666666668 17.608946666666675 25.00004666666668
vertex -20.48492000000001 16.81138000000001 25.00004666666668
vertex -25.439773333333346 16.81138000000001 25.00004666666668
endloop
endfacet
facet normal 0 0 -1
outer loop
vertex -22.81040666666668 17.608946666666675 25.00004666666668
vertex -25.439773333333346 16.81138000000001 25.00004666666668
vertex -25.359780000000015 16.94486000000001 25.00004666666668
endloop
endfacet
facet normal 0 0 -1
outer loop
vertex -22.81040666666668 17.608946666666675 25.00004666666668
vertex -25.359780000000015 16.94486000000001 25.00004666666668
vertex -24.029713333333344 18.73832000000001 25.00004666666668
endloop
endfacet
facet normal 0 0 -1
outer loop
vertex -22.81040666666668 17.608946666666675 25.00004666666668
vertex -24.029713333333344 18.73832000000001 25.00004666666668
vertex -18.73832000000001 18.73832000000001 25.00004666666668
endloop
endfacet
facet normal 0 0 -1
outer loop
vertex 22.81040666666668 17.608946666666675 25.00004666666668
vertex 24.029713333333344 18.73832000000001 25.00004666666668
vertex 25.359780000000015 16.94486000000001 25.00004666666668
endloop
endfacet
facet normal 0 0 -1
outer loop
vertex 22.81040666666668 17.608946666666675 25.00004666666668
vertex 25.359780000000015 16.94486000000001 25.00004666666668
vertex 25.439773333333346 16.81138000000001 25.00004666666668
endloop
endfacet
facet normal 0 0 -1
outer loop
vertex 22.81040666666668 17.608946666666675 25.00004666666668
vertex 25.439773333333346 16.81138000000001 25.00004666666668
vertex 20.48492000000001 16.81138000000001 25.00004666666668
endloop
endfacet
facet normal 0 0 -1
outer loop
vertex 22.81040666666668 17.608946666666675 25.00004666666668
vertex 20.48492000000001 16.81138000000001 25.00004666666668
vertex 18.73832000000001 18.73832000000001 25.00004666666668
endloop
endfacet
facet normal 0 0 -1
outer loop
vertex 22.81040666666668 17.608946666666675 25.00004666666668
vertex 18.73832000000001 18.73832000000001 25.00004666666668
vertex 24.029713333333344 18.73832000000001 25.00004666666668
endloop
endfacet
facet normal 0 0 -1
outer loop
vertex -20.48492000000001 16.81138000000001 25.00004666666668
vertex -22.03414000000001 14.722560000000009 25.00004666666668
vertex -26.691740000000014 14.722560000000009 25.00004666666668
endloop
endfacet
facet normal 0 0 -1
outer loop
vertex -20.48492000000001 16.81138000000001 25.00004666666668
vertex -26.691740000000014 14.722560000000009 25.00004666666668
vertex -25.439773333333346 16.81138000000001 25.00004666666668
endloop
endfacet
facet normal 0 0 -1
outer loop
vertex 25.439773333333346 16.81138000000001 25.00004666666668
vertex 26.691740000000014 14.722560000000009 25.00004666666668
vertex 22.03414000000001 14.722560000000009 25.00004666666668
endloop
endfacet
facet normal 0 0 -1
outer loop
vertex 25.439773333333346 16.81138000000001 25.00004666666668
vertex 22.03414000000001 14.722560000000009 25.00004666666668
vertex 20.48492000000001 16.81138000000001 25.00004666666668
endloop
endfacet
facet normal 0 0 -0.9999999999999999
outer loop
vertex -25.356940000000012 13.761220000000007 25.00004666666668
vertex -22.03414000000001 14.722560000000009 25.00004666666668
vertex -23.370833333333344 12.49221333333334 25.00004666666668
endloop
endfacet
facet normal 0 0 -1
outer loop
vertex -25.356940000000012 13.761220000000007 25.00004666666668
vertex -23.370833333333344 12.49221333333334 25.00004666666668
vertex -27.790346666666682 12.49221333333334 25.00004666666668
endloop
endfacet
facet normal 0 0 -1
outer loop
vertex -25.356940000000012 13.761220000000007 25.00004666666668
vertex -27.790346666666682 12.49221333333334 25.00004666666668
vertex -26.89858666666668 14.377500000000008 25.00004666666668
endloop
endfacet
facet normal 0 0 -1
outer loop
vertex -25.356940000000012 13.761220000000007 25.00004666666668
vertex -26.89858666666668 14.377500000000008 25.00004666666668
vertex -26.691740000000014 14.722560000000009 25.00004666666668
endloop
endfacet
facet normal 0 0 -1
outer loop
vertex -25.356940000000012 13.761220000000007 25.00004666666668
vertex -26.691740000000014 14.722560000000009 25.00004666666668
vertex -22.03414000000001 14.722560000000009 25.00004666666668
endloop
endfacet
facet normal 0 0 -1
outer loop
vertex 25.356940000000012 13.761220000000007 25.00004666666668
vertex 26.691740000000014 14.722560000000009 25.00004666666668
vertex 26.89858666666668 14.377500000000008 25.00004666666668
endloop
endfacet
facet normal 0 0 -1
outer loop
vertex 25.356940000000012 13.761220000000007 25.00004666666668
vertex 26.89858666666668 14.377500000000008 25.00004666666668
vertex 27.790346666666682 12.49221333333334 25.00004666666668
endloop
endfacet
facet normal 0 0 -1
outer loop
vertex 25.356940000000012 13.761220000000007 25.00004666666668
vertex 27.790346666666682 12.49221333333334 25.00004666666668
vertex 23.370833333333344 12.49221333333334 25.00004666666668
endloop
endfacet
facet normal 0 0 -0.9999999999999999
outer loop
vertex 25.356940000000012 13.761220000000007 25.00004666666668
vertex 23.370833333333344 12.49221333333334 25.00004666666668
vertex 22.03414000000001 14.722560000000009 25.00004666666668
endloop
endfacet
facet normal 0 0 -1
outer loop
vertex 25.356940000000012 13.761220000000007 25.00004666666668
vertex 22.03414000000001 14.722560000000009 25.00004666666668
vertex 26.691740000000014 14.722560000000009 25.00004666666668
endloop
endfacet
facet normal 0 0 -1
outer loop
vertex -26.50950666666668 11.387926666666672 25.00004666666668
vertex -23.370833333333344 12.49221333333334 25.00004666666668
vertex -24.482693333333348 10.141166666666672 25.00004666666668
endloop
endfacet
facet normal 0 0 -1
outer loop
vertex -26.50950666666668 11.387926666666672 25.00004666666668
vertex -24.482693333333348 10.141166666666672 25.00004666666668
vertex -28.726126666666683 10.141166666666672 25.00004666666668
endloop
endfacet
facet normal 0 0 -1
outer loop
vertex -26.50950666666668 11.387926666666672 25.00004666666668
vertex -28.726126666666683 10.141166666666672 25.00004666666668
vertex -28.178480000000015 11.671926666666673 25.00004666666668
endloop
endfacet
facet normal 0 0 -1
outer loop
vertex -26.50950666666668 11.387926666666672 25.00004666666668
vertex -28.178480000000015 11.671926666666673 25.00004666666668
vertex -27.790346666666682 12.49221333333334 25.00004666666668
endloop
endfacet
facet normal 0 0 -1
outer loop
vertex -26.50950666666668 11.387926666666672 25.00004666666668
vertex -27.790346666666682 12.49221333333334 25.00004666666668
vertex -23.370833333333344 12.49221333333334 25.00004666666668
endloop
endfacet
facet normal 0 0 -1
outer loop
vertex 26.50950666666668 11.387926666666672 25.00004666666668
vertex 27.790346666666682 12.49221333333334 25.00004666666668
vertex 28.178480000000015 11.671926666666673 25.00004666666668
endloop
endfacet
facet normal 0 0 -1
outer loop
vertex 26.50950666666668 11.387926666666672 25.00004666666668
vertex 28.178480000000015 11.671926666666673 25.00004666666668
vertex 28.726126666666683 10.141166666666672 25.00004666666668
endloop
endfacet
facet normal 0 0 -1
outer loop
vertex 26.50950666666668 11.387926666666672 25.00004666666668
vertex 28.726126666666683 10.141166666666672 25.00004666666668
vertex 24.482693333333348 10.141166666666672 25.00004666666668
endloop
endfacet
facet normal 0 0 -1
outer loop
vertex 26.50950666666668 11.387926666666672 25.00004666666668
vertex 24.482693333333348 10.141166666666672 25.00004666666668
vertex 23.370833333333344 12.49221333333334 25.00004666666668
endloop
endfacet
facet normal 0 0 -1
outer loop
vertex 26.50950666666668 11.387926666666672 25.00004666666668
vertex 23.370833333333344 12.49221333333334 25.00004666666668
vertex 27.790346666666682 12.49221333333334 25.00004666666668
endloop
endfacet
facet normal 0 0 -1
outer loop
vertex -27.446233333333346 8.90434666666667 25.00004666666668
vertex -24.482693333333348 10.141166666666672 25.00004666666668
vertex -25.358833333333347 7.6926133333333375 25.00004666666668
endloop
endfacet
facet normal 0 0 -1
outer loop
vertex -27.446233333333346 8.90434666666667 25.00004666666668
vertex -25.358833333333347 7.6926133333333375 25.00004666666668
vertex -29.47730666666668 7.6926133333333375 25.00004666666668
endloop
endfacet
facet normal 0 0 -1
outer loop
vertex -27.446233333333346 8.90434666666667 25.00004666666668
vertex -29.47730666666668 7.6926133333333375 25.00004666666668
vertex -29.186680000000017 8.853700000000005 25.00004666666668
endloop
endfacet
facet normal 0 0 -1
outer loop
vertex -27.446233333333346 8.90434666666667 25.00004666666668
vertex -29.186680000000017 8.853700000000005 25.00004666666668
vertex -28.726126666666683 10.141166666666672 25.00004666666668
endloop
endfacet
facet normal 0 0 -1
outer loop
vertex -27.446233333333346 8.90434666666667 25.00004666666668
vertex -28.726126666666683 10.141166666666672 25.00004666666668
vertex -24.482693333333348 10.141166666666672 25.00004666666668
endloop
endfacet
facet normal 0 0 -1
outer loop
vertex 27.446233333333346 8.90434666666667 25.00004666666668
vertex 28.726126666666683 10.141166666666672 25.00004666666668
vertex 29.186680000000017 8.853700000000005 25.00004666666668
endloop
endfacet
facet normal 0 0 -1
outer loop
vertex 27.446233333333346 8.90434666666667 25.00004666666668
vertex 29.186680000000017 8.853700000000005 25.00004666666668
vertex 29.47730666666668 7.6926133333333375 25.00004666666668
endloop
endfacet
facet normal 0 0 -1
outer loop
vertex 27.446233333333346 8.90434666666667 25.00004666666668
vertex 29.47730666666668 7.6926133333333375 25.00004666666668
vertex 25.358833333333347 7.6926133333333375 25.00004666666668
endloop
endfacet
facet normal 0 0 -1
outer loop
vertex 27.446233333333346 8.90434666666667 25.00004666666668
vertex 25.358833333333347 7.6926133333333375 25.00004666666668
vertex 24.482693333333348 10.141166666666672 25.00004666666668
endloop
endfacet
facet normal 0 0 -1
outer loop
vertex 27.446233333333346 8.90434666666667 25.00004666666668
vertex 24.482693333333348 10.141166666666672 25.00004666666668
vertex 28.726126666666683 10.141166666666672 25.00004666666668
endloop
endfacet
facet normal 0 0 -1
outer loop
vertex -28.15386666666668 6.335093333333337 25.00004666666668
vertex -25.358833333333347 7.6926133333333375 25.00004666666668
vertex -25.990733333333345 5.169746666666669 25.00004666666668
endloop
endfacet
facet normal 0 0 -1
outer loop
vertex -28.15386666666668 6.335093333333337 25.00004666666668
vertex -25.990733333333345 5.169746666666669 25.00004666666668
vertex -30.02968666666668 5.169746666666669 25.00004666666668
endloop
endfacet
facet normal 0 0 -1
outer loop
vertex -28.15386666666668 6.335093333333337 25.00004666666668
vertex -30.02968666666668 5.169746666666669 25.00004666666668
vertex -29.913720000000016 5.950273333333336 25.00004666666668
endloop
endfacet
facet normal 0 0 -1
outer loop
vertex -28.15386666666668 6.335093333333337 25.00004666666668
vertex -29.913720000000016 5.950273333333336 25.00004666666668
vertex -29.47730666666668 7.6926133333333375 25.00004666666668
endloop
endfacet
facet normal 0 0 -1
outer loop
vertex -28.15386666666668 6.335093333333337 25.00004666666668
vertex -29.47730666666668 7.6926133333333375 25.00004666666668
vertex -25.358833333333347 7.6926133333333375 25.00004666666668
endloop
endfacet
facet normal 0 0 -1
outer loop
vertex 28.15386666666668 6.335093333333337 25.00004666666668
vertex 29.47730666666668 7.6926133333333375 25.00004666666668
vertex 29.913720000000016 5.950273333333336 25.00004666666668
endloop
endfacet
facet normal 0 0 -1
outer loop
vertex 28.15386666666668 6.335093333333337 25.00004666666668
vertex 29.913720000000016 5.950273333333336 25.00004666666668
vertex 30.02968666666668 5.169746666666669 25.00004666666668
endloop
endfacet
facet normal 0 0 -1
outer loop
vertex 28.15386666666668 6.335093333333337 25.00004666666668
vertex 30.02968666666668 5.169746666666669 25.00004666666668
vertex 25.990733333333345 5.169746666666669 25.00004666666668
endloop
endfacet
facet normal 0 0 -1
outer loop
vertex 28.15386666666668 6.335093333333337 25.00004666666668
vertex 25.990733333333345 5.169746666666669 25.00004666666668
vertex 25.358833333333347 7.6926133333333375 25.00004666666668
endloop
endfacet
facet normal 0 0 -1
outer loop
vertex 28.15386666666668 6.335093333333337 25.00004666666668
vertex 25.358833333333347 7.6926133333333375 25.00004666666668
vertex 29.47730666666668 7.6926133333333375 25.00004666666668
endloop
endfacet
facet normal 0 0 -1
outer loop
vertex -28.62341333333335 3.7047800000000017 25.00004666666668
vertex -25.990733333333345 5.169746666666669 25.00004666666668
vertex -26.372240000000012 2.5976533333333345 25.00004666666668
endloop
endfacet
facet normal 0 0 -1
outer loop
vertex -28.62341333333335 3.7047800000000017 25.00004666666668
vertex -26.372240000000012 2.5976533333333345 25.00004666666668
vertex -30.372380000000017 2.5976533333333345 25.00004666666668
endloop
endfacet
facet normal 0 0 -1
outer loop
vertex -28.62341333333335 3.7047800000000017 25.00004666666668
vertex -30.372380000000017 2.5976533333333345 25.00004666666668
vertex -30.35297333333335 2.9895733333333347 25.00004666666668
endloop
endfacet
facet normal 0 0 -0.9999999999999999
outer loop
vertex -28.62341333333335 3.7047800000000017 25.00004666666668
vertex -30.35297333333335 2.9895733333333347 25.00004666666668
vertex -30.02968666666668 5.169746666666669 25.00004666666668
endloop
endfacet
facet normal 0 0 -1
outer loop
vertex -28.62341333333335 3.7047800000000017 25.00004666666668
vertex -30.02968666666668 5.169746666666669 25.00004666666668
vertex -25.990733333333345 5.169746666666669 25.00004666666668
endloop
endfacet
facet normal 0 0 -0.9999999999999999
outer loop
vertex 28.62341333333335 3.7047800000000017 25.00004666666668
vertex 30.02968666666668 5.169746666666669 25.00004666666668
vertex 30.35297333333335 2.9895733333333347 25.00004666666668
endloop
endfacet
facet normal 0 0 -1
outer loop
vertex 28.62341333333335 3.7047800000000017 25.00004666666668
vertex 30.35297333333335 2.9895733333333347 25.00004666666668
vertex 30.372380000000017 2.5976533333333345 25.00004666666668
endloop
endfacet
facet normal 0 0 -1
outer loop
vertex 28.62341333333335 3.7047800000000017 25.00004666666668
vertex 30.372380000000017 2.5976533333333345 25.00004666666668
vertex 26.372240000000012 2.5976533333333345 25.00004666666668
endloop
endfacet
facet normal 0 0 -1
outer loop
vertex 28.62341333333335 3.7047800000000017 25.00004666666668
vertex 26.372240000000012 2.5976533333333345 25.00004666666668
vertex 25.990733333333345 5.169746666666669 25.00004666666668
endloop
endfacet
facet normal 0 0 -1
outer loop
vertex 28.62341333333335 3.7047800000000017 25.00004666666668
vertex 25.990733333333345 5.169746666666669 25.00004666666668
vertex 30.02968666666668 5.169746666666669 25.00004666666668
endloop
endfacet
facet normal 0 0 -0.9999999999999999
outer loop
vertex -26.372240000000012 2.5976533333333345 25.00004666666668
vertex -26.500040000000013 0 25.00004666666668
vertex -30.500180000000015 0 25.00004666666668
endloop
endfacet
facet normal 0 0 -1
outer loop
vertex -26.372240000000012 2.5976533333333345 25.00004666666668
vertex -30.500180000000015 0 25.00004666666668
vertex -30.372380000000017 2.5976533333333345 25.00004666666668
endloop
endfacet
facet normal 0 0 -0.9999999999999999
outer loop
vertex 30.372380000000017 2.5976533333333345 25.00004666666668
vertex 30.500180000000015 0 25.00004666666668
vertex 26.500040000000013 0 25.00004666666668
endloop
endfacet
facet normal 0 0 -1
outer loop
vertex 30.372380000000017 2.5976533333333345 25.00004666666668
vertex 26.500040000000013 0 25.00004666666668
vertex 26.372240000000012 2.5976533333333345 25.00004666666668
endloop
endfacet
facet normal 0 0 -1
outer loop
vertex -26.500040000000013 0 25.00004666666668
vertex -26.372240000000012 -2.5976533333333345 25.00004666666668
vertex -30.372380000000017 -2.5976533333333345 25.00004666666668
endloop
endfacet
facet normal 0 0 -0.9999999999999999
outer loop
vertex -26.500040000000013 0 25.00004666666668
vertex -30.372380000000017 -2.5976533333333345 25.00004666666668
vertex -30.500180000000015 0 25.00004666666668
endloop
endfacet
facet normal 0 0 -1
outer loop
vertex 30.500180000000015 0 25.00004666666668
vertex 30.372380000000017 -2.5976533333333345 25.00004666666668
vertex 26.372240000000012 -2.5976533333333345 25.00004666666668
endloop
endfacet
facet normal 0 0 -0.9999999999999999
outer loop
vertex 30.500180000000015 0 25.00004666666668
vertex 26.372240000000012 -2.5976533333333345 25.00004666666668
vertex 26.500040000000013 0 25.00004666666668
endloop
endfacet
facet normal 0 0 -1
outer loop
vertex -28.62341333333335 -3.7047800000000017 25.00004666666668
vertex -26.372240000000012 -2.5976533333333345 25.00004666666668
vertex -25.990733333333345 -5.169746666666669 25.00004666666668
endloop
endfacet
facet normal 0 0 -1
outer loop
vertex -28.62341333333335 -3.7047800000000017 25.00004666666668
vertex -25.990733333333345 -5.169746666666669 25.00004666666668
vertex -30.02968666666668 -5.169746666666669 25.00004666666668
endloop
endfacet
facet normal 0 0 -0.9999999999999999
outer loop
vertex -28.62341333333335 -3.7047800000000017 25.00004666666668
vertex -30.02968666666668 -5.169746666666669 25.00004666666668
vertex -30.35297333333335 -2.9895733333333347 25.00004666666668
endloop
endfacet
facet normal 0 0 -1
outer loop
vertex -28.62341333333335 -3.7047800000000017 25.00004666666668
vertex -30.35297333333335 -2.9895733333333347 25.00004666666668
vertex -30.372380000000017 -2.5976533333333345 25.00004666666668
endloop
endfacet
facet normal 0 0 -1
outer loop
vertex -28.62341333333335 -3.7047800000000017 25.00004666666668
vertex -30.372380000000017 -2.5976533333333345 25.00004666666668
vertex -26.372240000000012 -2.5976533333333345 25.00004666666668
endloop
endfacet
facet normal 0 0 -1
outer loop
vertex 28.62341333333335 -3.7047800000000017 25.00004666666668
vertex 30.372380000000017 -2.5976533333333345 25.00004666666668
vertex 30.35297333333335 -2.9895733333333347 25.00004666666668
endloop
endfacet
facet normal 0 0 -0.9999999999999999
outer loop
vertex 28.62341333333335 -3.7047800000000017 25.00004666666668
vertex 30.35297333333335 -2.9895733333333347 25.00004666666668
vertex 30.02968666666668 -5.169746666666669 25.00004666666668
endloop
endfacet
facet normal 0 0 -1
outer loop
vertex 28.62341333333335 -3.7047800000000017 25.00004666666668
vertex 30.02968666666668 -5.169746666666669 25.00004666666668
vertex 25.990733333333345 -5.169746666666669 25.00004666666668
endloop
endfacet
facet normal 0 0 -1
outer loop
vertex 28.62341333333335 -3.7047800000000017 25.00004666666668
vertex 25.990733333333345 -5.169746666666669 25.00004666666668
vertex 26.372240000000012 -2.5976533333333345 25.00004666666668
endloop
endfacet
facet normal 0 0 -1
outer loop
vertex 28.62341333333335 -3.7047800000000017 25.00004666666668
vertex 26.372240000000012 -2.5976533333333345 25.00004666666668
vertex 30.372380000000017 -2.5976533333333345 25.00004666666668
endloop
endfacet
facet normal 0 0 -1
outer loop
vertex -28.15386666666668 -6.335093333333337 25.00004666666668
vertex -25.990733333333345 -5.169746666666669 25.00004666666668
vertex -25.358833333333347 -7.6926133333333375 25.00004666666668
endloop
endfacet
facet normal 0 0 -1
outer loop
vertex -28.15386666666668 -6.335093333333337 25.00004666666668
vertex -25.358833333333347 -7.6926133333333375 25.00004666666668
vertex -29.47730666666668 -7.6926133333333375 25.00004666666668
endloop
endfacet
facet normal 0 0 -1
outer loop
vertex -28.15386666666668 -6.335093333333337 25.00004666666668
vertex -29.47730666666668 -7.6926133333333375 25.00004666666668
vertex -29.913720000000016 -5.950273333333336 25.00004666666668
endloop
endfacet
facet normal 0 0 -1
outer loop
vertex -28.15386666666668 -6.335093333333337 25.00004666666668
vertex -29.913720000000016 -5.950273333333336 25.00004666666668
vertex -30.02968666666668 -5.169746666666669 25.00004666666668
endloop
endfacet
facet normal 0 0 -1
outer loop
vertex -28.15386666666668 -6.335093333333337 25.00004666666668
vertex -30.02968666666668 -5.169746666666669 25.00004666666668
vertex -25.990733333333345 -5.169746666666669 25.00004666666668
endloop
endfacet
facet normal 0 0 -1
outer loop
vertex 28.15386666666668 -6.335093333333337 25.00004666666668
vertex 30.02968666666668 -5.169746666666669 25.00004666666668
vertex 29.913720000000016 -5.950273333333336 25.00004666666668
endloop
endfacet
facet normal 0 0 -1
outer loop
vertex 28.15386666666668 -6.335093333333337 25.00004666666668
vertex 29.913720000000016 -5.950273333333336 25.00004666666668
vertex 29.47730666666668 -7.6926133333333375 25.00004666666668
endloop
endfacet
facet normal 0 0 -1
outer loop
vertex 28.15386666666668 -6.335093333333337 25.00004666666668
vertex 29.47730666666668 -7.6926133333333375 25.00004666666668
vertex 25.358833333333347 -7.6926133333333375 25.00004666666668
endloop
endfacet
facet normal 0 0 -1
outer loop
vertex 28.15386666666668 -6.335093333333337 25.00004666666668
vertex 25.358833333333347 -7.6926133333333375 25.00004666666668
vertex 25.990733333333345 -5.169746666666669 25.00004666666668
endloop
endfacet
facet normal 0 0 -1
outer loop
vertex 28.15386666666668 -6.335093333333337 25.00004666666668
vertex 25.990733333333345 -5.169746666666669 25.00004666666668
vertex 30.02968666666668 -5.169746666666669 25.00004666666668
endloop
endfacet
facet normal 0 0 -1
outer loop
vertex -27.446233333333346 -8.90434666666667 25.00004666666668
vertex -25.358833333333347 -7.6926133333333375 25.00004666666668
vertex -24.482693333333348 -10.141166666666672 25.00004666666668
endloop
endfacet
facet normal 0 0 -1
outer loop
vertex -27.446233333333346 -8.90434666666667 25.00004666666668
vertex -24.482693333333348 -10.141166666666672 25.00004666666668
vertex -28.726126666666683 -10.141166666666672 25.00004666666668
endloop
endfacet
facet normal 0 0 -1
outer loop
vertex -27.446233333333346 -8.90434666666667 25.00004666666668
vertex -28.726126666666683 -10.141166666666672 25.00004666666668
vertex -29.186680000000017 -8.853700000000005 25.00004666666668
endloop
endfacet
facet normal 0 0 -1
outer loop
vertex -27.446233333333346 -8.90434666666667 25.00004666666668
vertex -29.186680000000017 -8.853700000000005 25.00004666666668
vertex -29.47730666666668 -7.6926133333333375 25.00004666666668
endloop
endfacet
facet normal 0 0 -1
outer loop
vertex -27.446233333333346 -8.90434666666667 25.00004666666668
vertex -29.47730666666668 -7.6926133333333375 25.00004666666668
vertex -25.358833333333347 -7.6926133333333375 25.00004666666668
endloop
endfacet
facet normal 0 0 -1
outer loop
vertex 27.446233333333346 -8.90434666666667 25.00004666666668
vertex 29.47730666666668 -7.6926133333333375 25.00004666666668
vertex 29.186680000000017 -8.853700000000005 25.00004666666668
endloop
endfacet
facet normal 0 0 -1
outer loop
vertex 27.446233333333346 -8.90434666666667 25.00004666666668
vertex 29.186680000000017 -8.853700000000005 25.00004666666668
vertex 28.726126666666683 -10.141166666666672 25.00004666666668
endloop
endfacet
facet normal 0 0 -1
outer loop
vertex 27.446233333333346 -8.90434666666667 25.00004666666668
vertex 28.726126666666683 -10.141166666666672 25.00004666666668
vertex 24.482693333333348 -10.141166666666672 25.00004666666668
endloop
endfacet
facet normal 0 0 -1
outer loop
vertex 27.446233333333346 -8.90434666666667 25.00004666666668
vertex 24.482693333333348 -10.141166666666672 25.00004666666668
vertex 25.358833333333347 -7.6926133333333375 25.00004666666668
endloop
endfacet
facet normal 0 0 -1
outer loop
vertex 27.446233333333346 -8.90434666666667 25.00004666666668
vertex 25.358833333333347 -7.6926133333333375 25.00004666666668
vertex 29.47730666666668 -7.6926133333333375 25.00004666666668
endloop
endfacet
facet normal 0 0 -1
outer loop
vertex -26.50950666666668 -11.387926666666672 25.00004666666668
vertex -24.482693333333348 -10.141166666666672 25.00004666666668
vertex -23.370833333333344 -12.49221333333334 25.00004666666668
endloop
endfacet
facet normal 0 0 -1
outer loop
vertex -26.50950666666668 -11.387926666666672 25.00004666666668
vertex -23.370833333333344 -12.49221333333334 25.00004666666668
vertex -27.790346666666682 -12.49221333333334 25.00004666666668
endloop
endfacet
facet normal 0 0 -1
outer loop
vertex -26.50950666666668 -11.387926666666672 25.00004666666668
vertex -27.790346666666682 -12.49221333333334 25.00004666666668
vertex -28.178480000000015 -11.671926666666673 25.00004666666668
endloop
endfacet
facet normal 0 0 -1
outer loop
vertex -26.50950666666668 -11.387926666666672 25.00004666666668
vertex -28.178480000000015 -11.671926666666673 25.00004666666668
vertex -28.726126666666683 -10.141166666666672 25.00004666666668
endloop
endfacet
facet normal 0 0 -1
outer loop
vertex -26.50950666666668 -11.387926666666672 25.00004666666668
vertex -28.726126666666683 -10.141166666666672 25.00004666666668
vertex -24.482693333333348 -10.141166666666672 25.00004666666668
endloop
endfacet
facet normal 0 0 -1
outer loop
vertex 26.50950666666668 -11.387926666666672 25.00004666666668
vertex 28.726126666666683 -10.141166666666672 25.00004666666668
vertex 28.178480000000015 -11.671926666666673 25.00004666666668
endloop
endfacet
facet normal 0 0 -1
outer loop
vertex 26.50950666666668 -11.387926666666672 25.00004666666668
vertex 28.178480000000015 -11.671926666666673 25.00004666666668
vertex 27.790346666666682 -12.49221333333334 25.00004666666668
endloop
endfacet
facet normal 0 0 -1
outer loop
vertex 26.50950666666668 -11.387926666666672 25.00004666666668
vertex 27.790346666666682 -12.49221333333334 25.00004666666668
vertex 23.370833333333344 -12.49221333333334 25.00004666666668
endloop
endfacet
facet normal 0 0 -1
outer loop
vertex 26.50950666666668 -11.387926666666672 25.00004666666668
vertex 23.370833333333344 -12.49221333333334 25.00004666666668
vertex 24.482693333333348 -10.141166666666672 25.00004666666668
endloop
endfacet
facet normal 0 0 -1
outer loop
vertex 26.50950666666668 -11.387926666666672 25.00004666666668
vertex 24.482693333333348 -10.141166666666672 25.00004666666668
vertex 28.726126666666683 -10.141166666666672 25.00004666666668
endloop
endfacet
facet normal 0 0 -0.9999999999999999
outer loop
vertex -25.356940000000012 -13.761220000000007 25.00004666666668
vertex -23.370833333333344 -12.49221333333334 25.00004666666668
vertex -22.03414000000001 -14.722560000000009 25.00004666666668
endloop
endfacet
facet normal 0 0 -1
outer loop
vertex -25.356940000000012 -13.761220000000007 25.00004666666668
vertex -22.03414000000001 -14.722560000000009 25.00004666666668
vertex -26.691740000000014 -14.722560000000009 25.00004666666668
endloop
endfacet
facet normal 0 0 -1
outer loop
vertex -25.356940000000012 -13.761220000000007 25.00004666666668
vertex -26.691740000000014 -14.722560000000009 25.00004666666668
vertex -26.89858666666668 -14.377500000000008 25.00004666666668
endloop
endfacet
facet normal 0 0 -1
outer loop
vertex -25.356940000000012 -13.761220000000007 25.00004666666668
vertex -26.89858666666668 -14.377500000000008 25.00004666666668
vertex -27.790346666666682 -12.49221333333334 25.00004666666668
endloop
endfacet
facet normal 0 0 -1
outer loop
vertex -25.356940000000012 -13.761220000000007 25.00004666666668
vertex -27.790346666666682 -12.49221333333334 25.00004666666668
vertex -23.370833333333344 -12.49221333333334 25.00004666666668
endloop
endfacet
facet normal 0 0 -1
outer loop
vertex 25.356940000000012 -13.761220000000007 25.00004666666668
vertex 27.790346666666682 -12.49221333333334 25.00004666666668
vertex 26.89858666666668 -14.377500000000008 25.00004666666668
endloop
endfacet
facet normal 0 0 -1
outer loop
vertex 25.356940000000012 -13.761220000000007 25.00004666666668
vertex 26.89858666666668 -14.377500000000008 25.00004666666668
vertex 26.691740000000014 -14.722560000000009 25.00004666666668
endloop
endfacet
facet normal 0 0 -1
outer loop
vertex 25.356940000000012 -13.761220000000007 25.00004666666668
vertex 26.691740000000014 -14.722560000000009 25.00004666666668
vertex 22.03414000000001 -14.722560000000009 25.00004666666668
endloop
endfacet
facet normal 0 0 -0.9999999999999999
outer loop
vertex 25.356940000000012 -13.761220000000007 25.00004666666668
vertex 22.03414000000001 -14.722560000000009 25.00004666666668
vertex 23.370833333333344 -12.49221333333334 25.00004666666668
endloop
endfacet
facet normal 0 0 -1
outer loop
vertex 25.356940000000012 -13.761220000000007 25.00004666666668
vertex 23.370833333333344 -12.49221333333334 25.00004666666668
vertex 27.790346666666682 -12.49221333333334 25.00004666666668
endloop
endfacet
facet normal 0 0 -1
outer loop
vertex -22.03414000000001 -14.722560000000009 25.00004666666668
vertex -20.48492000000001 -16.81138000000001 25.00004666666668
vertex -25.439773333333346 -16.81138000000001 25.00004666666668
endloop
endfacet
facet normal 0 0 -1
outer loop
vertex -22.03414000000001 -14.722560000000009 25.00004666666668
vertex -25.439773333333346 -16.81138000000001 25.00004666666668
vertex -26.691740000000014 -14.722560000000009 25.00004666666668
endloop
endfacet
facet normal 0 0 -1
outer loop
vertex 26.691740000000014 -14.722560000000009 25.00004666666668
vertex 25.439773333333346 -16.81138000000001 25.00004666666668
vertex 20.48492000000001 -16.81138000000001 25.00004666666668
endloop
endfacet
facet normal 0 0 -1
outer loop
vertex 26.691740000000014 -14.722560000000009 25.00004666666668
vertex 20.48492000000001 -16.81138000000001 25.00004666666668
vertex 22.03414000000001 -14.722560000000009 25.00004666666668
endloop
endfacet
facet normal 0 0 -1
outer loop
vertex -22.81040666666668 -17.608946666666675 25.00004666666668
vertex -20.48492000000001 -16.81138000000001 25.00004666666668
vertex -18.73832000000001 -18.73832000000001 25.00004666666668
endloop
endfacet
facet normal 0 0 -1
outer loop
vertex -22.81040666666668 -17.608946666666675 25.00004666666668
vertex -18.73832000000001 -18.73832000000001 25.00004666666668
vertex -24.029713333333344 -18.73832000000001 25.00004666666668
endloop
endfacet
facet normal 0 0 -1
outer loop
vertex -22.81040666666668 -17.608946666666675 25.00004666666668
vertex -24.029713333333344 -18.73832000000001 25.00004666666668
vertex -25.359780000000015 -16.94486000000001 25.00004666666668
endloop
endfacet
facet normal 0 0 -1
outer loop
vertex -22.81040666666668 -17.608946666666675 25.00004666666668
vertex -25.359780000000015 -16.94486000000001 25.00004666666668
vertex -25.439773333333346 -16.81138000000001 25.00004666666668
endloop
endfacet
facet normal 0 0 -1
outer loop
vertex -22.81040666666668 -17.608946666666675 25.00004666666668
vertex -25.439773333333346 -16.81138000000001 25.00004666666668
vertex -20.48492000000001 -16.81138000000001 25.00004666666668
endloop
endfacet
facet normal 0 0 -1
outer loop
vertex 22.81040666666668 -17.608946666666675 25.00004666666668
vertex 25.439773333333346 -16.81138000000001 25.00004666666668
vertex 25.359780000000015 -16.94486000000001 25.00004666666668
endloop
endfacet
facet normal 0 0 -1
outer loop
vertex 22.81040666666668 -17.608946666666675 25.00004666666668
vertex 25.359780000000015 -16.94486000000001 25.00004666666668
vertex 24.029713333333344 -18.73832000000001 25.00004666666668
endloop
endfacet
facet normal 0 0 -1
outer loop
vertex 22.81040666666668 -17.608946666666675 25.00004666666668
vertex 24.029713333333344 -18.73832000000001 25.00004666666668
vertex 18.73832000000001 -18.73832000000001 25.00004666666668
endloop
endfacet
facet normal 0 0 -1
outer loop
vertex 22.81040666666668 -17.608946666666675 25.00004666666668
vertex 18.73832000000001 -18.73832000000001 25.00004666666668
vertex 20.48492000000001 -16.81138000000001 25.00004666666668
endloop
endfacet
facet normal 0 0 -1
outer loop
vertex 22.81040666666668 -17.608946666666675 25.00004666666668
vertex 20.48492000000001 -16.81138000000001 25.00004666666668
vertex 25.439773333333346 -16.81138000000001 25.00004666666668
endloop
endfacet
facet normal 0 0 -1
outer loop
vertex -21.14048666666668 -19.55908000000001 25.00004666666668
vertex -18.73832000000001 -18.73832000000001 25.00004666666668
vertex -16.81138000000001 -20.48492000000001 25.00004666666668
endloop
endfacet
facet normal 0 0 -1
outer loop
vertex -21.14048666666668 -19.55908000000001 25.00004666666668
vertex -16.81138000000001 -20.48492000000001 25.00004666666668
vertex -22.547233333333345 -20.48492000000001 25.00004666666668
endloop
endfacet
facet normal 0 0 -1
outer loop
vertex -21.14048666666668 -19.55908000000001 25.00004666666668
vertex -22.547233333333345 -20.48492000000001 25.00004666666668
vertex -23.576733333333344 -19.34892000000001 25.00004666666668
endloop
endfacet
facet normal 0 0 -1
outer loop
vertex -21.14048666666668 -19.55908000000001 25.00004666666668
vertex -23.576733333333344 -19.34892000000001 25.00004666666668
vertex -24.029713333333344 -18.73832000000001 25.00004666666668
endloop
endfacet
facet normal 0 0 -1
outer loop
vertex -21.14048666666668 -19.55908000000001 25.00004666666668
vertex -24.029713333333344 -18.73832000000001 25.00004666666668
vertex -18.73832000000001 -18.73832000000001 25.00004666666668
endloop
endfacet
facet normal 0 0 -1
outer loop
vertex 21.14048666666668 -19.55908000000001 25.00004666666668
vertex 24.029713333333344 -18.73832000000001 25.00004666666668
vertex 23.576733333333344 -19.34892000000001 25.00004666666668
endloop
endfacet
facet normal 0 0 -1
outer loop
vertex 21.14048666666668 -19.55908000000001 25.00004666666668
vertex 23.576733333333344 -19.34892000000001 25.00004666666668
vertex 22.547233333333345 -20.48492000000001 25.00004666666668
endloop
endfacet
facet normal 0 0 -1
outer loop
vertex 21.14048666666668 -19.55908000000001 25.00004666666668
vertex 22.547233333333345 -20.48492000000001 25.00004666666668
vertex 16.81138000000001 -20.48492000000001 25.00004666666668
endloop
endfacet
facet normal 0 0 -1
outer loop
vertex 21.14048666666668 -19.55908000000001 25.00004666666668
vertex 16.81138000000001 -20.48492000000001 25.00004666666668
vertex 18.73832000000001 -18.73832000000001 25.00004666666668
endloop
endfacet
facet normal 0 0 -1
outer loop
vertex 21.14048666666668 -19.55908000000001 25.00004666666668
vertex 18.73832000000001 -18.73832000000001 25.00004666666668
vertex 24.029713333333344 -18.73832000000001 25.00004666666668
endloop
endfacet
facet normal 0 0 -1
outer loop
vertex -19.339926666666678 -21.32082666666668 25.00004666666668
vertex -16.81138000000001 -20.48492000000001 25.00004666666668
vertex -14.722560000000009 -22.03414000000001 25.00004666666668
endloop
endfacet
facet normal 0 0 -1
outer loop
vertex -19.339926666666678 -21.32082666666668 25.00004666666668
vertex -14.722560000000009 -22.03414000000001 25.00004666666668
vertex -21.05150000000001 -22.03414000000001 25.00004666666668
endloop
endfacet
facet normal 0 0 -1
outer loop
vertex -19.339926666666678 -21.32082666666668 25.00004666666668
vertex -21.05150000000001 -22.03414000000001 25.00004666666668
vertex -21.566960000000012 -21.566960000000012 25.00004666666668
endloop
endfacet
facet normal 0 0 -1
outer loop
vertex -19.339926666666678 -21.32082666666668 25.00004666666668
vertex -21.566960000000012 -21.566960000000012 25.00004666666668
vertex -22.547233333333345 -20.48492000000001 25.00004666666668
endloop
endfacet
facet normal 0 0 -1
outer loop
vertex -19.339926666666678 -21.32082666666668 25.00004666666668
vertex -22.547233333333345 -20.48492000000001 25.00004666666668
vertex -16.81138000000001 -20.48492000000001 25.00004666666668
endloop
endfacet
facet normal 0 0 -1
outer loop
vertex 19.339926666666678 -21.32082666666668 25.00004666666668
vertex 22.547233333333345 -20.48492000000001 25.00004666666668
vertex 21.566960000000012 -21.566960000000012 25.00004666666668
endloop
endfacet
facet normal 0 0 -1
outer loop
vertex 19.339926666666678 -21.32082666666668 25.00004666666668
vertex 21.566960000000012 -21.566960000000012 25.00004666666668
vertex 21.05150000000001 -22.03414000000001 25.00004666666668
endloop
endfacet
facet normal 0 0 -1
outer loop
vertex 19.339926666666678 -21.32082666666668 25.00004666666668
vertex 21.05150000000001 -22.03414000000001 25.00004666666668
vertex 14.722560000000009 -22.03414000000001 25.00004666666668
endloop
endfacet
facet normal 0 0 -1
outer loop
vertex 19.339926666666678 -21.32082666666668 25.00004666666668
vertex 14.722560000000009 -22.03414000000001 25.00004666666668
vertex 16.81138000000001 -20.48492000000001 25.00004666666668
endloop
endfacet
facet normal 0 0 -1
outer loop
vertex 19.339926666666678 -21.32082666666668 25.00004666666668
vertex 16.81138000000001 -20.48492000000001 25.00004666666668
vertex 22.547233333333345 -20.48492000000001 25.00004666666668
endloop
endfacet
facet normal 0 0 -1
outer loop
vertex -14.722560000000009 -22.03414000000001 25.00004666666668
vertex -12.49221333333334 -23.370833333333344 25.00004666666668
vertex -19.57612000000001 -23.370833333333344 25.00004666666668
endloop
endfacet
facet normal 0 0 -1
outer loop
vertex -14.722560000000009 -22.03414000000001 25.00004666666668
vertex -19.57612000000001 -23.370833333333344 25.00004666666668
vertex -21.05150000000001 -22.03414000000001 25.00004666666668
endloop
endfacet
facet normal 0 0 -1
outer loop
vertex 21.05150000000001 -22.03414000000001 25.00004666666668
vertex 19.57612000000001 -23.370833333333344 25.00004666666668
vertex 12.49221333333334 -23.370833333333344 25.00004666666668
endloop
endfacet
facet normal 0 0 -1
outer loop
vertex 21.05150000000001 -22.03414000000001 25.00004666666668
vertex 12.49221333333334 -23.370833333333344 25.00004666666668
vertex 14.722560000000009 -22.03414000000001 25.00004666666668
endloop
endfacet
facet normal 0 0 -1
outer loop
vertex -15.937133333333342 -23.85694666666668 25.00004666666668
vertex -12.49221333333334 -23.370833333333344 25.00004666666668
vertex -10.141166666666672 -24.482693333333348 25.00004666666668
endloop
endfacet
facet normal 0 0 -1
outer loop
vertex -15.937133333333342 -23.85694666666668 25.00004666666668
vertex -10.141166666666672 -24.482693333333348 25.00004666666668
vertex -18.127246666666675 -24.482693333333348 25.00004666666668
endloop
endfacet
facet normal 0 0 -1
outer loop
vertex -15.937133333333342 -23.85694666666668 25.00004666666668
vertex -18.127246666666675 -24.482693333333348 25.00004666666668
vertex -19.34892000000001 -23.576733333333344 25.00004666666668
endloop
endfacet
facet normal 0 0 -1
outer loop
vertex -15.937133333333342 -23.85694666666668 25.00004666666668
vertex -19.34892000000001 -23.576733333333344 25.00004666666668
vertex -19.57612000000001 -23.370833333333344 25.00004666666668
endloop
endfacet
facet normal 0 0 -1
outer loop
vertex -15.937133333333342 -23.85694666666668 25.00004666666668
vertex -19.57612000000001 -23.370833333333344 25.00004666666668
vertex -12.49221333333334 -23.370833333333344 25.00004666666668
endloop
endfacet
facet normal 0 0 -1
outer loop
vertex 15.937133333333342 -23.85694666666668 25.00004666666668
vertex 19.57612000000001 -23.370833333333344 25.00004666666668
vertex 19.34892000000001 -23.576733333333344 25.00004666666668
endloop
endfacet
facet normal 0 0 -1
outer loop
vertex 15.937133333333342 -23.85694666666668 25.00004666666668
vertex 19.34892000000001 -23.576733333333344 25.00004666666668
vertex 18.127246666666675 -24.482693333333348 25.00004666666668
endloop
endfacet
facet normal 0 0 -1
outer loop
vertex 15.937133333333342 -23.85694666666668 25.00004666666668
vertex 18.127246666666675 -24.482693333333348 25.00004666666668
vertex 10.141166666666672 -24.482693333333348 25.00004666666668
endloop
endfacet
facet normal 0 0 -1
outer loop
vertex 15.937133333333342 -23.85694666666668 25.00004666666668
vertex 10.141166666666672 -24.482693333333348 25.00004666666668
vertex 12.49221333333334 -23.370833333333344 25.00004666666668
endloop
endfacet
facet normal 0 0 -1
outer loop
vertex 15.937133333333342 -23.85694666666668 25.00004666666668
vertex 12.49221333333334 -23.370833333333344 25.00004666666668
vertex 19.57612000000001 -23.370833333333344 25.00004666666668
endloop
endfacet
facet normal 0 0 -1
outer loop
vertex -10.141166666666672 -24.482693333333348 25.00004666666668
vertex -7.6926133333333375 -25.358833333333347 25.00004666666668
vertex -16.94628000000001 -25.358833333333347 25.00004666666668
endloop
endfacet
facet normal 0 0 -1
outer loop
vertex -10.141166666666672 -24.482693333333348 25.00004666666668
vertex -16.94628000000001 -25.358833333333347 25.00004666666668
vertex -18.127246666666675 -24.482693333333348 25.00004666666668
endloop
endfacet
facet normal 0 0 -1
outer loop
vertex 18.127246666666675 -24.482693333333348 25.00004666666668
vertex 16.94628000000001 -25.358833333333347 25.00004666666668
vertex 7.6926133333333375 -25.358833333333347 25.00004666666668
endloop
endfacet
facet normal 0 0 -1
outer loop
vertex 18.127246666666675 -24.482693333333348 25.00004666666668
vertex 7.6926133333333375 -25.358833333333347 25.00004666666668
vertex 10.141166666666672 -24.482693333333348 25.00004666666668
endloop
endfacet
facet normal 0 0 -1
outer loop
vertex -12.52913333333334 -25.611593333333346 25.00004666666668
vertex -7.6926133333333375 -25.358833333333347 25.00004666666668
vertex -5.169746666666669 -25.990733333333345 25.00004666666668
endloop
endfacet
facet normal 0 0 -1
outer loop
vertex -12.52913333333334 -25.611593333333346 25.00004666666668
vertex -5.169746666666669 -25.990733333333345 25.00004666666668
vertex -15.892166666666675 -25.990733333333345 25.00004666666668
endloop
endfacet
facet normal 0 0 -1
outer loop
vertex -12.52913333333334 -25.611593333333346 25.00004666666668
vertex -15.892166666666675 -25.990733333333345 25.00004666666668
vertex -16.94486000000001 -25.359780000000015 25.00004666666668
endloop
endfacet
facet normal 0 0 -1
outer loop
vertex -12.52913333333334 -25.611593333333346 25.00004666666668
vertex -16.94486000000001 -25.359780000000015 25.00004666666668
vertex -16.94628000000001 -25.358833333333347 25.00004666666668
endloop
endfacet
facet normal 0 0 -1
outer loop
vertex -12.52913333333334 -25.611593333333346 25.00004666666668
vertex -16.94628000000001 -25.358833333333347 25.00004666666668
vertex -7.6926133333333375 -25.358833333333347 25.00004666666668
endloop
endfacet
facet normal 0 0 -1
outer loop
vertex 12.52913333333334 -25.611593333333346 25.00004666666668
vertex 16.94628000000001 -25.358833333333347 25.00004666666668
vertex 16.94486000000001 -25.359780000000015 25.00004666666668
endloop
endfacet
facet normal 0 0 -1
outer loop
vertex 12.52913333333334 -25.611593333333346 25.00004666666668
vertex 16.94486000000001 -25.359780000000015 25.00004666666668
vertex 15.892166666666675 -25.990733333333345 25.00004666666668
endloop
endfacet
facet normal 0 0 -1
outer loop
vertex 12.52913333333334 -25.611593333333346 25.00004666666668
vertex 15.892166666666675 -25.990733333333345 25.00004666666668
vertex 5.169746666666669 -25.990733333333345 25.00004666666668
endloop
endfacet
facet normal 0 0 -1
outer loop
vertex 12.52913333333334 -25.611593333333346 25.00004666666668
vertex 5.169746666666669 -25.990733333333345 25.00004666666668
vertex 7.6926133333333375 -25.358833333333347 25.00004666666668
endloop
endfacet
facet normal 0 0 -1
outer loop
vertex 12.52913333333334 -25.611593333333346 25.00004666666668
vertex 7.6926133333333375 -25.358833333333347 25.00004666666668
vertex 16.94628000000001 -25.358833333333347 25.00004666666668
endloop
endfacet
facet normal 0 0 -1
outer loop
vertex -5.169746666666669 -25.990733333333345 25.00004666666668
vertex -2.5976533333333345 -26.372240000000012 25.00004666666668
vertex -15.255533333333341 -26.372240000000012 25.00004666666668
endloop
endfacet
facet normal 0 0 -1
outer loop
vertex -5.169746666666669 -25.990733333333345 25.00004666666668
vertex -15.255533333333341 -26.372240000000012 25.00004666666668
vertex -15.892166666666675 -25.990733333333345 25.00004666666668
endloop
endfacet
facet normal 0 0 -1
outer loop
vertex 15.892166666666675 -25.990733333333345 25.00004666666668
vertex 15.255533333333341 -26.372240000000012 25.00004666666668
vertex 2.5976533333333345 -26.372240000000012 25.00004666666668
endloop
endfacet
facet normal 0 0 -1
outer loop
vertex 15.892166666666675 -25.990733333333345 25.00004666666668
vertex 2.5976533333333345 -26.372240000000012 25.00004666666668
vertex 5.169746666666669 -25.990733333333345 25.00004666666668
endloop
endfacet
facet normal 0 0 -1
outer loop
vertex -2.5976533333333345 -26.372240000000012 25.00004666666668
vertex 0 -26.500040000000013 25.00004666666668
vertex -15.042533333333342 -26.500040000000013 25.00004666666668
endloop
endfacet
facet normal 0 0 -0.9999999999999999
outer loop
vertex -2.5976533333333345 -26.372240000000012 25.00004666666668
vertex -15.042533333333342 -26.500040000000013 25.00004666666668
vertex -15.255533333333341 -26.372240000000012 25.00004666666668
endloop
endfacet
facet normal 0 0 -1
outer loop
vertex 15.255533333333341 -26.372240000000012 25.00004666666668
vertex 15.042533333333342 -26.500040000000013 25.00004666666668
vertex 0 -26.500040000000013 25.00004666666668
endloop
endfacet
facet normal 0 0 -0.9999999999999999
outer loop
vertex 15.255533333333341 -26.372240000000012 25.00004666666668
vertex 0 -26.500040000000013 25.00004666666668
vertex 2.5976533333333345 -26.372240000000012 25.00004666666668
endloop
endfacet
facet normal 0 0 -1
outer loop
vertex 0 -28.50460666666668 25.00004666666668
vertex 0 -26.500040000000013 25.00004666666668
vertex 15.042533333333342 -26.500040000000013 25.00004666666668
endloop
endfacet
facet normal 0 0 -1
outer loop
vertex 0 -28.50460666666668 25.00004666666668
vertex 15.042533333333342 -26.500040000000013 25.00004666666668
vertex 14.377500000000008 -26.89858666666668 25.00004666666668
endloop
endfacet
facet normal 0 0 -1
outer loop
vertex 0 -28.50460666666668 25.00004666666668
vertex 14.377500000000008 -26.89858666666668 25.00004666666668
vertex 11.671926666666673 -28.178480000000015 25.00004666666668
endloop
endfacet
facet normal 0 0 -1
outer loop
vertex 0 -28.50460666666668 25.00004666666668
vertex 11.671926666666673 -28.178480000000015 25.00004666666668
vertex 8.853700000000005 -29.186680000000017 25.00004666666668
endloop
endfacet
facet normal 0 0 -1
outer loop
vertex 0 -28.50460666666668 25.00004666666668
vertex 8.853700000000005 -29.186680000000017 25.00004666666668
vertex 5.950273333333336 -29.913720000000016 25.00004666666668
endloop
endfacet
facet normal 0 0 -1
outer loop
vertex 0 -28.50460666666668 25.00004666666668
vertex 5.950273333333336 -29.913720000000016 25.00004666666668
vertex 2.9895733333333347 -30.35297333333335 25.00004666666668
endloop
endfacet
facet normal 0 0 -1
outer loop
vertex 0 -28.50460666666668 25.00004666666668
vertex 2.9895733333333347 -30.35297333333335 25.00004666666668
vertex 0 -30.500180000000015 25.00004666666668
endloop
endfacet
facet normal 0 0 -1
outer loop
vertex 0 -28.50460666666668 25.00004666666668
vertex 0 -30.500180000000015 25.00004666666668
vertex -2.9895733333333347 -30.35297333333335 25.00004666666668
endloop
endfacet
facet normal 0 0 -1
outer loop
vertex 0 -28.50460666666668 25.00004666666668
vertex -2.9895733333333347 -30.35297333333335 25.00004666666668
vertex -5.950273333333336 -29.913720000000016 25.00004666666668
endloop
endfacet
facet normal 0 0 -1
outer loop
vertex 0 -28.50460666666668 25.00004666666668
vertex -5.950273333333336 -29.913720000000016 25.00004666666668
vertex -8.853700000000005 -29.186680000000017 25.00004666666668
endloop
endfacet
facet normal 0 0 -1
outer loop
vertex 0 -28.50460666666668 25.00004666666668
vertex -8.853700000000005 -29.186680000000017 25.00004666666668
vertex -11.671926666666673 -28.178480000000015 25.00004666666668
endloop
endfacet
facet normal 0 0 -1
outer loop
vertex 0 -28.50460666666668 25.00004666666668
vertex -11.671926666666673 -28.178480000000015 25.00004666666668
vertex -14.377500000000008 -26.89858666666668 25.00004666666668
endloop
endfacet
facet normal 0 0 -1
outer loop
vertex 0 -28.50460666666668 25.00004666666668
vertex -14.377500000000008 -26.89858666666668 25.00004666666668
vertex -15.042533333333342 -26.500040000000013 25.00004666666668
endloop
endfacet
facet normal 0 0 -1
outer loop
vertex 0 -28.50460666666668 25.00004666666668
vertex -15.042533333333342 -26.500040000000013 25.00004666666668
vertex 0 -26.500040000000013 25.00004666666668
endloop
endfacet
facet normal 0 0 1
outer loop
vertex 0 17.702193333333344 44.99980000000002
vertex -1.911320000000001 19.406193333333345 44.99980000000002
vertex -3.804180000000002 19.125506666666677 44.99980000000002
endloop
endfacet
facet normal 0 0 1
outer loop
vertex 0 17.702193333333344 44.99980000000002
vertex -3.804180000000002 19.125506666666677 44.99980000000002
vertex -5.6605933333333365 18.66022000000001 44.99980000000002
endloop
endfacet
facet normal 0 0 0.9999999999999999
outer loop
vertex 0 17.702193333333344 44.99980000000002
vertex -5.6605933333333365 18.66022000000001 44.99980000000002
vertex -7.462100000000004 18.01554000000001 44.99980000000002
endloop
endfacet
facet normal 0 0 1
outer loop
vertex 0 17.702193333333344 44.99980000000002
vertex -7.462100000000004 18.01554000000001 44.99980000000002
vertex -9.192133333333338 17.197620000000008 44.99980000000002
endloop
endfacet
facet normal 0 0 1
outer loop
vertex 0 17.702193333333344 44.99980000000002
vertex -9.192133333333338 17.197620000000008 44.99980000000002
vertex -10.83365333333334 16.213560000000008 44.99980000000002
endloop
endfacet
facet normal 0 0 0.9999999999999999
outer loop
vertex 0 17.702193333333344 44.99980000000002
vertex -10.83365333333334 16.213560000000008 44.99980000000002
vertex -11.795940000000007 15.49977333333334 44.99980000000002
endloop
endfacet
facet normal 0 0 1
outer loop
vertex 0 17.702193333333344 44.99980000000002
vertex -11.795940000000007 15.49977333333334 44.99980000000002
vertex 0 15.49977333333334 44.99980000000002
endloop
endfacet
facet normal 0 0 1
outer loop
vertex 0 17.702193333333344 44.99980000000002
vertex 0 15.49977333333334 44.99980000000002
vertex 11.795940000000007 15.49977333333334 44.99980000000002
endloop
endfacet
facet normal 0 0 0.9999999999999999
outer loop
vertex 0 17.702193333333344 44.99980000000002
vertex 11.795940000000007 15.49977333333334 44.99980000000002
vertex 10.83365333333334 16.213560000000008 44.99980000000002
endloop
endfacet
facet normal 0 0 1
outer loop
vertex 0 17.702193333333344 44.99980000000002
vertex 10.83365333333334 16.213560000000008 44.99980000000002
vertex 9.192133333333338 17.197620000000008 44.99980000000002
endloop
endfacet
facet normal 0 0 1
outer loop
vertex 0 17.702193333333344 44.99980000000002
vertex 9.192133333333338 17.197620000000008 44.99980000000002
vertex 7.462100000000004 18.01554000000001 44.99980000000002
endloop
endfacet
facet normal 0 0 0.9999999999999999
outer loop
vertex 0 17.702193333333344 44.99980000000002
vertex 7.462100000000004 18.01554000000001 44.99980000000002
vertex 5.6605933333333365 18.66022000000001 44.99980000000002
endloop
endfacet
facet normal 0 0 1
outer loop
vertex 0 17.702193333333344 44.99980000000002
vertex 5.6605933333333365 18.66022000000001 44.99980000000002
vertex 3.804180000000002 19.125506666666677 44.99980000000002
endloop
endfacet
facet normal 0 0 1
outer loop
vertex 0 17.702193333333344 44.99980000000002
vertex 3.804180000000002 19.125506666666677 44.99980000000002
vertex 1.911320000000001 19.406193333333345 44.99980000000002
endloop
endfacet
facet normal 0 0 1
outer loop
vertex 0 17.702193333333344 44.99980000000002
vertex 1.911320000000001 19.406193333333345 44.99980000000002
vertex 0 19.499913333333343 44.99980000000002
endloop
endfacet
facet normal 0 0 1
outer loop
vertex 0 17.702193333333344 44.99980000000002
vertex 0 19.499913333333343 44.99980000000002
vertex -1.911320000000001 19.406193333333345 44.99980000000002
endloop
endfacet
facet normal 0 0 1
outer loop
vertex 0 15.49977333333334 44.99980000000002
vertex 1.5194000000000007 15.425460000000008 44.99980000000002
vertex 11.896286666666672 15.425460000000008 44.99980000000002
endloop
endfacet
facet normal 0 0 0.9999999999999999
outer loop
vertex 0 15.49977333333334 44.99980000000002
vertex 11.896286666666672 15.425460000000008 44.99980000000002
vertex 11.795940000000007 15.49977333333334 44.99980000000002
endloop
endfacet
facet normal 0 0 1
outer loop
vertex -11.795940000000007 15.49977333333334 44.99980000000002
vertex -11.896286666666672 15.425460000000008 44.99980000000002
vertex -1.5194000000000007 15.425460000000008 44.99980000000002
endloop
endfacet
facet normal 0 0 0.9999999999999999
outer loop
vertex -11.795940000000007 15.49977333333334 44.99980000000002
vertex -1.5194000000000007 15.425460000000008 44.99980000000002
vertex 0 15.49977333333334 44.99980000000002
endloop
endfacet
facet normal 0 0 1
outer loop
vertex 1.5194000000000007 15.425460000000008 44.99980000000002
vertex 3.0241266666666684 15.202046666666675 44.99980000000002
vertex 12.197326666666672 15.202046666666675 44.99980000000002
endloop
endfacet
facet normal 0 0 1
outer loop
vertex 1.5194000000000007 15.425460000000008 44.99980000000002
vertex 12.197326666666672 15.202046666666675 44.99980000000002
vertex 11.896286666666672 15.425460000000008 44.99980000000002
endloop
endfacet
facet normal 0 0 1
outer loop
vertex -11.896286666666672 15.425460000000008 44.99980000000002
vertex -12.197326666666672 15.202046666666675 44.99980000000002
vertex -3.0241266666666684 15.202046666666675 44.99980000000002
endloop
endfacet
facet normal 0 0 1
outer loop
vertex -11.896286666666672 15.425460000000008 44.99980000000002
vertex -3.0241266666666684 15.202046666666675 44.99980000000002
vertex -1.5194000000000007 15.425460000000008 44.99980000000002
endloop
endfacet
facet normal 0 0 1
outer loop
vertex 8.945526666666671 15.028333333333341 44.99980000000002
vertex 3.0241266666666684 15.202046666666675 44.99980000000002
vertex 4.499506666666669 14.832373333333342 44.99980000000002
endloop
endfacet
facet normal 0 0 1
outer loop
vertex 8.945526666666671 15.028333333333341 44.99980000000002
vertex 4.499506666666669 14.832373333333342 44.99980000000002
vertex 12.636580000000007 14.832373333333342 44.99980000000002
endloop
endfacet
facet normal 0 0 1
outer loop
vertex 8.945526666666671 15.028333333333341 44.99980000000002
vertex 12.636580000000007 14.832373333333342 44.99980000000002
vertex 12.370566666666672 15.07377333333334 44.99980000000002
endloop
endfacet
facet normal 0 0 1
outer loop
vertex 8.945526666666671 15.028333333333341 44.99980000000002
vertex 12.370566666666672 15.07377333333334 44.99980000000002
vertex 12.197326666666672 15.202046666666675 44.99980000000002
endloop
endfacet
facet normal 0 0 1
outer loop
vertex 8.945526666666671 15.028333333333341 44.99980000000002
vertex 12.197326666666672 15.202046666666675 44.99980000000002
vertex 3.0241266666666684 15.202046666666675 44.99980000000002
endloop
endfacet
facet normal 0 0 1
outer loop
vertex -8.945526666666671 15.028333333333341 44.99980000000002
vertex -12.197326666666672 15.202046666666675 44.99980000000002
vertex -12.370566666666672 15.07377333333334 44.99980000000002
endloop
endfacet
facet normal 0 0 1
outer loop
vertex -8.945526666666671 15.028333333333341 44.99980000000002
vertex -12.370566666666672 15.07377333333334 44.99980000000002
vertex -12.636580000000007 14.832373333333342 44.99980000000002
endloop
endfacet
facet normal 0 0 1
outer loop
vertex -8.945526666666671 15.028333333333341 44.99980000000002
vertex -12.636580000000007 14.832373333333342 44.99980000000002
vertex -4.499506666666669 14.832373333333342 44.99980000000002
endloop
endfacet
facet normal 0 0 1
outer loop
vertex -8.945526666666671 15.028333333333341 44.99980000000002
vertex -4.499506666666669 14.832373333333342 44.99980000000002
vertex -3.0241266666666684 15.202046666666675 44.99980000000002
endloop
endfacet
facet normal 0 0 1
outer loop
vertex -8.945526666666671 15.028333333333341 44.99980000000002
vertex -3.0241266666666684 15.202046666666675 44.99980000000002
vertex -12.197326666666672 15.202046666666675 44.99980000000002
endloop
endfacet
facet normal 0 0 1
outer loop
vertex 4.499506666666669 14.832373333333342 44.99980000000002
vertex 5.931813333333336 14.320226666666674 44.99980000000002
vertex 13.20221333333334 14.320226666666674 44.99980000000002
endloop
endfacet
facet normal 0 0 1
outer loop
vertex 4.499506666666669 14.832373333333342 44.99980000000002
vertex 13.20221333333334 14.320226666666674 44.99980000000002
vertex 12.636580000000007 14.832373333333342 44.99980000000002
endloop
endfacet
facet normal 0 0 0.9999999999999999
outer loop
vertex -12.636580000000007 14.832373333333342 44.99980000000002
vertex -13.20221333333334 14.320226666666674 44.99980000000002
vertex -5.931813333333336 14.320226666666674 44.99980000000002
endloop
endfacet
facet normal 0 0 1
outer loop
vertex -12.636580000000007 14.832373333333342 44.99980000000002
vertex -5.931813333333336 14.320226666666674 44.99980000000002
vertex -4.499506666666669 14.832373333333342 44.99980000000002
endloop
endfacet
facet normal 0 0 1
outer loop
vertex 10.825133333333339 13.953866666666674 44.99980000000002
vertex 5.931813333333336 14.320226666666674 44.99980000000002
vertex 7.3068466666666705 13.669866666666675 44.99980000000002
endloop
endfacet
facet normal 0 0 1
outer loop
vertex 10.825133333333339 13.953866666666674 44.99980000000002
vertex 7.3068466666666705 13.669866666666675 44.99980000000002
vertex 13.896120000000007 13.669866666666675 44.99980000000002
endloop
endfacet
facet normal 0 0 0.9999999999999999
outer loop
vertex 10.825133333333339 13.953866666666674 44.99980000000002
vertex 13.896120000000007 13.669866666666675 44.99980000000002
vertex 13.78867333333334 13.78867333333334 44.99980000000002
endloop
endfacet
facet normal 0 0 1
outer loop
vertex 10.825133333333339 13.953866666666674 44.99980000000002
vertex 13.78867333333334 13.78867333333334 44.99980000000002
vertex 13.20221333333334 14.320226666666674 44.99980000000002
endloop
endfacet
facet normal 0 0 1
outer loop
vertex 10.825133333333339 13.953866666666674 44.99980000000002
vertex 13.20221333333334 14.320226666666674 44.99980000000002
vertex 5.931813333333336 14.320226666666674 44.99980000000002
endloop
endfacet
facet normal 0 0 1
outer loop
vertex -10.825133333333339 13.953866666666674 44.99980000000002
vertex -13.20221333333334 14.320226666666674 44.99980000000002
vertex -13.78867333333334 13.78867333333334 44.99980000000002
endloop
endfacet
facet normal 0 0 0.9999999999999999
outer loop
vertex -10.825133333333339 13.953866666666674 44.99980000000002
vertex -13.78867333333334 13.78867333333334 44.99980000000002
vertex -13.896120000000007 13.669866666666675 44.99980000000002
endloop
endfacet
facet normal 0 0 1
outer loop
vertex -10.825133333333339 13.953866666666674 44.99980000000002
vertex -13.896120000000007 13.669866666666675 44.99980000000002
vertex -7.3068466666666705 13.669866666666675 44.99980000000002
endloop
endfacet
facet normal 0 0 1
outer loop
vertex -10.825133333333339 13.953866666666674 44.99980000000002
vertex -7.3068466666666705 13.669866666666675 44.99980000000002
vertex -5.931813333333336 14.320226666666674 44.99980000000002
endloop
endfacet
facet normal 0 0 1
outer loop
vertex -10.825133333333339 13.953866666666674 44.99980000000002
vertex -5.931813333333336 14.320226666666674 44.99980000000002
vertex -13.20221333333334 14.320226666666674 44.99980000000002
endloop
endfacet
facet normal 0 0 1
outer loop
vertex 7.3068466666666705 13.669866666666675 44.99980000000002
vertex 8.611353333333337 12.887920000000006 44.99980000000002
vertex 14.60517333333334 12.887920000000006 44.99980000000002
endloop
endfacet
facet normal 0 0 1
outer loop
vertex 7.3068466666666705 13.669866666666675 44.99980000000002
vertex 14.60517333333334 12.887920000000006 44.99980000000002
vertex 13.896120000000007 13.669866666666675 44.99980000000002
endloop
endfacet
facet normal 0 0 1
outer loop
vertex -13.896120000000007 13.669866666666675 44.99980000000002
vertex -14.60517333333334 12.887920000000006 44.99980000000002
vertex -8.611353333333337 12.887920000000006 44.99980000000002
endloop
endfacet
facet normal 0 0 1
outer loop
vertex -13.896120000000007 13.669866666666675 44.99980000000002
vertex -8.611353333333337 12.887920000000006 44.99980000000002
vertex -7.3068466666666705 13.669866666666675 44.99980000000002
endloop
endfacet
facet normal 0 0 1
outer loop
vertex 12.697166666666673 12.421686666666673 44.99980000000002
vertex 8.611353333333337 12.887920000000006 44.99980000000002
vertex 9.833026666666672 11.981486666666672 44.99980000000002
endloop
endfacet
facet normal 0 0 1
outer loop
vertex 12.697166666666673 12.421686666666673 44.99980000000002
vertex 9.833026666666672 11.981486666666672 44.99980000000002
vertex 15.362033333333342 11.981486666666672 44.99980000000002
endloop
endfacet
facet normal 0 0 0.9999999999999999
outer loop
vertex 12.697166666666673 12.421686666666673 44.99980000000002
vertex 15.362033333333342 11.981486666666672 44.99980000000002
vertex 15.07377333333334 12.370566666666672 44.99980000000002
endloop
endfacet
facet normal 0 0 1
outer loop
vertex 12.697166666666673 12.421686666666673 44.99980000000002
vertex 15.07377333333334 12.370566666666672 44.99980000000002
vertex 14.60517333333334 12.887920000000006 44.99980000000002
endloop
endfacet
facet normal 0 0 1
outer loop
vertex 12.697166666666673 12.421686666666673 44.99980000000002
vertex 14.60517333333334 12.887920000000006 44.99980000000002
vertex 8.611353333333337 12.887920000000006 44.99980000000002
endloop
endfacet
facet normal 0 0 1
outer loop
vertex -12.697166666666673 12.421686666666673 44.99980000000002
vertex -14.60517333333334 12.887920000000006 44.99980000000002
vertex -15.07377333333334 12.370566666666672 44.99980000000002
endloop
endfacet
facet normal 0 0 0.9999999999999999
outer loop
vertex -12.697166666666673 12.421686666666673 44.99980000000002
vertex -15.07377333333334 12.370566666666672 44.99980000000002
vertex -15.362033333333342 11.981486666666672 44.99980000000002
endloop
endfacet
facet normal 0 0 1
outer loop
vertex -12.697166666666673 12.421686666666673 44.99980000000002
vertex -15.362033333333342 11.981486666666672 44.99980000000002
vertex -9.833026666666672 11.981486666666672 44.99980000000002
endloop
endfacet
facet normal 0 0 1
outer loop
vertex -12.697166666666673 12.421686666666673 44.99980000000002
vertex -9.833026666666672 11.981486666666672 44.99980000000002
vertex -8.611353333333337 12.887920000000006 44.99980000000002
endloop
endfacet
facet normal 0 0 1
outer loop
vertex -12.697166666666673 12.421686666666673 44.99980000000002
vertex -8.611353333333337 12.887920000000006 44.99980000000002
vertex -14.60517333333334 12.887920000000006 44.99980000000002
endloop
endfacet
facet normal 0 0 1
outer loop
vertex 9.833026666666672 11.981486666666672 44.99980000000002
vertex 10.960033333333339 10.960033333333339 44.99980000000002
vertex 16.119840000000007 10.960033333333339 44.99980000000002
endloop
endfacet
facet normal 0 0 1
outer loop
vertex 9.833026666666672 11.981486666666672 44.99980000000002
vertex 16.119840000000007 10.960033333333339 44.99980000000002
vertex 15.362033333333342 11.981486666666672 44.99980000000002
endloop
endfacet
facet normal 0 0 1
outer loop
vertex -15.362033333333342 11.981486666666672 44.99980000000002
vertex -16.119840000000007 10.960033333333339 44.99980000000002
vertex -10.960033333333339 10.960033333333339 44.99980000000002
endloop
endfacet
facet normal 0 0 1
outer loop
vertex -15.362033333333342 11.981486666666672 44.99980000000002
vertex -10.960033333333339 10.960033333333339 44.99980000000002
vertex -9.833026666666672 11.981486666666672 44.99980000000002
endloop
endfacet
facet normal 0 0 1
outer loop
vertex 14.417733333333342 10.483860000000005 44.99980000000002
vertex 10.960033333333339 10.960033333333339 44.99980000000002
vertex 11.981486666666672 9.833026666666672 44.99980000000002
endloop
endfacet
facet normal 0 0 1
outer loop
vertex 14.417733333333342 10.483860000000005 44.99980000000002
vertex 11.981486666666672 9.833026666666672 44.99980000000002
vertex 16.813273333333342 9.833026666666672 44.99980000000002
endloop
endfacet
facet normal 0 0 1
outer loop
vertex 14.417733333333342 10.483860000000005 44.99980000000002
vertex 16.813273333333342 9.833026666666672 44.99980000000002
vertex 16.213560000000008 10.83365333333334 44.99980000000002
endloop
endfacet
facet normal 0 0 1
outer loop
vertex 14.417733333333342 10.483860000000005 44.99980000000002
vertex 16.213560000000008 10.83365333333334 44.99980000000002
vertex 16.119840000000007 10.960033333333339 44.99980000000002
endloop
endfacet
facet normal 0 0 1
outer loop
vertex 14.417733333333342 10.483860000000005 44.99980000000002
vertex 16.119840000000007 10.960033333333339 44.99980000000002
vertex 10.960033333333339 10.960033333333339 44.99980000000002
endloop
endfacet
facet normal 0 0 1
outer loop
vertex -14.417733333333342 10.483860000000005 44.99980000000002
vertex -16.119840000000007 10.960033333333339 44.99980000000002
vertex -16.213560000000008 10.83365333333334 44.99980000000002
endloop
endfacet
facet normal 0 0 1
outer loop
vertex -14.417733333333342 10.483860000000005 44.99980000000002
vertex -16.213560000000008 10.83365333333334 44.99980000000002
vertex -16.813273333333342 9.833026666666672 44.99980000000002
endloop
endfacet
facet normal 0 0 1
outer loop
vertex -14.417733333333342 10.483860000000005 44.99980000000002
vertex -16.813273333333342 9.833026666666672 44.99980000000002
vertex -11.981486666666672 9.833026666666672 44.99980000000002
endloop
endfacet
facet normal 0 0 1
outer loop
vertex -14.417733333333342 10.483860000000005 44.99980000000002
vertex -11.981486666666672 9.833026666666672 44.99980000000002
vertex -10.960033333333339 10.960033333333339 44.99980000000002
endloop
endfacet
facet normal 0 0 1
outer loop
vertex -14.417733333333342 10.483860000000005 44.99980000000002
vertex -10.960033333333339 10.960033333333339 44.99980000000002
vertex -16.119840000000007 10.960033333333339 44.99980000000002
endloop
endfacet
facet normal 0 0 1
outer loop
vertex 15.270680000000008 9.216273333333339 44.99980000000002
vertex 11.981486666666672 9.833026666666672 44.99980000000002
vertex 12.887920000000006 8.611353333333337 44.99980000000002
endloop
endfacet
facet normal 0 0 1
outer loop
vertex 15.270680000000008 9.216273333333339 44.99980000000002
vertex 12.887920000000006 8.611353333333337 44.99980000000002
vertex 17.472153333333342 8.611353333333337 44.99980000000002
endloop
endfacet
facet normal 0 0 1
outer loop
vertex 15.270680000000008 9.216273333333339 44.99980000000002
vertex 17.472153333333342 8.611353333333337 44.99980000000002
vertex 17.197620000000008 9.192133333333338 44.99980000000002
endloop
endfacet
facet normal 0 0 1
outer loop
vertex 15.270680000000008 9.216273333333339 44.99980000000002
vertex 17.197620000000008 9.192133333333338 44.99980000000002
vertex 16.813273333333342 9.833026666666672 44.99980000000002
endloop
endfacet
facet normal 0 0 0.9999999999999999
outer loop
vertex 15.270680000000008 9.216273333333339 44.99980000000002
vertex 16.813273333333342 9.833026666666672 44.99980000000002
vertex 11.981486666666672 9.833026666666672 44.99980000000002
endloop
endfacet
facet normal 0 0 1
outer loop
vertex -15.270680000000008 9.216273333333339 44.99980000000002
vertex -16.813273333333342 9.833026666666672 44.99980000000002
vertex -17.197620000000008 9.192133333333338 44.99980000000002
endloop
endfacet
facet normal 0 0 1
outer loop
vertex -15.270680000000008 9.216273333333339 44.99980000000002
vertex -17.197620000000008 9.192133333333338 44.99980000000002
vertex -17.472153333333342 8.611353333333337 44.99980000000002
endloop
endfacet
facet normal 0 0 1
outer loop
vertex -15.270680000000008 9.216273333333339 44.99980000000002
vertex -17.472153333333342 8.611353333333337 44.99980000000002
vertex -12.887920000000006 8.611353333333337 44.99980000000002
endloop
endfacet
facet normal 0 0 1
outer loop
vertex -15.270680000000008 9.216273333333339 44.99980000000002
vertex -12.887920000000006 8.611353333333337 44.99980000000002
vertex -11.981486666666672 9.833026666666672 44.99980000000002
endloop
endfacet
facet normal 0 0 0.9999999999999999
outer loop
vertex -15.270680000000008 9.216273333333339 44.99980000000002
vertex -11.981486666666672 9.833026666666672 44.99980000000002
vertex -16.813273333333342 9.833026666666672 44.99980000000002
endloop
endfacet
facet normal 0 0 1
outer loop
vertex 16.023280000000007 7.859700000000004 44.99980000000002
vertex 12.887920000000006 8.611353333333337 44.99980000000002
vertex 13.669866666666675 7.3068466666666705 44.99980000000002
endloop
endfacet
facet normal 0 0 1
outer loop
vertex 16.023280000000007 7.859700000000004 44.99980000000002
vertex 13.669866666666675 7.3068466666666705 44.99980000000002
vertex 18.071393333333344 7.3068466666666705 44.99980000000002
endloop
endfacet
facet normal 0 0 1
outer loop
vertex 16.023280000000007 7.859700000000004 44.99980000000002
vertex 18.071393333333344 7.3068466666666705 44.99980000000002
vertex 18.01554000000001 7.462100000000004 44.99980000000002
endloop
endfacet
facet normal 0 0 1
outer loop
vertex 16.023280000000007 7.859700000000004 44.99980000000002
vertex 18.01554000000001 7.462100000000004 44.99980000000002
vertex 17.472153333333342 8.611353333333337 44.99980000000002
endloop
endfacet
facet normal 0 0 1
outer loop
vertex 16.023280000000007 7.859700000000004 44.99980000000002
vertex 17.472153333333342 8.611353333333337 44.99980000000002
vertex 12.887920000000006 8.611353333333337 44.99980000000002
endloop
endfacet
facet normal 0 0 1
outer loop
vertex -16.023280000000007 7.859700000000004 44.99980000000002
vertex -17.472153333333342 8.611353333333337 44.99980000000002
vertex -18.01554000000001 7.462100000000004 44.99980000000002
endloop
endfacet
facet normal 0 0 1
outer loop
vertex -16.023280000000007 7.859700000000004 44.99980000000002
vertex -18.01554000000001 7.462100000000004 44.99980000000002
vertex -18.071393333333344 7.3068466666666705 44.99980000000002
endloop
endfacet
facet normal 0 0 1
outer loop
vertex -16.023280000000007 7.859700000000004 44.99980000000002
vertex -18.071393333333344 7.3068466666666705 44.99980000000002
vertex -13.669866666666675 7.3068466666666705 44.99980000000002
endloop
endfacet
facet normal 0 0 1
outer loop
vertex -16.023280000000007 7.859700000000004 44.99980000000002
vertex -13.669866666666675 7.3068466666666705 44.99980000000002
vertex -12.887920000000006 8.611353333333337 44.99980000000002
endloop
endfacet
facet normal 0 0 1
outer loop
vertex -16.023280000000007 7.859700000000004 44.99980000000002
vertex -12.887920000000006 8.611353333333337 44.99980000000002
vertex -17.472153333333342 8.611353333333337 44.99980000000002
endloop
endfacet
facet normal 0 0 1
outer loop
vertex 13.669866666666675 7.3068466666666705 44.99980000000002
vertex 14.320226666666674 5.931813333333336 44.99980000000002
vertex 18.563186666666677 5.931813333333336 44.99980000000002
endloop
endfacet
facet normal 0 0 1
outer loop
vertex 13.669866666666675 7.3068466666666705 44.99980000000002
vertex 18.563186666666677 5.931813333333336 44.99980000000002
vertex 18.071393333333344 7.3068466666666705 44.99980000000002
endloop
endfacet
facet normal 0 0 1
outer loop
vertex -18.071393333333344 7.3068466666666705 44.99980000000002
vertex -18.563186666666677 5.931813333333336 44.99980000000002
vertex -14.320226666666674 5.931813333333336 44.99980000000002
endloop
endfacet
facet normal 0 0 1
outer loop
vertex -18.071393333333344 7.3068466666666705 44.99980000000002
vertex -14.320226666666674 5.931813333333336 44.99980000000002
vertex -13.669866666666675 7.3068466666666705 44.99980000000002
endloop
endfacet
facet normal 0 0 1
outer loop
vertex 17.06556000000001 5.304646666666669 44.99980000000002
vertex 14.320226666666674 5.931813333333336 44.99980000000002
vertex 14.832373333333342 4.499506666666669 44.99980000000002
endloop
endfacet
facet normal 0 0 1
outer loop
vertex 17.06556000000001 5.304646666666669 44.99980000000002
vertex 14.832373333333342 4.499506666666669 44.99980000000002
vertex 18.95132000000001 4.499506666666669 44.99980000000002
endloop
endfacet
facet normal 0 0 1
outer loop
vertex 17.06556000000001 5.304646666666669 44.99980000000002
vertex 18.95132000000001 4.499506666666669 44.99980000000002
vertex 18.66022000000001 5.6605933333333365 44.99980000000002
endloop
endfacet
facet normal 0 0 1
outer loop
vertex 17.06556000000001 5.304646666666669 44.99980000000002
vertex 18.66022000000001 5.6605933333333365 44.99980000000002
vertex 18.563186666666677 5.931813333333336 44.99980000000002
endloop
endfacet
facet normal 0 0 1
outer loop
vertex 17.06556000000001 5.304646666666669 44.99980000000002
vertex 18.563186666666677 5.931813333333336 44.99980000000002
vertex 14.320226666666674 5.931813333333336 44.99980000000002
endloop
endfacet
facet normal 0 0 1
outer loop
vertex -17.06556000000001 5.304646666666669 44.99980000000002
vertex -18.563186666666677 5.931813333333336 44.99980000000002
vertex -18.66022000000001 5.6605933333333365 44.99980000000002
endloop
endfacet
facet normal 0 0 1
outer loop
vertex -17.06556000000001 5.304646666666669 44.99980000000002
vertex -18.66022000000001 5.6605933333333365 44.99980000000002
vertex -18.95132000000001 4.499506666666669 44.99980000000002
endloop
endfacet
facet normal 0 0 1
outer loop
vertex -17.06556000000001 5.304646666666669 44.99980000000002
vertex -18.95132000000001 4.499506666666669 44.99980000000002
vertex -14.832373333333342 4.499506666666669 44.99980000000002
endloop
endfacet
facet normal 0 0 1
outer loop
vertex -17.06556000000001 5.304646666666669 44.99980000000002
vertex -14.832373333333342 4.499506666666669 44.99980000000002
vertex -14.320226666666674 5.931813333333336 44.99980000000002
endloop
endfacet
facet normal 0 0 1
outer loop
vertex -17.06556000000001 5.304646666666669 44.99980000000002
vertex -14.320226666666674 5.931813333333336 44.99980000000002
vertex -18.563186666666677 5.931813333333336 44.99980000000002
endloop
endfacet
facet normal 0 0 0.9999999999999999
outer loop
vertex 17.47026000000001 3.770100000000002 44.99980000000002
vertex 14.832373333333342 4.499506666666669 44.99980000000002
vertex 15.202046666666675 3.0241266666666684 44.99980000000002
endloop
endfacet
facet normal 0 0 1
outer loop
vertex 17.47026000000001 3.770100000000002 44.99980000000002
vertex 15.202046666666675 3.0241266666666684 44.99980000000002
vertex 19.24100000000001 3.0241266666666684 44.99980000000002
endloop
endfacet
facet normal 0 0 0.9999999999999999
outer loop
vertex 17.47026000000001 3.770100000000002 44.99980000000002
vertex 19.24100000000001 3.0241266666666684 44.99980000000002
vertex 19.125506666666677 3.804180000000002 44.99980000000002
endloop
endfacet
facet normal 0 0 1
outer loop
vertex 17.47026000000001 3.770100000000002 44.99980000000002
vertex 19.125506666666677 3.804180000000002 44.99980000000002
vertex 18.95132000000001 4.499506666666669 44.99980000000002
endloop
endfacet
facet normal 0 0 1
outer loop
vertex 17.47026000000001 3.770100000000002 44.99980000000002
vertex 18.95132000000001 4.499506666666669 44.99980000000002
vertex 14.832373333333342 4.499506666666669 44.99980000000002
endloop
endfacet
facet normal 0 0 1
outer loop
vertex -17.47026000000001 3.770100000000002 44.99980000000002
vertex -18.95132000000001 4.499506666666669 44.99980000000002
vertex -19.125506666666677 3.804180000000002 44.99980000000002
endloop
endfacet
facet normal 0 0 0.9999999999999999
outer loop
vertex -17.47026000000001 3.770100000000002 44.99980000000002
vertex -19.125506666666677 3.804180000000002 44.99980000000002
vertex -19.24100000000001 3.0241266666666684 44.99980000000002
endloop
endfacet
facet normal 0 0 1
outer loop
vertex -17.47026000000001 3.770100000000002 44.99980000000002
vertex -19.24100000000001 3.0241266666666684 44.99980000000002
vertex -15.202046666666675 3.0241266666666684 44.99980000000002
endloop
endfacet
facet normal 0 0 0.9999999999999999
outer loop
vertex -17.47026000000001 3.770100000000002 44.99980000000002
vertex -15.202046666666675 3.0241266666666684 44.99980000000002
vertex -14.832373333333342 4.499506666666669 44.99980000000002
endloop
endfacet
facet normal 0 0 1
outer loop
vertex -17.47026000000001 3.770100000000002 44.99980000000002
vertex -14.832373333333342 4.499506666666669 44.99980000000002
vertex -18.95132000000001 4.499506666666669 44.99980000000002
endloop
endfacet
facet normal 0 0 1
outer loop
vertex 17.74006000000001 2.199580000000001 44.99980000000002
vertex 15.202046666666675 3.0241266666666684 44.99980000000002
vertex 15.425460000000008 1.5194000000000007 44.99980000000002
endloop
endfacet
facet normal 0 0 1
outer loop
vertex 17.74006000000001 2.199580000000001 44.99980000000002
vertex 15.425460000000008 1.5194000000000007 44.99980000000002
vertex 19.425126666666678 1.5194000000000007 44.99980000000002
endloop
endfacet
facet normal 0 0 1
outer loop
vertex 17.74006000000001 2.199580000000001 44.99980000000002
vertex 19.425126666666678 1.5194000000000007 44.99980000000002
vertex 19.406193333333345 1.911320000000001 44.99980000000002
endloop
endfacet
facet normal 0 0 1
outer loop
vertex 17.74006000000001 2.199580000000001 44.99980000000002
vertex 19.406193333333345 1.911320000000001 44.99980000000002
vertex 19.24100000000001 3.0241266666666684 44.99980000000002
endloop
endfacet
facet normal 0 0 1
outer loop
vertex 17.74006000000001 2.199580000000001 44.99980000000002
vertex 19.24100000000001 3.0241266666666684 44.99980000000002
vertex 15.202046666666675 3.0241266666666684 44.99980000000002
endloop
endfacet
facet normal 0 0 1
outer loop
vertex -17.74006000000001 2.199580000000001 44.99980000000002
vertex -19.24100000000001 3.0241266666666684 44.99980000000002
vertex -19.406193333333345 1.911320000000001 44.99980000000002
endloop
endfacet
facet normal 0 0 1
outer loop
vertex -17.74006000000001 2.199580000000001 44.99980000000002
vertex -19.406193333333345 1.911320000000001 44.99980000000002
vertex -19.425126666666678 1.5194000000000007 44.99980000000002
endloop
endfacet
facet normal 0 0 1
outer loop
vertex -17.74006000000001 2.199580000000001 44.99980000000002
vertex -19.425126666666678 1.5194000000000007 44.99980000000002
vertex -15.425460000000008 1.5194000000000007 44.99980000000002
endloop
endfacet
facet normal 0 0 1
outer loop
vertex -17.74006000000001 2.199580000000001 44.99980000000002
vertex -15.425460000000008 1.5194000000000007 44.99980000000002
vertex -15.202046666666675 3.0241266666666684 44.99980000000002
endloop
endfacet
facet normal 0 0 1
outer loop
vertex -17.74006000000001 2.199580000000001 44.99980000000002
vertex -15.202046666666675 3.0241266666666684 44.99980000000002
vertex -19.24100000000001 3.0241266666666684 44.99980000000002
endloop
endfacet
facet normal 0 0 1
outer loop
vertex 15.425460000000008 1.5194000000000007 44.99980000000002
vertex 15.49977333333334 0 44.99980000000002
vertex 19.499913333333343 0 44.99980000000002
endloop
endfacet
facet normal 0 0 1
outer loop
vertex 15.425460000000008 1.5194000000000007 44.99980000000002
vertex 19.499913333333343 0 44.99980000000002
vertex 19.425126666666678 1.5194000000000007 44.99980000000002
endloop
endfacet
facet normal 0 0 1
outer loop
vertex -19.425126666666678 1.5194000000000007 44.99980000000002
vertex -19.499913333333343 0 44.99980000000002
vertex -15.49977333333334 0 44.99980000000002
endloop
endfacet
facet normal 0 0 1
outer loop
vertex -19.425126666666678 1.5194000000000007 44.99980000000002
vertex -15.49977333333334 0 44.99980000000002
vertex -15.425460000000008 1.5194000000000007 44.99980000000002
endloop
endfacet
facet normal 0 0 1
outer loop
vertex 15.49977333333334 0 44.99980000000002
vertex 15.425460000000008 -1.5194000000000007 44.99980000000002
vertex 19.425126666666678 -1.5194000000000007 44.99980000000002
endloop
endfacet
facet normal 0 0 1
outer loop
vertex 15.49977333333334 0 44.99980000000002
vertex 19.425126666666678 -1.5194000000000007 44.99980000000002
vertex 19.499913333333343 0 44.99980000000002
endloop
endfacet
facet normal 0 0 1
outer loop
vertex -19.499913333333343 0 44.99980000000002
vertex -19.425126666666678 -1.5194000000000007 44.99980000000002
vertex -15.425460000000008 -1.5194000000000007 44.99980000000002
endloop
endfacet
facet normal 0 0 1
outer loop
vertex -19.499913333333343 0 44.99980000000002
vertex -15.425460000000008 -1.5194000000000007 44.99980000000002
vertex -15.49977333333334 0 44.99980000000002
endloop
endfacet
facet normal 0 0 1
outer loop
vertex 17.74006000000001 -2.199580000000001 44.99980000000002
vertex 15.425460000000008 -1.5194000000000007 44.99980000000002
vertex 15.202046666666675 -3.0241266666666684 44.99980000000002
endloop
endfacet
facet normal 0 0 1
outer loop
vertex 17.74006000000001 -2.199580000000001 44.99980000000002
vertex 15.202046666666675 -3.0241266666666684 44.99980000000002
vertex 19.24100000000001 -3.0241266666666684 44.99980000000002
endloop
endfacet
facet normal 0 0 1
outer loop
vertex 17.74006000000001 -2.199580000000001 44.99980000000002
vertex 19.24100000000001 -3.0241266666666684 44.99980000000002
vertex 19.406193333333345 -1.911320000000001 44.99980000000002
endloop
endfacet
facet normal 0 0 1
outer loop
vertex 17.74006000000001 -2.199580000000001 44.99980000000002
vertex 19.406193333333345 -1.911320000000001 44.99980000000002
vertex 19.425126666666678 -1.5194000000000007 44.99980000000002
endloop
endfacet
facet normal 0 0 1
outer loop
vertex 17.74006000000001 -2.199580000000001 44.99980000000002
vertex 19.425126666666678 -1.5194000000000007 44.99980000000002
vertex 15.425460000000008 -1.5194000000000007 44.99980000000002
endloop
endfacet
facet normal 0 0 1
outer loop
vertex -17.74006000000001 -2.199580000000001 44.99980000000002
vertex -19.425126666666678 -1.5194000000000007 44.99980000000002
vertex -19.406193333333345 -1.911320000000001 44.99980000000002
endloop
endfacet
facet normal 0 0 1
outer loop
vertex -17.74006000000001 -2.199580000000001 44.99980000000002
vertex -19.406193333333345 -1.911320000000001 44.99980000000002
vertex -19.24100000000001 -3.0241266666666684 44.99980000000002
endloop
endfacet
facet normal 0 0 1
outer loop
vertex -17.74006000000001 -2.199580000000001 44.99980000000002
vertex -19.24100000000001 -3.0241266666666684 44.99980000000002
vertex -15.202046666666675 -3.0241266666666684 44.99980000000002
endloop
endfacet
facet normal 0 0 1
outer loop
vertex -17.74006000000001 -2.199580000000001 44.99980000000002
vertex -15.202046666666675 -3.0241266666666684 44.99980000000002
vertex -15.425460000000008 -1.5194000000000007 44.99980000000002
endloop
endfacet
facet normal 0 0 1
outer loop
vertex -17.74006000000001 -2.199580000000001 44.99980000000002
vertex -15.425460000000008 -1.5194000000000007 44.99980000000002
vertex -19.425126666666678 -1.5194000000000007 44.99980000000002
endloop
endfacet
facet normal 0 0 0.9999999999999999
outer loop
vertex 17.47026000000001 -3.770100000000002 44.99980000000002
vertex 15.202046666666675 -3.0241266666666684 44.99980000000002
vertex 14.832373333333342 -4.499506666666669 44.99980000000002
endloop
endfacet
facet normal 0 0 1
outer loop
vertex 17.47026000000001 -3.770100000000002 44.99980000000002
vertex 14.832373333333342 -4.499506666666669 44.99980000000002
vertex 18.95132000000001 -4.499506666666669 44.99980000000002
endloop
endfacet
facet normal 0 0 1
outer loop
vertex 17.47026000000001 -3.770100000000002 44.99980000000002
vertex 18.95132000000001 -4.499506666666669 44.99980000000002
vertex 19.125506666666677 -3.804180000000002 44.99980000000002
endloop
endfacet
facet normal 0 0 0.9999999999999999
outer loop
vertex 17.47026000000001 -3.770100000000002 44.99980000000002
vertex 19.125506666666677 -3.804180000000002 44.99980000000002
vertex 19.24100000000001 -3.0241266666666684 44.99980000000002
endloop
endfacet
facet normal 0 0 1
outer loop
vertex 17.47026000000001 -3.770100000000002 44.99980000000002
vertex 19.24100000000001 -3.0241266666666684 44.99980000000002
vertex 15.202046666666675 -3.0241266666666684 44.99980000000002
endloop
endfacet
facet normal 0 0 0.9999999999999999
outer loop
vertex -17.47026000000001 -3.770100000000002 44.99980000000002
vertex -19.24100000000001 -3.0241266666666684 44.99980000000002
vertex -19.125506666666677 -3.804180000000002 44.99980000000002
endloop
endfacet
facet normal 0 0 1
outer loop
vertex -17.47026000000001 -3.770100000000002 44.99980000000002
vertex -19.125506666666677 -3.804180000000002 44.99980000000002
vertex -18.95132000000001 -4.499506666666669 44.99980000000002
endloop
endfacet
facet normal 0 0 1
outer loop
vertex -17.47026000000001 -3.770100000000002 44.99980000000002
vertex -18.95132000000001 -4.499506666666669 44.99980000000002
vertex -14.832373333333342 -4.499506666666669 44.99980000000002
endloop
endfacet
facet normal 0 0 0.9999999999999999
outer loop
vertex -17.47026000000001 -3.770100000000002 44.99980000000002
vertex -14.832373333333342 -4.499506666666669 44.99980000000002
vertex -15.202046666666675 -3.0241266666666684 44.99980000000002
endloop
endfacet
facet normal 0 0 1
outer loop
vertex -17.47026000000001 -3.770100000000002 44.99980000000002
vertex -15.202046666666675 -3.0241266666666684 44.99980000000002
vertex -19.24100000000001 -3.0241266666666684 44.99980000000002
endloop
endfacet
facet normal 0 0 1
outer loop
vertex 17.06556000000001 -5.304646666666669 44.99980000000002
vertex 14.832373333333342 -4.499506666666669 44.99980000000002
vertex 14.320226666666674 -5.931813333333336 44.99980000000002
endloop
endfacet
facet normal 0 0 1
outer loop
vertex 17.06556000000001 -5.304646666666669 44.99980000000002
vertex 14.320226666666674 -5.931813333333336 44.99980000000002
vertex 18.563186666666677 -5.931813333333336 44.99980000000002
endloop
endfacet
facet normal 0 0 1
outer loop
vertex 17.06556000000001 -5.304646666666669 44.99980000000002
vertex 18.563186666666677 -5.931813333333336 44.99980000000002
vertex 18.66022000000001 -5.6605933333333365 44.99980000000002
endloop
endfacet
facet normal 0 0 1
outer loop
vertex 17.06556000000001 -5.304646666666669 44.99980000000002
vertex 18.66022000000001 -5.6605933333333365 44.99980000000002
vertex 18.95132000000001 -4.499506666666669 44.99980000000002
endloop
endfacet
facet normal 0 0 1
outer loop
vertex 17.06556000000001 -5.304646666666669 44.99980000000002
vertex 18.95132000000001 -4.499506666666669 44.99980000000002
vertex 14.832373333333342 -4.499506666666669 44.99980000000002
endloop
endfacet
facet normal 0 0 1
outer loop
vertex -17.06556000000001 -5.304646666666669 44.99980000000002
vertex -18.95132000000001 -4.499506666666669 44.99980000000002
vertex -18.66022000000001 -5.6605933333333365 44.99980000000002
endloop
endfacet
facet normal 0 0 1
outer loop
vertex -17.06556000000001 -5.304646666666669 44.99980000000002
vertex -18.66022000000001 -5.6605933333333365 44.99980000000002
vertex -18.563186666666677 -5.931813333333336 44.99980000000002
endloop
endfacet
facet normal 0 0 1
outer loop
vertex -17.06556000000001 -5.304646666666669 44.99980000000002
vertex -18.563186666666677 -5.931813333333336 44.99980000000002
vertex -14.320226666666674 -5.931813333333336 44.99980000000002
endloop
endfacet
facet normal 0 0 1
outer loop
vertex -17.06556000000001 -5.304646666666669 44.99980000000002
vertex -14.320226666666674 -5.931813333333336 44.99980000000002
vertex -14.832373333333342 -4.499506666666669 44.99980000000002
endloop
endfacet
facet normal 0 0 1
outer loop
vertex -17.06556000000001 -5.304646666666669 44.99980000000002
vertex -14.832373333333342 -4.499506666666669 44.99980000000002
vertex -18.95132000000001 -4.499506666666669 44.99980000000002
endloop
endfacet
facet normal 0 0 1
outer loop
vertex 14.320226666666674 -5.931813333333336 44.99980000000002
vertex 13.669866666666675 -7.3068466666666705 44.99980000000002
vertex 18.071393333333344 -7.3068466666666705 44.99980000000002
endloop
endfacet
facet normal 0 0 1
outer loop
vertex 14.320226666666674 -5.931813333333336 44.99980000000002
vertex 18.071393333333344 -7.3068466666666705 44.99980000000002
vertex 18.563186666666677 -5.931813333333336 44.99980000000002
endloop
endfacet
facet normal 0 0 1
outer loop
vertex -18.563186666666677 -5.931813333333336 44.99980000000002
vertex -18.071393333333344 -7.3068466666666705 44.99980000000002
vertex -13.669866666666675 -7.3068466666666705 44.99980000000002
endloop
endfacet
facet normal 0 0 1
outer loop
vertex -18.563186666666677 -5.931813333333336 44.99980000000002
vertex -13.669866666666675 -7.3068466666666705 44.99980000000002
vertex -14.320226666666674 -5.931813333333336 44.99980000000002
endloop
endfacet
facet normal 0 0 1
outer loop
vertex 16.023280000000007 -7.859700000000004 44.99980000000002
vertex 13.669866666666675 -7.3068466666666705 44.99980000000002
vertex 12.887920000000006 -8.611353333333337 44.99980000000002
endloop
endfacet
facet normal 0 0 1
outer loop
vertex 16.023280000000007 -7.859700000000004 44.99980000000002
vertex 12.887920000000006 -8.611353333333337 44.99980000000002
vertex 17.472153333333342 -8.611353333333337 44.99980000000002
endloop
endfacet
facet normal 0 0 1
outer loop
vertex 16.023280000000007 -7.859700000000004 44.99980000000002
vertex 17.472153333333342 -8.611353333333337 44.99980000000002
vertex 18.01554000000001 -7.462100000000004 44.99980000000002
endloop
endfacet
facet normal 0 0 1
outer loop
vertex 16.023280000000007 -7.859700000000004 44.99980000000002
vertex 18.01554000000001 -7.462100000000004 44.99980000000002
vertex 18.071393333333344 -7.3068466666666705 44.99980000000002
endloop
endfacet
facet normal 0 0 1
outer loop
vertex 16.023280000000007 -7.859700000000004 44.99980000000002
vertex 18.071393333333344 -7.3068466666666705 44.99980000000002
vertex 13.669866666666675 -7.3068466666666705 44.99980000000002
endloop
endfacet
facet normal 0 0 1
outer loop
vertex -16.023280000000007 -7.859700000000004 44.99980000000002
vertex -18.071393333333344 -7.3068466666666705 44.99980000000002
vertex -18.01554000000001 -7.462100000000004 44.99980000000002
endloop
endfacet
facet normal 0 0 1
outer loop
vertex -16.023280000000007 -7.859700000000004 44.99980000000002
vertex -18.01554000000001 -7.462100000000004 44.99980000000002
vertex -17.472153333333342 -8.611353333333337 44.99980000000002
endloop
endfacet
facet normal 0 0 1
outer loop
vertex -16.023280000000007 -7.859700000000004 44.99980000000002
vertex -17.472153333333342 -8.611353333333337 44.99980000000002
vertex -12.887920000000006 -8.611353333333337 44.99980000000002
endloop
endfacet
facet normal 0 0 1
outer loop
vertex -16.023280000000007 -7.859700000000004 44.99980000000002
vertex -12.887920000000006 -8.611353333333337 44.99980000000002
vertex -13.669866666666675 -7.3068466666666705 44.99980000000002
endloop
endfacet
facet normal 0 0 1
outer loop
vertex -16.023280000000007 -7.859700000000004 44.99980000000002
vertex -13.669866666666675 -7.3068466666666705 44.99980000000002
vertex -18.071393333333344 -7.3068466666666705 44.99980000000002
endloop
endfacet
facet normal 0 0 1
outer loop
vertex 15.270680000000008 -9.216273333333339 44.99980000000002
vertex 12.887920000000006 -8.611353333333337 44.99980000000002
vertex 11.981486666666672 -9.833026666666672 44.99980000000002
endloop
endfacet
facet normal 0 0 0.9999999999999999
outer loop
vertex 15.270680000000008 -9.216273333333339 44.99980000000002
vertex 11.981486666666672 -9.833026666666672 44.99980000000002
vertex 16.813273333333342 -9.833026666666672 44.99980000000002
endloop
endfacet
facet normal 0 0 1
outer loop
vertex 15.270680000000008 -9.216273333333339 44.99980000000002
vertex 16.813273333333342 -9.833026666666672 44.99980000000002
vertex 17.197620000000008 -9.192133333333338 44.99980000000002
endloop
endfacet
facet normal 0 0 1
outer loop
vertex 15.270680000000008 -9.216273333333339 44.99980000000002
vertex 17.197620000000008 -9.192133333333338 44.99980000000002
vertex 17.472153333333342 -8.611353333333337 44.99980000000002
endloop
endfacet
facet normal 0 0 1
outer loop
vertex 15.270680000000008 -9.216273333333339 44.99980000000002
vertex 17.472153333333342 -8.611353333333337 44.99980000000002
vertex 12.887920000000006 -8.611353333333337 44.99980000000002
endloop
endfacet
facet normal 0 0 1
outer loop
vertex -15.270680000000008 -9.216273333333339 44.99980000000002
vertex -17.472153333333342 -8.611353333333337 44.99980000000002
vertex -17.197620000000008 -9.192133333333338 44.99980000000002
endloop
endfacet
facet normal 0 0 1
outer loop
vertex -15.270680000000008 -9.216273333333339 44.99980000000002
vertex -17.197620000000008 -9.192133333333338 44.99980000000002
vertex -16.813273333333342 -9.833026666666672 44.99980000000002
endloop
endfacet
facet normal 0 0 0.9999999999999999
outer loop
vertex -15.270680000000008 -9.216273333333339 44.99980000000002
vertex -16.813273333333342 -9.833026666666672 44.99980000000002
vertex -11.981486666666672 -9.833026666666672 44.99980000000002
endloop
endfacet
facet normal 0 0 1
outer loop
vertex -15.270680000000008 -9.216273333333339 44.99980000000002
vertex -11.981486666666672 -9.833026666666672 44.99980000000002
vertex -12.887920000000006 -8.611353333333337 44.99980000000002
endloop
endfacet
facet normal 0 0 1
outer loop
vertex -15.270680000000008 -9.216273333333339 44.99980000000002
vertex -12.887920000000006 -8.611353333333337 44.99980000000002
vertex -17.472153333333342 -8.611353333333337 44.99980000000002
endloop
endfacet
facet normal 0 0 1
outer loop
vertex 14.417733333333342 -10.483860000000005 44.99980000000002
vertex 11.981486666666672 -9.833026666666672 44.99980000000002
vertex 10.960033333333339 -10.960033333333339 44.99980000000002
endloop
endfacet
facet normal 0 0 1
outer loop
vertex 14.417733333333342 -10.483860000000005 44.99980000000002
vertex 10.960033333333339 -10.960033333333339 44.99980000000002
vertex 16.119840000000007 -10.960033333333339 44.99980000000002
endloop
endfacet
facet normal 0 0 1
outer loop
vertex 14.417733333333342 -10.483860000000005 44.99980000000002
vertex 16.119840000000007 -10.960033333333339 44.99980000000002
vertex 16.213560000000008 -10.83365333333334 44.99980000000002
endloop
endfacet
facet normal 0 0 1
outer loop
vertex 14.417733333333342 -10.483860000000005 44.99980000000002
vertex 16.213560000000008 -10.83365333333334 44.99980000000002
vertex 16.813273333333342 -9.833026666666672 44.99980000000002
endloop
endfacet
facet normal 0 0 1
outer loop
vertex 14.417733333333342 -10.483860000000005 44.99980000000002
vertex 16.813273333333342 -9.833026666666672 44.99980000000002
vertex 11.981486666666672 -9.833026666666672 44.99980000000002
endloop
endfacet
facet normal 0 0 1
outer loop
vertex -14.417733333333342 -10.483860000000005 44.99980000000002
vertex -16.813273333333342 -9.833026666666672 44.99980000000002
vertex -16.213560000000008 -10.83365333333334 44.99980000000002
endloop
endfacet
facet normal 0 0 1
outer loop
vertex -14.417733333333342 -10.483860000000005 44.99980000000002
vertex -16.213560000000008 -10.83365333333334 44.99980000000002
vertex -16.119840000000007 -10.960033333333339 44.99980000000002
endloop
endfacet
facet normal 0 0 1
outer loop
vertex -14.417733333333342 -10.483860000000005 44.99980000000002
vertex -16.119840000000007 -10.960033333333339 44.99980000000002
vertex -10.960033333333339 -10.960033333333339 44.99980000000002
endloop
endfacet
facet normal 0 0 1
outer loop
vertex -14.417733333333342 -10.483860000000005 44.99980000000002
vertex -10.960033333333339 -10.960033333333339 44.99980000000002
vertex -11.981486666666672 -9.833026666666672 44.99980000000002
endloop
endfacet
facet normal 0 0 1
outer loop
vertex -14.417733333333342 -10.483860000000005 44.99980000000002
vertex -11.981486666666672 -9.833026666666672 44.99980000000002
vertex -16.813273333333342 -9.833026666666672 44.99980000000002
endloop
endfacet
facet normal 0 0 1
outer loop
vertex 10.960033333333339 -10.960033333333339 44.99980000000002
vertex 9.833026666666672 -11.981486666666672 44.99980000000002
vertex 15.362033333333342 -11.981486666666672 44.99980000000002
endloop
endfacet
facet normal 0 0 1
outer loop
vertex 10.960033333333339 -10.960033333333339 44.99980000000002
vertex 15.362033333333342 -11.981486666666672 44.99980000000002
vertex 16.119840000000007 -10.960033333333339 44.99980000000002
endloop
endfacet
facet normal 0 0 1
outer loop
vertex -16.119840000000007 -10.960033333333339 44.99980000000002
vertex -15.362033333333342 -11.981486666666672 44.99980000000002
vertex -9.833026666666672 -11.981486666666672 44.99980000000002
endloop
endfacet
facet normal 0 0 1
outer loop
vertex -16.119840000000007 -10.960033333333339 44.99980000000002
vertex -9.833026666666672 -11.981486666666672 44.99980000000002
vertex -10.960033333333339 -10.960033333333339 44.99980000000002
endloop
endfacet
facet normal 0 0 1
outer loop
vertex 12.697166666666673 -12.421686666666673 44.99980000000002
vertex 9.833026666666672 -11.981486666666672 44.99980000000002
vertex 8.611353333333337 -12.887920000000006 44.99980000000002
endloop
endfacet
facet normal 0 0 1
outer loop
vertex 12.697166666666673 -12.421686666666673 44.99980000000002
vertex 8.611353333333337 -12.887920000000006 44.99980000000002
vertex 14.60517333333334 -12.887920000000006 44.99980000000002
endloop
endfacet
facet normal 0 0 1
outer loop
vertex 12.697166666666673 -12.421686666666673 44.99980000000002
vertex 14.60517333333334 -12.887920000000006 44.99980000000002
vertex 15.07377333333334 -12.370566666666672 44.99980000000002
endloop
endfacet
facet normal 0 0 0.9999999999999999
outer loop
vertex 12.697166666666673 -12.421686666666673 44.99980000000002
vertex 15.07377333333334 -12.370566666666672 44.99980000000002
vertex 15.362033333333342 -11.981486666666672 44.99980000000002
endloop
endfacet
facet normal 0 0 1
outer loop
vertex 12.697166666666673 -12.421686666666673 44.99980000000002
vertex 15.362033333333342 -11.981486666666672 44.99980000000002
vertex 9.833026666666672 -11.981486666666672 44.99980000000002
endloop
endfacet
facet normal 0 0 0.9999999999999999
outer loop
vertex -12.697166666666673 -12.421686666666673 44.99980000000002
vertex -15.362033333333342 -11.981486666666672 44.99980000000002
vertex -15.07377333333334 -12.370566666666672 44.99980000000002
endloop
endfacet
facet normal 0 0 1
outer loop
vertex -12.697166666666673 -12.421686666666673 44.99980000000002
vertex -15.07377333333334 -12.370566666666672 44.99980000000002
vertex -14.60517333333334 -12.887920000000006 44.99980000000002
endloop
endfacet
facet normal 0 0 1
outer loop
vertex -12.697166666666673 -12.421686666666673 44.99980000000002
vertex -14.60517333333334 -12.887920000000006 44.99980000000002
vertex -8.611353333333337 -12.887920000000006 44.99980000000002
endloop
endfacet
facet normal 0 0 1
outer loop
vertex -12.697166666666673 -12.421686666666673 44.99980000000002
vertex -8.611353333333337 -12.887920000000006 44.99980000000002
vertex -9.833026666666672 -11.981486666666672 44.99980000000002
endloop
endfacet
facet normal 0 0 1
outer loop
vertex -12.697166666666673 -12.421686666666673 44.99980000000002
vertex -9.833026666666672 -11.981486666666672 44.99980000000002
vertex -15.362033333333342 -11.981486666666672 44.99980000000002
endloop
endfacet
facet normal 0 0 1
outer loop
vertex 8.611353333333337 -12.887920000000006 44.99980000000002
vertex 7.3068466666666705 -13.669866666666675 44.99980000000002
vertex 13.896120000000007 -13.669866666666675 44.99980000000002
endloop
endfacet
facet normal 0 0 1
outer loop
vertex 8.611353333333337 -12.887920000000006 44.99980000000002
vertex 13.896120000000007 -13.669866666666675 44.99980000000002
vertex 14.60517333333334 -12.887920000000006 44.99980000000002
endloop
endfacet
facet normal 0 0 1
outer loop
vertex -14.60517333333334 -12.887920000000006 44.99980000000002
vertex -13.896120000000007 -13.669866666666675 44.99980000000002
vertex -7.3068466666666705 -13.669866666666675 44.99980000000002
endloop
endfacet
facet normal 0 0 1
outer loop
vertex -14.60517333333334 -12.887920000000006 44.99980000000002
vertex -7.3068466666666705 -13.669866666666675 44.99980000000002
vertex -8.611353333333337 -12.887920000000006 44.99980000000002
endloop
endfacet
facet normal 0 0 1
outer loop
vertex 10.825133333333339 -13.953866666666674 44.99980000000002
vertex 7.3068466666666705 -13.669866666666675 44.99980000000002
vertex 5.931813333333336 -14.320226666666674 44.99980000000002
endloop
endfacet
facet normal 0 0 1
outer loop
vertex 10.825133333333339 -13.953866666666674 44.99980000000002
vertex 5.931813333333336 -14.320226666666674 44.99980000000002
vertex 13.20221333333334 -14.320226666666674 44.99980000000002
endloop
endfacet
facet normal 0 0 1
outer loop
vertex 10.825133333333339 -13.953866666666674 44.99980000000002
vertex 13.20221333333334 -14.320226666666674 44.99980000000002
vertex 13.78867333333334 -13.78867333333334 44.99980000000002
endloop
endfacet
facet normal 0 0 0.9999999999999999
outer loop
vertex 10.825133333333339 -13.953866666666674 44.99980000000002
vertex 13.78867333333334 -13.78867333333334 44.99980000000002
vertex 13.896120000000007 -13.669866666666675 44.99980000000002
endloop
endfacet
facet normal 0 0 1
outer loop
vertex 10.825133333333339 -13.953866666666674 44.99980000000002
vertex 13.896120000000007 -13.669866666666675 44.99980000000002
vertex 7.3068466666666705 -13.669866666666675 44.99980000000002
endloop
endfacet
facet normal 0 0 0.9999999999999999
outer loop
vertex -10.825133333333339 -13.953866666666674 44.99980000000002
vertex -13.896120000000007 -13.669866666666675 44.99980000000002
vertex -13.78867333333334 -13.78867333333334 44.99980000000002
endloop
endfacet
facet normal 0 0 1
outer loop
vertex -10.825133333333339 -13.953866666666674 44.99980000000002
vertex -13.78867333333334 -13.78867333333334 44.99980000000002
vertex -13.20221333333334 -14.320226666666674 44.99980000000002
endloop
endfacet
facet normal 0 0 1
outer loop
vertex -10.825133333333339 -13.953866666666674 44.99980000000002
vertex -13.20221333333334 -14.320226666666674 44.99980000000002
vertex -5.931813333333336 -14.320226666666674 44.99980000000002
endloop
endfacet
facet normal 0 0 1
outer loop
vertex -10.825133333333339 -13.953866666666674 44.99980000000002
vertex -5.931813333333336 -14.320226666666674 44.99980000000002
vertex -7.3068466666666705 -13.669866666666675 44.99980000000002
endloop
endfacet
facet normal 0 0 1
outer loop
vertex -10.825133333333339 -13.953866666666674 44.99980000000002
vertex -7.3068466666666705 -13.669866666666675 44.99980000000002
vertex -13.896120000000007 -13.669866666666675 44.99980000000002
endloop
endfacet
facet normal 0 0 1
outer loop
vertex 5.931813333333336 -14.320226666666674 44.99980000000002
vertex 4.499506666666669 -14.832373333333342 44.99980000000002
vertex 12.636580000000007 -14.832373333333342 44.99980000000002
endloop
endfacet
facet normal 0 0 0.9999999999999999
outer loop
vertex 5.931813333333336 -14.320226666666674 44.99980000000002
vertex 12.636580000000007 -14.832373333333342 44.99980000000002
vertex 13.20221333333334 -14.320226666666674 44.99980000000002
endloop
endfacet
facet normal 0 0 1
outer loop
vertex -13.20221333333334 -14.320226666666674 44.99980000000002
vertex -12.636580000000007 -14.832373333333342 44.99980000000002
vertex -4.499506666666669 -14.832373333333342 44.99980000000002
endloop
endfacet
facet normal 0 0 0.9999999999999999
outer loop
vertex -13.20221333333334 -14.320226666666674 44.99980000000002
vertex -4.499506666666669 -14.832373333333342 44.99980000000002
vertex -5.931813333333336 -14.320226666666674 44.99980000000002
endloop
endfacet
facet normal 0 0 1
outer loop
vertex 8.945526666666671 -15.028333333333341 44.99980000000002
vertex 4.499506666666669 -14.832373333333342 44.99980000000002
vertex 3.0241266666666684 -15.202046666666675 44.99980000000002
endloop
endfacet
facet normal 0 0 1
outer loop
vertex 8.945526666666671 -15.028333333333341 44.99980000000002
vertex 3.0241266666666684 -15.202046666666675 44.99980000000002
vertex 12.197326666666672 -15.202046666666675 44.99980000000002
endloop
endfacet
facet normal 0 0 1
outer loop
vertex 8.945526666666671 -15.028333333333341 44.99980000000002
vertex 12.197326666666672 -15.202046666666675 44.99980000000002
vertex 12.370566666666672 -15.07377333333334 44.99980000000002
endloop
endfacet
facet normal 0 0 1
outer loop
vertex 8.945526666666671 -15.028333333333341 44.99980000000002
vertex 12.370566666666672 -15.07377333333334 44.99980000000002
vertex 12.636580000000007 -14.832373333333342 44.99980000000002
endloop
endfacet
facet normal 0 0 1
outer loop
vertex 8.945526666666671 -15.028333333333341 44.99980000000002
vertex 12.636580000000007 -14.832373333333342 44.99980000000002
vertex 4.499506666666669 -14.832373333333342 44.99980000000002
endloop
endfacet
facet normal 0 0 1
outer loop
vertex -8.945526666666671 -15.028333333333341 44.99980000000002
vertex -12.636580000000007 -14.832373333333342 44.99980000000002
vertex -12.370566666666672 -15.07377333333334 44.99980000000002
endloop
endfacet
facet normal 0 0 1
outer loop
vertex -8.945526666666671 -15.028333333333341 44.99980000000002
vertex -12.370566666666672 -15.07377333333334 44.99980000000002
vertex -12.197326666666672 -15.202046666666675 44.99980000000002
endloop
endfacet
facet normal 0 0 1
outer loop
vertex -8.945526666666671 -15.028333333333341 44.99980000000002
vertex -12.197326666666672 -15.202046666666675 44.99980000000002
vertex -3.0241266666666684 -15.202046666666675 44.99980000000002
endloop
endfacet
facet normal 0 0 1
outer loop
vertex -8.945526666666671 -15.028333333333341 44.99980000000002
vertex -3.0241266666666684 -15.202046666666675 44.99980000000002
vertex -4.499506666666669 -14.832373333333342 44.99980000000002
endloop
endfacet
facet normal 0 0 1
outer loop
vertex -8.945526666666671 -15.028333333333341 44.99980000000002
vertex -4.499506666666669 -14.832373333333342 44.99980000000002
vertex -12.636580000000007 -14.832373333333342 44.99980000000002
endloop
endfacet
facet normal 0 0 1
outer loop
vertex 3.0241266666666684 -15.202046666666675 44.99980000000002
vertex 1.5194000000000007 -15.425460000000008 44.99980000000002
vertex 11.896286666666672 -15.425460000000008 44.99980000000002
endloop
endfacet
facet normal 0 0 1
outer loop
vertex 3.0241266666666684 -15.202046666666675 44.99980000000002
vertex 11.896286666666672 -15.425460000000008 44.99980000000002
vertex 12.197326666666672 -15.202046666666675 44.99980000000002
endloop
endfacet
facet normal 0 0 1
outer loop
vertex -12.197326666666672 -15.202046666666675 44.99980000000002
vertex -11.896286666666672 -15.425460000000008 44.99980000000002
vertex -1.5194000000000007 -15.425460000000008 44.99980000000002
endloop
endfacet
facet normal 0 0 1
outer loop
vertex -12.197326666666672 -15.202046666666675 44.99980000000002
vertex -1.5194000000000007 -15.425460000000008 44.99980000000002
vertex -3.0241266666666684 -15.202046666666675 44.99980000000002
endloop
endfacet
facet normal 0 0 1
outer loop
vertex 1.5194000000000007 -15.425460000000008 44.99980000000002
vertex 0 -15.49977333333334 44.99980000000002
vertex 11.795940000000007 -15.49977333333334 44.99980000000002
endloop
endfacet
facet normal 0 0 1
outer loop
vertex 1.5194000000000007 -15.425460000000008 44.99980000000002
vertex 11.795940000000007 -15.49977333333334 44.99980000000002
vertex 11.896286666666672 -15.425460000000008 44.99980000000002
endloop
endfacet
facet normal 0 0 0.9999999999999999
outer loop
vertex -11.896286666666672 -15.425460000000008 44.99980000000002
vertex -11.795940000000007 -15.49977333333334 44.99980000000002
vertex 0 -15.49977333333334 44.99980000000002
endloop
endfacet
facet normal 0 0 1
outer loop
vertex -11.896286666666672 -15.425460000000008 44.99980000000002
vertex 0 -15.49977333333334 44.99980000000002
vertex -1.5194000000000007 -15.425460000000008 44.99980000000002
endloop
endfacet
facet normal 0 0 1
outer loop
vertex 0 -17.702193333333344 44.99980000000002
vertex 0 -15.49977333333334 44.99980000000002
vertex -11.795940000000007 -15.49977333333334 44.99980000000002
endloop
endfacet
facet normal 0 0 0.9999999999999999
outer loop
vertex 0 -17.702193333333344 44.99980000000002
vertex -11.795940000000007 -15.49977333333334 44.99980000000002
vertex -10.83365333333334 -16.213560000000008 44.99980000000002
endloop
endfacet
facet normal 0 0 1
outer loop
vertex 0 -17.702193333333344 44.99980000000002
vertex -10.83365333333334 -16.213560000000008 44.99980000000002
vertex -9.192133333333338 -17.197620000000008 44.99980000000002
endloop
endfacet
facet normal 0 0 1
outer loop
vertex 0 -17.702193333333344 44.99980000000002
vertex -9.192133333333338 -17.197620000000008 44.99980000000002
vertex -7.462100000000004 -18.01554000000001 44.99980000000002
endloop
endfacet
facet normal 0 0 0.9999999999999999
outer loop
vertex 0 -17.702193333333344 44.99980000000002
vertex -7.462100000000004 -18.01554000000001 44.99980000000002
vertex -5.6605933333333365 -18.66022000000001 44.99980000000002
endloop
endfacet
facet normal 0 0 1
outer loop
vertex 0 -17.702193333333344 44.99980000000002
vertex -5.6605933333333365 -18.66022000000001 44.99980000000002
vertex -3.804180000000002 -19.125506666666677 44.99980000000002
endloop
endfacet
facet normal 0 0 1
outer loop
vertex 0 -17.702193333333344 44.99980000000002
vertex -3.804180000000002 -19.125506666666677 44.99980000000002
vertex -1.911320000000001 -19.406193333333345 44.99980000000002
endloop
endfacet
facet normal 0 0 1
outer loop
vertex 0 -17.702193333333344 44.99980000000002
vertex -1.911320000000001 -19.406193333333345 44.99980000000002
vertex 0 -19.499913333333343 44.99980000000002
endloop
endfacet
facet normal 0 0 1
outer loop
vertex 0 -17.702193333333344 44.99980000000002
vertex 0 -19.499913333333343 44.99980000000002
vertex 1.911320000000001 -19.406193333333345 44.99980000000002
endloop
endfacet
facet normal 0 0 1
outer loop
vertex 0 -17.702193333333344 44.99980000000002
vertex 1.911320000000001 -19.406193333333345 44.99980000000002
vertex 3.804180000000002 -19.125506666666677 44.99980000000002
endloop
endfacet
facet normal 0 0 1
outer loop
vertex 0 -17.702193333333344 44.99980000000002
vertex 3.804180000000002 -19.125506666666677 44.99980000000002
vertex 5.6605933333333365 -18.66022000000001 44.99980000000002
endloop
endfacet
facet normal 0 0 0.9999999999999999
outer loop
vertex 0 -17.702193333333344 44.99980000000002
vertex 5.6605933333333365 -18.66022000000001 44.99980000000002
vertex 7.462100000000004 -18.01554000000001 44.99980000000002
endloop
endfacet
facet normal 0 0 1
outer loop
vertex 0 -17.702193333333344 44.99980000000002
vertex 7.462100000000004 -18.01554000000001 44.99980000000002
vertex 9.192133333333338 -17.197620000000008 44.99980000000002
endloop
endfacet
facet normal 0 0 1
outer loop
vertex 0 -17.702193333333344 44.99980000000002
vertex 9.192133333333338 -17.197620000000008 44.99980000000002
vertex 10.83365333333334 -16.213560000000008 44.99980000000002
endloop
endfacet
facet normal 0 0 0.9999999999999999
outer loop
vertex 0 -17.702193333333344 44.99980000000002
vertex 10.83365333333334 -16.213560000000008 44.99980000000002
vertex 11.795940000000007 -15.49977333333334 44.99980000000002
endloop
endfacet
facet normal 0 0 1
outer loop
vertex 0 -17.702193333333344 44.99980000000002
vertex 11.795940000000007 -15.49977333333334 44.99980000000002
vertex 0 -15.49977333333334 44.99980000000002
endloop
endfacet
facet normal 0.9987980643894553 0.049014554694270386 0
outer loop
vertex 19.500020000000003 0 50.00003000000001
vertex 19.500020000000003 0 45.00011000000001
vertex 19.406230000000004 1.9112133333333337 45.00011000000001
endloop
endfacet
facet normal 0.9987980643894553 0.049014554694270386 0
outer loop
vertex 19.500020000000003 0 50.00003000000001
vertex 19.406230000000004 1.9112133333333337 45.00011000000001
vertex 19.406230000000004 1.9112133333333337 50.00003000000001
endloop
endfacet
facet normal 0.9891747226330291 0.14674252316172706 0
outer loop
vertex 19.406230000000004 1.9112133333333337 50.00003000000001
vertex 19.406230000000004 1.9112133333333337 45.00011000000001
vertex 19.125413333333334 3.804166666666667 45.00011000000001
endloop
endfacet
facet normal 0.9891747226330291 0.14674252316172706 0
outer loop
vertex 19.406230000000004 1.9112133333333337 50.00003000000001
vertex 19.125413333333334 3.804166666666667 45.00011000000001
vertex 19.125413333333334 3.804166666666667 50.00003000000001
endloop
endfacet
facet normal 0.9700233306977957 0.24301180609582532 0
outer loop
vertex 19.125413333333334 3.804166666666667 50.00003000000001
vertex 19.125413333333334 3.804166666666667 45.00011000000001
vertex 18.66033666666667 5.6606000000000005 45.00011000000001
endloop
endfacet
facet normal 0.9700233306977957 0.24301180609582532 0
outer loop
vertex 19.125413333333334 3.804166666666667 50.00003000000001
vertex 18.66033666666667 5.6606000000000005 45.00011000000001
vertex 18.66033666666667 5.6606000000000005 50.00003000000001
endloop
endfacet
facet normal 0.9415454803557817 0.3368858982231228 0
outer loop
vertex 18.66033666666667 5.6606000000000005 50.00003000000001
vertex 18.66033666666667 5.6606000000000005 45.00011000000001
vertex 18.015703333333335 7.462253333333335 45.00011000000001
endloop
endfacet
facet normal 0.9415454803557817 0.3368858982231228 0
outer loop
vertex 18.66033666666667 5.6606000000000005 50.00003000000001
vertex 18.015703333333335 7.462253333333335 45.00011000000001
vertex 18.015703333333335 7.462253333333335 50.00003000000001
endloop
endfacet
facet normal 0.904014366548463 0.42750207610487845 0
outer loop
vertex 18.015703333333335 7.462253333333335 50.00003000000001
vertex 18.015703333333335 7.462253333333335 45.00011000000001
vertex 17.1976 9.192250000000001 45.00011000000001
endloop
endfacet
facet normal 0.904014366548463 0.42750207610487845 0
outer loop
vertex 18.015703333333335 7.462253333333335 50.00003000000001
vertex 17.1976 9.192250000000001 45.00011000000001
vertex 17.1976 9.192250000000001 50.00003000000001
endloop
endfacet
facet normal 0.8577351983126333 0.5140917520983852 0
outer loop
vertex 17.1976 9.192250000000001 50.00003000000001
vertex 17.1976 9.192250000000001 45.00011000000001
vertex 16.213773333333336 10.833713333333336 45.00011000000001
endloop
endfacet
facet normal 0.8577351983126333 0.5140917520983852 0
outer loop
vertex 17.1976 9.192250000000001 50.00003000000001
vertex 16.213773333333336 10.833713333333336 45.00011000000001
vertex 16.213773333333336 10.833713333333336 50.00003000000001
endloop
endfacet
facet normal 0.8031292714437719 0.5958048114527075 0
outer loop
vertex 16.213773333333336 10.833713333333336 50.00003000000001
vertex 16.213773333333336 10.833713333333336 45.00011000000001
vertex 15.073630000000001 12.370596666666668 45.00011000000001
endloop
endfacet
facet normal 0.8031292714437719 0.5958048114527075 0
outer loop
vertex 16.213773333333336 10.833713333333336 50.00003000000001
vertex 15.073630000000001 12.370596666666668 45.00011000000001
vertex 15.073630000000001 12.370596666666668 50.00003000000001
endloop
endfacet
facet normal 0.7409437985109212 0.6715670383507206 -0.000021190776675786184
outer loop
vertex 14.489033333333335 13.015506666666669 47.50007000000001
vertex 14.604956666666668 12.887686666666669 50.00003000000001
vertex 15.073630000000001 12.370596666666668 50.00003000000001
endloop
endfacet
facet normal 0.7409029247765623 0.6716121321548142 0
outer loop
vertex 14.489033333333335 13.015506666666669 47.50007000000001
vertex 15.073630000000001 12.370596666666668 50.00003000000001
vertex 15.073630000000001 12.370596666666668 45.00011000000001
endloop
endfacet
facet normal 0.7409437985109212 0.6715670383507206 0.000021190776675786184
outer loop
vertex 14.489033333333335 13.015506666666669 47.50007000000001
vertex 15.073630000000001 12.370596666666668 45.00011000000001
vertex 14.604956666666668 12.887686666666669 45.00011000000001
endloop
endfacet
facet normal 0.7409586419649785 0.6715506610683806 0.000022716419846562177
outer loop
vertex 14.489033333333335 13.015506666666669 47.50007000000001
vertex 14.604956666666668 12.887686666666669 45.00011000000001
vertex 13.788513333333336 13.788513333333336 45.00011000000001
endloop
endfacet
facet normal 0.7409951991806366 0.6715103236669178 0
outer loop
vertex 14.489033333333335 13.015506666666669 47.50007000000001
vertex 13.788513333333336 13.788513333333336 45.00011000000001
vertex 13.788513333333336 13.788513333333336 50.00003000000001
endloop
endfacet
facet normal 0.7409586419649785 0.6715506610683806 -0.000022716419846562177
outer loop
vertex 14.489033333333335 13.015506666666669 47.50007000000001
vertex 13.788513333333336 13.788513333333336 50.00003000000001
vertex 14.604956666666668 12.887686666666669 50.00003000000001
endloop
endfacet
facet normal 0.6715566338627299 0.740953228965877 0
outer loop
vertex 13.788513333333336 13.788513333333336 50.00003000000001
vertex 13.788513333333336 13.788513333333336 45.00011000000001
vertex 12.370596666666668 15.073630000000001 45.00011000000001
endloop
endfacet
facet normal 0.6715566338627299 0.740953228965877 0
outer loop
vertex 13.788513333333336 13.788513333333336 50.00003000000001
vertex 12.370596666666668 15.073630000000001 45.00011000000001
vertex 12.370596666666668 15.073630000000001 50.00003000000001
endloop
endfacet
facet normal 0.5958048114527075 0.8031292714437719 0
outer loop
vertex 12.370596666666668 15.073630000000001 50.00003000000001
vertex 12.370596666666668 15.073630000000001 45.00011000000001
vertex 10.833713333333336 16.213773333333336 45.00011000000001
endloop
endfacet
facet normal 0.5958048114527075 0.8031292714437719 0
outer loop
vertex 12.370596666666668 15.073630000000001 50.00003000000001
vertex 10.833713333333336 16.213773333333336 45.00011000000001
vertex 10.833713333333336 16.213773333333336 50.00003000000001
endloop
endfacet
facet normal 0.5140917520983852 0.8577351983126333 0
outer loop
vertex 10.833713333333336 16.213773333333336 50.00003000000001
vertex 10.833713333333336 16.213773333333336 45.00011000000001
vertex 9.192250000000001 17.1976 45.00011000000001
endloop
endfacet
facet normal 0.5140917520983852 0.8577351983126333 0
outer loop
vertex 10.833713333333336 16.213773333333336 50.00003000000001
vertex 9.192250000000001 17.1976 45.00011000000001
vertex 9.192250000000001 17.1976 50.00003000000001
endloop
endfacet
facet normal 0.42750207610487845 0.904014366548463 0
outer loop
vertex 9.192250000000001 17.1976 50.00003000000001
vertex 9.192250000000001 17.1976 45.00011000000001
vertex 7.462253333333335 18.015703333333335 45.00011000000001
endloop
endfacet
facet normal 0.42750207610487845 0.904014366548463 0
outer loop
vertex 9.192250000000001 17.1976 50.00003000000001
vertex 7.462253333333335 18.015703333333335 45.00011000000001
vertex 7.462253333333335 18.015703333333335 50.00003000000001
endloop
endfacet
facet normal 0.3368858982231228 0.9415454803557817 0
outer loop
vertex 7.462253333333335 18.015703333333335 50.00003000000001
vertex 7.462253333333335 18.015703333333335 45.00011000000001
vertex 5.6606000000000005 18.66033666666667 45.00011000000001
endloop
endfacet
facet normal 0.3368858982231228 0.9415454803557817 0
outer loop
vertex 7.462253333333335 18.015703333333335 50.00003000000001
vertex 5.6606000000000005 18.66033666666667 45.00011000000001
vertex 5.6606000000000005 18.66033666666667 50.00003000000001
endloop
endfacet
facet normal 0.24301180609582532 0.9700233306977957 0
outer loop
vertex 5.6606000000000005 18.66033666666667 50.00003000000001
vertex 5.6606000000000005 18.66033666666667 45.00011000000001
vertex 3.804166666666667 19.125413333333334 45.00011000000001
endloop
endfacet
facet normal 0.24301180609582532 0.9700233306977957 0
outer loop
vertex 5.6606000000000005 18.66033666666667 50.00003000000001
vertex 3.804166666666667 19.125413333333334 45.00011000000001
vertex 3.804166666666667 19.125413333333334 50.00003000000001
endloop
endfacet
facet normal 0.14674252316172706 0.9891747226330291 0
outer loop
vertex 3.804166666666667 19.125413333333334 50.00003000000001
vertex 3.804166666666667 19.125413333333334 45.00011000000001
vertex 1.9112133333333337 19.406230000000004 45.00011000000001
endloop
endfacet
facet normal 0.14674252316172706 0.9891747226330291 0
outer loop
vertex 3.804166666666667 19.125413333333334 50.00003000000001
vertex 1.9112133333333337 19.406230000000004 45.00011000000001
vertex 1.9112133333333337 19.406230000000004 50.00003000000001
endloop
endfacet
facet normal 0.049014554694270386 0.9987980643894553 0
outer loop
vertex 1.9112133333333337 19.406230000000004 50.00003000000001
vertex 1.9112133333333337 19.406230000000004 45.00011000000001
vertex 0 19.500020000000003 45.00011000000001
endloop
endfacet
facet normal 0.049014554694270386 0.9987980643894553 0
outer loop
vertex 1.9112133333333337 19.406230000000004 50.00003000000001
vertex 0 19.500020000000003 45.00011000000001
vertex 0 19.500020000000003 50.00003000000001
endloop
endfacet
facet normal -0.049014554694270386 0.9987980643894553 0
outer loop
vertex 0 19.500020000000003 50.00003000000001
vertex 0 19.500020000000003 45.00011000000001
vertex -1.9112133333333337 19.406230000000004 45.00011000000001
endloop
endfacet
facet normal -0.049014554694270386 0.9987980643894553 0
outer loop
vertex 0 19.500020000000003 50.00003000000001
vertex -1.9112133333333337 19.406230000000004 45.00011000000001
vertex -1.9112133333333337 19.406230000000004 50.00003000000001
endloop
endfacet
facet normal -0.14674252316172706 0.9891747226330291 0
outer loop
vertex -1.9112133333333337 19.406230000000004 50.00003000000001
vertex -1.9112133333333337 19.406230000000004 45.00011000000001
vertex -3.804166666666667 19.125413333333334 45.00011000000001
endloop
endfacet
facet normal -0.14674252316172706 0.9891747226330291 0
outer loop
vertex -1.9112133333333337 19.406230000000004 50.00003000000001
vertex -3.804166666666667 19.125413333333334 45.00011000000001
vertex -3.804166666666667 19.125413333333334 50.00003000000001
endloop
endfacet
facet normal -0.24301180609582532 0.9700233306977957 0
outer loop
vertex -3.804166666666667 19.125413333333334 50.00003000000001
vertex -3.804166666666667 19.125413333333334 45.00011000000001
vertex -5.6606000000000005 18.66033666666667 45.00011000000001
endloop
endfacet
facet normal -0.24301180609582532 0.9700233306977957 0
outer loop
vertex -3.804166666666667 19.125413333333334 50.00003000000001
vertex -5.6606000000000005 18.66033666666667 45.00011000000001
vertex -5.6606000000000005 18.66033666666667 50.00003000000001
endloop
endfacet
facet normal -0.3368858982231228 0.9415454803557817 0
outer loop
vertex -5.6606000000000005 18.66033666666667 50.00003000000001
vertex -5.6606000000000005 18.66033666666667 45.00011000000001
vertex -7.462253333333335 18.015703333333335 45.00011000000001
endloop
endfacet
facet normal -0.3368858982231228 0.9415454803557817 0
outer loop
vertex -5.6606000000000005 18.66033666666667 50.00003000000001
vertex -7.462253333333335 18.015703333333335 45.00011000000001
vertex -7.462253333333335 18.015703333333335 50.00003000000001
endloop
endfacet
facet normal -0.42750207610487845 0.904014366548463 0
outer loop
vertex -7.462253333333335 18.015703333333335 50.00003000000001
vertex -7.462253333333335 18.015703333333335 45.00011000000001
vertex -9.192250000000001 17.1976 45.00011000000001
endloop
endfacet
facet normal -0.42750207610487845 0.904014366548463 0
outer loop
vertex -7.462253333333335 18.015703333333335 50.00003000000001
vertex -9.192250000000001 17.1976 45.00011000000001
vertex -9.192250000000001 17.1976 50.00003000000001
endloop
endfacet
facet normal -0.5140917520983852 0.8577351983126333 0
outer loop
vertex -9.192250000000001 17.1976 50.00003000000001
vertex -9.192250000000001 17.1976 45.00011000000001
vertex -10.833713333333336 16.213773333333336 45.00011000000001
endloop
endfacet
facet normal -0.5140917520983852 0.8577351983126333 0
outer loop
vertex -9.192250000000001 17.1976 50.00003000000001
vertex -10.833713333333336 16.213773333333336 45.00011000000001
vertex -10.833713333333336 16.213773333333336 50.00003000000001
endloop
endfacet
facet normal -0.5958048114527075 0.8031292714437719 0
outer loop
vertex -10.833713333333336 16.213773333333336 50.00003000000001
vertex -10.833713333333336 16.213773333333336 45.00011000000001
vertex -12.370596666666668 15.073630000000001 45.00011000000001
endloop
endfacet
facet normal -0.5958048114527075 0.8031292714437719 0
outer loop
vertex -10.833713333333336 16.213773333333336 50.00003000000001
vertex -12.370596666666668 15.073630000000001 45.00011000000001
vertex -12.370596666666668 15.073630000000001 50.00003000000001
endloop
endfacet
facet normal -0.6715566338627299 0.740953228965877 0
outer loop
vertex -12.370596666666668 15.073630000000001 50.00003000000001
vertex -12.370596666666668 15.073630000000001 45.00011000000001
vertex -13.788513333333336 13.788513333333336 45.00011000000001
endloop
endfacet
facet normal -0.6715566338627299 0.740953228965877 0
outer loop
vertex -12.370596666666668 15.073630000000001 50.00003000000001
vertex -13.788513333333336 13.788513333333336 45.00011000000001
vertex -13.788513333333336 13.788513333333336 50.00003000000001
endloop
endfacet
facet normal -0.7409586419649785 0.6715506610683806 -0.000022716419846562177
outer loop
vertex -14.489033333333335 13.015506666666669 47.50007000000001
vertex -14.604956666666668 12.887686666666669 50.00003000000001
vertex -13.788513333333336 13.788513333333336 50.00003000000001
endloop
endfacet
facet normal -0.7409951991806366 0.6715103236669178 0
outer loop
vertex -14.489033333333335 13.015506666666669 47.50007000000001
vertex -13.788513333333336 13.788513333333336 50.00003000000001
vertex -13.788513333333336 13.788513333333336 45.00011000000001
endloop
endfacet
facet normal -0.7409586419649785 0.6715506610683806 0.000022716419846562177
outer loop
vertex -14.489033333333335 13.015506666666669 47.50007000000001
vertex -13.788513333333336 13.788513333333336 45.00011000000001
vertex -14.604956666666668 12.887686666666669 45.00011000000001
endloop
endfacet
facet normal -0.7409437985109212 0.6715670383507206 0.000021190776675786184
outer loop
vertex -14.489033333333335 13.015506666666669 47.50007000000001
vertex -14.604956666666668 12.887686666666669 45.00011000000001
vertex -15.073630000000001 12.370596666666668 45.00011000000001
endloop
endfacet
facet normal -0.7409029247765623 0.6716121321548142 0
outer loop
vertex -14.489033333333335 13.015506666666669 47.50007000000001
vertex -15.073630000000001 12.370596666666668 45.00011000000001
vertex -15.073630000000001 12.370596666666668 50.00003000000001
endloop
endfacet
facet normal -0.7409437985109212 0.6715670383507206 -0.000021190776675786184
outer loop
vertex -14.489033333333335 13.015506666666669 47.50007000000001
vertex -15.073630000000001 12.370596666666668 50.00003000000001
vertex -14.604956666666668 12.887686666666669 50.00003000000001
endloop
endfacet
facet normal -0.8031292714437719 0.5958048114527075 0
outer loop
vertex -15.073630000000001 12.370596666666668 50.00003000000001
vertex -15.073630000000001 12.370596666666668 45.00011000000001
vertex -16.213773333333336 10.833713333333336 45.00011000000001
endloop
endfacet
facet normal -0.8031292714437719 0.5958048114527075 0
outer loop
vertex -15.073630000000001 12.370596666666668 50.00003000000001
vertex -16.213773333333336 10.833713333333336 45.00011000000001
vertex -16.213773333333336 10.833713333333336 50.00003000000001
endloop
endfacet
facet normal -0.8577351983126333 0.5140917520983852 0
outer loop
vertex -16.213773333333336 10.833713333333336 50.00003000000001
vertex -16.213773333333336 10.833713333333336 45.00011000000001
vertex -17.1976 9.192250000000001 45.00011000000001
endloop
endfacet
facet normal -0.8577351983126333 0.5140917520983852 0
outer loop
vertex -16.213773333333336 10.833713333333336 50.00003000000001
vertex -17.1976 9.192250000000001 45.00011000000001
vertex -17.1976 9.192250000000001 50.00003000000001
endloop
endfacet
facet normal -0.904014366548463 0.42750207610487845 0
outer loop
vertex -17.1976 9.192250000000001 50.00003000000001
vertex -17.1976 9.192250000000001 45.00011000000001
vertex -18.015703333333335 7.462253333333335 45.00011000000001
endloop
endfacet
facet normal -0.904014366548463 0.42750207610487845 0
outer loop
vertex -17.1976 9.192250000000001 50.00003000000001
vertex -18.015703333333335 7.462253333333335 45.00011000000001
vertex -18.015703333333335 7.462253333333335 50.00003000000001
endloop
endfacet
facet normal -0.9415454803557817 0.3368858982231228 0
outer loop
vertex -18.015703333333335 7.462253333333335 50.00003000000001
vertex -18.015703333333335 7.462253333333335 45.00011000000001
vertex -18.66033666666667 5.6606000000000005 45.00011000000001
endloop
endfacet
facet normal -0.9415454803557817 0.3368858982231228 0
outer loop
vertex -18.015703333333335 7.462253333333335 50.00003000000001
vertex -18.66033666666667 5.6606000000000005 45.00011000000001
vertex -18.66033666666667 5.6606000000000005 50.00003000000001
endloop
endfacet
facet normal -0.9700233306977957 0.24301180609582532 0
outer loop
vertex -18.66033666666667 5.6606000000000005 50.00003000000001
vertex -18.66033666666667 5.6606000000000005 45.00011000000001
vertex -19.125413333333334 3.804166666666667 45.00011000000001
endloop
endfacet
facet normal -0.9700233306977957 0.24301180609582532 0
outer loop
vertex -18.66033666666667 5.6606000000000005 50.00003000000001
vertex -19.125413333333334 3.804166666666667 45.00011000000001
vertex -19.125413333333334 3.804166666666667 50.00003000000001
endloop
endfacet
facet normal -0.9891747226330291 0.14674252316172706 0
outer loop
vertex -19.125413333333334 3.804166666666667 50.00003000000001
vertex -19.125413333333334 3.804166666666667 45.00011000000001
vertex -19.406230000000004 1.9112133333333337 45.00011000000001
endloop
endfacet
facet normal -0.9891747226330291 0.14674252316172706 0
outer loop
vertex -19.125413333333334 3.804166666666667 50.00003000000001
vertex -19.406230000000004 1.9112133333333337 45.00011000000001
vertex -19.406230000000004 1.9112133333333337 50.00003000000001
endloop
endfacet
facet normal -0.9987980643894553 0.049014554694270386 0
outer loop
vertex -19.406230000000004 1.9112133333333337 50.00003000000001
vertex -19.406230000000004 1.9112133333333337 45.00011000000001
vertex -19.500020000000003 0 45.00011000000001
endloop
endfacet
facet normal -0.9987980643894553 0.049014554694270386 0
outer loop
vertex -19.406230000000004 1.9112133333333337 50.00003000000001
vertex -19.500020000000003 0 45.00011000000001
vertex -19.500020000000003 0 50.00003000000001
endloop
endfacet
facet normal -0.9987980643894553 -0.049014554694270386 0
outer loop
vertex -19.500020000000003 0 50.00003000000001
vertex -19.500020000000003 0 45.00011000000001
vertex -19.406230000000004 -1.9112133333333337 45.00011000000001
endloop
endfacet
facet normal -0.9987980643894553 -0.049014554694270386 0
outer loop
vertex -19.500020000000003 0 50.00003000000001
vertex -19.406230000000004 -1.9112133333333337 45.00011000000001
vertex -19.406230000000004 -1.9112133333333337 50.00003000000001
endloop
endfacet
facet normal -0.9891747226330291 -0.14674252316172706 0
outer loop
vertex -19.406230000000004 -1.9112133333333337 50.00003000000001
vertex -19.406230000000004 -1.9112133333333337 45.00011000000001
vertex -19.125413333333334 -3.804166666666667 45.00011000000001
endloop
endfacet
facet normal -0.9891747226330291 -0.14674252316172706 0
outer loop
vertex -19.406230000000004 -1.9112133333333337 50.00003000000001
vertex -19.125413333333334 -3.804166666666667 45.00011000000001
vertex -19.125413333333334 -3.804166666666667 50.00003000000001
endloop
endfacet
facet normal -0.9700233306977957 -0.24301180609582532 0
outer loop
vertex -19.125413333333334 -3.804166666666667 50.00003000000001
vertex -19.125413333333334 -3.804166666666667 45.00011000000001
vertex -18.66033666666667 -5.6606000000000005 45.00011000000001
endloop
endfacet
facet normal -0.9700233306977957 -0.24301180609582532 0
outer loop
vertex -19.125413333333334 -3.804166666666667 50.00003000000001
vertex -18.66033666666667 -5.6606000000000005 45.00011000000001
vertex -18.66033666666667 -5.6606000000000005 50.00003000000001
endloop
endfacet
facet normal -0.9415454803557817 -0.3368858982231228 0
outer loop
vertex -18.66033666666667 -5.6606000000000005 50.00003000000001
vertex -18.66033666666667 -5.6606000000000005 45.00011000000001
vertex -18.015703333333335 -7.462253333333335 45.00011000000001
endloop
endfacet
facet normal -0.9415454803557817 -0.3368858982231228 0
outer loop
vertex -18.66033666666667 -5.6606000000000005 50.00003000000001
vertex -18.015703333333335 -7.462253333333335 45.00011000000001
vertex -18.015703333333335 -7.462253333333335 50.00003000000001
endloop
endfacet
facet normal -0.904014366548463 -0.42750207610487845 0
outer loop
vertex -18.015703333333335 -7.462253333333335 50.00003000000001
vertex -18.015703333333335 -7.462253333333335 45.00011000000001
vertex -17.1976 -9.192250000000001 45.00011000000001
endloop
endfacet
facet normal -0.904014366548463 -0.42750207610487845 0
outer loop
vertex -18.015703333333335 -7.462253333333335 50.00003000000001
vertex -17.1976 -9.192250000000001 45.00011000000001
vertex -17.1976 -9.192250000000001 50.00003000000001
endloop
endfacet
facet normal -0.8577351983126333 -0.5140917520983852 0
outer loop
vertex -17.1976 -9.192250000000001 50.00003000000001
vertex -17.1976 -9.192250000000001 45.00011000000001
vertex -16.213773333333336 -10.833713333333336 45.00011000000001
endloop
endfacet
facet normal -0.8577351983126333 -0.5140917520983852 0
outer loop
vertex -17.1976 -9.192250000000001 50.00003000000001
vertex -16.213773333333336 -10.833713333333336 45.00011000000001
vertex -16.213773333333336 -10.833713333333336 50.00003000000001
endloop
endfacet
facet normal -0.8031292714437719 -0.5958048114527075 0
outer loop
vertex -16.213773333333336 -10.833713333333336 50.00003000000001
vertex -16.213773333333336 -10.833713333333336 45.00011000000001
vertex -15.073630000000001 -12.370596666666668 45.00011000000001
endloop
endfacet
facet normal -0.8031292714437719 -0.5958048114527075 0
outer loop
vertex -16.213773333333336 -10.833713333333336 50.00003000000001
vertex -15.073630000000001 -12.370596666666668 45.00011000000001
vertex -15.073630000000001 -12.370596666666668 50.00003000000001
endloop
endfacet
facet normal -0.7409437985109212 -0.6715670383507206 -0.000021190776675786184
outer loop
vertex -14.489033333333335 -13.015506666666669 47.50007000000001
vertex -14.604956666666668 -12.887686666666669 50.00003000000001
vertex -15.073630000000001 -12.370596666666668 50.00003000000001
endloop
endfacet
facet normal -0.7409029247765623 -0.6716121321548142 0
outer loop
vertex -14.489033333333335 -13.015506666666669 47.50007000000001
vertex -15.073630000000001 -12.370596666666668 50.00003000000001
vertex -15.073630000000001 -12.370596666666668 45.00011000000001
endloop
endfacet
facet normal -0.7409437985109212 -0.6715670383507206 0.000021190776675786184
outer loop
vertex -14.489033333333335 -13.015506666666669 47.50007000000001
vertex -15.073630000000001 -12.370596666666668 45.00011000000001
vertex -14.604956666666668 -12.887686666666669 45.00011000000001
endloop
endfacet
facet normal -0.7409586419649785 -0.6715506610683806 0.000022716419846562177
outer loop
vertex -14.489033333333335 -13.015506666666669 47.50007000000001
vertex -14.604956666666668 -12.887686666666669 45.00011000000001
vertex -13.788513333333336 -13.788513333333336 45.00011000000001
endloop
endfacet
facet normal -0.7409951991806366 -0.6715103236669178 0
outer loop
vertex -14.489033333333335 -13.015506666666669 47.50007000000001
vertex -13.788513333333336 -13.788513333333336 45.00011000000001
vertex -13.788513333333336 -13.788513333333336 50.00003000000001
endloop
endfacet
facet normal -0.7409586419649785 -0.6715506610683806 -0.000022716419846562177
outer loop
vertex -14.489033333333335 -13.015506666666669 47.50007000000001
vertex -13.788513333333336 -13.788513333333336 50.00003000000001
vertex -14.604956666666668 -12.887686666666669 50.00003000000001
endloop
endfacet
facet normal -0.6715566338627299 -0.740953228965877 0
outer loop
vertex -13.788513333333336 -13.788513333333336 50.00003000000001
vertex -13.788513333333336 -13.788513333333336 45.00011000000001
vertex -12.370596666666668 -15.073630000000001 45.00011000000001
endloop
endfacet
facet normal -0.6715566338627299 -0.740953228965877 0
outer loop
vertex -13.788513333333336 -13.788513333333336 50.00003000000001
vertex -12.370596666666668 -15.073630000000001 45.00011000000001
vertex -12.370596666666668 -15.073630000000001 50.00003000000001
endloop
endfacet
facet normal -0.5958048114527075 -0.8031292714437719 0
outer loop
vertex -12.370596666666668 -15.073630000000001 50.00003000000001
vertex -12.370596666666668 -15.073630000000001 45.00011000000001
vertex -10.833713333333336 -16.213773333333336 45.00011000000001
endloop
endfacet
facet normal -0.5958048114527075 -0.8031292714437719 0
outer loop
vertex -12.370596666666668 -15.073630000000001 50.00003000000001
vertex -10.833713333333336 -16.213773333333336 45.00011000000001
vertex -10.833713333333336 -16.213773333333336 50.00003000000001
endloop
endfacet
facet normal -0.5140917520983852 -0.8577351983126333 0
outer loop
vertex -10.833713333333336 -16.213773333333336 50.00003000000001
vertex -10.833713333333336 -16.213773333333336 45.00011000000001
vertex -9.192250000000001 -17.1976 45.00011000000001
endloop
endfacet
facet normal -0.5140917520983852 -0.8577351983126333 0
outer loop
vertex -10.833713333333336 -16.213773333333336 50.00003000000001
vertex -9.192250000000001 -17.1976 45.00011000000001
vertex -9.192250000000001 -17.1976 50.00003000000001
endloop
endfacet
facet normal -0.42750207610487845 -0.904014366548463 0
outer loop
vertex -9.192250000000001 -17.1976 50.00003000000001
vertex -9.192250000000001 -17.1976 45.00011000000001
vertex -7.462253333333335 -18.015703333333335 45.00011000000001
endloop
endfacet
facet normal -0.42750207610487845 -0.904014366548463 0
outer loop
vertex -9.192250000000001 -17.1976 50.00003000000001
vertex -7.462253333333335 -18.015703333333335 45.00011000000001
vertex -7.462253333333335 -18.015703333333335 50.00003000000001
endloop
endfacet
facet normal -0.3368858982231228 -0.9415454803557817 0
outer loop
vertex -7.462253333333335 -18.015703333333335 50.00003000000001
vertex -7.462253333333335 -18.015703333333335 45.00011000000001
vertex -5.6606000000000005 -18.66033666666667 45.00011000000001
endloop
endfacet
facet normal -0.3368858982231228 -0.9415454803557817 0
outer loop
vertex -7.462253333333335 -18.015703333333335 50.00003000000001
vertex -5.6606000000000005 -18.66033666666667 45.00011000000001
vertex -5.6606000000000005 -18.66033666666667 50.00003000000001
endloop
endfacet
facet normal -0.24301180609582532 -0.9700233306977957 0
outer loop
vertex -5.6606000000000005 -18.66033666666667 50.00003000000001
vertex -5.6606000000000005 -18.66033666666667 45.00011000000001
vertex -3.804166666666667 -19.125413333333334 45.00011000000001
endloop
endfacet
facet normal -0.24301180609582532 -0.9700233306977957 0
outer loop
vertex -5.6606000000000005 -18.66033666666667 50.00003000000001
vertex -3.804166666666667 -19.125413333333334 45.00011000000001
vertex -3.804166666666667 -19.125413333333334 50.00003000000001
endloop
endfacet
facet normal -0.14674252316172706 -0.9891747226330291 0
outer loop
vertex -3.804166666666667 -19.125413333333334 50.00003000000001
vertex -3.804166666666667 -19.125413333333334 45.00011000000001
vertex -1.9112133333333337 -19.406230000000004 45.00011000000001
endloop
endfacet
facet normal -0.14674252316172706 -0.9891747226330291 0
outer loop
vertex -3.804166666666667 -19.125413333333334 50.00003000000001
vertex -1.9112133333333337 -19.406230000000004 45.00011000000001
vertex -1.9112133333333337 -19.406230000000004 50.00003000000001
endloop
endfacet
facet normal -0.049014554694270386 -0.9987980643894553 0
outer loop
vertex -1.9112133333333337 -19.406230000000004 50.00003000000001
vertex -1.9112133333333337 -19.406230000000004 45.00011000000001
vertex 0 -19.500020000000003 45.00011000000001
endloop
endfacet
facet normal -0.049014554694270386 -0.9987980643894553 0
outer loop
vertex -1.9112133333333337 -19.406230000000004 50.00003000000001
vertex 0 -19.500020000000003 45.00011000000001
vertex 0 -19.500020000000003 50.00003000000001
endloop
endfacet
facet normal 0.049014554694270386 -0.9987980643894553 0
outer loop
vertex 0 -19.500020000000003 50.00003000000001
vertex 0 -19.500020000000003 45.00011000000001
vertex 1.9112133333333337 -19.406230000000004 45.00011000000001
endloop
endfacet
facet normal 0.049014554694270386 -0.9987980643894553 0
outer loop
vertex 0 -19.500020000000003 50.00003000000001
vertex 1.9112133333333337 -19.406230000000004 45.00011000000001
vertex 1.9112133333333337 -19.406230000000004 50.00003000000001
endloop
endfacet
facet normal 0.14674252316172706 -0.9891747226330291 0
outer loop
vertex 1.9112133333333337 -19.406230000000004 50.00003000000001
vertex 1.9112133333333337 -19.406230000000004 45.00011000000001
vertex 3.804166666666667 -19.125413333333334 45.00011000000001
endloop
endfacet
facet normal 0.14674252316172706 -0.9891747226330291 0
outer loop
vertex 1.9112133333333337 -19.406230000000004 50.00003000000001
vertex 3.804166666666667 -19.125413333333334 45.00011000000001
vertex 3.804166666666667 -19.125413333333334 50.00003000000001
endloop
endfacet
facet normal 0.24301180609582532 -0.9700233306977957 0
outer loop
vertex 3.804166666666667 -19.125413333333334 50.00003000000001
vertex 3.804166666666667 -19.125413333333334 45.00011000000001
vertex 5.6606000000000005 -18.66033666666667 45.00011000000001
endloop
endfacet
facet normal 0.24301180609582532 -0.9700233306977957 0
outer loop
vertex 3.804166666666667 -19.125413333333334 50.00003000000001
vertex 5.6606000000000005 -18.66033666666667 45.00011000000001
vertex 5.6606000000000005 -18.66033666666667 50.00003000000001
endloop
endfacet
facet normal 0.3368858982231228 -0.9415454803557817 0
outer loop
vertex 5.6606000000000005 -18.66033666666667 50.00003000000001
vertex 5.6606000000000005 -18.66033666666667 45.00011000000001
vertex 7.462253333333335 -18.015703333333335 45.00011000000001
endloop
endfacet
facet normal 0.3368858982231228 -0.9415454803557817 0
outer loop
vertex 5.6606000000000005 -18.66033666666667 50.00003000000001
vertex 7.462253333333335 -18.015703333333335 45.00011000000001
vertex 7.462253333333335 -18.015703333333335 50.00003000000001
endloop
endfacet
facet normal 0.42750207610487845 -0.904014366548463 0
outer loop
vertex 7.462253333333335 -18.015703333333335 50.00003000000001
vertex 7.462253333333335 -18.015703333333335 45.00011000000001
vertex 9.192250000000001 -17.1976 45.00011000000001
endloop
endfacet
facet normal 0.42750207610487845 -0.904014366548463 0
outer loop
vertex 7.462253333333335 -18.015703333333335 50.00003000000001
vertex 9.192250000000001 -17.1976 45.00011000000001
vertex 9.192250000000001 -17.1976 50.00003000000001
endloop
endfacet
facet normal 0.5140917520983852 -0.8577351983126333 0
outer loop
vertex 9.192250000000001 -17.1976 50.00003000000001
vertex 9.192250000000001 -17.1976 45.00011000000001
vertex 10.833713333333336 -16.213773333333336 45.00011000000001
endloop
endfacet
facet normal 0.5140917520983852 -0.8577351983126333 0
outer loop
vertex 9.192250000000001 -17.1976 50.00003000000001
vertex 10.833713333333336 -16.213773333333336 45.00011000000001
vertex 10.833713333333336 -16.213773333333336 50.00003000000001
endloop
endfacet
facet normal 0.5958048114527075 -0.8031292714437719 0
outer loop
vertex 10.833713333333336 -16.213773333333336 50.00003000000001
vertex 10.833713333333336 -16.213773333333336 45.00011000000001
vertex 12.370596666666668 -15.073630000000001 45.00011000000001
endloop
endfacet
facet normal 0.5958048114527075 -0.8031292714437719 0
outer loop
vertex 10.833713333333336 -16.213773333333336 50.00003000000001
vertex 12.370596666666668 -15.073630000000001 45.00011000000001
vertex 12.370596666666668 -15.073630000000001 50.00003000000001
endloop
endfacet
facet normal 0.6715566338627299 -0.740953228965877 0
outer loop
vertex 12.370596666666668 -15.073630000000001 50.00003000000001
vertex 12.370596666666668 -15.073630000000001 45.00011000000001
vertex 13.788513333333336 -13.788513333333336 45.00011000000001
endloop
endfacet
facet normal 0.6715566338627299 -0.740953228965877 0
outer loop
vertex 12.370596666666668 -15.073630000000001 50.00003000000001
vertex 13.788513333333336 -13.788513333333336 45.00011000000001
vertex 13.788513333333336 -13.788513333333336 50.00003000000001
endloop
endfacet
facet normal 0.7409586419649785 -0.6715506610683806 -0.000022716419846562177
outer loop
vertex 14.489033333333335 -13.015506666666669 47.50007000000001
vertex 14.604956666666668 -12.887686666666669 50.00003000000001
vertex 13.788513333333336 -13.788513333333336 50.00003000000001
endloop
endfacet
facet normal 0.7409951991806366 -0.6715103236669178 0
outer loop
vertex 14.489033333333335 -13.015506666666669 47.50007000000001
vertex 13.788513333333336 -13.788513333333336 50.00003000000001
vertex 13.788513333333336 -13.788513333333336 45.00011000000001
endloop
endfacet
facet normal 0.7409586419649785 -0.6715506610683806 0.000022716419846562177
outer loop
vertex 14.489033333333335 -13.015506666666669 47.50007000000001
vertex 13.788513333333336 -13.788513333333336 45.00011000000001
vertex 14.604956666666668 -12.887686666666669 45.00011000000001
endloop
endfacet
facet normal 0.7409437985109212 -0.6715670383507206 0.000021190776675786184
outer loop
vertex 14.489033333333335 -13.015506666666669 47.50007000000001
vertex 14.604956666666668 -12.887686666666669 45.00011000000001
vertex 15.073630000000001 -12.370596666666668 45.00011000000001
endloop
endfacet
facet normal 0.7409029247765623 -0.6716121321548142 0
outer loop
vertex 14.489033333333335 -13.015506666666669 47.50007000000001
vertex 15.073630000000001 -12.370596666666668 45.00011000000001
vertex 15.073630000000001 -12.370596666666668 50.00003000000001
endloop
endfacet
facet normal 0.7409437985109212 -0.6715670383507206 -0.000021190776675786184
outer loop
vertex 14.489033333333335 -13.015506666666669 47.50007000000001
vertex 15.073630000000001 -12.370596666666668 50.00003000000001
vertex 14.604956666666668 -12.887686666666669 50.00003000000001
endloop
endfacet
facet normal 0.8031292714437719 -0.5958048114527075 0
outer loop
vertex 15.073630000000001 -12.370596666666668 50.00003000000001
vertex 15.073630000000001 -12.370596666666668 45.00011000000001
vertex 16.213773333333336 -10.833713333333336 45.00011000000001
endloop
endfacet
facet normal 0.8031292714437719 -0.5958048114527075 0
outer loop
vertex 15.073630000000001 -12.370596666666668 50.00003000000001
vertex 16.213773333333336 -10.833713333333336 45.00011000000001
vertex 16.213773333333336 -10.833713333333336 50.00003000000001
endloop
endfacet
facet normal 0.8577351983126333 -0.5140917520983852 0
outer loop
vertex 16.213773333333336 -10.833713333333336 50.00003000000001
vertex 16.213773333333336 -10.833713333333336 45.00011000000001
vertex 17.1976 -9.192250000000001 45.00011000000001
endloop
endfacet
facet normal 0.8577351983126333 -0.5140917520983852 0
outer loop
vertex 16.213773333333336 -10.833713333333336 50.00003000000001
vertex 17.1976 -9.192250000000001 45.00011000000001
vertex 17.1976 -9.192250000000001 50.00003000000001
endloop
endfacet
facet normal 0.904014366548463 -0.42750207610487845 0
outer loop
vertex 17.1976 -9.192250000000001 50.00003000000001
vertex 17.1976 -9.192250000000001 45.00011000000001
vertex 18.015703333333335 -7.462253333333335 45.00011000000001
endloop
endfacet
facet normal 0.904014366548463 -0.42750207610487845 0
outer loop
vertex 17.1976 -9.192250000000001 50.00003000000001
vertex 18.015703333333335 -7.462253333333335 45.00011000000001
vertex 18.015703333333335 -7.462253333333335 50.00003000000001
endloop
endfacet
facet normal 0.9415454803557817 -0.3368858982231228 0
outer loop
vertex 18.015703333333335 -7.462253333333335 50.00003000000001
vertex 18.015703333333335 -7.462253333333335 45.00011000000001
vertex 18.66033666666667 -5.6606000000000005 45.00011000000001
endloop
endfacet
facet normal 0.9415454803557817 -0.3368858982231228 0
outer loop
vertex 18.015703333333335 -7.462253333333335 50.00003000000001
vertex 18.66033666666667 -5.6606000000000005 45.00011000000001
vertex 18.66033666666667 -5.6606000000000005 50.00003000000001
endloop
endfacet
facet normal 0.9700233306977957 -0.24301180609582532 0
outer loop
vertex 18.66033666666667 -5.6606000000000005 50.00003000000001
vertex 18.66033666666667 -5.6606000000000005 45.00011000000001
vertex 19.125413333333334 -3.804166666666667 45.00011000000001
endloop
endfacet
facet normal 0.9700233306977957 -0.24301180609582532 0
outer loop
vertex 18.66033666666667 -5.6606000000000005 50.00003000000001
vertex 19.125413333333334 -3.804166666666667 45.00011000000001
vertex 19.125413333333334 -3.804166666666667 50.00003000000001
endloop
endfacet
facet normal 0.9891747226330291 -0.14674252316172706 0
outer loop
vertex 19.125413333333334 -3.804166666666667 50.00003000000001
vertex 19.125413333333334 -3.804166666666667 45.00011000000001
vertex 19.406230000000004 -1.9112133333333337 45.00011000000001
endloop
endfacet
facet normal 0.9891747226330291 -0.14674252316172706 0
outer loop
vertex 19.125413333333334 -3.804166666666667 50.00003000000001
vertex 19.406230000000004 -1.9112133333333337 45.00011000000001
vertex 19.406230000000004 -1.9112133333333337 50.00003000000001
endloop
endfacet
facet normal 0.9987980643894553 -0.049014554694270386 0
outer loop
vertex 19.406230000000004 -1.9112133333333337 50.00003000000001
vertex 19.406230000000004 -1.9112133333333337 45.00011000000001
vertex 19.500020000000003 0 45.00011000000001
endloop
endfacet
facet normal 0.9987980643894553 -0.049014554694270386 0
outer loop
vertex 19.406230000000004 -1.9112133333333337 50.00003000000001
vertex 19.500020000000003 0 45.00011000000001
vertex 19.500020000000003 0 50.00003000000001
endloop
endfacet
facet normal -0.99879327591478 -0.04911203505681853 0
outer loop
vertex 15.425273333333335 1.5191766666666668 50.00003000000001
vertex 15.425273333333335 1.5191766666666668 45.00011000000001
vertex 15.499973333333335 0 45.00011000000001
endloop
endfacet
facet normal -0.99879327591478 -0.04911203505681853 0
outer loop
vertex 15.425273333333335 1.5191766666666668 50.00003000000001
vertex 15.499973333333335 0 45.00011000000001
vertex 15.499973333333335 0 50.00003000000001
endloop
endfacet
facet normal -0.9891976026244697 -0.14658820880958298 0
outer loop
vertex 15.202280000000002 3.023966666666667 50.00003000000001
vertex 15.202280000000002 3.023966666666667 45.00011000000001
vertex 15.425273333333335 1.5191766666666668 45.00011000000001
endloop
endfacet
facet normal -0.9891976026244697 -0.14658820880958298 0
outer loop
vertex 15.202280000000002 3.023966666666667 50.00003000000001
vertex 15.425273333333335 1.5191766666666668 45.00011000000001
vertex 15.425273333333335 1.5191766666666668 50.00003000000001
endloop
endfacet
facet normal -0.9700246917443711 -0.24300637318028895 0
outer loop
vertex 14.832653333333335 4.49943 50.00003000000001
vertex 14.832653333333335 4.49943 45.00011000000001
vertex 15.202280000000002 3.023966666666667 45.00011000000001
endloop
endfacet
facet normal -0.9700246917443711 -0.24300637318028895 0
outer loop
vertex 14.832653333333335 4.49943 50.00003000000001
vertex 15.202280000000002 3.023966666666667 45.00011000000001
vertex 15.202280000000002 3.023966666666667 50.00003000000001
endloop
endfacet
facet normal -0.9415442044430222 -0.3368894641863359 0
outer loop
vertex 14.320266666666669 5.9314566666666675 50.00003000000001
vertex 14.320266666666669 5.9314566666666675 45.00011000000001
vertex 14.832653333333335 4.49943 45.00011000000001
endloop
endfacet
facet normal -0.9415442044430222 -0.3368894641863359 0
outer loop
vertex 14.320266666666669 5.9314566666666675 50.00003000000001
vertex 14.832653333333335 4.49943 45.00011000000001
vertex 14.832653333333335 4.49943 50.00003000000001
endloop
endfacet
facet normal -0.9039968770773661 -0.4275390581389838 0
outer loop
vertex 13.669823333333335 7.306766666666667 50.00003000000001
vertex 13.669823333333335 7.306766666666667 45.00011000000001
vertex 14.320266666666669 5.9314566666666675 45.00011000000001
endloop
endfacet
facet normal -0.9039968770773661 -0.4275390581389838 0
outer loop
vertex 13.669823333333335 7.306766666666667 50.00003000000001
vertex 14.320266666666669 5.9314566666666675 45.00011000000001
vertex 14.320266666666669 5.9314566666666675 50.00003000000001
endloop
endfacet
facet normal -0.8576533830313599 -0.5142282319893215 0
outer loop
vertex 12.887686666666669 8.611250000000002 50.00003000000001
vertex 12.887686666666669 8.611250000000002 45.00011000000001
vertex 13.669823333333335 7.306766666666667 45.00011000000001
endloop
endfacet
facet normal -0.8576533830313599 -0.5142282319893215 0
outer loop
vertex 12.887686666666669 8.611250000000002 50.00003000000001
vertex 13.669823333333335 7.306766666666667 45.00011000000001
vertex 13.669823333333335 7.306766666666667 50.00003000000001
endloop
endfacet
facet normal -0.8032187416347912 -0.5956841890520701 0
outer loop
vertex 11.981603333333336 9.833010000000002 50.00003000000001
vertex 11.981603333333336 9.833010000000002 45.00011000000001
vertex 12.887686666666669 8.611250000000002 45.00011000000001
endloop
endfacet
facet normal -0.8032187416347912 -0.5956841890520701 0
outer loop
vertex 11.981603333333336 9.833010000000002 50.00003000000001
vertex 12.887686666666669 8.611250000000002 45.00011000000001
vertex 12.887686666666669 8.611250000000002 50.00003000000001
endloop
endfacet
facet normal -0.7409926078343717 -0.6715131831429797 0
outer loop
vertex 10.960150000000002 10.960150000000002 50.00003000000001
vertex 10.960150000000002 10.960150000000002 45.00011000000001
vertex 11.981603333333336 9.833010000000002 45.00011000000001
endloop
endfacet
facet normal -0.7409926078343717 -0.6715131831429797 0
outer loop
vertex 10.960150000000002 10.960150000000002 50.00003000000001
vertex 11.981603333333336 9.833010000000002 45.00011000000001
vertex 11.981603333333336 9.833010000000002 50.00003000000001
endloop
endfacet
facet normal -0.6715131831429797 -0.7409926078343717 0
outer loop
vertex 9.833010000000002 11.981603333333336 50.00003000000001
vertex 9.833010000000002 11.981603333333336 45.00011000000001
vertex 10.960150000000002 10.960150000000002 45.00011000000001
endloop
endfacet
facet normal -0.6715131831429797 -0.7409926078343717 0
outer loop
vertex 9.833010000000002 11.981603333333336 50.00003000000001
vertex 10.960150000000002 10.960150000000002 45.00011000000001
vertex 10.960150000000002 10.960150000000002 50.00003000000001
endloop
endfacet
facet normal -0.5956841890520701 -0.8032187416347912 0
outer loop
vertex 8.611250000000002 12.887686666666669 50.00003000000001
vertex 8.611250000000002 12.887686666666669 45.00011000000001
vertex 9.833010000000002 11.981603333333336 45.00011000000001
endloop
endfacet
facet normal -0.5956841890520701 -0.8032187416347912 0
outer loop
vertex 8.611250000000002 12.887686666666669 50.00003000000001
vertex 9.833010000000002 11.981603333333336 45.00011000000001
vertex 9.833010000000002 11.981603333333336 50.00003000000001
endloop
endfacet
facet normal -0.5142282319893215 -0.8576533830313599 0
outer loop
vertex 7.306766666666667 13.669823333333335 50.00003000000001
vertex 7.306766666666667 13.669823333333335 45.00011000000001
vertex 8.611250000000002 12.887686666666669 45.00011000000001
endloop
endfacet
facet normal -0.5142282319893215 -0.8576533830313599 0
outer loop
vertex 7.306766666666667 13.669823333333335 50.00003000000001
vertex 8.611250000000002 12.887686666666669 45.00011000000001
vertex 8.611250000000002 12.887686666666669 50.00003000000001
endloop
endfacet
facet normal -0.4275390581389838 -0.9039968770773661 0
outer loop
vertex 5.9314566666666675 14.320266666666669 50.00003000000001
vertex 5.9314566666666675 14.320266666666669 45.00011000000001
vertex 7.306766666666667 13.669823333333335 45.00011000000001
endloop
endfacet
facet normal -0.4275390581389838 -0.9039968770773661 0
outer loop
vertex 5.9314566666666675 14.320266666666669 50.00003000000001
vertex 7.306766666666667 13.669823333333335 45.00011000000001
vertex 7.306766666666667 13.669823333333335 50.00003000000001
endloop
endfacet
facet normal -0.3368894641863359 -0.9415442044430222 0
outer loop
vertex 4.49943 14.832653333333335 50.00003000000001
vertex 4.49943 14.832653333333335 45.00011000000001
vertex 5.9314566666666675 14.320266666666669 45.00011000000001
endloop
endfacet
facet normal -0.3368894641863359 -0.9415442044430222 0
outer loop
vertex 4.49943 14.832653333333335 50.00003000000001
vertex 5.9314566666666675 14.320266666666669 45.00011000000001
vertex 5.9314566666666675 14.320266666666669 50.00003000000001
endloop
endfacet
facet normal -0.24300637318028895 -0.9700246917443711 0
outer loop
vertex 3.023966666666667 15.202280000000002 50.00003000000001
vertex 3.023966666666667 15.202280000000002 45.00011000000001
vertex 4.49943 14.832653333333335 45.00011000000001
endloop
endfacet
facet normal -0.24300637318028895 -0.9700246917443711 0
outer loop
vertex 3.023966666666667 15.202280000000002 50.00003000000001
vertex 4.49943 14.832653333333335 45.00011000000001
vertex 4.49943 14.832653333333335 50.00003000000001
endloop
endfacet
facet normal -0.14658820880958298 -0.9891976026244697 0
outer loop
vertex 1.5191766666666668 15.425273333333335 50.00003000000001
vertex 1.5191766666666668 15.425273333333335 45.00011000000001
vertex 3.023966666666667 15.202280000000002 45.00011000000001
endloop
endfacet
facet normal -0.14658820880958298 -0.9891976026244697 0
outer loop
vertex 1.5191766666666668 15.425273333333335 50.00003000000001
vertex 3.023966666666667 15.202280000000002 45.00011000000001
vertex 3.023966666666667 15.202280000000002 50.00003000000001
endloop
endfacet
facet normal -0.04911203505681853 -0.99879327591478 0
outer loop
vertex 0 15.499973333333335 50.00003000000001
vertex 0 15.499973333333335 45.00011000000001
vertex 1.5191766666666668 15.425273333333335 45.00011000000001
endloop
endfacet
facet normal -0.04911203505681853 -0.99879327591478 0
outer loop
vertex 0 15.499973333333335 50.00003000000001
vertex 1.5191766666666668 15.425273333333335 45.00011000000001
vertex 1.5191766666666668 15.425273333333335 50.00003000000001
endloop
endfacet
facet normal 0.04911203505681853 -0.99879327591478 0
outer loop
vertex -1.5191766666666668 15.425273333333335 50.00003000000001
vertex -1.5191766666666668 15.425273333333335 45.00011000000001
vertex 0 15.499973333333335 45.00011000000001
endloop
endfacet
facet normal 0.04911203505681853 -0.99879327591478 0
outer loop
vertex -1.5191766666666668 15.425273333333335 50.00003000000001
vertex 0 15.499973333333335 45.00011000000001
vertex 0 15.499973333333335 50.00003000000001
endloop
endfacet
facet normal 0.14658820880958298 -0.9891976026244697 0
outer loop
vertex -3.023966666666667 15.202280000000002 50.00003000000001
vertex -3.023966666666667 15.202280000000002 45.00011000000001
vertex -1.5191766666666668 15.425273333333335 45.00011000000001
endloop
endfacet
facet normal 0.14658820880958298 -0.9891976026244697 0
outer loop
vertex -3.023966666666667 15.202280000000002 50.00003000000001
vertex -1.5191766666666668 15.425273333333335 45.00011000000001
vertex -1.5191766666666668 15.425273333333335 50.00003000000001
endloop
endfacet
facet normal 0.24300637318028895 -0.9700246917443711 0
outer loop
vertex -4.49943 14.832653333333335 50.00003000000001
vertex -4.49943 14.832653333333335 45.00011000000001
vertex -3.023966666666667 15.202280000000002 45.00011000000001
endloop
endfacet
facet normal 0.24300637318028895 -0.9700246917443711 0
outer loop
vertex -4.49943 14.832653333333335 50.00003000000001
vertex -3.023966666666667 15.202280000000002 45.00011000000001
vertex -3.023966666666667 15.202280000000002 50.00003000000001
endloop
endfacet
facet normal 0.3368894641863359 -0.9415442044430222 0
outer loop
vertex -5.9314566666666675 14.320266666666669 50.00003000000001
vertex -5.9314566666666675 14.320266666666669 45.00011000000001
vertex -4.49943 14.832653333333335 45.00011000000001
endloop
endfacet
facet normal 0.3368894641863359 -0.9415442044430222 0
outer loop
vertex -5.9314566666666675 14.320266666666669 50.00003000000001
vertex -4.49943 14.832653333333335 45.00011000000001
vertex -4.49943 14.832653333333335 50.00003000000001
endloop
endfacet
facet normal 0.4275390581389838 -0.9039968770773661 0
outer loop
vertex -7.306766666666667 13.669823333333335 50.00003000000001
vertex -7.306766666666667 13.669823333333335 45.00011000000001
vertex -5.9314566666666675 14.320266666666669 45.00011000000001
endloop
endfacet
facet normal 0.4275390581389838 -0.9039968770773661 0
outer loop
vertex -7.306766666666667 13.669823333333335 50.00003000000001
vertex -5.9314566666666675 14.320266666666669 45.00011000000001
vertex -5.9314566666666675 14.320266666666669 50.00003000000001
endloop
endfacet
facet normal 0.5142282319893215 -0.8576533830313599 0
outer loop
vertex -8.611250000000002 12.887686666666669 50.00003000000001
vertex -8.611250000000002 12.887686666666669 45.00011000000001
vertex -7.306766666666667 13.669823333333335 45.00011000000001
endloop
endfacet
facet normal 0.5142282319893215 -0.8576533830313599 0
outer loop
vertex -8.611250000000002 12.887686666666669 50.00003000000001
vertex -7.306766666666667 13.669823333333335 45.00011000000001
vertex -7.306766666666667 13.669823333333335 50.00003000000001
endloop
endfacet
facet normal 0.5956841890520701 -0.8032187416347912 0
outer loop
vertex -9.833010000000002 11.981603333333336 50.00003000000001
vertex -9.833010000000002 11.981603333333336 45.00011000000001
vertex -8.611250000000002 12.887686666666669 45.00011000000001
endloop
endfacet
facet normal 0.5956841890520701 -0.8032187416347912 0
outer loop
vertex -9.833010000000002 11.981603333333336 50.00003000000001
vertex -8.611250000000002 12.887686666666669 45.00011000000001
vertex -8.611250000000002 12.887686666666669 50.00003000000001
endloop
endfacet
facet normal 0.6715131831429797 -0.7409926078343717 0
outer loop
vertex -10.960150000000002 10.960150000000002 50.00003000000001
vertex -10.960150000000002 10.960150000000002 45.00011000000001
vertex -9.833010000000002 11.981603333333336 45.00011000000001
endloop
endfacet
facet normal 0.6715131831429797 -0.7409926078343717 0
outer loop
vertex -10.960150000000002 10.960150000000002 50.00003000000001
vertex -9.833010000000002 11.981603333333336 45.00011000000001
vertex -9.833010000000002 11.981603333333336 50.00003000000001
endloop
endfacet
facet normal 0.7409926078343717 -0.6715131831429797 0
outer loop
vertex -11.981603333333336 9.833010000000002 50.00003000000001
vertex -11.981603333333336 9.833010000000002 45.00011000000001
vertex -10.960150000000002 10.960150000000002 45.00011000000001
endloop
endfacet
facet normal 0.7409926078343717 -0.6715131831429797 0
outer loop
vertex -11.981603333333336 9.833010000000002 50.00003000000001
vertex -10.960150000000002 10.960150000000002 45.00011000000001
vertex -10.960150000000002 10.960150000000002 50.00003000000001
endloop
endfacet
facet normal 0.8032187416347912 -0.5956841890520701 0
outer loop
vertex -12.887686666666669 8.611250000000002 50.00003000000001
vertex -12.887686666666669 8.611250000000002 45.00011000000001
vertex -11.981603333333336 9.833010000000002 45.00011000000001
endloop
endfacet
facet normal 0.8032187416347912 -0.5956841890520701 0
outer loop
vertex -12.887686666666669 8.611250000000002 50.00003000000001
vertex -11.981603333333336 9.833010000000002 45.00011000000001
vertex -11.981603333333336 9.833010000000002 50.00003000000001
endloop
endfacet
facet normal 0.8576533830313599 -0.5142282319893215 0
outer loop
vertex -13.669823333333335 7.306766666666667 50.00003000000001
vertex -13.669823333333335 7.306766666666667 45.00011000000001
vertex -12.887686666666669 8.611250000000002 45.00011000000001
endloop
endfacet
facet normal 0.8576533830313599 -0.5142282319893215 0
outer loop
vertex -13.669823333333335 7.306766666666667 50.00003000000001
vertex -12.887686666666669 8.611250000000002 45.00011000000001
vertex -12.887686666666669 8.611250000000002 50.00003000000001
endloop
endfacet
facet normal 0.9039968770773661 -0.4275390581389838 0
outer loop
vertex -14.320266666666669 5.9314566666666675 50.00003000000001
vertex -14.320266666666669 5.9314566666666675 45.00011000000001
vertex -13.669823333333335 7.306766666666667 45.00011000000001
endloop
endfacet
facet normal 0.9039968770773661 -0.4275390581389838 0
outer loop
vertex -14.320266666666669 5.9314566666666675 50.00003000000001
vertex -13.669823333333335 7.306766666666667 45.00011000000001
vertex -13.669823333333335 7.306766666666667 50.00003000000001
endloop
endfacet
facet normal 0.9415442044430222 -0.3368894641863359 0
outer loop
vertex -14.832653333333335 4.49943 50.00003000000001
vertex -14.832653333333335 4.49943 45.00011000000001
vertex -14.320266666666669 5.9314566666666675 45.00011000000001
endloop
endfacet
facet normal 0.9415442044430222 -0.3368894641863359 0
outer loop
vertex -14.832653333333335 4.49943 50.00003000000001
vertex -14.320266666666669 5.9314566666666675 45.00011000000001
vertex -14.320266666666669 5.9314566666666675 50.00003000000001
endloop
endfacet
facet normal 0.9700246917443711 -0.24300637318028895 0
outer loop
vertex -15.202280000000002 3.023966666666667 50.00003000000001
vertex -15.202280000000002 3.023966666666667 45.00011000000001
vertex -14.832653333333335 4.49943 45.00011000000001
endloop
endfacet
facet normal 0.9700246917443711 -0.24300637318028895 0
outer loop
vertex -15.202280000000002 3.023966666666667 50.00003000000001
vertex -14.832653333333335 4.49943 45.00011000000001
vertex -14.832653333333335 4.49943 50.00003000000001
endloop
endfacet
facet normal 0.9891976026244697 -0.14658820880958298 0
outer loop
vertex -15.425273333333335 1.5191766666666668 50.00003000000001
vertex -15.425273333333335 1.5191766666666668 45.00011000000001
vertex -15.202280000000002 3.023966666666667 45.00011000000001
endloop
endfacet
facet normal 0.9891976026244697 -0.14658820880958298 0
outer loop
vertex -15.425273333333335 1.5191766666666668 50.00003000000001
vertex -15.202280000000002 3.023966666666667 45.00011000000001
vertex -15.202280000000002 3.023966666666667 50.00003000000001
endloop
endfacet
facet normal 0.99879327591478 -0.04911203505681853 0
outer loop
vertex -15.499973333333335 0 50.00003000000001
vertex -15.499973333333335 0 45.00011000000001
vertex -15.425273333333335 1.5191766666666668 45.00011000000001
endloop
endfacet
facet normal 0.99879327591478 -0.04911203505681853 0
outer loop
vertex -15.499973333333335 0 50.00003000000001
vertex -15.425273333333335 1.5191766666666668 45.00011000000001
vertex -15.425273333333335 1.5191766666666668 50.00003000000001
endloop
endfacet
facet normal 0.99879327591478 0.04911203505681853 0
outer loop
vertex -15.425273333333335 -1.5191766666666668 50.00003000000001
vertex -15.425273333333335 -1.5191766666666668 45.00011000000001
vertex -15.499973333333335 0 45.00011000000001
endloop
endfacet
facet normal 0.99879327591478 0.04911203505681853 0
outer loop
vertex -15.425273333333335 -1.5191766666666668 50.00003000000001
vertex -15.499973333333335 0 45.00011000000001
vertex -15.499973333333335 0 50.00003000000001
endloop
endfacet
facet normal 0.9891976026244697 0.14658820880958298 0
outer loop
vertex -15.202280000000002 -3.023966666666667 50.00003000000001
vertex -15.202280000000002 -3.023966666666667 45.00011000000001
vertex -15.425273333333335 -1.5191766666666668 45.00011000000001
endloop
endfacet
facet normal 0.9891976026244697 0.14658820880958298 0
outer loop
vertex -15.202280000000002 -3.023966666666667 50.00003000000001
vertex -15.425273333333335 -1.5191766666666668 45.00011000000001
vertex -15.425273333333335 -1.5191766666666668 50.00003000000001
endloop
endfacet
facet normal 0.9700246917443711 0.24300637318028895 0
outer loop
vertex -14.832653333333335 -4.49943 50.00003000000001
vertex -14.832653333333335 -4.49943 45.00011000000001
vertex -15.202280000000002 -3.023966666666667 45.00011000000001
endloop
endfacet
facet normal 0.9700246917443711 0.24300637318028895 0
outer loop
vertex -14.832653333333335 -4.49943 50.00003000000001
vertex -15.202280000000002 -3.023966666666667 45.00011000000001
vertex -15.202280000000002 -3.023966666666667 50.00003000000001
endloop
endfacet
facet normal 0.9415442044430222 0.3368894641863359 0
outer loop
vertex -14.320266666666669 -5.9314566666666675 50.00003000000001
vertex -14.320266666666669 -5.9314566666666675 45.00011000000001
vertex -14.832653333333335 -4.49943 45.00011000000001
endloop
endfacet
facet normal 0.9415442044430222 0.3368894641863359 0
outer loop
vertex -14.320266666666669 -5.9314566666666675 50.00003000000001
vertex -14.832653333333335 -4.49943 45.00011000000001
vertex -14.832653333333335 -4.49943 50.00003000000001
endloop
endfacet
facet normal 0.9039968770773661 0.4275390581389838 0
outer loop
vertex -13.669823333333335 -7.306766666666667 50.00003000000001
vertex -13.669823333333335 -7.306766666666667 45.00011000000001
vertex -14.320266666666669 -5.9314566666666675 45.00011000000001
endloop
endfacet
facet normal 0.9039968770773661 0.4275390581389838 0
outer loop
vertex -13.669823333333335 -7.306766666666667 50.00003000000001
vertex -14.320266666666669 -5.9314566666666675 45.00011000000001
vertex -14.320266666666669 -5.9314566666666675 50.00003000000001
endloop
endfacet
facet normal 0.8576533830313599 0.5142282319893215 0
outer loop
vertex -12.887686666666669 -8.611250000000002 50.00003000000001
vertex -12.887686666666669 -8.611250000000002 45.00011000000001
vertex -13.669823333333335 -7.306766666666667 45.00011000000001
endloop
endfacet
facet normal 0.8576533830313599 0.5142282319893215 0
outer loop
vertex -12.887686666666669 -8.611250000000002 50.00003000000001
vertex -13.669823333333335 -7.306766666666667 45.00011000000001
vertex -13.669823333333335 -7.306766666666667 50.00003000000001
endloop
endfacet
facet normal 0.8032187416347912 0.5956841890520701 0
outer loop
vertex -11.981603333333336 -9.833010000000002 50.00003000000001
vertex -11.981603333333336 -9.833010000000002 45.00011000000001
vertex -12.887686666666669 -8.611250000000002 45.00011000000001
endloop
endfacet
facet normal 0.8032187416347912 0.5956841890520701 0
outer loop
vertex -11.981603333333336 -9.833010000000002 50.00003000000001
vertex -12.887686666666669 -8.611250000000002 45.00011000000001
vertex -12.887686666666669 -8.611250000000002 50.00003000000001
endloop
endfacet
facet normal 0.7409926078343717 0.6715131831429797 0
outer loop
vertex -10.960150000000002 -10.960150000000002 50.00003000000001
vertex -10.960150000000002 -10.960150000000002 45.00011000000001
vertex -11.981603333333336 -9.833010000000002 45.00011000000001
endloop
endfacet
facet normal 0.7409926078343717 0.6715131831429797 0
outer loop
vertex -10.960150000000002 -10.960150000000002 50.00003000000001
vertex -11.981603333333336 -9.833010000000002 45.00011000000001
vertex -11.981603333333336 -9.833010000000002 50.00003000000001
endloop
endfacet
facet normal 0.6715131831429797 0.7409926078343717 0
outer loop
vertex -9.833010000000002 -11.981603333333336 50.00003000000001
vertex -9.833010000000002 -11.981603333333336 45.00011000000001
vertex -10.960150000000002 -10.960150000000002 45.00011000000001
endloop
endfacet
facet normal 0.6715131831429797 0.7409926078343717 0
outer loop
vertex -9.833010000000002 -11.981603333333336 50.00003000000001
vertex -10.960150000000002 -10.960150000000002 45.00011000000001
vertex -10.960150000000002 -10.960150000000002 50.00003000000001
endloop
endfacet
facet normal 0.5956841890520701 0.8032187416347912 0
outer loop
vertex -8.611250000000002 -12.887686666666669 50.00003000000001
vertex -8.611250000000002 -12.887686666666669 45.00011000000001
vertex -9.833010000000002 -11.981603333333336 45.00011000000001
endloop
endfacet
facet normal 0.5956841890520701 0.8032187416347912 0
outer loop
vertex -8.611250000000002 -12.887686666666669 50.00003000000001
vertex -9.833010000000002 -11.981603333333336 45.00011000000001
vertex -9.833010000000002 -11.981603333333336 50.00003000000001
endloop
endfacet
facet normal 0.5142282319893215 0.8576533830313599 0
outer loop
vertex -7.306766666666667 -13.669823333333335 50.00003000000001
vertex -7.306766666666667 -13.669823333333335 45.00011000000001
vertex -8.611250000000002 -12.887686666666669 45.00011000000001
endloop
endfacet
facet normal 0.5142282319893215 0.8576533830313599 0
outer loop
vertex -7.306766666666667 -13.669823333333335 50.00003000000001
vertex -8.611250000000002 -12.887686666666669 45.00011000000001
vertex -8.611250000000002 -12.887686666666669 50.00003000000001
endloop
endfacet
facet normal 0.4275390581389838 0.9039968770773661 0
outer loop
vertex -5.9314566666666675 -14.320266666666669 50.00003000000001
vertex -5.9314566666666675 -14.320266666666669 45.00011000000001
vertex -7.306766666666667 -13.669823333333335 45.00011000000001
endloop
endfacet
facet normal 0.4275390581389838 0.9039968770773661 0
outer loop
vertex -5.9314566666666675 -14.320266666666669 50.00003000000001
vertex -7.306766666666667 -13.669823333333335 45.00011000000001
vertex -7.306766666666667 -13.669823333333335 50.00003000000001
endloop
endfacet
facet normal 0.3368894641863359 0.9415442044430222 0
outer loop
vertex -4.49943 -14.832653333333335 50.00003000000001
vertex -4.49943 -14.832653333333335 45.00011000000001
vertex -5.9314566666666675 -14.320266666666669 45.00011000000001
endloop
endfacet
facet normal 0.3368894641863359 0.9415442044430222 0
outer loop
vertex -4.49943 -14.832653333333335 50.00003000000001
vertex -5.9314566666666675 -14.320266666666669 45.00011000000001
vertex -5.9314566666666675 -14.320266666666669 50.00003000000001
endloop
endfacet
facet normal 0.24300637318028895 0.9700246917443711 0
outer loop
vertex -3.023966666666667 -15.202280000000002 50.00003000000001
vertex -3.023966666666667 -15.202280000000002 45.00011000000001
vertex -4.49943 -14.832653333333335 45.00011000000001
endloop
endfacet
facet normal 0.24300637318028895 0.9700246917443711 0
outer loop
vertex -3.023966666666667 -15.202280000000002 50.00003000000001
vertex -4.49943 -14.832653333333335 45.00011000000001
vertex -4.49943 -14.832653333333335 50.00003000000001
endloop
endfacet
facet normal 0.14658820880958298 0.9891976026244697 0
outer loop
vertex -1.5191766666666668 -15.425273333333335 50.00003000000001
vertex -1.5191766666666668 -15.425273333333335 45.00011000000001
vertex -3.023966666666667 -15.202280000000002 45.00011000000001
endloop
endfacet
facet normal 0.14658820880958298 0.9891976026244697 0
outer loop
vertex -1.5191766666666668 -15.425273333333335 50.00003000000001
vertex -3.023966666666667 -15.202280000000002 45.00011000000001
vertex -3.023966666666667 -15.202280000000002 50.00003000000001
endloop
endfacet
facet normal 0.04911203505681853 0.99879327591478 0
outer loop
vertex 0 -15.499973333333335 50.00003000000001
vertex 0 -15.499973333333335 45.00011000000001
vertex -1.5191766666666668 -15.425273333333335 45.00011000000001
endloop
endfacet
facet normal 0.04911203505681853 0.99879327591478 0
outer loop
vertex 0 -15.499973333333335 50.00003000000001
vertex -1.5191766666666668 -15.425273333333335 45.00011000000001
vertex -1.5191766666666668 -15.425273333333335 50.00003000000001
endloop
endfacet
facet normal -0.04911203505681853 0.99879327591478 0
outer loop
vertex 1.5191766666666668 -15.425273333333335 50.00003000000001
vertex 1.5191766666666668 -15.425273333333335 45.00011000000001
vertex 0 -15.499973333333335 45.00011000000001
endloop
endfacet
facet normal -0.04911203505681853 0.99879327591478 0
outer loop
vertex 1.5191766666666668 -15.425273333333335 50.00003000000001
vertex 0 -15.499973333333335 45.00011000000001
vertex 0 -15.499973333333335 50.00003000000001
endloop
endfacet
facet normal -0.14658820880958298 0.9891976026244697 0
outer loop
vertex 3.023966666666667 -15.202280000000002 50.00003000000001
vertex 3.023966666666667 -15.202280000000002 45.00011000000001
vertex 1.5191766666666668 -15.425273333333335 45.00011000000001
endloop
endfacet
facet normal -0.14658820880958298 0.9891976026244697 0
outer loop
vertex 3.023966666666667 -15.202280000000002 50.00003000000001
vertex 1.5191766666666668 -15.425273333333335 45.00011000000001
vertex 1.5191766666666668 -15.425273333333335 50.00003000000001
endloop
endfacet
facet normal -0.24300637318028895 0.9700246917443711 0
outer loop
vertex 4.49943 -14.832653333333335 50.00003000000001
vertex 4.49943 -14.832653333333335 45.00011000000001
vertex 3.023966666666667 -15.202280000000002 45.00011000000001
endloop
endfacet
facet normal -0.24300637318028895 0.9700246917443711 0
outer loop
vertex 4.49943 -14.832653333333335 50.00003000000001
vertex 3.023966666666667 -15.202280000000002 45.00011000000001
vertex 3.023966666666667 -15.202280000000002 50.00003000000001
endloop
endfacet
facet normal -0.3368894641863359 0.9415442044430222 0
outer loop
vertex 5.9314566666666675 -14.320266666666669 50.00003000000001
vertex 5.9314566666666675 -14.320266666666669 45.00011000000001
vertex 4.49943 -14.832653333333335 45.00011000000001
endloop
endfacet
facet normal -0.3368894641863359 0.9415442044430222 0
outer loop
vertex 5.9314566666666675 -14.320266666666669 50.00003000000001
vertex 4.49943 -14.832653333333335 45.00011000000001
vertex 4.49943 -14.832653333333335 50.00003000000001
endloop
endfacet
facet normal -0.4275390581389838 0.9039968770773661 0
outer loop
vertex 7.306766666666667 -13.669823333333335 50.00003000000001
vertex 7.306766666666667 -13.669823333333335 45.00011000000001
vertex 5.9314566666666675 -14.320266666666669 45.00011000000001
endloop
endfacet
facet normal -0.4275390581389838 0.9039968770773661 0
outer loop
vertex 7.306766666666667 -13.669823333333335 50.00003000000001
vertex 5.9314566666666675 -14.320266666666669 45.00011000000001
vertex 5.9314566666666675 -14.320266666666669 50.00003000000001
endloop
endfacet
facet normal -0.5142282319893215 0.8576533830313599 0
outer loop
vertex 8.611250000000002 -12.887686666666669 50.00003000000001
vertex 8.611250000000002 -12.887686666666669 45.00011000000001
vertex 7.306766666666667 -13.669823333333335 45.00011000000001
endloop
endfacet
facet normal -0.5142282319893215 0.8576533830313599 0
outer loop
vertex 8.611250000000002 -12.887686666666669 50.00003000000001
vertex 7.306766666666667 -13.669823333333335 45.00011000000001
vertex 7.306766666666667 -13.669823333333335 50.00003000000001
endloop
endfacet
facet normal -0.5956841890520701 0.8032187416347912 0
outer loop
vertex 9.833010000000002 -11.981603333333336 50.00003000000001
vertex 9.833010000000002 -11.981603333333336 45.00011000000001
vertex 8.611250000000002 -12.887686666666669 45.00011000000001
endloop
endfacet
facet normal -0.5956841890520701 0.8032187416347912 0
outer loop
vertex 9.833010000000002 -11.981603333333336 50.00003000000001
vertex 8.611250000000002 -12.887686666666669 45.00011000000001
vertex 8.611250000000002 -12.887686666666669 50.00003000000001
endloop
endfacet
facet normal -0.6715131831429797 0.7409926078343717 0
outer loop
vertex 10.960150000000002 -10.960150000000002 50.00003000000001
vertex 10.960150000000002 -10.960150000000002 45.00011000000001
vertex 9.833010000000002 -11.981603333333336 45.00011000000001
endloop
endfacet
facet normal -0.6715131831429797 0.7409926078343717 0
outer loop
vertex 10.960150000000002 -10.960150000000002 50.00003000000001
vertex 9.833010000000002 -11.981603333333336 45.00011000000001
vertex 9.833010000000002 -11.981603333333336 50.00003000000001
endloop
endfacet
facet normal -0.7409926078343717 0.6715131831429797 0
outer loop
vertex 11.981603333333336 -9.833010000000002 50.00003000000001
vertex 11.981603333333336 -9.833010000000002 45.00011000000001
vertex 10.960150000000002 -10.960150000000002 45.00011000000001
endloop
endfacet
facet normal -0.7409926078343717 0.6715131831429797 0
outer loop
vertex 11.981603333333336 -9.833010000000002 50.00003000000001
vertex 10.960150000000002 -10.960150000000002 45.00011000000001
vertex 10.960150000000002 -10.960150000000002 50.00003000000001
endloop
endfacet
facet normal -0.8032187416347912 0.5956841890520701 0
outer loop
vertex 12.887686666666669 -8.611250000000002 50.00003000000001
vertex 12.887686666666669 -8.611250000000002 45.00011000000001
vertex 11.981603333333336 -9.833010000000002 45.00011000000001
endloop
endfacet
facet normal -0.8032187416347912 0.5956841890520701 0
outer loop
vertex 12.887686666666669 -8.611250000000002 50.00003000000001
vertex 11.981603333333336 -9.833010000000002 45.00011000000001
vertex 11.981603333333336 -9.833010000000002 50.00003000000001
endloop
endfacet
facet normal -0.8576533830313599 0.5142282319893215 0
outer loop
vertex 13.669823333333335 -7.306766666666667 50.00003000000001
vertex 13.669823333333335 -7.306766666666667 45.00011000000001
vertex 12.887686666666669 -8.611250000000002 45.00011000000001
endloop
endfacet
facet normal -0.8576533830313599 0.5142282319893215 0
outer loop
vertex 13.669823333333335 -7.306766666666667 50.00003000000001
vertex 12.887686666666669 -8.611250000000002 45.00011000000001
vertex 12.887686666666669 -8.611250000000002 50.00003000000001
endloop
endfacet
facet normal -0.9039968770773661 0.4275390581389838 0
outer loop
vertex 14.320266666666669 -5.9314566666666675 50.00003000000001
vertex 14.320266666666669 -5.9314566666666675 45.00011000000001
vertex 13.669823333333335 -7.306766666666667 45.00011000000001
endloop
endfacet
facet normal -0.9039968770773661 0.4275390581389838 0
outer loop
vertex 14.320266666666669 -5.9314566666666675 50.00003000000001
vertex 13.669823333333335 -7.306766666666667 45.00011000000001
vertex 13.669823333333335 -7.306766666666667 50.00003000000001
endloop
endfacet
facet normal -0.9415442044430222 0.3368894641863359 0
outer loop
vertex 14.832653333333335 -4.49943 50.00003000000001
vertex 14.832653333333335 -4.49943 45.00011000000001
vertex 14.320266666666669 -5.9314566666666675 45.00011000000001
endloop
endfacet
facet normal -0.9415442044430222 0.3368894641863359 0
outer loop
vertex 14.832653333333335 -4.49943 50.00003000000001
vertex 14.320266666666669 -5.9314566666666675 45.00011000000001
vertex 14.320266666666669 -5.9314566666666675 50.00003000000001
endloop
endfacet
facet normal -0.9700246917443711 0.24300637318028895 0
outer loop
vertex 15.202280000000002 -3.023966666666667 50.00003000000001
vertex 15.202280000000002 -3.023966666666667 45.00011000000001
vertex 14.832653333333335 -4.49943 45.00011000000001
endloop
endfacet
facet normal -0.9700246917443711 0.24300637318028895 0
outer loop
vertex 15.202280000000002 -3.023966666666667 50.00003000000001
vertex 14.832653333333335 -4.49943 45.00011000000001
vertex 14.832653333333335 -4.49943 50.00003000000001
endloop
endfacet
facet normal -0.9891976026244697 0.14658820880958298 0
outer loop
vertex 15.425273333333335 -1.5191766666666668 50.00003000000001
vertex 15.425273333333335 -1.5191766666666668 45.00011000000001
vertex 15.202280000000002 -3.023966666666667 45.00011000000001
endloop
endfacet
facet normal -0.9891976026244697 0.14658820880958298 0
outer loop
vertex 15.425273333333335 -1.5191766666666668 50.00003000000001
vertex 15.202280000000002 -3.023966666666667 45.00011000000001
vertex 15.202280000000002 -3.023966666666667 50.00003000000001
endloop
endfacet
facet normal -0.99879327591478 0.04911203505681853 0
outer loop
vertex 15.499973333333335 0 50.00003000000001
vertex 15.499973333333335 0 45.00011000000001
vertex 15.425273333333335 -1.5191766666666668 45.00011000000001
endloop
endfacet
facet normal -0.99879327591478 0.04911203505681853 0
outer loop
vertex 15.499973333333335 0 50.00003000000001
vertex 15.425273333333335 -1.5191766666666668 45.00011000000001
vertex 15.425273333333335 -1.5191766666666668 50.00003000000001
endloop
endfacet
facet normal 0 0 1
outer loop
vertex 0 17.702516666666668 50.00003000000001
vertex 0 19.500020000000003 50.00003000000001
vertex -1.9112133333333337 19.406230000000004 50.00003000000001
endloop
endfacet
facet normal 0 0 1
outer loop
vertex 0 17.702516666666668 50.00003000000001
vertex -1.9112133333333337 19.406230000000004 50.00003000000001
vertex -3.804166666666667 19.125413333333334 50.00003000000001
endloop
endfacet
facet normal 0 0 1
outer loop
vertex 0 17.702516666666668 50.00003000000001
vertex -3.804166666666667 19.125413333333334 50.00003000000001
vertex -5.6606000000000005 18.66033666666667 50.00003000000001
endloop
endfacet
facet normal 0 0 1
outer loop
vertex 0 17.702516666666668 50.00003000000001
vertex -5.6606000000000005 18.66033666666667 50.00003000000001
vertex -7.462253333333335 18.015703333333335 50.00003000000001
endloop
endfacet
facet normal 0 0 1
outer loop
vertex 0 17.702516666666668 50.00003000000001
vertex -7.462253333333335 18.015703333333335 50.00003000000001
vertex -9.192250000000001 17.1976 50.00003000000001
endloop
endfacet
facet normal 0 0 1
outer loop
vertex 0 17.702516666666668 50.00003000000001
vertex -9.192250000000001 17.1976 50.00003000000001
vertex -10.833713333333336 16.213773333333336 50.00003000000001
endloop
endfacet
facet normal 0 0 0.9999999999999999
outer loop
vertex 0 17.702516666666668 50.00003000000001
vertex -10.833713333333336 16.213773333333336 50.00003000000001
vertex -11.795960000000001 15.499973333333335 50.00003000000001
endloop
endfacet
facet normal 0 0 0.9999999999999999
outer loop
vertex 0 17.702516666666668 50.00003000000001
vertex -11.795960000000001 15.499973333333335 50.00003000000001
vertex 0 15.499973333333335 50.00003000000001
endloop
endfacet
facet normal 0 0 0.9999999999999999
outer loop
vertex 0 17.702516666666668 50.00003000000001
vertex 0 15.499973333333335 50.00003000000001
vertex 11.795960000000001 15.499973333333335 50.00003000000001
endloop
endfacet
facet normal 0 0 0.9999999999999999
outer loop
vertex 0 17.702516666666668 50.00003000000001
vertex 11.795960000000001 15.499973333333335 50.00003000000001
vertex 10.833713333333336 16.213773333333336 50.00003000000001
endloop
endfacet
facet normal 0 0 1
outer loop
vertex 0 17.702516666666668 50.00003000000001
vertex 10.833713333333336 16.213773333333336 50.00003000000001
vertex 9.192250000000001 17.1976 50.00003000000001
endloop
endfacet
facet normal 0 0 1
outer loop
vertex 0 17.702516666666668 50.00003000000001
vertex 9.192250000000001 17.1976 50.00003000000001
vertex 7.462253333333335 18.015703333333335 50.00003000000001
endloop
endfacet
facet normal 0 0 1
outer loop
vertex 0 17.702516666666668 50.00003000000001
vertex 7.462253333333335 18.015703333333335 50.00003000000001
vertex 5.6606000000000005 18.66033666666667 50.00003000000001
endloop
endfacet
facet normal 0 0 1
outer loop
vertex 0 17.702516666666668 50.00003000000001
vertex 5.6606000000000005 18.66033666666667 50.00003000000001
vertex 3.804166666666667 19.125413333333334 50.00003000000001
endloop
endfacet
facet normal 0 0 1
outer loop
vertex 0 17.702516666666668 50.00003000000001
vertex 3.804166666666667 19.125413333333334 50.00003000000001
vertex 1.9112133333333337 19.406230000000004 50.00003000000001
endloop
endfacet
facet normal 0 0 1
outer loop
vertex 0 17.702516666666668 50.00003000000001
vertex 1.9112133333333337 19.406230000000004 50.00003000000001
vertex 0 19.500020000000003 50.00003000000001
endloop
endfacet
facet normal 0 0 1
outer loop
vertex -11.795960000000001 15.499973333333335 50.00003000000001
vertex -11.896390000000002 15.425273333333335 50.00003000000001
vertex -1.5191766666666668 15.425273333333335 50.00003000000001
endloop
endfacet
facet normal 0 0 0.9999999999999999
outer loop
vertex -11.795960000000001 15.499973333333335 50.00003000000001
vertex -1.5191766666666668 15.425273333333335 50.00003000000001
vertex 0 15.499973333333335 50.00003000000001
endloop
endfacet
facet normal 0 0 1
outer loop
vertex 0 15.499973333333335 50.00003000000001
vertex 1.5191766666666668 15.425273333333335 50.00003000000001
vertex 11.896390000000002 15.425273333333335 50.00003000000001
endloop
endfacet
facet normal 0 0 0.9999999999999999
outer loop
vertex 0 15.499973333333335 50.00003000000001
vertex 11.896390000000002 15.425273333333335 50.00003000000001
vertex 11.795960000000001 15.499973333333335 50.00003000000001
endloop
endfacet
facet normal 0 0 1
outer loop
vertex -11.896390000000002 15.425273333333335 50.00003000000001
vertex -12.197403333333336 15.202280000000002 50.00003000000001
vertex -3.023966666666667 15.202280000000002 50.00003000000001
endloop
endfacet
facet normal 0 0 1
outer loop
vertex -11.896390000000002 15.425273333333335 50.00003000000001
vertex -3.023966666666667 15.202280000000002 50.00003000000001
vertex -1.5191766666666668 15.425273333333335 50.00003000000001
endloop
endfacet
facet normal 0 0 1
outer loop
vertex 1.5191766666666668 15.425273333333335 50.00003000000001
vertex 3.023966666666667 15.202280000000002 50.00003000000001
vertex 12.197403333333336 15.202280000000002 50.00003000000001
endloop
endfacet
facet normal 0 0 1
outer loop
vertex 1.5191766666666668 15.425273333333335 50.00003000000001
vertex 12.197403333333336 15.202280000000002 50.00003000000001
vertex 11.896390000000002 15.425273333333335 50.00003000000001
endloop
endfacet
facet normal 0 0 1
outer loop
vertex -8.94574 15.028810000000002 50.00003000000001
vertex -12.197403333333336 15.202280000000002 50.00003000000001
vertex -12.370596666666668 15.073630000000001 50.00003000000001
endloop
endfacet
facet normal 0 0 0.9999999999999999
outer loop
vertex -8.94574 15.028810000000002 50.00003000000001
vertex -12.370596666666668 15.073630000000001 50.00003000000001
vertex -12.636750000000001 14.832653333333335 50.00003000000001
endloop
endfacet
facet normal 0 0 1
outer loop
vertex -8.94574 15.028810000000002 50.00003000000001
vertex -12.636750000000001 14.832653333333335 50.00003000000001
vertex -4.49943 14.832653333333335 50.00003000000001
endloop
endfacet
facet normal 0 0 0.9999999999999999
outer loop
vertex -8.94574 15.028810000000002 50.00003000000001
vertex -4.49943 14.832653333333335 50.00003000000001
vertex -3.023966666666667 15.202280000000002 50.00003000000001
endloop
endfacet
facet normal 0 0 1
outer loop
vertex -8.94574 15.028810000000002 50.00003000000001
vertex -3.023966666666667 15.202280000000002 50.00003000000001
vertex -12.197403333333336 15.202280000000002 50.00003000000001
endloop
endfacet
facet normal 0 0 0.9999999999999999
outer loop
vertex 8.94574 15.028810000000002 50.00003000000001
vertex 3.023966666666667 15.202280000000002 50.00003000000001
vertex 4.49943 14.832653333333335 50.00003000000001
endloop
endfacet
facet normal 0 0 1
outer loop
vertex 8.94574 15.028810000000002 50.00003000000001
vertex 4.49943 14.832653333333335 50.00003000000001
vertex 12.636750000000001 14.832653333333335 50.00003000000001
endloop
endfacet
facet normal 0 0 0.9999999999999999
outer loop
vertex 8.94574 15.028810000000002 50.00003000000001
vertex 12.636750000000001 14.832653333333335 50.00003000000001
vertex 12.370596666666668 15.073630000000001 50.00003000000001
endloop
endfacet
facet normal 0 0 1
outer loop
vertex 8.94574 15.028810000000002 50.00003000000001
vertex 12.370596666666668 15.073630000000001 50.00003000000001
vertex 12.197403333333336 15.202280000000002 50.00003000000001
endloop
endfacet
facet normal 0 0 1
outer loop
vertex 8.94574 15.028810000000002 50.00003000000001
vertex 12.197403333333336 15.202280000000002 50.00003000000001
vertex 3.023966666666667 15.202280000000002 50.00003000000001
endloop
endfacet
facet normal 0 0 1
outer loop
vertex -12.636750000000001 14.832653333333335 50.00003000000001
vertex -13.201980000000002 14.320266666666669 50.00003000000001
vertex -5.9314566666666675 14.320266666666669 50.00003000000001
endloop
endfacet
facet normal 0 0 1
outer loop
vertex -12.636750000000001 14.832653333333335 50.00003000000001
vertex -5.9314566666666675 14.320266666666669 50.00003000000001
vertex -4.49943 14.832653333333335 50.00003000000001
endloop
endfacet
facet normal 0 0 1
outer loop
vertex 4.49943 14.832653333333335 50.00003000000001
vertex 5.9314566666666675 14.320266666666669 50.00003000000001
vertex 13.201980000000002 14.320266666666669 50.00003000000001
endloop
endfacet
facet normal 0 0 1
outer loop
vertex 4.49943 14.832653333333335 50.00003000000001
vertex 13.201980000000002 14.320266666666669 50.00003000000001
vertex 12.636750000000001 14.832653333333335 50.00003000000001
endloop
endfacet
facet normal 0 0 1
outer loop
vertex -10.824860000000001 13.953683333333336 50.00003000000001
vertex -13.201980000000002 14.320266666666669 50.00003000000001
vertex -13.788513333333336 13.788513333333336 50.00003000000001
endloop
endfacet
facet normal 0 0 0.9999999999999999
outer loop
vertex -10.824860000000001 13.953683333333336 50.00003000000001
vertex -13.788513333333336 13.788513333333336 50.00003000000001
vertex -13.896136666666669 13.669823333333335 50.00003000000001
endloop
endfacet
facet normal 0 0 1
outer loop
vertex -10.824860000000001 13.953683333333336 50.00003000000001
vertex -13.896136666666669 13.669823333333335 50.00003000000001
vertex -7.306766666666667 13.669823333333335 50.00003000000001
endloop
endfacet
facet normal 0 0 1
outer loop
vertex -10.824860000000001 13.953683333333336 50.00003000000001
vertex -7.306766666666667 13.669823333333335 50.00003000000001
vertex -5.9314566666666675 14.320266666666669 50.00003000000001
endloop
endfacet
facet normal 0 0 1
outer loop
vertex -10.824860000000001 13.953683333333336 50.00003000000001
vertex -5.9314566666666675 14.320266666666669 50.00003000000001
vertex -13.201980000000002 14.320266666666669 50.00003000000001
endloop
endfacet
facet normal 0 0 1
outer loop
vertex 10.824860000000001 13.953683333333336 50.00003000000001
vertex 5.9314566666666675 14.320266666666669 50.00003000000001
vertex 7.306766666666667 13.669823333333335 50.00003000000001
endloop
endfacet
facet normal 0 0 1
outer loop
vertex 10.824860000000001 13.953683333333336 50.00003000000001
vertex 7.306766666666667 13.669823333333335 50.00003000000001
vertex 13.896136666666669 13.669823333333335 50.00003000000001
endloop
endfacet
facet normal 0 0 0.9999999999999999
outer loop
vertex 10.824860000000001 13.953683333333336 50.00003000000001
vertex 13.896136666666669 13.669823333333335 50.00003000000001
vertex 13.788513333333336 13.788513333333336 50.00003000000001
endloop
endfacet
facet normal 0 0 1
outer loop
vertex 10.824860000000001 13.953683333333336 50.00003000000001
vertex 13.788513333333336 13.788513333333336 50.00003000000001
vertex 13.201980000000002 14.320266666666669 50.00003000000001
endloop
endfacet
facet normal 0 0 1
outer loop
vertex 10.824860000000001 13.953683333333336 50.00003000000001
vertex 13.201980000000002 14.320266666666669 50.00003000000001
vertex 5.9314566666666675 14.320266666666669 50.00003000000001
endloop
endfacet
facet normal 0 0 1
outer loop
vertex -13.896136666666669 13.669823333333335 50.00003000000001
vertex -14.604956666666668 12.887686666666669 50.00003000000001
vertex -8.611250000000002 12.887686666666669 50.00003000000001
endloop
endfacet
facet normal 0 0 1
outer loop
vertex -13.896136666666669 13.669823333333335 50.00003000000001
vertex -8.611250000000002 12.887686666666669 50.00003000000001
vertex -7.306766666666667 13.669823333333335 50.00003000000001
endloop
endfacet
facet normal 0 0 1
outer loop
vertex 7.306766666666667 13.669823333333335 50.00003000000001
vertex 8.611250000000002 12.887686666666669 50.00003000000001
vertex 14.604956666666668 12.887686666666669 50.00003000000001
endloop
endfacet
facet normal 0 0 1
outer loop
vertex 7.306766666666667 13.669823333333335 50.00003000000001
vertex 14.604956666666668 12.887686666666669 50.00003000000001
vertex 13.896136666666669 13.669823333333335 50.00003000000001
endloop
endfacet
facet normal 0 0 1
outer loop
vertex -12.697063333333334 12.421780000000002 50.00003000000001
vertex -14.604956666666668 12.887686666666669 50.00003000000001
vertex -15.073630000000001 12.370596666666668 50.00003000000001
endloop
endfacet
facet normal 0 0 1
outer loop
vertex -12.697063333333334 12.421780000000002 50.00003000000001
vertex -15.073630000000001 12.370596666666668 50.00003000000001
vertex -15.362193333333336 11.981603333333336 50.00003000000001
endloop
endfacet
facet normal 0 0 1
outer loop
vertex -12.697063333333334 12.421780000000002 50.00003000000001
vertex -15.362193333333336 11.981603333333336 50.00003000000001
vertex -9.833010000000002 11.981603333333336 50.00003000000001
endloop
endfacet
facet normal 0 0 1
outer loop
vertex -12.697063333333334 12.421780000000002 50.00003000000001
vertex -9.833010000000002 11.981603333333336 50.00003000000001
vertex -8.611250000000002 12.887686666666669 50.00003000000001
endloop
endfacet
facet normal 0 0 1
outer loop
vertex -12.697063333333334 12.421780000000002 50.00003000000001
vertex -8.611250000000002 12.887686666666669 50.00003000000001
vertex -14.604956666666668 12.887686666666669 50.00003000000001
endloop
endfacet
facet normal 0 0 1
outer loop
vertex 12.697063333333334 12.421780000000002 50.00003000000001
vertex 8.611250000000002 12.887686666666669 50.00003000000001
vertex 9.833010000000002 11.981603333333336 50.00003000000001
endloop
endfacet
facet normal 0 0 1
outer loop
vertex 12.697063333333334 12.421780000000002 50.00003000000001
vertex 9.833010000000002 11.981603333333336 50.00003000000001
vertex 15.362193333333336 11.981603333333336 50.00003000000001
endloop
endfacet
facet normal 0 0 1
outer loop
vertex 12.697063333333334 12.421780000000002 50.00003000000001
vertex 15.362193333333336 11.981603333333336 50.00003000000001
vertex 15.073630000000001 12.370596666666668 50.00003000000001
endloop
endfacet
facet normal 0 0 1
outer loop
vertex 12.697063333333334 12.421780000000002 50.00003000000001
vertex 15.073630000000001 12.370596666666668 50.00003000000001
vertex 14.604956666666668 12.887686666666669 50.00003000000001
endloop
endfacet
facet normal 0 0 1
outer loop
vertex 12.697063333333334 12.421780000000002 50.00003000000001
vertex 14.604956666666668 12.887686666666669 50.00003000000001
vertex 8.611250000000002 12.887686666666669 50.00003000000001
endloop
endfacet
facet normal 0 0 1
outer loop
vertex -15.362193333333336 11.981603333333336 50.00003000000001
vertex -16.11970666666667 10.960150000000002 50.00003000000001
vertex -10.960150000000002 10.960150000000002 50.00003000000001
endloop
endfacet
facet normal 0 0 1
outer loop
vertex -15.362193333333336 11.981603333333336 50.00003000000001
vertex -10.960150000000002 10.960150000000002 50.00003000000001
vertex -9.833010000000002 11.981603333333336 50.00003000000001
endloop
endfacet
facet normal 0 0 1
outer loop
vertex 9.833010000000002 11.981603333333336 50.00003000000001
vertex 10.960150000000002 10.960150000000002 50.00003000000001
vertex 16.11970666666667 10.960150000000002 50.00003000000001
endloop
endfacet
facet normal 0 0 1
outer loop
vertex 9.833010000000002 11.981603333333336 50.00003000000001
vertex 16.11970666666667 10.960150000000002 50.00003000000001
vertex 15.362193333333336 11.981603333333336 50.00003000000001
endloop
endfacet
facet normal 0 0 1
outer loop
vertex -14.417653333333336 10.484006666666668 50.00003000000001
vertex -16.11970666666667 10.960150000000002 50.00003000000001
vertex -16.213773333333336 10.833713333333336 50.00003000000001
endloop
endfacet
facet normal 0 0 1
outer loop
vertex -14.417653333333336 10.484006666666668 50.00003000000001
vertex -16.213773333333336 10.833713333333336 50.00003000000001
vertex -16.81331 9.833010000000002 50.00003000000001
endloop
endfacet
facet normal 0 0 0.9999999999999999
outer loop
vertex -14.417653333333336 10.484006666666668 50.00003000000001
vertex -16.81331 9.833010000000002 50.00003000000001
vertex -11.981603333333336 9.833010000000002 50.00003000000001
endloop
endfacet
facet normal 0 0 1
outer loop
vertex -14.417653333333336 10.484006666666668 50.00003000000001
vertex -11.981603333333336 9.833010000000002 50.00003000000001
vertex -10.960150000000002 10.960150000000002 50.00003000000001
endloop
endfacet
facet normal 0 0 1
outer loop
vertex -14.417653333333336 10.484006666666668 50.00003000000001
vertex -10.960150000000002 10.960150000000002 50.00003000000001
vertex -16.11970666666667 10.960150000000002 50.00003000000001
endloop
endfacet
facet normal 0 0 1
outer loop
vertex 14.417653333333336 10.484006666666668 50.00003000000001
vertex 10.960150000000002 10.960150000000002 50.00003000000001
vertex 11.981603333333336 9.833010000000002 50.00003000000001
endloop
endfacet
facet normal 0 0 0.9999999999999999
outer loop
vertex 14.417653333333336 10.484006666666668 50.00003000000001
vertex 11.981603333333336 9.833010000000002 50.00003000000001
vertex 16.81331 9.833010000000002 50.00003000000001
endloop
endfacet
facet normal 0 0 1
outer loop
vertex 14.417653333333336 10.484006666666668 50.00003000000001
vertex 16.81331 9.833010000000002 50.00003000000001
vertex 16.213773333333336 10.833713333333336 50.00003000000001
endloop
endfacet
facet normal 0 0 1
outer loop
vertex 14.417653333333336 10.484006666666668 50.00003000000001
vertex 16.213773333333336 10.833713333333336 50.00003000000001
vertex 16.11970666666667 10.960150000000002 50.00003000000001
endloop
endfacet
facet normal 0 0 1
outer loop
vertex 14.417653333333336 10.484006666666668 50.00003000000001
vertex 16.11970666666667 10.960150000000002 50.00003000000001
vertex 10.960150000000002 10.960150000000002 50.00003000000001
endloop
endfacet
facet normal 0 0 1
outer loop
vertex -15.270616666666669 9.216043333333335 50.00003000000001
vertex -16.81331 9.833010000000002 50.00003000000001
vertex -17.1976 9.192250000000001 50.00003000000001
endloop
endfacet
facet normal 0 0 1
outer loop
vertex -15.270616666666669 9.216043333333335 50.00003000000001
vertex -17.1976 9.192250000000001 50.00003000000001
vertex -17.472330000000003 8.611250000000002 50.00003000000001
endloop
endfacet
facet normal 0 0 1
outer loop
vertex -15.270616666666669 9.216043333333335 50.00003000000001
vertex -17.472330000000003 8.611250000000002 50.00003000000001
vertex -12.887686666666669 8.611250000000002 50.00003000000001
endloop
endfacet
facet normal 0 0 1
outer loop
vertex -15.270616666666669 9.216043333333335 50.00003000000001
vertex -12.887686666666669 8.611250000000002 50.00003000000001
vertex -11.981603333333336 9.833010000000002 50.00003000000001
endloop
endfacet
facet normal 0 0 1
outer loop
vertex -15.270616666666669 9.216043333333335 50.00003000000001
vertex -11.981603333333336 9.833010000000002 50.00003000000001
vertex -16.81331 9.833010000000002 50.00003000000001
endloop
endfacet
facet normal 0 0 1
outer loop
vertex 15.270616666666669 9.216043333333335 50.00003000000001
vertex 11.981603333333336 9.833010000000002 50.00003000000001
vertex 12.887686666666669 8.611250000000002 50.00003000000001
endloop
endfacet
facet normal 0 0 1
outer loop
vertex 15.270616666666669 9.216043333333335 50.00003000000001
vertex 12.887686666666669 8.611250000000002 50.00003000000001
vertex 17.472330000000003 8.611250000000002 50.00003000000001
endloop
endfacet
facet normal 0 0 1
outer loop
vertex 15.270616666666669 9.216043333333335 50.00003000000001
vertex 17.472330000000003 8.611250000000002 50.00003000000001
vertex 17.1976 9.192250000000001 50.00003000000001
endloop
endfacet
facet normal 0 0 1
outer loop
vertex 15.270616666666669 9.216043333333335 50.00003000000001
vertex 17.1976 9.192250000000001 50.00003000000001
vertex 16.81331 9.833010000000002 50.00003000000001
endloop
endfacet
facet normal 0 0 1
outer loop
vertex 15.270616666666669 9.216043333333335 50.00003000000001
vertex 16.81331 9.833010000000002 50.00003000000001
vertex 11.981603333333336 9.833010000000002 50.00003000000001
endloop
endfacet
facet normal 0 0 1
outer loop
vertex -16.02342666666667 7.859546666666668 50.00003000000001
vertex -17.472330000000003 8.611250000000002 50.00003000000001
vertex -18.015703333333335 7.462253333333335 50.00003000000001
endloop
endfacet
facet normal 0 0 1
outer loop
vertex -16.02342666666667 7.859546666666668 50.00003000000001
vertex -18.015703333333335 7.462253333333335 50.00003000000001
vertex -18.071313333333336 7.306766666666667 50.00003000000001
endloop
endfacet
facet normal 0 0 1
outer loop
vertex -16.02342666666667 7.859546666666668 50.00003000000001
vertex -18.071313333333336 7.306766666666667 50.00003000000001
vertex -13.669823333333335 7.306766666666667 50.00003000000001
endloop
endfacet
facet normal 0 0 1
outer loop
vertex -16.02342666666667 7.859546666666668 50.00003000000001
vertex -13.669823333333335 7.306766666666667 50.00003000000001
vertex -12.887686666666669 8.611250000000002 50.00003000000001
endloop
endfacet
facet normal 0 0 1
outer loop
vertex -16.02342666666667 7.859546666666668 50.00003000000001
vertex -12.887686666666669 8.611250000000002 50.00003000000001
vertex -17.472330000000003 8.611250000000002 50.00003000000001
endloop
endfacet
facet normal 0 0 1
outer loop
vertex 16.02342666666667 7.859546666666668 50.00003000000001
vertex 12.887686666666669 8.611250000000002 50.00003000000001
vertex 13.669823333333335 7.306766666666667 50.00003000000001
endloop
endfacet
facet normal 0 0 1
outer loop
vertex 16.02342666666667 7.859546666666668 50.00003000000001
vertex 13.669823333333335 7.306766666666667 50.00003000000001
vertex 18.071313333333336 7.306766666666667 50.00003000000001
endloop
endfacet
facet normal 0 0 1
outer loop
vertex 16.02342666666667 7.859546666666668 50.00003000000001
vertex 18.071313333333336 7.306766666666667 50.00003000000001
vertex 18.015703333333335 7.462253333333335 50.00003000000001
endloop
endfacet
facet normal 0 0 1
outer loop
vertex 16.02342666666667 7.859546666666668 50.00003000000001
vertex 18.015703333333335 7.462253333333335 50.00003000000001
vertex 17.472330000000003 8.611250000000002 50.00003000000001
endloop
endfacet
facet normal 0 0 1
outer loop
vertex 16.02342666666667 7.859546666666668 50.00003000000001
vertex 17.472330000000003 8.611250000000002 50.00003000000001
vertex 12.887686666666669 8.611250000000002 50.00003000000001
endloop
endfacet
facet normal 0 0 1
outer loop
vertex -18.071313333333336 7.306766666666667 50.00003000000001
vertex -18.56322666666667 5.9314566666666675 50.00003000000001
vertex -14.320266666666669 5.9314566666666675 50.00003000000001
endloop
endfacet
facet normal 0 0 0.9999999999999999
outer loop
vertex -18.071313333333336 7.306766666666667 50.00003000000001
vertex -14.320266666666669 5.9314566666666675 50.00003000000001
vertex -13.669823333333335 7.306766666666667 50.00003000000001
endloop
endfacet
facet normal 0 0 1
outer loop
vertex 13.669823333333335 7.306766666666667 50.00003000000001
vertex 14.320266666666669 5.9314566666666675 50.00003000000001
vertex 18.56322666666667 5.9314566666666675 50.00003000000001
endloop
endfacet
facet normal 0 0 0.9999999999999999
outer loop
vertex 13.669823333333335 7.306766666666667 50.00003000000001
vertex 18.56322666666667 5.9314566666666675 50.00003000000001
vertex 18.071313333333336 7.306766666666667 50.00003000000001
endloop
endfacet
facet normal 0 0 1
outer loop
vertex -17.065630000000002 5.304530000000001 50.00003000000001
vertex -18.56322666666667 5.9314566666666675 50.00003000000001
vertex -18.66033666666667 5.6606000000000005 50.00003000000001
endloop
endfacet
facet normal 0 0 1
outer loop
vertex -17.065630000000002 5.304530000000001 50.00003000000001
vertex -18.66033666666667 5.6606000000000005 50.00003000000001
vertex -18.951113333333335 4.49943 50.00003000000001
endloop
endfacet
facet normal 0 0 1
outer loop
vertex -17.065630000000002 5.304530000000001 50.00003000000001
vertex -18.951113333333335 4.49943 50.00003000000001
vertex -14.832653333333335 4.49943 50.00003000000001
endloop
endfacet
facet normal 0 0 1
outer loop
vertex -17.065630000000002 5.304530000000001 50.00003000000001
vertex -14.832653333333335 4.49943 50.00003000000001
vertex -14.320266666666669 5.9314566666666675 50.00003000000001
endloop
endfacet
facet normal 0 0 1
outer loop
vertex -17.065630000000002 5.304530000000001 50.00003000000001
vertex -14.320266666666669 5.9314566666666675 50.00003000000001
vertex -18.56322666666667 5.9314566666666675 50.00003000000001
endloop
endfacet
facet normal 0 0 1
outer loop
vertex 17.065630000000002 5.304530000000001 50.00003000000001
vertex 14.320266666666669 5.9314566666666675 50.00003000000001
vertex 14.832653333333335 4.49943 50.00003000000001
endloop
endfacet
facet normal 0 0 1
outer loop
vertex 17.065630000000002 5.304530000000001 50.00003000000001
vertex 14.832653333333335 4.49943 50.00003000000001
vertex 18.951113333333335 4.49943 50.00003000000001
endloop
endfacet
facet normal 0 0 1
outer loop
vertex 17.065630000000002 5.304530000000001 50.00003000000001
vertex 18.951113333333335 4.49943 50.00003000000001
vertex 18.66033666666667 5.6606000000000005 50.00003000000001
endloop
endfacet
facet normal 0 0 1
outer loop
vertex 17.065630000000002 5.304530000000001 50.00003000000001
vertex 18.66033666666667 5.6606000000000005 50.00003000000001
vertex 18.56322666666667 5.9314566666666675 50.00003000000001
endloop
endfacet
facet normal 0 0 1
outer loop
vertex 17.065630000000002 5.304530000000001 50.00003000000001
vertex 18.56322666666667 5.9314566666666675 50.00003000000001
vertex 14.320266666666669 5.9314566666666675 50.00003000000001
endloop
endfacet
facet normal 0 0 1
outer loop
vertex -17.470393333333337 3.770136666666667 50.00003000000001
vertex -18.951113333333335 4.49943 50.00003000000001
vertex -19.125413333333334 3.804166666666667 50.00003000000001
endloop
endfacet
facet normal 0 0 1
outer loop
vertex -17.470393333333337 3.770136666666667 50.00003000000001
vertex -19.125413333333334 3.804166666666667 50.00003000000001
vertex -19.24106 3.023966666666667 50.00003000000001
endloop
endfacet
facet normal 0 0 1
outer loop
vertex -17.470393333333337 3.770136666666667 50.00003000000001
vertex -19.24106 3.023966666666667 50.00003000000001
vertex -15.202280000000002 3.023966666666667 50.00003000000001
endloop
endfacet
facet normal 0 0 1
outer loop
vertex -17.470393333333337 3.770136666666667 50.00003000000001
vertex -15.202280000000002 3.023966666666667 50.00003000000001
vertex -14.832653333333335 4.49943 50.00003000000001
endloop
endfacet
facet normal 0 0 0.9999999999999999
outer loop
vertex -17.470393333333337 3.770136666666667 50.00003000000001
vertex -14.832653333333335 4.49943 50.00003000000001
vertex -18.951113333333335 4.49943 50.00003000000001
endloop
endfacet
facet normal 0 0 1
outer loop
vertex 17.470393333333337 3.770136666666667 50.00003000000001
vertex 14.832653333333335 4.49943 50.00003000000001
vertex 15.202280000000002 3.023966666666667 50.00003000000001
endloop
endfacet
facet normal 0 0 1
outer loop
vertex 17.470393333333337 3.770136666666667 50.00003000000001
vertex 15.202280000000002 3.023966666666667 50.00003000000001
vertex 19.24106 3.023966666666667 50.00003000000001
endloop
endfacet
facet normal 0 0 1
outer loop
vertex 17.470393333333337 3.770136666666667 50.00003000000001
vertex 19.24106 3.023966666666667 50.00003000000001
vertex 19.125413333333334 3.804166666666667 50.00003000000001
endloop
endfacet
facet normal 0 0 1
outer loop
vertex 17.470393333333337 3.770136666666667 50.00003000000001
vertex 19.125413333333334 3.804166666666667 50.00003000000001
vertex 18.951113333333335 4.49943 50.00003000000001
endloop
endfacet
facet normal 0 0 0.9999999999999999
outer loop
vertex 17.470393333333337 3.770136666666667 50.00003000000001
vertex 18.951113333333335 4.49943 50.00003000000001
vertex 14.832653333333335 4.49943 50.00003000000001
endloop
endfacet
facet normal 0 0 1
outer loop
vertex -17.740143333333336 2.1995000000000005 50.00003000000001
vertex -19.24106 3.023966666666667 50.00003000000001
vertex -19.406230000000004 1.9112133333333337 50.00003000000001
endloop
endfacet
facet normal 0 0 1
outer loop
vertex -17.740143333333336 2.1995000000000005 50.00003000000001
vertex -19.406230000000004 1.9112133333333337 50.00003000000001
vertex -19.425320000000003 1.5191766666666668 50.00003000000001
endloop
endfacet
facet normal 0 0 0.9999999999999999
outer loop
vertex -17.740143333333336 2.1995000000000005 50.00003000000001
vertex -19.425320000000003 1.5191766666666668 50.00003000000001
vertex -15.425273333333335 1.5191766666666668 50.00003000000001
endloop
endfacet
facet normal 0 0 1
outer loop
vertex -17.740143333333336 2.1995000000000005 50.00003000000001
vertex -15.425273333333335 1.5191766666666668 50.00003000000001
vertex -15.202280000000002 3.023966666666667 50.00003000000001
endloop
endfacet
facet normal 0 0 1
outer loop
vertex -17.740143333333336 2.1995000000000005 50.00003000000001
vertex -15.202280000000002 3.023966666666667 50.00003000000001
vertex -19.24106 3.023966666666667 50.00003000000001
endloop
endfacet
facet normal 0 0 1
outer loop
vertex 17.740143333333336 2.1995000000000005 50.00003000000001
vertex 15.202280000000002 3.023966666666667 50.00003000000001
vertex 15.425273333333335 1.5191766666666668 50.00003000000001
endloop
endfacet
facet normal 0 0 0.9999999999999999
outer loop
vertex 17.740143333333336 2.1995000000000005 50.00003000000001
vertex 15.425273333333335 1.5191766666666668 50.00003000000001
vertex 19.425320000000003 1.5191766666666668 50.00003000000001
endloop
endfacet
facet normal 0 0 1
outer loop
vertex 17.740143333333336 2.1995000000000005 50.00003000000001
vertex 19.425320000000003 1.5191766666666668 50.00003000000001
vertex 19.406230000000004 1.9112133333333337 50.00003000000001
endloop
endfacet
facet normal 0 0 1
outer loop
vertex 17.740143333333336 2.1995000000000005 50.00003000000001
vertex 19.406230000000004 1.9112133333333337 50.00003000000001
vertex 19.24106 3.023966666666667 50.00003000000001
endloop
endfacet
facet normal 0 0 1
outer loop
vertex 17.740143333333336 2.1995000000000005 50.00003000000001
vertex 19.24106 3.023966666666667 50.00003000000001
vertex 15.202280000000002 3.023966666666667 50.00003000000001
endloop
endfacet
facet normal 0 0 1
outer loop
vertex -19.425320000000003 1.5191766666666668 50.00003000000001
vertex -19.500020000000003 0 50.00003000000001
vertex -15.499973333333335 0 50.00003000000001
endloop
endfacet
facet normal 0 0 1
outer loop
vertex -19.425320000000003 1.5191766666666668 50.00003000000001
vertex -15.499973333333335 0 50.00003000000001
vertex -15.425273333333335 1.5191766666666668 50.00003000000001
endloop
endfacet
facet normal 0 0 1
outer loop
vertex 15.425273333333335 1.5191766666666668 50.00003000000001
vertex 15.499973333333335 0 50.00003000000001
vertex 19.500020000000003 0 50.00003000000001
endloop
endfacet
facet normal 0 0 1
outer loop
vertex 15.425273333333335 1.5191766666666668 50.00003000000001
vertex 19.500020000000003 0 50.00003000000001
vertex 19.425320000000003 1.5191766666666668 50.00003000000001
endloop
endfacet
facet normal 0 0 1
outer loop
vertex -19.500020000000003 0 50.00003000000001
vertex -19.425320000000003 -1.5191766666666668 50.00003000000001
vertex -15.425273333333335 -1.5191766666666668 50.00003000000001
endloop
endfacet
facet normal 0 0 1
outer loop
vertex -19.500020000000003 0 50.00003000000001
vertex -15.425273333333335 -1.5191766666666668 50.00003000000001
vertex -15.499973333333335 0 50.00003000000001
endloop
endfacet
facet normal 0 0 1
outer loop
vertex 15.499973333333335 0 50.00003000000001
vertex 15.425273333333335 -1.5191766666666668 50.00003000000001
vertex 19.425320000000003 -1.5191766666666668 50.00003000000001
endloop
endfacet
facet normal 0 0 1
outer loop
vertex 15.499973333333335 0 50.00003000000001
vertex 19.425320000000003 -1.5191766666666668 50.00003000000001
vertex 19.500020000000003 0 50.00003000000001
endloop
endfacet
facet normal 0 0 1
outer loop
vertex -17.740143333333336 -2.1995000000000005 50.00003000000001
vertex -19.425320000000003 -1.5191766666666668 50.00003000000001
vertex -19.406230000000004 -1.9112133333333337 50.00003000000001
endloop
endfacet
facet normal 0 0 1
outer loop
vertex -17.740143333333336 -2.1995000000000005 50.00003000000001
vertex -19.406230000000004 -1.9112133333333337 50.00003000000001
vertex -19.24106 -3.023966666666667 50.00003000000001
endloop
endfacet
facet normal 0 0 1
outer loop
vertex -17.740143333333336 -2.1995000000000005 50.00003000000001
vertex -19.24106 -3.023966666666667 50.00003000000001
vertex -15.202280000000002 -3.023966666666667 50.00003000000001
endloop
endfacet
facet normal 0 0 1
outer loop
vertex -17.740143333333336 -2.1995000000000005 50.00003000000001
vertex -15.202280000000002 -3.023966666666667 50.00003000000001
vertex -15.425273333333335 -1.5191766666666668 50.00003000000001
endloop
endfacet
facet normal 0 0 0.9999999999999999
outer loop
vertex -17.740143333333336 -2.1995000000000005 50.00003000000001
vertex -15.425273333333335 -1.5191766666666668 50.00003000000001
vertex -19.425320000000003 -1.5191766666666668 50.00003000000001
endloop
endfacet
facet normal 0 0 1
outer loop
vertex 17.740143333333336 -2.1995000000000005 50.00003000000001
vertex 15.425273333333335 -1.5191766666666668 50.00003000000001
vertex 15.202280000000002 -3.023966666666667 50.00003000000001
endloop
endfacet
facet normal 0 0 1
outer loop
vertex 17.740143333333336 -2.1995000000000005 50.00003000000001
vertex 15.202280000000002 -3.023966666666667 50.00003000000001
vertex 19.24106 -3.023966666666667 50.00003000000001
endloop
endfacet
facet normal 0 0 1
outer loop
vertex 17.740143333333336 -2.1995000000000005 50.00003000000001
vertex 19.24106 -3.023966666666667 50.00003000000001
vertex 19.406230000000004 -1.9112133333333337 50.00003000000001
endloop
endfacet
facet normal 0 0 1
outer loop
vertex 17.740143333333336 -2.1995000000000005 50.00003000000001
vertex 19.406230000000004 -1.9112133333333337 50.00003000000001
vertex 19.425320000000003 -1.5191766666666668 50.00003000000001
endloop
endfacet
facet normal 0 0 0.9999999999999999
outer loop
vertex 17.740143333333336 -2.1995000000000005 50.00003000000001
vertex 19.425320000000003 -1.5191766666666668 50.00003000000001
vertex 15.425273333333335 -1.5191766666666668 50.00003000000001
endloop
endfacet
facet normal 0 0 1
outer loop
vertex -17.470393333333337 -3.770136666666667 50.00003000000001
vertex -19.24106 -3.023966666666667 50.00003000000001
vertex -19.125413333333334 -3.804166666666667 50.00003000000001
endloop
endfacet
facet normal 0 0 1
outer loop
vertex -17.470393333333337 -3.770136666666667 50.00003000000001
vertex -19.125413333333334 -3.804166666666667 50.00003000000001
vertex -18.951113333333335 -4.49943 50.00003000000001
endloop
endfacet
facet normal 0 0 0.9999999999999999
outer loop
vertex -17.470393333333337 -3.770136666666667 50.00003000000001
vertex -18.951113333333335 -4.49943 50.00003000000001
vertex -14.832653333333335 -4.49943 50.00003000000001
endloop
endfacet
facet normal 0 0 1
outer loop
vertex -17.470393333333337 -3.770136666666667 50.00003000000001
vertex -14.832653333333335 -4.49943 50.00003000000001
vertex -15.202280000000002 -3.023966666666667 50.00003000000001
endloop
endfacet
facet normal 0 0 1
outer loop
vertex -17.470393333333337 -3.770136666666667 50.00003000000001
vertex -15.202280000000002 -3.023966666666667 50.00003000000001
vertex -19.24106 -3.023966666666667 50.00003000000001
endloop
endfacet
facet normal 0 0 1
outer loop
vertex 17.470393333333337 -3.770136666666667 50.00003000000001
vertex 15.202280000000002 -3.023966666666667 50.00003000000001
vertex 14.832653333333335 -4.49943 50.00003000000001
endloop
endfacet
facet normal 0 0 0.9999999999999999
outer loop
vertex 17.470393333333337 -3.770136666666667 50.00003000000001
vertex 14.832653333333335 -4.49943 50.00003000000001
vertex 18.951113333333335 -4.49943 50.00003000000001
endloop
endfacet
facet normal 0 0 1
outer loop
vertex 17.470393333333337 -3.770136666666667 50.00003000000001
vertex 18.951113333333335 -4.49943 50.00003000000001
vertex 19.125413333333334 -3.804166666666667 50.00003000000001
endloop
endfacet
facet normal 0 0 1
outer loop
vertex 17.470393333333337 -3.770136666666667 50.00003000000001
vertex 19.125413333333334 -3.804166666666667 50.00003000000001
vertex 19.24106 -3.023966666666667 50.00003000000001
endloop
endfacet
facet normal 0 0 1
outer loop
vertex 17.470393333333337 -3.770136666666667 50.00003000000001
vertex 19.24106 -3.023966666666667 50.00003000000001
vertex 15.202280000000002 -3.023966666666667 50.00003000000001
endloop
endfacet
facet normal 0 0 1
outer loop
vertex -17.065630000000002 -5.304530000000001 50.00003000000001
vertex -18.951113333333335 -4.49943 50.00003000000001
vertex -18.66033666666667 -5.6606000000000005 50.00003000000001
endloop
endfacet
facet normal 0 0 1
outer loop
vertex -17.065630000000002 -5.304530000000001 50.00003000000001
vertex -18.66033666666667 -5.6606000000000005 50.00003000000001
vertex -18.56322666666667 -5.9314566666666675 50.00003000000001
endloop
endfacet
facet normal 0 0 1
outer loop
vertex -17.065630000000002 -5.304530000000001 50.00003000000001
vertex -18.56322666666667 -5.9314566666666675 50.00003000000001
vertex -14.320266666666669 -5.9314566666666675 50.00003000000001
endloop
endfacet
facet normal 0 0 1
outer loop
vertex -17.065630000000002 -5.304530000000001 50.00003000000001
vertex -14.320266666666669 -5.9314566666666675 50.00003000000001
vertex -14.832653333333335 -4.49943 50.00003000000001
endloop
endfacet
facet normal 0 0 1
outer loop
vertex -17.065630000000002 -5.304530000000001 50.00003000000001
vertex -14.832653333333335 -4.49943 50.00003000000001
vertex -18.951113333333335 -4.49943 50.00003000000001
endloop
endfacet
facet normal 0 0 1
outer loop
vertex 17.065630000000002 -5.304530000000001 50.00003000000001
vertex 14.832653333333335 -4.49943 50.00003000000001
vertex 14.320266666666669 -5.9314566666666675 50.00003000000001
endloop
endfacet
facet normal 0 0 1
outer loop
vertex 17.065630000000002 -5.304530000000001 50.00003000000001
vertex 14.320266666666669 -5.9314566666666675 50.00003000000001
vertex 18.56322666666667 -5.9314566666666675 50.00003000000001
endloop
endfacet
facet normal 0 0 1
outer loop
vertex 17.065630000000002 -5.304530000000001 50.00003000000001
vertex 18.56322666666667 -5.9314566666666675 50.00003000000001
vertex 18.66033666666667 -5.6606000000000005 50.00003000000001
endloop
endfacet
facet normal 0 0 1
outer loop
vertex 17.065630000000002 -5.304530000000001 50.00003000000001
vertex 18.66033666666667 -5.6606000000000005 50.00003000000001
vertex 18.951113333333335 -4.49943 50.00003000000001
endloop
endfacet
facet normal 0 0 1
outer loop
vertex 17.065630000000002 -5.304530000000001 50.00003000000001
vertex 18.951113333333335 -4.49943 50.00003000000001
vertex 14.832653333333335 -4.49943 50.00003000000001
endloop
endfacet
facet normal 0 0 0.9999999999999999
outer loop
vertex -18.56322666666667 -5.9314566666666675 50.00003000000001
vertex -18.071313333333336 -7.306766666666667 50.00003000000001
vertex -13.669823333333335 -7.306766666666667 50.00003000000001
endloop
endfacet
facet normal 0 0 1
outer loop
vertex -18.56322666666667 -5.9314566666666675 50.00003000000001
vertex -13.669823333333335 -7.306766666666667 50.00003000000001
vertex -14.320266666666669 -5.9314566666666675 50.00003000000001
endloop
endfacet
facet normal 0 0 0.9999999999999999
outer loop
vertex 14.320266666666669 -5.9314566666666675 50.00003000000001
vertex 13.669823333333335 -7.306766666666667 50.00003000000001
vertex 18.071313333333336 -7.306766666666667 50.00003000000001
endloop
endfacet
facet normal 0 0 1
outer loop
vertex 14.320266666666669 -5.9314566666666675 50.00003000000001
vertex 18.071313333333336 -7.306766666666667 50.00003000000001
vertex 18.56322666666667 -5.9314566666666675 50.00003000000001
endloop
endfacet
facet normal 0 0 1
outer loop
vertex -16.02342666666667 -7.859546666666668 50.00003000000001
vertex -18.071313333333336 -7.306766666666667 50.00003000000001
vertex -18.015703333333335 -7.462253333333335 50.00003000000001
endloop
endfacet
facet normal 0 0 1
outer loop
vertex -16.02342666666667 -7.859546666666668 50.00003000000001
vertex -18.015703333333335 -7.462253333333335 50.00003000000001
vertex -17.472330000000003 -8.611250000000002 50.00003000000001
endloop
endfacet
facet normal 0 0 1
outer loop
vertex -16.02342666666667 -7.859546666666668 50.00003000000001
vertex -17.472330000000003 -8.611250000000002 50.00003000000001
vertex -12.887686666666669 -8.611250000000002 50.00003000000001
endloop
endfacet
facet normal 0 0 1
outer loop
vertex -16.02342666666667 -7.859546666666668 50.00003000000001
vertex -12.887686666666669 -8.611250000000002 50.00003000000001
vertex -13.669823333333335 -7.306766666666667 50.00003000000001
endloop
endfacet
facet normal 0 0 1
outer loop
vertex -16.02342666666667 -7.859546666666668 50.00003000000001
vertex -13.669823333333335 -7.306766666666667 50.00003000000001
vertex -18.071313333333336 -7.306766666666667 50.00003000000001
endloop
endfacet
facet normal 0 0 1
outer loop
vertex 16.02342666666667 -7.859546666666668 50.00003000000001
vertex 13.669823333333335 -7.306766666666667 50.00003000000001
vertex 12.887686666666669 -8.611250000000002 50.00003000000001
endloop
endfacet
facet normal 0 0 1
outer loop
vertex 16.02342666666667 -7.859546666666668 50.00003000000001
vertex 12.887686666666669 -8.611250000000002 50.00003000000001
vertex 17.472330000000003 -8.611250000000002 50.00003000000001
endloop
endfacet
facet normal 0 0 1
outer loop
vertex 16.02342666666667 -7.859546666666668 50.00003000000001
vertex 17.472330000000003 -8.611250000000002 50.00003000000001
vertex 18.015703333333335 -7.462253333333335 50.00003000000001
endloop
endfacet
facet normal 0 0 1
outer loop
vertex 16.02342666666667 -7.859546666666668 50.00003000000001
vertex 18.015703333333335 -7.462253333333335 50.00003000000001
vertex 18.071313333333336 -7.306766666666667 50.00003000000001
endloop
endfacet
facet normal 0 0 1
outer loop
vertex 16.02342666666667 -7.859546666666668 50.00003000000001
vertex 18.071313333333336 -7.306766666666667 50.00003000000001
vertex 13.669823333333335 -7.306766666666667 50.00003000000001
endloop
endfacet
facet normal 0 0 1
outer loop
vertex -15.270616666666669 -9.216043333333335 50.00003000000001
vertex -17.472330000000003 -8.611250000000002 50.00003000000001
vertex -17.1976 -9.192250000000001 50.00003000000001
endloop
endfacet
facet normal 0 0 1
outer loop
vertex -15.270616666666669 -9.216043333333335 50.00003000000001
vertex -17.1976 -9.192250000000001 50.00003000000001
vertex -16.81331 -9.833010000000002 50.00003000000001
endloop
endfacet
facet normal 0 0 1
outer loop
vertex -15.270616666666669 -9.216043333333335 50.00003000000001
vertex -16.81331 -9.833010000000002 50.00003000000001
vertex -11.981603333333336 -9.833010000000002 50.00003000000001
endloop
endfacet
facet normal 0 0 1
outer loop
vertex -15.270616666666669 -9.216043333333335 50.00003000000001
vertex -11.981603333333336 -9.833010000000002 50.00003000000001
vertex -12.887686666666669 -8.611250000000002 50.00003000000001
endloop
endfacet
facet normal 0 0 1
outer loop
vertex -15.270616666666669 -9.216043333333335 50.00003000000001
vertex -12.887686666666669 -8.611250000000002 50.00003000000001
vertex -17.472330000000003 -8.611250000000002 50.00003000000001
endloop
endfacet
facet normal 0 0 1
outer loop
vertex 15.270616666666669 -9.216043333333335 50.00003000000001
vertex 12.887686666666669 -8.611250000000002 50.00003000000001
vertex 11.981603333333336 -9.833010000000002 50.00003000000001
endloop
endfacet
facet normal 0 0 1
outer loop
vertex 15.270616666666669 -9.216043333333335 50.00003000000001
vertex 11.981603333333336 -9.833010000000002 50.00003000000001
vertex 16.81331 -9.833010000000002 50.00003000000001
endloop
endfacet
facet normal 0 0 1
outer loop
vertex 15.270616666666669 -9.216043333333335 50.00003000000001
vertex 16.81331 -9.833010000000002 50.00003000000001
vertex 17.1976 -9.192250000000001 50.00003000000001
endloop
endfacet
facet normal 0 0 1
outer loop
vertex 15.270616666666669 -9.216043333333335 50.00003000000001
vertex 17.1976 -9.192250000000001 50.00003000000001
vertex 17.472330000000003 -8.611250000000002 50.00003000000001
endloop
endfacet
facet normal 0 0 1
outer loop
vertex 15.270616666666669 -9.216043333333335 50.00003000000001
vertex 17.472330000000003 -8.611250000000002 50.00003000000001
vertex 12.887686666666669 -8.611250000000002 50.00003000000001
endloop
endfacet
facet normal 0 0 1
outer loop
vertex -14.417653333333336 -10.484006666666668 50.00003000000001
vertex -16.81331 -9.833010000000002 50.00003000000001
vertex -16.213773333333336 -10.833713333333336 50.00003000000001
endloop
endfacet
facet normal 0 0 1
outer loop
vertex -14.417653333333336 -10.484006666666668 50.00003000000001
vertex -16.213773333333336 -10.833713333333336 50.00003000000001
vertex -16.11970666666667 -10.960150000000002 50.00003000000001
endloop
endfacet
facet normal 0 0 1
outer loop
vertex -14.417653333333336 -10.484006666666668 50.00003000000001
vertex -16.11970666666667 -10.960150000000002 50.00003000000001
vertex -10.960150000000002 -10.960150000000002 50.00003000000001
endloop
endfacet
facet normal 0 0 1
outer loop
vertex -14.417653333333336 -10.484006666666668 50.00003000000001
vertex -10.960150000000002 -10.960150000000002 50.00003000000001
vertex -11.981603333333336 -9.833010000000002 50.00003000000001
endloop
endfacet
facet normal 0 0 0.9999999999999999
outer loop
vertex -14.417653333333336 -10.484006666666668 50.00003000000001
vertex -11.981603333333336 -9.833010000000002 50.00003000000001
vertex -16.81331 -9.833010000000002 50.00003000000001
endloop
endfacet
facet normal 0 0 1
outer loop
vertex 14.417653333333336 -10.484006666666668 50.00003000000001
vertex 11.981603333333336 -9.833010000000002 50.00003000000001
vertex 10.960150000000002 -10.960150000000002 50.00003000000001
endloop
endfacet
facet normal 0 0 1
outer loop
vertex 14.417653333333336 -10.484006666666668 50.00003000000001
vertex 10.960150000000002 -10.960150000000002 50.00003000000001
vertex 16.11970666666667 -10.960150000000002 50.00003000000001
endloop
endfacet
facet normal 0 0 1
outer loop
vertex 14.417653333333336 -10.484006666666668 50.00003000000001
vertex 16.11970666666667 -10.960150000000002 50.00003000000001
vertex 16.213773333333336 -10.833713333333336 50.00003000000001
endloop
endfacet
facet normal 0 0 1
outer loop
vertex 14.417653333333336 -10.484006666666668 50.00003000000001
vertex 16.213773333333336 -10.833713333333336 50.00003000000001
vertex 16.81331 -9.833010000000002 50.00003000000001
endloop
endfacet
facet normal 0 0 0.9999999999999999
outer loop
vertex 14.417653333333336 -10.484006666666668 50.00003000000001
vertex 16.81331 -9.833010000000002 50.00003000000001
vertex 11.981603333333336 -9.833010000000002 50.00003000000001
endloop
endfacet
facet normal 0 0 1
outer loop
vertex -16.11970666666667 -10.960150000000002 50.00003000000001
vertex -15.362193333333336 -11.981603333333336 50.00003000000001
vertex -9.833010000000002 -11.981603333333336 50.00003000000001
endloop
endfacet
facet normal 0 0 1
outer loop
vertex -16.11970666666667 -10.960150000000002 50.00003000000001
vertex -9.833010000000002 -11.981603333333336 50.00003000000001
vertex -10.960150000000002 -10.960150000000002 50.00003000000001
endloop
endfacet
facet normal 0 0 1
outer loop
vertex 10.960150000000002 -10.960150000000002 50.00003000000001
vertex 9.833010000000002 -11.981603333333336 50.00003000000001
vertex 15.362193333333336 -11.981603333333336 50.00003000000001
endloop
endfacet
facet normal 0 0 1
outer loop
vertex 10.960150000000002 -10.960150000000002 50.00003000000001
vertex 15.362193333333336 -11.981603333333336 50.00003000000001
vertex 16.11970666666667 -10.960150000000002 50.00003000000001
endloop
endfacet
facet normal 0 0 1
outer loop
vertex -12.697063333333334 -12.421780000000002 50.00003000000001
vertex -15.362193333333336 -11.981603333333336 50.00003000000001
vertex -15.073630000000001 -12.370596666666668 50.00003000000001
endloop
endfacet
facet normal 0 0 1
outer loop
vertex -12.697063333333334 -12.421780000000002 50.00003000000001
vertex -15.073630000000001 -12.370596666666668 50.00003000000001
vertex -14.604956666666668 -12.887686666666669 50.00003000000001
endloop
endfacet
facet normal 0 0 1
outer loop
vertex -12.697063333333334 -12.421780000000002 50.00003000000001
vertex -14.604956666666668 -12.887686666666669 50.00003000000001
vertex -8.611250000000002 -12.887686666666669 50.00003000000001
endloop
endfacet
facet normal 0 0 1
outer loop
vertex -12.697063333333334 -12.421780000000002 50.00003000000001
vertex -8.611250000000002 -12.887686666666669 50.00003000000001
vertex -9.833010000000002 -11.981603333333336 50.00003000000001
endloop
endfacet
facet normal 0 0 1
outer loop
vertex -12.697063333333334 -12.421780000000002 50.00003000000001
vertex -9.833010000000002 -11.981603333333336 50.00003000000001
vertex -15.362193333333336 -11.981603333333336 50.00003000000001
endloop
endfacet
facet normal 0 0 1
outer loop
vertex 12.697063333333334 -12.421780000000002 50.00003000000001
vertex 9.833010000000002 -11.981603333333336 50.00003000000001
vertex 8.611250000000002 -12.887686666666669 50.00003000000001
endloop
endfacet
facet normal 0 0 1
outer loop
vertex 12.697063333333334 -12.421780000000002 50.00003000000001
vertex 8.611250000000002 -12.887686666666669 50.00003000000001
vertex 14.604956666666668 -12.887686666666669 50.00003000000001
endloop
endfacet
facet normal 0 0 1
outer loop
vertex 12.697063333333334 -12.421780000000002 50.00003000000001
vertex 14.604956666666668 -12.887686666666669 50.00003000000001
vertex 15.073630000000001 -12.370596666666668 50.00003000000001
endloop
endfacet
facet normal 0 0 1
outer loop
vertex 12.697063333333334 -12.421780000000002 50.00003000000001
vertex 15.073630000000001 -12.370596666666668 50.00003000000001
vertex 15.362193333333336 -11.981603333333336 50.00003000000001
endloop
endfacet
facet normal 0 0 1
outer loop
vertex 12.697063333333334 -12.421780000000002 50.00003000000001
vertex 15.362193333333336 -11.981603333333336 50.00003000000001
vertex 9.833010000000002 -11.981603333333336 50.00003000000001
endloop
endfacet
facet normal 0 0 1
outer loop
vertex -14.604956666666668 -12.887686666666669 50.00003000000001
vertex -13.896136666666669 -13.669823333333335 50.00003000000001
vertex -7.306766666666667 -13.669823333333335 50.00003000000001
endloop
endfacet
facet normal 0 0 1
outer loop
vertex -14.604956666666668 -12.887686666666669 50.00003000000001
vertex -7.306766666666667 -13.669823333333335 50.00003000000001
vertex -8.611250000000002 -12.887686666666669 50.00003000000001
endloop
endfacet
facet normal 0 0 1
outer loop
vertex 8.611250000000002 -12.887686666666669 50.00003000000001
vertex 7.306766666666667 -13.669823333333335 50.00003000000001
vertex 13.896136666666669 -13.669823333333335 50.00003000000001
endloop
endfacet
facet normal 0 0 1
outer loop
vertex 8.611250000000002 -12.887686666666669 50.00003000000001
vertex 13.896136666666669 -13.669823333333335 50.00003000000001
vertex 14.604956666666668 -12.887686666666669 50.00003000000001
endloop
endfacet
facet normal 0 0 0.9999999999999999
outer loop
vertex -10.824860000000001 -13.953683333333336 50.00003000000001
vertex -13.896136666666669 -13.669823333333335 50.00003000000001
vertex -13.788513333333336 -13.788513333333336 50.00003000000001
endloop
endfacet
facet normal 0 0 1
outer loop
vertex -10.824860000000001 -13.953683333333336 50.00003000000001
vertex -13.788513333333336 -13.788513333333336 50.00003000000001
vertex -13.201980000000002 -14.320266666666669 50.00003000000001
endloop
endfacet
facet normal 0 0 1
outer loop
vertex -10.824860000000001 -13.953683333333336 50.00003000000001
vertex -13.201980000000002 -14.320266666666669 50.00003000000001
vertex -5.9314566666666675 -14.320266666666669 50.00003000000001
endloop
endfacet
facet normal 0 0 1
outer loop
vertex -10.824860000000001 -13.953683333333336 50.00003000000001
vertex -5.9314566666666675 -14.320266666666669 50.00003000000001
vertex -7.306766666666667 -13.669823333333335 50.00003000000001
endloop
endfacet
facet normal 0 0 1
outer loop
vertex -10.824860000000001 -13.953683333333336 50.00003000000001
vertex -7.306766666666667 -13.669823333333335 50.00003000000001
vertex -13.896136666666669 -13.669823333333335 50.00003000000001
endloop
endfacet
facet normal 0 0 1
outer loop
vertex 10.824860000000001 -13.953683333333336 50.00003000000001
vertex 7.306766666666667 -13.669823333333335 50.00003000000001
vertex 5.9314566666666675 -14.320266666666669 50.00003000000001
endloop
endfacet
facet normal 0 0 1
outer loop
vertex 10.824860000000001 -13.953683333333336 50.00003000000001
vertex 5.9314566666666675 -14.320266666666669 50.00003000000001
vertex 13.201980000000002 -14.320266666666669 50.00003000000001
endloop
endfacet
facet normal 0 0 1
outer loop
vertex 10.824860000000001 -13.953683333333336 50.00003000000001
vertex 13.201980000000002 -14.320266666666669 50.00003000000001
vertex 13.788513333333336 -13.788513333333336 50.00003000000001
endloop
endfacet
facet normal 0 0 0.9999999999999999
outer loop
vertex 10.824860000000001 -13.953683333333336 50.00003000000001
vertex 13.788513333333336 -13.788513333333336 50.00003000000001
vertex 13.896136666666669 -13.669823333333335 50.00003000000001
endloop
endfacet
facet normal 0 0 1
outer loop
vertex 10.824860000000001 -13.953683333333336 50.00003000000001
vertex 13.896136666666669 -13.669823333333335 50.00003000000001
vertex 7.306766666666667 -13.669823333333335 50.00003000000001
endloop
endfacet
facet normal 0 0 1
outer loop
vertex -13.201980000000002 -14.320266666666669 50.00003000000001
vertex -12.636750000000001 -14.832653333333335 50.00003000000001
vertex -4.49943 -14.832653333333335 50.00003000000001
endloop
endfacet
facet normal 0 0 1
outer loop
vertex -13.201980000000002 -14.320266666666669 50.00003000000001
vertex -4.49943 -14.832653333333335 50.00003000000001
vertex -5.9314566666666675 -14.320266666666669 50.00003000000001
endloop
endfacet
facet normal 0 0 1
outer loop
vertex 5.9314566666666675 -14.320266666666669 50.00003000000001
vertex 4.49943 -14.832653333333335 50.00003000000001
vertex 12.636750000000001 -14.832653333333335 50.00003000000001
endloop
endfacet
facet normal 0 0 1
outer loop
vertex 5.9314566666666675 -14.320266666666669 50.00003000000001
vertex 12.636750000000001 -14.832653333333335 50.00003000000001
vertex 13.201980000000002 -14.320266666666669 50.00003000000001
endloop
endfacet
facet normal 0 0 0.9999999999999999
outer loop
vertex -8.94574 -15.028810000000002 50.00003000000001
vertex -12.636750000000001 -14.832653333333335 50.00003000000001
vertex -12.370596666666668 -15.073630000000001 50.00003000000001
endloop
endfacet
facet normal 0 0 1
outer loop
vertex -8.94574 -15.028810000000002 50.00003000000001
vertex -12.370596666666668 -15.073630000000001 50.00003000000001
vertex -12.197403333333336 -15.202280000000002 50.00003000000001
endloop
endfacet
facet normal 0 0 1
outer loop
vertex -8.94574 -15.028810000000002 50.00003000000001
vertex -12.197403333333336 -15.202280000000002 50.00003000000001
vertex -3.023966666666667 -15.202280000000002 50.00003000000001
endloop
endfacet
facet normal 0 0 0.9999999999999999
outer loop
vertex -8.94574 -15.028810000000002 50.00003000000001
vertex -3.023966666666667 -15.202280000000002 50.00003000000001
vertex -4.49943 -14.832653333333335 50.00003000000001
endloop
endfacet
facet normal 0 0 1
outer loop
vertex -8.94574 -15.028810000000002 50.00003000000001
vertex -4.49943 -14.832653333333335 50.00003000000001
vertex -12.636750000000001 -14.832653333333335 50.00003000000001
endloop
endfacet
facet normal 0 0 0.9999999999999999
outer loop
vertex 8.94574 -15.028810000000002 50.00003000000001
vertex 4.49943 -14.832653333333335 50.00003000000001
vertex 3.023966666666667 -15.202280000000002 50.00003000000001
endloop
endfacet
facet normal 0 0 1
outer loop
vertex 8.94574 -15.028810000000002 50.00003000000001
vertex 3.023966666666667 -15.202280000000002 50.00003000000001
vertex 12.197403333333336 -15.202280000000002 50.00003000000001
endloop
endfacet
facet normal 0 0 1
outer loop
vertex 8.94574 -15.028810000000002 50.00003000000001
vertex 12.197403333333336 -15.202280000000002 50.00003000000001
vertex 12.370596666666668 -15.073630000000001 50.00003000000001
endloop
endfacet
facet normal 0 0 0.9999999999999999
outer loop
vertex 8.94574 -15.028810000000002 50.00003000000001
vertex 12.370596666666668 -15.073630000000001 50.00003000000001
vertex 12.636750000000001 -14.832653333333335 50.00003000000001
endloop
endfacet
facet normal 0 0 1
outer loop
vertex 8.94574 -15.028810000000002 50.00003000000001
vertex 12.636750000000001 -14.832653333333335 50.00003000000001
vertex 4.49943 -14.832653333333335 50.00003000000001
endloop
endfacet
facet normal 0 0 1
outer loop
vertex -12.197403333333336 -15.202280000000002 50.00003000000001
vertex -11.896390000000002 -15.425273333333335 50.00003000000001
vertex -1.5191766666666668 -15.425273333333335 50.00003000000001
endloop
endfacet
facet normal 0 0 1
outer loop
vertex -12.197403333333336 -15.202280000000002 50.00003000000001
vertex -1.5191766666666668 -15.425273333333335 50.00003000000001
vertex -3.023966666666667 -15.202280000000002 50.00003000000001
endloop
endfacet
facet normal 0 0 1
outer loop
vertex 3.023966666666667 -15.202280000000002 50.00003000000001
vertex 1.5191766666666668 -15.425273333333335 50.00003000000001
vertex 11.896390000000002 -15.425273333333335 50.00003000000001
endloop
endfacet
facet normal 0 0 1
outer loop
vertex 3.023966666666667 -15.202280000000002 50.00003000000001
vertex 11.896390000000002 -15.425273333333335 50.00003000000001
vertex 12.197403333333336 -15.202280000000002 50.00003000000001
endloop
endfacet
facet normal 0 0 1
outer loop
vertex -11.896390000000002 -15.425273333333335 50.00003000000001
vertex -11.795960000000001 -15.499973333333335 50.00003000000001
vertex 0 -15.499973333333335 50.00003000000001
endloop
endfacet
facet normal 0 0 1
outer loop
vertex -11.896390000000002 -15.425273333333335 50.00003000000001
vertex 0 -15.499973333333335 50.00003000000001
vertex -1.5191766666666668 -15.425273333333335 50.00003000000001
endloop
endfacet
facet normal 0 0 1
outer loop
vertex 1.5191766666666668 -15.425273333333335 50.00003000000001
vertex 0 -15.499973333333335 50.00003000000001
vertex 11.795960000000001 -15.499973333333335 50.00003000000001
endloop
endfacet
facet normal 0 0 1
outer loop
vertex 1.5191766666666668 -15.425273333333335 50.00003000000001
vertex 11.795960000000001 -15.499973333333335 50.00003000000001
vertex 11.896390000000002 -15.425273333333335 50.00003000000001
endloop
endfacet
facet normal 0 0 1
outer loop
vertex 0 -17.702240000000003 50.00003000000001
vertex 0 -15.499973333333335 50.00003000000001
vertex -11.795960000000001 -15.499973333333335 50.00003000000001
endloop
endfacet
facet normal 0 0 1
outer loop
vertex 0 -17.702240000000003 50.00003000000001
vertex -11.795960000000001 -15.499973333333335 50.00003000000001
vertex -10.833713333333336 -16.213773333333336 50.00003000000001
endloop
endfacet
facet normal 0 0 1
outer loop
vertex 0 -17.702240000000003 50.00003000000001
vertex -10.833713333333336 -16.213773333333336 50.00003000000001
vertex -9.192250000000001 -17.1976 50.00003000000001
endloop
endfacet
facet normal 0 0 1
outer loop
vertex 0 -17.702240000000003 50.00003000000001
vertex -9.192250000000001 -17.1976 50.00003000000001
vertex -7.462253333333335 -18.015703333333335 50.00003000000001
endloop
endfacet
facet normal 0 0 1
outer loop
vertex 0 -17.702240000000003 50.00003000000001
vertex -7.462253333333335 -18.015703333333335 50.00003000000001
vertex -5.6606000000000005 -18.66033666666667 50.00003000000001
endloop
endfacet
facet normal 0 0 1
outer loop
vertex 0 -17.702240000000003 50.00003000000001
vertex -5.6606000000000005 -18.66033666666667 50.00003000000001
vertex -3.804166666666667 -19.125413333333334 50.00003000000001
endloop
endfacet
facet normal 0 0 0.9999999999999999
outer loop
vertex 0 -17.702240000000003 50.00003000000001
vertex -3.804166666666667 -19.125413333333334 50.00003000000001
vertex -1.9112133333333337 -19.406230000000004 50.00003000000001
endloop
endfacet
facet normal 0 0 1
outer loop
vertex 0 -17.702240000000003 50.00003000000001
vertex -1.9112133333333337 -19.406230000000004 50.00003000000001
vertex 0 -19.500020000000003 50.00003000000001
endloop
endfacet
facet normal 0 0 1
outer loop
vertex 0 -17.702240000000003 50.00003000000001
vertex 0 -19.500020000000003 50.00003000000001
vertex 1.9112133333333337 -19.406230000000004 50.00003000000001
endloop
endfacet
facet normal 0 0 0.9999999999999999
outer loop
vertex 0 -17.702240000000003 50.00003000000001
vertex 1.9112133333333337 -19.406230000000004 50.00003000000001
vertex 3.804166666666667 -19.125413333333334 50.00003000000001
endloop
endfacet
facet normal 0 0 1
outer loop
vertex 0 -17.702240000000003 50.00003000000001
vertex 3.804166666666667 -19.125413333333334 50.00003000000001
vertex 5.6606000000000005 -18.66033666666667 50.00003000000001
endloop
endfacet
facet normal 0 0 1
outer loop
vertex 0 -17.702240000000003 50.00003000000001
vertex 5.6606000000000005 -18.66033666666667 50.00003000000001
vertex 7.462253333333335 -18.015703333333335 50.00003000000001
endloop
endfacet
facet normal 0 0 1
outer loop
vertex 0 -17.702240000000003 50.00003000000001
vertex 7.462253333333335 -18.015703333333335 50.00003000000001
vertex 9.192250000000001 -17.1976 50.00003000000001
endloop
endfacet
facet normal 0 0 1
outer loop
vertex 0 -17.702240000000003 50.00003000000001
vertex 9.192250000000001 -17.1976 50.00003000000001
vertex 10.833713333333336 -16.213773333333336 50.00003000000001
endloop
endfacet
facet normal 0 0 1
outer loop
vertex 0 -17.702240000000003 50.00003000000001
vertex 10.833713333333336 -16.213773333333336 50.00003000000001
vertex 11.795960000000001 -15.499973333333335 50.00003000000001
endloop
endfacet
facet normal 0 0 1
outer loop
vertex 0 -17.702240000000003 50.00003000000001
vertex 11.795960000000001 -15.499973333333335 50.00003000000001
vertex 0 -15.499973333333335 50.00003000000001
endloop
endfacet
facet normal 0 0 -1
outer loop
vertex 0 17.702516666666668 45.00011000000001
vertex 0 19.500020000000003 45.00011000000001
vertex 1.9112133333333337 19.406230000000004 45.00011000000001
endloop
endfacet
facet normal 0 0 -1
outer loop
vertex 0 17.702516666666668 45.00011000000001
vertex 1.9112133333333337 19.406230000000004 45.00011000000001
vertex 3.804166666666667 19.125413333333334 45.00011000000001
endloop
endfacet
facet normal 0 0 -1
outer loop
vertex 0 17.702516666666668 45.00011000000001
vertex 3.804166666666667 19.125413333333334 45.00011000000001
vertex 5.6606000000000005 18.66033666666667 45.00011000000001
endloop
endfacet
facet normal 0 0 -1
outer loop
vertex 0 17.702516666666668 45.00011000000001
vertex 5.6606000000000005 18.66033666666667 45.00011000000001
vertex 7.462253333333335 18.015703333333335 45.00011000000001
endloop
endfacet
facet normal 0 0 -1
outer loop
vertex 0 17.702516666666668 45.00011000000001
vertex 7.462253333333335 18.015703333333335 45.00011000000001
vertex 9.192250000000001 17.1976 45.00011000000001
endloop
endfacet
facet normal 0 0 -1
outer loop
vertex 0 17.702516666666668 45.00011000000001
vertex 9.192250000000001 17.1976 45.00011000000001
vertex 10.833713333333336 16.213773333333336 45.00011000000001
endloop
endfacet
facet normal 0 0 -0.9999999999999999
outer loop
vertex 0 17.702516666666668 45.00011000000001
vertex 10.833713333333336 16.213773333333336 45.00011000000001
vertex 11.795960000000001 15.499973333333335 45.00011000000001
endloop
endfacet
facet normal 0 0 -0.9999999999999999
outer loop
vertex 0 17.702516666666668 45.00011000000001
vertex 11.795960000000001 15.499973333333335 45.00011000000001
vertex 0 15.499973333333335 45.00011000000001
endloop
endfacet
facet normal 0 0 -0.9999999999999999
outer loop
vertex 0 17.702516666666668 45.00011000000001
vertex 0 15.499973333333335 45.00011000000001
vertex -11.795960000000001 15.499973333333335 45.00011000000001
endloop
endfacet
facet normal 0 0 -0.9999999999999999
outer loop
vertex 0 17.702516666666668 45.00011000000001
vertex -11.795960000000001 15.499973333333335 45.00011000000001
vertex -10.833713333333336 16.213773333333336 45.00011000000001
endloop
endfacet
facet normal 0 0 -1
outer loop
vertex 0 17.702516666666668 45.00011000000001
vertex -10.833713333333336 16.213773333333336 45.00011000000001
vertex -9.192250000000001 17.1976 45.00011000000001
endloop
endfacet
facet normal 0 0 -1
outer loop
vertex 0 17.702516666666668 45.00011000000001
vertex -9.192250000000001 17.1976 45.00011000000001
vertex -7.462253333333335 18.015703333333335 45.00011000000001
endloop
endfacet
facet normal 0 0 -1
outer loop
vertex 0 17.702516666666668 45.00011000000001
vertex -7.462253333333335 18.015703333333335 45.00011000000001
vertex -5.6606000000000005 18.66033666666667 45.00011000000001
endloop
endfacet
facet normal 0 0 -1
outer loop
vertex 0 17.702516666666668 45.00011000000001
vertex -5.6606000000000005 18.66033666666667 45.00011000000001
vertex -3.804166666666667 19.125413333333334 45.00011000000001
endloop
endfacet
facet normal 0 0 -1
outer loop
vertex 0 17.702516666666668 45.00011000000001
vertex -3.804166666666667 19.125413333333334 45.00011000000001
vertex -1.9112133333333337 19.406230000000004 45.00011000000001
endloop
endfacet
facet normal 0 0 -1
outer loop
vertex 0 17.702516666666668 45.00011000000001
vertex -1.9112133333333337 19.406230000000004 45.00011000000001
vertex 0 19.500020000000003 45.00011000000001
endloop
endfacet
facet normal 0 0 -1
outer loop
vertex 11.795960000000001 15.499973333333335 45.00011000000001
vertex 11.896390000000002 15.425273333333335 45.00011000000001
vertex 1.5191766666666668 15.425273333333335 45.00011000000001
endloop
endfacet
facet normal 0 0 -0.9999999999999999
outer loop
vertex 11.795960000000001 15.499973333333335 45.00011000000001
vertex 1.5191766666666668 15.425273333333335 45.00011000000001
vertex 0 15.499973333333335 45.00011000000001
endloop
endfacet
facet normal 0 0 -1
outer loop
vertex 0 15.499973333333335 45.00011000000001
vertex -1.5191766666666668 15.425273333333335 45.00011000000001
vertex -11.896390000000002 15.425273333333335 45.00011000000001
endloop
endfacet
facet normal 0 0 -0.9999999999999999
outer loop
vertex 0 15.499973333333335 45.00011000000001
vertex -11.896390000000002 15.425273333333335 45.00011000000001
vertex -11.795960000000001 15.499973333333335 45.00011000000001
endloop
endfacet
facet normal 0 0 -1
outer loop
vertex 11.896390000000002 15.425273333333335 45.00011000000001
vertex 12.197403333333336 15.202280000000002 45.00011000000001
vertex 3.023966666666667 15.202280000000002 45.00011000000001
endloop
endfacet
facet normal 0 0 -1
outer loop
vertex 11.896390000000002 15.425273333333335 45.00011000000001
vertex 3.023966666666667 15.202280000000002 45.00011000000001
vertex 1.5191766666666668 15.425273333333335 45.00011000000001
endloop
endfacet
facet normal 0 0 -1
outer loop
vertex -1.5191766666666668 15.425273333333335 45.00011000000001
vertex -3.023966666666667 15.202280000000002 45.00011000000001
vertex -12.197403333333336 15.202280000000002 45.00011000000001
endloop
endfacet
facet normal 0 0 -1
outer loop
vertex -1.5191766666666668 15.425273333333335 45.00011000000001
vertex -12.197403333333336 15.202280000000002 45.00011000000001
vertex -11.896390000000002 15.425273333333335 45.00011000000001
endloop
endfacet
facet normal 0 0 -1
outer loop
vertex 8.94574 15.028810000000002 45.00011000000001
vertex 12.197403333333336 15.202280000000002 45.00011000000001
vertex 12.370596666666668 15.073630000000001 45.00011000000001
endloop
endfacet
facet normal 0 0 -0.9999999999999999
outer loop
vertex 8.94574 15.028810000000002 45.00011000000001
vertex 12.370596666666668 15.073630000000001 45.00011000000001
vertex 12.636750000000001 14.832653333333335 45.00011000000001
endloop
endfacet
facet normal 0 0 -1
outer loop
vertex 8.94574 15.028810000000002 45.00011000000001
vertex 12.636750000000001 14.832653333333335 45.00011000000001
vertex 4.49943 14.832653333333335 45.00011000000001
endloop
endfacet
facet normal 0 0 -0.9999999999999999
outer loop
vertex 8.94574 15.028810000000002 45.00011000000001
vertex 4.49943 14.832653333333335 45.00011000000001
vertex 3.023966666666667 15.202280000000002 45.00011000000001
endloop
endfacet
facet normal 0 0 -1
outer loop
vertex 8.94574 15.028810000000002 45.00011000000001
vertex 3.023966666666667 15.202280000000002 45.00011000000001
vertex 12.197403333333336 15.202280000000002 45.00011000000001
endloop
endfacet
facet normal 0 0 -0.9999999999999999
outer loop
vertex -8.94574 15.028810000000002 45.00011000000001
vertex -3.023966666666667 15.202280000000002 45.00011000000001
vertex -4.49943 14.832653333333335 45.00011000000001
endloop
endfacet
facet normal 0 0 -1
outer loop
vertex -8.94574 15.028810000000002 45.00011000000001
vertex -4.49943 14.832653333333335 45.00011000000001
vertex -12.636750000000001 14.832653333333335 45.00011000000001
endloop
endfacet
facet normal 0 0 -0.9999999999999999
outer loop
vertex -8.94574 15.028810000000002 45.00011000000001
vertex -12.636750000000001 14.832653333333335 45.00011000000001
vertex -12.370596666666668 15.073630000000001 45.00011000000001
endloop
endfacet
facet normal 0 0 -1
outer loop
vertex -8.94574 15.028810000000002 45.00011000000001
vertex -12.370596666666668 15.073630000000001 45.00011000000001
vertex -12.197403333333336 15.202280000000002 45.00011000000001
endloop
endfacet
facet normal 0 0 -1
outer loop
vertex -8.94574 15.028810000000002 45.00011000000001
vertex -12.197403333333336 15.202280000000002 45.00011000000001
vertex -3.023966666666667 15.202280000000002 45.00011000000001
endloop
endfacet
facet normal 0 0 -1
outer loop
vertex 12.636750000000001 14.832653333333335 45.00011000000001
vertex 13.201980000000002 14.320266666666669 45.00011000000001
vertex 5.9314566666666675 14.320266666666669 45.00011000000001
endloop
endfacet
facet normal 0 0 -1
outer loop
vertex 12.636750000000001 14.832653333333335 45.00011000000001
vertex 5.9314566666666675 14.320266666666669 45.00011000000001
vertex 4.49943 14.832653333333335 45.00011000000001
endloop
endfacet
facet normal 0 0 -1
outer loop
vertex -4.49943 14.832653333333335 45.00011000000001
vertex -5.9314566666666675 14.320266666666669 45.00011000000001
vertex -13.201980000000002 14.320266666666669 45.00011000000001
endloop
endfacet
facet normal 0 0 -1
outer loop
vertex -4.49943 14.832653333333335 45.00011000000001
vertex -13.201980000000002 14.320266666666669 45.00011000000001
vertex -12.636750000000001 14.832653333333335 45.00011000000001
endloop
endfacet
facet normal 0 0 -1
outer loop
vertex 10.824860000000001 13.953683333333336 45.00011000000001
vertex 13.201980000000002 14.320266666666669 45.00011000000001
vertex 13.788513333333336 13.788513333333336 45.00011000000001
endloop
endfacet
facet normal 0 0 -0.9999999999999999
outer loop
vertex 10.824860000000001 13.953683333333336 45.00011000000001
vertex 13.788513333333336 13.788513333333336 45.00011000000001
vertex 13.896136666666669 13.669823333333335 45.00011000000001
endloop
endfacet
facet normal 0 0 -1
outer loop
vertex 10.824860000000001 13.953683333333336 45.00011000000001
vertex 13.896136666666669 13.669823333333335 45.00011000000001
vertex 7.306766666666667 13.669823333333335 45.00011000000001
endloop
endfacet
facet normal 0 0 -1
outer loop
vertex 10.824860000000001 13.953683333333336 45.00011000000001
vertex 7.306766666666667 13.669823333333335 45.00011000000001
vertex 5.9314566666666675 14.320266666666669 45.00011000000001
endloop
endfacet
facet normal 0 0 -1
outer loop
vertex 10.824860000000001 13.953683333333336 45.00011000000001
vertex 5.9314566666666675 14.320266666666669 45.00011000000001
vertex 13.201980000000002 14.320266666666669 45.00011000000001
endloop
endfacet
facet normal 0 0 -1
outer loop
vertex -10.824860000000001 13.953683333333336 45.00011000000001
vertex -5.9314566666666675 14.320266666666669 45.00011000000001
vertex -7.306766666666667 13.669823333333335 45.00011000000001
endloop
endfacet
facet normal 0 0 -1
outer loop
vertex -10.824860000000001 13.953683333333336 45.00011000000001
vertex -7.306766666666667 13.669823333333335 45.00011000000001
vertex -13.896136666666669 13.669823333333335 45.00011000000001
endloop
endfacet
facet normal 0 0 -0.9999999999999999
outer loop
vertex -10.824860000000001 13.953683333333336 45.00011000000001
vertex -13.896136666666669 13.669823333333335 45.00011000000001
vertex -13.788513333333336 13.788513333333336 45.00011000000001
endloop
endfacet
facet normal 0 0 -1
outer loop
vertex -10.824860000000001 13.953683333333336 45.00011000000001
vertex -13.788513333333336 13.788513333333336 45.00011000000001
vertex -13.201980000000002 14.320266666666669 45.00011000000001
endloop
endfacet
facet normal 0 0 -1
outer loop
vertex -10.824860000000001 13.953683333333336 45.00011000000001
vertex -13.201980000000002 14.320266666666669 45.00011000000001
vertex -5.9314566666666675 14.320266666666669 45.00011000000001
endloop
endfacet
facet normal 0 0 -1
outer loop
vertex 13.896136666666669 13.669823333333335 45.00011000000001
vertex 14.604956666666668 12.887686666666669 45.00011000000001
vertex 8.611250000000002 12.887686666666669 45.00011000000001
endloop
endfacet
facet normal 0 0 -1
outer loop
vertex 13.896136666666669 13.669823333333335 45.00011000000001
vertex 8.611250000000002 12.887686666666669 45.00011000000001
vertex 7.306766666666667 13.669823333333335 45.00011000000001
endloop
endfacet
facet normal 0 0 -1
outer loop
vertex -7.306766666666667 13.669823333333335 45.00011000000001
vertex -8.611250000000002 12.887686666666669 45.00011000000001
vertex -14.604956666666668 12.887686666666669 45.00011000000001
endloop
endfacet
facet normal 0 0 -1
outer loop
vertex -7.306766666666667 13.669823333333335 45.00011000000001
vertex -14.604956666666668 12.887686666666669 45.00011000000001
vertex -13.896136666666669 13.669823333333335 45.00011000000001
endloop
endfacet
facet normal 0 0 -1
outer loop
vertex 12.697063333333334 12.421780000000002 45.00011000000001
vertex 14.604956666666668 12.887686666666669 45.00011000000001
vertex 15.073630000000001 12.370596666666668 45.00011000000001
endloop
endfacet
facet normal 0 0 -1
outer loop
vertex 12.697063333333334 12.421780000000002 45.00011000000001
vertex 15.073630000000001 12.370596666666668 45.00011000000001
vertex 15.362193333333336 11.981603333333336 45.00011000000001
endloop
endfacet
facet normal 0 0 -1
outer loop
vertex 12.697063333333334 12.421780000000002 45.00011000000001
vertex 15.362193333333336 11.981603333333336 45.00011000000001
vertex 9.833010000000002 11.981603333333336 45.00011000000001
endloop
endfacet
facet normal 0 0 -1
outer loop
vertex 12.697063333333334 12.421780000000002 45.00011000000001
vertex 9.833010000000002 11.981603333333336 45.00011000000001
vertex 8.611250000000002 12.887686666666669 45.00011000000001
endloop
endfacet
facet normal 0 0 -1
outer loop
vertex 12.697063333333334 12.421780000000002 45.00011000000001
vertex 8.611250000000002 12.887686666666669 45.00011000000001
vertex 14.604956666666668 12.887686666666669 45.00011000000001
endloop
endfacet
facet normal 0 0 -1
outer loop
vertex -12.697063333333334 12.421780000000002 45.00011000000001
vertex -8.611250000000002 12.887686666666669 45.00011000000001
vertex -9.833010000000002 11.981603333333336 45.00011000000001
endloop
endfacet
facet normal 0 0 -1
outer loop
vertex -12.697063333333334 12.421780000000002 45.00011000000001
vertex -9.833010000000002 11.981603333333336 45.00011000000001
vertex -15.362193333333336 11.981603333333336 45.00011000000001
endloop
endfacet
facet normal 0 0 -1
outer loop
vertex -12.697063333333334 12.421780000000002 45.00011000000001
vertex -15.362193333333336 11.981603333333336 45.00011000000001
vertex -15.073630000000001 12.370596666666668 45.00011000000001
endloop
endfacet
facet normal 0 0 -1
outer loop
vertex -12.697063333333334 12.421780000000002 45.00011000000001
vertex -15.073630000000001 12.370596666666668 45.00011000000001
vertex -14.604956666666668 12.887686666666669 45.00011000000001
endloop
endfacet
facet normal 0 0 -1
outer loop
vertex -12.697063333333334 12.421780000000002 45.00011000000001
vertex -14.604956666666668 12.887686666666669 45.00011000000001
vertex -8.611250000000002 12.887686666666669 45.00011000000001
endloop
endfacet
facet normal 0 0 -1
outer loop
vertex 15.362193333333336 11.981603333333336 45.00011000000001
vertex 16.11970666666667 10.960150000000002 45.00011000000001
vertex 10.960150000000002 10.960150000000002 45.00011000000001
endloop
endfacet
facet normal 0 0 -1
outer loop
vertex 15.362193333333336 11.981603333333336 45.00011000000001
vertex 10.960150000000002 10.960150000000002 45.00011000000001
vertex 9.833010000000002 11.981603333333336 45.00011000000001
endloop
endfacet
facet normal 0 0 -1
outer loop
vertex -9.833010000000002 11.981603333333336 45.00011000000001
vertex -10.960150000000002 10.960150000000002 45.00011000000001
vertex -16.11970666666667 10.960150000000002 45.00011000000001
endloop
endfacet
facet normal 0 0 -1
outer loop
vertex -9.833010000000002 11.981603333333336 45.00011000000001
vertex -16.11970666666667 10.960150000000002 45.00011000000001
vertex -15.362193333333336 11.981603333333336 45.00011000000001
endloop
endfacet
facet normal 0 0 -1
outer loop
vertex 14.417653333333336 10.484006666666668 45.00011000000001
vertex 16.11970666666667 10.960150000000002 45.00011000000001
vertex 16.213773333333336 10.833713333333336 45.00011000000001
endloop
endfacet
facet normal 0 0 -1
outer loop
vertex 14.417653333333336 10.484006666666668 45.00011000000001
vertex 16.213773333333336 10.833713333333336 45.00011000000001
vertex 16.81331 9.833010000000002 45.00011000000001
endloop
endfacet
facet normal 0 0 -0.9999999999999999
outer loop
vertex 14.417653333333336 10.484006666666668 45.00011000000001
vertex 16.81331 9.833010000000002 45.00011000000001
vertex 11.981603333333336 9.833010000000002 45.00011000000001
endloop
endfacet
facet normal 0 0 -1
outer loop
vertex 14.417653333333336 10.484006666666668 45.00011000000001
vertex 11.981603333333336 9.833010000000002 45.00011000000001
vertex 10.960150000000002 10.960150000000002 45.00011000000001
endloop
endfacet
facet normal 0 0 -1
outer loop
vertex 14.417653333333336 10.484006666666668 45.00011000000001
vertex 10.960150000000002 10.960150000000002 45.00011000000001
vertex 16.11970666666667 10.960150000000002 45.00011000000001
endloop
endfacet
facet normal 0 0 -1
outer loop
vertex -14.417653333333336 10.484006666666668 45.00011000000001
vertex -10.960150000000002 10.960150000000002 45.00011000000001
vertex -11.981603333333336 9.833010000000002 45.00011000000001
endloop
endfacet
facet normal 0 0 -0.9999999999999999
outer loop
vertex -14.417653333333336 10.484006666666668 45.00011000000001
vertex -11.981603333333336 9.833010000000002 45.00011000000001
vertex -16.81331 9.833010000000002 45.00011000000001
endloop
endfacet
facet normal 0 0 -1
outer loop
vertex -14.417653333333336 10.484006666666668 45.00011000000001
vertex -16.81331 9.833010000000002 45.00011000000001
vertex -16.213773333333336 10.833713333333336 45.00011000000001
endloop
endfacet
facet normal 0 0 -1
outer loop
vertex -14.417653333333336 10.484006666666668 45.00011000000001
vertex -16.213773333333336 10.833713333333336 45.00011000000001
vertex -16.11970666666667 10.960150000000002 45.00011000000001
endloop
endfacet
facet normal 0 0 -1
outer loop
vertex -14.417653333333336 10.484006666666668 45.00011000000001
vertex -16.11970666666667 10.960150000000002 45.00011000000001
vertex -10.960150000000002 10.960150000000002 45.00011000000001
endloop
endfacet
facet normal 0 0 -1
outer loop
vertex 15.270616666666669 9.216043333333335 45.00011000000001
vertex 16.81331 9.833010000000002 45.00011000000001
vertex 17.1976 9.192250000000001 45.00011000000001
endloop
endfacet
facet normal 0 0 -1
outer loop
vertex 15.270616666666669 9.216043333333335 45.00011000000001
vertex 17.1976 9.192250000000001 45.00011000000001
vertex 17.472330000000003 8.611250000000002 45.00011000000001
endloop
endfacet
facet normal 0 0 -1
outer loop
vertex 15.270616666666669 9.216043333333335 45.00011000000001
vertex 17.472330000000003 8.611250000000002 45.00011000000001
vertex 12.887686666666669 8.611250000000002 45.00011000000001
endloop
endfacet
facet normal 0 0 -1
outer loop
vertex 15.270616666666669 9.216043333333335 45.00011000000001
vertex 12.887686666666669 8.611250000000002 45.00011000000001
vertex 11.981603333333336 9.833010000000002 45.00011000000001
endloop
endfacet
facet normal 0 0 -1
outer loop
vertex 15.270616666666669 9.216043333333335 45.00011000000001
vertex 11.981603333333336 9.833010000000002 45.00011000000001
vertex 16.81331 9.833010000000002 45.00011000000001
endloop
endfacet
facet normal 0 0 -1
outer loop
vertex -15.270616666666669 9.216043333333335 45.00011000000001
vertex -11.981603333333336 9.833010000000002 45.00011000000001
vertex -12.887686666666669 8.611250000000002 45.00011000000001
endloop
endfacet
facet normal 0 0 -1
outer loop
vertex -15.270616666666669 9.216043333333335 45.00011000000001
vertex -12.887686666666669 8.611250000000002 45.00011000000001
vertex -17.472330000000003 8.611250000000002 45.00011000000001
endloop
endfacet
facet normal 0 0 -1
outer loop
vertex -15.270616666666669 9.216043333333335 45.00011000000001
vertex -17.472330000000003 8.611250000000002 45.00011000000001
vertex -17.1976 9.192250000000001 45.00011000000001
endloop
endfacet
facet normal 0 0 -1
outer loop
vertex -15.270616666666669 9.216043333333335 45.00011000000001
vertex -17.1976 9.192250000000001 45.00011000000001
vertex -16.81331 9.833010000000002 45.00011000000001
endloop
endfacet
facet normal 0 0 -1
outer loop
vertex -15.270616666666669 9.216043333333335 45.00011000000001
vertex -16.81331 9.833010000000002 45.00011000000001
vertex -11.981603333333336 9.833010000000002 45.00011000000001
endloop
endfacet
facet normal 0 0 -1
outer loop
vertex 16.02342666666667 7.859546666666668 45.00011000000001
vertex 17.472330000000003 8.611250000000002 45.00011000000001
vertex 18.015703333333335 7.462253333333335 45.00011000000001
endloop
endfacet
facet normal 0 0 -1
outer loop
vertex 16.02342666666667 7.859546666666668 45.00011000000001
vertex 18.015703333333335 7.462253333333335 45.00011000000001
vertex 18.071313333333336 7.306766666666667 45.00011000000001
endloop
endfacet
facet normal 0 0 -1
outer loop
vertex 16.02342666666667 7.859546666666668 45.00011000000001
vertex 18.071313333333336 7.306766666666667 45.00011000000001
vertex 13.669823333333335 7.306766666666667 45.00011000000001
endloop
endfacet
facet normal 0 0 -1
outer loop
vertex 16.02342666666667 7.859546666666668 45.00011000000001
vertex 13.669823333333335 7.306766666666667 45.00011000000001
vertex 12.887686666666669 8.611250000000002 45.00011000000001
endloop
endfacet
facet normal 0 0 -1
outer loop
vertex 16.02342666666667 7.859546666666668 45.00011000000001
vertex 12.887686666666669 8.611250000000002 45.00011000000001
vertex 17.472330000000003 8.611250000000002 45.00011000000001
endloop
endfacet
facet normal 0 0 -1
outer loop
vertex -16.02342666666667 7.859546666666668 45.00011000000001
vertex -12.887686666666669 8.611250000000002 45.00011000000001
vertex -13.669823333333335 7.306766666666667 45.00011000000001
endloop
endfacet
facet normal 0 0 -1
outer loop
vertex -16.02342666666667 7.859546666666668 45.00011000000001
vertex -13.669823333333335 7.306766666666667 45.00011000000001
vertex -18.071313333333336 7.306766666666667 45.00011000000001
endloop
endfacet
facet normal 0 0 -1
outer loop
vertex -16.02342666666667 7.859546666666668 45.00011000000001
vertex -18.071313333333336 7.306766666666667 45.00011000000001
vertex -18.015703333333335 7.462253333333335 45.00011000000001
endloop
endfacet
facet normal 0 0 -1
outer loop
vertex -16.02342666666667 7.859546666666668 45.00011000000001
vertex -18.015703333333335 7.462253333333335 45.00011000000001
vertex -17.472330000000003 8.611250000000002 45.00011000000001
endloop
endfacet
facet normal 0 0 -1
outer loop
vertex -16.02342666666667 7.859546666666668 45.00011000000001
vertex -17.472330000000003 8.611250000000002 45.00011000000001
vertex -12.887686666666669 8.611250000000002 45.00011000000001
endloop
endfacet
facet normal 0 0 -1
outer loop
vertex 18.071313333333336 7.306766666666667 45.00011000000001
vertex 18.56322666666667 5.9314566666666675 45.00011000000001
vertex 14.320266666666669 5.9314566666666675 45.00011000000001
endloop
endfacet
facet normal 0 0 -0.9999999999999999
outer loop
vertex 18.071313333333336 7.306766666666667 45.00011000000001
vertex 14.320266666666669 5.9314566666666675 45.00011000000001
vertex 13.669823333333335 7.306766666666667 45.00011000000001
endloop
endfacet
facet normal 0 0 -1
outer loop
vertex -13.669823333333335 7.306766666666667 45.00011000000001
vertex -14.320266666666669 5.9314566666666675 45.00011000000001
vertex -18.56322666666667 5.9314566666666675 45.00011000000001
endloop
endfacet
facet normal 0 0 -0.9999999999999999
outer loop
vertex -13.669823333333335 7.306766666666667 45.00011000000001
vertex -18.56322666666667 5.9314566666666675 45.00011000000001
vertex -18.071313333333336 7.306766666666667 45.00011000000001
endloop
endfacet
facet normal 0 0 -1
outer loop
vertex 17.065630000000002 5.304530000000001 45.00011000000001
vertex 18.56322666666667 5.9314566666666675 45.00011000000001
vertex 18.66033666666667 5.6606000000000005 45.00011000000001
endloop
endfacet
facet normal 0 0 -1
outer loop
vertex 17.065630000000002 5.304530000000001 45.00011000000001
vertex 18.66033666666667 5.6606000000000005 45.00011000000001
vertex 18.951113333333335 4.49943 45.00011000000001
endloop
endfacet
facet normal 0 0 -1
outer loop
vertex 17.065630000000002 5.304530000000001 45.00011000000001
vertex 18.951113333333335 4.49943 45.00011000000001
vertex 14.832653333333335 4.49943 45.00011000000001
endloop
endfacet
facet normal 0 0 -1
outer loop
vertex 17.065630000000002 5.304530000000001 45.00011000000001
vertex 14.832653333333335 4.49943 45.00011000000001
vertex 14.320266666666669 5.9314566666666675 45.00011000000001
endloop
endfacet
facet normal 0 0 -1
outer loop
vertex 17.065630000000002 5.304530000000001 45.00011000000001
vertex 14.320266666666669 5.9314566666666675 45.00011000000001
vertex 18.56322666666667 5.9314566666666675 45.00011000000001
endloop
endfacet
facet normal 0 0 -1
outer loop
vertex -17.065630000000002 5.304530000000001 45.00011000000001
vertex -14.320266666666669 5.9314566666666675 45.00011000000001
vertex -14.832653333333335 4.49943 45.00011000000001
endloop
endfacet
facet normal 0 0 -1
outer loop
vertex -17.065630000000002 5.304530000000001 45.00011000000001
vertex -14.832653333333335 4.49943 45.00011000000001
vertex -18.951113333333335 4.49943 45.00011000000001
endloop
endfacet
facet normal 0 0 -1
outer loop
vertex -17.065630000000002 5.304530000000001 45.00011000000001
vertex -18.951113333333335 4.49943 45.00011000000001
vertex -18.66033666666667 5.6606000000000005 45.00011000000001
endloop
endfacet
facet normal 0 0 -1
outer loop
vertex -17.065630000000002 5.304530000000001 45.00011000000001
vertex -18.66033666666667 5.6606000000000005 45.00011000000001
vertex -18.56322666666667 5.9314566666666675 45.00011000000001
endloop
endfacet
facet normal 0 0 -1
outer loop
vertex -17.065630000000002 5.304530000000001 45.00011000000001
vertex -18.56322666666667 5.9314566666666675 45.00011000000001
vertex -14.320266666666669 5.9314566666666675 45.00011000000001
endloop
endfacet
facet normal 0 0 -1
outer loop
vertex 17.470393333333337 3.770136666666667 45.00011000000001
vertex 18.951113333333335 4.49943 45.00011000000001
vertex 19.125413333333334 3.804166666666667 45.00011000000001
endloop
endfacet
facet normal 0 0 -1
outer loop
vertex 17.470393333333337 3.770136666666667 45.00011000000001
vertex 19.125413333333334 3.804166666666667 45.00011000000001
vertex 19.24106 3.023966666666667 45.00011000000001
endloop
endfacet
facet normal 0 0 -1
outer loop
vertex 17.470393333333337 3.770136666666667 45.00011000000001
vertex 19.24106 3.023966666666667 45.00011000000001
vertex 15.202280000000002 3.023966666666667 45.00011000000001
endloop
endfacet
facet normal 0 0 -1
outer loop
vertex 17.470393333333337 3.770136666666667 45.00011000000001
vertex 15.202280000000002 3.023966666666667 45.00011000000001
vertex 14.832653333333335 4.49943 45.00011000000001
endloop
endfacet
facet normal 0 0 -0.9999999999999999
outer loop
vertex 17.470393333333337 3.770136666666667 45.00011000000001
vertex 14.832653333333335 4.49943 45.00011000000001
vertex 18.951113333333335 4.49943 45.00011000000001
endloop
endfacet
facet normal 0 0 -1
outer loop
vertex -17.470393333333337 3.770136666666667 45.00011000000001
vertex -14.832653333333335 4.49943 45.00011000000001
vertex -15.202280000000002 3.023966666666667 45.00011000000001
endloop
endfacet
facet normal 0 0 -1
outer loop
vertex -17.470393333333337 3.770136666666667 45.00011000000001
vertex -15.202280000000002 3.023966666666667 45.00011000000001
vertex -19.24106 3.023966666666667 45.00011000000001
endloop
endfacet
facet normal 0 0 -1
outer loop
vertex -17.470393333333337 3.770136666666667 45.00011000000001
vertex -19.24106 3.023966666666667 45.00011000000001
vertex -19.125413333333334 3.804166666666667 45.00011000000001
endloop
endfacet
facet normal 0 0 -1
outer loop
vertex -17.470393333333337 3.770136666666667 45.00011000000001
vertex -19.125413333333334 3.804166666666667 45.00011000000001
vertex -18.951113333333335 4.49943 45.00011000000001
endloop
endfacet
facet normal 0 0 -0.9999999999999999
outer loop
vertex -17.470393333333337 3.770136666666667 45.00011000000001
vertex -18.951113333333335 4.49943 45.00011000000001
vertex -14.832653333333335 4.49943 45.00011000000001
endloop
endfacet
facet normal 0 0 -1
outer loop
vertex 17.740143333333336 2.1995000000000005 45.00011000000001
vertex 19.24106 3.023966666666667 45.00011000000001
vertex 19.406230000000004 1.9112133333333337 45.00011000000001
endloop
endfacet
facet normal 0 0 -1
outer loop
vertex 17.740143333333336 2.1995000000000005 45.00011000000001
vertex 19.406230000000004 1.9112133333333337 45.00011000000001
vertex 19.425320000000003 1.5191766666666668 45.00011000000001
endloop
endfacet
facet normal 0 0 -0.9999999999999999
outer loop
vertex 17.740143333333336 2.1995000000000005 45.00011000000001
vertex 19.425320000000003 1.5191766666666668 45.00011000000001
vertex 15.425273333333335 1.5191766666666668 45.00011000000001
endloop
endfacet
facet normal 0 0 -1
outer loop
vertex 17.740143333333336 2.1995000000000005 45.00011000000001
vertex 15.425273333333335 1.5191766666666668 45.00011000000001
vertex 15.202280000000002 3.023966666666667 45.00011000000001
endloop
endfacet
facet normal 0 0 -1
outer loop
vertex 17.740143333333336 2.1995000000000005 45.00011000000001
vertex 15.202280000000002 3.023966666666667 45.00011000000001
vertex 19.24106 3.023966666666667 45.00011000000001
endloop
endfacet
facet normal 0 0 -1
outer loop
vertex -17.740143333333336 2.1995000000000005 45.00011000000001
vertex -15.202280000000002 3.023966666666667 45.00011000000001
vertex -15.425273333333335 1.5191766666666668 45.00011000000001
endloop
endfacet
facet normal 0 0 -0.9999999999999999
outer loop
vertex -17.740143333333336 2.1995000000000005 45.00011000000001
vertex -15.425273333333335 1.5191766666666668 45.00011000000001
vertex -19.425320000000003 1.5191766666666668 45.00011000000001
endloop
endfacet
facet normal 0 0 -1
outer loop
vertex -17.740143333333336 2.1995000000000005 45.00011000000001
vertex -19.425320000000003 1.5191766666666668 45.00011000000001
vertex -19.406230000000004 1.9112133333333337 45.00011000000001
endloop
endfacet
facet normal 0 0 -1
outer loop
vertex -17.740143333333336 2.1995000000000005 45.00011000000001
vertex -19.406230000000004 1.9112133333333337 45.00011000000001
vertex -19.24106 3.023966666666667 45.00011000000001
endloop
endfacet
facet normal 0 0 -1
outer loop
vertex -17.740143333333336 2.1995000000000005 45.00011000000001
vertex -19.24106 3.023966666666667 45.00011000000001
vertex -15.202280000000002 3.023966666666667 45.00011000000001
endloop
endfacet
facet normal 0 0 -1
outer loop
vertex 19.425320000000003 1.5191766666666668 45.00011000000001
vertex 19.500020000000003 0 45.00011000000001
vertex 15.499973333333335 0 45.00011000000001
endloop
endfacet
facet normal 0 0 -1
outer loop
vertex 19.425320000000003 1.5191766666666668 45.00011000000001
vertex 15.499973333333335 0 45.00011000000001
vertex 15.425273333333335 1.5191766666666668 45.00011000000001
endloop
endfacet
facet normal 0 0 -1
outer loop
vertex -15.425273333333335 1.5191766666666668 45.00011000000001
vertex -15.499973333333335 0 45.00011000000001
vertex -19.500020000000003 0 45.00011000000001
endloop
endfacet
facet normal 0 0 -1
outer loop
vertex -15.425273333333335 1.5191766666666668 45.00011000000001
vertex -19.500020000000003 0 45.00011000000001
vertex -19.425320000000003 1.5191766666666668 45.00011000000001
endloop
endfacet
facet normal 0 0 -1
outer loop
vertex 19.500020000000003 0 45.00011000000001
vertex 19.425320000000003 -1.5191766666666668 45.00011000000001
vertex 15.425273333333335 -1.5191766666666668 45.00011000000001
endloop
endfacet
facet normal 0 0 -1
outer loop
vertex 19.500020000000003 0 45.00011000000001
vertex 15.425273333333335 -1.5191766666666668 45.00011000000001
vertex 15.499973333333335 0 45.00011000000001
endloop
endfacet
facet normal 0 0 -1
outer loop
vertex -15.499973333333335 0 45.00011000000001
vertex -15.425273333333335 -1.5191766666666668 45.00011000000001
vertex -19.425320000000003 -1.5191766666666668 45.00011000000001
endloop
endfacet
facet normal 0 0 -1
outer loop
vertex -15.499973333333335 0 45.00011000000001
vertex -19.425320000000003 -1.5191766666666668 45.00011000000001
vertex -19.500020000000003 0 45.00011000000001
endloop
endfacet
facet normal 0 0 -1
outer loop
vertex 17.740143333333336 -2.1995000000000005 45.00011000000001
vertex 19.425320000000003 -1.5191766666666668 45.00011000000001
vertex 19.406230000000004 -1.9112133333333337 45.00011000000001
endloop
endfacet
facet normal 0 0 -1
outer loop
vertex 17.740143333333336 -2.1995000000000005 45.00011000000001
vertex 19.406230000000004 -1.9112133333333337 45.00011000000001
vertex 19.24106 -3.023966666666667 45.00011000000001
endloop
endfacet
facet normal 0 0 -1
outer loop
vertex 17.740143333333336 -2.1995000000000005 45.00011000000001
vertex 19.24106 -3.023966666666667 45.00011000000001
vertex 15.202280000000002 -3.023966666666667 45.00011000000001
endloop
endfacet
facet normal 0 0 -1
outer loop
vertex 17.740143333333336 -2.1995000000000005 45.00011000000001
vertex 15.202280000000002 -3.023966666666667 45.00011000000001
vertex 15.425273333333335 -1.5191766666666668 45.00011000000001
endloop
endfacet
facet normal 0 0 -0.9999999999999999
outer loop
vertex 17.740143333333336 -2.1995000000000005 45.00011000000001
vertex 15.425273333333335 -1.5191766666666668 45.00011000000001
vertex 19.425320000000003 -1.5191766666666668 45.00011000000001
endloop
endfacet
facet normal 0 0 -1
outer loop
vertex -17.740143333333336 -2.1995000000000005 45.00011000000001
vertex -15.425273333333335 -1.5191766666666668 45.00011000000001
vertex -15.202280000000002 -3.023966666666667 45.00011000000001
endloop
endfacet
facet normal 0 0 -1
outer loop
vertex -17.740143333333336 -2.1995000000000005 45.00011000000001
vertex -15.202280000000002 -3.023966666666667 45.00011000000001
vertex -19.24106 -3.023966666666667 45.00011000000001
endloop
endfacet
facet normal 0 0 -1
outer loop
vertex -17.740143333333336 -2.1995000000000005 45.00011000000001
vertex -19.24106 -3.023966666666667 45.00011000000001
vertex -19.406230000000004 -1.9112133333333337 45.00011000000001
endloop
endfacet
facet normal 0 0 -1
outer loop
vertex -17.740143333333336 -2.1995000000000005 45.00011000000001
vertex -19.406230000000004 -1.9112133333333337 45.00011000000001
vertex -19.425320000000003 -1.5191766666666668 45.00011000000001
endloop
endfacet
facet normal 0 0 -0.9999999999999999
outer loop
vertex -17.740143333333336 -2.1995000000000005 45.00011000000001
vertex -19.425320000000003 -1.5191766666666668 45.00011000000001
vertex -15.425273333333335 -1.5191766666666668 45.00011000000001
endloop
endfacet
facet normal 0 0 -1
outer loop
vertex 17.470393333333337 -3.770136666666667 45.00011000000001
vertex 19.24106 -3.023966666666667 45.00011000000001
vertex 19.125413333333334 -3.804166666666667 45.00011000000001
endloop
endfacet
facet normal 0 0 -1
outer loop
vertex 17.470393333333337 -3.770136666666667 45.00011000000001
vertex 19.125413333333334 -3.804166666666667 45.00011000000001
vertex 18.951113333333335 -4.49943 45.00011000000001
endloop
endfacet
facet normal 0 0 -0.9999999999999999
outer loop
vertex 17.470393333333337 -3.770136666666667 45.00011000000001
vertex 18.951113333333335 -4.49943 45.00011000000001
vertex 14.832653333333335 -4.49943 45.00011000000001
endloop
endfacet
facet normal 0 0 -1
outer loop
vertex 17.470393333333337 -3.770136666666667 45.00011000000001
vertex 14.832653333333335 -4.49943 45.00011000000001
vertex 15.202280000000002 -3.023966666666667 45.00011000000001
endloop
endfacet
facet normal 0 0 -1
outer loop
vertex 17.470393333333337 -3.770136666666667 45.00011000000001
vertex 15.202280000000002 -3.023966666666667 45.00011000000001
vertex 19.24106 -3.023966666666667 45.00011000000001
endloop
endfacet
facet normal 0 0 -1
outer loop
vertex -17.470393333333337 -3.770136666666667 45.00011000000001
vertex -15.202280000000002 -3.023966666666667 45.00011000000001
vertex -14.832653333333335 -4.49943 45.00011000000001
endloop
endfacet
facet normal 0 0 -0.9999999999999999
outer loop
vertex -17.470393333333337 -3.770136666666667 45.00011000000001
vertex -14.832653333333335 -4.49943 45.00011000000001
vertex -18.951113333333335 -4.49943 45.00011000000001
endloop
endfacet
facet normal 0 0 -1
outer loop
vertex -17.470393333333337 -3.770136666666667 45.00011000000001
vertex -18.951113333333335 -4.49943 45.00011000000001
vertex -19.125413333333334 -3.804166666666667 45.00011000000001
endloop
endfacet
facet normal 0 0 -1
outer loop
vertex -17.470393333333337 -3.770136666666667 45.00011000000001
vertex -19.125413333333334 -3.804166666666667 45.00011000000001
vertex -19.24106 -3.023966666666667 45.00011000000001
endloop
endfacet
facet normal 0 0 -1
outer loop
vertex -17.470393333333337 -3.770136666666667 45.00011000000001
vertex -19.24106 -3.023966666666667 45.00011000000001
vertex -15.202280000000002 -3.023966666666667 45.00011000000001
endloop
endfacet
facet normal 0 0 -1
outer loop
vertex 17.065630000000002 -5.304530000000001 45.00011000000001
vertex 18.951113333333335 -4.49943 45.00011000000001
vertex 18.66033666666667 -5.6606000000000005 45.00011000000001
endloop
endfacet
facet normal 0 0 -1
outer loop
vertex 17.065630000000002 -5.304530000000001 45.00011000000001
vertex 18.66033666666667 -5.6606000000000005 45.00011000000001
vertex 18.56322666666667 -5.9314566666666675 45.00011000000001
endloop
endfacet
facet normal 0 0 -1
outer loop
vertex 17.065630000000002 -5.304530000000001 45.00011000000001
vertex 18.56322666666667 -5.9314566666666675 45.00011000000001
vertex 14.320266666666669 -5.9314566666666675 45.00011000000001
endloop
endfacet
facet normal 0 0 -1
outer loop
vertex 17.065630000000002 -5.304530000000001 45.00011000000001
vertex 14.320266666666669 -5.9314566666666675 45.00011000000001
vertex 14.832653333333335 -4.49943 45.00011000000001
endloop
endfacet
facet normal 0 0 -1
outer loop
vertex 17.065630000000002 -5.304530000000001 45.00011000000001
vertex 14.832653333333335 -4.49943 45.00011000000001
vertex 18.951113333333335 -4.49943 45.00011000000001
endloop
endfacet
facet normal 0 0 -1
outer loop
vertex -17.065630000000002 -5.304530000000001 45.00011000000001
vertex -14.832653333333335 -4.49943 45.00011000000001
vertex -14.320266666666669 -5.9314566666666675 45.00011000000001
endloop
endfacet
facet normal 0 0 -1
outer loop
vertex -17.065630000000002 -5.304530000000001 45.00011000000001
vertex -14.320266666666669 -5.9314566666666675 45.00011000000001
vertex -18.56322666666667 -5.9314566666666675 45.00011000000001
endloop
endfacet
facet normal 0 0 -1
outer loop
vertex -17.065630000000002 -5.304530000000001 45.00011000000001
vertex -18.56322666666667 -5.9314566666666675 45.00011000000001
vertex -18.66033666666667 -5.6606000000000005 45.00011000000001
endloop
endfacet
facet normal 0 0 -1
outer loop
vertex -17.065630000000002 -5.304530000000001 45.00011000000001
vertex -18.66033666666667 -5.6606000000000005 45.00011000000001
vertex -18.951113333333335 -4.49943 45.00011000000001
endloop
endfacet
facet normal 0 0 -1
outer loop
vertex -17.065630000000002 -5.304530000000001 45.00011000000001
vertex -18.951113333333335 -4.49943 45.00011000000001
vertex -14.832653333333335 -4.49943 45.00011000000001
endloop
endfacet
facet normal 0 0 -0.9999999999999999
outer loop
vertex 18.56322666666667 -5.9314566666666675 45.00011000000001
vertex 18.071313333333336 -7.306766666666667 45.00011000000001
vertex 13.669823333333335 -7.306766666666667 45.00011000000001
endloop
endfacet
facet normal 0 0 -1
outer loop
vertex 18.56322666666667 -5.9314566666666675 45.00011000000001
vertex 13.669823333333335 -7.306766666666667 45.00011000000001
vertex 14.320266666666669 -5.9314566666666675 45.00011000000001
endloop
endfacet
facet normal 0 0 -0.9999999999999999
outer loop
vertex -14.320266666666669 -5.9314566666666675 45.00011000000001
vertex -13.669823333333335 -7.306766666666667 45.00011000000001
vertex -18.071313333333336 -7.306766666666667 45.00011000000001
endloop
endfacet
facet normal 0 0 -1
outer loop
vertex -14.320266666666669 -5.9314566666666675 45.00011000000001
vertex -18.071313333333336 -7.306766666666667 45.00011000000001
vertex -18.56322666666667 -5.9314566666666675 45.00011000000001
endloop
endfacet
facet normal 0 0 -1
outer loop
vertex 16.02342666666667 -7.859546666666668 45.00011000000001
vertex 18.071313333333336 -7.306766666666667 45.00011000000001
vertex 18.015703333333335 -7.462253333333335 45.00011000000001
endloop
endfacet
facet normal 0 0 -1
outer loop
vertex 16.02342666666667 -7.859546666666668 45.00011000000001
vertex 18.015703333333335 -7.462253333333335 45.00011000000001
vertex 17.472330000000003 -8.611250000000002 45.00011000000001
endloop
endfacet
facet normal 0 0 -1
outer loop
vertex 16.02342666666667 -7.859546666666668 45.00011000000001
vertex 17.472330000000003 -8.611250000000002 45.00011000000001
vertex 12.887686666666669 -8.611250000000002 45.00011000000001
endloop
endfacet
facet normal 0 0 -1
outer loop
vertex 16.02342666666667 -7.859546666666668 45.00011000000001
vertex 12.887686666666669 -8.611250000000002 45.00011000000001
vertex 13.669823333333335 -7.306766666666667 45.00011000000001
endloop
endfacet
facet normal 0 0 -1
outer loop
vertex 16.02342666666667 -7.859546666666668 45.00011000000001
vertex 13.669823333333335 -7.306766666666667 45.00011000000001
vertex 18.071313333333336 -7.306766666666667 45.00011000000001
endloop
endfacet
facet normal 0 0 -1
outer loop
vertex -16.02342666666667 -7.859546666666668 45.00011000000001
vertex -13.669823333333335 -7.306766666666667 45.00011000000001
vertex -12.887686666666669 -8.611250000000002 45.00011000000001
endloop
endfacet
facet normal 0 0 -1
outer loop
vertex -16.02342666666667 -7.859546666666668 45.00011000000001
vertex -12.887686666666669 -8.611250000000002 45.00011000000001
vertex -17.472330000000003 -8.611250000000002 45.00011000000001
endloop
endfacet
facet normal 0 0 -1
outer loop
vertex -16.02342666666667 -7.859546666666668 45.00011000000001
vertex -17.472330000000003 -8.611250000000002 45.00011000000001
vertex -18.015703333333335 -7.462253333333335 45.00011000000001
endloop
endfacet
facet normal 0 0 -1
outer loop
vertex -16.02342666666667 -7.859546666666668 45.00011000000001
vertex -18.015703333333335 -7.462253333333335 45.00011000000001
vertex -18.071313333333336 -7.306766666666667 45.00011000000001
endloop
endfacet
facet normal 0 0 -1
outer loop
vertex -16.02342666666667 -7.859546666666668 45.00011000000001
vertex -18.071313333333336 -7.306766666666667 45.00011000000001
vertex -13.669823333333335 -7.306766666666667 45.00011000000001
endloop
endfacet
facet normal 0 0 -1
outer loop
vertex 15.270616666666669 -9.216043333333335 45.00011000000001
vertex 17.472330000000003 -8.611250000000002 45.00011000000001
vertex 17.1976 -9.192250000000001 45.00011000000001
endloop
endfacet
facet normal 0 0 -1
outer loop
vertex 15.270616666666669 -9.216043333333335 45.00011000000001
vertex 17.1976 -9.192250000000001 45.00011000000001
vertex 16.81331 -9.833010000000002 45.00011000000001
endloop
endfacet
facet normal 0 0 -1
outer loop
vertex 15.270616666666669 -9.216043333333335 45.00011000000001
vertex 16.81331 -9.833010000000002 45.00011000000001
vertex 11.981603333333336 -9.833010000000002 45.00011000000001
endloop
endfacet
facet normal 0 0 -1
outer loop
vertex 15.270616666666669 -9.216043333333335 45.00011000000001
vertex 11.981603333333336 -9.833010000000002 45.00011000000001
vertex 12.887686666666669 -8.611250000000002 45.00011000000001
endloop
endfacet
facet normal 0 0 -1
outer loop
vertex 15.270616666666669 -9.216043333333335 45.00011000000001
vertex 12.887686666666669 -8.611250000000002 45.00011000000001
vertex 17.472330000000003 -8.611250000000002 45.00011000000001
endloop
endfacet
facet normal 0 0 -1
outer loop
vertex -15.270616666666669 -9.216043333333335 45.00011000000001
vertex -12.887686666666669 -8.611250000000002 45.00011000000001
vertex -11.981603333333336 -9.833010000000002 45.00011000000001
endloop
endfacet
facet normal 0 0 -1
outer loop
vertex -15.270616666666669 -9.216043333333335 45.00011000000001
vertex -11.981603333333336 -9.833010000000002 45.00011000000001
vertex -16.81331 -9.833010000000002 45.00011000000001
endloop
endfacet
facet normal 0 0 -1
outer loop
vertex -15.270616666666669 -9.216043333333335 45.00011000000001
vertex -16.81331 -9.833010000000002 45.00011000000001
vertex -17.1976 -9.192250000000001 45.00011000000001
endloop
endfacet
facet normal 0 0 -1
outer loop
vertex -15.270616666666669 -9.216043333333335 45.00011000000001
vertex -17.1976 -9.192250000000001 45.00011000000001
vertex -17.472330000000003 -8.611250000000002 45.00011000000001
endloop
endfacet
facet normal 0 0 -1
outer loop
vertex -15.270616666666669 -9.216043333333335 45.00011000000001
vertex -17.472330000000003 -8.611250000000002 45.00011000000001
vertex -12.887686666666669 -8.611250000000002 45.00011000000001
endloop
endfacet
facet normal 0 0 -1
outer loop
vertex 14.417653333333336 -10.484006666666668 45.00011000000001
vertex 16.81331 -9.833010000000002 45.00011000000001
vertex 16.213773333333336 -10.833713333333336 45.00011000000001
endloop
endfacet
facet normal 0 0 -1
outer loop
vertex 14.417653333333336 -10.484006666666668 45.00011000000001
vertex 16.213773333333336 -10.833713333333336 45.00011000000001
vertex 16.11970666666667 -10.960150000000002 45.00011000000001
endloop
endfacet
facet normal 0 0 -1
outer loop
vertex 14.417653333333336 -10.484006666666668 45.00011000000001
vertex 16.11970666666667 -10.960150000000002 45.00011000000001
vertex 10.960150000000002 -10.960150000000002 45.00011000000001
endloop
endfacet
facet normal 0 0 -1
outer loop
vertex 14.417653333333336 -10.484006666666668 45.00011000000001
vertex 10.960150000000002 -10.960150000000002 45.00011000000001
vertex 11.981603333333336 -9.833010000000002 45.00011000000001
endloop
endfacet
facet normal 0 0 -0.9999999999999999
outer loop
vertex 14.417653333333336 -10.484006666666668 45.00011000000001
vertex 11.981603333333336 -9.833010000000002 45.00011000000001
vertex 16.81331 -9.833010000000002 45.00011000000001
endloop
endfacet
facet normal 0 0 -1
outer loop
vertex -14.417653333333336 -10.484006666666668 45.00011000000001
vertex -11.981603333333336 -9.833010000000002 45.00011000000001
vertex -10.960150000000002 -10.960150000000002 45.00011000000001
endloop
endfacet
facet normal 0 0 -1
outer loop
vertex -14.417653333333336 -10.484006666666668 45.00011000000001
vertex -10.960150000000002 -10.960150000000002 45.00011000000001
vertex -16.11970666666667 -10.960150000000002 45.00011000000001
endloop
endfacet
facet normal 0 0 -1
outer loop
vertex -14.417653333333336 -10.484006666666668 45.00011000000001
vertex -16.11970666666667 -10.960150000000002 45.00011000000001
vertex -16.213773333333336 -10.833713333333336 45.00011000000001
endloop
endfacet
facet normal 0 0 -1
outer loop
vertex -14.417653333333336 -10.484006666666668 45.00011000000001
vertex -16.213773333333336 -10.833713333333336 45.00011000000001
vertex -16.81331 -9.833010000000002 45.00011000000001
endloop
endfacet
facet normal 0 0 -0.9999999999999999
outer loop
vertex -14.417653333333336 -10.484006666666668 45.00011000000001
vertex -16.81331 -9.833010000000002 45.00011000000001
vertex -11.981603333333336 -9.833010000000002 45.00011000000001
endloop
endfacet
facet normal 0 0 -1
outer loop
vertex 16.11970666666667 -10.960150000000002 45.00011000000001
vertex 15.362193333333336 -11.981603333333336 45.00011000000001
vertex 9.833010000000002 -11.981603333333336 45.00011000000001
endloop
endfacet
facet normal 0 0 -1
outer loop
vertex 16.11970666666667 -10.960150000000002 45.00011000000001
vertex 9.833010000000002 -11.981603333333336 45.00011000000001
vertex 10.960150000000002 -10.960150000000002 45.00011000000001
endloop
endfacet
facet normal 0 0 -1
outer loop
vertex -10.960150000000002 -10.960150000000002 45.00011000000001
vertex -9.833010000000002 -11.981603333333336 45.00011000000001
vertex -15.362193333333336 -11.981603333333336 45.00011000000001
endloop
endfacet
facet normal 0 0 -1
outer loop
vertex -10.960150000000002 -10.960150000000002 45.00011000000001
vertex -15.362193333333336 -11.981603333333336 45.00011000000001
vertex -16.11970666666667 -10.960150000000002 45.00011000000001
endloop
endfacet
facet normal 0 0 -1
outer loop
vertex 12.697063333333334 -12.421780000000002 45.00011000000001
vertex 15.362193333333336 -11.981603333333336 45.00011000000001
vertex 15.073630000000001 -12.370596666666668 45.00011000000001
endloop
endfacet
facet normal 0 0 -1
outer loop
vertex 12.697063333333334 -12.421780000000002 45.00011000000001
vertex 15.073630000000001 -12.370596666666668 45.00011000000001
vertex 14.604956666666668 -12.887686666666669 45.00011000000001
endloop
endfacet
facet normal 0 0 -1
outer loop
vertex 12.697063333333334 -12.421780000000002 45.00011000000001
vertex 14.604956666666668 -12.887686666666669 45.00011000000001
vertex 8.611250000000002 -12.887686666666669 45.00011000000001
endloop
endfacet
facet normal 0 0 -1
outer loop
vertex 12.697063333333334 -12.421780000000002 45.00011000000001
vertex 8.611250000000002 -12.887686666666669 45.00011000000001
vertex 9.833010000000002 -11.981603333333336 45.00011000000001
endloop
endfacet
facet normal 0 0 -1
outer loop
vertex 12.697063333333334 -12.421780000000002 45.00011000000001
vertex 9.833010000000002 -11.981603333333336 45.00011000000001
vertex 15.362193333333336 -11.981603333333336 45.00011000000001
endloop
endfacet
facet normal 0 0 -1
outer loop
vertex -12.697063333333334 -12.421780000000002 45.00011000000001
vertex -9.833010000000002 -11.981603333333336 45.00011000000001
vertex -8.611250000000002 -12.887686666666669 45.00011000000001
endloop
endfacet
facet normal 0 0 -1
outer loop
vertex -12.697063333333334 -12.421780000000002 45.00011000000001
vertex -8.611250000000002 -12.887686666666669 45.00011000000001
vertex -14.604956666666668 -12.887686666666669 45.00011000000001
endloop
endfacet
facet normal 0 0 -1
outer loop
vertex -12.697063333333334 -12.421780000000002 45.00011000000001
vertex -14.604956666666668 -12.887686666666669 45.00011000000001
vertex -15.073630000000001 -12.370596666666668 45.00011000000001
endloop
endfacet
facet normal 0 0 -1
outer loop
vertex -12.697063333333334 -12.421780000000002 45.00011000000001
vertex -15.073630000000001 -12.370596666666668 45.00011000000001
vertex -15.362193333333336 -11.981603333333336 45.00011000000001
endloop
endfacet
facet normal 0 0 -1
outer loop
vertex -12.697063333333334 -12.421780000000002 45.00011000000001
vertex -15.362193333333336 -11.981603333333336 45.00011000000001
vertex -9.833010000000002 -11.981603333333336 45.00011000000001
endloop
endfacet
facet normal 0 0 -1
outer loop
vertex 14.604956666666668 -12.887686666666669 45.00011000000001
vertex 13.896136666666669 -13.669823333333335 45.00011000000001
vertex 7.306766666666667 -13.669823333333335 45.00011000000001
endloop
endfacet
facet normal 0 0 -1
outer loop
vertex 14.604956666666668 -12.887686666666669 45.00011000000001
vertex 7.306766666666667 -13.669823333333335 45.00011000000001
vertex 8.611250000000002 -12.887686666666669 45.00011000000001
endloop
endfacet
facet normal 0 0 -1
outer loop
vertex -8.611250000000002 -12.887686666666669 45.00011000000001
vertex -7.306766666666667 -13.669823333333335 45.00011000000001
vertex -13.896136666666669 -13.669823333333335 45.00011000000001
endloop
endfacet
facet normal 0 0 -1
outer loop
vertex -8.611250000000002 -12.887686666666669 45.00011000000001
vertex -13.896136666666669 -13.669823333333335 45.00011000000001
vertex -14.604956666666668 -12.887686666666669 45.00011000000001
endloop
endfacet
facet normal 0 0 -0.9999999999999999
outer loop
vertex 10.824860000000001 -13.953683333333336 45.00011000000001
vertex 13.896136666666669 -13.669823333333335 45.00011000000001
vertex 13.788513333333336 -13.788513333333336 45.00011000000001
endloop
endfacet
facet normal 0 0 -1
outer loop
vertex 10.824860000000001 -13.953683333333336 45.00011000000001
vertex 13.788513333333336 -13.788513333333336 45.00011000000001
vertex 13.201980000000002 -14.320266666666669 45.00011000000001
endloop
endfacet
facet normal 0 0 -1
outer loop
vertex 10.824860000000001 -13.953683333333336 45.00011000000001
vertex 13.201980000000002 -14.320266666666669 45.00011000000001
vertex 5.9314566666666675 -14.320266666666669 45.00011000000001
endloop
endfacet
facet normal 0 0 -1
outer loop
vertex 10.824860000000001 -13.953683333333336 45.00011000000001
vertex 5.9314566666666675 -14.320266666666669 45.00011000000001
vertex 7.306766666666667 -13.669823333333335 45.00011000000001
endloop
endfacet
facet normal 0 0 -1
outer loop
vertex 10.824860000000001 -13.953683333333336 45.00011000000001
vertex 7.306766666666667 -13.669823333333335 45.00011000000001
vertex 13.896136666666669 -13.669823333333335 45.00011000000001
endloop
endfacet
facet normal 0 0 -1
outer loop
vertex -10.824860000000001 -13.953683333333336 45.00011000000001
vertex -7.306766666666667 -13.669823333333335 45.00011000000001
vertex -5.9314566666666675 -14.320266666666669 45.00011000000001
endloop
endfacet
facet normal 0 0 -1
outer loop
vertex -10.824860000000001 -13.953683333333336 45.00011000000001
vertex -5.9314566666666675 -14.320266666666669 45.00011000000001
vertex -13.201980000000002 -14.320266666666669 45.00011000000001
endloop
endfacet
facet normal 0 0 -1
outer loop
vertex -10.824860000000001 -13.953683333333336 45.00011000000001
vertex -13.201980000000002 -14.320266666666669 45.00011000000001
vertex -13.788513333333336 -13.788513333333336 45.00011000000001
endloop
endfacet
facet normal 0 0 -0.9999999999999999
outer loop
vertex -10.824860000000001 -13.953683333333336 45.00011000000001
vertex -13.788513333333336 -13.788513333333336 45.00011000000001
vertex -13.896136666666669 -13.669823333333335 45.00011000000001
endloop
endfacet
facet normal 0 0 -1
outer loop
vertex -10.824860000000001 -13.953683333333336 45.00011000000001
vertex -13.896136666666669 -13.669823333333335 45.00011000000001
vertex -7.306766666666667 -13.669823333333335 45.00011000000001
endloop
endfacet
facet normal 0 0 -1
outer loop
vertex 13.201980000000002 -14.320266666666669 45.00011000000001
vertex 12.636750000000001 -14.832653333333335 45.00011000000001
vertex 4.49943 -14.832653333333335 45.00011000000001
endloop
endfacet
facet normal 0 0 -1
outer loop
vertex 13.201980000000002 -14.320266666666669 45.00011000000001
vertex 4.49943 -14.832653333333335 45.00011000000001
vertex 5.9314566666666675 -14.320266666666669 45.00011000000001
endloop
endfacet
facet normal 0 0 -1
outer loop
vertex -5.9314566666666675 -14.320266666666669 45.00011000000001
vertex -4.49943 -14.832653333333335 45.00011000000001
vertex -12.636750000000001 -14.832653333333335 45.00011000000001
endloop
endfacet
facet normal 0 0 -1
outer loop
vertex -5.9314566666666675 -14.320266666666669 45.00011000000001
vertex -12.636750000000001 -14.832653333333335 45.00011000000001
vertex -13.201980000000002 -14.320266666666669 45.00011000000001
endloop
endfacet
facet normal 0 0 -0.9999999999999999
outer loop
vertex 8.94574 -15.028810000000002 45.00011000000001
vertex 12.636750000000001 -14.832653333333335 45.00011000000001
vertex 12.370596666666668 -15.073630000000001 45.00011000000001
endloop
endfacet
facet normal 0 0 -1
outer loop
vertex 8.94574 -15.028810000000002 45.00011000000001
vertex 12.370596666666668 -15.073630000000001 45.00011000000001
vertex 12.197403333333336 -15.202280000000002 45.00011000000001
endloop
endfacet
facet normal 0 0 -1
outer loop
vertex 8.94574 -15.028810000000002 45.00011000000001
vertex 12.197403333333336 -15.202280000000002 45.00011000000001
vertex 3.023966666666667 -15.202280000000002 45.00011000000001
endloop
endfacet
facet normal 0 0 -0.9999999999999999
outer loop
vertex 8.94574 -15.028810000000002 45.00011000000001
vertex 3.023966666666667 -15.202280000000002 45.00011000000001
vertex 4.49943 -14.832653333333335 45.00011000000001
endloop
endfacet
facet normal 0 0 -1
outer loop
vertex 8.94574 -15.028810000000002 45.00011000000001
vertex 4.49943 -14.832653333333335 45.00011000000001
vertex 12.636750000000001 -14.832653333333335 45.00011000000001
endloop
endfacet
facet normal 0 0 -0.9999999999999999
outer loop
vertex -8.94574 -15.028810000000002 45.00011000000001
vertex -4.49943 -14.832653333333335 45.00011000000001
vertex -3.023966666666667 -15.202280000000002 45.00011000000001
endloop
endfacet
facet normal 0 0 -1
outer loop
vertex -8.94574 -15.028810000000002 45.00011000000001
vertex -3.023966666666667 -15.202280000000002 45.00011000000001
vertex -12.197403333333336 -15.202280000000002 45.00011000000001
endloop
endfacet
facet normal 0 0 -1
outer loop
vertex -8.94574 -15.028810000000002 45.00011000000001
vertex -12.197403333333336 -15.202280000000002 45.00011000000001
vertex -12.370596666666668 -15.073630000000001 45.00011000000001
endloop
endfacet
facet normal 0 0 -0.9999999999999999
outer loop
vertex -8.94574 -15.028810000000002 45.00011000000001
vertex -12.370596666666668 -15.073630000000001 45.00011000000001
vertex -12.636750000000001 -14.832653333333335 45.00011000000001
endloop
endfacet
facet normal 0 0 -1
outer loop
vertex -8.94574 -15.028810000000002 45.00011000000001
vertex -12.636750000000001 -14.832653333333335 45.00011000000001
vertex -4.49943 -14.832653333333335 45.00011000000001
endloop
endfacet
facet normal 0 0 -1
outer loop
vertex 12.197403333333336 -15.202280000000002 45.00011000000001
vertex 11.896390000000002 -15.425273333333335 45.00011000000001
vertex 1.5191766666666668 -15.425273333333335 45.00011000000001
endloop
endfacet
facet normal 0 0 -1
outer loop
vertex 12.197403333333336 -15.202280000000002 45.00011000000001
vertex 1.5191766666666668 -15.425273333333335 45.00011000000001
vertex 3.023966666666667 -15.202280000000002 45.00011000000001
endloop
endfacet
facet normal 0 0 -1
outer loop
vertex -3.023966666666667 -15.202280000000002 45.00011000000001
vertex -1.5191766666666668 -15.425273333333335 45.00011000000001
vertex -11.896390000000002 -15.425273333333335 45.00011000000001
endloop
endfacet
facet normal 0 0 -1
outer loop
vertex -3.023966666666667 -15.202280000000002 45.00011000000001
vertex -11.896390000000002 -15.425273333333335 45.00011000000001
vertex -12.197403333333336 -15.202280000000002 45.00011000000001
endloop
endfacet
facet normal 0 0 -1
outer loop
vertex 11.896390000000002 -15.425273333333335 45.00011000000001
vertex 11.795960000000001 -15.499973333333335 45.00011000000001
vertex 0 -15.499973333333335 45.00011000000001
endloop
endfacet
facet normal 0 0 -1
outer loop
vertex 11.896390000000002 -15.425273333333335 45.00011000000001
vertex 0 -15.499973333333335 45.00011000000001
vertex 1.5191766666666668 -15.425273333333335 45.00011000000001
endloop
endfacet
facet normal 0 0 -1
outer loop
vertex -1.5191766666666668 -15.425273333333335 45.00011000000001
vertex 0 -15.499973333333335 45.00011000000001
vertex -11.795960000000001 -15.499973333333335 45.00011000000001
endloop
endfacet
facet normal 0 0 -1
outer loop
vertex -1.5191766666666668 -15.425273333333335 45.00011000000001
vertex -11.795960000000001 -15.499973333333335 45.00011000000001
vertex -11.896390000000002 -15.425273333333335 45.00011000000001
endloop
endfacet
facet normal 0 0 -1
outer loop
vertex 0 -17.702240000000003 45.00011000000001
vertex 0 -15.499973333333335 45.00011000000001
vertex 11.795960000000001 -15.499973333333335 45.00011000000001
endloop
endfacet
facet normal 0 0 -1
outer loop
vertex 0 -17.702240000000003 45.00011000000001
vertex 11.795960000000001 -15.499973333333335 45.00011000000001
vertex 10.833713333333336 -16.213773333333336 45.00011000000001
endloop
endfacet
facet normal 0 0 -1
outer loop
vertex 0 -17.702240000000003 45.00011000000001
vertex 10.833713333333336 -16.213773333333336 45.00011000000001
vertex 9.192250000000001 -17.1976 45.00011000000001
endloop
endfacet
facet normal 0 0 -1
outer loop
vertex 0 -17.702240000000003 45.00011000000001
vertex 9.192250000000001 -17.1976 45.00011000000001
vertex 7.462253333333335 -18.015703333333335 45.00011000000001
endloop
endfacet
facet normal 0 0 -1
outer loop
vertex 0 -17.702240000000003 45.00011000000001
vertex 7.462253333333335 -18.015703333333335 45.00011000000001
vertex 5.6606000000000005 -18.66033666666667 45.00011000000001
endloop
endfacet
facet normal 0 0 -1
outer loop
vertex 0 -17.702240000000003 45.00011000000001
vertex 5.6606000000000005 -18.66033666666667 45.00011000000001
vertex 3.804166666666667 -19.125413333333334 45.00011000000001
endloop
endfacet
facet normal 0 0 -0.9999999999999999
outer loop
vertex 0 -17.702240000000003 45.00011000000001
vertex 3.804166666666667 -19.125413333333334 45.00011000000001
vertex 1.9112133333333337 -19.406230000000004 45.00011000000001
endloop
endfacet
facet normal 0 0 -1
outer loop
vertex 0 -17.702240000000003 45.00011000000001
vertex 1.9112133333333337 -19.406230000000004 45.00011000000001
vertex 0 -19.500020000000003 45.00011000000001
endloop
endfacet
facet normal 0 0 -1
outer loop
vertex 0 -17.702240000000003 45.00011000000001
vertex 0 -19.500020000000003 45.00011000000001
vertex -1.9112133333333337 -19.406230000000004 45.00011000000001
endloop
endfacet
facet normal 0 0 -0.9999999999999999
outer loop
vertex 0 -17.702240000000003 45.00011000000001
vertex -1.9112133333333337 -19.406230000000004 45.00011000000001
vertex -3.804166666666667 -19.125413333333334 45.00011000000001
endloop
endfacet
facet normal 0 0 -1
outer loop
vertex 0 -17.702240000000003 45.00011000000001
vertex -3.804166666666667 -19.125413333333334 45.00011000000001
vertex -5.6606000000000005 -18.66033666666667 45.00011000000001
endloop
endfacet
facet normal 0 0 -1
outer loop
vertex 0 -17.702240000000003 45.00011000000001
vertex -5.6606000000000005 -18.66033666666667 45.00011000000001
vertex -7.462253333333335 -18.015703333333335 45.00011000000001
endloop
endfacet
facet normal 0 0 -1
outer loop
vertex 0 -17.702240000000003 45.00011000000001
vertex -7.462253333333335 -18.015703333333335 45.00011000000001
vertex -9.192250000000001 -17.1976 45.00011000000001
endloop
endfacet
facet normal 0 0 -1
outer loop
vertex 0 -17.702240000000003 45.00011000000001
vertex -9.192250000000001 -17.1976 45.00011000000001
vertex -10.833713333333336 -16.213773333333336 45.00011000000001
endloop
endfacet
facet normal 0 0 -1
outer loop
vertex 0 -17.702240000000003 45.00011000000001
vertex -10.833713333333336 -16.213773333333336 45.00011000000001
vertex -11.795960000000001 -15.499973333333335 45.00011000000001
endloop
endfacet
facet normal 0 0 -1
outer loop
vertex 0 -17.702240000000003 45.00011000000001
vertex -11.795960000000001 -15.499973333333335 45.00011000000001
vertex 0 -15.499973333333335 45.00011000000001
endloop
endfacet
facet normal 0.9986264464451924 0.049146521842573704 0.01816149363418495
outer loop
vertex 17.415833333333335 1.7154166666666668 50
vertex 16.420416666666668 1.6170833333333334 105
vertex 16.5 0 105
endloop
endfacet
facet normal 0.9986338355577551 0.048997822390736426 0.01815697882832282
outer loop
vertex 17.415833333333335 1.7154166666666668 50
vertex 16.5 0 105
vertex 17.5 0 50
endloop
endfacet
facet normal 0.9890265668015897 0.146617722516751 0.018157466912036218
outer loop
vertex 17.16375 3.414166666666667 50
vertex 16.182916666666667 3.2191666666666667 105
vertex 16.420416666666668 1.6170833333333334 105
endloop
endfacet
facet normal 0.9890051078071052 0.14676185681219095 0.01816188636938525
outer loop
vertex 17.16375 3.414166666666667 50
vertex 16.420416666666668 1.6170833333333334 105
vertex 17.415833333333335 1.7154166666666668 50
endloop
endfacet
facet normal 0.969876594703867 0.24291947609457382 0.01815266315362116
outer loop
vertex 16.74625 5.08 50
vertex 15.789583333333335 4.789583333333334 105
vertex 16.182916666666667 3.2191666666666667 105
endloop
endfacet
facet normal 0.9698397030286214 0.24306637879806897 0.0181572555015672
outer loop
vertex 16.74625 5.08 50
vertex 16.182916666666667 3.2191666666666667 105
vertex 17.16375 3.414166666666667 50
endloop
endfacet
facet normal 0.9414358751616397 0.3367029776707656 0.018154828180879566
outer loop
vertex 16.077916666666667 5.7625 72
vertex 16.441666666666666 5.931666666666667 50
vertex 16.167916666666667 6.6970833333333335 50
endloop
endfacet
facet normal 0.9414253001600906 0.3367324791230605 0.0181560381724925
outer loop
vertex 16.077916666666667 5.7625 72
vertex 16.167916666666667 6.6970833333333335 50
vertex 15.244166666666668 6.314166666666667 105
endloop
endfacet
facet normal 0.9414061193504064 0.3367861738807547 0.018154655941944958
outer loop
vertex 16.077916666666667 5.7625 72
vertex 15.244166666666668 6.314166666666667 105
vertex 15.789583333333335 4.789583333333334 105
endloop
endfacet
facet normal 0.9414266118905502 0.3367289676085986 0.0181531484191204
outer loop
vertex 16.077916666666667 5.7625 72
vertex 15.789583333333335 4.789583333333334 105
vertex 16.74625 5.08 50
endloop
endfacet
facet normal 0.9414407251617937 0.33668941785385104 0.018154804104449022
outer loop
vertex 16.077916666666667 5.7625 72
vertex 16.74625 5.08 50
vertex 16.441666666666666 5.931666666666667 50
endloop
endfacet
facet normal 0.9037929779804794 0.4275843807012691 0.01816178222226146
outer loop
vertex 15.433750000000002 8.249583333333334 50
vertex 14.551666666666668 7.777916666666667 105
vertex 15.244166666666668 6.314166666666667 105
endloop
endfacet
facet normal 0.9038652836643235 0.42743173102966564 0.01815665980833382
outer loop
vertex 15.433750000000002 8.249583333333334 50
vertex 15.244166666666668 6.314166666666667 105
vertex 16.167916666666667 6.6970833333333335 50
endloop
endfacet
facet normal 0.8576237900715952 0.5139569083872363 0.018158497301993103
outer loop
vertex 14.550833333333335 9.7225 50
vertex 13.719166666666668 9.167083333333334 105
vertex 14.551666666666668 7.777916666666667 105
endloop
endfacet
facet normal 0.8575654677414035 0.5140540950902501 0.018161934324626636
outer loop
vertex 14.550833333333335 9.7225 50
vertex 14.551666666666668 7.777916666666667 105
vertex 15.433750000000002 8.249583333333334 50
endloop
endfacet
facet normal 0.8028817546139279 0.595861711061731 0.018157901823907984
outer loop
vertex 13.493333333333334 10.1425 83
vertex 13.527500000000002 11.102083333333335 50
vertex 12.754583333333334 10.467500000000001 105
endloop
endfacet
facet normal 0.8030377042225594 0.5956512679864381 0.018166247359037376
outer loop
vertex 13.493333333333334 10.1425 83
vertex 12.754583333333334 10.467500000000001 105
vertex 12.91375 10.252916666666668 105
endloop
endfacet
facet normal 0.8030368457290107 0.5956524262448887 0.018166218929056024
outer loop
vertex 13.493333333333334 10.1425 83
vertex 12.91375 10.252916666666668 105
vertex 13.719166666666668 9.167083333333334 105
endloop
endfacet
facet normal 0.8031507410197735 0.5954990890933214 0.018158251248764124
outer loop
vertex 13.493333333333334 10.1425 83
vertex 13.719166666666668 9.167083333333334 105
vertex 14.550833333333335 9.7225 50
endloop
endfacet
facet normal 0.8030293450721293 0.5956629633032765 0.018152275388678835
outer loop
vertex 13.493333333333334 10.1425 83
vertex 14.550833333333335 9.7225 50
vertex 13.527500000000002 11.102083333333335 50
endloop
endfacet
facet normal 0.7407487713259113 0.6715367464955297 0.01815642821017413
outer loop
vertex 12.374166666666667 12.374166666666667 50
vertex 11.667083333333334 11.667083333333334 105
vertex 12.754583333333334 10.467500000000001 105
endloop
endfacet
facet normal 0.7407176364736342 0.671571050690803 0.01815783277167186
outer loop
vertex 12.374166666666667 12.374166666666667 50
vertex 12.754583333333334 10.467500000000001 105
vertex 13.527500000000002 11.102083333333335 50
endloop
endfacet
facet normal 0.6715367288604783 0.7407487518733012 0.018157874036208208
outer loop
vertex 11.102083333333335 13.527500000000002 50
vertex 10.467500000000001 12.754583333333334 105
vertex 11.667083333333334 11.667083333333334 105
endloop
endfacet
facet normal 0.6715710673209291 0.7407176548160384 0.01815646940504874
outer loop
vertex 11.102083333333335 13.527500000000002 50
vertex 11.667083333333334 11.667083333333334 105
vertex 12.374166666666667 12.374166666666667 50
endloop
endfacet
facet normal 0.5956523232447621 0.803037106197366 0.018158080385266746
outer loop
vertex 9.7225 14.550833333333335 50
vertex 9.167083333333334 13.719166666666668 105
vertex 10.467500000000001 12.754583333333334 105
endloop
endfacet
facet normal 0.5956629048263076 0.8030292662377467 0.018157681006980966
outer loop
vertex 9.7225 14.550833333333335 50
vertex 10.467500000000001 12.754583333333334 105
vertex 11.102083333333335 13.527500000000002 50
endloop
endfacet
facet normal 0.513956875356213 0.8576237349537615 0.018162035074245058
outer loop
vertex 8.249583333333334 15.433750000000002 50
vertex 7.777916666666667 14.551666666666668 105
vertex 9.167083333333334 13.719166666666668 105
endloop
endfacet
facet normal 0.5140541262469059 0.8575655197181749 0.018158597936701534
outer loop
vertex 8.249583333333334 15.433750000000002 50
vertex 9.167083333333334 13.719166666666668 105
vertex 9.7225 14.550833333333335 50
endloop
endfacet
facet normal 0.42758442165202953 0.9037930645388556 0.01815650990591556
outer loop
vertex 6.6970833333333335 16.167916666666667 50
vertex 6.314166666666667 15.244166666666668 105
vertex 7.777916666666667 14.551666666666668 105
endloop
endfacet
facet normal 0.4274316924305953 0.9038652020410908 0.01816163112539716
outer loop
vertex 6.6970833333333335 16.167916666666667 50
vertex 7.777916666666667 14.551666666666668 105
vertex 8.249583333333334 15.433750000000002 50
endloop
endfacet
facet normal 0.3367861834301857 0.9414061460435833 0.01815309455429472
outer loop
vertex 5.08 16.74625 50
vertex 4.789583333333334 15.789583333333335 105
vertex 6.314166666666667 15.244166666666668 105
endloop
endfacet
facet normal 0.3366958289075074 0.9414384092147238 0.01815600318178059
outer loop
vertex 5.08 16.74625 50
vertex 6.314166666666667 15.244166666666668 105
vertex 6.6970833333333335 16.167916666666667 50
endloop
endfacet
facet normal 0.24291945523687425 0.9698765114277339 0.01815739100721017
outer loop
vertex 3.414166666666667 17.16375 50
vertex 3.2191666666666667 16.182916666666667 105
vertex 4.789583333333334 15.789583333333335 105
endloop
endfacet
facet normal 0.24306639847221367 0.9698397815288514 0.01815279862216191
outer loop
vertex 3.414166666666667 17.16375 50
vertex 4.789583333333334 15.789583333333335 105
vertex 5.08 16.74625 50
endloop
endfacet
facet normal 0.14661771040182817 0.9890264850789955 0.01816201554930722
outer loop
vertex 1.7154166666666668 17.415833333333335 50
vertex 1.6170833333333334 16.420416666666668 105
vertex 3.2191666666666667 16.182916666666667 105
endloop
endfacet
facet normal 0.14676186824870507 0.989005184875978 0.018157596663170045
outer loop
vertex 1.7154166666666668 17.415833333333335 50
vertex 3.2191666666666667 16.182916666666667 105
vertex 3.414166666666667 17.16375 50
endloop
endfacet
facet normal 0.04914652599175765 0.9986265307540033 0.018156846013709153
outer loop
vertex 0 17.5 50
vertex 0 16.5 105
vertex 1.6170833333333334 16.420416666666668 105
endloop
endfacet
facet normal 0.048997818491203535 0.9986337560806418 0.01816136006394378
outer loop
vertex 0 17.5 50
vertex 1.6170833333333334 16.420416666666668 105
vertex 1.7154166666666668 17.415833333333335 50
endloop
endfacet
facet normal -0.049146521842573704 0.9986264464451924 0.01816149363418495
outer loop
vertex -1.7154166666666668 17.415833333333335 50
vertex -1.6170833333333334 16.420416666666668 105
vertex 0 16.5 105
endloop
endfacet
facet normal -0.048997822390736426 0.9986338355577551 0.01815697882832282
outer loop
vertex -1.7154166666666668 17.415833333333335 50
vertex 0 16.5 105
vertex 0 17.5 50
endloop
endfacet
facet normal -0.146617722516751 0.9890265668015897 0.018157466912036218
outer loop
vertex -3.414166666666667 17.16375 50
vertex -3.2191666666666667 16.182916666666667 105
vertex -1.6170833333333334 16.420416666666668 105
endloop
endfacet
facet normal -0.14676185681219095 0.9890051078071052 0.01816188636938525
outer loop
vertex -3.414166666666667 17.16375 50
vertex -1.6170833333333334 16.420416666666668 105
vertex -1.7154166666666668 17.415833333333335 50
endloop
endfacet
facet normal -0.24291947609457382 0.969876594703867 0.01815266315362116
outer loop
vertex -5.08 16.74625 50
vertex -4.789583333333334 15.789583333333335 105
vertex -3.2191666666666667 16.182916666666667 105
endloop
endfacet
facet normal -0.24306637879806897 0.9698397030286214 0.0181572555015672
outer loop
vertex -5.08 16.74625 50
vertex -3.2191666666666667 16.182916666666667 105
vertex -3.414166666666667 17.16375 50
endloop
endfacet
facet normal -0.3367861651131458 0.941406094842629 0.018156089378826405
outer loop
vertex -6.6970833333333335 16.167916666666667 50
vertex -6.314166666666667 15.244166666666668 105
vertex -4.789583333333334 15.789583333333335 105
endloop
endfacet
facet normal -0.3366958461727404 0.9414384574902059 0.01815317956954477
outer loop
vertex -6.6970833333333335 16.167916666666667 50
vertex -4.789583333333334 15.789583333333335 105
vertex -5.08 16.74625 50
endloop
endfacet
facet normal -0.4275843807012691 0.9037929779804794 0.01816178222226146
outer loop
vertex -8.249583333333334 15.433750000000002 50
vertex -7.777916666666667 14.551666666666668 105
vertex -6.314166666666667 15.244166666666668 105
endloop
endfacet
facet normal -0.42743173102966564 0.9038652836643235 0.01815665980833382
outer loop
vertex -8.249583333333334 15.433750000000002 50
vertex -6.314166666666667 15.244166666666668 105
vertex -6.6970833333333335 16.167916666666667 50
endloop
endfacet
facet normal -0.5139569083872363 0.8576237900715952 0.018158497301993103
outer loop
vertex -9.7225 14.550833333333335 50
vertex -9.167083333333334 13.719166666666668 105
vertex -7.777916666666667 14.551666666666668 105
endloop
endfacet
facet normal -0.5140540950902501 0.8575654677414035 0.018161934324626636
outer loop
vertex -9.7225 14.550833333333335 50
vertex -7.777916666666667 14.551666666666668 105
vertex -8.249583333333334 15.433750000000002 50
endloop
endfacet
facet normal -0.5956523276932071 0.8030371121946001 0.01815766922877075
outer loop
vertex -11.102083333333335 13.527500000000002 50
vertex -10.467500000000001 12.754583333333334 105
vertex -9.167083333333334 13.719166666666668 105
endloop
endfacet
facet normal -0.5956629006331008 0.8030292605847713 0.01815806856569035
outer loop
vertex -11.102083333333335 13.527500000000002 50
vertex -9.167083333333334 13.719166666666668 105
vertex -9.7225 14.550833333333335 50
endloop
endfacet
facet normal -0.6715367464955297 0.7407487713259113 0.01815642821017413
outer loop
vertex -12.374166666666667 12.374166666666667 50
vertex -11.667083333333334 11.667083333333334 105
vertex -10.467500000000001 12.754583333333334 105
endloop
endfacet
facet normal -0.671571050690803 0.7407176364736342 0.01815783277167186
outer loop
vertex -12.374166666666667 12.374166666666667 50
vertex -10.467500000000001 12.754583333333334 105
vertex -11.102083333333335 13.527500000000002 50
endloop
endfacet
facet normal -0.7407487518733012 0.6715367288604783 0.018157874036208208
outer loop
vertex -13.527500000000002 11.102083333333335 50
vertex -12.754583333333334 10.467500000000001 105
vertex -11.667083333333334 11.667083333333334 105
endloop
endfacet
facet normal -0.7407176548160384 0.6715710673209291 0.01815646940504874
outer loop
vertex -13.527500000000002 11.102083333333335 50
vertex -11.667083333333334 11.667083333333334 105
vertex -12.374166666666667 12.374166666666667 50
endloop
endfacet
facet normal -0.8031507410197735 0.5954990890933214 0.018158251248764124
outer loop
vertex -13.493333333333334 10.1425 83
vertex -14.550833333333335 9.7225 50
vertex -13.719166666666668 9.167083333333334 105
endloop
endfacet
facet normal -0.8030368457290107 0.5956524262448887 0.018166218929056024
outer loop
vertex -13.493333333333334 10.1425 83
vertex -13.719166666666668 9.167083333333334 105
vertex -12.91375 10.252916666666668 105
endloop
endfacet
facet normal -0.8030377042225594 0.5956512679864381 0.018166247359037376
outer loop
vertex -13.493333333333334 10.1425 83
vertex -12.91375 10.252916666666668 105
vertex -12.754583333333334 10.467500000000001 105
endloop
endfacet
facet normal -0.8028817546139279 0.595861711061731 0.018157901823907984
outer loop
vertex -13.493333333333334 10.1425 83
vertex -12.754583333333334 10.467500000000001 105
vertex -13.527500000000002 11.102083333333335 50
endloop
endfacet
facet normal -0.8030293450721293 0.5956629633032765 0.018152275388678835
outer loop
vertex -13.493333333333334 10.1425 83
vertex -13.527500000000002 11.102083333333335 50
vertex -14.550833333333335 9.7225 50
endloop
endfacet
facet normal -0.8576237349537615 0.513956875356213 0.018162035074245058
outer loop
vertex -15.433750000000002 8.249583333333334 50
vertex -14.551666666666668 7.777916666666667 105
vertex -13.719166666666668 9.167083333333334 105
endloop
endfacet
facet normal -0.8575655197181749 0.5140541262469059 0.018158597936701534
outer loop
vertex -15.433750000000002 8.249583333333334 50
vertex -13.719166666666668 9.167083333333334 105
vertex -14.550833333333335 9.7225 50
endloop
endfacet
facet normal -0.9037930645388556 0.42758442165202953 0.01815650990591556
outer loop
vertex -16.167916666666667 6.6970833333333335 50
vertex -15.244166666666668 6.314166666666667 105
vertex -14.551666666666668 7.777916666666667 105
endloop
endfacet
facet normal -0.9038652020410908 0.4274316924305953 0.01816163112539716
outer loop
vertex -16.167916666666667 6.6970833333333335 50
vertex -14.551666666666668 7.777916666666667 105
vertex -15.433750000000002 8.249583333333334 50
endloop
endfacet
facet normal -0.9414407251617937 0.33668941785385104 0.018154804104449022
outer loop
vertex -16.077916666666667 5.7625 72
vertex -16.441666666666666 5.931666666666667 50
vertex -16.74625 5.08 50
endloop
endfacet
facet normal -0.9414266118905502 0.3367289676085986 0.0181531484191204
outer loop
vertex -16.077916666666667 5.7625 72
vertex -16.74625 5.08 50
vertex -15.789583333333335 4.789583333333334 105
endloop
endfacet
facet normal -0.9414061193504064 0.3367861738807547 0.018154655941944958
outer loop
vertex -16.077916666666667 5.7625 72
vertex -15.789583333333335 4.789583333333334 105
vertex -15.244166666666668 6.314166666666667 105
endloop
endfacet
facet normal -0.9414253001600906 0.3367324791230605 0.0181560381724925
outer loop
vertex -16.077916666666667 5.7625 72
vertex -15.244166666666668 6.314166666666667 105
vertex -16.167916666666667 6.6970833333333335 50
endloop
endfacet
facet normal -0.9414358751616397 0.3367029776707656 0.018154828180879566
outer loop
vertex -16.077916666666667 5.7625 72
vertex -16.167916666666667 6.6970833333333335 50
vertex -16.441666666666666 5.931666666666667 50
endloop
endfacet
facet normal -0.9698765114277339 0.24291945523687425 0.01815739100721017
outer loop
vertex -17.16375 3.414166666666667 50
vertex -16.182916666666667 3.2191666666666667 105
vertex -15.789583333333335 4.789583333333334 105
endloop
endfacet
facet normal -0.9698397815288514 0.24306639847221367 0.01815279862216191
outer loop
vertex -17.16375 3.414166666666667 50
vertex -15.789583333333335 4.789583333333334 105
vertex -16.74625 5.08 50
endloop
endfacet
facet normal -0.9890264850789955 0.14661771040182817 0.01816201554930722
outer loop
vertex -17.415833333333335 1.7154166666666668 50
vertex -16.420416666666668 1.6170833333333334 105
vertex -16.182916666666667 3.2191666666666667 105
endloop
endfacet
facet normal -0.989005184875978 0.14676186824870507 0.018157596663170045
outer loop
vertex -17.415833333333335 1.7154166666666668 50
vertex -16.182916666666667 3.2191666666666667 105
vertex -17.16375 3.414166666666667 50
endloop
endfacet
facet normal -0.9986265307540033 0.04914652599175765 0.018156846013709153
outer loop
vertex -17.5 0 50
vertex -16.5 0 105
vertex -16.420416666666668 1.6170833333333334 105
endloop
endfacet
facet normal -0.9986337560806418 0.048997818491203535 0.01816136006394378
outer loop
vertex -17.5 0 50
vertex -16.420416666666668 1.6170833333333334 105
vertex -17.415833333333335 1.7154166666666668 50
endloop
endfacet
facet normal -0.9986264464451924 -0.049146521842573704 0.01816149363418495
outer loop
vertex -17.415833333333335 -1.7154166666666668 50
vertex -16.420416666666668 -1.6170833333333334 105
vertex -16.5 0 105
endloop
endfacet
facet normal -0.9986338355577551 -0.048997822390736426 0.01815697882832282
outer loop
vertex -17.415833333333335 -1.7154166666666668 50
vertex -16.5 0 105
vertex -17.5 0 50
endloop
endfacet
facet normal -0.9890265668015897 -0.146617722516751 0.018157466912036218
outer loop
vertex -17.16375 -3.414166666666667 50
vertex -16.182916666666667 -3.2191666666666667 105
vertex -16.420416666666668 -1.6170833333333334 105
endloop
endfacet
facet normal -0.9890051078071052 -0.14676185681219095 0.01816188636938525
outer loop
vertex -17.16375 -3.414166666666667 50
vertex -16.420416666666668 -1.6170833333333334 105
vertex -17.415833333333335 -1.7154166666666668 50
endloop
endfacet
facet normal -0.969876594703867 -0.24291947609457382 0.01815266315362116
outer loop
vertex -16.74625 -5.08 50
vertex -15.789583333333335 -4.789583333333334 105
vertex -16.182916666666667 -3.2191666666666667 105
endloop
endfacet
facet normal -0.9698397030286214 -0.24306637879806897 0.0181572555015672
outer loop
vertex -16.74625 -5.08 50
vertex -16.182916666666667 -3.2191666666666667 105
vertex -17.16375 -3.414166666666667 50
endloop
endfacet
facet normal -0.9414358751616397 -0.3367029776707656 0.018154828180879566
outer loop
vertex -16.077916666666667 -5.7625 72
vertex -16.441666666666666 -5.931666666666667 50
vertex -16.167916666666667 -6.6970833333333335 50
endloop
endfacet
facet normal -0.9414253001600906 -0.3367324791230605 0.0181560381724925
outer loop
vertex -16.077916666666667 -5.7625 72
vertex -16.167916666666667 -6.6970833333333335 50
vertex -15.244166666666668 -6.314166666666667 105
endloop
endfacet
facet normal -0.9414061193504064 -0.3367861738807547 0.018154655941944958
outer loop
vertex -16.077916666666667 -5.7625 72
vertex -15.244166666666668 -6.314166666666667 105
vertex -15.789583333333335 -4.789583333333334 105
endloop
endfacet
facet normal -0.9414266118905502 -0.3367289676085986 0.0181531484191204
outer loop
vertex -16.077916666666667 -5.7625 72
vertex -15.789583333333335 -4.789583333333334 105
vertex -16.74625 -5.08 50
endloop
endfacet
facet normal -0.9414407251617937 -0.33668941785385104 0.018154804104449022
outer loop
vertex -16.077916666666667 -5.7625 72
vertex -16.74625 -5.08 50
vertex -16.441666666666666 -5.931666666666667 50
endloop
endfacet
facet normal -0.9037929779804794 -0.4275843807012691 0.01816178222226146
outer loop
vertex -15.433750000000002 -8.249583333333334 50
vertex -14.551666666666668 -7.777916666666667 105
vertex -15.244166666666668 -6.314166666666667 105
endloop
endfacet
facet normal -0.9038652836643235 -0.42743173102966564 0.01815665980833382
outer loop
vertex -15.433750000000002 -8.249583333333334 50
vertex -15.244166666666668 -6.314166666666667 105
vertex -16.167916666666667 -6.6970833333333335 50
endloop
endfacet
facet normal -0.8576237900715952 -0.5139569083872363 0.018158497301993103
outer loop
vertex -14.550833333333335 -9.7225 50
vertex -13.719166666666668 -9.167083333333334 105
vertex -14.551666666666668 -7.777916666666667 105
endloop
endfacet
facet normal -0.8575654677414035 -0.5140540950902501 0.018161934324626636
outer loop
vertex -14.550833333333335 -9.7225 50
vertex -14.551666666666668 -7.777916666666667 105
vertex -15.433750000000002 -8.249583333333334 50
endloop
endfacet
facet normal -0.8028817546139279 -0.595861711061731 0.018157901823907984
outer loop
vertex -13.493333333333334 -10.1425 83
vertex -13.527500000000002 -11.102083333333335 50
vertex -12.754583333333334 -10.467500000000001 105
endloop
endfacet
facet normal -0.8030377042225594 -0.5956512679864381 0.018166247359037376
outer loop
vertex -13.493333333333334 -10.1425 83
vertex -12.754583333333334 -10.467500000000001 105
vertex -12.91375 -10.252916666666668 105
endloop
endfacet
facet normal -0.8030368457290107 -0.5956524262448887 0.018166218929056024
outer loop
vertex -13.493333333333334 -10.1425 83
vertex -12.91375 -10.252916666666668 105
vertex -13.719166666666668 -9.167083333333334 105
endloop
endfacet
facet normal -0.8031507410197735 -0.5954990890933214 0.018158251248764124
outer loop
vertex -13.493333333333334 -10.1425 83
vertex -13.719166666666668 -9.167083333333334 105
vertex -14.550833333333335 -9.7225 50
endloop
endfacet
facet normal -0.8030293450721293 -0.5956629633032765 0.018152275388678835
outer loop
vertex -13.493333333333334 -10.1425 83
vertex -14.550833333333335 -9.7225 50
vertex -13.527500000000002 -11.102083333333335 50
endloop
endfacet
facet normal -0.7407487713259113 -0.6715367464955297 0.01815642821017413
outer loop
vertex -12.374166666666667 -12.374166666666667 50
vertex -11.667083333333334 -11.667083333333334 105
vertex -12.754583333333334 -10.467500000000001 105
endloop
endfacet
facet normal -0.7407176364736342 -0.671571050690803 0.01815783277167186
outer loop
vertex -12.374166666666667 -12.374166666666667 50
vertex -12.754583333333334 -10.467500000000001 105
vertex -13.527500000000002 -11.102083333333335 50
endloop
endfacet
facet normal -0.6715367288604783 -0.7407487518733012 0.018157874036208208
outer loop
vertex -11.102083333333335 -13.527500000000002 50
vertex -10.467500000000001 -12.754583333333334 105
vertex -11.667083333333334 -11.667083333333334 105
endloop
endfacet
facet normal -0.6715710673209291 -0.7407176548160384 0.01815646940504874
outer loop
vertex -11.102083333333335 -13.527500000000002 50
vertex -11.667083333333334 -11.667083333333334 105
vertex -12.374166666666667 -12.374166666666667 50
endloop
endfacet
facet normal -0.5956523232447621 -0.803037106197366 0.018158080385266746
outer loop
vertex -9.7225 -14.550833333333335 50
vertex -9.167083333333334 -13.719166666666668 105
vertex -10.467500000000001 -12.754583333333334 105
endloop
endfacet
facet normal -0.5956629048263076 -0.8030292662377467 0.018157681006980966
outer loop
vertex -9.7225 -14.550833333333335 50
vertex -10.467500000000001 -12.754583333333334 105
vertex -11.102083333333335 -13.527500000000002 50
endloop
endfacet
facet normal -0.513956875356213 -0.8576237349537615 0.018162035074245058
outer loop
vertex -8.249583333333334 -15.433750000000002 50
vertex -7.777916666666667 -14.551666666666668 105
vertex -9.167083333333334 -13.719166666666668 105
endloop
endfacet
facet normal -0.5140541262469059 -0.8575655197181749 0.018158597936701534
outer loop
vertex -8.249583333333334 -15.433750000000002 50
vertex -9.167083333333334 -13.719166666666668 105
vertex -9.7225 -14.550833333333335 50
endloop
endfacet
facet normal -0.42758442165202953 -0.9037930645388556 0.01815650990591556
outer loop
vertex -6.6970833333333335 -16.167916666666667 50
vertex -6.314166666666667 -15.244166666666668 105
vertex -7.777916666666667 -14.551666666666668 105
endloop
endfacet
facet normal -0.4274316924305953 -0.9038652020410908 0.01816163112539716
outer loop
vertex -6.6970833333333335 -16.167916666666667 50
vertex -7.777916666666667 -14.551666666666668 105
vertex -8.249583333333334 -15.433750000000002 50
endloop
endfacet
facet normal -0.3367861834301857 -0.9414061460435833 0.01815309455429472
outer loop
vertex -5.08 -16.74625 50
vertex -4.789583333333334 -15.789583333333335 105
vertex -6.314166666666667 -15.244166666666668 105
endloop
endfacet
facet normal -0.3366958289075074 -0.9414384092147238 0.01815600318178059
outer loop
vertex -5.08 -16.74625 50
vertex -6.314166666666667 -15.244166666666668 105
vertex -6.6970833333333335 -16.167916666666667 50
endloop
endfacet
facet normal -0.24291945523687425 -0.9698765114277339 0.01815739100721017
outer loop
vertex -3.414166666666667 -17.16375 50
vertex -3.2191666666666667 -16.182916666666667 105
vertex -4.789583333333334 -15.789583333333335 105
endloop
endfacet
facet normal -0.24306639847221367 -0.9698397815288514 0.01815279862216191
outer loop
vertex -3.414166666666667 -17.16375 50
vertex -4.789583333333334 -15.789583333333335 105
vertex -5.08 -16.74625 50
endloop
endfacet
facet normal -0.14661771040182817 -0.9890264850789955 0.01816201554930722
outer loop
vertex -1.7154166666666668 -17.415833333333335 50
vertex -1.6170833333333334 -16.420416666666668 105
vertex -3.2191666666666667 -16.182916666666667 105
endloop
endfacet
facet normal -0.14676186824870507 -0.989005184875978 0.018157596663170045
outer loop
vertex -1.7154166666666668 -17.415833333333335 50
vertex -3.2191666666666667 -16.182916666666667 105
vertex -3.414166666666667 -17.16375 50
endloop
endfacet
facet normal -0.04914652599175765 -0.9986265307540033 0.018156846013709153
outer loop
vertex 0 -17.5 50
vertex 0 -16.5 105
vertex -1.6170833333333334 -16.420416666666668 105
endloop
endfacet
facet normal -0.048997818491203535 -0.9986337560806418 0.01816136006394378
outer loop
vertex 0 -17.5 50
vertex -1.6170833333333334 -16.420416666666668 105
vertex -1.7154166666666668 -17.415833333333335 50
endloop
endfacet
facet normal 0.049146521842573704 -0.9986264464451924 0.01816149363418495
outer loop
vertex 1.7154166666666668 -17.415833333333335 50
vertex 1.6170833333333334 -16.420416666666668 105
vertex 0 -16.5 105
endloop
endfacet
facet normal 0.048997822390736426 -0.9986338355577551 0.01815697882832282
outer loop
vertex 1.7154166666666668 -17.415833333333335 50
vertex 0 -16.5 105
vertex 0 -17.5 50
endloop
endfacet
facet normal 0.146617722516751 -0.9890265668015897 0.018157466912036218
outer loop
vertex 3.414166666666667 -17.16375 50
vertex 3.2191666666666667 -16.182916666666667 105
vertex 1.6170833333333334 -16.420416666666668 105
endloop
endfacet
facet normal 0.14676185681219095 -0.9890051078071052 0.01816188636938525
outer loop
vertex 3.414166666666667 -17.16375 50
vertex 1.6170833333333334 -16.420416666666668 105
vertex 1.7154166666666668 -17.415833333333335 50
endloop
endfacet
facet normal 0.24291947609457382 -0.969876594703867 0.01815266315362116
outer loop
vertex 5.08 -16.74625 50
vertex 4.789583333333334 -15.789583333333335 105
vertex 3.2191666666666667 -16.182916666666667 105
endloop
endfacet
facet normal 0.24306637879806897 -0.9698397030286214 0.0181572555015672
outer loop
vertex 5.08 -16.74625 50
vertex 3.2191666666666667 -16.182916666666667 105
vertex 3.414166666666667 -17.16375 50
endloop
endfacet
facet normal 0.3367861651131458 -0.941406094842629 0.018156089378826405
outer loop
vertex 6.6970833333333335 -16.167916666666667 50
vertex 6.314166666666667 -15.244166666666668 105
vertex 4.789583333333334 -15.789583333333335 105
endloop
endfacet
facet normal 0.3366958461727404 -0.9414384574902059 0.01815317956954477
outer loop
vertex 6.6970833333333335 -16.167916666666667 50
vertex 4.789583333333334 -15.789583333333335 105
vertex 5.08 -16.74625 50
endloop
endfacet
facet normal 0.4275843807012691 -0.9037929779804794 0.01816178222226146
outer loop
vertex 8.249583333333334 -15.433750000000002 50
vertex 7.777916666666667 -14.551666666666668 105
vertex 6.314166666666667 -15.244166666666668 105
endloop
endfacet
facet normal 0.42743173102966564 -0.9038652836643235 0.01815665980833382
outer loop
vertex 8.249583333333334 -15.433750000000002 50
vertex 6.314166666666667 -15.244166666666668 105
vertex 6.6970833333333335 -16.167916666666667 50
endloop
endfacet
facet normal 0.5139569083872363 -0.8576237900715952 0.018158497301993103
outer loop
vertex 9.7225 -14.550833333333335 50
vertex 9.167083333333334 -13.719166666666668 105
vertex 7.777916666666667 -14.551666666666668 105
endloop
endfacet
facet normal 0.5140540950902501 -0.8575654677414035 0.018161934324626636
outer loop
vertex 9.7225 -14.550833333333335 50
vertex 7.777916666666667 -14.551666666666668 105
vertex 8.249583333333334 -15.433750000000002 50
endloop
endfacet
facet normal 0.5956523276932071 -0.8030371121946001 0.01815766922877075
outer loop
vertex 11.102083333333335 -13.527500000000002 50
vertex 10.467500000000001 -12.754583333333334 105
vertex 9.167083333333334 -13.719166666666668 105
endloop
endfacet
facet normal 0.5956629006331008 -0.8030292605847713 0.01815806856569035
outer loop
vertex 11.102083333333335 -13.527500000000002 50
vertex 9.167083333333334 -13.719166666666668 105
vertex 9.7225 -14.550833333333335 50
endloop
endfacet
facet normal 0.6715367464955297 -0.7407487713259113 0.01815642821017413
outer loop
vertex 12.374166666666667 -12.374166666666667 50
vertex 11.667083333333334 -11.667083333333334 105
vertex 10.467500000000001 -12.754583333333334 105
endloop
endfacet
facet normal 0.671571050690803 -0.7407176364736342 0.01815783277167186
outer loop
vertex 12.374166666666667 -12.374166666666667 50
vertex 10.467500000000001 -12.754583333333334 105
vertex 11.102083333333335 -13.527500000000002 50
endloop
endfacet
facet normal 0.7407487518733012 -0.6715367288604783 0.018157874036208208
outer loop
vertex 13.527500000000002 -11.102083333333335 50
vertex 12.754583333333334 -10.467500000000001 105
vertex 11.667083333333334 -11.667083333333334 105
endloop
endfacet
facet normal 0.7407176548160384 -0.6715710673209291 0.01815646940504874
outer loop
vertex 13.527500000000002 -11.102083333333335 50
vertex 11.667083333333334 -11.667083333333334 105
vertex 12.374166666666667 -12.374166666666667 50
endloop
endfacet
facet normal 0.8031507410197735 -0.5954990890933214 0.018158251248764124
outer loop
vertex 13.493333333333334 -10.1425 83
vertex 14.550833333333335 -9.7225 50
vertex 13.719166666666668 -9.167083333333334 105
endloop
endfacet
facet normal 0.8030368457290107 -0.5956524262448887 0.018166218929056024
outer loop
vertex 13.493333333333334 -10.1425 83
vertex 13.719166666666668 -9.167083333333334 105
vertex 12.91375 -10.252916666666668 105
endloop
endfacet
facet normal 0.8030377042225594 -0.5956512679864381 0.018166247359037376
outer loop
vertex 13.493333333333334 -10.1425 83
vertex 12.91375 -10.252916666666668 105
vertex 12.754583333333334 -10.467500000000001 105
endloop
endfacet
facet normal 0.8028817546139279 -0.595861711061731 0.018157901823907984
outer loop
vertex 13.493333333333334 -10.1425 83
vertex 12.754583333333334 -10.467500000000001 105
vertex 13.527500000000002 -11.102083333333335 50
endloop
endfacet
facet normal 0.8030293450721293 -0.5956629633032765 0.018152275388678835
outer loop
vertex 13.493333333333334 -10.1425 83
vertex 13.527500000000002 -11.102083333333335 50
vertex 14.550833333333335 -9.7225 50
endloop
endfacet
facet normal 0.8576237349537615 -0.513956875356213 0.018162035074245058
outer loop
vertex 15.433750000000002 -8.249583333333334 50
vertex 14.551666666666668 -7.777916666666667 105
vertex 13.719166666666668 -9.167083333333334 105
endloop
endfacet
facet normal 0.8575655197181749 -0.5140541262469059 0.018158597936701534
outer loop
vertex 15.433750000000002 -8.249583333333334 50
vertex 13.719166666666668 -9.167083333333334 105
vertex 14.550833333333335 -9.7225 50
endloop
endfacet
facet normal 0.9037930645388556 -0.42758442165202953 0.01815650990591556
outer loop
vertex 16.167916666666667 -6.6970833333333335 50
vertex 15.244166666666668 -6.314166666666667 105
vertex 14.551666666666668 -7.777916666666667 105
endloop
endfacet
facet normal 0.9038652020410908 -0.4274316924305953 0.01816163112539716
outer loop
vertex 16.167916666666667 -6.6970833333333335 50
vertex 14.551666666666668 -7.777916666666667 105
vertex 15.433750000000002 -8.249583333333334 50
endloop
endfacet
facet normal 0.9414407251617937 -0.33668941785385104 0.018154804104449022
outer loop
vertex 16.077916666666667 -5.7625 72
vertex 16.441666666666666 -5.931666666666667 50
vertex 16.74625 -5.08 50
endloop
endfacet
facet normal 0.9414266118905502 -0.3367289676085986 0.0181531484191204
outer loop
vertex 16.077916666666667 -5.7625 72
vertex 16.74625 -5.08 50
vertex 15.789583333333335 -4.789583333333334 105
endloop
endfacet
facet normal 0.9414061193504064 -0.3367861738807547 0.018154655941944958
outer loop
vertex 16.077916666666667 -5.7625 72
vertex 15.789583333333335 -4.789583333333334 105
vertex 15.244166666666668 -6.314166666666667 105
endloop
endfacet
facet normal 0.9414253001600906 -0.3367324791230605 0.0181560381724925
outer loop
vertex 16.077916666666667 -5.7625 72
vertex 15.244166666666668 -6.314166666666667 105
vertex 16.167916666666667 -6.6970833333333335 50
endloop
endfacet
facet normal 0.9414358751616397 -0.3367029776707656 0.018154828180879566
outer loop
vertex 16.077916666666667 -5.7625 72
vertex 16.167916666666667 -6.6970833333333335 50
vertex 16.441666666666666 -5.931666666666667 50
endloop
endfacet
facet normal 0.9698765114277339 -0.24291945523687425 0.01815739100721017
outer loop
vertex 17.16375 -3.414166666666667 50
vertex 16.182916666666667 -3.2191666666666667 105
vertex 15.789583333333335 -4.789583333333334 105
endloop
endfacet
facet normal 0.9698397815288514 -0.24306639847221367 0.01815279862216191
outer loop
vertex 17.16375 -3.414166666666667 50
vertex 15.789583333333335 -4.789583333333334 105
vertex 16.74625 -5.08 50
endloop
endfacet
facet normal 0.9890264850789955 -0.14661771040182817 0.01816201554930722
outer loop
vertex 17.415833333333335 -1.7154166666666668 50
vertex 16.420416666666668 -1.6170833333333334 105
vertex 16.182916666666667 -3.2191666666666667 105
endloop
endfacet
facet normal 0.989005184875978 -0.14676186824870507 0.018157596663170045
outer loop
vertex 17.415833333333335 -1.7154166666666668 50
vertex 16.182916666666667 -3.2191666666666667 105
vertex 17.16375 -3.414166666666667 50
endloop
endfacet
facet normal 0.9986265307540033 -0.04914652599175765 0.018156846013709153
outer loop
vertex 17.5 0 50
vertex 16.5 0 105
vertex 16.420416666666668 -1.6170833333333334 105
endloop
endfacet
facet normal 0.9986337560806418 -0.048997818491203535 0.01816136006394378
outer loop
vertex 17.5 0 50
vertex 16.420416666666668 -1.6170833333333334 105
vertex 17.415833333333335 -1.7154166666666668 50
endloop
endfacet
facet normal -0.9986246529539451 -0.04918467947706345 -0.01815681187188991
outer loop
vertex 15.500000000000002 0 50
vertex 14.500000000000002 0 105
vertex 14.430000000000001 1.4212500000000001 105
endloop
endfacet
facet normal -0.998632293255099 -0.04902775109508123 -0.018161015682528578
outer loop
vertex 15.500000000000002 0 50
vertex 14.430000000000001 1.4212500000000001 105
vertex 15.425416666666667 1.5191666666666668 50
endloop
endfacet
facet normal -0.9890167286366851 -0.14668365335908215 -0.018160845630700168
outer loop
vertex 15.425416666666667 1.5191666666666668 50
vertex 14.430000000000001 1.4212500000000001 105
vertex 14.221250000000001 2.8287500000000003 105
endloop
endfacet
facet normal -0.9889991651721303 -0.1468024238527445 -0.018157633099835445
outer loop
vertex 15.425416666666667 1.5191666666666668 50
vertex 14.221250000000001 2.8287500000000003 105
vertex 15.202083333333334 3.02375 50
endloop
endfacet
facet normal -0.9699308734457454 -0.24270229220842857 -0.01815759052155173
outer loop
vertex 15.202083333333334 3.02375 50
vertex 14.221250000000001 2.8287500000000003 105
vertex 13.875833333333334 4.2091666666666665 105
endloop
endfacet
facet normal -0.9698859263726974 -0.24288221815149114 -0.01815262873487351
outer loop
vertex 15.202083333333334 3.02375 50
vertex 13.875833333333334 4.2091666666666665 105
vertex 14.832500000000001 4.499583333333334 50
endloop
endfacet
facet normal -0.9413281096968207 -0.33700424704853565 -0.018152888636793416
outer loop
vertex 14.832500000000001 4.499583333333334 50
vertex 13.875833333333334 4.2091666666666665 105
vertex 13.39625 5.54875 105
endloop
endfacet
facet normal -0.9413695982727545 -0.33688815998704996 -0.01815618650302118
outer loop
vertex 14.832500000000001 4.499583333333334 50
vertex 13.39625 5.54875 105
vertex 14.32 5.931666666666667 50
endloop
endfacet
facet normal -0.9038985552309458 -0.42736136354830917 -0.018156728712484114
outer loop
vertex 14.32 5.931666666666667 50
vertex 13.39625 5.54875 105
vertex 12.787916666666668 6.835416666666667 105
endloop
endfacet
facet normal -0.9038174646925197 -0.42753304920758256 -0.018151648741993532
outer loop
vertex 14.32 5.931666666666667 50
vertex 12.787916666666668 6.835416666666667 105
vertex 13.669583333333334 7.3066666666666675 50
endloop
endfacet
facet normal -0.8575324296436383 -0.5141095754367464 -0.01815148902230983
outer loop
vertex 13.669583333333334 7.3066666666666675 50
vertex 12.787916666666668 6.835416666666667 105
vertex 12.05625 8.055833333333334 105
endloop
endfacet
facet normal -0.8576655946762459 -0.5138871464748124 -0.018158424948672057
outer loop
vertex 13.669583333333334 7.3066666666666675 50
vertex 12.05625 8.055833333333334 105
vertex 12.887916666666667 8.61125 50
endloop
endfacet
facet normal -0.8031237753835688 -0.5955354572111481 -0.018158210758545935
outer loop
vertex 12.887916666666667 8.61125 50
vertex 12.05625 8.055833333333334 105
vertex 11.20875 9.19875 105
endloop
endfacet
facet normal -0.8030121932490081 -0.5956860574067501 -0.018153195438257462
outer loop
vertex 12.887916666666667 8.61125 50
vertex 11.20875 9.19875 105
vertex 11.981666666666667 9.832916666666668 50
endloop
endfacet
facet normal -0.740691841897571 -0.6715996384636465 -0.01815271224592171
outer loop
vertex 11.981666666666667 9.832916666666668 50
vertex 11.20875 9.19875 105
vertex 10.252916666666668 10.252916666666668 105
endloop
endfacet
facet normal -0.7407838922254594 -0.6714980050783091 -0.01815638166457951
outer loop
vertex 11.981666666666667 9.832916666666668 50
vertex 10.252916666666668 10.252916666666668 105
vertex 10.96 10.96 50
endloop
endfacet
facet normal -0.6715995922216564 -0.7406917908983403 -0.018156503614807834
outer loop
vertex 10.96 10.96 50
vertex 10.252916666666668 10.252916666666668 105
vertex 9.19875 11.20875 105
endloop
endfacet
facet normal -0.6714980483275094 -0.7407839399371586 -0.018152835137408334
outer loop
vertex 10.96 10.96 50
vertex 9.19875 11.20875 105
vertex 9.832916666666668 11.981666666666667 50
endloop
endfacet
facet normal -0.5955355132591585 -0.8031238509684714 -0.018153028747931482
outer loop
vertex 9.832916666666668 11.981666666666667 50
vertex 9.19875 11.20875 105
vertex 8.055833333333334 12.05625 105
endloop
endfacet
facet normal -0.5956860049656958 -0.8030121225560558 -0.018158042736675453
outer loop
vertex 9.832916666666668 11.981666666666667 50
vertex 8.055833333333334 12.05625 105
vertex 8.61125 12.887916666666667 50
endloop
endfacet
facet normal -0.5141095085281043 -0.8575323180403279 -0.01815865516421559
outer loop
vertex 8.61125 12.887916666666667 50
vertex 8.055833333333334 12.05625 105
vertex 6.835416666666667 12.787916666666668 105
endloop
endfacet
facet normal -0.5138872090494203 -0.8576656991117989 -0.01815172009663227
outer loop
vertex 8.61125 12.887916666666667 50
vertex 6.835416666666667 12.787916666666668 105
vertex 7.3066666666666675 13.669583333333334 50
endloop
endfacet
facet normal -0.42736140428823965 -0.9038986413986894 -0.01815147934431534
outer loop
vertex 7.3066666666666675 13.669583333333334 50
vertex 6.835416666666667 12.787916666666668 105
vertex 5.54875 13.39625 105
endloop
endfacet
facet normal -0.427533011072996 -0.90381738407488 -0.01815656043689464
outer loop
vertex 7.3066666666666675 13.669583333333334 50
vertex 5.54875 13.39625 105
vertex 5.931666666666667 14.32 50
endloop
endfacet
facet normal -0.33700422619009485 -0.9413280514345379 -0.018156296771962635
outer loop
vertex 5.931666666666667 14.32 50
vertex 5.54875 13.39625 105
vertex 4.2091666666666665 13.875833333333334 105
endloop
endfacet
facet normal -0.33688817949235966 -0.9413696527766159 -0.018152998362737018
outer loop
vertex 5.931666666666667 14.32 50
vertex 4.2091666666666665 13.875833333333334 105
vertex 4.499583333333334 14.832500000000001 50
endloop
endfacet
facet normal -0.24270231481276955 -0.9699309637813085 -0.018152462168684737
outer loop
vertex 4.499583333333334 14.832500000000001 50
vertex 4.2091666666666665 13.875833333333334 105
vertex 2.8287500000000003 14.221250000000001 105
endloop
endfacet
facet normal -0.242882196993892 -0.9698858418854188 -0.018157425302965276
outer loop
vertex 4.499583333333334 14.832500000000001 50
vertex 2.8287500000000003 14.221250000000001 105
vertex 3.02375 15.202083333333334 50
endloop
endfacet
facet normal -0.14668366220351492 -0.9890167882704052 -0.01815752631439226
outer loop
vertex 3.02375 15.202083333333334 50
vertex 2.8287500000000003 14.221250000000001 105
vertex 1.4212500000000001 14.430000000000001 105
endloop
endfacet
facet normal -0.14680241557244825 -0.9889991093882687 -0.018160738181728003
outer loop
vertex 3.02375 15.202083333333334 50
vertex 1.4212500000000001 14.430000000000001 105
vertex 1.5191666666666668 15.425416666666667 50
endloop
endfacet
facet normal -0.049184675596431846 -0.998624574163264 -0.018161155351827246
outer loop
vertex 1.5191666666666668 15.425416666666667 50
vertex 1.4212500000000001 14.430000000000001 105
vertex 0 14.500000000000002 105
endloop
endfacet
facet normal -0.04902775471403466 -0.9986323669685303 -0.01815695212670055
outer loop
vertex 1.5191666666666668 15.425416666666667 50
vertex 0 14.500000000000002 105
vertex 0 15.500000000000002 50
endloop
endfacet
facet normal 0.04918467947706345 -0.9986246529539451 -0.01815681187188991
outer loop
vertex 0 15.500000000000002 50
vertex 0 14.500000000000002 105
vertex -1.4212500000000001 14.430000000000001 105
endloop
endfacet
facet normal 0.04902775109508123 -0.998632293255099 -0.018161015682528578
outer loop
vertex 0 15.500000000000002 50
vertex -1.4212500000000001 14.430000000000001 105
vertex -1.5191666666666668 15.425416666666667 50
endloop
endfacet
facet normal 0.14668365335908215 -0.9890167286366851 -0.018160845630700168
outer loop
vertex -1.5191666666666668 15.425416666666667 50
vertex -1.4212500000000001 14.430000000000001 105
vertex -2.8287500000000003 14.221250000000001 105
endloop
endfacet
facet normal 0.1468024238527445 -0.9889991651721303 -0.018157633099835445
outer loop
vertex -1.5191666666666668 15.425416666666667 50
vertex -2.8287500000000003 14.221250000000001 105
vertex -3.02375 15.202083333333334 50
endloop
endfacet
facet normal 0.24270229220842857 -0.9699308734457454 -0.01815759052155173
outer loop
vertex -3.02375 15.202083333333334 50
vertex -2.8287500000000003 14.221250000000001 105
vertex -4.2091666666666665 13.875833333333334 105
endloop
endfacet
facet normal 0.24288221815149114 -0.9698859263726974 -0.01815262873487351
outer loop
vertex -3.02375 15.202083333333334 50
vertex -4.2091666666666665 13.875833333333334 105
vertex -4.499583333333334 14.832500000000001 50
endloop
endfacet
facet normal 0.33700424704853565 -0.9413281096968207 -0.018152888636793416
outer loop
vertex -4.499583333333334 14.832500000000001 50
vertex -4.2091666666666665 13.875833333333334 105
vertex -5.54875 13.39625 105
endloop
endfacet
facet normal 0.33688815998704996 -0.9413695982727545 -0.01815618650302118
outer loop
vertex -4.499583333333334 14.832500000000001 50
vertex -5.54875 13.39625 105
vertex -5.931666666666667 14.32 50
endloop
endfacet
facet normal 0.42736136354830917 -0.9038985552309458 -0.018156728712484114
outer loop
vertex -5.931666666666667 14.32 50
vertex -5.54875 13.39625 105
vertex -6.835416666666667 12.787916666666668 105
endloop
endfacet
facet normal 0.42753304920758256 -0.9038174646925197 -0.018151648741993532
outer loop
vertex -5.931666666666667 14.32 50
vertex -6.835416666666667 12.787916666666668 105
vertex -7.3066666666666675 13.669583333333334 50
endloop
endfacet
facet normal 0.5141095754367464 -0.8575324296436383 -0.01815148902230983
outer loop
vertex -7.3066666666666675 13.669583333333334 50
vertex -6.835416666666667 12.787916666666668 105
vertex -8.055833333333334 12.05625 105
endloop
endfacet
facet normal 0.5138871464748124 -0.8576655946762459 -0.018158424948672057
outer loop
vertex -7.3066666666666675 13.669583333333334 50
vertex -8.055833333333334 12.05625 105
vertex -8.61125 12.887916666666667 50
endloop
endfacet
facet normal 0.5955354572111481 -0.8031237753835688 -0.018158210758545935
outer loop
vertex -8.61125 12.887916666666667 50
vertex -8.055833333333334 12.05625 105
vertex -9.19875 11.20875 105
endloop
endfacet
facet normal 0.5956860574067501 -0.8030121932490081 -0.018153195438257462
outer loop
vertex -8.61125 12.887916666666667 50
vertex -9.19875 11.20875 105
vertex -9.832916666666668 11.981666666666667 50
endloop
endfacet
facet normal 0.6715996384636465 -0.740691841897571 -0.01815271224592171
outer loop
vertex -9.832916666666668 11.981666666666667 50
vertex -9.19875 11.20875 105
vertex -10.252916666666668 10.252916666666668 105
endloop
endfacet
facet normal 0.6714980050783091 -0.7407838922254594 -0.01815638166457951
outer loop
vertex -9.832916666666668 11.981666666666667 50
vertex -10.252916666666668 10.252916666666668 105
vertex -10.96 10.96 50
endloop
endfacet
facet normal 0.7406917908983403 -0.6715995922216564 -0.018156503614807834
outer loop
vertex -10.96 10.96 50
vertex -10.252916666666668 10.252916666666668 105
vertex -11.20875 9.19875 105
endloop
endfacet
facet normal 0.7407839399371586 -0.6714980483275094 -0.018152835137408334
outer loop
vertex -10.96 10.96 50
vertex -11.20875 9.19875 105
vertex -11.981666666666667 9.832916666666668 50
endloop
endfacet
facet normal 0.8031238509684714 -0.5955355132591585 -0.018153028747931482
outer loop
vertex -11.981666666666667 9.832916666666668 50
vertex -11.20875 9.19875 105
vertex -12.05625 8.055833333333334 105
endloop
endfacet
facet normal 0.8030121225560558 -0.5956860049656958 -0.018158042736675453
outer loop
vertex -11.981666666666667 9.832916666666668 50
vertex -12.05625 8.055833333333334 105
vertex -12.887916666666667 8.61125 50
endloop
endfacet
facet normal 0.8575323180403279 -0.5141095085281043 -0.01815865516421559
outer loop
vertex -12.887916666666667 8.61125 50
vertex -12.05625 8.055833333333334 105
vertex -12.787916666666668 6.835416666666667 105
endloop
endfacet
facet normal 0.8576656991117989 -0.5138872090494203 -0.01815172009663227
outer loop
vertex -12.887916666666667 8.61125 50
vertex -12.787916666666668 6.835416666666667 105
vertex -13.669583333333334 7.3066666666666675 50
endloop
endfacet
facet normal 0.9038986413986894 -0.42736140428823965 -0.01815147934431534
outer loop
vertex -13.669583333333334 7.3066666666666675 50
vertex -12.787916666666668 6.835416666666667 105
vertex -13.39625 5.54875 105
endloop
endfacet
facet normal 0.90381738407488 -0.427533011072996 -0.01815656043689464
outer loop
vertex -13.669583333333334 7.3066666666666675 50
vertex -13.39625 5.54875 105
vertex -14.32 5.931666666666667 50
endloop
endfacet
facet normal 0.9413280514345379 -0.33700422619009485 -0.018156296771962635
outer loop
vertex -14.32 5.931666666666667 50
vertex -13.39625 5.54875 105
vertex -13.875833333333334 4.2091666666666665 105
endloop
endfacet
facet normal 0.9413696527766159 -0.33688817949235966 -0.018152998362737018
outer loop
vertex -14.32 5.931666666666667 50
vertex -13.875833333333334 4.2091666666666665 105
vertex -14.832500000000001 4.499583333333334 50
endloop
endfacet
facet normal 0.9699309637813085 -0.24270231481276955 -0.018152462168684737
outer loop
vertex -14.832500000000001 4.499583333333334 50
vertex -13.875833333333334 4.2091666666666665 105
vertex -14.221250000000001 2.8287500000000003 105
endloop
endfacet
facet normal 0.9698858418854188 -0.242882196993892 -0.018157425302965276
outer loop
vertex -14.832500000000001 4.499583333333334 50
vertex -14.221250000000001 2.8287500000000003 105
vertex -15.202083333333334 3.02375 50
endloop
endfacet
facet normal 0.9890167882704052 -0.14668366220351492 -0.01815752631439226
outer loop
vertex -15.202083333333334 3.02375 50
vertex -14.221250000000001 2.8287500000000003 105
vertex -14.430000000000001 1.4212500000000001 105
endloop
endfacet
facet normal 0.9889991093882687 -0.14680241557244825 -0.018160738181728003
outer loop
vertex -15.202083333333334 3.02375 50
vertex -14.430000000000001 1.4212500000000001 105
vertex -15.425416666666667 1.5191666666666668 50
endloop
endfacet
facet normal 0.998624574163264 -0.049184675596431846 -0.018161155351827246
outer loop
vertex -15.425416666666667 1.5191666666666668 50
vertex -14.430000000000001 1.4212500000000001 105
vertex -14.500000000000002 0 105
endloop
endfacet
facet normal 0.9986323669685303 -0.04902775471403466 -0.01815695212670055
outer loop
vertex -15.425416666666667 1.5191666666666668 50
vertex -14.500000000000002 0 105
vertex -15.500000000000002 0 50
endloop
endfacet
facet normal 0.9986246529539451 0.04918467947706345 -0.01815681187188991
outer loop
vertex -15.500000000000002 0 50
vertex -14.500000000000002 0 105
vertex -14.430000000000001 -1.4212500000000001 105
endloop
endfacet
facet normal 0.998632293255099 0.04902775109508123 -0.018161015682528578
outer loop
vertex -15.500000000000002 0 50
vertex -14.430000000000001 -1.4212500000000001 105
vertex -15.425416666666667 -1.5191666666666668 50
endloop
endfacet
facet normal 0.9890167286366851 0.14668365335908215 -0.018160845630700168
outer loop
vertex -15.425416666666667 -1.5191666666666668 50
vertex -14.430000000000001 -1.4212500000000001 105
vertex -14.221250000000001 -2.8287500000000003 105
endloop
endfacet
facet normal 0.9889991651721303 0.1468024238527445 -0.018157633099835445
outer loop
vertex -15.425416666666667 -1.5191666666666668 50
vertex -14.221250000000001 -2.8287500000000003 105
vertex -15.202083333333334 -3.02375 50
endloop
endfacet
facet normal 0.9699308734457454 0.24270229220842857 -0.01815759052155173
outer loop
vertex -15.202083333333334 -3.02375 50
vertex -14.221250000000001 -2.8287500000000003 105
vertex -13.875833333333334 -4.2091666666666665 105
endloop
endfacet
facet normal 0.9698859263726974 0.24288221815149114 -0.01815262873487351
outer loop
vertex -15.202083333333334 -3.02375 50
vertex -13.875833333333334 -4.2091666666666665 105
vertex -14.832500000000001 -4.499583333333334 50
endloop
endfacet
facet normal 0.9413281096968207 0.33700424704853565 -0.018152888636793416
outer loop
vertex -14.832500000000001 -4.499583333333334 50
vertex -13.875833333333334 -4.2091666666666665 105
vertex -13.39625 -5.54875 105
endloop
endfacet
facet normal 0.9413695982727545 0.33688815998704996 -0.01815618650302118
outer loop
vertex -14.832500000000001 -4.499583333333334 50
vertex -13.39625 -5.54875 105
vertex -14.32 -5.931666666666667 50
endloop
endfacet
facet normal 0.9038985552309458 0.42736136354830917 -0.018156728712484114
outer loop
vertex -14.32 -5.931666666666667 50
vertex -13.39625 -5.54875 105
vertex -12.787916666666668 -6.835416666666667 105
endloop
endfacet
facet normal 0.9038174646925197 0.42753304920758256 -0.018151648741993532
outer loop
vertex -14.32 -5.931666666666667 50
vertex -12.787916666666668 -6.835416666666667 105
vertex -13.669583333333334 -7.3066666666666675 50
endloop
endfacet
facet normal 0.8575324296436383 0.5141095754367464 -0.01815148902230983
outer loop
vertex -13.669583333333334 -7.3066666666666675 50
vertex -12.787916666666668 -6.835416666666667 105
vertex -12.05625 -8.055833333333334 105
endloop
endfacet
facet normal 0.8576655946762459 0.5138871464748124 -0.018158424948672057
outer loop
vertex -13.669583333333334 -7.3066666666666675 50
vertex -12.05625 -8.055833333333334 105
vertex -12.887916666666667 -8.61125 50
endloop
endfacet
facet normal 0.8031237753835688 0.5955354572111481 -0.018158210758545935
outer loop
vertex -12.887916666666667 -8.61125 50
vertex -12.05625 -8.055833333333334 105
vertex -11.20875 -9.19875 105
endloop
endfacet
facet normal 0.8030121932490081 0.5956860574067501 -0.018153195438257462
outer loop
vertex -12.887916666666667 -8.61125 50
vertex -11.20875 -9.19875 105
vertex -11.981666666666667 -9.832916666666668 50
endloop
endfacet
facet normal 0.740691841897571 0.6715996384636465 -0.01815271224592171
outer loop
vertex -11.981666666666667 -9.832916666666668 50
vertex -11.20875 -9.19875 105
vertex -10.252916666666668 -10.252916666666668 105
endloop
endfacet
facet normal 0.7407838922254594 0.6714980050783091 -0.01815638166457951
outer loop
vertex -11.981666666666667 -9.832916666666668 50
vertex -10.252916666666668 -10.252916666666668 105
vertex -10.96 -10.96 50
endloop
endfacet
facet normal 0.6715995922216564 0.7406917908983403 -0.018156503614807834
outer loop
vertex -10.96 -10.96 50
vertex -10.252916666666668 -10.252916666666668 105
vertex -9.19875 -11.20875 105
endloop
endfacet
facet normal 0.6714980483275094 0.7407839399371586 -0.018152835137408334
outer loop
vertex -10.96 -10.96 50
vertex -9.19875 -11.20875 105
vertex -9.832916666666668 -11.981666666666667 50
endloop
endfacet
facet normal 0.5955355132591585 0.8031238509684714 -0.018153028747931482
outer loop
vertex -9.832916666666668 -11.981666666666667 50
vertex -9.19875 -11.20875 105
vertex -8.055833333333334 -12.05625 105
endloop
endfacet
facet normal 0.5956860049656958 0.8030121225560558 -0.018158042736675453
outer loop
vertex -9.832916666666668 -11.981666666666667 50
vertex -8.055833333333334 -12.05625 105
vertex -8.61125 -12.887916666666667 50
endloop
endfacet
facet normal 0.5141095085281043 0.8575323180403279 -0.01815865516421559
outer loop
vertex -8.61125 -12.887916666666667 50
vertex -8.055833333333334 -12.05625 105
vertex -6.835416666666667 -12.787916666666668 105
endloop
endfacet
facet normal 0.5138872090494203 0.8576656991117989 -0.01815172009663227
outer loop
vertex -8.61125 -12.887916666666667 50
vertex -6.835416666666667 -12.787916666666668 105
vertex -7.3066666666666675 -13.669583333333334 50
endloop
endfacet
facet normal 0.42736140428823965 0.9038986413986894 -0.01815147934431534
outer loop
vertex -7.3066666666666675 -13.669583333333334 50
vertex -6.835416666666667 -12.787916666666668 105
vertex -5.54875 -13.39625 105
endloop
endfacet
facet normal 0.427533011072996 0.90381738407488 -0.01815656043689464
outer loop
vertex -7.3066666666666675 -13.669583333333334 50
vertex -5.54875 -13.39625 105
vertex -5.931666666666667 -14.32 50
endloop
endfacet
facet normal 0.33700422619009485 0.9413280514345379 -0.018156296771962635
outer loop
vertex -5.931666666666667 -14.32 50
vertex -5.54875 -13.39625 105
vertex -4.2091666666666665 -13.875833333333334 105
endloop
endfacet
facet normal 0.33688817949235966 0.9413696527766159 -0.018152998362737018
outer loop
vertex -5.931666666666667 -14.32 50
vertex -4.2091666666666665 -13.875833333333334 105
vertex -4.499583333333334 -14.832500000000001 50
endloop
endfacet
facet normal 0.24270231481276955 0.9699309637813085 -0.018152462168684737
outer loop
vertex -4.499583333333334 -14.832500000000001 50
vertex -4.2091666666666665 -13.875833333333334 105
vertex -2.8287500000000003 -14.221250000000001 105
endloop
endfacet
facet normal 0.242882196993892 0.9698858418854188 -0.018157425302965276
outer loop
vertex -4.499583333333334 -14.832500000000001 50
vertex -2.8287500000000003 -14.221250000000001 105
vertex -3.02375 -15.202083333333334 50
endloop
endfacet
facet normal 0.14668366220351492 0.9890167882704052 -0.01815752631439226
outer loop
vertex -3.02375 -15.202083333333334 50
vertex -2.8287500000000003 -14.221250000000001 105
vertex -1.4212500000000001 -14.430000000000001 105
endloop
endfacet
facet normal 0.14680241557244825 0.9889991093882687 -0.018160738181728003
outer loop
vertex -3.02375 -15.202083333333334 50
vertex -1.4212500000000001 -14.430000000000001 105
vertex -1.5191666666666668 -15.425416666666667 50
endloop
endfacet
facet normal 0.049184675596431846 0.998624574163264 -0.018161155351827246
outer loop
vertex -1.5191666666666668 -15.425416666666667 50
vertex -1.4212500000000001 -14.430000000000001 105
vertex 0 -14.500000000000002 105
endloop
endfacet
facet normal 0.04902775471403466 0.9986323669685303 -0.01815695212670055
outer loop
vertex -1.5191666666666668 -15.425416666666667 50
vertex 0 -14.500000000000002 105
vertex 0 -15.500000000000002 50
endloop
endfacet
facet normal -0.04918467947706345 0.9986246529539451 -0.01815681187188991
outer loop
vertex 0 -15.500000000000002 50
vertex 0 -14.500000000000002 105
vertex 1.4212500000000001 -14.430000000000001 105
endloop
endfacet
facet normal -0.04902775109508123 0.998632293255099 -0.018161015682528578
outer loop
vertex 0 -15.500000000000002 50
vertex 1.4212500000000001 -14.430000000000001 105
vertex 1.5191666666666668 -15.425416666666667 50
endloop
endfacet
facet normal -0.14668365335908215 0.9890167286366851 -0.018160845630700168
outer loop
vertex 1.5191666666666668 -15.425416666666667 50
vertex 1.4212500000000001 -14.430000000000001 105
vertex 2.8287500000000003 -14.221250000000001 105
endloop
endfacet
facet normal -0.1468024238527445 0.9889991651721303 -0.018157633099835445
outer loop
vertex 1.5191666666666668 -15.425416666666667 50
vertex 2.8287500000000003 -14.221250000000001 105
vertex 3.02375 -15.202083333333334 50
endloop
endfacet
facet normal -0.24270229220842857 0.9699308734457454 -0.01815759052155173
outer loop
vertex 3.02375 -15.202083333333334 50
vertex 2.8287500000000003 -14.221250000000001 105
vertex 4.2091666666666665 -13.875833333333334 105
endloop
endfacet
facet normal -0.24288221815149114 0.9698859263726974 -0.01815262873487351
outer loop
vertex 3.02375 -15.202083333333334 50
vertex 4.2091666666666665 -13.875833333333334 105
vertex 4.499583333333334 -14.832500000000001 50
endloop
endfacet
facet normal -0.33700424704853565 0.9413281096968207 -0.018152888636793416
outer loop
vertex 4.499583333333334 -14.832500000000001 50
vertex 4.2091666666666665 -13.875833333333334 105
vertex 5.54875 -13.39625 105
endloop
endfacet
facet normal -0.33688815998704996 0.9413695982727545 -0.01815618650302118
outer loop
vertex 4.499583333333334 -14.832500000000001 50
vertex 5.54875 -13.39625 105
vertex 5.931666666666667 -14.32 50
endloop
endfacet
facet normal -0.42736136354830917 0.9038985552309458 -0.018156728712484114
outer loop
vertex 5.931666666666667 -14.32 50
vertex 5.54875 -13.39625 105
vertex 6.835416666666667 -12.787916666666668 105
endloop
endfacet
facet normal -0.42753304920758256 0.9038174646925197 -0.018151648741993532
outer loop
vertex 5.931666666666667 -14.32 50
vertex 6.835416666666667 -12.787916666666668 105
vertex 7.3066666666666675 -13.669583333333334 50
endloop
endfacet
facet normal -0.5141095754367464 0.8575324296436383 -0.01815148902230983
outer loop
vertex 7.3066666666666675 -13.669583333333334 50
vertex 6.835416666666667 -12.787916666666668 105
vertex 8.055833333333334 -12.05625 105
endloop
endfacet
facet normal -0.5138871464748124 0.8576655946762459 -0.018158424948672057
outer loop
vertex 7.3066666666666675 -13.669583333333334 50
vertex 8.055833333333334 -12.05625 105
vertex 8.61125 -12.887916666666667 50
endloop
endfacet
facet normal -0.5955354572111481 0.8031237753835688 -0.018158210758545935
outer loop
vertex 8.61125 -12.887916666666667 50
vertex 8.055833333333334 -12.05625 105
vertex 9.19875 -11.20875 105
endloop
endfacet
facet normal -0.5956860574067501 0.8030121932490081 -0.018153195438257462
outer loop
vertex 8.61125 -12.887916666666667 50
vertex 9.19875 -11.20875 105
vertex 9.832916666666668 -11.981666666666667 50
endloop
endfacet
facet normal -0.6715996384636465 0.740691841897571 -0.01815271224592171
outer loop
vertex 9.832916666666668 -11.981666666666667 50
vertex 9.19875 -11.20875 105
vertex 10.252916666666668 -10.252916666666668 105
endloop
endfacet
facet normal -0.6714980050783091 0.7407838922254594 -0.01815638166457951
outer loop
vertex 9.832916666666668 -11.981666666666667 50
vertex 10.252916666666668 -10.252916666666668 105
vertex 10.96 -10.96 50
endloop
endfacet
facet normal -0.7406917908983403 0.6715995922216564 -0.018156503614807834
outer loop
vertex 10.96 -10.96 50
vertex 10.252916666666668 -10.252916666666668 105
vertex 11.20875 -9.19875 105
endloop
endfacet
facet normal -0.7407839399371586 0.6714980483275094 -0.018152835137408334
outer loop
vertex 10.96 -10.96 50
vertex 11.20875 -9.19875 105
vertex 11.981666666666667 -9.832916666666668 50
endloop
endfacet
facet normal -0.8031238509684714 0.5955355132591585 -0.018153028747931482
outer loop
vertex 11.981666666666667 -9.832916666666668 50
vertex 11.20875 -9.19875 105
vertex 12.05625 -8.055833333333334 105
endloop
endfacet
facet normal -0.8030121225560558 0.5956860049656958 -0.018158042736675453
outer loop
vertex 11.981666666666667 -9.832916666666668 50
vertex 12.05625 -8.055833333333334 105
vertex 12.887916666666667 -8.61125 50
endloop
endfacet
facet normal -0.8575323180403279 0.5141095085281043 -0.01815865516421559
outer loop
vertex 12.887916666666667 -8.61125 50
vertex 12.05625 -8.055833333333334 105
vertex 12.787916666666668 -6.835416666666667 105
endloop
endfacet
facet normal -0.8576656991117989 0.5138872090494203 -0.01815172009663227
outer loop
vertex 12.887916666666667 -8.61125 50
vertex 12.787916666666668 -6.835416666666667 105
vertex 13.669583333333334 -7.3066666666666675 50
endloop
endfacet
facet normal -0.9038986413986894 0.42736140428823965 -0.01815147934431534
outer loop
vertex 13.669583333333334 -7.3066666666666675 50
vertex 12.787916666666668 -6.835416666666667 105
vertex 13.39625 -5.54875 105
endloop
endfacet
facet normal -0.90381738407488 0.427533011072996 -0.01815656043689464
outer loop
vertex 13.669583333333334 -7.3066666666666675 50
vertex 13.39625 -5.54875 105
vertex 14.32 -5.931666666666667 50
endloop
endfacet
facet normal -0.9413280514345379 0.33700422619009485 -0.018156296771962635
outer loop
vertex 14.32 -5.931666666666667 50
vertex 13.39625 -5.54875 105
vertex 13.875833333333334 -4.2091666666666665 105
endloop
endfacet
facet normal -0.9413696527766159 0.33688817949235966 -0.018152998362737018
outer loop
vertex 14.32 -5.931666666666667 50
vertex 13.875833333333334 -4.2091666666666665 105
vertex 14.832500000000001 -4.499583333333334 50
endloop
endfacet
facet normal -0.9699309637813085 0.24270231481276955 -0.018152462168684737
outer loop
vertex 14.832500000000001 -4.499583333333334 50
vertex 13.875833333333334 -4.2091666666666665 105
vertex 14.221250000000001 -2.8287500000000003 105
endloop
endfacet
facet normal -0.9698858418854188 0.242882196993892 -0.018157425302965276
outer loop
vertex 14.832500000000001 -4.499583333333334 50
vertex 14.221250000000001 -2.8287500000000003 105
vertex 15.202083333333334 -3.02375 50
endloop
endfacet
facet normal -0.9890167882704052 0.14668366220351492 -0.01815752631439226
outer loop
vertex 15.202083333333334 -3.02375 50
vertex 14.221250000000001 -2.8287500000000003 105
vertex 14.430000000000001 -1.4212500000000001 105
endloop
endfacet
facet normal -0.9889991093882687 0.14680241557244825 -0.018160738181728003
outer loop
vertex 15.202083333333334 -3.02375 50
vertex 14.430000000000001 -1.4212500000000001 105
vertex 15.425416666666667 -1.5191666666666668 50
endloop
endfacet
facet normal -0.998624574163264 0.049184675596431846 -0.018161155351827246
outer loop
vertex 15.425416666666667 -1.5191666666666668 50
vertex 14.430000000000001 -1.4212500000000001 105
vertex 14.500000000000002 0 105
endloop
endfacet
facet normal -0.9986323669685303 0.04902775471403466 -0.01815695212670055
outer loop
vertex 15.425416666666667 -1.5191666666666668 50
vertex 14.500000000000002 0 105
vertex 15.500000000000002 0 50
endloop
endfacet
facet normal 0 0 1
outer loop
vertex 0 15.455416666666668 105
vertex 0 16.5 105
vertex -1.6170833333333334 16.420416666666668 105
endloop
endfacet
facet normal 0 0 1
outer loop
vertex 0 15.455416666666668 105
vertex -1.6170833333333334 16.420416666666668 105
vertex -3.2191666666666667 16.182916666666667 105
endloop
endfacet
facet normal 0 0 1
outer loop
vertex 0 15.455416666666668 105
vertex -3.2191666666666667 16.182916666666667 105
vertex -4.789583333333334 15.789583333333335 105
endloop
endfacet
facet normal 0 0 0.9999999999999999
outer loop
vertex 0 15.455416666666668 105
vertex -4.789583333333334 15.789583333333335 105
vertex -6.314166666666667 15.244166666666668 105
endloop
endfacet
facet normal 0 0 1
outer loop
vertex 0 15.455416666666668 105
vertex -6.314166666666667 15.244166666666668 105
vertex -7.777916666666667 14.551666666666668 105
endloop
endfacet
facet normal 0 0 1
outer loop
vertex 0 15.455416666666668 105
vertex -7.777916666666667 14.551666666666668 105
vertex -7.864166666666667 14.500000000000002 105
endloop
endfacet
facet normal 0 0 1
outer loop
vertex 0 15.455416666666668 105
vertex -7.864166666666667 14.500000000000002 105
vertex 0 14.500000000000002 105
endloop
endfacet
facet normal 0 0 1
outer loop
vertex 0 15.455416666666668 105
vertex 0 14.500000000000002 105
vertex 7.864166666666667 14.500000000000002 105
endloop
endfacet
facet normal 0 0 1
outer loop
vertex 0 15.455416666666668 105
vertex 7.864166666666667 14.500000000000002 105
vertex 7.777916666666667 14.551666666666668 105
endloop
endfacet
facet normal 0 0 1
outer loop
vertex 0 15.455416666666668 105
vertex 7.777916666666667 14.551666666666668 105
vertex 6.314166666666667 15.244166666666668 105
endloop
endfacet
facet normal 0 0 0.9999999999999999
outer loop
vertex 0 15.455416666666668 105
vertex 6.314166666666667 15.244166666666668 105
vertex 4.789583333333334 15.789583333333335 105
endloop
endfacet
facet normal 0 0 1
outer loop
vertex 0 15.455416666666668 105
vertex 4.789583333333334 15.789583333333335 105
vertex 3.2191666666666667 16.182916666666667 105
endloop
endfacet
facet normal 0 0 1
outer loop
vertex 0 15.455416666666668 105
vertex 3.2191666666666667 16.182916666666667 105
vertex 1.6170833333333334 16.420416666666668 105
endloop
endfacet
facet normal 0 0 1
outer loop
vertex 0 15.455416666666668 105
vertex 1.6170833333333334 16.420416666666668 105
vertex 0 16.5 105
endloop
endfacet
facet normal 0 0 1
outer loop
vertex -7.864166666666667 14.500000000000002 105
vertex -7.980833333333334 14.430000000000001 105
vertex -1.4212500000000001 14.430000000000001 105
endloop
endfacet
facet normal 0 0 1
outer loop
vertex -7.864166666666667 14.500000000000002 105
vertex -1.4212500000000001 14.430000000000001 105
vertex 0 14.500000000000002 105
endloop
endfacet
facet normal 0 0 1
outer loop
vertex 0 14.500000000000002 105
vertex 1.4212500000000001 14.430000000000001 105
vertex 7.980833333333334 14.430000000000001 105
endloop
endfacet
facet normal 0 0 1
outer loop
vertex 0 14.500000000000002 105
vertex 7.980833333333334 14.430000000000001 105
vertex 7.864166666666667 14.500000000000002 105
endloop
endfacet
facet normal 0 0 1
outer loop
vertex -7.980833333333334 14.430000000000001 105
vertex -8.329166666666667 14.221250000000001 105
vertex -2.8287500000000003 14.221250000000001 105
endloop
endfacet
facet normal 0 0 1
outer loop
vertex -7.980833333333334 14.430000000000001 105
vertex -2.8287500000000003 14.221250000000001 105
vertex -1.4212500000000001 14.430000000000001 105
endloop
endfacet
facet normal 0 0 1
outer loop
vertex 1.4212500000000001 14.430000000000001 105
vertex 2.8287500000000003 14.221250000000001 105
vertex 8.329166666666667 14.221250000000001 105
endloop
endfacet
facet normal 0 0 1
outer loop
vertex 1.4212500000000001 14.430000000000001 105
vertex 8.329166666666667 14.221250000000001 105
vertex 7.980833333333334 14.430000000000001 105
endloop
endfacet
facet normal 0 0 1
outer loop
vertex -8.329166666666667 14.221250000000001 105
vertex -8.905833333333334 13.875833333333334 105
vertex -4.2091666666666665 13.875833333333334 105
endloop
endfacet
facet normal 0 0 1
outer loop
vertex -8.329166666666667 14.221250000000001 105
vertex -4.2091666666666665 13.875833333333334 105
vertex -2.8287500000000003 14.221250000000001 105
endloop
endfacet
facet normal 0 0 0.9999999999999999
outer loop
vertex 2.8287500000000003 14.221250000000001 105
vertex 4.2091666666666665 13.875833333333334 105
vertex 8.905833333333334 13.875833333333334 105
endloop
endfacet
facet normal 0 0 1
outer loop
vertex 2.8287500000000003 14.221250000000001 105
vertex 8.905833333333334 13.875833333333334 105
vertex 8.329166666666667 14.221250000000001 105
endloop
endfacet
facet normal 0 0 1
outer loop
vertex -7.486666666666667 13.652500000000002 105
vertex -8.905833333333334 13.875833333333334 105
vertex -9.167083333333334 13.719166666666668 105
endloop
endfacet
facet normal 0 0 1
outer loop
vertex -7.486666666666667 13.652500000000002 105
vertex -9.167083333333334 13.719166666666668 105
vertex -9.602500000000001 13.39625 105
endloop
endfacet
facet normal 0 0 1
outer loop
vertex -7.486666666666667 13.652500000000002 105
vertex -9.602500000000001 13.39625 105
vertex -5.54875 13.39625 105
endloop
endfacet
facet normal 0 0 1
outer loop
vertex -7.486666666666667 13.652500000000002 105
vertex -5.54875 13.39625 105
vertex -4.2091666666666665 13.875833333333334 105
endloop
endfacet
facet normal 0 0 1
outer loop
vertex -7.486666666666667 13.652500000000002 105
vertex -4.2091666666666665 13.875833333333334 105
vertex -8.905833333333334 13.875833333333334 105
endloop
endfacet
facet normal 0 0 1
outer loop
vertex 7.486666666666667 13.652500000000002 105
vertex 4.2091666666666665 13.875833333333334 105
vertex 5.54875 13.39625 105
endloop
endfacet
facet normal 0 0 1
outer loop
vertex 7.486666666666667 13.652500000000002 105
vertex 5.54875 13.39625 105
vertex 9.602500000000001 13.39625 105
endloop
endfacet
facet normal 0 0 1
outer loop
vertex 7.486666666666667 13.652500000000002 105
vertex 9.602500000000001 13.39625 105
vertex 9.167083333333334 13.719166666666668 105
endloop
endfacet
facet normal 0 0 1
outer loop
vertex 7.486666666666667 13.652500000000002 105
vertex 9.167083333333334 13.719166666666668 105
vertex 8.905833333333334 13.875833333333334 105
endloop
endfacet
facet normal 0 0 1
outer loop
vertex 7.486666666666667 13.652500000000002 105
vertex 8.905833333333334 13.875833333333334 105
vertex 4.2091666666666665 13.875833333333334 105
endloop
endfacet
facet normal 0 0 1
outer loop
vertex -9.602500000000001 13.39625 105
vertex -10.422916666666667 12.787916666666668 105
vertex -6.835416666666667 12.787916666666668 105
endloop
endfacet
facet normal 0 0 1
outer loop
vertex -9.602500000000001 13.39625 105
vertex -6.835416666666667 12.787916666666668 105
vertex -5.54875 13.39625 105
endloop
endfacet
facet normal 0 0 1
outer loop
vertex 5.54875 13.39625 105
vertex 6.835416666666667 12.787916666666668 105
vertex 10.422916666666667 12.787916666666668 105
endloop
endfacet
facet normal 0 0 1
outer loop
vertex 5.54875 13.39625 105
vertex 10.422916666666667 12.787916666666668 105
vertex 9.602500000000001 13.39625 105
endloop
endfacet
facet normal 0 0 0.9999999999999999
outer loop
vertex -9.40375 12.488750000000001 105
vertex -10.422916666666667 12.787916666666668 105
vertex -10.467500000000001 12.754583333333334 105
endloop
endfacet
facet normal 0 0 1
outer loop
vertex -9.40375 12.488750000000001 105
vertex -10.467500000000001 12.754583333333334 105
vertex -11.237916666666667 12.05625 105
endloop
endfacet
facet normal 0 0 1
outer loop
vertex -9.40375 12.488750000000001 105
vertex -11.237916666666667 12.05625 105
vertex -8.055833333333334 12.05625 105
endloop
endfacet
facet normal 0 0 1
outer loop
vertex -9.40375 12.488750000000001 105
vertex -8.055833333333334 12.05625 105
vertex -6.835416666666667 12.787916666666668 105
endloop
endfacet
facet normal 0 0 1
outer loop
vertex -9.40375 12.488750000000001 105
vertex -6.835416666666667 12.787916666666668 105
vertex -10.422916666666667 12.787916666666668 105
endloop
endfacet
facet normal 0 0 1
outer loop
vertex 9.40375 12.488750000000001 105
vertex 6.835416666666667 12.787916666666668 105
vertex 8.055833333333334 12.05625 105
endloop
endfacet
facet normal 0 0 1
outer loop
vertex 9.40375 12.488750000000001 105
vertex 8.055833333333334 12.05625 105
vertex 11.237916666666667 12.05625 105
endloop
endfacet
facet normal 0 0 1
outer loop
vertex 9.40375 12.488750000000001 105
vertex 11.237916666666667 12.05625 105
vertex 10.467500000000001 12.754583333333334 105
endloop
endfacet
facet normal 0 0 0.9999999999999999
outer loop
vertex 9.40375 12.488750000000001 105
vertex 10.467500000000001 12.754583333333334 105
vertex 10.422916666666667 12.787916666666668 105
endloop
endfacet
facet normal 0 0 1
outer loop
vertex 9.40375 12.488750000000001 105
vertex 10.422916666666667 12.787916666666668 105
vertex 6.835416666666667 12.787916666666668 105
endloop
endfacet
facet normal 0 0 0.9999999999999999
outer loop
vertex -10.448333333333334 11.639583333333334 105
vertex -11.237916666666667 12.05625 105
vertex -11.667083333333334 11.667083333333334 105
endloop
endfacet
facet normal 0 0 1
outer loop
vertex -10.448333333333334 11.639583333333334 105
vertex -11.667083333333334 11.667083333333334 105
vertex -12.082916666666668 11.20875 105
endloop
endfacet
facet normal 0 0 1
outer loop
vertex -10.448333333333334 11.639583333333334 105
vertex -12.082916666666668 11.20875 105
vertex -9.19875 11.20875 105
endloop
endfacet
facet normal 0 0 1
outer loop
vertex -10.448333333333334 11.639583333333334 105
vertex -9.19875 11.20875 105
vertex -8.055833333333334 12.05625 105
endloop
endfacet
facet normal 0 0 1
outer loop
vertex -10.448333333333334 11.639583333333334 105
vertex -8.055833333333334 12.05625 105
vertex -11.237916666666667 12.05625 105
endloop
endfacet
facet normal 0 0 1
outer loop
vertex 10.448333333333334 11.639583333333334 105
vertex 8.055833333333334 12.05625 105
vertex 9.19875 11.20875 105
endloop
endfacet
facet normal 0 0 1
outer loop
vertex 10.448333333333334 11.639583333333334 105
vertex 9.19875 11.20875 105
vertex 12.082916666666668 11.20875 105
endloop
endfacet
facet normal 0 0 1
outer loop
vertex 10.448333333333334 11.639583333333334 105
vertex 12.082916666666668 11.20875 105
vertex 11.667083333333334 11.667083333333334 105
endloop
endfacet
facet normal 0 0 0.9999999999999999
outer loop
vertex 10.448333333333334 11.639583333333334 105
vertex 11.667083333333334 11.667083333333334 105
vertex 11.237916666666667 12.05625 105
endloop
endfacet
facet normal 0 0 1
outer loop
vertex 10.448333333333334 11.639583333333334 105
vertex 11.237916666666667 12.05625 105
vertex 8.055833333333334 12.05625 105
endloop
endfacet
facet normal 0 0 1
outer loop
vertex -11.440416666666668 10.678333333333335 105
vertex -12.082916666666668 11.20875 105
vertex -12.754583333333334 10.467500000000001 105
endloop
endfacet
facet normal 0 0 1
outer loop
vertex -11.440416666666668 10.678333333333335 105
vertex -12.754583333333334 10.467500000000001 105
vertex -12.91375 10.252916666666668 105
endloop
endfacet
facet normal 0 0 1
outer loop
vertex -11.440416666666668 10.678333333333335 105
vertex -12.91375 10.252916666666668 105
vertex -10.252916666666668 10.252916666666668 105
endloop
endfacet
facet normal 0 0 1
outer loop
vertex -11.440416666666668 10.678333333333335 105
vertex -10.252916666666668 10.252916666666668 105
vertex -9.19875 11.20875 105
endloop
endfacet
facet normal 0 0 1
outer loop
vertex -11.440416666666668 10.678333333333335 105
vertex -9.19875 11.20875 105
vertex -12.082916666666668 11.20875 105
endloop
endfacet
facet normal 0 0 1
outer loop
vertex 11.440416666666668 10.678333333333335 105
vertex 9.19875 11.20875 105
vertex 10.252916666666668 10.252916666666668 105
endloop
endfacet
facet normal 0 0 1
outer loop
vertex 11.440416666666668 10.678333333333335 105
vertex 10.252916666666668 10.252916666666668 105
vertex 12.91375 10.252916666666668 105
endloop
endfacet
facet normal 0 0 1
outer loop
vertex 11.440416666666668 10.678333333333335 105
vertex 12.91375 10.252916666666668 105
vertex 12.754583333333334 10.467500000000001 105
endloop
endfacet
facet normal 0 0 1
outer loop
vertex 11.440416666666668 10.678333333333335 105
vertex 12.754583333333334 10.467500000000001 105
vertex 12.082916666666668 11.20875 105
endloop
endfacet
facet normal 0 0 1
outer loop
vertex 11.440416666666668 10.678333333333335 105
vertex 12.082916666666668 11.20875 105
vertex 9.19875 11.20875 105
endloop
endfacet
facet normal 0 0 1
outer loop
vertex -12.91375 10.252916666666668 105
vertex -13.695833333333335 9.19875 105
vertex -11.20875 9.19875 105
endloop
endfacet
facet normal 0 0 1
outer loop
vertex -12.91375 10.252916666666668 105
vertex -11.20875 9.19875 105
vertex -10.252916666666668 10.252916666666668 105
endloop
endfacet
facet normal 0 0 1
outer loop
vertex 10.252916666666668 10.252916666666668 105
vertex 11.20875 9.19875 105
vertex 13.695833333333335 9.19875 105
endloop
endfacet
facet normal 0 0 1
outer loop
vertex 10.252916666666668 10.252916666666668 105
vertex 13.695833333333335 9.19875 105
vertex 12.91375 10.252916666666668 105
endloop
endfacet
facet normal 0 0 1
outer loop
vertex -13.012916666666667 8.735416666666667 105
vertex -13.695833333333335 9.19875 105
vertex -13.719166666666668 9.167083333333334 105
endloop
endfacet
facet normal 0 0 1
outer loop
vertex -13.012916666666667 8.735416666666667 105
vertex -13.719166666666668 9.167083333333334 105
vertex -14.385416666666668 8.055833333333334 105
endloop
endfacet
facet normal 0 0 1
outer loop
vertex -13.012916666666667 8.735416666666667 105
vertex -14.385416666666668 8.055833333333334 105
vertex -12.05625 8.055833333333334 105
endloop
endfacet
facet normal 0 0 1
outer loop
vertex -13.012916666666667 8.735416666666667 105
vertex -12.05625 8.055833333333334 105
vertex -11.20875 9.19875 105
endloop
endfacet
facet normal 0 0 1
outer loop
vertex -13.012916666666667 8.735416666666667 105
vertex -11.20875 9.19875 105
vertex -13.695833333333335 9.19875 105
endloop
endfacet
facet normal 0 0 1
outer loop
vertex 13.012916666666667 8.735416666666667 105
vertex 11.20875 9.19875 105
vertex 12.05625 8.055833333333334 105
endloop
endfacet
facet normal 0 0 1
outer loop
vertex 13.012916666666667 8.735416666666667 105
vertex 12.05625 8.055833333333334 105
vertex 14.385416666666668 8.055833333333334 105
endloop
endfacet
facet normal 0 0 1
outer loop
vertex 13.012916666666667 8.735416666666667 105
vertex 14.385416666666668 8.055833333333334 105
vertex 13.719166666666668 9.167083333333334 105
endloop
endfacet
facet normal 0 0 1
outer loop
vertex 13.012916666666667 8.735416666666667 105
vertex 13.719166666666668 9.167083333333334 105
vertex 13.695833333333335 9.19875 105
endloop
endfacet
facet normal 0 0 1
outer loop
vertex 13.012916666666667 8.735416666666667 105
vertex 13.695833333333335 9.19875 105
vertex 11.20875 9.19875 105
endloop
endfacet
facet normal 0 0 1
outer loop
vertex -13.755833333333333 7.512083333333334 105
vertex -14.385416666666668 8.055833333333334 105
vertex -14.551666666666668 7.777916666666667 105
endloop
endfacet
facet normal 0 0 1
outer loop
vertex -13.755833333333333 7.512083333333334 105
vertex -14.551666666666668 7.777916666666667 105
vertex -14.9975 6.835416666666667 105
endloop
endfacet
facet normal 0 0 1
outer loop
vertex -13.755833333333333 7.512083333333334 105
vertex -14.9975 6.835416666666667 105
vertex -12.787916666666668 6.835416666666667 105
endloop
endfacet
facet normal 0 0 1
outer loop
vertex -13.755833333333333 7.512083333333334 105
vertex -12.787916666666668 6.835416666666667 105
vertex -12.05625 8.055833333333334 105
endloop
endfacet
facet normal 0 0 1
outer loop
vertex -13.755833333333333 7.512083333333334 105
vertex -12.05625 8.055833333333334 105
vertex -14.385416666666668 8.055833333333334 105
endloop
endfacet
facet normal 0 0 1
outer loop
vertex 13.755833333333333 7.512083333333334 105
vertex 12.05625 8.055833333333334 105
vertex 12.787916666666668 6.835416666666667 105
endloop
endfacet
facet normal 0 0 1
outer loop
vertex 13.755833333333333 7.512083333333334 105
vertex 12.787916666666668 6.835416666666667 105
vertex 14.9975 6.835416666666667 105
endloop
endfacet
facet normal 0 0 1
outer loop
vertex 13.755833333333333 7.512083333333334 105
vertex 14.9975 6.835416666666667 105
vertex 14.551666666666668 7.777916666666667 105
endloop
endfacet
facet normal 0 0 1
outer loop
vertex 13.755833333333333 7.512083333333334 105
vertex 14.551666666666668 7.777916666666667 105
vertex 14.385416666666668 8.055833333333334 105
endloop
endfacet
facet normal 0 0 1
outer loop
vertex 13.755833333333333 7.512083333333334 105
vertex 14.385416666666668 8.055833333333334 105
vertex 12.05625 8.055833333333334 105
endloop
endfacet
facet normal 0 0 1
outer loop
vertex -14.388750000000002 6.216666666666667 105
vertex -14.9975 6.835416666666667 105
vertex -15.244166666666668 6.314166666666667 105
endloop
endfacet
facet normal 0 0 1
outer loop
vertex -14.388750000000002 6.216666666666667 105
vertex -15.244166666666668 6.314166666666667 105
vertex -15.517916666666668 5.54875 105
endloop
endfacet
facet normal 0 0 1
outer loop
vertex -14.388750000000002 6.216666666666667 105
vertex -15.517916666666668 5.54875 105
vertex -13.39625 5.54875 105
endloop
endfacet
facet normal 0 0 0.9999999999999999
outer loop
vertex -14.388750000000002 6.216666666666667 105
vertex -13.39625 5.54875 105
vertex -12.787916666666668 6.835416666666667 105
endloop
endfacet
facet normal 0 0 1
outer loop
vertex -14.388750000000002 6.216666666666667 105
vertex -12.787916666666668 6.835416666666667 105
vertex -14.9975 6.835416666666667 105
endloop
endfacet
facet normal 0 0 0.9999999999999999
outer loop
vertex 14.388750000000002 6.216666666666667 105
vertex 12.787916666666668 6.835416666666667 105
vertex 13.39625 5.54875 105
endloop
endfacet
facet normal 0 0 1
outer loop
vertex 14.388750000000002 6.216666666666667 105
vertex 13.39625 5.54875 105
vertex 15.517916666666668 5.54875 105
endloop
endfacet
facet normal 0 0 1
outer loop
vertex 14.388750000000002 6.216666666666667 105
vertex 15.517916666666668 5.54875 105
vertex 15.244166666666668 6.314166666666667 105
endloop
endfacet
facet normal 0 0 1
outer loop
vertex 14.388750000000002 6.216666666666667 105
vertex 15.244166666666668 6.314166666666667 105
vertex 14.9975 6.835416666666667 105
endloop
endfacet
facet normal 0 0 1
outer loop
vertex 14.388750000000002 6.216666666666667 105
vertex 14.9975 6.835416666666667 105
vertex 12.787916666666668 6.835416666666667 105
endloop
endfacet
facet normal 0 0 1
outer loop
vertex -14.902916666666668 4.86125 105
vertex -15.517916666666668 5.54875 105
vertex -15.789583333333335 4.789583333333334 105
endloop
endfacet
facet normal 0 0 1
outer loop
vertex -14.902916666666668 4.86125 105
vertex -15.789583333333335 4.789583333333334 105
vertex -15.935 4.2091666666666665 105
endloop
endfacet
facet normal 0 0 0.9999999999999999
outer loop
vertex -14.902916666666668 4.86125 105
vertex -15.935 4.2091666666666665 105
vertex -13.875833333333334 4.2091666666666665 105
endloop
endfacet
facet normal 0 0 1
outer loop
vertex -14.902916666666668 4.86125 105
vertex -13.875833333333334 4.2091666666666665 105
vertex -13.39625 5.54875 105
endloop
endfacet
facet normal 0 0 1
outer loop
vertex -14.902916666666668 4.86125 105
vertex -13.39625 5.54875 105
vertex -15.517916666666668 5.54875 105
endloop
endfacet
facet normal 0 0 1
outer loop
vertex 14.902916666666668 4.86125 105
vertex 13.39625 5.54875 105
vertex 13.875833333333334 4.2091666666666665 105
endloop
endfacet
facet normal 0 0 0.9999999999999999
outer loop
vertex 14.902916666666668 4.86125 105
vertex 13.875833333333334 4.2091666666666665 105
vertex 15.935 4.2091666666666665 105
endloop
endfacet
facet normal 0 0 1
outer loop
vertex 14.902916666666668 4.86125 105
vertex 15.935 4.2091666666666665 105
vertex 15.789583333333335 4.789583333333334 105
endloop
endfacet
facet normal 0 0 1
outer loop
vertex 14.902916666666668 4.86125 105
vertex 15.789583333333335 4.789583333333334 105
vertex 15.517916666666668 5.54875 105
endloop
endfacet
facet normal 0 0 1
outer loop
vertex 14.902916666666668 4.86125 105
vertex 15.517916666666668 5.54875 105
vertex 13.39625 5.54875 105
endloop
endfacet
facet normal 0 0 1
outer loop
vertex -15.291250000000002 3.459166666666667 105
vertex -15.935 4.2091666666666665 105
vertex -16.182916666666667 3.2191666666666667 105
endloop
endfacet
facet normal 0 0 1
outer loop
vertex -15.291250000000002 3.459166666666667 105
vertex -16.182916666666667 3.2191666666666667 105
vertex -16.240833333333335 2.8287500000000003 105
endloop
endfacet
facet normal 0 0 1
outer loop
vertex -15.291250000000002 3.459166666666667 105
vertex -16.240833333333335 2.8287500000000003 105
vertex -14.221250000000001 2.8287500000000003 105
endloop
endfacet
facet normal 0 0 1
outer loop
vertex -15.291250000000002 3.459166666666667 105
vertex -14.221250000000001 2.8287500000000003 105
vertex -13.875833333333334 4.2091666666666665 105
endloop
endfacet
facet normal 0 0 1
outer loop
vertex -15.291250000000002 3.459166666666667 105
vertex -13.875833333333334 4.2091666666666665 105
vertex -15.935 4.2091666666666665 105
endloop
endfacet
facet normal 0 0 1
outer loop
vertex 15.291250000000002 3.459166666666667 105
vertex 13.875833333333334 4.2091666666666665 105
vertex 14.221250000000001 2.8287500000000003 105
endloop
endfacet
facet normal 0 0 1
outer loop
vertex 15.291250000000002 3.459166666666667 105
vertex 14.221250000000001 2.8287500000000003 105
vertex 16.240833333333335 2.8287500000000003 105
endloop
endfacet
facet normal 0 0 1
outer loop
vertex 15.291250000000002 3.459166666666667 105
vertex 16.240833333333335 2.8287500000000003 105
vertex 16.182916666666667 3.2191666666666667 105
endloop
endfacet
facet normal 0 0 1
outer loop
vertex 15.291250000000002 3.459166666666667 105
vertex 16.182916666666667 3.2191666666666667 105
vertex 15.935 4.2091666666666665 105
endloop
endfacet
facet normal 0 0 1
outer loop
vertex 15.291250000000002 3.459166666666667 105
vertex 15.935 4.2091666666666665 105
vertex 13.875833333333334 4.2091666666666665 105
endloop
endfacet
facet normal 0 0 1
outer loop
vertex -15.548333333333334 2.0233333333333334 105
vertex -16.240833333333335 2.8287500000000003 105
vertex -16.420416666666668 1.6170833333333334 105
endloop
endfacet
facet normal 0 0 1
outer loop
vertex -15.548333333333334 2.0233333333333334 105
vertex -16.420416666666668 1.6170833333333334 105
vertex -16.43 1.4212500000000001 105
endloop
endfacet
facet normal 0 0 1
outer loop
vertex -15.548333333333334 2.0233333333333334 105
vertex -16.43 1.4212500000000001 105
vertex -14.430000000000001 1.4212500000000001 105
endloop
endfacet
facet normal 0 0 1
outer loop
vertex -15.548333333333334 2.0233333333333334 105
vertex -14.430000000000001 1.4212500000000001 105
vertex -14.221250000000001 2.8287500000000003 105
endloop
endfacet
facet normal 0 0 1
outer loop
vertex -15.548333333333334 2.0233333333333334 105
vertex -14.221250000000001 2.8287500000000003 105
vertex -16.240833333333335 2.8287500000000003 105
endloop
endfacet
facet normal 0 0 1
outer loop
vertex 15.548333333333334 2.0233333333333334 105
vertex 14.221250000000001 2.8287500000000003 105
vertex 14.430000000000001 1.4212500000000001 105
endloop
endfacet
facet normal 0 0 1
outer loop
vertex 15.548333333333334 2.0233333333333334 105
vertex 14.430000000000001 1.4212500000000001 105
vertex 16.43 1.4212500000000001 105
endloop
endfacet
facet normal 0 0 1
outer loop
vertex 15.548333333333334 2.0233333333333334 105
vertex 16.43 1.4212500000000001 105
vertex 16.420416666666668 1.6170833333333334 105
endloop
endfacet
facet normal 0 0 1
outer loop
vertex 15.548333333333334 2.0233333333333334 105
vertex 16.420416666666668 1.6170833333333334 105
vertex 16.240833333333335 2.8287500000000003 105
endloop
endfacet
facet normal 0 0 1
outer loop
vertex 15.548333333333334 2.0233333333333334 105
vertex 16.240833333333335 2.8287500000000003 105
vertex 14.221250000000001 2.8287500000000003 105
endloop
endfacet
facet normal 0 0 1
outer loop
vertex -16.43 1.4212500000000001 105
vertex -16.5 0 105
vertex -14.500000000000002 0 105
endloop
endfacet
facet normal 0 0 1
outer loop
vertex -16.43 1.4212500000000001 105
vertex -14.500000000000002 0 105
vertex -14.430000000000001 1.4212500000000001 105
endloop
endfacet
facet normal 0 0 1
outer loop
vertex 14.430000000000001 1.4212500000000001 105
vertex 14.500000000000002 0 105
vertex 16.5 0 105
endloop
endfacet
facet normal 0 0 1
outer loop
vertex 14.430000000000001 1.4212500000000001 105
vertex 16.5 0 105
vertex 16.43 1.4212500000000001 105
endloop
endfacet
facet normal 0 0 1
outer loop
vertex -16.5 0 105
vertex -16.43 -1.4212500000000001 105
vertex -14.430000000000001 -1.4212500000000001 105
endloop
endfacet
facet normal 0 0 1
outer loop
vertex -16.5 0 105
vertex -14.430000000000001 -1.4212500000000001 105
vertex -14.500000000000002 0 105
endloop
endfacet
facet normal 0 0 1
outer loop
vertex 14.500000000000002 0 105
vertex 14.430000000000001 -1.4212500000000001 105
vertex 16.43 -1.4212500000000001 105
endloop
endfacet
facet normal 0 0 1
outer loop
vertex 14.500000000000002 0 105
vertex 16.43 -1.4212500000000001 105
vertex 16.5 0 105
endloop
endfacet
facet normal 0 0 1
outer loop
vertex -15.548333333333334 -2.0233333333333334 105
vertex -16.43 -1.4212500000000001 105
vertex -16.420416666666668 -1.6170833333333334 105
endloop
endfacet
facet normal 0 0 1
outer loop
vertex -15.548333333333334 -2.0233333333333334 105
vertex -16.420416666666668 -1.6170833333333334 105
vertex -16.240833333333335 -2.8287500000000003 105
endloop
endfacet
facet normal 0 0 1
outer loop
vertex -15.548333333333334 -2.0233333333333334 105
vertex -16.240833333333335 -2.8287500000000003 105
vertex -14.221250000000001 -2.8287500000000003 105
endloop
endfacet
facet normal 0 0 1
outer loop
vertex -15.548333333333334 -2.0233333333333334 105
vertex -14.221250000000001 -2.8287500000000003 105
vertex -14.430000000000001 -1.4212500000000001 105
endloop
endfacet
facet normal 0 0 1
outer loop
vertex -15.548333333333334 -2.0233333333333334 105
vertex -14.430000000000001 -1.4212500000000001 105
vertex -16.43 -1.4212500000000001 105
endloop
endfacet
facet normal 0 0 1
outer loop
vertex 15.548333333333334 -2.0233333333333334 105
vertex 14.430000000000001 -1.4212500000000001 105
vertex 14.221250000000001 -2.8287500000000003 105
endloop
endfacet
facet normal 0 0 1
outer loop
vertex 15.548333333333334 -2.0233333333333334 105
vertex 14.221250000000001 -2.8287500000000003 105
vertex 16.240833333333335 -2.8287500000000003 105
endloop
endfacet
facet normal 0 0 1
outer loop
vertex 15.548333333333334 -2.0233333333333334 105
vertex 16.240833333333335 -2.8287500000000003 105
vertex 16.420416666666668 -1.6170833333333334 105
endloop
endfacet
facet normal 0 0 1
outer loop
vertex 15.548333333333334 -2.0233333333333334 105
vertex 16.420416666666668 -1.6170833333333334 105
vertex 16.43 -1.4212500000000001 105
endloop
endfacet
facet normal 0 0 1
outer loop
vertex 15.548333333333334 -2.0233333333333334 105
vertex 16.43 -1.4212500000000001 105
vertex 14.430000000000001 -1.4212500000000001 105
endloop
endfacet
facet normal 0 0 1
outer loop
vertex -15.291250000000002 -3.459166666666667 105
vertex -16.240833333333335 -2.8287500000000003 105
vertex -16.182916666666667 -3.2191666666666667 105
endloop
endfacet
facet normal 0 0 1
outer loop
vertex -15.291250000000002 -3.459166666666667 105
vertex -16.182916666666667 -3.2191666666666667 105
vertex -15.935 -4.2091666666666665 105
endloop
endfacet
facet normal 0 0 1
outer loop
vertex -15.291250000000002 -3.459166666666667 105
vertex -15.935 -4.2091666666666665 105
vertex -13.875833333333334 -4.2091666666666665 105
endloop
endfacet
facet normal 0 0 1
outer loop
vertex -15.291250000000002 -3.459166666666667 105
vertex -13.875833333333334 -4.2091666666666665 105
vertex -14.221250000000001 -2.8287500000000003 105
endloop
endfacet
facet normal 0 0 1
outer loop
vertex -15.291250000000002 -3.459166666666667 105
vertex -14.221250000000001 -2.8287500000000003 105
vertex -16.240833333333335 -2.8287500000000003 105
endloop
endfacet
facet normal 0 0 1
outer loop
vertex 15.291250000000002 -3.459166666666667 105
vertex 14.221250000000001 -2.8287500000000003 105
vertex 13.875833333333334 -4.2091666666666665 105
endloop
endfacet
facet normal 0 0 1
outer loop
vertex 15.291250000000002 -3.459166666666667 105
vertex 13.875833333333334 -4.2091666666666665 105
vertex 15.935 -4.2091666666666665 105
endloop
endfacet
facet normal 0 0 1
outer loop
vertex 15.291250000000002 -3.459166666666667 105
vertex 15.935 -4.2091666666666665 105
vertex 16.182916666666667 -3.2191666666666667 105
endloop
endfacet
facet normal 0 0 1
outer loop
vertex 15.291250000000002 -3.459166666666667 105
vertex 16.182916666666667 -3.2191666666666667 105
vertex 16.240833333333335 -2.8287500000000003 105
endloop
endfacet
facet normal 0 0 1
outer loop
vertex 15.291250000000002 -3.459166666666667 105
vertex 16.240833333333335 -2.8287500000000003 105
vertex 14.221250000000001 -2.8287500000000003 105
endloop
endfacet
facet normal 0 0 1
outer loop
vertex -14.902916666666668 -4.86125 105
vertex -15.935 -4.2091666666666665 105
vertex -15.789583333333335 -4.789583333333334 105
endloop
endfacet
facet normal 0 0 1
outer loop
vertex -14.902916666666668 -4.86125 105
vertex -15.789583333333335 -4.789583333333334 105
vertex -15.517916666666668 -5.54875 105
endloop
endfacet
facet normal 0 0 1
outer loop
vertex -14.902916666666668 -4.86125 105
vertex -15.517916666666668 -5.54875 105
vertex -13.39625 -5.54875 105
endloop
endfacet
facet normal 0 0 1
outer loop
vertex -14.902916666666668 -4.86125 105
vertex -13.39625 -5.54875 105
vertex -13.875833333333334 -4.2091666666666665 105
endloop
endfacet
facet normal 0 0 0.9999999999999999
outer loop
vertex -14.902916666666668 -4.86125 105
vertex -13.875833333333334 -4.2091666666666665 105
vertex -15.935 -4.2091666666666665 105
endloop
endfacet
facet normal 0 0 1
outer loop
vertex 14.902916666666668 -4.86125 105
vertex 13.875833333333334 -4.2091666666666665 105
vertex 13.39625 -5.54875 105
endloop
endfacet
facet normal 0 0 1
outer loop
vertex 14.902916666666668 -4.86125 105
vertex 13.39625 -5.54875 105
vertex 15.517916666666668 -5.54875 105
endloop
endfacet
facet normal 0 0 1
outer loop
vertex 14.902916666666668 -4.86125 105
vertex 15.517916666666668 -5.54875 105
vertex 15.789583333333335 -4.789583333333334 105
endloop
endfacet
facet normal 0 0 1
outer loop
vertex 14.902916666666668 -4.86125 105
vertex 15.789583333333335 -4.789583333333334 105
vertex 15.935 -4.2091666666666665 105
endloop
endfacet
facet normal 0 0 0.9999999999999999
outer loop
vertex 14.902916666666668 -4.86125 105
vertex 15.935 -4.2091666666666665 105
vertex 13.875833333333334 -4.2091666666666665 105
endloop
endfacet
facet normal 0 0 1
outer loop
vertex -14.388750000000002 -6.216666666666667 105
vertex -15.517916666666668 -5.54875 105
vertex -15.244166666666668 -6.314166666666667 105
endloop
endfacet
facet normal 0 0 1
outer loop
vertex -14.388750000000002 -6.216666666666667 105
vertex -15.244166666666668 -6.314166666666667 105
vertex -14.9975 -6.835416666666667 105
endloop
endfacet
facet normal 0 0 1
outer loop
vertex -14.388750000000002 -6.216666666666667 105
vertex -14.9975 -6.835416666666667 105
vertex -12.787916666666668 -6.835416666666667 105
endloop
endfacet
facet normal 0 0 0.9999999999999999
outer loop
vertex -14.388750000000002 -6.216666666666667 105
vertex -12.787916666666668 -6.835416666666667 105
vertex -13.39625 -5.54875 105
endloop
endfacet
facet normal 0 0 1
outer loop
vertex -14.388750000000002 -6.216666666666667 105
vertex -13.39625 -5.54875 105
vertex -15.517916666666668 -5.54875 105
endloop
endfacet
facet normal 0 0 0.9999999999999999
outer loop
vertex 14.388750000000002 -6.216666666666667 105
vertex 13.39625 -5.54875 105
vertex 12.787916666666668 -6.835416666666667 105
endloop
endfacet
facet normal 0 0 1
outer loop
vertex 14.388750000000002 -6.216666666666667 105
vertex 12.787916666666668 -6.835416666666667 105
vertex 14.9975 -6.835416666666667 105
endloop
endfacet
facet normal 0 0 1
outer loop
vertex 14.388750000000002 -6.216666666666667 105
vertex 14.9975 -6.835416666666667 105
vertex 15.244166666666668 -6.314166666666667 105
endloop
endfacet
facet normal 0 0 1
outer loop
vertex 14.388750000000002 -6.216666666666667 105
vertex 15.244166666666668 -6.314166666666667 105
vertex 15.517916666666668 -5.54875 105
endloop
endfacet
facet normal 0 0 1
outer loop
vertex 14.388750000000002 -6.216666666666667 105
vertex 15.517916666666668 -5.54875 105
vertex 13.39625 -5.54875 105
endloop
endfacet
facet normal 0 0 1
outer loop
vertex -13.755833333333333 -7.512083333333334 105
vertex -14.9975 -6.835416666666667 105
vertex -14.551666666666668 -7.777916666666667 105
endloop
endfacet
facet normal 0 0 1
outer loop
vertex -13.755833333333333 -7.512083333333334 105
vertex -14.551666666666668 -7.777916666666667 105
vertex -14.385416666666668 -8.055833333333334 105
endloop
endfacet
facet normal 0 0 1
outer loop
vertex -13.755833333333333 -7.512083333333334 105
vertex -14.385416666666668 -8.055833333333334 105
vertex -12.05625 -8.055833333333334 105
endloop
endfacet
facet normal 0 0 1
outer loop
vertex -13.755833333333333 -7.512083333333334 105
vertex -12.05625 -8.055833333333334 105
vertex -12.787916666666668 -6.835416666666667 105
endloop
endfacet
facet normal 0 0 1
outer loop
vertex -13.755833333333333 -7.512083333333334 105
vertex -12.787916666666668 -6.835416666666667 105
vertex -14.9975 -6.835416666666667 105
endloop
endfacet
facet normal 0 0 1
outer loop
vertex 13.755833333333333 -7.512083333333334 105
vertex 12.787916666666668 -6.835416666666667 105
vertex 12.05625 -8.055833333333334 105
endloop
endfacet
facet normal 0 0 1
outer loop
vertex 13.755833333333333 -7.512083333333334 105
vertex 12.05625 -8.055833333333334 105
vertex 14.385416666666668 -8.055833333333334 105
endloop
endfacet
facet normal 0 0 1
outer loop
vertex 13.755833333333333 -7.512083333333334 105
vertex 14.385416666666668 -8.055833333333334 105
vertex 14.551666666666668 -7.777916666666667 105
endloop
endfacet
facet normal 0 0 1
outer loop
vertex 13.755833333333333 -7.512083333333334 105
vertex 14.551666666666668 -7.777916666666667 105
vertex 14.9975 -6.835416666666667 105
endloop
endfacet
facet normal 0 0 1
outer loop
vertex 13.755833333333333 -7.512083333333334 105
vertex 14.9975 -6.835416666666667 105
vertex 12.787916666666668 -6.835416666666667 105
endloop
endfacet
facet normal 0 0 1
outer loop
vertex -13.012916666666667 -8.735416666666667 105
vertex -14.385416666666668 -8.055833333333334 105
vertex -13.719166666666668 -9.167083333333334 105
endloop
endfacet
facet normal 0 0 1
outer loop
vertex -13.012916666666667 -8.735416666666667 105
vertex -13.719166666666668 -9.167083333333334 105
vertex -13.695833333333335 -9.19875 105
endloop
endfacet
facet normal 0 0 1
outer loop
vertex -13.012916666666667 -8.735416666666667 105
vertex -13.695833333333335 -9.19875 105
vertex -11.20875 -9.19875 105
endloop
endfacet
facet normal 0 0 1
outer loop
vertex -13.012916666666667 -8.735416666666667 105
vertex -11.20875 -9.19875 105
vertex -12.05625 -8.055833333333334 105
endloop
endfacet
facet normal 0 0 1
outer loop
vertex -13.012916666666667 -8.735416666666667 105
vertex -12.05625 -8.055833333333334 105
vertex -14.385416666666668 -8.055833333333334 105
endloop
endfacet
facet normal 0 0 1
outer loop
vertex 13.012916666666667 -8.735416666666667 105
vertex 12.05625 -8.055833333333334 105
vertex 11.20875 -9.19875 105
endloop
endfacet
facet normal 0 0 1
outer loop
vertex 13.012916666666667 -8.735416666666667 105
vertex 11.20875 -9.19875 105
vertex 13.695833333333335 -9.19875 105
endloop
endfacet
facet normal 0 0 1
outer loop
vertex 13.012916666666667 -8.735416666666667 105
vertex 13.695833333333335 -9.19875 105
vertex 13.719166666666668 -9.167083333333334 105
endloop
endfacet
facet normal 0 0 1
outer loop
vertex 13.012916666666667 -8.735416666666667 105
vertex 13.719166666666668 -9.167083333333334 105
vertex 14.385416666666668 -8.055833333333334 105
endloop
endfacet
facet normal 0 0 1
outer loop
vertex 13.012916666666667 -8.735416666666667 105
vertex 14.385416666666668 -8.055833333333334 105
vertex 12.05625 -8.055833333333334 105
endloop
endfacet
facet normal 0 0 1
outer loop
vertex -13.695833333333335 -9.19875 105
vertex -12.91375 -10.252916666666668 105
vertex -10.252916666666668 -10.252916666666668 105
endloop
endfacet
facet normal 0 0 1
outer loop
vertex -13.695833333333335 -9.19875 105
vertex -10.252916666666668 -10.252916666666668 105
vertex -11.20875 -9.19875 105
endloop
endfacet
facet normal 0 0 1
outer loop
vertex 11.20875 -9.19875 105
vertex 10.252916666666668 -10.252916666666668 105
vertex 12.91375 -10.252916666666668 105
endloop
endfacet
facet normal 0 0 1
outer loop
vertex 11.20875 -9.19875 105
vertex 12.91375 -10.252916666666668 105
vertex 13.695833333333335 -9.19875 105
endloop
endfacet
facet normal 0 0 1
outer loop
vertex -11.440416666666668 -10.678333333333335 105
vertex -12.91375 -10.252916666666668 105
vertex -12.754583333333334 -10.467500000000001 105
endloop
endfacet
facet normal 0 0 1
outer loop
vertex -11.440416666666668 -10.678333333333335 105
vertex -12.754583333333334 -10.467500000000001 105
vertex -12.082916666666668 -11.20875 105
endloop
endfacet
facet normal 0 0 1
outer loop
vertex -11.440416666666668 -10.678333333333335 105
vertex -12.082916666666668 -11.20875 105
vertex -9.19875 -11.20875 105
endloop
endfacet
facet normal 0 0 1
outer loop
vertex -11.440416666666668 -10.678333333333335 105
vertex -9.19875 -11.20875 105
vertex -10.252916666666668 -10.252916666666668 105
endloop
endfacet
facet normal 0 0 1
outer loop
vertex -11.440416666666668 -10.678333333333335 105
vertex -10.252916666666668 -10.252916666666668 105
vertex -12.91375 -10.252916666666668 105
endloop
endfacet
facet normal 0 0 1
outer loop
vertex 11.440416666666668 -10.678333333333335 105
vertex 10.252916666666668 -10.252916666666668 105
vertex 9.19875 -11.20875 105
endloop
endfacet
facet normal 0 0 1
outer loop
vertex 11.440416666666668 -10.678333333333335 105
vertex 9.19875 -11.20875 105
vertex 12.082916666666668 -11.20875 105
endloop
endfacet
facet normal 0 0 1
outer loop
vertex 11.440416666666668 -10.678333333333335 105
vertex 12.082916666666668 -11.20875 105
vertex 12.754583333333334 -10.467500000000001 105
endloop
endfacet
facet normal 0 0 1
outer loop
vertex 11.440416666666668 -10.678333333333335 105
vertex 12.754583333333334 -10.467500000000001 105
vertex 12.91375 -10.252916666666668 105
endloop
endfacet
facet normal 0 0 1
outer loop
vertex 11.440416666666668 -10.678333333333335 105
vertex 12.91375 -10.252916666666668 105
vertex 10.252916666666668 -10.252916666666668 105
endloop
endfacet
facet normal 0 0 1
outer loop
vertex -10.448333333333334 -11.639583333333334 105
vertex -12.082916666666668 -11.20875 105
vertex -11.667083333333334 -11.667083333333334 105
endloop
endfacet
facet normal 0 0 0.9999999999999999
outer loop
vertex -10.448333333333334 -11.639583333333334 105
vertex -11.667083333333334 -11.667083333333334 105
vertex -11.237916666666667 -12.05625 105
endloop
endfacet
facet normal 0 0 1
outer loop
vertex -10.448333333333334 -11.639583333333334 105
vertex -11.237916666666667 -12.05625 105
vertex -8.055833333333334 -12.05625 105
endloop
endfacet
facet normal 0 0 1
outer loop
vertex -10.448333333333334 -11.639583333333334 105
vertex -8.055833333333334 -12.05625 105
vertex -9.19875 -11.20875 105
endloop
endfacet
facet normal 0 0 1
outer loop
vertex -10.448333333333334 -11.639583333333334 105
vertex -9.19875 -11.20875 105
vertex -12.082916666666668 -11.20875 105
endloop
endfacet
facet normal 0 0 1
outer loop
vertex 10.448333333333334 -11.639583333333334 105
vertex 9.19875 -11.20875 105
vertex 8.055833333333334 -12.05625 105
endloop
endfacet
facet normal 0 0 1
outer loop
vertex 10.448333333333334 -11.639583333333334 105
vertex 8.055833333333334 -12.05625 105
vertex 11.237916666666667 -12.05625 105
endloop
endfacet
facet normal 0 0 0.9999999999999999
outer loop
vertex 10.448333333333334 -11.639583333333334 105
vertex 11.237916666666667 -12.05625 105
vertex 11.667083333333334 -11.667083333333334 105
endloop
endfacet
facet normal 0 0 1
outer loop
vertex 10.448333333333334 -11.639583333333334 105
vertex 11.667083333333334 -11.667083333333334 105
vertex 12.082916666666668 -11.20875 105
endloop
endfacet
facet normal 0 0 1
outer loop
vertex 10.448333333333334 -11.639583333333334 105
vertex 12.082916666666668 -11.20875 105
vertex 9.19875 -11.20875 105
endloop
endfacet
facet normal 0 0 1
outer loop
vertex -9.40375 -12.488750000000001 105
vertex -11.237916666666667 -12.05625 105
vertex -10.467500000000001 -12.754583333333334 105
endloop
endfacet
facet normal 0 0 0.9999999999999999
outer loop
vertex -9.40375 -12.488750000000001 105
vertex -10.467500000000001 -12.754583333333334 105
vertex -10.422916666666667 -12.787916666666668 105
endloop
endfacet
facet normal 0 0 1
outer loop
vertex -9.40375 -12.488750000000001 105
vertex -10.422916666666667 -12.787916666666668 105
vertex -6.835416666666667 -12.787916666666668 105
endloop
endfacet
facet normal 0 0 1
outer loop
vertex -9.40375 -12.488750000000001 105
vertex -6.835416666666667 -12.787916666666668 105
vertex -8.055833333333334 -12.05625 105
endloop
endfacet
facet normal 0 0 1
outer loop
vertex -9.40375 -12.488750000000001 105
vertex -8.055833333333334 -12.05625 105
vertex -11.237916666666667 -12.05625 105
endloop
endfacet
facet normal 0 0 1
outer loop
vertex 9.40375 -12.488750000000001 105
vertex 8.055833333333334 -12.05625 105
vertex 6.835416666666667 -12.787916666666668 105
endloop
endfacet
facet normal 0 0 1
outer loop
vertex 9.40375 -12.488750000000001 105
vertex 6.835416666666667 -12.787916666666668 105
vertex 10.422916666666667 -12.787916666666668 105
endloop
endfacet
facet normal 0 0 0.9999999999999999
outer loop
vertex 9.40375 -12.488750000000001 105
vertex 10.422916666666667 -12.787916666666668 105
vertex 10.467500000000001 -12.754583333333334 105
endloop
endfacet
facet normal 0 0 1
outer loop
vertex 9.40375 -12.488750000000001 105
vertex 10.467500000000001 -12.754583333333334 105
vertex 11.237916666666667 -12.05625 105
endloop
endfacet
facet normal 0 0 1
outer loop
vertex 9.40375 -12.488750000000001 105
vertex 11.237916666666667 -12.05625 105
vertex 8.055833333333334 -12.05625 105
endloop
endfacet
facet normal 0 0 1
outer loop
vertex -10.422916666666667 -12.787916666666668 105
vertex -9.602500000000001 -13.39625 105
vertex -5.54875 -13.39625 105
endloop
endfacet
facet normal 0 0 1
outer loop
vertex -10.422916666666667 -12.787916666666668 105
vertex -5.54875 -13.39625 105
vertex -6.835416666666667 -12.787916666666668 105
endloop
endfacet
facet normal 0 0 1
outer loop
vertex 6.835416666666667 -12.787916666666668 105
vertex 5.54875 -13.39625 105
vertex 9.602500000000001 -13.39625 105
endloop
endfacet
facet normal 0 0 1
outer loop
vertex 6.835416666666667 -12.787916666666668 105
vertex 9.602500000000001 -13.39625 105
vertex 10.422916666666667 -12.787916666666668 105
endloop
endfacet
facet normal 0 0 1
outer loop
vertex -7.486666666666667 -13.652500000000002 105
vertex -9.602500000000001 -13.39625 105
vertex -9.167083333333334 -13.719166666666668 105
endloop
endfacet
facet normal 0 0 1
outer loop
vertex -7.486666666666667 -13.652500000000002 105
vertex -9.167083333333334 -13.719166666666668 105
vertex -8.905833333333334 -13.875833333333334 105
endloop
endfacet
facet normal 0 0 1
outer loop
vertex -7.486666666666667 -13.652500000000002 105
vertex -8.905833333333334 -13.875833333333334 105
vertex -4.2091666666666665 -13.875833333333334 105
endloop
endfacet
facet normal 0 0 1
outer loop
vertex -7.486666666666667 -13.652500000000002 105
vertex -4.2091666666666665 -13.875833333333334 105
vertex -5.54875 -13.39625 105
endloop
endfacet
facet normal 0 0 1
outer loop
vertex -7.486666666666667 -13.652500000000002 105
vertex -5.54875 -13.39625 105
vertex -9.602500000000001 -13.39625 105
endloop
endfacet
facet normal 0 0 1
outer loop
vertex 7.486666666666667 -13.652500000000002 105
vertex 5.54875 -13.39625 105
vertex 4.2091666666666665 -13.875833333333334 105
endloop
endfacet
facet normal 0 0 1
outer loop
vertex 7.486666666666667 -13.652500000000002 105
vertex 4.2091666666666665 -13.875833333333334 105
vertex 8.905833333333334 -13.875833333333334 105
endloop
endfacet
facet normal 0 0 1
outer loop
vertex 7.486666666666667 -13.652500000000002 105
vertex 8.905833333333334 -13.875833333333334 105
vertex 9.167083333333334 -13.719166666666668 105
endloop
endfacet
facet normal 0 0 1
outer loop
vertex 7.486666666666667 -13.652500000000002 105
vertex 9.167083333333334 -13.719166666666668 105
vertex 9.602500000000001 -13.39625 105
endloop
endfacet
facet normal 0 0 1
outer loop
vertex 7.486666666666667 -13.652500000000002 105
vertex 9.602500000000001 -13.39625 105
vertex 5.54875 -13.39625 105
endloop
endfacet
facet normal 0 0 1
outer loop
vertex -8.905833333333334 -13.875833333333334 105
vertex -8.329166666666667 -14.221250000000001 105
vertex -2.8287500000000003 -14.221250000000001 105
endloop
endfacet
facet normal 0 0 0.9999999999999999
outer loop
vertex -8.905833333333334 -13.875833333333334 105
vertex -2.8287500000000003 -14.221250000000001 105
vertex -4.2091666666666665 -13.875833333333334 105
endloop
endfacet
facet normal 0 0 1
outer loop
vertex 4.2091666666666665 -13.875833333333334 105
vertex 2.8287500000000003 -14.221250000000001 105
vertex 8.329166666666667 -14.221250000000001 105
endloop
endfacet
facet normal 0 0 0.9999999999999999
outer loop
vertex 4.2091666666666665 -13.875833333333334 105
vertex 8.329166666666667 -14.221250000000001 105
vertex 8.905833333333334 -13.875833333333334 105
endloop
endfacet
facet normal 0 0 1
outer loop
vertex -8.329166666666667 -14.221250000000001 105
vertex -7.980833333333334 -14.430000000000001 105
vertex -1.4212500000000001 -14.430000000000001 105
endloop
endfacet
facet normal 0 0 1
outer loop
vertex -8.329166666666667 -14.221250000000001 105
vertex -1.4212500000000001 -14.430000000000001 105
vertex -2.8287500000000003 -14.221250000000001 105
endloop
endfacet
facet normal 0 0 1
outer loop
vertex 2.8287500000000003 -14.221250000000001 105
vertex 1.4212500000000001 -14.430000000000001 105
vertex 7.980833333333334 -14.430000000000001 105
endloop
endfacet
facet normal 0 0 1
outer loop
vertex 2.8287500000000003 -14.221250000000001 105
vertex 7.980833333333334 -14.430000000000001 105
vertex 8.329166666666667 -14.221250000000001 105
endloop
endfacet
facet normal 0 0 1
outer loop
vertex -7.980833333333334 -14.430000000000001 105
vertex -7.864166666666667 -14.500000000000002 105
vertex 0 -14.500000000000002 105
endloop
endfacet
facet normal 0 0 1
outer loop
vertex -7.980833333333334 -14.430000000000001 105
vertex 0 -14.500000000000002 105
vertex -1.4212500000000001 -14.430000000000001 105
endloop
endfacet
facet normal 0 0 1
outer loop
vertex 1.4212500000000001 -14.430000000000001 105
vertex 0 -14.500000000000002 105
vertex 7.864166666666667 -14.500000000000002 105
endloop
endfacet
facet normal 0 0 1
outer loop
vertex 1.4212500000000001 -14.430000000000001 105
vertex 7.864166666666667 -14.500000000000002 105
vertex 7.980833333333334 -14.430000000000001 105
endloop
endfacet
facet normal 0 0 1
outer loop
vertex 0 -15.455416666666668 105
vertex 0 -14.500000000000002 105
vertex -7.864166666666667 -14.500000000000002 105
endloop
endfacet
facet normal 0 0 1
outer loop
vertex 0 -15.455416666666668 105
vertex -7.864166666666667 -14.500000000000002 105
vertex -7.777916666666667 -14.551666666666668 105
endloop
endfacet
facet normal 0 0 1
outer loop
vertex 0 -15.455416666666668 105
vertex -7.777916666666667 -14.551666666666668 105
vertex -6.314166666666667 -15.244166666666668 105
endloop
endfacet
facet normal 0 0 0.9999999999999999
outer loop
vertex 0 -15.455416666666668 105
vertex -6.314166666666667 -15.244166666666668 105
vertex -4.789583333333334 -15.789583333333335 105
endloop
endfacet
facet normal 0 0 1
outer loop
vertex 0 -15.455416666666668 105
vertex -4.789583333333334 -15.789583333333335 105
vertex -3.2191666666666667 -16.182916666666667 105
endloop
endfacet
facet normal 0 0 1
outer loop
vertex 0 -15.455416666666668 105
vertex -3.2191666666666667 -16.182916666666667 105
vertex -1.6170833333333334 -16.420416666666668 105
endloop
endfacet
facet normal 0 0 1
outer loop
vertex 0 -15.455416666666668 105
vertex -1.6170833333333334 -16.420416666666668 105
vertex 0 -16.5 105
endloop
endfacet
facet normal 0 0 1
outer loop
vertex 0 -15.455416666666668 105
vertex 0 -16.5 105
vertex 1.6170833333333334 -16.420416666666668 105
endloop
endfacet
facet normal 0 0 1
outer loop
vertex 0 -15.455416666666668 105
vertex 1.6170833333333334 -16.420416666666668 105
vertex 3.2191666666666667 -16.182916666666667 105
endloop
endfacet
facet normal 0 0 1
outer loop
vertex 0 -15.455416666666668 105
vertex 3.2191666666666667 -16.182916666666667 105
vertex 4.789583333333334 -15.789583333333335 105
endloop
endfacet
facet normal 0 0 0.9999999999999999
outer loop
vertex 0 -15.455416666666668 105
vertex 4.789583333333334 -15.789583333333335 105
vertex 6.314166666666667 -15.244166666666668 105
endloop
endfacet
facet normal 0 0 1
outer loop
vertex 0 -15.455416666666668 105
vertex 6.314166666666667 -15.244166666666668 105
vertex 7.777916666666667 -14.551666666666668 105
endloop
endfacet
facet normal 0 0 1
outer loop
vertex 0 -15.455416666666668 105
vertex 7.777916666666667 -14.551666666666668 105
vertex 7.864166666666667 -14.500000000000002 105
endloop
endfacet
facet normal 0 0 1
outer loop
vertex 0 -15.455416666666668 105
vertex 7.864166666666667 -14.500000000000002 105
vertex 0 -14.500000000000002 105
endloop
endfacet
facet normal 0 0 -0.9999999999999999
outer loop
vertex 0 16.5825 50
vertex 0 17.5 50
vertex 1.7154166666666668 17.415833333333335 50
endloop
endfacet
facet normal 0 0 -1
outer loop
vertex 0 16.5825 50
vertex 1.7154166666666668 17.415833333333335 50
vertex 3.414166666666667 17.16375 50
endloop
endfacet
facet normal 0 0 -1
outer loop
vertex 0 16.5825 50
vertex 3.414166666666667 17.16375 50
vertex 5.08 16.74625 50
endloop
endfacet
facet normal 0 0 -1
outer loop
vertex 0 16.5825 50
vertex 5.08 16.74625 50
vertex 6.6970833333333335 16.167916666666667 50
endloop
endfacet
facet normal 0 0 -1
outer loop
vertex 0 16.5825 50
vertex 6.6970833333333335 16.167916666666667 50
vertex 8.109166666666667 15.500000000000002 50
endloop
endfacet
facet normal 0 0 -1
outer loop
vertex 0 16.5825 50
vertex 8.109166666666667 15.500000000000002 50
vertex 0 15.500000000000002 50
endloop
endfacet
facet normal 0 0 -1
outer loop
vertex 0 16.5825 50
vertex 0 15.500000000000002 50
vertex -8.109166666666667 15.500000000000002 50
endloop
endfacet
facet normal 0 0 -1
outer loop
vertex 0 16.5825 50
vertex -8.109166666666667 15.500000000000002 50
vertex -6.6970833333333335 16.167916666666667 50
endloop
endfacet
facet normal 0 0 -1
outer loop
vertex 0 16.5825 50
vertex -6.6970833333333335 16.167916666666667 50
vertex -5.08 16.74625 50
endloop
endfacet
facet normal 0 0 -1
outer loop
vertex 0 16.5825 50
vertex -5.08 16.74625 50
vertex -3.414166666666667 17.16375 50
endloop
endfacet
facet normal 0 0 -1
outer loop
vertex 0 16.5825 50
vertex -3.414166666666667 17.16375 50
vertex -1.7154166666666668 17.415833333333335 50
endloop
endfacet
facet normal 0 0 -0.9999999999999999
outer loop
vertex 0 16.5825 50
vertex -1.7154166666666668 17.415833333333335 50
vertex 0 17.5 50
endloop
endfacet
facet normal 0 0 -0.9999999999999999
outer loop
vertex 5.2283333333333335 15.457083333333335 50
vertex 8.109166666666667 15.500000000000002 50
vertex 8.249583333333334 15.433750000000002 50
endloop
endfacet
facet normal 0 0 -1
outer loop
vertex 5.2283333333333335 15.457083333333335 50
vertex 8.249583333333334 15.433750000000002 50
vertex 8.263333333333334 15.425416666666667 50
endloop
endfacet
facet normal 0 0 -1
outer loop
vertex 5.2283333333333335 15.457083333333335 50
vertex 8.263333333333334 15.425416666666667 50
vertex 1.5191666666666668 15.425416666666667 50
endloop
endfacet
facet normal 0 0 -1
outer loop
vertex 5.2283333333333335 15.457083333333335 50
vertex 1.5191666666666668 15.425416666666667 50
vertex 0 15.500000000000002 50
endloop
endfacet
facet normal 0 0 -1
outer loop
vertex 5.2283333333333335 15.457083333333335 50
vertex 0 15.500000000000002 50
vertex 8.109166666666667 15.500000000000002 50
endloop
endfacet
facet normal 0 0 -1
outer loop
vertex -5.2283333333333335 15.457083333333335 50
vertex 0 15.500000000000002 50
vertex -1.5191666666666668 15.425416666666667 50
endloop
endfacet
facet normal 0 0 -1
outer loop
vertex -5.2283333333333335 15.457083333333335 50
vertex -1.5191666666666668 15.425416666666667 50
vertex -8.263333333333334 15.425416666666667 50
endloop
endfacet
facet normal 0 0 -1
outer loop
vertex -5.2283333333333335 15.457083333333335 50
vertex -8.263333333333334 15.425416666666667 50
vertex -8.249583333333334 15.433750000000002 50
endloop
endfacet
facet normal 0 0 -0.9999999999999999
outer loop
vertex -5.2283333333333335 15.457083333333335 50
vertex -8.249583333333334 15.433750000000002 50
vertex -8.109166666666667 15.500000000000002 50
endloop
endfacet
facet normal 0 0 -1
outer loop
vertex -5.2283333333333335 15.457083333333335 50
vertex -8.109166666666667 15.500000000000002 50
vertex 0 15.500000000000002 50
endloop
endfacet
facet normal 0 0 -1
outer loop
vertex 8.263333333333334 15.425416666666667 50
vertex 8.635416666666668 15.202083333333334 50
vertex 3.02375 15.202083333333334 50
endloop
endfacet
facet normal 0 0 -1
outer loop
vertex 8.263333333333334 15.425416666666667 50
vertex 3.02375 15.202083333333334 50
vertex 1.5191666666666668 15.425416666666667 50
endloop
endfacet
facet normal 0 0 -1
outer loop
vertex -1.5191666666666668 15.425416666666667 50
vertex -3.02375 15.202083333333334 50
vertex -8.635416666666668 15.202083333333334 50
endloop
endfacet
facet normal 0 0 -1
outer loop
vertex -1.5191666666666668 15.425416666666667 50
vertex -8.635416666666668 15.202083333333334 50
vertex -8.263333333333334 15.425416666666667 50
endloop
endfacet
facet normal 0 0 -1
outer loop
vertex 8.635416666666668 15.202083333333334 50
vertex 9.252083333333333 14.832500000000001 50
vertex 4.499583333333334 14.832500000000001 50
endloop
endfacet
facet normal 0 0 -1
outer loop
vertex 8.635416666666668 15.202083333333334 50
vertex 4.499583333333334 14.832500000000001 50
vertex 3.02375 15.202083333333334 50
endloop
endfacet
facet normal 0 0 -1
outer loop
vertex -3.02375 15.202083333333334 50
vertex -4.499583333333334 14.832500000000001 50
vertex -9.252083333333333 14.832500000000001 50
endloop
endfacet
facet normal 0 0 -1
outer loop
vertex -3.02375 15.202083333333334 50
vertex -9.252083333333333 14.832500000000001 50
vertex -8.635416666666668 15.202083333333334 50
endloop
endfacet
facet normal 0 0 -1
outer loop
vertex 7.887916666666667 14.571250000000001 50
vertex 9.252083333333333 14.832500000000001 50
vertex 9.7225 14.550833333333335 50
endloop
endfacet
facet normal 0 0 -1
outer loop
vertex 7.887916666666667 14.571250000000001 50
vertex 9.7225 14.550833333333335 50
vertex 10.033333333333333 14.32 50
endloop
endfacet
facet normal 0 0 -1
outer loop
vertex 7.887916666666667 14.571250000000001 50
vertex 10.033333333333333 14.32 50
vertex 5.931666666666667 14.32 50
endloop
endfacet
facet normal 0 0 -1
outer loop
vertex 7.887916666666667 14.571250000000001 50
vertex 5.931666666666667 14.32 50
vertex 4.499583333333334 14.832500000000001 50
endloop
endfacet
facet normal 0 0 -1
outer loop
vertex 7.887916666666667 14.571250000000001 50
vertex 4.499583333333334 14.832500000000001 50
vertex 9.252083333333333 14.832500000000001 50
endloop
endfacet
facet normal 0 0 -1
outer loop
vertex -7.887916666666667 14.571250000000001 50
vertex -4.499583333333334 14.832500000000001 50
vertex -5.931666666666667 14.32 50
endloop
endfacet
facet normal 0 0 -1
outer loop
vertex -7.887916666666667 14.571250000000001 50
vertex -5.931666666666667 14.32 50
vertex -10.033333333333333 14.32 50
endloop
endfacet
facet normal 0 0 -1
outer loop
vertex -7.887916666666667 14.571250000000001 50
vertex -10.033333333333333 14.32 50
vertex -9.7225 14.550833333333335 50
endloop
endfacet
facet normal 0 0 -1
outer loop
vertex -7.887916666666667 14.571250000000001 50
vertex -9.7225 14.550833333333335 50
vertex -9.252083333333333 14.832500000000001 50
endloop
endfacet
facet normal 0 0 -1
outer loop
vertex -7.887916666666667 14.571250000000001 50
vertex -9.252083333333333 14.832500000000001 50
vertex -4.499583333333334 14.832500000000001 50
endloop
endfacet
facet normal 0 0 -1
outer loop
vertex 10.033333333333333 14.32 50
vertex 10.910416666666668 13.669583333333334 50
vertex 7.3066666666666675 13.669583333333334 50
endloop
endfacet
facet normal 0 0 -0.9999999999999999
outer loop
vertex 10.033333333333333 14.32 50
vertex 7.3066666666666675 13.669583333333334 50
vertex 5.931666666666667 14.32 50
endloop
endfacet
facet normal 0 0 -1
outer loop
vertex -5.931666666666667 14.32 50
vertex -7.3066666666666675 13.669583333333334 50
vertex -10.910416666666668 13.669583333333334 50
endloop
endfacet
facet normal 0 0 -0.9999999999999999
outer loop
vertex -5.931666666666667 14.32 50
vertex -10.910416666666668 13.669583333333334 50
vertex -10.033333333333333 14.32 50
endloop
endfacet
facet normal 0 0 -1
outer loop
vertex 9.9475 13.328333333333335 50
vertex 10.910416666666668 13.669583333333334 50
vertex 11.102083333333335 13.527500000000002 50
endloop
endfacet
facet normal 0 0 -1
outer loop
vertex 9.9475 13.328333333333335 50
vertex 11.102083333333335 13.527500000000002 50
vertex 11.807916666666667 12.887916666666667 50
endloop
endfacet
facet normal 0 0 -1
outer loop
vertex 9.9475 13.328333333333335 50
vertex 11.807916666666667 12.887916666666667 50
vertex 8.61125 12.887916666666667 50
endloop
endfacet
facet normal 0 0 -1
outer loop
vertex 9.9475 13.328333333333335 50
vertex 8.61125 12.887916666666667 50
vertex 7.3066666666666675 13.669583333333334 50
endloop
endfacet
facet normal 0 0 -1
outer loop
vertex 9.9475 13.328333333333335 50
vertex 7.3066666666666675 13.669583333333334 50
vertex 10.910416666666668 13.669583333333334 50
endloop
endfacet
facet normal 0 0 -1
outer loop
vertex -9.9475 13.328333333333335 50
vertex -7.3066666666666675 13.669583333333334 50
vertex -8.61125 12.887916666666667 50
endloop
endfacet
facet normal 0 0 -1
outer loop
vertex -9.9475 13.328333333333335 50
vertex -8.61125 12.887916666666667 50
vertex -11.807916666666667 12.887916666666667 50
endloop
endfacet
facet normal 0 0 -1
outer loop
vertex -9.9475 13.328333333333335 50
vertex -11.807916666666667 12.887916666666667 50
vertex -11.102083333333335 13.527500000000002 50
endloop
endfacet
facet normal 0 0 -1
outer loop
vertex -9.9475 13.328333333333335 50
vertex -11.102083333333335 13.527500000000002 50
vertex -10.910416666666668 13.669583333333334 50
endloop
endfacet
facet normal 0 0 -1
outer loop
vertex -9.9475 13.328333333333335 50
vertex -10.910416666666668 13.669583333333334 50
vertex -7.3066666666666675 13.669583333333334 50
endloop
endfacet
facet normal 0 0 -1
outer loop
vertex 11.071250000000001 12.422500000000001 50
vertex 11.807916666666667 12.887916666666667 50
vertex 12.374166666666667 12.374166666666667 50
endloop
endfacet
facet normal 0 0 -1
outer loop
vertex 11.071250000000001 12.422500000000001 50
vertex 12.374166666666667 12.374166666666667 50
vertex 12.730416666666667 11.981666666666667 50
endloop
endfacet
facet normal 0 0 -1
outer loop
vertex 11.071250000000001 12.422500000000001 50
vertex 12.730416666666667 11.981666666666667 50
vertex 9.832916666666668 11.981666666666667 50
endloop
endfacet
facet normal 0 0 -1
outer loop
vertex 11.071250000000001 12.422500000000001 50
vertex 9.832916666666668 11.981666666666667 50
vertex 8.61125 12.887916666666667 50
endloop
endfacet
facet normal 0 0 -1
outer loop
vertex 11.071250000000001 12.422500000000001 50
vertex 8.61125 12.887916666666667 50
vertex 11.807916666666667 12.887916666666667 50
endloop
endfacet
facet normal 0 0 -1
outer loop
vertex -11.071250000000001 12.422500000000001 50
vertex -8.61125 12.887916666666667 50
vertex -9.832916666666668 11.981666666666667 50
endloop
endfacet
facet normal 0 0 -1
outer loop
vertex -11.071250000000001 12.422500000000001 50
vertex -9.832916666666668 11.981666666666667 50
vertex -12.730416666666667 11.981666666666667 50
endloop
endfacet
facet normal 0 0 -1
outer loop
vertex -11.071250000000001 12.422500000000001 50
vertex -12.730416666666667 11.981666666666667 50
vertex -12.374166666666667 12.374166666666667 50
endloop
endfacet
facet normal 0 0 -1
outer loop
vertex -11.071250000000001 12.422500000000001 50
vertex -12.374166666666667 12.374166666666667 50
vertex -11.807916666666667 12.887916666666667 50
endloop
endfacet
facet normal 0 0 -1
outer loop
vertex -11.071250000000001 12.422500000000001 50
vertex -11.807916666666667 12.887916666666667 50
vertex -8.61125 12.887916666666667 50
endloop
endfacet
facet normal 0 0 -0.9999999999999999
outer loop
vertex 12.136666666666667 11.397083333333335 50
vertex 12.730416666666667 11.981666666666667 50
vertex 13.527500000000002 11.102083333333335 50
endloop
endfacet
facet normal 0 0 -1
outer loop
vertex 12.136666666666667 11.397083333333335 50
vertex 13.527500000000002 11.102083333333335 50
vertex 13.632916666666668 10.96 50
endloop
endfacet
facet normal 0 0 -1
outer loop
vertex 12.136666666666667 11.397083333333335 50
vertex 13.632916666666668 10.96 50
vertex 10.96 10.96 50
endloop
endfacet
facet normal 0 0 -0.9999999999999999
outer loop
vertex 12.136666666666667 11.397083333333335 50
vertex 10.96 10.96 50
vertex 9.832916666666668 11.981666666666667 50
endloop
endfacet
facet normal 0 0 -0.9999999999999999
outer loop
vertex 12.136666666666667 11.397083333333335 50
vertex 9.832916666666668 11.981666666666667 50
vertex 12.730416666666667 11.981666666666667 50
endloop
endfacet
facet normal 0 0 -0.9999999999999999
outer loop
vertex -12.136666666666667 11.397083333333335 50
vertex -9.832916666666668 11.981666666666667 50
vertex -10.96 10.96 50
endloop
endfacet
facet normal 0 0 -1
outer loop
vertex -12.136666666666667 11.397083333333335 50
vertex -10.96 10.96 50
vertex -13.632916666666668 10.96 50
endloop
endfacet
facet normal 0 0 -1
outer loop
vertex -12.136666666666667 11.397083333333335 50
vertex -13.632916666666668 10.96 50
vertex -13.527500000000002 11.102083333333335 50
endloop
endfacet
facet normal 0 0 -0.9999999999999999
outer loop
vertex -12.136666666666667 11.397083333333335 50
vertex -13.527500000000002 11.102083333333335 50
vertex -12.730416666666667 11.981666666666667 50
endloop
endfacet
facet normal 0 0 -0.9999999999999999
outer loop
vertex -12.136666666666667 11.397083333333335 50
vertex -12.730416666666667 11.981666666666667 50
vertex -9.832916666666668 11.981666666666667 50
endloop
endfacet
facet normal 0 0 -1
outer loop
vertex 13.632916666666668 10.96 50
vertex 14.468750000000002 9.832916666666668 50
vertex 11.981666666666667 9.832916666666668 50
endloop
endfacet
facet normal 0 0 -1
outer loop
vertex 13.632916666666668 10.96 50
vertex 11.981666666666667 9.832916666666668 50
vertex 10.96 10.96 50
endloop
endfacet
facet normal 0 0 -1
outer loop
vertex -10.96 10.96 50
vertex -11.981666666666667 9.832916666666668 50
vertex -14.468750000000002 9.832916666666668 50
endloop
endfacet
facet normal 0 0 -1
outer loop
vertex -10.96 10.96 50
vertex -14.468750000000002 9.832916666666668 50
vertex -13.632916666666668 10.96 50
endloop
endfacet
facet normal 0 0 -1
outer loop
vertex 13.821250000000001 9.322083333333333 50
vertex 14.468750000000002 9.832916666666668 50
vertex 14.550833333333335 9.7225 50
endloop
endfacet
facet normal 0 0 -1
outer loop
vertex 13.821250000000001 9.322083333333333 50
vertex 14.550833333333335 9.7225 50
vertex 15.216666666666667 8.61125 50
endloop
endfacet
facet normal 0 0 -1
outer loop
vertex 13.821250000000001 9.322083333333333 50
vertex 15.216666666666667 8.61125 50
vertex 12.887916666666667 8.61125 50
endloop
endfacet
facet normal 0 0 -1
outer loop
vertex 13.821250000000001 9.322083333333333 50
vertex 12.887916666666667 8.61125 50
vertex 11.981666666666667 9.832916666666668 50
endloop
endfacet
facet normal 0 0 -1
outer loop
vertex 13.821250000000001 9.322083333333333 50
vertex 11.981666666666667 9.832916666666668 50
vertex 14.468750000000002 9.832916666666668 50
endloop
endfacet
facet normal 0 0 -1
outer loop
vertex -13.821250000000001 9.322083333333333 50
vertex -11.981666666666667 9.832916666666668 50
vertex -12.887916666666667 8.61125 50
endloop
endfacet
facet normal 0 0 -1
outer loop
vertex -13.821250000000001 9.322083333333333 50
vertex -12.887916666666667 8.61125 50
vertex -15.216666666666667 8.61125 50
endloop
endfacet
facet normal 0 0 -1
outer loop
vertex -13.821250000000001 9.322083333333333 50
vertex -15.216666666666667 8.61125 50
vertex -14.550833333333335 9.7225 50
endloop
endfacet
facet normal 0 0 -1
outer loop
vertex -13.821250000000001 9.322083333333333 50
vertex -14.550833333333335 9.7225 50
vertex -14.468750000000002 9.832916666666668 50
endloop
endfacet
facet normal 0 0 -1
outer loop
vertex -13.821250000000001 9.322083333333333 50
vertex -14.468750000000002 9.832916666666668 50
vertex -11.981666666666667 9.832916666666668 50
endloop
endfacet
facet normal 0 0 -1
outer loop
vertex 14.617500000000001 8.017083333333334 50
vertex 15.216666666666667 8.61125 50
vertex 15.433750000000002 8.249583333333334 50
endloop
endfacet
facet normal 0 0 -1
outer loop
vertex 14.617500000000001 8.017083333333334 50
vertex 15.433750000000002 8.249583333333334 50
vertex 15.879583333333334 7.3066666666666675 50
endloop
endfacet
facet normal 0 0 -1
outer loop
vertex 14.617500000000001 8.017083333333334 50
vertex 15.879583333333334 7.3066666666666675 50
vertex 13.669583333333334 7.3066666666666675 50
endloop
endfacet
facet normal 0 0 -1
outer loop
vertex 14.617500000000001 8.017083333333334 50
vertex 13.669583333333334 7.3066666666666675 50
vertex 12.887916666666667 8.61125 50
endloop
endfacet
facet normal 0 0 -1
outer loop
vertex 14.617500000000001 8.017083333333334 50
vertex 12.887916666666667 8.61125 50
vertex 15.216666666666667 8.61125 50
endloop
endfacet
facet normal 0 0 -1
outer loop
vertex -14.617500000000001 8.017083333333334 50
vertex -12.887916666666667 8.61125 50
vertex -13.669583333333334 7.3066666666666675 50
endloop
endfacet
facet normal 0 0 -1
outer loop
vertex -14.617500000000001 8.017083333333334 50
vertex -13.669583333333334 7.3066666666666675 50
vertex -15.879583333333334 7.3066666666666675 50
endloop
endfacet
facet normal 0 0 -1
outer loop
vertex -14.617500000000001 8.017083333333334 50
vertex -15.879583333333334 7.3066666666666675 50
vertex -15.433750000000002 8.249583333333334 50
endloop
endfacet
facet normal 0 0 -1
outer loop
vertex -14.617500000000001 8.017083333333334 50
vertex -15.433750000000002 8.249583333333334 50
vertex -15.216666666666667 8.61125 50
endloop
endfacet
facet normal 0 0 -1
outer loop
vertex -14.617500000000001 8.017083333333334 50
vertex -15.216666666666667 8.61125 50
vertex -12.887916666666667 8.61125 50
endloop
endfacet
facet normal 0 0 -1
outer loop
vertex 15.295833333333334 6.6345833333333335 50
vertex 15.879583333333334 7.3066666666666675 50
vertex 16.167916666666667 6.6970833333333335 50
endloop
endfacet
facet normal 0 0 -0.9999999999999999
outer loop
vertex 15.295833333333334 6.6345833333333335 50
vertex 16.167916666666667 6.6970833333333335 50
vertex 16.441666666666666 5.931666666666667 50
endloop
endfacet
facet normal 0 0 -1
outer loop
vertex 15.295833333333334 6.6345833333333335 50
vertex 16.441666666666666 5.931666666666667 50
vertex 14.32 5.931666666666667 50
endloop
endfacet
facet normal 0 0 -0.9999999999999999
outer loop
vertex 15.295833333333334 6.6345833333333335 50
vertex 14.32 5.931666666666667 50
vertex 13.669583333333334 7.3066666666666675 50
endloop
endfacet
facet normal 0 0 -1
outer loop
vertex 15.295833333333334 6.6345833333333335 50
vertex 13.669583333333334 7.3066666666666675 50
vertex 15.879583333333334 7.3066666666666675 50
endloop
endfacet
facet normal 0 0 -0.9999999999999999
outer loop
vertex -15.295833333333334 6.6345833333333335 50
vertex -13.669583333333334 7.3066666666666675 50
vertex -14.32 5.931666666666667 50
endloop
endfacet
facet normal 0 0 -1
outer loop
vertex -15.295833333333334 6.6345833333333335 50
vertex -14.32 5.931666666666667 50
vertex -16.441666666666666 5.931666666666667 50
endloop
endfacet
facet normal 0 0 -0.9999999999999999
outer loop
vertex -15.295833333333334 6.6345833333333335 50
vertex -16.441666666666666 5.931666666666667 50
vertex -16.167916666666667 6.6970833333333335 50
endloop
endfacet
facet normal 0 0 -1
outer loop
vertex -15.295833333333334 6.6345833333333335 50
vertex -16.167916666666667 6.6970833333333335 50
vertex -15.879583333333334 7.3066666666666675 50
endloop
endfacet
facet normal 0 0 -1
outer loop
vertex -15.295833333333334 6.6345833333333335 50
vertex -15.879583333333334 7.3066666666666675 50
vertex -13.669583333333334 7.3066666666666675 50
endloop
endfacet
facet normal 0 0 -1
outer loop
vertex 15.846666666666668 5.1883333333333335 50
vertex 16.441666666666666 5.931666666666667 50
vertex 16.74625 5.08 50
endloop
endfacet
facet normal 0 0 -1
outer loop
vertex 15.846666666666668 5.1883333333333335 50
vertex 16.74625 5.08 50
vertex 16.892083333333336 4.499583333333334 50
endloop
endfacet
facet normal 0 0 -1
outer loop
vertex 15.846666666666668 5.1883333333333335 50
vertex 16.892083333333336 4.499583333333334 50
vertex 14.832500000000001 4.499583333333334 50
endloop
endfacet
facet normal 0 0 -1
outer loop
vertex 15.846666666666668 5.1883333333333335 50
vertex 14.832500000000001 4.499583333333334 50
vertex 14.32 5.931666666666667 50
endloop
endfacet
facet normal 0 0 -1
outer loop
vertex 15.846666666666668 5.1883333333333335 50
vertex 14.32 5.931666666666667 50
vertex 16.441666666666666 5.931666666666667 50
endloop
endfacet
facet normal 0 0 -1
outer loop
vertex -15.846666666666668 5.1883333333333335 50
vertex -14.32 5.931666666666667 50
vertex -14.832500000000001 4.499583333333334 50
endloop
endfacet
facet normal 0 0 -1
outer loop
vertex -15.846666666666668 5.1883333333333335 50
vertex -14.832500000000001 4.499583333333334 50
vertex -16.892083333333336 4.499583333333334 50
endloop
endfacet
facet normal 0 0 -1
outer loop
vertex -15.846666666666668 5.1883333333333335 50
vertex -16.892083333333336 4.499583333333334 50
vertex -16.74625 5.08 50
endloop
endfacet
facet normal 0 0 -1
outer loop
vertex -15.846666666666668 5.1883333333333335 50
vertex -16.74625 5.08 50
vertex -16.441666666666666 5.931666666666667 50
endloop
endfacet
facet normal 0 0 -1
outer loop
vertex -15.846666666666668 5.1883333333333335 50
vertex -16.441666666666666 5.931666666666667 50
vertex -14.32 5.931666666666667 50
endloop
endfacet
facet normal 0 0 -1
outer loop
vertex 16.2625 3.6920833333333336 50
vertex 16.892083333333336 4.499583333333334 50
vertex 17.16375 3.414166666666667 50
endloop
endfacet
facet normal 0 0 -0.9999999999999999
outer loop
vertex 16.2625 3.6920833333333336 50
vertex 17.16375 3.414166666666667 50
vertex 17.221666666666668 3.02375 50
endloop
endfacet
facet normal 0 0 -1
outer loop
vertex 16.2625 3.6920833333333336 50
vertex 17.221666666666668 3.02375 50
vertex 15.202083333333334 3.02375 50
endloop
endfacet
facet normal 0 0 -1
outer loop
vertex 16.2625 3.6920833333333336 50
vertex 15.202083333333334 3.02375 50
vertex 14.832500000000001 4.499583333333334 50
endloop
endfacet
facet normal 0 0 -1
outer loop
vertex 16.2625 3.6920833333333336 50
vertex 14.832500000000001 4.499583333333334 50
vertex 16.892083333333336 4.499583333333334 50
endloop
endfacet
facet normal 0 0 -1
outer loop
vertex -16.2625 3.6920833333333336 50
vertex -14.832500000000001 4.499583333333334 50
vertex -15.202083333333334 3.02375 50
endloop
endfacet
facet normal 0 0 -1
outer loop
vertex -16.2625 3.6920833333333336 50
vertex -15.202083333333334 3.02375 50
vertex -17.221666666666668 3.02375 50
endloop
endfacet
facet normal 0 0 -0.9999999999999999
outer loop
vertex -16.2625 3.6920833333333336 50
vertex -17.221666666666668 3.02375 50
vertex -17.16375 3.414166666666667 50
endloop
endfacet
facet normal 0 0 -1
outer loop
vertex -16.2625 3.6920833333333336 50
vertex -17.16375 3.414166666666667 50
vertex -16.892083333333336 4.499583333333334 50
endloop
endfacet
facet normal 0 0 -1
outer loop
vertex -16.2625 3.6920833333333336 50
vertex -16.892083333333336 4.499583333333334 50
vertex -14.832500000000001 4.499583333333334 50
endloop
endfacet
facet normal 0 0 -1
outer loop
vertex 16.537916666666668 2.160416666666667 50
vertex 17.221666666666668 3.02375 50
vertex 17.415833333333335 1.7154166666666668 50
endloop
endfacet
facet normal 0 0 -1
outer loop
vertex 16.537916666666668 2.160416666666667 50
vertex 17.415833333333335 1.7154166666666668 50
vertex 17.425416666666667 1.5191666666666668 50
endloop
endfacet
facet normal 0 0 -1
outer loop
vertex 16.537916666666668 2.160416666666667 50
vertex 17.425416666666667 1.5191666666666668 50
vertex 15.425416666666667 1.5191666666666668 50
endloop
endfacet
facet normal 0 0 -1
outer loop
vertex 16.537916666666668 2.160416666666667 50
vertex 15.425416666666667 1.5191666666666668 50
vertex 15.202083333333334 3.02375 50
endloop
endfacet
facet normal 0 0 -1
outer loop
vertex 16.537916666666668 2.160416666666667 50
vertex 15.202083333333334 3.02375 50
vertex 17.221666666666668 3.02375 50
endloop
endfacet
facet normal 0 0 -1
outer loop
vertex -16.537916666666668 2.160416666666667 50
vertex -15.202083333333334 3.02375 50
vertex -15.425416666666667 1.5191666666666668 50
endloop
endfacet
facet normal 0 0 -1
outer loop
vertex -16.537916666666668 2.160416666666667 50
vertex -15.425416666666667 1.5191666666666668 50
vertex -17.425416666666667 1.5191666666666668 50
endloop
endfacet
facet normal 0 0 -1
outer loop
vertex -16.537916666666668 2.160416666666667 50
vertex -17.425416666666667 1.5191666666666668 50
vertex -17.415833333333335 1.7154166666666668 50
endloop
endfacet
facet normal 0 0 -1
outer loop
vertex -16.537916666666668 2.160416666666667 50
vertex -17.415833333333335 1.7154166666666668 50
vertex -17.221666666666668 3.02375 50
endloop
endfacet
facet normal 0 0 -1
outer loop
vertex -16.537916666666668 2.160416666666667 50
vertex -17.221666666666668 3.02375 50
vertex -15.202083333333334 3.02375 50
endloop
endfacet
facet normal 0 0 -1
outer loop
vertex 17.425416666666667 1.5191666666666668 50
vertex 17.5 0 50
vertex 15.500000000000002 0 50
endloop
endfacet
facet normal 0 0 -0.9999999999999999
outer loop
vertex 17.425416666666667 1.5191666666666668 50
vertex 15.500000000000002 0 50
vertex 15.425416666666667 1.5191666666666668 50
endloop
endfacet
facet normal 0 0 -1
outer loop
vertex -15.425416666666667 1.5191666666666668 50
vertex -15.500000000000002 0 50
vertex -17.5 0 50
endloop
endfacet
facet normal 0 0 -0.9999999999999999
outer loop
vertex -15.425416666666667 1.5191666666666668 50
vertex -17.5 0 50
vertex -17.425416666666667 1.5191666666666668 50
endloop
endfacet
facet normal 0 0 -0.9999999999999999
outer loop
vertex 17.5 0 50
vertex 17.425416666666667 -1.5191666666666668 50
vertex 15.425416666666667 -1.5191666666666668 50
endloop
endfacet
facet normal 0 0 -1
outer loop
vertex 17.5 0 50
vertex 15.425416666666667 -1.5191666666666668 50
vertex 15.500000000000002 0 50
endloop
endfacet
facet normal 0 0 -0.9999999999999999
outer loop
vertex -15.500000000000002 0 50
vertex -15.425416666666667 -1.5191666666666668 50
vertex -17.425416666666667 -1.5191666666666668 50
endloop
endfacet
facet normal 0 0 -1
outer loop
vertex -15.500000000000002 0 50
vertex -17.425416666666667 -1.5191666666666668 50
vertex -17.5 0 50
endloop
endfacet
facet normal 0 0 -1
outer loop
vertex 16.537916666666668 -2.160416666666667 50
vertex 17.425416666666667 -1.5191666666666668 50
vertex 17.415833333333335 -1.7154166666666668 50
endloop
endfacet
facet normal 0 0 -1
outer loop
vertex 16.537916666666668 -2.160416666666667 50
vertex 17.415833333333335 -1.7154166666666668 50
vertex 17.221666666666668 -3.02375 50
endloop
endfacet
facet normal 0 0 -1
outer loop
vertex 16.537916666666668 -2.160416666666667 50
vertex 17.221666666666668 -3.02375 50
vertex 15.202083333333334 -3.02375 50
endloop
endfacet
facet normal 0 0 -1
outer loop
vertex 16.537916666666668 -2.160416666666667 50
vertex 15.202083333333334 -3.02375 50
vertex 15.425416666666667 -1.5191666666666668 50
endloop
endfacet
facet normal 0 0 -1
outer loop
vertex 16.537916666666668 -2.160416666666667 50
vertex 15.425416666666667 -1.5191666666666668 50
vertex 17.425416666666667 -1.5191666666666668 50
endloop
endfacet
facet normal 0 0 -1
outer loop
vertex -16.537916666666668 -2.160416666666667 50
vertex -15.425416666666667 -1.5191666666666668 50
vertex -15.202083333333334 -3.02375 50
endloop
endfacet
facet normal 0 0 -1
outer loop
vertex -16.537916666666668 -2.160416666666667 50
vertex -15.202083333333334 -3.02375 50
vertex -17.221666666666668 -3.02375 50
endloop
endfacet
facet normal 0 0 -1
outer loop
vertex -16.537916666666668 -2.160416666666667 50
vertex -17.221666666666668 -3.02375 50
vertex -17.415833333333335 -1.7154166666666668 50
endloop
endfacet
facet normal 0 0 -1
outer loop
vertex -16.537916666666668 -2.160416666666667 50
vertex -17.415833333333335 -1.7154166666666668 50
vertex -17.425416666666667 -1.5191666666666668 50
endloop
endfacet
facet normal 0 0 -1
outer loop
vertex -16.537916666666668 -2.160416666666667 50
vertex -17.425416666666667 -1.5191666666666668 50
vertex -15.425416666666667 -1.5191666666666668 50
endloop
endfacet
facet normal 0 0 -0.9999999999999999
outer loop
vertex 16.2625 -3.6920833333333336 50
vertex 17.221666666666668 -3.02375 50
vertex 17.16375 -3.414166666666667 50
endloop
endfacet
facet normal 0 0 -1
outer loop
vertex 16.2625 -3.6920833333333336 50
vertex 17.16375 -3.414166666666667 50
vertex 16.892083333333336 -4.499583333333334 50
endloop
endfacet
facet normal 0 0 -1
outer loop
vertex 16.2625 -3.6920833333333336 50
vertex 16.892083333333336 -4.499583333333334 50
vertex 14.832500000000001 -4.499583333333334 50
endloop
endfacet
facet normal 0 0 -1
outer loop
vertex 16.2625 -3.6920833333333336 50
vertex 14.832500000000001 -4.499583333333334 50
vertex 15.202083333333334 -3.02375 50
endloop
endfacet
facet normal 0 0 -1
outer loop
vertex 16.2625 -3.6920833333333336 50
vertex 15.202083333333334 -3.02375 50
vertex 17.221666666666668 -3.02375 50
endloop
endfacet
facet normal 0 0 -1
outer loop
vertex -16.2625 -3.6920833333333336 50
vertex -15.202083333333334 -3.02375 50
vertex -14.832500000000001 -4.499583333333334 50
endloop
endfacet
facet normal 0 0 -1
outer loop
vertex -16.2625 -3.6920833333333336 50
vertex -14.832500000000001 -4.499583333333334 50
vertex -16.892083333333336 -4.499583333333334 50
endloop
endfacet
facet normal 0 0 -1
outer loop
vertex -16.2625 -3.6920833333333336 50
vertex -16.892083333333336 -4.499583333333334 50
vertex -17.16375 -3.414166666666667 50
endloop
endfacet
facet normal 0 0 -0.9999999999999999
outer loop
vertex -16.2625 -3.6920833333333336 50
vertex -17.16375 -3.414166666666667 50
vertex -17.221666666666668 -3.02375 50
endloop
endfacet
facet normal 0 0 -1
outer loop
vertex -16.2625 -3.6920833333333336 50
vertex -17.221666666666668 -3.02375 50
vertex -15.202083333333334 -3.02375 50
endloop
endfacet
facet normal 0 0 -1
outer loop
vertex 15.846666666666668 -5.1883333333333335 50
vertex 16.892083333333336 -4.499583333333334 50
vertex 16.74625 -5.08 50
endloop
endfacet
facet normal 0 0 -1
outer loop
vertex 15.846666666666668 -5.1883333333333335 50
vertex 16.74625 -5.08 50
vertex 16.441666666666666 -5.931666666666667 50
endloop
endfacet
facet normal 0 0 -1
outer loop
vertex 15.846666666666668 -5.1883333333333335 50
vertex 16.441666666666666 -5.931666666666667 50
vertex 14.32 -5.931666666666667 50
endloop
endfacet
facet normal 0 0 -1
outer loop
vertex 15.846666666666668 -5.1883333333333335 50
vertex 14.32 -5.931666666666667 50
vertex 14.832500000000001 -4.499583333333334 50
endloop
endfacet
facet normal 0 0 -1
outer loop
vertex 15.846666666666668 -5.1883333333333335 50
vertex 14.832500000000001 -4.499583333333334 50
vertex 16.892083333333336 -4.499583333333334 50
endloop
endfacet
facet normal 0 0 -1
outer loop
vertex -15.846666666666668 -5.1883333333333335 50
vertex -14.832500000000001 -4.499583333333334 50
vertex -14.32 -5.931666666666667 50
endloop
endfacet
facet normal 0 0 -1
outer loop
vertex -15.846666666666668 -5.1883333333333335 50
vertex -14.32 -5.931666666666667 50
vertex -16.441666666666666 -5.931666666666667 50
endloop
endfacet
facet normal 0 0 -1
outer loop
vertex -15.846666666666668 -5.1883333333333335 50
vertex -16.441666666666666 -5.931666666666667 50
vertex -16.74625 -5.08 50
endloop
endfacet
facet normal 0 0 -1
outer loop
vertex -15.846666666666668 -5.1883333333333335 50
vertex -16.74625 -5.08 50
vertex -16.892083333333336 -4.499583333333334 50
endloop
endfacet
facet normal 0 0 -1
outer loop
vertex -15.846666666666668 -5.1883333333333335 50
vertex -16.892083333333336 -4.499583333333334 50
vertex -14.832500000000001 -4.499583333333334 50
endloop
endfacet
facet normal 0 0 -0.9999999999999999
outer loop
vertex 15.295833333333334 -6.6345833333333335 50
vertex 16.441666666666666 -5.931666666666667 50
vertex 16.167916666666667 -6.6970833333333335 50
endloop
endfacet
facet normal 0 0 -1
outer loop
vertex 15.295833333333334 -6.6345833333333335 50
vertex 16.167916666666667 -6.6970833333333335 50
vertex 15.879583333333334 -7.3066666666666675 50
endloop
endfacet
facet normal 0 0 -1
outer loop
vertex 15.295833333333334 -6.6345833333333335 50
vertex 15.879583333333334 -7.3066666666666675 50
vertex 13.669583333333334 -7.3066666666666675 50
endloop
endfacet
facet normal 0 0 -0.9999999999999999
outer loop
vertex 15.295833333333334 -6.6345833333333335 50
vertex 13.669583333333334 -7.3066666666666675 50
vertex 14.32 -5.931666666666667 50
endloop
endfacet
facet normal 0 0 -1
outer loop
vertex 15.295833333333334 -6.6345833333333335 50
vertex 14.32 -5.931666666666667 50
vertex 16.441666666666666 -5.931666666666667 50
endloop
endfacet
facet normal 0 0 -0.9999999999999999
outer loop
vertex -15.295833333333334 -6.6345833333333335 50
vertex -14.32 -5.931666666666667 50
vertex -13.669583333333334 -7.3066666666666675 50
endloop
endfacet
facet normal 0 0 -1
outer loop
vertex -15.295833333333334 -6.6345833333333335 50
vertex -13.669583333333334 -7.3066666666666675 50
vertex -15.879583333333334 -7.3066666666666675 50
endloop
endfacet
facet normal 0 0 -1
outer loop
vertex -15.295833333333334 -6.6345833333333335 50
vertex -15.879583333333334 -7.3066666666666675 50
vertex -16.167916666666667 -6.6970833333333335 50
endloop
endfacet
facet normal 0 0 -0.9999999999999999
outer loop
vertex -15.295833333333334 -6.6345833333333335 50
vertex -16.167916666666667 -6.6970833333333335 50
vertex -16.441666666666666 -5.931666666666667 50
endloop
endfacet
facet normal 0 0 -1
outer loop
vertex -15.295833333333334 -6.6345833333333335 50
vertex -16.441666666666666 -5.931666666666667 50
vertex -14.32 -5.931666666666667 50
endloop
endfacet
facet normal 0 0 -1
outer loop
vertex 14.617500000000001 -8.017083333333334 50
vertex 15.879583333333334 -7.3066666666666675 50
vertex 15.433750000000002 -8.249583333333334 50
endloop
endfacet
facet normal 0 0 -1
outer loop
vertex 14.617500000000001 -8.017083333333334 50
vertex 15.433750000000002 -8.249583333333334 50
vertex 15.216666666666667 -8.61125 50
endloop
endfacet
facet normal 0 0 -1
outer loop
vertex 14.617500000000001 -8.017083333333334 50
vertex 15.216666666666667 -8.61125 50
vertex 12.887916666666667 -8.61125 50
endloop
endfacet
facet normal 0 0 -1
outer loop
vertex 14.617500000000001 -8.017083333333334 50
vertex 12.887916666666667 -8.61125 50
vertex 13.669583333333334 -7.3066666666666675 50
endloop
endfacet
facet normal 0 0 -1
outer loop
vertex 14.617500000000001 -8.017083333333334 50
vertex 13.669583333333334 -7.3066666666666675 50
vertex 15.879583333333334 -7.3066666666666675 50
endloop
endfacet
facet normal 0 0 -1
outer loop
vertex -14.617500000000001 -8.017083333333334 50
vertex -13.669583333333334 -7.3066666666666675 50
vertex -12.887916666666667 -8.61125 50
endloop
endfacet
facet normal 0 0 -1
outer loop
vertex -14.617500000000001 -8.017083333333334 50
vertex -12.887916666666667 -8.61125 50
vertex -15.216666666666667 -8.61125 50
endloop
endfacet
facet normal 0 0 -1
outer loop
vertex -14.617500000000001 -8.017083333333334 50
vertex -15.216666666666667 -8.61125 50
vertex -15.433750000000002 -8.249583333333334 50
endloop
endfacet
facet normal 0 0 -1
outer loop
vertex -14.617500000000001 -8.017083333333334 50
vertex -15.433750000000002 -8.249583333333334 50
vertex -15.879583333333334 -7.3066666666666675 50
endloop
endfacet
facet normal 0 0 -1
outer loop
vertex -14.617500000000001 -8.017083333333334 50
vertex -15.879583333333334 -7.3066666666666675 50
vertex -13.669583333333334 -7.3066666666666675 50
endloop
endfacet
facet normal 0 0 -1
outer loop
vertex 13.821250000000001 -9.322083333333333 50
vertex 15.216666666666667 -8.61125 50
vertex 14.550833333333335 -9.7225 50
endloop
endfacet
facet normal 0 0 -1
outer loop
vertex 13.821250000000001 -9.322083333333333 50
vertex 14.550833333333335 -9.7225 50
vertex 14.468750000000002 -9.832916666666668 50
endloop
endfacet
facet normal 0 0 -1
outer loop
vertex 13.821250000000001 -9.322083333333333 50
vertex 14.468750000000002 -9.832916666666668 50
vertex 11.981666666666667 -9.832916666666668 50
endloop
endfacet
facet normal 0 0 -1
outer loop
vertex 13.821250000000001 -9.322083333333333 50
vertex 11.981666666666667 -9.832916666666668 50
vertex 12.887916666666667 -8.61125 50
endloop
endfacet
facet normal 0 0 -1
outer loop
vertex 13.821250000000001 -9.322083333333333 50
vertex 12.887916666666667 -8.61125 50
vertex 15.216666666666667 -8.61125 50
endloop
endfacet
facet normal 0 0 -1
outer loop
vertex -13.821250000000001 -9.322083333333333 50
vertex -12.887916666666667 -8.61125 50
vertex -11.981666666666667 -9.832916666666668 50
endloop
endfacet
facet normal 0 0 -1
outer loop
vertex -13.821250000000001 -9.322083333333333 50
vertex -11.981666666666667 -9.832916666666668 50
vertex -14.468750000000002 -9.832916666666668 50
endloop
endfacet
facet normal 0 0 -1
outer loop
vertex -13.821250000000001 -9.322083333333333 50
vertex -14.468750000000002 -9.832916666666668 50
vertex -14.550833333333335 -9.7225 50
endloop
endfacet
facet normal 0 0 -1
outer loop
vertex -13.821250000000001 -9.322083333333333 50
vertex -14.550833333333335 -9.7225 50
vertex -15.216666666666667 -8.61125 50
endloop
endfacet
facet normal 0 0 -1
outer loop
vertex -13.821250000000001 -9.322083333333333 50
vertex -15.216666666666667 -8.61125 50
vertex -12.887916666666667 -8.61125 50
endloop
endfacet
facet normal 0 0 -1
outer loop
vertex 14.468750000000002 -9.832916666666668 50
vertex 13.632916666666668 -10.96 50
vertex 10.96 -10.96 50
endloop
endfacet
facet normal 0 0 -1
outer loop
vertex 14.468750000000002 -9.832916666666668 50
vertex 10.96 -10.96 50
vertex 11.981666666666667 -9.832916666666668 50
endloop
endfacet
facet normal 0 0 -1
outer loop
vertex -11.981666666666667 -9.832916666666668 50
vertex -10.96 -10.96 50
vertex -13.632916666666668 -10.96 50
endloop
endfacet
facet normal 0 0 -1
outer loop
vertex -11.981666666666667 -9.832916666666668 50
vertex -13.632916666666668 -10.96 50
vertex -14.468750000000002 -9.832916666666668 50
endloop
endfacet
facet normal 0 0 -1
outer loop
vertex 12.136666666666667 -11.397083333333335 50
vertex 13.632916666666668 -10.96 50
vertex 13.527500000000002 -11.102083333333335 50
endloop
endfacet
facet normal 0 0 -0.9999999999999999
outer loop
vertex 12.136666666666667 -11.397083333333335 50
vertex 13.527500000000002 -11.102083333333335 50
vertex 12.730416666666667 -11.981666666666667 50
endloop
endfacet
facet normal 0 0 -0.9999999999999999
outer loop
vertex 12.136666666666667 -11.397083333333335 50
vertex 12.730416666666667 -11.981666666666667 50
vertex 9.832916666666668 -11.981666666666667 50
endloop
endfacet
facet normal 0 0 -0.9999999999999999
outer loop
vertex 12.136666666666667 -11.397083333333335 50
vertex 9.832916666666668 -11.981666666666667 50
vertex 10.96 -10.96 50
endloop
endfacet
facet normal 0 0 -1
outer loop
vertex 12.136666666666667 -11.397083333333335 50
vertex 10.96 -10.96 50
vertex 13.632916666666668 -10.96 50
endloop
endfacet
facet normal 0 0 -0.9999999999999999
outer loop
vertex -12.136666666666667 -11.397083333333335 50
vertex -10.96 -10.96 50
vertex -9.832916666666668 -11.981666666666667 50
endloop
endfacet
facet normal 0 0 -0.9999999999999999
outer loop
vertex -12.136666666666667 -11.397083333333335 50
vertex -9.832916666666668 -11.981666666666667 50
vertex -12.730416666666667 -11.981666666666667 50
endloop
endfacet
facet normal 0 0 -0.9999999999999999
outer loop
vertex -12.136666666666667 -11.397083333333335 50
vertex -12.730416666666667 -11.981666666666667 50
vertex -13.527500000000002 -11.102083333333335 50
endloop
endfacet
facet normal 0 0 -1
outer loop
vertex -12.136666666666667 -11.397083333333335 50
vertex -13.527500000000002 -11.102083333333335 50
vertex -13.632916666666668 -10.96 50
endloop
endfacet
facet normal 0 0 -1
outer loop
vertex -12.136666666666667 -11.397083333333335 50
vertex -13.632916666666668 -10.96 50
vertex -10.96 -10.96 50
endloop
endfacet
facet normal 0 0 -1
outer loop
vertex 11.071250000000001 -12.422500000000001 50
vertex 12.730416666666667 -11.981666666666667 50
vertex 12.374166666666667 -12.374166666666667 50
endloop
endfacet
facet normal 0 0 -1
outer loop
vertex 11.071250000000001 -12.422500000000001 50
vertex 12.374166666666667 -12.374166666666667 50
vertex 11.807916666666667 -12.887916666666667 50
endloop
endfacet
facet normal 0 0 -1
outer loop
vertex 11.071250000000001 -12.422500000000001 50
vertex 11.807916666666667 -12.887916666666667 50
vertex 8.61125 -12.887916666666667 50
endloop
endfacet
facet normal 0 0 -1
outer loop
vertex 11.071250000000001 -12.422500000000001 50
vertex 8.61125 -12.887916666666667 50
vertex 9.832916666666668 -11.981666666666667 50
endloop
endfacet
facet normal 0 0 -1
outer loop
vertex 11.071250000000001 -12.422500000000001 50
vertex 9.832916666666668 -11.981666666666667 50
vertex 12.730416666666667 -11.981666666666667 50
endloop
endfacet
facet normal 0 0 -1
outer loop
vertex -11.071250000000001 -12.422500000000001 50
vertex -9.832916666666668 -11.981666666666667 50
vertex -8.61125 -12.887916666666667 50
endloop
endfacet
facet normal 0 0 -1
outer loop
vertex -11.071250000000001 -12.422500000000001 50
vertex -8.61125 -12.887916666666667 50
vertex -11.807916666666667 -12.887916666666667 50
endloop
endfacet
facet normal 0 0 -1
outer loop
vertex -11.071250000000001 -12.422500000000001 50
vertex -11.807916666666667 -12.887916666666667 50
vertex -12.374166666666667 -12.374166666666667 50
endloop
endfacet
facet normal 0 0 -1
outer loop
vertex -11.071250000000001 -12.422500000000001 50
vertex -12.374166666666667 -12.374166666666667 50
vertex -12.730416666666667 -11.981666666666667 50
endloop
endfacet
facet normal 0 0 -1
outer loop
vertex -11.071250000000001 -12.422500000000001 50
vertex -12.730416666666667 -11.981666666666667 50
vertex -9.832916666666668 -11.981666666666667 50
endloop
endfacet
facet normal 0 0 -1
outer loop
vertex 9.9475 -13.328333333333335 50
vertex 11.807916666666667 -12.887916666666667 50
vertex 11.102083333333335 -13.527500000000002 50
endloop
endfacet
facet normal 0 0 -1
outer loop
vertex 9.9475 -13.328333333333335 50
vertex 11.102083333333335 -13.527500000000002 50
vertex 10.910416666666668 -13.669583333333334 50
endloop
endfacet
facet normal 0 0 -1
outer loop
vertex 9.9475 -13.328333333333335 50
vertex 10.910416666666668 -13.669583333333334 50
vertex 7.3066666666666675 -13.669583333333334 50
endloop
endfacet
facet normal 0 0 -1
outer loop
vertex 9.9475 -13.328333333333335 50
vertex 7.3066666666666675 -13.669583333333334 50
vertex 8.61125 -12.887916666666667 50
endloop
endfacet
facet normal 0 0 -1
outer loop
vertex 9.9475 -13.328333333333335 50
vertex 8.61125 -12.887916666666667 50
vertex 11.807916666666667 -12.887916666666667 50
endloop
endfacet
facet normal 0 0 -1
outer loop
vertex -9.9475 -13.328333333333335 50
vertex -8.61125 -12.887916666666667 50
vertex -7.3066666666666675 -13.669583333333334 50
endloop
endfacet
facet normal 0 0 -1
outer loop
vertex -9.9475 -13.328333333333335 50
vertex -7.3066666666666675 -13.669583333333334 50
vertex -10.910416666666668 -13.669583333333334 50
endloop
endfacet
facet normal 0 0 -1
outer loop
vertex -9.9475 -13.328333333333335 50
vertex -10.910416666666668 -13.669583333333334 50
vertex -11.102083333333335 -13.527500000000002 50
endloop
endfacet
facet normal 0 0 -1
outer loop
vertex -9.9475 -13.328333333333335 50
vertex -11.102083333333335 -13.527500000000002 50
vertex -11.807916666666667 -12.887916666666667 50
endloop
endfacet
facet normal 0 0 -1
outer loop
vertex -9.9475 -13.328333333333335 50
vertex -11.807916666666667 -12.887916666666667 50
vertex -8.61125 -12.887916666666667 50
endloop
endfacet
facet normal 0 0 -0.9999999999999999
outer loop
vertex 10.910416666666668 -13.669583333333334 50
vertex 10.033333333333333 -14.32 50
vertex 5.931666666666667 -14.32 50
endloop
endfacet
facet normal 0 0 -1
outer loop
vertex 10.910416666666668 -13.669583333333334 50
vertex 5.931666666666667 -14.32 50
vertex 7.3066666666666675 -13.669583333333334 50
endloop
endfacet
facet normal 0 0 -0.9999999999999999
outer loop
vertex -7.3066666666666675 -13.669583333333334 50
vertex -5.931666666666667 -14.32 50
vertex -10.033333333333333 -14.32 50
endloop
endfacet
facet normal 0 0 -1
outer loop
vertex -7.3066666666666675 -13.669583333333334 50
vertex -10.033333333333333 -14.32 50
vertex -10.910416666666668 -13.669583333333334 50
endloop
endfacet
facet normal 0 0 -1
outer loop
vertex 7.887916666666667 -14.571250000000001 50
vertex 10.033333333333333 -14.32 50
vertex 9.7225 -14.550833333333335 50
endloop
endfacet
facet normal 0 0 -1
outer loop
vertex 7.887916666666667 -14.571250000000001 50
vertex 9.7225 -14.550833333333335 50
vertex 9.252083333333333 -14.832500000000001 50
endloop
endfacet
facet normal 0 0 -1
outer loop
vertex 7.887916666666667 -14.571250000000001 50
vertex 9.252083333333333 -14.832500000000001 50
vertex 4.499583333333334 -14.832500000000001 50
endloop
endfacet
facet normal 0 0 -1
outer loop
vertex 7.887916666666667 -14.571250000000001 50
vertex 4.499583333333334 -14.832500000000001 50
vertex 5.931666666666667 -14.32 50
endloop
endfacet
facet normal 0 0 -1
outer loop
vertex 7.887916666666667 -14.571250000000001 50
vertex 5.931666666666667 -14.32 50
vertex 10.033333333333333 -14.32 50
endloop
endfacet
facet normal 0 0 -1
outer loop
vertex -7.887916666666667 -14.571250000000001 50
vertex -5.931666666666667 -14.32 50
vertex -4.499583333333334 -14.832500000000001 50
endloop
endfacet
facet normal 0 0 -1
outer loop
vertex -7.887916666666667 -14.571250000000001 50
vertex -4.499583333333334 -14.832500000000001 50
vertex -9.252083333333333 -14.832500000000001 50
endloop
endfacet
facet normal 0 0 -1
outer loop
vertex -7.887916666666667 -14.571250000000001 50
vertex -9.252083333333333 -14.832500000000001 50
vertex -9.7225 -14.550833333333335 50
endloop
endfacet
facet normal 0 0 -1
outer loop
vertex -7.887916666666667 -14.571250000000001 50
vertex -9.7225 -14.550833333333335 50
vertex -10.033333333333333 -14.32 50
endloop
endfacet
facet normal 0 0 -1
outer loop
vertex -7.887916666666667 -14.571250000000001 50
vertex -10.033333333333333 -14.32 50
vertex -5.931666666666667 -14.32 50
endloop
endfacet
facet normal 0 0 -1
outer loop
vertex 9.252083333333333 -14.832500000000001 50
vertex 8.635416666666668 -15.202083333333334 50
vertex 3.02375 -15.202083333333334 50
endloop
endfacet
facet normal 0 0 -1
outer loop
vertex 9.252083333333333 -14.832500000000001 50
vertex 3.02375 -15.202083333333334 50
vertex 4.499583333333334 -14.832500000000001 50
endloop
endfacet
facet normal 0 0 -1
outer loop
vertex -4.499583333333334 -14.832500000000001 50
vertex -3.02375 -15.202083333333334 50
vertex -8.635416666666668 -15.202083333333334 50
endloop
endfacet
facet normal 0 0 -1
outer loop
vertex -4.499583333333334 -14.832500000000001 50
vertex -8.635416666666668 -15.202083333333334 50
vertex -9.252083333333333 -14.832500000000001 50
endloop
endfacet
facet normal 0 0 -1
outer loop
vertex 8.635416666666668 -15.202083333333334 50
vertex 8.263333333333334 -15.425416666666667 50
vertex 1.5191666666666668 -15.425416666666667 50
endloop
endfacet
facet normal 0 0 -1
outer loop
vertex 8.635416666666668 -15.202083333333334 50
vertex 1.5191666666666668 -15.425416666666667 50
vertex 3.02375 -15.202083333333334 50
endloop
endfacet
facet normal 0 0 -1
outer loop
vertex -3.02375 -15.202083333333334 50
vertex -1.5191666666666668 -15.425416666666667 50
vertex -8.263333333333334 -15.425416666666667 50
endloop
endfacet
facet normal 0 0 -1
outer loop
vertex -3.02375 -15.202083333333334 50
vertex -8.263333333333334 -15.425416666666667 50
vertex -8.635416666666668 -15.202083333333334 50
endloop
endfacet
facet normal 0 0 -1
outer loop
vertex 5.2283333333333335 -15.457083333333335 50
vertex 8.263333333333334 -15.425416666666667 50
vertex 8.249583333333334 -15.433750000000002 50
endloop
endfacet
facet normal 0 0 -0.9999999999999999
outer loop
vertex 5.2283333333333335 -15.457083333333335 50
vertex 8.249583333333334 -15.433750000000002 50
vertex 8.109166666666667 -15.500000000000002 50
endloop
endfacet
facet normal 0 0 -1
outer loop
vertex 5.2283333333333335 -15.457083333333335 50
vertex 8.109166666666667 -15.500000000000002 50
vertex 0 -15.500000000000002 50
endloop
endfacet
facet normal 0 0 -1
outer loop
vertex 5.2283333333333335 -15.457083333333335 50
vertex 0 -15.500000000000002 50
vertex 1.5191666666666668 -15.425416666666667 50
endloop
endfacet
facet normal 0 0 -1
outer loop
vertex 5.2283333333333335 -15.457083333333335 50
vertex 1.5191666666666668 -15.425416666666667 50
vertex 8.263333333333334 -15.425416666666667 50
endloop
endfacet
facet normal 0 0 -1
outer loop
vertex -5.2283333333333335 -15.457083333333335 50
vertex -1.5191666666666668 -15.425416666666667 50
vertex 0 -15.500000000000002 50
endloop
endfacet
facet normal 0 0 -1
outer loop
vertex -5.2283333333333335 -15.457083333333335 50
vertex 0 -15.500000000000002 50
vertex -8.109166666666667 -15.500000000000002 50
endloop
endfacet
facet normal 0 0 -0.9999999999999999
outer loop
vertex -5.2283333333333335 -15.457083333333335 50
vertex -8.109166666666667 -15.500000000000002 50
vertex -8.249583333333334 -15.433750000000002 50
endloop
endfacet
facet normal 0 0 -1
outer loop
vertex -5.2283333333333335 -15.457083333333335 50
vertex -8.249583333333334 -15.433750000000002 50
vertex -8.263333333333334 -15.425416666666667 50
endloop
endfacet
facet normal 0 0 -1
outer loop
vertex -5.2283333333333335 -15.457083333333335 50
vertex -8.263333333333334 -15.425416666666667 50
vertex -1.5191666666666668 -15.425416666666667 50
endloop
endfacet
facet normal 0 0 -1
outer loop
vertex 0 -16.582083333333333 50
vertex 0 -15.500000000000002 50
vertex 8.109166666666667 -15.500000000000002 50
endloop
endfacet
facet normal 0 0 -1
outer loop
vertex 0 -16.582083333333333 50
vertex 8.109166666666667 -15.500000000000002 50
vertex 6.6970833333333335 -16.167916666666667 50
endloop
endfacet
facet normal 0 0 -1
outer loop
vertex 0 -16.582083333333333 50
vertex 6.6970833333333335 -16.167916666666667 50
vertex 5.08 -16.74625 50
endloop
endfacet
facet normal 0 0 -1
outer loop
vertex 0 -16.582083333333333 50
vertex 5.08 -16.74625 50
vertex 3.414166666666667 -17.16375 50
endloop
endfacet
facet normal 0 0 -1
outer loop
vertex 0 -16.582083333333333 50
vertex 3.414166666666667 -17.16375 50
vertex 1.7154166666666668 -17.415833333333335 50
endloop
endfacet
facet normal 0 0 -0.9999999999999999
outer loop
vertex 0 -16.582083333333333 50
vertex 1.7154166666666668 -17.415833333333335 50
vertex 0 -17.5 50
endloop
endfacet
facet normal 0 0 -0.9999999999999999
outer loop
vertex 0 -16.582083333333333 50
vertex 0 -17.5 50
vertex -1.7154166666666668 -17.415833333333335 50
endloop
endfacet
facet normal 0 0 -1
outer loop
vertex 0 -16.582083333333333 50
vertex -1.7154166666666668 -17.415833333333335 50
vertex -3.414166666666667 -17.16375 50
endloop
endfacet
facet normal 0 0 -1
outer loop
vertex 0 -16.582083333333333 50
vertex -3.414166666666667 -17.16375 50
vertex -5.08 -16.74625 50
endloop
endfacet
facet normal 0 0 -1
outer loop
vertex 0 -16.582083333333333 50
vertex -5.08 -16.74625 50
vertex -6.6970833333333335 -16.167916666666667 50
endloop
endfacet
facet normal 0 0 -1
outer loop
vertex 0 -16.582083333333333 50
vertex -6.6970833333333335 -16.167916666666667 50
vertex -8.109166666666667 -15.500000000000002 50
endloop
endfacet
facet normal 0 0 -1
outer loop
vertex 0 -16.582083333333333 50
vertex -8.109166666666667 -15.500000000000002 50
vertex 0 -15.500000000000002 50
endloop
endfacet
endsolid JSCAD
