solid JSCAD
facet normal 0 0 -1
outer loop
vertex 0 13.749878333333333 0
vertex 47.99998 16.949753333333334 0
vertex 47.99998 12.949755000000001 0
endloop
endfacet
facet normal 0 0 -1
outer loop
vertex 0 13.749878333333333 0
vertex 47.99998 12.949755000000001 0
vertex 22.000300000000003 12.949755000000001 0
endloop
endfacet
facet normal 0 0 -1
outer loop
vertex 0 13.749878333333333 0
vertex 22.000300000000003 12.949755000000001 0
vertex 15.999993333333334 12.949755000000001 0
endloop
endfacet
facet normal 0 0 -1
outer loop
vertex 0 13.749878333333333 0
vertex 15.999993333333334 12.949755000000001 0
vertex 14.000303333333335 12.949755000000001 0
endloop
endfacet
facet normal 0 0 -1
outer loop
vertex 0 13.749878333333333 0
vertex 14.000303333333335 12.949755000000001 0
vertex -14.000303333333335 12.949755000000001 0
endloop
endfacet
facet normal 0 0 -1
outer loop
vertex 0 13.749878333333333 0
vertex -14.000303333333335 12.949755000000001 0
vertex -15.999993333333334 12.949755000000001 0
endloop
endfacet
facet normal 0 0 -1
outer loop
vertex 0 13.749878333333333 0
vertex -15.999993333333334 12.949755000000001 0
vertex -22.000300000000003 12.949755000000001 0
endloop
endfacet
facet normal 0 0 -1
outer loop
vertex 0 13.749878333333333 0
vertex -22.000300000000003 12.949755000000001 0
vertex -47.99998 12.949755000000001 0
endloop
endfacet
facet normal 0 0 -1
outer loop
vertex 0 13.749878333333333 0
vertex -47.99998 12.949755000000001 0
vertex -47.99998 16.949753333333334 0
endloop
endfacet
facet normal 0 0 -1
outer loop
vertex 0 13.749878333333333 0
vertex -47.99998 16.949753333333334 0
vertex 47.99998 16.949753333333334 0
endloop
endfacet
facet normal 0 0 -1
outer loop
vertex -14.000303333333335 12.949755000000001 0
vertex -14.000303333333335 10.950065 0
vertex -15.999993333333334 10.950065 0
endloop
endfacet
facet normal 0 0 -1
outer loop
vertex -14.000303333333335 12.949755000000001 0
vertex -15.999993333333334 10.950065 0
vertex -15.999993333333334 12.949755000000001 0
endloop
endfacet
facet normal 0 0 -1
outer loop
vertex 15.999993333333334 12.949755000000001 0
vertex 15.999993333333334 10.950065 0
vertex 14.000303333333335 10.950065 0
endloop
endfacet
facet normal 0 0 -1
outer loop
vertex 15.999993333333334 12.949755000000001 0
vertex 14.000303333333335 10.950065 0
vertex 14.000303333333335 12.949755000000001 0
endloop
endfacet
facet normal 0 0 -1
outer loop
vertex -22.000300000000003 12.949755000000001 0
vertex -22.000300000000003 -24.24979666666667 0
vertex -47.99998 -24.24979666666667 0
endloop
endfacet
facet normal 0 0 -1
outer loop
vertex -22.000300000000003 12.949755000000001 0
vertex -47.99998 -24.24979666666667 0
vertex -47.99998 12.949755000000001 0
endloop
endfacet
facet normal 0 0 -1
outer loop
vertex -14.000303333333335 -22.250106666666667 0
vertex -14.000303333333335 -24.24979666666667 0
vertex -15.999993333333334 -24.24979666666667 0
endloop
endfacet
facet normal 0 0 -1
outer loop
vertex -14.000303333333335 -22.250106666666667 0
vertex -15.999993333333334 -24.24979666666667 0
vertex -15.999993333333334 -22.250106666666667 0
endloop
endfacet
facet normal 0 0 -1
outer loop
vertex 15.999993333333334 -22.250106666666667 0
vertex 15.999993333333334 -24.24979666666667 0
vertex 14.000303333333335 -24.24979666666667 0
endloop
endfacet
facet normal 0 0 -1
outer loop
vertex 15.999993333333334 -22.250106666666667 0
vertex 14.000303333333335 -24.24979666666667 0
vertex 14.000303333333335 -22.250106666666667 0
endloop
endfacet
facet normal 0 0 -1
outer loop
vertex 47.99998 12.949755000000001 0
vertex 47.99998 -24.24979666666667 0
vertex 22.000300000000003 -24.24979666666667 0
endloop
endfacet
facet normal 0 0 -1
outer loop
vertex 47.99998 12.949755000000001 0
vertex 22.000300000000003 -24.24979666666667 0
vertex 22.000300000000003 12.949755000000001 0
endloop
endfacet
facet normal 0 0 -1
outer loop
vertex 0 -25.04992 0
vertex -22.000300000000003 -24.24979666666667 0
vertex -15.999993333333334 -24.24979666666667 0
endloop
endfacet
facet normal 0 0 -1
outer loop
vertex 0 -25.04992 0
vertex -15.999993333333334 -24.24979666666667 0
vertex -14.000303333333335 -24.24979666666667 0
endloop
endfacet
facet normal 0 0 -1
outer loop
vertex 0 -25.04992 0
vertex -14.000303333333335 -24.24979666666667 0
vertex 14.000303333333335 -24.24979666666667 0
endloop
endfacet
facet normal 0 0 -1
outer loop
vertex 0 -25.04992 0
vertex 14.000303333333335 -24.24979666666667 0
vertex 15.999993333333334 -24.24979666666667 0
endloop
endfacet
facet normal 0 0 -1
outer loop
vertex 0 -25.04992 0
vertex 15.999993333333334 -24.24979666666667 0
vertex 22.000300000000003 -24.24979666666667 0
endloop
endfacet
facet normal 0 0 -1
outer loop
vertex 0 -25.04992 0
vertex 22.000300000000003 -24.24979666666667 0
vertex 47.99998 -24.24979666666667 0
endloop
endfacet
facet normal 0 0 -1
outer loop
vertex 0 -25.04992 0
vertex 47.99998 -24.24979666666667 0
vertex 47.99998 -28.249795000000002 0
endloop
endfacet
facet normal 0 0 -1
outer loop
vertex 0 -25.04992 0
vertex 47.99998 -28.249795000000002 0
vertex -47.99998 -28.249795000000002 0
endloop
endfacet
facet normal 0 0 -1
outer loop
vertex 0 -25.04992 0
vertex -47.99998 -28.249795000000002 0
vertex -47.99998 -24.24979666666667 0
endloop
endfacet
facet normal 0 0 -1
outer loop
vertex 0 -25.04992 0
vertex -47.99998 -24.24979666666667 0
vertex -22.000300000000003 -24.24979666666667 0
endloop
endfacet
facet normal 0 0 1
outer loop
vertex 37.55014666666667 28.249795000000002 32.999831666666665
vertex 37.55014666666667 16.949753333333334 32.999831666666665
vertex 42.44982 16.949753333333334 32.999831666666665
endloop
endfacet
facet normal 0 0 1
outer loop
vertex 37.55014666666667 28.249795000000002 32.999831666666665
vertex 42.44982 16.949753333333334 32.999831666666665
vertex 42.44982 28.249795000000002 32.999831666666665
endloop
endfacet
facet normal 0 0 1
outer loop
vertex -2.4498366666666667 28.249795000000002 32.999831666666665
vertex -2.4498366666666667 16.949753333333334 32.999831666666665
vertex 2.4498366666666667 16.949753333333334 32.999831666666665
endloop
endfacet
facet normal 0 0 1
outer loop
vertex -2.4498366666666667 28.249795000000002 32.999831666666665
vertex 2.4498366666666667 16.949753333333334 32.999831666666665
vertex 2.4498366666666667 28.249795000000002 32.999831666666665
endloop
endfacet
facet normal 0 0 1
outer loop
vertex -42.44982 28.249795000000002 32.999831666666665
vertex -42.44982 16.949753333333334 32.999831666666665
vertex -37.55014666666667 16.949753333333334 32.999831666666665
endloop
endfacet
facet normal 0 0 1
outer loop
vertex -42.44982 28.249795000000002 32.999831666666665
vertex -37.55014666666667 16.949753333333334 32.999831666666665
vertex -37.55014666666667 28.249795000000002 32.999831666666665
endloop
endfacet
facet normal 0 0 0.9999999999999999
outer loop
vertex 0 14.950063333333334 32.999831666666665
vertex 42.44982 16.949753333333334 32.999831666666665
vertex 37.55014666666667 16.949753333333334 32.999831666666665
endloop
endfacet
facet normal 0 0 1
outer loop
vertex 0 14.950063333333334 32.999831666666665
vertex 37.55014666666667 16.949753333333334 32.999831666666665
vertex 2.4498366666666667 16.949753333333334 32.999831666666665
endloop
endfacet
facet normal 0 0 1
outer loop
vertex 0 14.950063333333334 32.999831666666665
vertex 2.4498366666666667 16.949753333333334 32.999831666666665
vertex -2.4498366666666667 16.949753333333334 32.999831666666665
endloop
endfacet
facet normal 0 0 1
outer loop
vertex 0 14.950063333333334 32.999831666666665
vertex -2.4498366666666667 16.949753333333334 32.999831666666665
vertex -37.55014666666667 16.949753333333334 32.999831666666665
endloop
endfacet
facet normal 0 0 0.9999999999999999
outer loop
vertex 0 14.950063333333334 32.999831666666665
vertex -37.55014666666667 16.949753333333334 32.999831666666665
vertex -42.44982 16.949753333333334 32.999831666666665
endloop
endfacet
facet normal 0 0 1
outer loop
vertex 0 14.950063333333334 32.999831666666665
vertex -42.44982 16.949753333333334 32.999831666666665
vertex -47.99998 16.949753333333334 32.999831666666665
endloop
endfacet
facet normal 0 0 1
outer loop
vertex 0 14.950063333333334 32.999831666666665
vertex -47.99998 16.949753333333334 32.999831666666665
vertex -47.99998 12.949755000000001 32.999831666666665
endloop
endfacet
facet normal 0 0 1
outer loop
vertex 0 14.950063333333334 32.999831666666665
vertex -47.99998 12.949755000000001 32.999831666666665
vertex -43.99998166666667 12.949755000000001 32.999831666666665
endloop
endfacet
facet normal 0 0 1
outer loop
vertex 0 14.950063333333334 32.999831666666665
vertex -43.99998166666667 12.949755000000001 32.999831666666665
vertex -15.999993333333334 12.949755000000001 32.999831666666665
endloop
endfacet
facet normal 0 0 0.9999999999999999
outer loop
vertex 0 14.950063333333334 32.999831666666665
vertex -15.999993333333334 12.949755000000001 32.999831666666665
vertex -14.000303333333335 12.949755000000001 32.999831666666665
endloop
endfacet
facet normal 0 0 1
outer loop
vertex 0 14.950063333333334 32.999831666666665
vertex -14.000303333333335 12.949755000000001 32.999831666666665
vertex 14.000303333333335 12.949755000000001 32.999831666666665
endloop
endfacet
facet normal 0 0 0.9999999999999999
outer loop
vertex 0 14.950063333333334 32.999831666666665
vertex 14.000303333333335 12.949755000000001 32.999831666666665
vertex 15.999993333333334 12.949755000000001 32.999831666666665
endloop
endfacet
facet normal 0 0 1
outer loop
vertex 0 14.950063333333334 32.999831666666665
vertex 15.999993333333334 12.949755000000001 32.999831666666665
vertex 43.99998166666667 12.949755000000001 32.999831666666665
endloop
endfacet
facet normal 0 0 1
outer loop
vertex 0 14.950063333333334 32.999831666666665
vertex 43.99998166666667 12.949755000000001 32.999831666666665
vertex 47.99998 12.949755000000001 32.999831666666665
endloop
endfacet
facet normal 0 0 1
outer loop
vertex 0 14.950063333333334 32.999831666666665
vertex 47.99998 12.949755000000001 32.999831666666665
vertex 47.99998 16.949753333333334 32.999831666666665
endloop
endfacet
facet normal 0 0 1
outer loop
vertex 0 14.950063333333334 32.999831666666665
vertex 47.99998 16.949753333333334 32.999831666666665
vertex 42.44982 16.949753333333334 32.999831666666665
endloop
endfacet
facet normal 0 0 1
outer loop
vertex 14.000303333333335 12.949755000000001 32.999831666666665
vertex 14.000303333333335 10.950065 32.999831666666665
vertex 15.999993333333334 10.950065 32.999831666666665
endloop
endfacet
facet normal 0 0 1
outer loop
vertex 14.000303333333335 12.949755000000001 32.999831666666665
vertex 15.999993333333334 10.950065 32.999831666666665
vertex 15.999993333333334 12.949755000000001 32.999831666666665
endloop
endfacet
facet normal 0 0 1
outer loop
vertex -15.999993333333334 12.949755000000001 32.999831666666665
vertex -15.999993333333334 10.950065 32.999831666666665
vertex -14.000303333333335 10.950065 32.999831666666665
endloop
endfacet
facet normal 0 0 1
outer loop
vertex -15.999993333333334 12.949755000000001 32.999831666666665
vertex -14.000303333333335 10.950065 32.999831666666665
vertex -14.000303333333335 12.949755000000001 32.999831666666665
endloop
endfacet
facet normal 0 0 1
outer loop
vertex 43.99998166666667 12.949755000000001 32.999831666666665
vertex 43.99998166666667 1.8834433333333334 32.999831666666665
vertex 47.99998 1.8834433333333334 32.999831666666665
endloop
endfacet
facet normal 0 0 1
outer loop
vertex 43.99998166666667 12.949755000000001 32.999831666666665
vertex 47.99998 1.8834433333333334 32.999831666666665
vertex 47.99998 12.949755000000001 32.999831666666665
endloop
endfacet
facet normal 0 0 1
outer loop
vertex -47.99998 12.949755000000001 32.999831666666665
vertex -47.99998 1.8834433333333334 32.999831666666665
vertex -43.99998166666667 1.8834433333333334 32.999831666666665
endloop
endfacet
facet normal 0 0 1
outer loop
vertex -47.99998 12.949755000000001 32.999831666666665
vertex -43.99998166666667 1.8834433333333334 32.999831666666665
vertex -43.99998166666667 12.949755000000001 32.999831666666665
endloop
endfacet
facet normal 0 0 1
outer loop
vertex 44.666545 0.8829800000000001 32.999831666666665
vertex 43.99998166666667 1.8834433333333334 32.999831666666665
vertex 42.00029166666667 1.8834433333333334 32.999831666666665
endloop
endfacet
facet normal 0 0 1
outer loop
vertex 44.666545 0.8829800000000001 32.999831666666665
vertex 42.00029166666667 1.8834433333333334 32.999831666666665
vertex 42.00029166666667 -0.11686500000000001 32.999831666666665
endloop
endfacet
facet normal 0 0 1
outer loop
vertex 44.666545 0.8829800000000001 32.999831666666665
vertex 42.00029166666667 -0.11686500000000001 32.999831666666665
vertex 43.99998166666667 -0.11686500000000001 32.999831666666665
endloop
endfacet
facet normal 0 0 1
outer loop
vertex 44.666545 0.8829800000000001 32.999831666666665
vertex 43.99998166666667 -0.11686500000000001 32.999831666666665
vertex 47.99998 -0.11686500000000001 32.999831666666665
endloop
endfacet
facet normal 0 0 0.9999999999999999
outer loop
vertex 44.666545 0.8829800000000001 32.999831666666665
vertex 47.99998 -0.11686500000000001 32.999831666666665
vertex 47.99998 1.8834433333333334 32.999831666666665
endloop
endfacet
facet normal 0 0 1
outer loop
vertex 44.666545 0.8829800000000001 32.999831666666665
vertex 47.99998 1.8834433333333334 32.999831666666665
vertex 43.99998166666667 1.8834433333333334 32.999831666666665
endloop
endfacet
facet normal 0 0 1
outer loop
vertex -44.666545 0.8829800000000001 32.999831666666665
vertex -43.99998166666667 1.8834433333333334 32.999831666666665
vertex -47.99998 1.8834433333333334 32.999831666666665
endloop
endfacet
facet normal 0 0 0.9999999999999999
outer loop
vertex -44.666545 0.8829800000000001 32.999831666666665
vertex -47.99998 1.8834433333333334 32.999831666666665
vertex -47.99998 -0.11686500000000001 32.999831666666665
endloop
endfacet
facet normal 0 0 1
outer loop
vertex -44.666545 0.8829800000000001 32.999831666666665
vertex -47.99998 -0.11686500000000001 32.999831666666665
vertex -43.99998166666667 -0.11686500000000001 32.999831666666665
endloop
endfacet
facet normal 0 0 1
outer loop
vertex -44.666545 0.8829800000000001 32.999831666666665
vertex -43.99998166666667 -0.11686500000000001 32.999831666666665
vertex -42.00029166666667 -0.11686500000000001 32.999831666666665
endloop
endfacet
facet normal 0 0 1
outer loop
vertex -44.666545 0.8829800000000001 32.999831666666665
vertex -42.00029166666667 -0.11686500000000001 32.999831666666665
vertex -42.00029166666667 1.8834433333333334 32.999831666666665
endloop
endfacet
facet normal 0 0 1
outer loop
vertex -44.666545 0.8829800000000001 32.999831666666665
vertex -42.00029166666667 1.8834433333333334 32.999831666666665
vertex -43.99998166666667 1.8834433333333334 32.999831666666665
endloop
endfacet
facet normal 0 0 1
outer loop
vertex 43.99998166666667 -0.11686500000000001 32.999831666666665
vertex 43.99998166666667 -11.183176666666668 32.999831666666665
vertex 47.99998 -11.183176666666668 32.999831666666665
endloop
endfacet
facet normal 0 0 1
outer loop
vertex 43.99998166666667 -0.11686500000000001 32.999831666666665
vertex 47.99998 -11.183176666666668 32.999831666666665
vertex 47.99998 -0.11686500000000001 32.999831666666665
endloop
endfacet
facet normal 0 0 1
outer loop
vertex -47.99998 -0.11686500000000001 32.999831666666665
vertex -47.99998 -11.183176666666668 32.999831666666665
vertex -43.99998166666667 -11.183176666666668 32.999831666666665
endloop
endfacet
facet normal 0 0 1
outer loop
vertex -47.99998 -0.11686500000000001 32.999831666666665
vertex -43.99998166666667 -11.183176666666668 32.999831666666665
vertex -43.99998166666667 -0.11686500000000001 32.999831666666665
endloop
endfacet
facet normal 0 0 1
outer loop
vertex 44.666545 -12.18364 32.999831666666665
vertex 43.99998166666667 -11.183176666666668 32.999831666666665
vertex 42.00029166666667 -11.183176666666668 32.999831666666665
endloop
endfacet
facet normal 0 0 1
outer loop
vertex 44.666545 -12.18364 32.999831666666665
vertex 42.00029166666667 -11.183176666666668 32.999831666666665
vertex 42.00029166666667 -13.183485000000001 32.999831666666665
endloop
endfacet
facet normal 0 0 1
outer loop
vertex 44.666545 -12.18364 32.999831666666665
vertex 42.00029166666667 -13.183485000000001 32.999831666666665
vertex 43.99998166666667 -13.183485000000001 32.999831666666665
endloop
endfacet
facet normal 0 0 1
outer loop
vertex 44.666545 -12.18364 32.999831666666665
vertex 43.99998166666667 -13.183485000000001 32.999831666666665
vertex 47.99998 -13.183485000000001 32.999831666666665
endloop
endfacet
facet normal 0 0 1
outer loop
vertex 44.666545 -12.18364 32.999831666666665
vertex 47.99998 -13.183485000000001 32.999831666666665
vertex 47.99998 -11.183176666666668 32.999831666666665
endloop
endfacet
facet normal 0 0 1
outer loop
vertex 44.666545 -12.18364 32.999831666666665
vertex 47.99998 -11.183176666666668 32.999831666666665
vertex 43.99998166666667 -11.183176666666668 32.999831666666665
endloop
endfacet
facet normal 0 0 1
outer loop
vertex -44.666545 -12.18364 32.999831666666665
vertex -43.99998166666667 -11.183176666666668 32.999831666666665
vertex -47.99998 -11.183176666666668 32.999831666666665
endloop
endfacet
facet normal 0 0 1
outer loop
vertex -44.666545 -12.18364 32.999831666666665
vertex -47.99998 -11.183176666666668 32.999831666666665
vertex -47.99998 -13.183485000000001 32.999831666666665
endloop
endfacet
facet normal 0 0 1
outer loop
vertex -44.666545 -12.18364 32.999831666666665
vertex -47.99998 -13.183485000000001 32.999831666666665
vertex -43.99998166666667 -13.183485000000001 32.999831666666665
endloop
endfacet
facet normal 0 0 1
outer loop
vertex -44.666545 -12.18364 32.999831666666665
vertex -43.99998166666667 -13.183485000000001 32.999831666666665
vertex -42.00029166666667 -13.183485000000001 32.999831666666665
endloop
endfacet
facet normal 0 0 1
outer loop
vertex -44.666545 -12.18364 32.999831666666665
vertex -42.00029166666667 -13.183485000000001 32.999831666666665
vertex -42.00029166666667 -11.183176666666668 32.999831666666665
endloop
endfacet
facet normal 0 0 1
outer loop
vertex -44.666545 -12.18364 32.999831666666665
vertex -42.00029166666667 -11.183176666666668 32.999831666666665
vertex -43.99998166666667 -11.183176666666668 32.999831666666665
endloop
endfacet
facet normal 0 0 1
outer loop
vertex 43.99998166666667 -13.183485000000001 32.999831666666665
vertex 43.99998166666667 -24.24979666666667 32.999831666666665
vertex 47.99998 -24.24979666666667 32.999831666666665
endloop
endfacet
facet normal 0 0 1
outer loop
vertex 43.99998166666667 -13.183485000000001 32.999831666666665
vertex 47.99998 -24.24979666666667 32.999831666666665
vertex 47.99998 -13.183485000000001 32.999831666666665
endloop
endfacet
facet normal 0 0 1
outer loop
vertex 14.000303333333335 -22.250106666666667 32.999831666666665
vertex 14.000303333333335 -24.24979666666667 32.999831666666665
vertex 15.999993333333334 -24.24979666666667 32.999831666666665
endloop
endfacet
facet normal 0 0 1
outer loop
vertex 14.000303333333335 -22.250106666666667 32.999831666666665
vertex 15.999993333333334 -24.24979666666667 32.999831666666665
vertex 15.999993333333334 -22.250106666666667 32.999831666666665
endloop
endfacet
facet normal 0 0 1
outer loop
vertex -15.999993333333334 -22.250106666666667 32.999831666666665
vertex -15.999993333333334 -24.24979666666667 32.999831666666665
vertex -14.000303333333335 -24.24979666666667 32.999831666666665
endloop
endfacet
facet normal 0 0 1
outer loop
vertex -15.999993333333334 -22.250106666666667 32.999831666666665
vertex -14.000303333333335 -24.24979666666667 32.999831666666665
vertex -14.000303333333335 -22.250106666666667 32.999831666666665
endloop
endfacet
facet normal 0 0 1
outer loop
vertex -47.99998 -13.183485000000001 32.999831666666665
vertex -47.99998 -24.24979666666667 32.999831666666665
vertex -43.99998166666667 -24.24979666666667 32.999831666666665
endloop
endfacet
facet normal 0 0 1
outer loop
vertex -47.99998 -13.183485000000001 32.999831666666665
vertex -43.99998166666667 -24.24979666666667 32.999831666666665
vertex -43.99998166666667 -13.183485000000001 32.999831666666665
endloop
endfacet
facet normal 0 0 1
outer loop
vertex 0 -25.04992 32.999831666666665
vertex 43.99998166666667 -24.24979666666667 32.999831666666665
vertex 15.999993333333334 -24.24979666666667 32.999831666666665
endloop
endfacet
facet normal 0 0 1
outer loop
vertex 0 -25.04992 32.999831666666665
vertex 15.999993333333334 -24.24979666666667 32.999831666666665
vertex 14.000303333333335 -24.24979666666667 32.999831666666665
endloop
endfacet
facet normal 0 0 1
outer loop
vertex 0 -25.04992 32.999831666666665
vertex 14.000303333333335 -24.24979666666667 32.999831666666665
vertex -14.000303333333335 -24.24979666666667 32.999831666666665
endloop
endfacet
facet normal 0 0 1
outer loop
vertex 0 -25.04992 32.999831666666665
vertex -14.000303333333335 -24.24979666666667 32.999831666666665
vertex -15.999993333333334 -24.24979666666667 32.999831666666665
endloop
endfacet
facet normal 0 0 1
outer loop
vertex 0 -25.04992 32.999831666666665
vertex -15.999993333333334 -24.24979666666667 32.999831666666665
vertex -43.99998166666667 -24.24979666666667 32.999831666666665
endloop
endfacet
facet normal 0 0 1
outer loop
vertex 0 -25.04992 32.999831666666665
vertex -43.99998166666667 -24.24979666666667 32.999831666666665
vertex -47.99998 -24.24979666666667 32.999831666666665
endloop
endfacet
facet normal 0 0 1
outer loop
vertex 0 -25.04992 32.999831666666665
vertex -47.99998 -24.24979666666667 32.999831666666665
vertex -47.99998 -28.249795000000002 32.999831666666665
endloop
endfacet
facet normal 0 0 1
outer loop
vertex 0 -25.04992 32.999831666666665
vertex -47.99998 -28.249795000000002 32.999831666666665
vertex 47.99998 -28.249795000000002 32.999831666666665
endloop
endfacet
facet normal 0 0 1
outer loop
vertex 0 -25.04992 32.999831666666665
vertex 47.99998 -28.249795000000002 32.999831666666665
vertex 47.99998 -24.24979666666667 32.999831666666665
endloop
endfacet
facet normal 0 0 1
outer loop
vertex 0 -25.04992 32.999831666666665
vertex 47.99998 -24.24979666666667 32.999831666666665
vertex 43.99998166666667 -24.24979666666667 32.999831666666665
endloop
endfacet
facet normal 1 0 0
outer loop
vertex -42.00029166666667 -0.11686500000000001 32.999831666666665
vertex -42.00029166666667 -0.11686500000000001 3.9999983333333335
vertex -42.00029166666667 1.8834433333333334 3.9999983333333335
endloop
endfacet
facet normal 1 0 0
outer loop
vertex -42.00029166666667 -0.11686500000000001 32.999831666666665
vertex -42.00029166666667 1.8834433333333334 3.9999983333333335
vertex -42.00029166666667 1.8834433333333334 32.999831666666665
endloop
endfacet
facet normal 1 0 0
outer loop
vertex -42.00029166666667 -13.183485000000001 32.999831666666665
vertex -42.00029166666667 -13.183485000000001 3.9999983333333335
vertex -42.00029166666667 -11.183176666666668 3.9999983333333335
endloop
endfacet
facet normal 1 0 0
outer loop
vertex -42.00029166666667 -13.183485000000001 32.999831666666665
vertex -42.00029166666667 -11.183176666666668 3.9999983333333335
vertex -42.00029166666667 -11.183176666666668 32.999831666666665
endloop
endfacet
facet normal 0 -1 0
outer loop
vertex 42.00029166666667 -13.183485000000001 32.999831666666665
vertex 42.00029166666667 -13.183485000000001 3.9999983333333335
vertex 43.99998166666667 -13.183485000000001 3.9999983333333335
endloop
endfacet
facet normal 0 -1 0
outer loop
vertex 42.00029166666667 -13.183485000000001 32.999831666666665
vertex 43.99998166666667 -13.183485000000001 3.9999983333333335
vertex 43.99998166666667 -13.183485000000001 32.999831666666665
endloop
endfacet
facet normal 0 -1 0
outer loop
vertex -43.99998166666667 -13.183485000000001 32.999831666666665
vertex -43.99998166666667 -13.183485000000001 3.9999983333333335
vertex -42.00029166666667 -13.183485000000001 3.9999983333333335
endloop
endfacet
facet normal 0 -1 0
outer loop
vertex -43.99998166666667 -13.183485000000001 32.999831666666665
vertex -42.00029166666667 -13.183485000000001 3.9999983333333335
vertex -42.00029166666667 -13.183485000000001 32.999831666666665
endloop
endfacet
facet normal 0 1 0
outer loop
vertex -42.00029166666667 -11.183176666666668 32.999831666666665
vertex -42.00029166666667 -11.183176666666668 3.9999983333333335
vertex -43.99998166666667 -11.183176666666668 3.9999983333333335
endloop
endfacet
facet normal 0 1 0
outer loop
vertex -42.00029166666667 -11.183176666666668 32.999831666666665
vertex -43.99998166666667 -11.183176666666668 3.9999983333333335
vertex -43.99998166666667 -11.183176666666668 32.999831666666665
endloop
endfacet
facet normal 0 1 0
outer loop
vertex 43.99998166666667 -11.183176666666668 32.999831666666665
vertex 43.99998166666667 -11.183176666666668 3.9999983333333335
vertex 42.00029166666667 -11.183176666666668 3.9999983333333335
endloop
endfacet
facet normal 0 1 0
outer loop
vertex 43.99998166666667 -11.183176666666668 32.999831666666665
vertex 42.00029166666667 -11.183176666666668 3.9999983333333335
vertex 42.00029166666667 -11.183176666666668 32.999831666666665
endloop
endfacet
facet normal -1 0 0
outer loop
vertex 42.00029166666667 -11.183176666666668 32.999831666666665
vertex 42.00029166666667 -11.183176666666668 3.9999983333333335
vertex 42.00029166666667 -13.183485000000001 3.9999983333333335
endloop
endfacet
facet normal -1 0 0
outer loop
vertex 42.00029166666667 -11.183176666666668 32.999831666666665
vertex 42.00029166666667 -13.183485000000001 3.9999983333333335
vertex 42.00029166666667 -13.183485000000001 32.999831666666665
endloop
endfacet
facet normal -1 0 0
outer loop
vertex 42.00029166666667 1.8834433333333334 32.999831666666665
vertex 42.00029166666667 1.8834433333333334 3.9999983333333335
vertex 42.00029166666667 -0.11686500000000001 3.9999983333333335
endloop
endfacet
facet normal -1 0 0
outer loop
vertex 42.00029166666667 1.8834433333333334 32.999831666666665
vertex 42.00029166666667 -0.11686500000000001 3.9999983333333335
vertex 42.00029166666667 -0.11686500000000001 32.999831666666665
endloop
endfacet
facet normal 0 -1 0
outer loop
vertex 42.00029166666667 -0.11686500000000001 32.999831666666665
vertex 42.00029166666667 -0.11686500000000001 3.9999983333333335
vertex 43.99998166666667 -0.11686500000000001 3.9999983333333335
endloop
endfacet
facet normal 0 -1 0
outer loop
vertex 42.00029166666667 -0.11686500000000001 32.999831666666665
vertex 43.99998166666667 -0.11686500000000001 3.9999983333333335
vertex 43.99998166666667 -0.11686500000000001 32.999831666666665
endloop
endfacet
facet normal 0 -1 0
outer loop
vertex -43.99998166666667 -0.11686500000000001 32.999831666666665
vertex -43.99998166666667 -0.11686500000000001 3.9999983333333335
vertex -42.00029166666667 -0.11686500000000001 3.9999983333333335
endloop
endfacet
facet normal 0 -1 0
outer loop
vertex -43.99998166666667 -0.11686500000000001 32.999831666666665
vertex -42.00029166666667 -0.11686500000000001 3.9999983333333335
vertex -42.00029166666667 -0.11686500000000001 32.999831666666665
endloop
endfacet
facet normal 0 1 0
outer loop
vertex -42.00029166666667 1.8834433333333334 32.999831666666665
vertex -42.00029166666667 1.8834433333333334 3.9999983333333335
vertex -43.99998166666667 1.8834433333333334 3.9999983333333335
endloop
endfacet
facet normal 0 1 0
outer loop
vertex -42.00029166666667 1.8834433333333334 32.999831666666665
vertex -43.99998166666667 1.8834433333333334 3.9999983333333335
vertex -43.99998166666667 1.8834433333333334 32.999831666666665
endloop
endfacet
facet normal 0 1 0
outer loop
vertex 43.99998166666667 1.8834433333333334 32.999831666666665
vertex 43.99998166666667 1.8834433333333334 3.9999983333333335
vertex 42.00029166666667 1.8834433333333334 3.9999983333333335
endloop
endfacet
facet normal 0 1 0
outer loop
vertex 43.99998166666667 1.8834433333333334 32.999831666666665
vertex 42.00029166666667 1.8834433333333334 3.9999983333333335
vertex 42.00029166666667 1.8834433333333334 32.999831666666665
endloop
endfacet
facet normal -1 0 0
outer loop
vertex -47.99998 -20.257218333333334 24.595445
vertex -47.99998 12.949755000000001 0
vertex -47.99998 -24.24979666666667 0
endloop
endfacet
facet normal -1 0 0
outer loop
vertex -47.99998 -20.257218333333334 24.595445
vertex -47.99998 -24.24979666666667 0
vertex -47.99998 -28.249795000000002 0
endloop
endfacet
facet normal -1 0 0
outer loop
vertex -47.99998 -20.257218333333334 24.595445
vertex -47.99998 -28.249795000000002 0
vertex -47.99998 -28.249795000000002 20.999836666666667
endloop
endfacet
facet normal -0.9999999999999999 0 0
outer loop
vertex -47.99998 -20.257218333333334 24.595445
vertex -47.99998 -28.249795000000002 20.999836666666667
vertex -47.99998 -28.249795000000002 21.001691666666666
endloop
endfacet
facet normal -1 0 0
outer loop
vertex -47.99998 -20.257218333333334 24.595445
vertex -47.99998 -28.249795000000002 21.001691666666666
vertex -47.99998 -28.249795000000002 21.00602
endloop
endfacet
facet normal -1 0 0
outer loop
vertex -47.99998 -20.257218333333334 24.595445
vertex -47.99998 -28.249795000000002 21.00602
vertex -47.99998 -28.249795000000002 21.013440000000003
endloop
endfacet
facet normal -0.9999999999999999 0 0
outer loop
vertex -47.99998 -20.257218333333334 24.595445
vertex -47.99998 -28.249795000000002 21.013440000000003
vertex -47.99998 -28.249795000000002 21.02395166666667
endloop
endfacet
facet normal -1 0 0
outer loop
vertex -47.99998 -20.257218333333334 24.595445
vertex -47.99998 -28.249795000000002 21.02395166666667
vertex -47.99998 -28.249795000000002 21.037555
endloop
endfacet
facet normal -1 0 0
outer loop
vertex -47.99998 -20.257218333333334 24.595445
vertex -47.99998 -28.249795000000002 21.037555
vertex -47.99998 -28.249795000000002 21.05425
endloop
endfacet
facet normal -0.9999999999999999 0 0
outer loop
vertex -47.99998 -20.257218333333334 24.595445
vertex -47.99998 -28.249795000000002 21.05425
vertex -47.99998 -28.249795000000002 21.073418333333333
endloop
endfacet
facet normal -1 0 0
outer loop
vertex -47.99998 -20.257218333333334 24.595445
vertex -47.99998 -28.249795000000002 21.073418333333333
vertex -47.99998 -28.249795000000002 21.096296666666667
endloop
endfacet
facet normal -1 0 0
outer loop
vertex -47.99998 -20.257218333333334 24.595445
vertex -47.99998 -28.249795000000002 21.096296666666667
vertex -47.99998 -28.249795000000002 21.121648333333333
endloop
endfacet
facet normal -1 0 0
outer loop
vertex -47.99998 -20.257218333333334 24.595445
vertex -47.99998 -28.249795000000002 21.121648333333333
vertex -47.99998 -28.249795000000002 21.15009166666667
endloop
endfacet
facet normal -1 0 0
outer loop
vertex -47.99998 -20.257218333333334 24.595445
vertex -47.99998 -28.249795000000002 21.15009166666667
vertex -47.99998 -28.249795000000002 21.181008333333335
endloop
endfacet
facet normal -1 0 0
outer loop
vertex -47.99998 -20.257218333333334 24.595445
vertex -47.99998 -28.249795000000002 21.181008333333335
vertex -47.99998 -28.249795000000002 21.215016666666667
endloop
endfacet
facet normal -1 0 0
outer loop
vertex -47.99998 -20.257218333333334 24.595445
vertex -47.99998 -28.249795000000002 21.215016666666667
vertex -47.99998 -28.249795000000002 21.25211666666667
endloop
endfacet
facet normal -1 0 0
outer loop
vertex -47.99998 -20.257218333333334 24.595445
vertex -47.99998 -28.249795000000002 21.25211666666667
vertex -47.99998 -28.249795000000002 21.292308333333335
endloop
endfacet
facet normal -1 0 0
outer loop
vertex -47.99998 -20.257218333333334 24.595445
vertex -47.99998 -28.249795000000002 21.292308333333335
vertex -47.99998 -28.249795000000002 21.334973333333334
endloop
endfacet
facet normal -1 0 0
outer loop
vertex -47.99998 -20.257218333333334 24.595445
vertex -47.99998 -28.249795000000002 21.334973333333334
vertex -47.99998 -28.249795000000002 21.38073
endloop
endfacet
facet normal -1 0 0
outer loop
vertex -47.99998 -20.257218333333334 24.595445
vertex -47.99998 -28.249795000000002 21.38073
vertex -47.99998 -28.249795000000002 21.42896
endloop
endfacet
facet normal -1 0 0
outer loop
vertex -47.99998 -20.257218333333334 24.595445
vertex -47.99998 -28.249795000000002 21.42896
vertex -47.99998 -28.249795000000002 21.480281666666666
endloop
endfacet
facet normal -1 0 0
outer loop
vertex -47.99998 -20.257218333333334 24.595445
vertex -47.99998 -28.249795000000002 21.480281666666666
vertex -47.99998 -28.249795000000002 21.534076666666667
endloop
endfacet
facet normal -1 0 0
outer loop
vertex -47.99998 -20.257218333333334 24.595445
vertex -47.99998 -28.249795000000002 21.534076666666667
vertex -47.99998 -28.249795000000002 21.590345000000003
endloop
endfacet
facet normal -1 0 0
outer loop
vertex -47.99998 -20.257218333333334 24.595445
vertex -47.99998 -28.249795000000002 21.590345000000003
vertex -47.99998 -28.249795000000002 21.649705
endloop
endfacet
facet normal -0.9999999999999999 0 0
outer loop
vertex -47.99998 -20.257218333333334 24.595445
vertex -47.99998 -28.249795000000002 21.649705
vertex -47.99998 -28.249795000000002 21.711538333333333
endloop
endfacet
facet normal -1 0 0
outer loop
vertex -47.99998 -20.257218333333334 24.595445
vertex -47.99998 -28.249795000000002 21.711538333333333
vertex -47.99998 -28.249795000000002 21.775845
endloop
endfacet
facet normal -1 0 0
outer loop
vertex -47.99998 -20.257218333333334 24.595445
vertex -47.99998 -28.249795000000002 21.775845
vertex -47.99998 -28.249795000000002 21.842625
endloop
endfacet
facet normal -1 0 0
outer loop
vertex -47.99998 -20.257218333333334 24.595445
vertex -47.99998 -28.249795000000002 21.842625
vertex -47.99998 -28.249795000000002 21.911878333333334
endloop
endfacet
facet normal -1 0 0
outer loop
vertex -47.99998 -20.257218333333334 24.595445
vertex -47.99998 -28.249795000000002 21.911878333333334
vertex -47.99998 -28.249795000000002 21.984223333333336
endloop
endfacet
facet normal -1 0 0
outer loop
vertex -47.99998 -20.257218333333334 24.595445
vertex -47.99998 -28.249795000000002 21.984223333333336
vertex -47.99998 -28.249795000000002 22.058423333333334
endloop
endfacet
facet normal -1 0 0
outer loop
vertex -47.99998 -20.257218333333334 24.595445
vertex -47.99998 -28.249795000000002 22.058423333333334
vertex -47.99998 -28.249795000000002 22.13509666666667
endloop
endfacet
facet normal -1 0 0
outer loop
vertex -47.99998 -20.257218333333334 24.595445
vertex -47.99998 -28.249795000000002 22.13509666666667
vertex -47.99998 -28.249795000000002 22.214243333333336
endloop
endfacet
facet normal -1 0 0
outer loop
vertex -47.99998 -20.257218333333334 24.595445
vertex -47.99998 -28.249795000000002 22.214243333333336
vertex -47.99998 -28.249795000000002 22.295245
endloop
endfacet
facet normal -1 0 0
outer loop
vertex -47.99998 -20.257218333333334 24.595445
vertex -47.99998 -28.249795000000002 22.295245
vertex -47.99998 -28.249795000000002 22.37872
endloop
endfacet
facet normal -1 0 0
outer loop
vertex -47.99998 -20.257218333333334 24.595445
vertex -47.99998 -28.249795000000002 22.37872
vertex -47.99998 -28.249795000000002 22.464668333333336
endloop
endfacet
facet normal -1 0 0
outer loop
vertex -47.99998 -20.257218333333334 24.595445
vertex -47.99998 -28.249795000000002 22.464668333333336
vertex -47.99998 -28.249795000000002 22.55247166666667
endloop
endfacet
facet normal -1 0 0
outer loop
vertex -47.99998 -20.257218333333334 24.595445
vertex -47.99998 -28.249795000000002 22.55247166666667
vertex -47.99998 -28.249795000000002 22.64213
endloop
endfacet
facet normal -0.9999999999999999 0 0
outer loop
vertex -47.99998 -20.257218333333334 24.595445
vertex -47.99998 -28.249795000000002 22.64213
vertex -47.99998 -28.249795000000002 22.73426166666667
endloop
endfacet
facet normal -1 0 0
outer loop
vertex -47.99998 -20.257218333333334 24.595445
vertex -47.99998 -28.249795000000002 22.73426166666667
vertex -47.99998 -28.249795000000002 22.828248333333335
endloop
endfacet
facet normal -1 0 0
outer loop
vertex -47.99998 -20.257218333333334 24.595445
vertex -47.99998 -28.249795000000002 22.828248333333335
vertex -47.99998 -28.249795000000002 22.92409
endloop
endfacet
facet normal -1 0 0
outer loop
vertex -47.99998 -20.257218333333334 24.595445
vertex -47.99998 -28.249795000000002 22.92409
vertex -47.99998 -28.249795000000002 23.021786666666667
endloop
endfacet
facet normal -1 0 0
outer loop
vertex -47.99998 -20.257218333333334 24.595445
vertex -47.99998 -28.249795000000002 23.021786666666667
vertex -47.99998 -28.249795000000002 23.120720000000002
endloop
endfacet
facet normal -1 0 0
outer loop
vertex -47.99998 -20.257218333333334 24.595445
vertex -47.99998 -28.249795000000002 23.120720000000002
vertex -47.99998 -28.249795000000002 23.222126666666668
endloop
endfacet
facet normal -1 0 0
outer loop
vertex -47.99998 -20.257218333333334 24.595445
vertex -47.99998 -28.249795000000002 23.222126666666668
vertex -47.99998 -28.249795000000002 23.32477
endloop
endfacet
facet normal -1 0 0
outer loop
vertex -47.99998 -20.257218333333334 24.595445
vertex -47.99998 -28.249795000000002 23.32477
vertex -47.99998 -28.249795000000002 23.429268333333333
endloop
endfacet
facet normal -1 0 0
outer loop
vertex -47.99998 -20.257218333333334 24.595445
vertex -47.99998 -28.249795000000002 23.429268333333333
vertex -47.99998 -28.249795000000002 23.535621666666668
endloop
endfacet
facet normal -0.9999999999999999 0 0
outer loop
vertex -47.99998 -20.257218333333334 24.595445
vertex -47.99998 -28.249795000000002 23.535621666666668
vertex -47.99998 -28.249795000000002 23.64321166666667
endloop
endfacet
facet normal -0.9999999999999999 0 0
outer loop
vertex -47.99998 -20.257218333333334 24.595445
vertex -47.99998 -28.249795000000002 23.64321166666667
vertex -47.99998 -28.249795000000002 23.752038333333335
endloop
endfacet
facet normal -1 0 0
outer loop
vertex -47.99998 -20.257218333333334 24.595445
vertex -47.99998 -28.249795000000002 23.752038333333335
vertex -47.99998 -28.249795000000002 23.862101666666668
endloop
endfacet
facet normal -1 0 0
outer loop
vertex -47.99998 -20.257218333333334 24.595445
vertex -47.99998 -28.249795000000002 23.862101666666668
vertex -47.99998 -28.249795000000002 23.974020000000003
endloop
endfacet
facet normal -1 0 0
outer loop
vertex -47.99998 -20.257218333333334 24.595445
vertex -47.99998 -28.249795000000002 23.974020000000003
vertex -47.99998 -28.249795000000002 24.086556666666667
endloop
endfacet
facet normal -1 0 0
outer loop
vertex -47.99998 -20.257218333333334 24.595445
vertex -47.99998 -28.249795000000002 24.086556666666667
vertex -47.99998 -28.249795000000002 24.20033
endloop
endfacet
facet normal -0.9999999999999999 0 0
outer loop
vertex -47.99998 -20.257218333333334 24.595445
vertex -47.99998 -28.249795000000002 24.20033
vertex -47.99998 -28.249795000000002 24.315340000000003
endloop
endfacet
facet normal -1 0 0
outer loop
vertex -47.99998 -20.257218333333334 24.595445
vertex -47.99998 -28.249795000000002 24.315340000000003
vertex -47.99998 -28.249795000000002 24.431586666666668
endloop
endfacet
facet normal -1 0 0
outer loop
vertex -47.99998 -20.257218333333334 24.595445
vertex -47.99998 -28.249795000000002 24.431586666666668
vertex -47.99998 -28.249795000000002 24.54845166666667
endloop
endfacet
facet normal -0.9999999999999999 0 0
outer loop
vertex -47.99998 -20.257218333333334 24.595445
vertex -47.99998 -28.249795000000002 24.54845166666667
vertex -47.99998 -28.249795000000002 24.666553333333333
endloop
endfacet
facet normal -1 0 0
outer loop
vertex -47.99998 -20.257218333333334 24.595445
vertex -47.99998 -28.249795000000002 24.666553333333333
vertex -47.99998 -28.249795000000002 24.785273333333336
endloop
endfacet
facet normal -0.9999999999999999 0 0
outer loop
vertex -47.99998 -20.257218333333334 24.595445
vertex -47.99998 -28.249795000000002 24.785273333333336
vertex -47.99998 -28.249795000000002 24.904611666666668
endloop
endfacet
facet normal -1 0 0
outer loop
vertex -47.99998 -20.257218333333334 24.595445
vertex -47.99998 -28.249795000000002 24.904611666666668
vertex -47.99998 -28.249795000000002 25.024568333333335
endloop
endfacet
facet normal -1 0 0
outer loop
vertex -47.99998 -20.257218333333334 24.595445
vertex -47.99998 -28.249795000000002 25.024568333333335
vertex -47.99998 -28.249795000000002 25.145143333333333
endloop
endfacet
facet normal -1 0 0
outer loop
vertex -47.99998 -20.257218333333334 24.595445
vertex -47.99998 -28.249795000000002 25.145143333333333
vertex -47.99998 -28.249795000000002 25.266336666666668
endloop
endfacet
facet normal -1 0 0
outer loop
vertex -47.99998 -20.257218333333334 24.595445
vertex -47.99998 -28.249795000000002 25.266336666666668
vertex -47.99998 -28.249795000000002 25.388148333333334
endloop
endfacet
facet normal -1 0 0
outer loop
vertex -47.99998 -20.257218333333334 24.595445
vertex -47.99998 -28.249795000000002 25.388148333333334
vertex -47.99998 -28.249795000000002 25.509960000000003
endloop
endfacet
facet normal -1 0 0
outer loop
vertex -47.99998 -20.257218333333334 24.595445
vertex -47.99998 -28.249795000000002 25.509960000000003
vertex -47.99998 -28.249795000000002 25.63239
endloop
endfacet
facet normal -1 0 0
outer loop
vertex -47.99998 -20.257218333333334 24.595445
vertex -47.99998 -28.249795000000002 25.63239
vertex -47.99998 -28.249795000000002 25.754820000000002
endloop
endfacet
facet normal -1 0 0
outer loop
vertex -47.99998 -20.257218333333334 24.595445
vertex -47.99998 -28.249795000000002 25.754820000000002
vertex -47.99998 -28.249795000000002 25.87725
endloop
endfacet
facet normal -1 0 0
outer loop
vertex -47.99998 -20.257218333333334 24.595445
vertex -47.99998 -28.249795000000002 25.87725
vertex -47.99998 -28.249795000000002 26.000298333333333
endloop
endfacet
facet normal -1 0 0
outer loop
vertex -47.99998 -20.257218333333334 24.595445
vertex -47.99998 -28.249795000000002 26.000298333333333
vertex -47.99998 -28.249795000000002 26.122728333333335
endloop
endfacet
facet normal -0.9999999999999999 0 0
outer loop
vertex -47.99998 -20.257218333333334 24.595445
vertex -47.99998 -28.249795000000002 26.122728333333335
vertex -47.99998 -28.249795000000002 26.245158333333336
endloop
endfacet
facet normal -1 0 0
outer loop
vertex -47.99998 -20.257218333333334 24.595445
vertex -47.99998 -28.249795000000002 26.245158333333336
vertex -47.99998 -28.249795000000002 26.367588333333334
endloop
endfacet
facet normal -1 0 0
outer loop
vertex -47.99998 -20.257218333333334 24.595445
vertex -47.99998 -28.249795000000002 26.367588333333334
vertex -47.99998 -28.249795000000002 26.490018333333335
endloop
endfacet
facet normal -0.9999999999999999 0 0
outer loop
vertex -47.99998 -20.257218333333334 24.595445
vertex -47.99998 -28.249795000000002 26.490018333333335
vertex -47.99998 -28.249795000000002 26.61183
endloop
endfacet
facet normal -1 0 0
outer loop
vertex -47.99998 -20.257218333333334 24.595445
vertex -47.99998 -28.249795000000002 26.61183
vertex -47.99998 -28.249795000000002 26.733641666666667
endloop
endfacet
facet normal -1 0 0
outer loop
vertex -47.99998 -20.257218333333334 24.595445
vertex -47.99998 -28.249795000000002 26.733641666666667
vertex -47.99998 -28.249795000000002 26.854835
endloop
endfacet
facet normal -1 0 0
outer loop
vertex -47.99998 -20.257218333333334 24.595445
vertex -47.99998 -28.249795000000002 26.854835
vertex -47.99998 -28.249795000000002 26.97541
endloop
endfacet
facet normal -1 0 0
outer loop
vertex -47.99998 -20.257218333333334 24.595445
vertex -47.99998 -28.249795000000002 26.97541
vertex -47.99998 -28.249795000000002 27.095366666666667
endloop
endfacet
facet normal -1 0 0
outer loop
vertex -47.99998 -20.257218333333334 24.595445
vertex -47.99998 -28.249795000000002 27.095366666666667
vertex -47.99998 -28.249795000000002 27.214705000000002
endloop
endfacet
facet normal -0.9999999999999999 0 0
outer loop
vertex -47.99998 -20.257218333333334 24.595445
vertex -47.99998 -28.249795000000002 27.214705000000002
vertex -47.99998 -28.249795000000002 27.333425000000002
endloop
endfacet
facet normal -1 0 0
outer loop
vertex -47.99998 -20.257218333333334 24.595445
vertex -47.99998 -28.249795000000002 27.333425000000002
vertex -47.99998 -28.249795000000002 27.45152666666667
endloop
endfacet
facet normal -1 0 0
outer loop
vertex -47.99998 -20.257218333333334 24.595445
vertex -47.99998 -28.249795000000002 27.45152666666667
vertex -47.99998 -28.249795000000002 27.568391666666667
endloop
endfacet
facet normal -0.9999999999999999 0 0
outer loop
vertex -47.99998 -20.257218333333334 24.595445
vertex -47.99998 -28.249795000000002 27.568391666666667
vertex -47.99998 -28.249795000000002 27.684638333333336
endloop
endfacet
facet normal -1 0 0
outer loop
vertex -47.99998 -20.257218333333334 24.595445
vertex -47.99998 -28.249795000000002 27.684638333333336
vertex -47.99998 -28.249795000000002 27.799648333333334
endloop
endfacet
facet normal -1 0 0
outer loop
vertex -47.99998 -20.257218333333334 24.595445
vertex -47.99998 -28.249795000000002 27.799648333333334
vertex -47.99998 -28.249795000000002 27.913421666666668
endloop
endfacet
facet normal -1 0 0
outer loop
vertex -47.99998 -20.257218333333334 24.595445
vertex -47.99998 -28.249795000000002 27.913421666666668
vertex -47.99998 -28.249795000000002 28.025958333333335
endloop
endfacet
facet normal -1 0 0
outer loop
vertex -47.99998 -20.257218333333334 24.595445
vertex -47.99998 -28.249795000000002 28.025958333333335
vertex -47.99998 -28.249795000000002 28.137876666666667
endloop
endfacet
facet normal -1 0 0
outer loop
vertex -47.99998 -20.257218333333334 24.595445
vertex -47.99998 -28.249795000000002 28.137876666666667
vertex -47.99998 -28.249795000000002 28.24794
endloop
endfacet
facet normal -1 0 0
outer loop
vertex -47.99998 -20.257218333333334 24.595445
vertex -47.99998 -28.249795000000002 28.24794
vertex -47.99998 -28.249795000000002 28.35676666666667
endloop
endfacet
facet normal -1 0 0
outer loop
vertex -47.99998 -20.257218333333334 24.595445
vertex -47.99998 -28.249795000000002 28.35676666666667
vertex -47.99998 -28.249795000000002 28.464356666666667
endloop
endfacet
facet normal -1 0 0
outer loop
vertex -47.99998 -20.257218333333334 24.595445
vertex -47.99998 -28.249795000000002 28.464356666666667
vertex -47.99998 -28.249795000000002 28.570710000000002
endloop
endfacet
facet normal -1 0 0
outer loop
vertex -47.99998 -20.257218333333334 24.595445
vertex -47.99998 -28.249795000000002 28.570710000000002
vertex -47.99998 -28.249795000000002 28.675208333333334
endloop
endfacet
facet normal -1 0 0
outer loop
vertex -47.99998 -20.257218333333334 24.595445
vertex -47.99998 -28.249795000000002 28.675208333333334
vertex -47.99998 -28.249795000000002 28.777851666666667
endloop
endfacet
facet normal -1 0 0
outer loop
vertex -47.99998 -20.257218333333334 24.595445
vertex -47.99998 -28.249795000000002 28.777851666666667
vertex -47.99998 -28.249795000000002 28.879258333333336
endloop
endfacet
facet normal -0.9999999999999999 0 0
outer loop
vertex -47.99998 -20.257218333333334 24.595445
vertex -47.99998 -28.249795000000002 28.879258333333336
vertex -47.99998 -28.249795000000002 28.978191666666667
endloop
endfacet
facet normal -1 0 0
outer loop
vertex -47.99998 -20.257218333333334 24.595445
vertex -47.99998 -28.249795000000002 28.978191666666667
vertex -47.99998 -28.249795000000002 29.075888333333335
endloop
endfacet
facet normal -1 0 0
outer loop
vertex -47.99998 -20.257218333333334 24.595445
vertex -47.99998 -28.249795000000002 29.075888333333335
vertex -47.99998 -28.249795000000002 29.17173
endloop
endfacet
facet normal -1 0 0
outer loop
vertex -47.99998 -20.257218333333334 24.595445
vertex -47.99998 -28.249795000000002 29.17173
vertex -47.99998 -28.249795000000002 29.26571666666667
endloop
endfacet
facet normal -1 0 0
outer loop
vertex -47.99998 -20.257218333333334 24.595445
vertex -47.99998 -28.249795000000002 29.26571666666667
vertex -47.99998 -28.249795000000002 29.357848333333333
endloop
endfacet
facet normal -0.9999999999999999 0 0
outer loop
vertex -47.99998 -20.257218333333334 24.595445
vertex -47.99998 -28.249795000000002 29.357848333333333
vertex -47.99998 -28.249795000000002 29.44750666666667
endloop
endfacet
facet normal -1 0 0
outer loop
vertex -47.99998 -20.257218333333334 24.595445
vertex -47.99998 -28.249795000000002 29.44750666666667
vertex -47.99998 -28.249795000000002 29.535310000000003
endloop
endfacet
facet normal -1 0 0
outer loop
vertex -47.99998 -20.257218333333334 24.595445
vertex -47.99998 -28.249795000000002 29.535310000000003
vertex -47.99998 -28.249795000000002 29.621258333333333
endloop
endfacet
facet normal -1 0 0
outer loop
vertex -47.99998 -20.257218333333334 24.595445
vertex -47.99998 -28.249795000000002 29.621258333333333
vertex -47.99998 -28.249795000000002 29.704733333333333
endloop
endfacet
facet normal -1 0 0
outer loop
vertex -47.99998 -20.257218333333334 24.595445
vertex -47.99998 -28.249795000000002 29.704733333333333
vertex -47.99998 -28.249795000000002 29.786353333333334
endloop
endfacet
facet normal -1 0 0
outer loop
vertex -47.99998 -20.257218333333334 24.595445
vertex -47.99998 -28.249795000000002 29.786353333333334
vertex -47.99998 -28.249795000000002 29.86488166666667
endloop
endfacet
facet normal -1 0 0
outer loop
vertex -47.99998 -20.257218333333334 24.595445
vertex -47.99998 -28.249795000000002 29.86488166666667
vertex -47.99998 -28.249795000000002 29.941555
endloop
endfacet
facet normal -1 0 0
outer loop
vertex -47.99998 -20.257218333333334 24.595445
vertex -47.99998 -28.249795000000002 29.941555
vertex -47.99998 -28.249795000000002 30.015755000000002
endloop
endfacet
facet normal -1 0 0
outer loop
vertex -47.99998 -20.257218333333334 24.595445
vertex -47.99998 -28.249795000000002 30.015755000000002
vertex -47.99998 -28.249795000000002 30.0881
endloop
endfacet
facet normal -1 0 0
outer loop
vertex -47.99998 -20.257218333333334 24.595445
vertex -47.99998 -28.249795000000002 30.0881
vertex -47.99998 -28.249795000000002 30.157353333333337
endloop
endfacet
facet normal -1 0 0
outer loop
vertex -47.99998 -20.257218333333334 24.595445
vertex -47.99998 -28.249795000000002 30.157353333333337
vertex -47.99998 -28.249795000000002 30.224133333333334
endloop
endfacet
facet normal -1 0 0
outer loop
vertex -47.99998 -20.257218333333334 24.595445
vertex -47.99998 -28.249795000000002 30.224133333333334
vertex -47.99998 -28.249795000000002 30.28844
endloop
endfacet
facet normal -1 0 0
outer loop
vertex -47.99998 -20.257218333333334 24.595445
vertex -47.99998 -28.249795000000002 30.28844
vertex -47.99998 -28.249795000000002 30.350273333333334
endloop
endfacet
facet normal -1 0 0
outer loop
vertex -47.99998 -20.257218333333334 24.595445
vertex -47.99998 -28.249795000000002 30.350273333333334
vertex -47.99998 -28.249795000000002 30.409633333333336
endloop
endfacet
facet normal -0.9999999999999999 0 0
outer loop
vertex -47.99998 -20.257218333333334 24.595445
vertex -47.99998 -28.249795000000002 30.409633333333336
vertex -47.99998 -28.249795000000002 30.465901666666667
endloop
endfacet
facet normal -1 0 0
outer loop
vertex -47.99998 -20.257218333333334 24.595445
vertex -47.99998 -28.249795000000002 30.465901666666667
vertex -47.99998 -28.249795000000002 30.51969666666667
endloop
endfacet
facet normal -1 0 0
outer loop
vertex -47.99998 -20.257218333333334 24.595445
vertex -47.99998 -28.249795000000002 30.51969666666667
vertex -47.99998 -28.249795000000002 30.571018333333335
endloop
endfacet
facet normal -1 0 0
outer loop
vertex -47.99998 -20.257218333333334 24.595445
vertex -47.99998 -28.249795000000002 30.571018333333335
vertex -47.99998 -28.249795000000002 30.619248333333335
endloop
endfacet
facet normal -1 0 0
outer loop
vertex -47.99998 -20.257218333333334 24.595445
vertex -47.99998 -28.249795000000002 30.619248333333335
vertex -47.99998 -28.249795000000002 30.665005
endloop
endfacet
facet normal -1 0 0
outer loop
vertex -47.99998 -20.257218333333334 24.595445
vertex -47.99998 -28.249795000000002 30.665005
vertex -47.99998 -28.249795000000002 30.70767
endloop
endfacet
facet normal -1 0 0
outer loop
vertex -47.99998 -20.257218333333334 24.595445
vertex -47.99998 -28.249795000000002 30.70767
vertex -47.99998 -28.249795000000002 30.74786166666667
endloop
endfacet
facet normal -1 0 0
outer loop
vertex -47.99998 -20.257218333333334 24.595445
vertex -47.99998 -28.249795000000002 30.74786166666667
vertex -47.99998 -28.249795000000002 30.784961666666668
endloop
endfacet
facet normal -1 0 0
outer loop
vertex -47.99998 -20.257218333333334 24.595445
vertex -47.99998 -28.249795000000002 30.784961666666668
vertex -47.99998 -28.249795000000002 30.81897
endloop
endfacet
facet normal -1 0 0
outer loop
vertex -47.99998 -20.257218333333334 24.595445
vertex -47.99998 -28.249795000000002 30.81897
vertex -47.99998 -28.249795000000002 30.84988666666667
endloop
endfacet
facet normal -1 0 0
outer loop
vertex -47.99998 -20.257218333333334 24.595445
vertex -47.99998 -28.249795000000002 30.84988666666667
vertex -47.99998 -28.249795000000002 30.878330000000002
endloop
endfacet
facet normal -1 0 0
outer loop
vertex -47.99998 -20.257218333333334 24.595445
vertex -47.99998 -28.249795000000002 30.878330000000002
vertex -47.99998 -28.249795000000002 30.903681666666667
endloop
endfacet
facet normal -1 0 0
outer loop
vertex -47.99998 -20.257218333333334 24.595445
vertex -47.99998 -28.249795000000002 30.903681666666667
vertex -47.99998 -28.249795000000002 30.926560000000002
endloop
endfacet
facet normal -1 0 0
outer loop
vertex -47.99998 -20.257218333333334 24.595445
vertex -47.99998 -28.249795000000002 30.926560000000002
vertex -47.99998 -28.249795000000002 30.945728333333335
endloop
endfacet
facet normal -1 0 0
outer loop
vertex -47.99998 -20.257218333333334 24.595445
vertex -47.99998 -28.249795000000002 30.945728333333335
vertex -47.99998 -28.249795000000002 30.962423333333334
endloop
endfacet
facet normal -0.9999999999999999 0 0
outer loop
vertex -47.99998 -20.257218333333334 24.595445
vertex -47.99998 -28.249795000000002 30.962423333333334
vertex -47.99998 -28.249795000000002 30.97602666666667
endloop
endfacet
facet normal -1 0 0
outer loop
vertex -47.99998 -20.257218333333334 24.595445
vertex -47.99998 -28.249795000000002 30.97602666666667
vertex -47.99998 -28.249795000000002 30.986538333333336
endloop
endfacet
facet normal -1 0 0
outer loop
vertex -47.99998 -20.257218333333334 24.595445
vertex -47.99998 -28.249795000000002 30.986538333333336
vertex -47.99998 -28.249795000000002 30.993958333333335
endloop
endfacet
facet normal -1 0 0
outer loop
vertex -47.99998 -20.257218333333334 24.595445
vertex -47.99998 -28.249795000000002 30.993958333333335
vertex -47.99998 -28.249795000000002 30.99828666666667
endloop
endfacet
facet normal -1 0 0
outer loop
vertex -47.99998 -20.257218333333334 24.595445
vertex -47.99998 -28.249795000000002 30.99828666666667
vertex -47.99998 -28.249795000000002 31.000141666666668
endloop
endfacet
facet normal -1 0 0
outer loop
vertex -47.99998 -20.257218333333334 24.595445
vertex -47.99998 -28.249795000000002 31.000141666666668
vertex -47.99998 -28.249795000000002 32.999831666666665
endloop
endfacet
facet normal -1 0 0
outer loop
vertex -47.99998 -20.257218333333334 24.595445
vertex -47.99998 -28.249795000000002 32.999831666666665
vertex -47.99998 -24.24979666666667 32.999831666666665
endloop
endfacet
facet normal -1 0 0
outer loop
vertex -47.99998 -20.257218333333334 24.595445
vertex -47.99998 -24.24979666666667 32.999831666666665
vertex -47.99998 -13.183485000000001 32.999831666666665
endloop
endfacet
facet normal -1 0 0
outer loop
vertex -47.99998 -20.257218333333334 24.595445
vertex -47.99998 -13.183485000000001 32.999831666666665
vertex -47.99998 -11.183176666666668 32.999831666666665
endloop
endfacet
facet normal -1 0 0
outer loop
vertex -47.99998 -20.257218333333334 24.595445
vertex -47.99998 -11.183176666666668 32.999831666666665
vertex -47.99998 -0.11686500000000001 32.999831666666665
endloop
endfacet
facet normal -1 0 0
outer loop
vertex -47.99998 -20.257218333333334 24.595445
vertex -47.99998 -0.11686500000000001 32.999831666666665
vertex -47.99998 1.8834433333333334 32.999831666666665
endloop
endfacet
facet normal -1 0 0
outer loop
vertex -47.99998 -20.257218333333334 24.595445
vertex -47.99998 1.8834433333333334 32.999831666666665
vertex -47.99998 12.949755000000001 32.999831666666665
endloop
endfacet
facet normal -1 0 0
outer loop
vertex -47.99998 -20.257218333333334 24.595445
vertex -47.99998 12.949755000000001 32.999831666666665
vertex -47.99998 16.949753333333334 32.999831666666665
endloop
endfacet
facet normal -1 0 0
outer loop
vertex -47.99998 -20.257218333333334 24.595445
vertex -47.99998 16.949753333333334 32.999831666666665
vertex -47.99998 16.949753333333334 30.000296666666667
endloop
endfacet
facet normal -1 0 0
outer loop
vertex -47.99998 -20.257218333333334 24.595445
vertex -47.99998 16.949753333333334 30.000296666666667
vertex -47.99998 16.949753333333334 29.92795166666667
endloop
endfacet
facet normal -1 0 0
outer loop
vertex -47.99998 -20.257218333333334 24.595445
vertex -47.99998 16.949753333333334 29.92795166666667
vertex -47.99998 16.949753333333334 29.44998
endloop
endfacet
facet normal -1 0 0
outer loop
vertex -47.99998 -20.257218333333334 24.595445
vertex -47.99998 16.949753333333334 29.44998
vertex -47.99998 16.949753333333334 28.972008333333335
endloop
endfacet
facet normal -1 0 0
outer loop
vertex -47.99998 -20.257218333333334 24.595445
vertex -47.99998 16.949753333333334 28.972008333333335
vertex -47.99998 16.949753333333334 28.512586666666667
endloop
endfacet
facet normal -1 0 0
outer loop
vertex -47.99998 -20.257218333333334 24.595445
vertex -47.99998 16.949753333333334 28.512586666666667
vertex -47.99998 16.949753333333334 28.089028333333335
endloop
endfacet
facet normal -1 0 0
outer loop
vertex -47.99998 -20.257218333333334 24.595445
vertex -47.99998 16.949753333333334 28.089028333333335
vertex -47.99998 16.949753333333334 27.71741
endloop
endfacet
facet normal -1 0 0
outer loop
vertex -47.99998 -20.257218333333334 24.595445
vertex -47.99998 16.949753333333334 27.71741
vertex -47.99998 16.949753333333334 27.41319
endloop
endfacet
facet normal -1 0 0
outer loop
vertex -47.99998 -20.257218333333334 24.595445
vertex -47.99998 16.949753333333334 27.41319
vertex -47.99998 16.949753333333334 27.186261666666667
endloop
endfacet
facet normal -1 0 0
outer loop
vertex -47.99998 -20.257218333333334 24.595445
vertex -47.99998 16.949753333333334 27.186261666666667
vertex -47.99998 16.949753333333334 27.047136666666667
endloop
endfacet
facet normal -1 0 0
outer loop
vertex -47.99998 -20.257218333333334 24.595445
vertex -47.99998 16.949753333333334 27.047136666666667
vertex -47.99998 16.949753333333334 27.000143333333334
endloop
endfacet
facet normal -1 0 0
outer loop
vertex -47.99998 -20.257218333333334 24.595445
vertex -47.99998 16.949753333333334 27.000143333333334
vertex -47.99998 16.949753333333334 12.99984
endloop
endfacet
facet normal -1 0 0
outer loop
vertex -47.99998 -20.257218333333334 24.595445
vertex -47.99998 16.949753333333334 12.99984
vertex -47.99998 16.949753333333334 10.000305
endloop
endfacet
facet normal -1 0 0
outer loop
vertex -47.99998 -20.257218333333334 24.595445
vertex -47.99998 16.949753333333334 10.000305
vertex -47.99998 16.949753333333334 9.92796
endloop
endfacet
facet normal -1 0 0
outer loop
vertex -47.99998 -20.257218333333334 24.595445
vertex -47.99998 16.949753333333334 9.92796
vertex -47.99998 16.949753333333334 9.449988333333334
endloop
endfacet
facet normal -1 0 0
outer loop
vertex -47.99998 -20.257218333333334 24.595445
vertex -47.99998 16.949753333333334 9.449988333333334
vertex -47.99998 16.949753333333334 8.972016666666667
endloop
endfacet
facet normal -1 0 0
outer loop
vertex -47.99998 -20.257218333333334 24.595445
vertex -47.99998 16.949753333333334 8.972016666666667
vertex -47.99998 16.949753333333334 8.512595000000001
endloop
endfacet
facet normal -1 0 0
outer loop
vertex -47.99998 -20.257218333333334 24.595445
vertex -47.99998 16.949753333333334 8.512595000000001
vertex -47.99998 16.949753333333334 8.089036666666667
endloop
endfacet
facet normal -1 0 0
outer loop
vertex -47.99998 -20.257218333333334 24.595445
vertex -47.99998 16.949753333333334 8.089036666666667
vertex -47.99998 16.949753333333334 7.717418333333334
endloop
endfacet
facet normal -1 0 0
outer loop
vertex -47.99998 -20.257218333333334 24.595445
vertex -47.99998 16.949753333333334 7.717418333333334
vertex -47.99998 16.949753333333334 7.413198333333334
endloop
endfacet
facet normal -1 0 0
outer loop
vertex -47.99998 -20.257218333333334 24.595445
vertex -47.99998 16.949753333333334 7.413198333333334
vertex -47.99998 16.949753333333334 7.18627
endloop
endfacet
facet normal -1 0 0
outer loop
vertex -47.99998 -20.257218333333334 24.595445
vertex -47.99998 16.949753333333334 7.18627
vertex -47.99998 16.949753333333334 7.047145
endloop
endfacet
facet normal -1 0 0
outer loop
vertex -47.99998 -20.257218333333334 24.595445
vertex -47.99998 16.949753333333334 7.047145
vertex -47.99998 16.949753333333334 7.000151666666667
endloop
endfacet
facet normal -1 0 0
outer loop
vertex -47.99998 -20.257218333333334 24.595445
vertex -47.99998 16.949753333333334 7.000151666666667
vertex -47.99998 16.949753333333334 0
endloop
endfacet
facet normal -1 0 0
outer loop
vertex -47.99998 -20.257218333333334 24.595445
vertex -47.99998 16.949753333333334 0
vertex -47.99998 12.949755000000001 0
endloop
endfacet
facet normal 1 0 0
outer loop
vertex 47.99998 -20.257218333333334 24.595445
vertex 47.99998 -28.249795000000002 31.000141666666668
vertex 47.99998 -28.249795000000002 30.99828666666667
endloop
endfacet
facet normal 1 0 0
outer loop
vertex 47.99998 -20.257218333333334 24.595445
vertex 47.99998 -28.249795000000002 30.99828666666667
vertex 47.99998 -28.249795000000002 30.993958333333335
endloop
endfacet
facet normal 1 0 0
outer loop
vertex 47.99998 -20.257218333333334 24.595445
vertex 47.99998 -28.249795000000002 30.993958333333335
vertex 47.99998 -28.249795000000002 30.986538333333336
endloop
endfacet
facet normal 1 0 0
outer loop
vertex 47.99998 -20.257218333333334 24.595445
vertex 47.99998 -28.249795000000002 30.986538333333336
vertex 47.99998 -28.249795000000002 30.97602666666667
endloop
endfacet
facet normal 0.9999999999999999 0 0
outer loop
vertex 47.99998 -20.257218333333334 24.595445
vertex 47.99998 -28.249795000000002 30.97602666666667
vertex 47.99998 -28.249795000000002 30.962423333333334
endloop
endfacet
facet normal 1 0 0
outer loop
vertex 47.99998 -20.257218333333334 24.595445
vertex 47.99998 -28.249795000000002 30.962423333333334
vertex 47.99998 -28.249795000000002 30.945728333333335
endloop
endfacet
facet normal 1 0 0
outer loop
vertex 47.99998 -20.257218333333334 24.595445
vertex 47.99998 -28.249795000000002 30.945728333333335
vertex 47.99998 -28.249795000000002 30.926560000000002
endloop
endfacet
facet normal 1 0 0
outer loop
vertex 47.99998 -20.257218333333334 24.595445
vertex 47.99998 -28.249795000000002 30.926560000000002
vertex 47.99998 -28.249795000000002 30.903681666666667
endloop
endfacet
facet normal 1 0 0
outer loop
vertex 47.99998 -20.257218333333334 24.595445
vertex 47.99998 -28.249795000000002 30.903681666666667
vertex 47.99998 -28.249795000000002 30.878330000000002
endloop
endfacet
facet normal 1 0 0
outer loop
vertex 47.99998 -20.257218333333334 24.595445
vertex 47.99998 -28.249795000000002 30.878330000000002
vertex 47.99998 -28.249795000000002 30.84988666666667
endloop
endfacet
facet normal 1 0 0
outer loop
vertex 47.99998 -20.257218333333334 24.595445
vertex 47.99998 -28.249795000000002 30.84988666666667
vertex 47.99998 -28.249795000000002 30.81897
endloop
endfacet
facet normal 1 0 0
outer loop
vertex 47.99998 -20.257218333333334 24.595445
vertex 47.99998 -28.249795000000002 30.81897
vertex 47.99998 -28.249795000000002 30.784961666666668
endloop
endfacet
facet normal 1 0 0
outer loop
vertex 47.99998 -20.257218333333334 24.595445
vertex 47.99998 -28.249795000000002 30.784961666666668
vertex 47.99998 -28.249795000000002 30.74786166666667
endloop
endfacet
facet normal 1 0 0
outer loop
vertex 47.99998 -20.257218333333334 24.595445
vertex 47.99998 -28.249795000000002 30.74786166666667
vertex 47.99998 -28.249795000000002 30.70767
endloop
endfacet
facet normal 1 0 0
outer loop
vertex 47.99998 -20.257218333333334 24.595445
vertex 47.99998 -28.249795000000002 30.70767
vertex 47.99998 -28.249795000000002 30.665005
endloop
endfacet
facet normal 1 0 0
outer loop
vertex 47.99998 -20.257218333333334 24.595445
vertex 47.99998 -28.249795000000002 30.665005
vertex 47.99998 -28.249795000000002 30.619248333333335
endloop
endfacet
facet normal 1 0 0
outer loop
vertex 47.99998 -20.257218333333334 24.595445
vertex 47.99998 -28.249795000000002 30.619248333333335
vertex 47.99998 -28.249795000000002 30.571018333333335
endloop
endfacet
facet normal 1 0 0
outer loop
vertex 47.99998 -20.257218333333334 24.595445
vertex 47.99998 -28.249795000000002 30.571018333333335
vertex 47.99998 -28.249795000000002 30.51969666666667
endloop
endfacet
facet normal 1 0 0
outer loop
vertex 47.99998 -20.257218333333334 24.595445
vertex 47.99998 -28.249795000000002 30.51969666666667
vertex 47.99998 -28.249795000000002 30.465901666666667
endloop
endfacet
facet normal 0.9999999999999999 0 0
outer loop
vertex 47.99998 -20.257218333333334 24.595445
vertex 47.99998 -28.249795000000002 30.465901666666667
vertex 47.99998 -28.249795000000002 30.409633333333336
endloop
endfacet
facet normal 1 0 0
outer loop
vertex 47.99998 -20.257218333333334 24.595445
vertex 47.99998 -28.249795000000002 30.409633333333336
vertex 47.99998 -28.249795000000002 30.350273333333334
endloop
endfacet
facet normal 1 0 0
outer loop
vertex 47.99998 -20.257218333333334 24.595445
vertex 47.99998 -28.249795000000002 30.350273333333334
vertex 47.99998 -28.249795000000002 30.28844
endloop
endfacet
facet normal 1 0 0
outer loop
vertex 47.99998 -20.257218333333334 24.595445
vertex 47.99998 -28.249795000000002 30.28844
vertex 47.99998 -28.249795000000002 30.224133333333334
endloop
endfacet
facet normal 1 0 0
outer loop
vertex 47.99998 -20.257218333333334 24.595445
vertex 47.99998 -28.249795000000002 30.224133333333334
vertex 47.99998 -28.249795000000002 30.157353333333337
endloop
endfacet
facet normal 1 0 0
outer loop
vertex 47.99998 -20.257218333333334 24.595445
vertex 47.99998 -28.249795000000002 30.157353333333337
vertex 47.99998 -28.249795000000002 30.0881
endloop
endfacet
facet normal 1 0 0
outer loop
vertex 47.99998 -20.257218333333334 24.595445
vertex 47.99998 -28.249795000000002 30.0881
vertex 47.99998 -28.249795000000002 30.015755000000002
endloop
endfacet
facet normal 1 0 0
outer loop
vertex 47.99998 -20.257218333333334 24.595445
vertex 47.99998 -28.249795000000002 30.015755000000002
vertex 47.99998 -28.249795000000002 29.941555
endloop
endfacet
facet normal 1 0 0
outer loop
vertex 47.99998 -20.257218333333334 24.595445
vertex 47.99998 -28.249795000000002 29.941555
vertex 47.99998 -28.249795000000002 29.86488166666667
endloop
endfacet
facet normal 1 0 0
outer loop
vertex 47.99998 -20.257218333333334 24.595445
vertex 47.99998 -28.249795000000002 29.86488166666667
vertex 47.99998 -28.249795000000002 29.786353333333334
endloop
endfacet
facet normal 1 0 0
outer loop
vertex 47.99998 -20.257218333333334 24.595445
vertex 47.99998 -28.249795000000002 29.786353333333334
vertex 47.99998 -28.249795000000002 29.704733333333333
endloop
endfacet
facet normal 1 0 0
outer loop
vertex 47.99998 -20.257218333333334 24.595445
vertex 47.99998 -28.249795000000002 29.704733333333333
vertex 47.99998 -28.249795000000002 29.621258333333333
endloop
endfacet
facet normal 1 0 0
outer loop
vertex 47.99998 -20.257218333333334 24.595445
vertex 47.99998 -28.249795000000002 29.621258333333333
vertex 47.99998 -28.249795000000002 29.535310000000003
endloop
endfacet
facet normal 1 0 0
outer loop
vertex 47.99998 -20.257218333333334 24.595445
vertex 47.99998 -28.249795000000002 29.535310000000003
vertex 47.99998 -28.249795000000002 29.44750666666667
endloop
endfacet
facet normal 0.9999999999999999 0 0
outer loop
vertex 47.99998 -20.257218333333334 24.595445
vertex 47.99998 -28.249795000000002 29.44750666666667
vertex 47.99998 -28.249795000000002 29.357848333333333
endloop
endfacet
facet normal 1 0 0
outer loop
vertex 47.99998 -20.257218333333334 24.595445
vertex 47.99998 -28.249795000000002 29.357848333333333
vertex 47.99998 -28.249795000000002 29.26571666666667
endloop
endfacet
facet normal 1 0 0
outer loop
vertex 47.99998 -20.257218333333334 24.595445
vertex 47.99998 -28.249795000000002 29.26571666666667
vertex 47.99998 -28.249795000000002 29.17173
endloop
endfacet
facet normal 1 0 0
outer loop
vertex 47.99998 -20.257218333333334 24.595445
vertex 47.99998 -28.249795000000002 29.17173
vertex 47.99998 -28.249795000000002 29.075888333333335
endloop
endfacet
facet normal 1 0 0
outer loop
vertex 47.99998 -20.257218333333334 24.595445
vertex 47.99998 -28.249795000000002 29.075888333333335
vertex 47.99998 -28.249795000000002 28.978191666666667
endloop
endfacet
facet normal 0.9999999999999999 0 0
outer loop
vertex 47.99998 -20.257218333333334 24.595445
vertex 47.99998 -28.249795000000002 28.978191666666667
vertex 47.99998 -28.249795000000002 28.879258333333336
endloop
endfacet
facet normal 1 0 0
outer loop
vertex 47.99998 -20.257218333333334 24.595445
vertex 47.99998 -28.249795000000002 28.879258333333336
vertex 47.99998 -28.249795000000002 28.777851666666667
endloop
endfacet
facet normal 1 0 0
outer loop
vertex 47.99998 -20.257218333333334 24.595445
vertex 47.99998 -28.249795000000002 28.777851666666667
vertex 47.99998 -28.249795000000002 28.675208333333334
endloop
endfacet
facet normal 1 0 0
outer loop
vertex 47.99998 -20.257218333333334 24.595445
vertex 47.99998 -28.249795000000002 28.675208333333334
vertex 47.99998 -28.249795000000002 28.570710000000002
endloop
endfacet
facet normal 1 0 0
outer loop
vertex 47.99998 -20.257218333333334 24.595445
vertex 47.99998 -28.249795000000002 28.570710000000002
vertex 47.99998 -28.249795000000002 28.464356666666667
endloop
endfacet
facet normal 1 0 0
outer loop
vertex 47.99998 -20.257218333333334 24.595445
vertex 47.99998 -28.249795000000002 28.464356666666667
vertex 47.99998 -28.249795000000002 28.35676666666667
endloop
endfacet
facet normal 1 0 0
outer loop
vertex 47.99998 -20.257218333333334 24.595445
vertex 47.99998 -28.249795000000002 28.35676666666667
vertex 47.99998 -28.249795000000002 28.24794
endloop
endfacet
facet normal 1 0 0
outer loop
vertex 47.99998 -20.257218333333334 24.595445
vertex 47.99998 -28.249795000000002 28.24794
vertex 47.99998 -28.249795000000002 28.137876666666667
endloop
endfacet
facet normal 1 0 0
outer loop
vertex 47.99998 -20.257218333333334 24.595445
vertex 47.99998 -28.249795000000002 28.137876666666667
vertex 47.99998 -28.249795000000002 28.025958333333335
endloop
endfacet
facet normal 1 0 0
outer loop
vertex 47.99998 -20.257218333333334 24.595445
vertex 47.99998 -28.249795000000002 28.025958333333335
vertex 47.99998 -28.249795000000002 27.913421666666668
endloop
endfacet
facet normal 1 0 0
outer loop
vertex 47.99998 -20.257218333333334 24.595445
vertex 47.99998 -28.249795000000002 27.913421666666668
vertex 47.99998 -28.249795000000002 27.799648333333334
endloop
endfacet
facet normal 1 0 0
outer loop
vertex 47.99998 -20.257218333333334 24.595445
vertex 47.99998 -28.249795000000002 27.799648333333334
vertex 47.99998 -28.249795000000002 27.684638333333336
endloop
endfacet
facet normal 0.9999999999999999 0 0
outer loop
vertex 47.99998 -20.257218333333334 24.595445
vertex 47.99998 -28.249795000000002 27.684638333333336
vertex 47.99998 -28.249795000000002 27.568391666666667
endloop
endfacet
facet normal 1 0 0
outer loop
vertex 47.99998 -20.257218333333334 24.595445
vertex 47.99998 -28.249795000000002 27.568391666666667
vertex 47.99998 -28.249795000000002 27.45152666666667
endloop
endfacet
facet normal 1 0 0
outer loop
vertex 47.99998 -20.257218333333334 24.595445
vertex 47.99998 -28.249795000000002 27.45152666666667
vertex 47.99998 -28.249795000000002 27.333425000000002
endloop
endfacet
facet normal 0.9999999999999999 0 0
outer loop
vertex 47.99998 -20.257218333333334 24.595445
vertex 47.99998 -28.249795000000002 27.333425000000002
vertex 47.99998 -28.249795000000002 27.214705000000002
endloop
endfacet
facet normal 1 0 0
outer loop
vertex 47.99998 -20.257218333333334 24.595445
vertex 47.99998 -28.249795000000002 27.214705000000002
vertex 47.99998 -28.249795000000002 27.095366666666667
endloop
endfacet
facet normal 1 0 0
outer loop
vertex 47.99998 -20.257218333333334 24.595445
vertex 47.99998 -28.249795000000002 27.095366666666667
vertex 47.99998 -28.249795000000002 26.97541
endloop
endfacet
facet normal 1 0 0
outer loop
vertex 47.99998 -20.257218333333334 24.595445
vertex 47.99998 -28.249795000000002 26.97541
vertex 47.99998 -28.249795000000002 26.854835
endloop
endfacet
facet normal 1 0 0
outer loop
vertex 47.99998 -20.257218333333334 24.595445
vertex 47.99998 -28.249795000000002 26.854835
vertex 47.99998 -28.249795000000002 26.733641666666667
endloop
endfacet
facet normal 1 0 0
outer loop
vertex 47.99998 -20.257218333333334 24.595445
vertex 47.99998 -28.249795000000002 26.733641666666667
vertex 47.99998 -28.249795000000002 26.61183
endloop
endfacet
facet normal 0.9999999999999999 0 0
outer loop
vertex 47.99998 -20.257218333333334 24.595445
vertex 47.99998 -28.249795000000002 26.61183
vertex 47.99998 -28.249795000000002 26.490018333333335
endloop
endfacet
facet normal 1 0 0
outer loop
vertex 47.99998 -20.257218333333334 24.595445
vertex 47.99998 -28.249795000000002 26.490018333333335
vertex 47.99998 -28.249795000000002 26.367588333333334
endloop
endfacet
facet normal 1 0 0
outer loop
vertex 47.99998 -20.257218333333334 24.595445
vertex 47.99998 -28.249795000000002 26.367588333333334
vertex 47.99998 -28.249795000000002 26.245158333333336
endloop
endfacet
facet normal 0.9999999999999999 0 0
outer loop
vertex 47.99998 -20.257218333333334 24.595445
vertex 47.99998 -28.249795000000002 26.245158333333336
vertex 47.99998 -28.249795000000002 26.122728333333335
endloop
endfacet
facet normal 1 0 0
outer loop
vertex 47.99998 -20.257218333333334 24.595445
vertex 47.99998 -28.249795000000002 26.122728333333335
vertex 47.99998 -28.249795000000002 26.000298333333333
endloop
endfacet
facet normal 1 0 0
outer loop
vertex 47.99998 -20.257218333333334 24.595445
vertex 47.99998 -28.249795000000002 26.000298333333333
vertex 47.99998 -28.249795000000002 25.87725
endloop
endfacet
facet normal 1 0 0
outer loop
vertex 47.99998 -20.257218333333334 24.595445
vertex 47.99998 -28.249795000000002 25.87725
vertex 47.99998 -28.249795000000002 25.754820000000002
endloop
endfacet
facet normal 1 0 0
outer loop
vertex 47.99998 -20.257218333333334 24.595445
vertex 47.99998 -28.249795000000002 25.754820000000002
vertex 47.99998 -28.249795000000002 25.63239
endloop
endfacet
facet normal 1 0 0
outer loop
vertex 47.99998 -20.257218333333334 24.595445
vertex 47.99998 -28.249795000000002 25.63239
vertex 47.99998 -28.249795000000002 25.509960000000003
endloop
endfacet
facet normal 1 0 0
outer loop
vertex 47.99998 -20.257218333333334 24.595445
vertex 47.99998 -28.249795000000002 25.509960000000003
vertex 47.99998 -28.249795000000002 25.388148333333334
endloop
endfacet
facet normal 1 0 0
outer loop
vertex 47.99998 -20.257218333333334 24.595445
vertex 47.99998 -28.249795000000002 25.388148333333334
vertex 47.99998 -28.249795000000002 25.266336666666668
endloop
endfacet
facet normal 1 0 0
outer loop
vertex 47.99998 -20.257218333333334 24.595445
vertex 47.99998 -28.249795000000002 25.266336666666668
vertex 47.99998 -28.249795000000002 25.145143333333333
endloop
endfacet
facet normal 1 0 0
outer loop
vertex 47.99998 -20.257218333333334 24.595445
vertex 47.99998 -28.249795000000002 25.145143333333333
vertex 47.99998 -28.249795000000002 25.024568333333335
endloop
endfacet
facet normal 1 0 0
outer loop
vertex 47.99998 -20.257218333333334 24.595445
vertex 47.99998 -28.249795000000002 25.024568333333335
vertex 47.99998 -28.249795000000002 24.904611666666668
endloop
endfacet
facet normal 0.9999999999999999 0 0
outer loop
vertex 47.99998 -20.257218333333334 24.595445
vertex 47.99998 -28.249795000000002 24.904611666666668
vertex 47.99998 -28.249795000000002 24.785273333333336
endloop
endfacet
facet normal 1 0 0
outer loop
vertex 47.99998 -20.257218333333334 24.595445
vertex 47.99998 -28.249795000000002 24.785273333333336
vertex 47.99998 -28.249795000000002 24.666553333333333
endloop
endfacet
facet normal 0.9999999999999999 0 0
outer loop
vertex 47.99998 -20.257218333333334 24.595445
vertex 47.99998 -28.249795000000002 24.666553333333333
vertex 47.99998 -28.249795000000002 24.54845166666667
endloop
endfacet
facet normal 1 0 0
outer loop
vertex 47.99998 -20.257218333333334 24.595445
vertex 47.99998 -28.249795000000002 24.54845166666667
vertex 47.99998 -28.249795000000002 24.431586666666668
endloop
endfacet
facet normal 1 0 0
outer loop
vertex 47.99998 -20.257218333333334 24.595445
vertex 47.99998 -28.249795000000002 24.431586666666668
vertex 47.99998 -28.249795000000002 24.315340000000003
endloop
endfacet
facet normal 0.9999999999999999 0 0
outer loop
vertex 47.99998 -20.257218333333334 24.595445
vertex 47.99998 -28.249795000000002 24.315340000000003
vertex 47.99998 -28.249795000000002 24.20033
endloop
endfacet
facet normal 1 0 0
outer loop
vertex 47.99998 -20.257218333333334 24.595445
vertex 47.99998 -28.249795000000002 24.20033
vertex 47.99998 -28.249795000000002 24.086556666666667
endloop
endfacet
facet normal 1 0 0
outer loop
vertex 47.99998 -20.257218333333334 24.595445
vertex 47.99998 -28.249795000000002 24.086556666666667
vertex 47.99998 -28.249795000000002 23.974020000000003
endloop
endfacet
facet normal 1 0 0
outer loop
vertex 47.99998 -20.257218333333334 24.595445
vertex 47.99998 -28.249795000000002 23.974020000000003
vertex 47.99998 -28.249795000000002 23.862101666666668
endloop
endfacet
facet normal 1 0 0
outer loop
vertex 47.99998 -20.257218333333334 24.595445
vertex 47.99998 -28.249795000000002 23.862101666666668
vertex 47.99998 -28.249795000000002 23.752038333333335
endloop
endfacet
facet normal 0.9999999999999999 0 0
outer loop
vertex 47.99998 -20.257218333333334 24.595445
vertex 47.99998 -28.249795000000002 23.752038333333335
vertex 47.99998 -28.249795000000002 23.64321166666667
endloop
endfacet
facet normal 0.9999999999999999 0 0
outer loop
vertex 47.99998 -20.257218333333334 24.595445
vertex 47.99998 -28.249795000000002 23.64321166666667
vertex 47.99998 -28.249795000000002 23.535621666666668
endloop
endfacet
facet normal 1 0 0
outer loop
vertex 47.99998 -20.257218333333334 24.595445
vertex 47.99998 -28.249795000000002 23.535621666666668
vertex 47.99998 -28.249795000000002 23.429268333333333
endloop
endfacet
facet normal 1 0 0
outer loop
vertex 47.99998 -20.257218333333334 24.595445
vertex 47.99998 -28.249795000000002 23.429268333333333
vertex 47.99998 -28.249795000000002 23.32477
endloop
endfacet
facet normal 1 0 0
outer loop
vertex 47.99998 -20.257218333333334 24.595445
vertex 47.99998 -28.249795000000002 23.32477
vertex 47.99998 -28.249795000000002 23.222126666666668
endloop
endfacet
facet normal 1 0 0
outer loop
vertex 47.99998 -20.257218333333334 24.595445
vertex 47.99998 -28.249795000000002 23.222126666666668
vertex 47.99998 -28.249795000000002 23.120720000000002
endloop
endfacet
facet normal 1 0 0
outer loop
vertex 47.99998 -20.257218333333334 24.595445
vertex 47.99998 -28.249795000000002 23.120720000000002
vertex 47.99998 -28.249795000000002 23.021786666666667
endloop
endfacet
facet normal 1 0 0
outer loop
vertex 47.99998 -20.257218333333334 24.595445
vertex 47.99998 -28.249795000000002 23.021786666666667
vertex 47.99998 -28.249795000000002 22.92409
endloop
endfacet
facet normal 1 0 0
outer loop
vertex 47.99998 -20.257218333333334 24.595445
vertex 47.99998 -28.249795000000002 22.92409
vertex 47.99998 -28.249795000000002 22.828248333333335
endloop
endfacet
facet normal 1 0 0
outer loop
vertex 47.99998 -20.257218333333334 24.595445
vertex 47.99998 -28.249795000000002 22.828248333333335
vertex 47.99998 -28.249795000000002 22.73426166666667
endloop
endfacet
facet normal 0.9999999999999999 0 0
outer loop
vertex 47.99998 -20.257218333333334 24.595445
vertex 47.99998 -28.249795000000002 22.73426166666667
vertex 47.99998 -28.249795000000002 22.64213
endloop
endfacet
facet normal 1 0 0
outer loop
vertex 47.99998 -20.257218333333334 24.595445
vertex 47.99998 -28.249795000000002 22.64213
vertex 47.99998 -28.249795000000002 22.55247166666667
endloop
endfacet
facet normal 1 0 0
outer loop
vertex 47.99998 -20.257218333333334 24.595445
vertex 47.99998 -28.249795000000002 22.55247166666667
vertex 47.99998 -28.249795000000002 22.464668333333336
endloop
endfacet
facet normal 1 0 0
outer loop
vertex 47.99998 -20.257218333333334 24.595445
vertex 47.99998 -28.249795000000002 22.464668333333336
vertex 47.99998 -28.249795000000002 22.37872
endloop
endfacet
facet normal 1 0 0
outer loop
vertex 47.99998 -20.257218333333334 24.595445
vertex 47.99998 -28.249795000000002 22.37872
vertex 47.99998 -28.249795000000002 22.295245
endloop
endfacet
facet normal 1 0 0
outer loop
vertex 47.99998 -20.257218333333334 24.595445
vertex 47.99998 -28.249795000000002 22.295245
vertex 47.99998 -28.249795000000002 22.214243333333336
endloop
endfacet
facet normal 1 0 0
outer loop
vertex 47.99998 -20.257218333333334 24.595445
vertex 47.99998 -28.249795000000002 22.214243333333336
vertex 47.99998 -28.249795000000002 22.13509666666667
endloop
endfacet
facet normal 1 0 0
outer loop
vertex 47.99998 -20.257218333333334 24.595445
vertex 47.99998 -28.249795000000002 22.13509666666667
vertex 47.99998 -28.249795000000002 22.058423333333334
endloop
endfacet
facet normal 1 0 0
outer loop
vertex 47.99998 -20.257218333333334 24.595445
vertex 47.99998 -28.249795000000002 22.058423333333334
vertex 47.99998 -28.249795000000002 21.984223333333336
endloop
endfacet
facet normal 1 0 0
outer loop
vertex 47.99998 -20.257218333333334 24.595445
vertex 47.99998 -28.249795000000002 21.984223333333336
vertex 47.99998 -28.249795000000002 21.911878333333334
endloop
endfacet
facet normal 1 0 0
outer loop
vertex 47.99998 -20.257218333333334 24.595445
vertex 47.99998 -28.249795000000002 21.911878333333334
vertex 47.99998 -28.249795000000002 21.842625
endloop
endfacet
facet normal 1 0 0
outer loop
vertex 47.99998 -20.257218333333334 24.595445
vertex 47.99998 -28.249795000000002 21.842625
vertex 47.99998 -28.249795000000002 21.775845
endloop
endfacet
facet normal 1 0 0
outer loop
vertex 47.99998 -20.257218333333334 24.595445
vertex 47.99998 -28.249795000000002 21.775845
vertex 47.99998 -28.249795000000002 21.711538333333333
endloop
endfacet
facet normal 0.9999999999999999 0 0
outer loop
vertex 47.99998 -20.257218333333334 24.595445
vertex 47.99998 -28.249795000000002 21.711538333333333
vertex 47.99998 -28.249795000000002 21.649705
endloop
endfacet
facet normal 1 0 0
outer loop
vertex 47.99998 -20.257218333333334 24.595445
vertex 47.99998 -28.249795000000002 21.649705
vertex 47.99998 -28.249795000000002 21.590345000000003
endloop
endfacet
facet normal 1 0 0
outer loop
vertex 47.99998 -20.257218333333334 24.595445
vertex 47.99998 -28.249795000000002 21.590345000000003
vertex 47.99998 -28.249795000000002 21.534076666666667
endloop
endfacet
facet normal 1 0 0
outer loop
vertex 47.99998 -20.257218333333334 24.595445
vertex 47.99998 -28.249795000000002 21.534076666666667
vertex 47.99998 -28.249795000000002 21.480281666666666
endloop
endfacet
facet normal 1 0 0
outer loop
vertex 47.99998 -20.257218333333334 24.595445
vertex 47.99998 -28.249795000000002 21.480281666666666
vertex 47.99998 -28.249795000000002 21.42896
endloop
endfacet
facet normal 1 0 0
outer loop
vertex 47.99998 -20.257218333333334 24.595445
vertex 47.99998 -28.249795000000002 21.42896
vertex 47.99998 -28.249795000000002 21.38073
endloop
endfacet
facet normal 1 0 0
outer loop
vertex 47.99998 -20.257218333333334 24.595445
vertex 47.99998 -28.249795000000002 21.38073
vertex 47.99998 -28.249795000000002 21.334973333333334
endloop
endfacet
facet normal 1 0 0
outer loop
vertex 47.99998 -20.257218333333334 24.595445
vertex 47.99998 -28.249795000000002 21.334973333333334
vertex 47.99998 -28.249795000000002 21.292308333333335
endloop
endfacet
facet normal 1 0 0
outer loop
vertex 47.99998 -20.257218333333334 24.595445
vertex 47.99998 -28.249795000000002 21.292308333333335
vertex 47.99998 -28.249795000000002 21.25211666666667
endloop
endfacet
facet normal 1 0 0
outer loop
vertex 47.99998 -20.257218333333334 24.595445
vertex 47.99998 -28.249795000000002 21.25211666666667
vertex 47.99998 -28.249795000000002 21.215016666666667
endloop
endfacet
facet normal 1 0 0
outer loop
vertex 47.99998 -20.257218333333334 24.595445
vertex 47.99998 -28.249795000000002 21.215016666666667
vertex 47.99998 -28.249795000000002 21.181008333333335
endloop
endfacet
facet normal 1 0 0
outer loop
vertex 47.99998 -20.257218333333334 24.595445
vertex 47.99998 -28.249795000000002 21.181008333333335
vertex 47.99998 -28.249795000000002 21.15009166666667
endloop
endfacet
facet normal 1 0 0
outer loop
vertex 47.99998 -20.257218333333334 24.595445
vertex 47.99998 -28.249795000000002 21.15009166666667
vertex 47.99998 -28.249795000000002 21.121648333333333
endloop
endfacet
facet normal 1 0 0
outer loop
vertex 47.99998 -20.257218333333334 24.595445
vertex 47.99998 -28.249795000000002 21.121648333333333
vertex 47.99998 -28.249795000000002 21.096296666666667
endloop
endfacet
facet normal 1 0 0
outer loop
vertex 47.99998 -20.257218333333334 24.595445
vertex 47.99998 -28.249795000000002 21.096296666666667
vertex 47.99998 -28.249795000000002 21.073418333333333
endloop
endfacet
facet normal 0.9999999999999999 0 0
outer loop
vertex 47.99998 -20.257218333333334 24.595445
vertex 47.99998 -28.249795000000002 21.073418333333333
vertex 47.99998 -28.249795000000002 21.05425
endloop
endfacet
facet normal 1 0 0
outer loop
vertex 47.99998 -20.257218333333334 24.595445
vertex 47.99998 -28.249795000000002 21.05425
vertex 47.99998 -28.249795000000002 21.037555
endloop
endfacet
facet normal 1 0 0
outer loop
vertex 47.99998 -20.257218333333334 24.595445
vertex 47.99998 -28.249795000000002 21.037555
vertex 47.99998 -28.249795000000002 21.02395166666667
endloop
endfacet
facet normal 0.9999999999999999 0 0
outer loop
vertex 47.99998 -20.257218333333334 24.595445
vertex 47.99998 -28.249795000000002 21.02395166666667
vertex 47.99998 -28.249795000000002 21.013440000000003
endloop
endfacet
facet normal 1 0 0
outer loop
vertex 47.99998 -20.257218333333334 24.595445
vertex 47.99998 -28.249795000000002 21.013440000000003
vertex 47.99998 -28.249795000000002 21.00602
endloop
endfacet
facet normal 1 0 0
outer loop
vertex 47.99998 -20.257218333333334 24.595445
vertex 47.99998 -28.249795000000002 21.00602
vertex 47.99998 -28.249795000000002 21.001691666666666
endloop
endfacet
facet normal 0.9999999999999999 0 0
outer loop
vertex 47.99998 -20.257218333333334 24.595445
vertex 47.99998 -28.249795000000002 21.001691666666666
vertex 47.99998 -28.249795000000002 20.999836666666667
endloop
endfacet
facet normal 1 0 0
outer loop
vertex 47.99998 -20.257218333333334 24.595445
vertex 47.99998 -28.249795000000002 20.999836666666667
vertex 47.99998 -28.249795000000002 0
endloop
endfacet
facet normal 1 0 0
outer loop
vertex 47.99998 -20.257218333333334 24.595445
vertex 47.99998 -28.249795000000002 0
vertex 47.99998 -24.24979666666667 0
endloop
endfacet
facet normal 1 0 0
outer loop
vertex 47.99998 -20.257218333333334 24.595445
vertex 47.99998 -24.24979666666667 0
vertex 47.99998 12.949755000000001 0
endloop
endfacet
facet normal 1 0 0
outer loop
vertex 47.99998 -20.257218333333334 24.595445
vertex 47.99998 12.949755000000001 0
vertex 47.99998 16.949753333333334 0
endloop
endfacet
facet normal 1 0 0
outer loop
vertex 47.99998 -20.257218333333334 24.595445
vertex 47.99998 16.949753333333334 0
vertex 47.99998 16.949753333333334 7.000151666666667
endloop
endfacet
facet normal 1 0 0
outer loop
vertex 47.99998 -20.257218333333334 24.595445
vertex 47.99998 16.949753333333334 7.000151666666667
vertex 47.99998 16.949753333333334 7.047145
endloop
endfacet
facet normal 1 0 0
outer loop
vertex 47.99998 -20.257218333333334 24.595445
vertex 47.99998 16.949753333333334 7.047145
vertex 47.99998 16.949753333333334 7.18627
endloop
endfacet
facet normal 1 0 0
outer loop
vertex 47.99998 -20.257218333333334 24.595445
vertex 47.99998 16.949753333333334 7.18627
vertex 47.99998 16.949753333333334 7.413198333333334
endloop
endfacet
facet normal 1 0 0
outer loop
vertex 47.99998 -20.257218333333334 24.595445
vertex 47.99998 16.949753333333334 7.413198333333334
vertex 47.99998 16.949753333333334 7.717418333333334
endloop
endfacet
facet normal 1 0 0
outer loop
vertex 47.99998 -20.257218333333334 24.595445
vertex 47.99998 16.949753333333334 7.717418333333334
vertex 47.99998 16.949753333333334 8.089036666666667
endloop
endfacet
facet normal 1 0 0
outer loop
vertex 47.99998 -20.257218333333334 24.595445
vertex 47.99998 16.949753333333334 8.089036666666667
vertex 47.99998 16.949753333333334 8.512595000000001
endloop
endfacet
facet normal 1 0 0
outer loop
vertex 47.99998 -20.257218333333334 24.595445
vertex 47.99998 16.949753333333334 8.512595000000001
vertex 47.99998 16.949753333333334 8.972016666666667
endloop
endfacet
facet normal 1 0 0
outer loop
vertex 47.99998 -20.257218333333334 24.595445
vertex 47.99998 16.949753333333334 8.972016666666667
vertex 47.99998 16.949753333333334 9.449988333333334
endloop
endfacet
facet normal 1 0 0
outer loop
vertex 47.99998 -20.257218333333334 24.595445
vertex 47.99998 16.949753333333334 9.449988333333334
vertex 47.99998 16.949753333333334 9.92796
endloop
endfacet
facet normal 1 0 0
outer loop
vertex 47.99998 -20.257218333333334 24.595445
vertex 47.99998 16.949753333333334 9.92796
vertex 47.99998 16.949753333333334 10.000305
endloop
endfacet
facet normal 1 0 0
outer loop
vertex 47.99998 -20.257218333333334 24.595445
vertex 47.99998 16.949753333333334 10.000305
vertex 47.99998 16.949753333333334 12.99984
endloop
endfacet
facet normal 1 0 0
outer loop
vertex 47.99998 -20.257218333333334 24.595445
vertex 47.99998 16.949753333333334 12.99984
vertex 47.99998 16.949753333333334 27.000143333333334
endloop
endfacet
facet normal 1 0 0
outer loop
vertex 47.99998 -20.257218333333334 24.595445
vertex 47.99998 16.949753333333334 27.000143333333334
vertex 47.99998 16.949753333333334 27.047136666666667
endloop
endfacet
facet normal 1 0 0
outer loop
vertex 47.99998 -20.257218333333334 24.595445
vertex 47.99998 16.949753333333334 27.047136666666667
vertex 47.99998 16.949753333333334 27.186261666666667
endloop
endfacet
facet normal 1 0 0
outer loop
vertex 47.99998 -20.257218333333334 24.595445
vertex 47.99998 16.949753333333334 27.186261666666667
vertex 47.99998 16.949753333333334 27.41319
endloop
endfacet
facet normal 1 0 0
outer loop
vertex 47.99998 -20.257218333333334 24.595445
vertex 47.99998 16.949753333333334 27.41319
vertex 47.99998 16.949753333333334 27.71741
endloop
endfacet
facet normal 1 0 0
outer loop
vertex 47.99998 -20.257218333333334 24.595445
vertex 47.99998 16.949753333333334 27.71741
vertex 47.99998 16.949753333333334 28.089028333333335
endloop
endfacet
facet normal 1 0 0
outer loop
vertex 47.99998 -20.257218333333334 24.595445
vertex 47.99998 16.949753333333334 28.089028333333335
vertex 47.99998 16.949753333333334 28.512586666666667
endloop
endfacet
facet normal 1 0 0
outer loop
vertex 47.99998 -20.257218333333334 24.595445
vertex 47.99998 16.949753333333334 28.512586666666667
vertex 47.99998 16.949753333333334 28.972008333333335
endloop
endfacet
facet normal 1 0 0
outer loop
vertex 47.99998 -20.257218333333334 24.595445
vertex 47.99998 16.949753333333334 28.972008333333335
vertex 47.99998 16.949753333333334 29.44998
endloop
endfacet
facet normal 1 0 0
outer loop
vertex 47.99998 -20.257218333333334 24.595445
vertex 47.99998 16.949753333333334 29.44998
vertex 47.99998 16.949753333333334 29.92795166666667
endloop
endfacet
facet normal 1 0 0
outer loop
vertex 47.99998 -20.257218333333334 24.595445
vertex 47.99998 16.949753333333334 29.92795166666667
vertex 47.99998 16.949753333333334 30.000296666666667
endloop
endfacet
facet normal 1 0 0
outer loop
vertex 47.99998 -20.257218333333334 24.595445
vertex 47.99998 16.949753333333334 30.000296666666667
vertex 47.99998 16.949753333333334 32.999831666666665
endloop
endfacet
facet normal 1 0 0
outer loop
vertex 47.99998 -20.257218333333334 24.595445
vertex 47.99998 16.949753333333334 32.999831666666665
vertex 47.99998 12.949755000000001 32.999831666666665
endloop
endfacet
facet normal 1 0 0
outer loop
vertex 47.99998 -20.257218333333334 24.595445
vertex 47.99998 12.949755000000001 32.999831666666665
vertex 47.99998 1.8834433333333334 32.999831666666665
endloop
endfacet
facet normal 1 0 0
outer loop
vertex 47.99998 -20.257218333333334 24.595445
vertex 47.99998 1.8834433333333334 32.999831666666665
vertex 47.99998 -0.11686500000000001 32.999831666666665
endloop
endfacet
facet normal 1 0 0
outer loop
vertex 47.99998 -20.257218333333334 24.595445
vertex 47.99998 -0.11686500000000001 32.999831666666665
vertex 47.99998 -11.183176666666668 32.999831666666665
endloop
endfacet
facet normal 1 0 0
outer loop
vertex 47.99998 -20.257218333333334 24.595445
vertex 47.99998 -11.183176666666668 32.999831666666665
vertex 47.99998 -13.183485000000001 32.999831666666665
endloop
endfacet
facet normal 1 0 0
outer loop
vertex 47.99998 -20.257218333333334 24.595445
vertex 47.99998 -13.183485000000001 32.999831666666665
vertex 47.99998 -24.24979666666667 32.999831666666665
endloop
endfacet
facet normal 1 0 0
outer loop
vertex 47.99998 -20.257218333333334 24.595445
vertex 47.99998 -24.24979666666667 32.999831666666665
vertex 47.99998 -28.249795000000002 32.999831666666665
endloop
endfacet
facet normal 1 0 0
outer loop
vertex 47.99998 -20.257218333333334 24.595445
vertex 47.99998 -28.249795000000002 32.999831666666665
vertex 47.99998 -28.249795000000002 31.000141666666668
endloop
endfacet
facet normal 1 0 0
outer loop
vertex -22.000300000000003 -5.65033 3.0001533333333334
vertex -22.000300000000003 12.949755000000001 0
vertex -22.000300000000003 12.949755000000001 3.9999983333333335
endloop
endfacet
facet normal 1 0 0
outer loop
vertex -22.000300000000003 -5.65033 3.0001533333333334
vertex -22.000300000000003 12.949755000000001 3.9999983333333335
vertex -22.000300000000003 1.8834433333333334 3.9999983333333335
endloop
endfacet
facet normal 0.9999999999999999 0 0
outer loop
vertex -22.000300000000003 -5.65033 3.0001533333333334
vertex -22.000300000000003 1.8834433333333334 3.9999983333333335
vertex -22.000300000000003 -0.11686500000000001 3.9999983333333335
endloop
endfacet
facet normal 1 0 0
outer loop
vertex -22.000300000000003 -5.65033 3.0001533333333334
vertex -22.000300000000003 -0.11686500000000001 3.9999983333333335
vertex -22.000300000000003 -11.183176666666668 3.9999983333333335
endloop
endfacet
facet normal 0.9999999999999999 0 0
outer loop
vertex -22.000300000000003 -5.65033 3.0001533333333334
vertex -22.000300000000003 -11.183176666666668 3.9999983333333335
vertex -22.000300000000003 -13.183485000000001 3.9999983333333335
endloop
endfacet
facet normal 1 0 0
outer loop
vertex -22.000300000000003 -5.65033 3.0001533333333334
vertex -22.000300000000003 -13.183485000000001 3.9999983333333335
vertex -22.000300000000003 -24.24979666666667 3.9999983333333335
endloop
endfacet
facet normal 1 0 0
outer loop
vertex -22.000300000000003 -5.65033 3.0001533333333334
vertex -22.000300000000003 -24.24979666666667 3.9999983333333335
vertex -22.000300000000003 -24.24979666666667 0
endloop
endfacet
facet normal 1 0 0
outer loop
vertex -22.000300000000003 -5.65033 3.0001533333333334
vertex -22.000300000000003 -24.24979666666667 0
vertex -22.000300000000003 12.949755000000001 0
endloop
endfacet
facet normal -0.9999999999999999 0 0
outer loop
vertex 22.000300000000003 -5.649711666666667 3.0001533333333334
vertex 22.000300000000003 -24.24979666666667 3.9999983333333335
vertex 22.000300000000003 -13.183485000000001 3.9999983333333335
endloop
endfacet
facet normal -0.9999999999999999 0 0
outer loop
vertex 22.000300000000003 -5.649711666666667 3.0001533333333334
vertex 22.000300000000003 -13.183485000000001 3.9999983333333335
vertex 22.000300000000003 -11.183176666666668 3.9999983333333335
endloop
endfacet
facet normal -1 0 0
outer loop
vertex 22.000300000000003 -5.649711666666667 3.0001533333333334
vertex 22.000300000000003 -11.183176666666668 3.9999983333333335
vertex 22.000300000000003 -0.11686500000000001 3.9999983333333335
endloop
endfacet
facet normal -0.9999999999999999 0 0
outer loop
vertex 22.000300000000003 -5.649711666666667 3.0001533333333334
vertex 22.000300000000003 -0.11686500000000001 3.9999983333333335
vertex 22.000300000000003 1.8834433333333334 3.9999983333333335
endloop
endfacet
facet normal -1 0 0
outer loop
vertex 22.000300000000003 -5.649711666666667 3.0001533333333334
vertex 22.000300000000003 1.8834433333333334 3.9999983333333335
vertex 22.000300000000003 12.949755000000001 3.9999983333333335
endloop
endfacet
facet normal -1 0 0
outer loop
vertex 22.000300000000003 -5.649711666666667 3.0001533333333334
vertex 22.000300000000003 12.949755000000001 3.9999983333333335
vertex 22.000300000000003 12.949755000000001 0
endloop
endfacet
facet normal -1 0 0
outer loop
vertex 22.000300000000003 -5.649711666666667 3.0001533333333334
vertex 22.000300000000003 12.949755000000001 0
vertex 22.000300000000003 -24.24979666666667 0
endloop
endfacet
facet normal -1 0 0
outer loop
vertex 22.000300000000003 -5.649711666666667 3.0001533333333334
vertex 22.000300000000003 -24.24979666666667 0
vertex 22.000300000000003 -24.24979666666667 3.9999983333333335
endloop
endfacet
facet normal 0 0.9999999999999999 0
outer loop
vertex 0 -24.24979666666667 31.800265000000003
vertex 14.000303333333335 -24.24979666666667 32.999831666666665
vertex 14.000303333333335 -24.24979666666667 31.000141666666668
endloop
endfacet
facet normal 0 1 0
outer loop
vertex 0 -24.24979666666667 31.800265000000003
vertex 14.000303333333335 -24.24979666666667 31.000141666666668
vertex 0 -24.24979666666667 31.000141666666668
endloop
endfacet
facet normal 0 1 0
outer loop
vertex 0 -24.24979666666667 31.800265000000003
vertex 0 -24.24979666666667 31.000141666666668
vertex -14.000303333333335 -24.24979666666667 31.000141666666668
endloop
endfacet
facet normal 0 0.9999999999999999 0
outer loop
vertex 0 -24.24979666666667 31.800265000000003
vertex -14.000303333333335 -24.24979666666667 31.000141666666668
vertex -14.000303333333335 -24.24979666666667 32.999831666666665
endloop
endfacet
facet normal 0 1 0
outer loop
vertex 0 -24.24979666666667 31.800265000000003
vertex -14.000303333333335 -24.24979666666667 32.999831666666665
vertex 14.000303333333335 -24.24979666666667 32.999831666666665
endloop
endfacet
facet normal 0 0.9999999999999999 0
outer loop
vertex 0 -24.24979666666667 31.000141666666668
vertex -0.12243000000000001 -24.24979666666667 30.99828666666667
vertex -14.000303333333335 -24.24979666666667 30.99828666666667
endloop
endfacet
facet normal 0 1 0
outer loop
vertex 0 -24.24979666666667 31.000141666666668
vertex -14.000303333333335 -24.24979666666667 30.99828666666667
vertex -14.000303333333335 -24.24979666666667 31.000141666666668
endloop
endfacet
facet normal 0 0.9999999999999999 0
outer loop
vertex 14.000303333333335 -24.24979666666667 31.000141666666668
vertex 14.000303333333335 -24.24979666666667 30.99828666666667
vertex 0.12243000000000001 -24.24979666666667 30.99828666666667
endloop
endfacet
facet normal 0 1 0
outer loop
vertex 14.000303333333335 -24.24979666666667 31.000141666666668
vertex 0.12243000000000001 -24.24979666666667 30.99828666666667
vertex 0 -24.24979666666667 31.000141666666668
endloop
endfacet
facet normal 0 1 0
outer loop
vertex -0.12243000000000001 -24.24979666666667 30.99828666666667
vertex -0.24547833333333335 -24.24979666666667 30.993958333333335
vertex -14.000303333333335 -24.24979666666667 30.993958333333335
endloop
endfacet
facet normal 0 1 0
outer loop
vertex -0.12243000000000001 -24.24979666666667 30.99828666666667
vertex -14.000303333333335 -24.24979666666667 30.993958333333335
vertex -14.000303333333335 -24.24979666666667 30.99828666666667
endloop
endfacet
facet normal 0 1 0
outer loop
vertex 14.000303333333335 -24.24979666666667 30.99828666666667
vertex 14.000303333333335 -24.24979666666667 30.993958333333335
vertex 0.24547833333333335 -24.24979666666667 30.993958333333335
endloop
endfacet
facet normal 0 1 0
outer loop
vertex 14.000303333333335 -24.24979666666667 30.99828666666667
vertex 0.24547833333333335 -24.24979666666667 30.993958333333335
vertex 0.12243000000000001 -24.24979666666667 30.99828666666667
endloop
endfacet
facet normal 0 1 0
outer loop
vertex -0.24547833333333335 -24.24979666666667 30.993958333333335
vertex -0.36790833333333334 -24.24979666666667 30.986538333333336
vertex -14.000303333333335 -24.24979666666667 30.986538333333336
endloop
endfacet
facet normal 0 1 0
outer loop
vertex -0.24547833333333335 -24.24979666666667 30.993958333333335
vertex -14.000303333333335 -24.24979666666667 30.986538333333336
vertex -14.000303333333335 -24.24979666666667 30.993958333333335
endloop
endfacet
facet normal 0 1 0
outer loop
vertex 14.000303333333335 -24.24979666666667 30.993958333333335
vertex 14.000303333333335 -24.24979666666667 30.986538333333336
vertex 0.36790833333333334 -24.24979666666667 30.986538333333336
endloop
endfacet
facet normal 0 1 0
outer loop
vertex 14.000303333333335 -24.24979666666667 30.993958333333335
vertex 0.36790833333333334 -24.24979666666667 30.986538333333336
vertex 0.24547833333333335 -24.24979666666667 30.993958333333335
endloop
endfacet
facet normal 0 1 0
outer loop
vertex -0.36790833333333334 -24.24979666666667 30.986538333333336
vertex -0.4903383333333334 -24.24979666666667 30.97602666666667
vertex -14.000303333333335 -24.24979666666667 30.97602666666667
endloop
endfacet
facet normal 0 1 0
outer loop
vertex -0.36790833333333334 -24.24979666666667 30.986538333333336
vertex -14.000303333333335 -24.24979666666667 30.97602666666667
vertex -14.000303333333335 -24.24979666666667 30.986538333333336
endloop
endfacet
facet normal 0 1 0
outer loop
vertex 14.000303333333335 -24.24979666666667 30.986538333333336
vertex 14.000303333333335 -24.24979666666667 30.97602666666667
vertex 0.4903383333333334 -24.24979666666667 30.97602666666667
endloop
endfacet
facet normal 0 1 0
outer loop
vertex 14.000303333333335 -24.24979666666667 30.986538333333336
vertex 0.4903383333333334 -24.24979666666667 30.97602666666667
vertex 0.36790833333333334 -24.24979666666667 30.986538333333336
endloop
endfacet
facet normal 0 1 0
outer loop
vertex -0.4903383333333334 -24.24979666666667 30.97602666666667
vertex -0.6121500000000001 -24.24979666666667 30.962423333333334
vertex -14.000303333333335 -24.24979666666667 30.962423333333334
endloop
endfacet
facet normal 0 1 0
outer loop
vertex -0.4903383333333334 -24.24979666666667 30.97602666666667
vertex -14.000303333333335 -24.24979666666667 30.962423333333334
vertex -14.000303333333335 -24.24979666666667 30.97602666666667
endloop
endfacet
facet normal 0 1 0
outer loop
vertex 14.000303333333335 -24.24979666666667 30.97602666666667
vertex 14.000303333333335 -24.24979666666667 30.962423333333334
vertex 0.6121500000000001 -24.24979666666667 30.962423333333334
endloop
endfacet
facet normal 0 1 0
outer loop
vertex 14.000303333333335 -24.24979666666667 30.97602666666667
vertex 0.6121500000000001 -24.24979666666667 30.962423333333334
vertex 0.4903383333333334 -24.24979666666667 30.97602666666667
endloop
endfacet
facet normal 0 1 0
outer loop
vertex -0.6121500000000001 -24.24979666666667 30.962423333333334
vertex -0.7333433333333333 -24.24979666666667 30.945728333333335
vertex -14.000303333333335 -24.24979666666667 30.945728333333335
endloop
endfacet
facet normal 0 1 0
outer loop
vertex -0.6121500000000001 -24.24979666666667 30.962423333333334
vertex -14.000303333333335 -24.24979666666667 30.945728333333335
vertex -14.000303333333335 -24.24979666666667 30.962423333333334
endloop
endfacet
facet normal 0 1 0
outer loop
vertex 14.000303333333335 -24.24979666666667 30.962423333333334
vertex 14.000303333333335 -24.24979666666667 30.945728333333335
vertex 0.7333433333333333 -24.24979666666667 30.945728333333335
endloop
endfacet
facet normal 0 1 0
outer loop
vertex 14.000303333333335 -24.24979666666667 30.962423333333334
vertex 0.7333433333333333 -24.24979666666667 30.945728333333335
vertex 0.6121500000000001 -24.24979666666667 30.962423333333334
endloop
endfacet
facet normal 0 1 0
outer loop
vertex -0.7333433333333333 -24.24979666666667 30.945728333333335
vertex -0.8545366666666667 -24.24979666666667 30.926560000000002
vertex -14.000303333333335 -24.24979666666667 30.926560000000002
endloop
endfacet
facet normal 0 1 0
outer loop
vertex -0.7333433333333333 -24.24979666666667 30.945728333333335
vertex -14.000303333333335 -24.24979666666667 30.926560000000002
vertex -14.000303333333335 -24.24979666666667 30.945728333333335
endloop
endfacet
facet normal 0 1 0
outer loop
vertex 14.000303333333335 -24.24979666666667 30.945728333333335
vertex 14.000303333333335 -24.24979666666667 30.926560000000002
vertex 0.8545366666666667 -24.24979666666667 30.926560000000002
endloop
endfacet
facet normal 0 1 0
outer loop
vertex 14.000303333333335 -24.24979666666667 30.945728333333335
vertex 0.8545366666666667 -24.24979666666667 30.926560000000002
vertex 0.7333433333333333 -24.24979666666667 30.945728333333335
endloop
endfacet
facet normal 0 1 0
outer loop
vertex -0.8545366666666667 -24.24979666666667 30.926560000000002
vertex -0.9757300000000001 -24.24979666666667 30.903681666666667
vertex -14.000303333333335 -24.24979666666667 30.903681666666667
endloop
endfacet
facet normal 0 1 0
outer loop
vertex -0.8545366666666667 -24.24979666666667 30.926560000000002
vertex -14.000303333333335 -24.24979666666667 30.903681666666667
vertex -14.000303333333335 -24.24979666666667 30.926560000000002
endloop
endfacet
facet normal 0 1 0
outer loop
vertex 14.000303333333335 -24.24979666666667 30.926560000000002
vertex 14.000303333333335 -24.24979666666667 30.903681666666667
vertex 0.9757300000000001 -24.24979666666667 30.903681666666667
endloop
endfacet
facet normal 0 1 0
outer loop
vertex 14.000303333333335 -24.24979666666667 30.926560000000002
vertex 0.9757300000000001 -24.24979666666667 30.903681666666667
vertex 0.8545366666666667 -24.24979666666667 30.926560000000002
endloop
endfacet
facet normal 0 1 0
outer loop
vertex -0.9757300000000001 -24.24979666666667 30.903681666666667
vertex -1.0956866666666667 -24.24979666666667 30.878330000000002
vertex -14.000303333333335 -24.24979666666667 30.878330000000002
endloop
endfacet
facet normal 0 1 0
outer loop
vertex -0.9757300000000001 -24.24979666666667 30.903681666666667
vertex -14.000303333333335 -24.24979666666667 30.878330000000002
vertex -14.000303333333335 -24.24979666666667 30.903681666666667
endloop
endfacet
facet normal 0 1 0
outer loop
vertex 14.000303333333335 -24.24979666666667 30.903681666666667
vertex 14.000303333333335 -24.24979666666667 30.878330000000002
vertex 1.0956866666666667 -24.24979666666667 30.878330000000002
endloop
endfacet
facet normal 0 1 0
outer loop
vertex 14.000303333333335 -24.24979666666667 30.903681666666667
vertex 1.0956866666666667 -24.24979666666667 30.878330000000002
vertex 0.9757300000000001 -24.24979666666667 30.903681666666667
endloop
endfacet
facet normal 0 1 0
outer loop
vertex -1.0956866666666667 -24.24979666666667 30.878330000000002
vertex -1.215025 -24.24979666666667 30.84988666666667
vertex -14.000303333333335 -24.24979666666667 30.84988666666667
endloop
endfacet
facet normal 0 0.9999999999999999 0
outer loop
vertex -1.0956866666666667 -24.24979666666667 30.878330000000002
vertex -14.000303333333335 -24.24979666666667 30.84988666666667
vertex -14.000303333333335 -24.24979666666667 30.878330000000002
endloop
endfacet
facet normal 0 1 0
outer loop
vertex 14.000303333333335 -24.24979666666667 30.878330000000002
vertex 14.000303333333335 -24.24979666666667 30.84988666666667
vertex 1.215025 -24.24979666666667 30.84988666666667
endloop
endfacet
facet normal 0 0.9999999999999999 0
outer loop
vertex 14.000303333333335 -24.24979666666667 30.878330000000002
vertex 1.215025 -24.24979666666667 30.84988666666667
vertex 1.0956866666666667 -24.24979666666667 30.878330000000002
endloop
endfacet
facet normal 0 0.9999999999999999 0
outer loop
vertex -1.215025 -24.24979666666667 30.84988666666667
vertex -1.333745 -24.24979666666667 30.81897
vertex -14.000303333333335 -24.24979666666667 30.81897
endloop
endfacet
facet normal 0 1 0
outer loop
vertex -1.215025 -24.24979666666667 30.84988666666667
vertex -14.000303333333335 -24.24979666666667 30.81897
vertex -14.000303333333335 -24.24979666666667 30.84988666666667
endloop
endfacet
facet normal 0 0.9999999999999999 0
outer loop
vertex 14.000303333333335 -24.24979666666667 30.84988666666667
vertex 14.000303333333335 -24.24979666666667 30.81897
vertex 1.333745 -24.24979666666667 30.81897
endloop
endfacet
facet normal 0 1 0
outer loop
vertex 14.000303333333335 -24.24979666666667 30.84988666666667
vertex 1.333745 -24.24979666666667 30.81897
vertex 1.215025 -24.24979666666667 30.84988666666667
endloop
endfacet
facet normal 0 0.9999999999999999 0
outer loop
vertex -1.333745 -24.24979666666667 30.81897
vertex -1.4512283333333333 -24.24979666666667 30.784961666666668
vertex -14.000303333333335 -24.24979666666667 30.784961666666668
endloop
endfacet
facet normal 0 1 0
outer loop
vertex -1.333745 -24.24979666666667 30.81897
vertex -14.000303333333335 -24.24979666666667 30.784961666666668
vertex -14.000303333333335 -24.24979666666667 30.81897
endloop
endfacet
facet normal 0 0.9999999999999999 0
outer loop
vertex 14.000303333333335 -24.24979666666667 30.81897
vertex 14.000303333333335 -24.24979666666667 30.784961666666668
vertex 1.4512283333333333 -24.24979666666667 30.784961666666668
endloop
endfacet
facet normal 0 1 0
outer loop
vertex 14.000303333333335 -24.24979666666667 30.81897
vertex 1.4512283333333333 -24.24979666666667 30.784961666666668
vertex 1.333745 -24.24979666666667 30.81897
endloop
endfacet
facet normal 0 1 0
outer loop
vertex -1.4512283333333333 -24.24979666666667 30.784961666666668
vertex -1.5687116666666667 -24.24979666666667 30.74786166666667
vertex -14.000303333333335 -24.24979666666667 30.74786166666667
endloop
endfacet
facet normal 0 0.9999999999999999 0
outer loop
vertex -1.4512283333333333 -24.24979666666667 30.784961666666668
vertex -14.000303333333335 -24.24979666666667 30.74786166666667
vertex -14.000303333333335 -24.24979666666667 30.784961666666668
endloop
endfacet
facet normal 0 1 0
outer loop
vertex 14.000303333333335 -24.24979666666667 30.784961666666668
vertex 14.000303333333335 -24.24979666666667 30.74786166666667
vertex 1.5687116666666667 -24.24979666666667 30.74786166666667
endloop
endfacet
facet normal 0 0.9999999999999999 0
outer loop
vertex 14.000303333333335 -24.24979666666667 30.784961666666668
vertex 1.5687116666666667 -24.24979666666667 30.74786166666667
vertex 1.4512283333333333 -24.24979666666667 30.784961666666668
endloop
endfacet
facet normal 0 1 0
outer loop
vertex -1.5687116666666667 -24.24979666666667 30.74786166666667
vertex -1.6843400000000002 -24.24979666666667 30.70767
vertex -14.000303333333335 -24.24979666666667 30.70767
endloop
endfacet
facet normal 0 0.9999999999999999 0
outer loop
vertex -1.5687116666666667 -24.24979666666667 30.74786166666667
vertex -14.000303333333335 -24.24979666666667 30.70767
vertex -14.000303333333335 -24.24979666666667 30.74786166666667
endloop
endfacet
facet normal 0 1 0
outer loop
vertex 14.000303333333335 -24.24979666666667 30.74786166666667
vertex 14.000303333333335 -24.24979666666667 30.70767
vertex 1.6843400000000002 -24.24979666666667 30.70767
endloop
endfacet
facet normal 0 0.9999999999999999 0
outer loop
vertex 14.000303333333335 -24.24979666666667 30.74786166666667
vertex 1.6843400000000002 -24.24979666666667 30.70767
vertex 1.5687116666666667 -24.24979666666667 30.74786166666667
endloop
endfacet
facet normal 0 1 0
outer loop
vertex -1.6843400000000002 -24.24979666666667 30.70767
vertex -1.79935 -24.24979666666667 30.665005
vertex -14.000303333333335 -24.24979666666667 30.665005
endloop
endfacet
facet normal 0 1 0
outer loop
vertex -1.6843400000000002 -24.24979666666667 30.70767
vertex -14.000303333333335 -24.24979666666667 30.665005
vertex -14.000303333333335 -24.24979666666667 30.70767
endloop
endfacet
facet normal 0 1 0
outer loop
vertex 14.000303333333335 -24.24979666666667 30.70767
vertex 14.000303333333335 -24.24979666666667 30.665005
vertex 1.79935 -24.24979666666667 30.665005
endloop
endfacet
facet normal 0 1 0
outer loop
vertex 14.000303333333335 -24.24979666666667 30.70767
vertex 1.79935 -24.24979666666667 30.665005
vertex 1.6843400000000002 -24.24979666666667 30.70767
endloop
endfacet
facet normal 0 1 0
outer loop
vertex -1.79935 -24.24979666666667 30.665005
vertex -1.9131233333333335 -24.24979666666667 30.619248333333335
vertex -14.000303333333335 -24.24979666666667 30.619248333333335
endloop
endfacet
facet normal 0 0.9999999999999999 0
outer loop
vertex -1.79935 -24.24979666666667 30.665005
vertex -14.000303333333335 -24.24979666666667 30.619248333333335
vertex -14.000303333333335 -24.24979666666667 30.665005
endloop
endfacet
facet normal 0 1 0
outer loop
vertex 14.000303333333335 -24.24979666666667 30.665005
vertex 14.000303333333335 -24.24979666666667 30.619248333333335
vertex 1.9131233333333335 -24.24979666666667 30.619248333333335
endloop
endfacet
facet normal 0 0.9999999999999999 0
outer loop
vertex 14.000303333333335 -24.24979666666667 30.665005
vertex 1.9131233333333335 -24.24979666666667 30.619248333333335
vertex 1.79935 -24.24979666666667 30.665005
endloop
endfacet
facet normal 0 1 0
outer loop
vertex -1.9131233333333335 -24.24979666666667 30.619248333333335
vertex -2.0262783333333334 -24.24979666666667 30.571018333333335
vertex -14.000303333333335 -24.24979666666667 30.571018333333335
endloop
endfacet
facet normal 0 1 0
outer loop
vertex -1.9131233333333335 -24.24979666666667 30.619248333333335
vertex -14.000303333333335 -24.24979666666667 30.571018333333335
vertex -14.000303333333335 -24.24979666666667 30.619248333333335
endloop
endfacet
facet normal 0 1 0
outer loop
vertex 14.000303333333335 -24.24979666666667 30.619248333333335
vertex 14.000303333333335 -24.24979666666667 30.571018333333335
vertex 2.0262783333333334 -24.24979666666667 30.571018333333335
endloop
endfacet
facet normal 0 1 0
outer loop
vertex 14.000303333333335 -24.24979666666667 30.619248333333335
vertex 2.0262783333333334 -24.24979666666667 30.571018333333335
vertex 1.9131233333333335 -24.24979666666667 30.619248333333335
endloop
endfacet
facet normal 0 1 0
outer loop
vertex -2.0262783333333334 -24.24979666666667 30.571018333333335
vertex -2.1375783333333334 -24.24979666666667 30.51969666666667
vertex -14.000303333333335 -24.24979666666667 30.51969666666667
endloop
endfacet
facet normal 0 1 0
outer loop
vertex -2.0262783333333334 -24.24979666666667 30.571018333333335
vertex -14.000303333333335 -24.24979666666667 30.51969666666667
vertex -14.000303333333335 -24.24979666666667 30.571018333333335
endloop
endfacet
facet normal 0 1 0
outer loop
vertex 14.000303333333335 -24.24979666666667 30.571018333333335
vertex 14.000303333333335 -24.24979666666667 30.51969666666667
vertex 2.1375783333333334 -24.24979666666667 30.51969666666667
endloop
endfacet
facet normal 0 1 0
outer loop
vertex 14.000303333333335 -24.24979666666667 30.571018333333335
vertex 2.1375783333333334 -24.24979666666667 30.51969666666667
vertex 2.0262783333333334 -24.24979666666667 30.571018333333335
endloop
endfacet
facet normal 0 1 0
outer loop
vertex -2.1375783333333334 -24.24979666666667 30.51969666666667
vertex -2.24826 -24.24979666666667 30.465901666666667
vertex -14.000303333333335 -24.24979666666667 30.465901666666667
endloop
endfacet
facet normal 0 1 0
outer loop
vertex -2.1375783333333334 -24.24979666666667 30.51969666666667
vertex -14.000303333333335 -24.24979666666667 30.465901666666667
vertex -14.000303333333335 -24.24979666666667 30.51969666666667
endloop
endfacet
facet normal 0 1 0
outer loop
vertex 14.000303333333335 -24.24979666666667 30.51969666666667
vertex 14.000303333333335 -24.24979666666667 30.465901666666667
vertex 2.24826 -24.24979666666667 30.465901666666667
endloop
endfacet
facet normal 0 1 0
outer loop
vertex 14.000303333333335 -24.24979666666667 30.51969666666667
vertex 2.24826 -24.24979666666667 30.465901666666667
vertex 2.1375783333333334 -24.24979666666667 30.51969666666667
endloop
endfacet
facet normal 0 1 0
outer loop
vertex -2.24826 -24.24979666666667 30.465901666666667
vertex -2.357086666666667 -24.24979666666667 30.409633333333336
vertex -14.000303333333335 -24.24979666666667 30.409633333333336
endloop
endfacet
facet normal 0 1 0
outer loop
vertex -2.24826 -24.24979666666667 30.465901666666667
vertex -14.000303333333335 -24.24979666666667 30.409633333333336
vertex -14.000303333333335 -24.24979666666667 30.465901666666667
endloop
endfacet
facet normal 0 1 0
outer loop
vertex 14.000303333333335 -24.24979666666667 30.465901666666667
vertex 14.000303333333335 -24.24979666666667 30.409633333333336
vertex 2.357086666666667 -24.24979666666667 30.409633333333336
endloop
endfacet
facet normal 0 1 0
outer loop
vertex 14.000303333333335 -24.24979666666667 30.465901666666667
vertex 2.357086666666667 -24.24979666666667 30.409633333333336
vertex 2.24826 -24.24979666666667 30.465901666666667
endloop
endfacet
facet normal 0 1 0
outer loop
vertex -2.357086666666667 -24.24979666666667 30.409633333333336
vertex -2.4646766666666666 -24.24979666666667 30.350273333333334
vertex -14.000303333333335 -24.24979666666667 30.350273333333334
endloop
endfacet
facet normal 0 1 0
outer loop
vertex -2.357086666666667 -24.24979666666667 30.409633333333336
vertex -14.000303333333335 -24.24979666666667 30.350273333333334
vertex -14.000303333333335 -24.24979666666667 30.409633333333336
endloop
endfacet
facet normal 0 1 0
outer loop
vertex 14.000303333333335 -24.24979666666667 30.409633333333336
vertex 14.000303333333335 -24.24979666666667 30.350273333333334
vertex 2.4646766666666666 -24.24979666666667 30.350273333333334
endloop
endfacet
facet normal 0 1 0
outer loop
vertex 14.000303333333335 -24.24979666666667 30.409633333333336
vertex 2.4646766666666666 -24.24979666666667 30.350273333333334
vertex 2.357086666666667 -24.24979666666667 30.409633333333336
endloop
endfacet
facet normal 0 1 0
outer loop
vertex -2.4646766666666666 -24.24979666666667 30.350273333333334
vertex -2.5704116666666668 -24.24979666666667 30.28844
vertex -14.000303333333335 -24.24979666666667 30.28844
endloop
endfacet
facet normal 0 1 0
outer loop
vertex -2.4646766666666666 -24.24979666666667 30.350273333333334
vertex -14.000303333333335 -24.24979666666667 30.28844
vertex -14.000303333333335 -24.24979666666667 30.350273333333334
endloop
endfacet
facet normal 0 1 0
outer loop
vertex 14.000303333333335 -24.24979666666667 30.350273333333334
vertex 14.000303333333335 -24.24979666666667 30.28844
vertex 2.5704116666666668 -24.24979666666667 30.28844
endloop
endfacet
facet normal 0 1 0
outer loop
vertex 14.000303333333335 -24.24979666666667 30.350273333333334
vertex 2.5704116666666668 -24.24979666666667 30.28844
vertex 2.4646766666666666 -24.24979666666667 30.350273333333334
endloop
endfacet
facet normal 0 0.9999999999999999 0
outer loop
vertex -2.5704116666666668 -24.24979666666667 30.28844
vertex -2.67491 -24.24979666666667 30.224133333333334
vertex -14.000303333333335 -24.24979666666667 30.224133333333334
endloop
endfacet
facet normal 0 1 0
outer loop
vertex -2.5704116666666668 -24.24979666666667 30.28844
vertex -14.000303333333335 -24.24979666666667 30.224133333333334
vertex -14.000303333333335 -24.24979666666667 30.28844
endloop
endfacet
facet normal 0 0.9999999999999999 0
outer loop
vertex 14.000303333333335 -24.24979666666667 30.28844
vertex 14.000303333333335 -24.24979666666667 30.224133333333334
vertex 2.67491 -24.24979666666667 30.224133333333334
endloop
endfacet
facet normal 0 1 0
outer loop
vertex 14.000303333333335 -24.24979666666667 30.28844
vertex 2.67491 -24.24979666666667 30.224133333333334
vertex 2.5704116666666668 -24.24979666666667 30.28844
endloop
endfacet
facet normal 0 1 0
outer loop
vertex -2.67491 -24.24979666666667 30.224133333333334
vertex -2.7775533333333335 -24.24979666666667 30.157353333333337
vertex -14.000303333333335 -24.24979666666667 30.157353333333337
endloop
endfacet
facet normal 0 1 0
outer loop
vertex -2.67491 -24.24979666666667 30.224133333333334
vertex -14.000303333333335 -24.24979666666667 30.157353333333337
vertex -14.000303333333335 -24.24979666666667 30.224133333333334
endloop
endfacet
facet normal 0 1 0
outer loop
vertex 14.000303333333335 -24.24979666666667 30.224133333333334
vertex 14.000303333333335 -24.24979666666667 30.157353333333337
vertex 2.7775533333333335 -24.24979666666667 30.157353333333337
endloop
endfacet
facet normal 0 1 0
outer loop
vertex 14.000303333333335 -24.24979666666667 30.224133333333334
vertex 2.7775533333333335 -24.24979666666667 30.157353333333337
vertex 2.67491 -24.24979666666667 30.224133333333334
endloop
endfacet
facet normal 0 1 0
outer loop
vertex -2.7775533333333335 -24.24979666666667 30.157353333333337
vertex -2.87896 -24.24979666666667 30.0881
vertex -14.000303333333335 -24.24979666666667 30.0881
endloop
endfacet
facet normal 0 0.9999999999999999 0
outer loop
vertex -2.7775533333333335 -24.24979666666667 30.157353333333337
vertex -14.000303333333335 -24.24979666666667 30.0881
vertex -14.000303333333335 -24.24979666666667 30.157353333333337
endloop
endfacet
facet normal 0 1 0
outer loop
vertex 14.000303333333335 -24.24979666666667 30.157353333333337
vertex 14.000303333333335 -24.24979666666667 30.0881
vertex 2.87896 -24.24979666666667 30.0881
endloop
endfacet
facet normal 0 0.9999999999999999 0
outer loop
vertex 14.000303333333335 -24.24979666666667 30.157353333333337
vertex 2.87896 -24.24979666666667 30.0881
vertex 2.7775533333333335 -24.24979666666667 30.157353333333337
endloop
endfacet
facet normal 0 1 0
outer loop
vertex -2.87896 -24.24979666666667 30.0881
vertex -2.978511666666667 -24.24979666666667 30.015755000000002
vertex -14.000303333333335 -24.24979666666667 30.015755000000002
endloop
endfacet
facet normal 0 1 0
outer loop
vertex -2.87896 -24.24979666666667 30.0881
vertex -14.000303333333335 -24.24979666666667 30.015755000000002
vertex -14.000303333333335 -24.24979666666667 30.0881
endloop
endfacet
facet normal 0 1 0
outer loop
vertex 14.000303333333335 -24.24979666666667 30.0881
vertex 14.000303333333335 -24.24979666666667 30.015755000000002
vertex 2.978511666666667 -24.24979666666667 30.015755000000002
endloop
endfacet
facet normal 0 1 0
outer loop
vertex 14.000303333333335 -24.24979666666667 30.0881
vertex 2.978511666666667 -24.24979666666667 30.015755000000002
vertex 2.87896 -24.24979666666667 30.0881
endloop
endfacet
facet normal 0 1 0
outer loop
vertex -2.978511666666667 -24.24979666666667 30.015755000000002
vertex -3.0762083333333337 -24.24979666666667 29.941555
vertex -14.000303333333335 -24.24979666666667 29.941555
endloop
endfacet
facet normal 0 1 0
outer loop
vertex -2.978511666666667 -24.24979666666667 30.015755000000002
vertex -14.000303333333335 -24.24979666666667 29.941555
vertex -14.000303333333335 -24.24979666666667 30.015755000000002
endloop
endfacet
facet normal 0 1 0
outer loop
vertex 14.000303333333335 -24.24979666666667 30.015755000000002
vertex 14.000303333333335 -24.24979666666667 29.941555
vertex 3.0762083333333337 -24.24979666666667 29.941555
endloop
endfacet
facet normal 0 1 0
outer loop
vertex 14.000303333333335 -24.24979666666667 30.015755000000002
vertex 3.0762083333333337 -24.24979666666667 29.941555
vertex 2.978511666666667 -24.24979666666667 30.015755000000002
endloop
endfacet
facet normal 0 1 0
outer loop
vertex -3.0762083333333337 -24.24979666666667 29.941555
vertex -3.17205 -24.24979666666667 29.86488166666667
vertex -14.000303333333335 -24.24979666666667 29.86488166666667
endloop
endfacet
facet normal 0 1 0
outer loop
vertex -3.0762083333333337 -24.24979666666667 29.941555
vertex -14.000303333333335 -24.24979666666667 29.86488166666667
vertex -14.000303333333335 -24.24979666666667 29.941555
endloop
endfacet
facet normal 0 1 0
outer loop
vertex 14.000303333333335 -24.24979666666667 29.941555
vertex 14.000303333333335 -24.24979666666667 29.86488166666667
vertex 3.17205 -24.24979666666667 29.86488166666667
endloop
endfacet
facet normal 0 1 0
outer loop
vertex 14.000303333333335 -24.24979666666667 29.941555
vertex 3.17205 -24.24979666666667 29.86488166666667
vertex 3.0762083333333337 -24.24979666666667 29.941555
endloop
endfacet
facet normal 0 1 0
outer loop
vertex -3.17205 -24.24979666666667 29.86488166666667
vertex -3.266036666666667 -24.24979666666667 29.786353333333334
vertex -14.000303333333335 -24.24979666666667 29.786353333333334
endloop
endfacet
facet normal 0 0.9999999999999999 0
outer loop
vertex -3.17205 -24.24979666666667 29.86488166666667
vertex -14.000303333333335 -24.24979666666667 29.786353333333334
vertex -14.000303333333335 -24.24979666666667 29.86488166666667
endloop
endfacet
facet normal 0 1 0
outer loop
vertex 14.000303333333335 -24.24979666666667 29.86488166666667
vertex 14.000303333333335 -24.24979666666667 29.786353333333334
vertex 3.266036666666667 -24.24979666666667 29.786353333333334
endloop
endfacet
facet normal 0 0.9999999999999999 0
outer loop
vertex 14.000303333333335 -24.24979666666667 29.86488166666667
vertex 3.266036666666667 -24.24979666666667 29.786353333333334
vertex 3.17205 -24.24979666666667 29.86488166666667
endloop
endfacet
facet normal 0 0.9999999999999999 0
outer loop
vertex -3.266036666666667 -24.24979666666667 29.786353333333334
vertex -3.3575500000000003 -24.24979666666667 29.704733333333333
vertex -14.000303333333335 -24.24979666666667 29.704733333333333
endloop
endfacet
facet normal 0 1 0
outer loop
vertex -3.266036666666667 -24.24979666666667 29.786353333333334
vertex -14.000303333333335 -24.24979666666667 29.704733333333333
vertex -14.000303333333335 -24.24979666666667 29.786353333333334
endloop
endfacet
facet normal 0 0.9999999999999999 0
outer loop
vertex 14.000303333333335 -24.24979666666667 29.786353333333334
vertex 14.000303333333335 -24.24979666666667 29.704733333333333
vertex 3.3575500000000003 -24.24979666666667 29.704733333333333
endloop
endfacet
facet normal 0 1 0
outer loop
vertex 14.000303333333335 -24.24979666666667 29.786353333333334
vertex 3.3575500000000003 -24.24979666666667 29.704733333333333
vertex 3.266036666666667 -24.24979666666667 29.786353333333334
endloop
endfacet
facet normal 0 1 0
outer loop
vertex -3.3575500000000003 -24.24979666666667 29.704733333333333
vertex -3.447826666666667 -24.24979666666667 29.621258333333333
vertex -14.000303333333335 -24.24979666666667 29.621258333333333
endloop
endfacet
facet normal 0 0.9999999999999999 0
outer loop
vertex -3.3575500000000003 -24.24979666666667 29.704733333333333
vertex -14.000303333333335 -24.24979666666667 29.621258333333333
vertex -14.000303333333335 -24.24979666666667 29.704733333333333
endloop
endfacet
facet normal 0 0.9999999999999999 0
outer loop
vertex 14.000303333333335 -24.24979666666667 29.704733333333333
vertex 14.000303333333335 -24.24979666666667 29.621258333333333
vertex 3.447826666666667 -24.24979666666667 29.621258333333333
endloop
endfacet
facet normal 0 0.9999999999999999 0
outer loop
vertex 14.000303333333335 -24.24979666666667 29.704733333333333
vertex 3.447826666666667 -24.24979666666667 29.621258333333333
vertex 3.3575500000000003 -24.24979666666667 29.704733333333333
endloop
endfacet
facet normal 0 1 0
outer loop
vertex -3.447826666666667 -24.24979666666667 29.621258333333333
vertex -3.5356300000000003 -24.24979666666667 29.535310000000003
vertex -14.000303333333335 -24.24979666666667 29.535310000000003
endloop
endfacet
facet normal 0 0.9999999999999999 0
outer loop
vertex -3.447826666666667 -24.24979666666667 29.621258333333333
vertex -14.000303333333335 -24.24979666666667 29.535310000000003
vertex -14.000303333333335 -24.24979666666667 29.621258333333333
endloop
endfacet
facet normal 0 1 0
outer loop
vertex 14.000303333333335 -24.24979666666667 29.621258333333333
vertex 14.000303333333335 -24.24979666666667 29.535310000000003
vertex 3.5356300000000003 -24.24979666666667 29.535310000000003
endloop
endfacet
facet normal 0 0.9999999999999999 0
outer loop
vertex 14.000303333333335 -24.24979666666667 29.621258333333333
vertex 3.5356300000000003 -24.24979666666667 29.535310000000003
vertex 3.447826666666667 -24.24979666666667 29.621258333333333
endloop
endfacet
facet normal 0 1 0
outer loop
vertex -3.5356300000000003 -24.24979666666667 29.535310000000003
vertex -3.62096 -24.24979666666667 29.44750666666667
vertex -14.000303333333335 -24.24979666666667 29.44750666666667
endloop
endfacet
facet normal 0 1 0
outer loop
vertex -3.5356300000000003 -24.24979666666667 29.535310000000003
vertex -14.000303333333335 -24.24979666666667 29.44750666666667
vertex -14.000303333333335 -24.24979666666667 29.535310000000003
endloop
endfacet
facet normal 0 1 0
outer loop
vertex 14.000303333333335 -24.24979666666667 29.535310000000003
vertex 14.000303333333335 -24.24979666666667 29.44750666666667
vertex 3.62096 -24.24979666666667 29.44750666666667
endloop
endfacet
facet normal 0 1 0
outer loop
vertex 14.000303333333335 -24.24979666666667 29.535310000000003
vertex 3.62096 -24.24979666666667 29.44750666666667
vertex 3.5356300000000003 -24.24979666666667 29.535310000000003
endloop
endfacet
facet normal 0 1 0
outer loop
vertex -3.62096 -24.24979666666667 29.44750666666667
vertex -3.7050533333333333 -24.24979666666667 29.357848333333333
vertex -14.000303333333335 -24.24979666666667 29.357848333333333
endloop
endfacet
facet normal 0 1 0
outer loop
vertex -3.62096 -24.24979666666667 29.44750666666667
vertex -14.000303333333335 -24.24979666666667 29.357848333333333
vertex -14.000303333333335 -24.24979666666667 29.44750666666667
endloop
endfacet
facet normal 0 1 0
outer loop
vertex 14.000303333333335 -24.24979666666667 29.44750666666667
vertex 14.000303333333335 -24.24979666666667 29.357848333333333
vertex 3.7050533333333333 -24.24979666666667 29.357848333333333
endloop
endfacet
facet normal 0 1 0
outer loop
vertex 14.000303333333335 -24.24979666666667 29.44750666666667
vertex 3.7050533333333333 -24.24979666666667 29.357848333333333
vertex 3.62096 -24.24979666666667 29.44750666666667
endloop
endfacet
facet normal 0 1 0
outer loop
vertex -3.7050533333333333 -24.24979666666667 29.357848333333333
vertex -3.786055 -24.24979666666667 29.26571666666667
vertex -14.000303333333335 -24.24979666666667 29.26571666666667
endloop
endfacet
facet normal 0 1 0
outer loop
vertex -3.7050533333333333 -24.24979666666667 29.357848333333333
vertex -14.000303333333335 -24.24979666666667 29.26571666666667
vertex -14.000303333333335 -24.24979666666667 29.357848333333333
endloop
endfacet
facet normal 0 1 0
outer loop
vertex 14.000303333333335 -24.24979666666667 29.357848333333333
vertex 14.000303333333335 -24.24979666666667 29.26571666666667
vertex 3.786055 -24.24979666666667 29.26571666666667
endloop
endfacet
facet normal 0 1 0
outer loop
vertex 14.000303333333335 -24.24979666666667 29.357848333333333
vertex 3.786055 -24.24979666666667 29.26571666666667
vertex 3.7050533333333333 -24.24979666666667 29.357848333333333
endloop
endfacet
facet normal 0 1 0
outer loop
vertex -3.786055 -24.24979666666667 29.26571666666667
vertex -3.8652016666666666 -24.24979666666667 29.17173
vertex -14.000303333333335 -24.24979666666667 29.17173
endloop
endfacet
facet normal 0 1 0
outer loop
vertex -3.786055 -24.24979666666667 29.26571666666667
vertex -14.000303333333335 -24.24979666666667 29.17173
vertex -14.000303333333335 -24.24979666666667 29.26571666666667
endloop
endfacet
facet normal 0 1 0
outer loop
vertex 14.000303333333335 -24.24979666666667 29.26571666666667
vertex 14.000303333333335 -24.24979666666667 29.17173
vertex 3.8652016666666666 -24.24979666666667 29.17173
endloop
endfacet
facet normal 0 1 0
outer loop
vertex 14.000303333333335 -24.24979666666667 29.26571666666667
vertex 3.8652016666666666 -24.24979666666667 29.17173
vertex 3.786055 -24.24979666666667 29.26571666666667
endloop
endfacet
facet normal 0 0.9999999999999999 0
outer loop
vertex -3.8652016666666666 -24.24979666666667 29.17173
vertex -3.941875 -24.24979666666667 29.075888333333335
vertex -14.000303333333335 -24.24979666666667 29.075888333333335
endloop
endfacet
facet normal 0 1 0
outer loop
vertex -3.8652016666666666 -24.24979666666667 29.17173
vertex -14.000303333333335 -24.24979666666667 29.075888333333335
vertex -14.000303333333335 -24.24979666666667 29.17173
endloop
endfacet
facet normal 0 1 0
outer loop
vertex 14.000303333333335 -24.24979666666667 29.17173
vertex 14.000303333333335 -24.24979666666667 29.075888333333335
vertex 3.941875 -24.24979666666667 29.075888333333335
endloop
endfacet
facet normal 0 1 0
outer loop
vertex 14.000303333333335 -24.24979666666667 29.17173
vertex 3.941875 -24.24979666666667 29.075888333333335
vertex 3.8652016666666666 -24.24979666666667 29.17173
endloop
endfacet
facet normal 0 1 0
outer loop
vertex -3.941875 -24.24979666666667 29.075888333333335
vertex -4.016075 -24.24979666666667 28.978191666666667
vertex -14.000303333333335 -24.24979666666667 28.978191666666667
endloop
endfacet
facet normal 0 1 0
outer loop
vertex -3.941875 -24.24979666666667 29.075888333333335
vertex -14.000303333333335 -24.24979666666667 28.978191666666667
vertex -14.000303333333335 -24.24979666666667 29.075888333333335
endloop
endfacet
facet normal 0 0.9999999999999999 0
outer loop
vertex 14.000303333333335 -24.24979666666667 29.075888333333335
vertex 14.000303333333335 -24.24979666666667 28.978191666666667
vertex 4.016075 -24.24979666666667 28.978191666666667
endloop
endfacet
facet normal 0 1 0
outer loop
vertex 14.000303333333335 -24.24979666666667 29.075888333333335
vertex 4.016075 -24.24979666666667 28.978191666666667
vertex 3.941875 -24.24979666666667 29.075888333333335
endloop
endfacet
facet normal 0 0.9999999999999999 0
outer loop
vertex -4.016075 -24.24979666666667 28.978191666666667
vertex -4.0878016666666666 -24.24979666666667 28.879258333333336
vertex -14.000303333333335 -24.24979666666667 28.879258333333336
endloop
endfacet
facet normal 0 1 0
outer loop
vertex -4.016075 -24.24979666666667 28.978191666666667
vertex -14.000303333333335 -24.24979666666667 28.879258333333336
vertex -14.000303333333335 -24.24979666666667 28.978191666666667
endloop
endfacet
facet normal 0 0.9999999999999999 0
outer loop
vertex 14.000303333333335 -24.24979666666667 28.978191666666667
vertex 14.000303333333335 -24.24979666666667 28.879258333333336
vertex 4.0878016666666666 -24.24979666666667 28.879258333333336
endloop
endfacet
facet normal 0 1 0
outer loop
vertex 14.000303333333335 -24.24979666666667 28.978191666666667
vertex 4.0878016666666666 -24.24979666666667 28.879258333333336
vertex 4.016075 -24.24979666666667 28.978191666666667
endloop
endfacet
facet normal 0 0.9999999999999999 0
outer loop
vertex -4.0878016666666666 -24.24979666666667 28.879258333333336
vertex -4.157055000000001 -24.24979666666667 28.777851666666667
vertex -14.000303333333335 -24.24979666666667 28.777851666666667
endloop
endfacet
facet normal 0 1 0
outer loop
vertex -4.0878016666666666 -24.24979666666667 28.879258333333336
vertex -14.000303333333335 -24.24979666666667 28.777851666666667
vertex -14.000303333333335 -24.24979666666667 28.879258333333336
endloop
endfacet
facet normal 0 0.9999999999999999 0
outer loop
vertex 14.000303333333335 -24.24979666666667 28.879258333333336
vertex 14.000303333333335 -24.24979666666667 28.777851666666667
vertex 4.157055000000001 -24.24979666666667 28.777851666666667
endloop
endfacet
facet normal 0 1 0
outer loop
vertex 14.000303333333335 -24.24979666666667 28.879258333333336
vertex 4.157055000000001 -24.24979666666667 28.777851666666667
vertex 4.0878016666666666 -24.24979666666667 28.879258333333336
endloop
endfacet
facet normal 0 1 0
outer loop
vertex -4.157055000000001 -24.24979666666667 28.777851666666667
vertex -4.224453333333334 -24.24979666666667 28.675208333333334
vertex -14.000303333333335 -24.24979666666667 28.675208333333334
endloop
endfacet
facet normal 0 1 0
outer loop
vertex -4.157055000000001 -24.24979666666667 28.777851666666667
vertex -14.000303333333335 -24.24979666666667 28.675208333333334
vertex -14.000303333333335 -24.24979666666667 28.777851666666667
endloop
endfacet
facet normal 0 1 0
outer loop
vertex 14.000303333333335 -24.24979666666667 28.777851666666667
vertex 14.000303333333335 -24.24979666666667 28.675208333333334
vertex 4.224453333333334 -24.24979666666667 28.675208333333334
endloop
endfacet
facet normal 0 1 0
outer loop
vertex 14.000303333333335 -24.24979666666667 28.777851666666667
vertex 4.224453333333334 -24.24979666666667 28.675208333333334
vertex 4.157055000000001 -24.24979666666667 28.777851666666667
endloop
endfacet
facet normal 0 1 0
outer loop
vertex -4.224453333333334 -24.24979666666667 28.675208333333334
vertex -4.28876 -24.24979666666667 28.570710000000002
vertex -14.000303333333335 -24.24979666666667 28.570710000000002
endloop
endfacet
facet normal 0 1 0
outer loop
vertex -4.224453333333334 -24.24979666666667 28.675208333333334
vertex -14.000303333333335 -24.24979666666667 28.570710000000002
vertex -14.000303333333335 -24.24979666666667 28.675208333333334
endloop
endfacet
facet normal 0 1 0
outer loop
vertex 14.000303333333335 -24.24979666666667 28.675208333333334
vertex 14.000303333333335 -24.24979666666667 28.570710000000002
vertex 4.28876 -24.24979666666667 28.570710000000002
endloop
endfacet
facet normal 0 1 0
outer loop
vertex 14.000303333333335 -24.24979666666667 28.675208333333334
vertex 4.28876 -24.24979666666667 28.570710000000002
vertex 4.224453333333334 -24.24979666666667 28.675208333333334
endloop
endfacet
facet normal 0 1 0
outer loop
vertex -4.28876 -24.24979666666667 28.570710000000002
vertex -4.350593333333333 -24.24979666666667 28.464356666666667
vertex -14.000303333333335 -24.24979666666667 28.464356666666667
endloop
endfacet
facet normal 0 1 0
outer loop
vertex -4.28876 -24.24979666666667 28.570710000000002
vertex -14.000303333333335 -24.24979666666667 28.464356666666667
vertex -14.000303333333335 -24.24979666666667 28.570710000000002
endloop
endfacet
facet normal 0 1 0
outer loop
vertex 14.000303333333335 -24.24979666666667 28.570710000000002
vertex 14.000303333333335 -24.24979666666667 28.464356666666667
vertex 4.350593333333333 -24.24979666666667 28.464356666666667
endloop
endfacet
facet normal 0 1 0
outer loop
vertex 14.000303333333335 -24.24979666666667 28.570710000000002
vertex 4.350593333333333 -24.24979666666667 28.464356666666667
vertex 4.28876 -24.24979666666667 28.570710000000002
endloop
endfacet
facet normal 0 1 0
outer loop
vertex -4.350593333333333 -24.24979666666667 28.464356666666667
vertex -4.4093350000000004 -24.24979666666667 28.35676666666667
vertex -14.000303333333335 -24.24979666666667 28.35676666666667
endloop
endfacet
facet normal 0 1 0
outer loop
vertex -4.350593333333333 -24.24979666666667 28.464356666666667
vertex -14.000303333333335 -24.24979666666667 28.35676666666667
vertex -14.000303333333335 -24.24979666666667 28.464356666666667
endloop
endfacet
facet normal 0 1 0
outer loop
vertex 14.000303333333335 -24.24979666666667 28.464356666666667
vertex 14.000303333333335 -24.24979666666667 28.35676666666667
vertex 4.4093350000000004 -24.24979666666667 28.35676666666667
endloop
endfacet
facet normal 0 1 0
outer loop
vertex 14.000303333333335 -24.24979666666667 28.464356666666667
vertex 4.4093350000000004 -24.24979666666667 28.35676666666667
vertex 4.350593333333333 -24.24979666666667 28.464356666666667
endloop
endfacet
facet normal 0 1 0
outer loop
vertex -4.4093350000000004 -24.24979666666667 28.35676666666667
vertex -4.466221666666667 -24.24979666666667 28.24794
vertex -14.000303333333335 -24.24979666666667 28.24794
endloop
endfacet
facet normal 0 1 0
outer loop
vertex -4.4093350000000004 -24.24979666666667 28.35676666666667
vertex -14.000303333333335 -24.24979666666667 28.24794
vertex -14.000303333333335 -24.24979666666667 28.35676666666667
endloop
endfacet
facet normal 0 1 0
outer loop
vertex 14.000303333333335 -24.24979666666667 28.35676666666667
vertex 14.000303333333335 -24.24979666666667 28.24794
vertex 4.466221666666667 -24.24979666666667 28.24794
endloop
endfacet
facet normal 0 1 0
outer loop
vertex 14.000303333333335 -24.24979666666667 28.35676666666667
vertex 4.466221666666667 -24.24979666666667 28.24794
vertex 4.4093350000000004 -24.24979666666667 28.35676666666667
endloop
endfacet
facet normal 0 1 0
outer loop
vertex -4.466221666666667 -24.24979666666667 28.24794
vertex -4.520016666666667 -24.24979666666667 28.137876666666667
vertex -14.000303333333335 -24.24979666666667 28.137876666666667
endloop
endfacet
facet normal 0 1 0
outer loop
vertex -4.466221666666667 -24.24979666666667 28.24794
vertex -14.000303333333335 -24.24979666666667 28.137876666666667
vertex -14.000303333333335 -24.24979666666667 28.24794
endloop
endfacet
facet normal 0 1 0
outer loop
vertex 14.000303333333335 -24.24979666666667 28.24794
vertex 14.000303333333335 -24.24979666666667 28.137876666666667
vertex 4.520016666666667 -24.24979666666667 28.137876666666667
endloop
endfacet
facet normal 0 1 0
outer loop
vertex 14.000303333333335 -24.24979666666667 28.24794
vertex 4.520016666666667 -24.24979666666667 28.137876666666667
vertex 4.466221666666667 -24.24979666666667 28.24794
endloop
endfacet
facet normal 0 1 0
outer loop
vertex -4.520016666666667 -24.24979666666667 28.137876666666667
vertex -4.571338333333333 -24.24979666666667 28.025958333333335
vertex -14.000303333333335 -24.24979666666667 28.025958333333335
endloop
endfacet
facet normal 0 1 0
outer loop
vertex -4.520016666666667 -24.24979666666667 28.137876666666667
vertex -14.000303333333335 -24.24979666666667 28.025958333333335
vertex -14.000303333333335 -24.24979666666667 28.137876666666667
endloop
endfacet
facet normal 0 1 0
outer loop
vertex 14.000303333333335 -24.24979666666667 28.137876666666667
vertex 14.000303333333335 -24.24979666666667 28.025958333333335
vertex 4.571338333333333 -24.24979666666667 28.025958333333335
endloop
endfacet
facet normal 0 1 0
outer loop
vertex 14.000303333333335 -24.24979666666667 28.137876666666667
vertex 4.571338333333333 -24.24979666666667 28.025958333333335
vertex 4.520016666666667 -24.24979666666667 28.137876666666667
endloop
endfacet
facet normal 0 1 0
outer loop
vertex -4.571338333333333 -24.24979666666667 28.025958333333335
vertex -4.6195683333333335 -24.24979666666667 27.913421666666668
vertex -14.000303333333335 -24.24979666666667 27.913421666666668
endloop
endfacet
facet normal 0 1 0
outer loop
vertex -4.571338333333333 -24.24979666666667 28.025958333333335
vertex -14.000303333333335 -24.24979666666667 27.913421666666668
vertex -14.000303333333335 -24.24979666666667 28.025958333333335
endloop
endfacet
facet normal 0 1 0
outer loop
vertex 14.000303333333335 -24.24979666666667 28.025958333333335
vertex 14.000303333333335 -24.24979666666667 27.913421666666668
vertex 4.6195683333333335 -24.24979666666667 27.913421666666668
endloop
endfacet
facet normal 0 1 0
outer loop
vertex 14.000303333333335 -24.24979666666667 28.025958333333335
vertex 4.6195683333333335 -24.24979666666667 27.913421666666668
vertex 4.571338333333333 -24.24979666666667 28.025958333333335
endloop
endfacet
facet normal 0 1 0
outer loop
vertex -4.6195683333333335 -24.24979666666667 27.913421666666668
vertex -4.664706666666667 -24.24979666666667 27.799648333333334
vertex -14.000303333333335 -24.24979666666667 27.799648333333334
endloop
endfacet
facet normal 0 1 0
outer loop
vertex -4.6195683333333335 -24.24979666666667 27.913421666666668
vertex -14.000303333333335 -24.24979666666667 27.799648333333334
vertex -14.000303333333335 -24.24979666666667 27.913421666666668
endloop
endfacet
facet normal 0 1 0
outer loop
vertex 14.000303333333335 -24.24979666666667 27.913421666666668
vertex 14.000303333333335 -24.24979666666667 27.799648333333334
vertex 4.664706666666667 -24.24979666666667 27.799648333333334
endloop
endfacet
facet normal 0 1 0
outer loop
vertex 14.000303333333335 -24.24979666666667 27.913421666666668
vertex 4.664706666666667 -24.24979666666667 27.799648333333334
vertex 4.6195683333333335 -24.24979666666667 27.913421666666668
endloop
endfacet
facet normal 0 1 0
outer loop
vertex -4.664706666666667 -24.24979666666667 27.799648333333334
vertex -4.707990000000001 -24.24979666666667 27.684638333333336
vertex -14.000303333333335 -24.24979666666667 27.684638333333336
endloop
endfacet
facet normal 0 1 0
outer loop
vertex -4.664706666666667 -24.24979666666667 27.799648333333334
vertex -14.000303333333335 -24.24979666666667 27.684638333333336
vertex -14.000303333333335 -24.24979666666667 27.799648333333334
endloop
endfacet
facet normal 0 1 0
outer loop
vertex 14.000303333333335 -24.24979666666667 27.799648333333334
vertex 14.000303333333335 -24.24979666666667 27.684638333333336
vertex 4.707990000000001 -24.24979666666667 27.684638333333336
endloop
endfacet
facet normal 0 1 0
outer loop
vertex 14.000303333333335 -24.24979666666667 27.799648333333334
vertex 4.707990000000001 -24.24979666666667 27.684638333333336
vertex 4.664706666666667 -24.24979666666667 27.799648333333334
endloop
endfacet
facet normal 0 1 0
outer loop
vertex -4.707990000000001 -24.24979666666667 27.684638333333336
vertex -4.747563333333334 -24.24979666666667 27.568391666666667
vertex -14.000303333333335 -24.24979666666667 27.568391666666667
endloop
endfacet
facet normal 0 1 0
outer loop
vertex -4.707990000000001 -24.24979666666667 27.684638333333336
vertex -14.000303333333335 -24.24979666666667 27.568391666666667
vertex -14.000303333333335 -24.24979666666667 27.684638333333336
endloop
endfacet
facet normal 0 1 0
outer loop
vertex 14.000303333333335 -24.24979666666667 27.684638333333336
vertex 14.000303333333335 -24.24979666666667 27.568391666666667
vertex 4.747563333333334 -24.24979666666667 27.568391666666667
endloop
endfacet
facet normal 0 1 0
outer loop
vertex 14.000303333333335 -24.24979666666667 27.684638333333336
vertex 4.747563333333334 -24.24979666666667 27.568391666666667
vertex 4.707990000000001 -24.24979666666667 27.684638333333336
endloop
endfacet
facet normal 0 1 0
outer loop
vertex -4.747563333333334 -24.24979666666667 27.568391666666667
vertex -4.7846633333333335 -24.24979666666667 27.45152666666667
vertex -14.000303333333335 -24.24979666666667 27.45152666666667
endloop
endfacet
facet normal 0 1 0
outer loop
vertex -4.747563333333334 -24.24979666666667 27.568391666666667
vertex -14.000303333333335 -24.24979666666667 27.45152666666667
vertex -14.000303333333335 -24.24979666666667 27.568391666666667
endloop
endfacet
facet normal 0 1 0
outer loop
vertex 14.000303333333335 -24.24979666666667 27.568391666666667
vertex 14.000303333333335 -24.24979666666667 27.45152666666667
vertex 4.7846633333333335 -24.24979666666667 27.45152666666667
endloop
endfacet
facet normal 0 1 0
outer loop
vertex 14.000303333333335 -24.24979666666667 27.568391666666667
vertex 4.7846633333333335 -24.24979666666667 27.45152666666667
vertex 4.747563333333334 -24.24979666666667 27.568391666666667
endloop
endfacet
facet normal 0 1 0
outer loop
vertex -4.7846633333333335 -24.24979666666667 27.45152666666667
vertex -4.818671666666667 -24.24979666666667 27.333425000000002
vertex -14.000303333333335 -24.24979666666667 27.333425000000002
endloop
endfacet
facet normal 0 1 0
outer loop
vertex -4.7846633333333335 -24.24979666666667 27.45152666666667
vertex -14.000303333333335 -24.24979666666667 27.333425000000002
vertex -14.000303333333335 -24.24979666666667 27.45152666666667
endloop
endfacet
facet normal 0 1 0
outer loop
vertex 14.000303333333335 -24.24979666666667 27.45152666666667
vertex 14.000303333333335 -24.24979666666667 27.333425000000002
vertex 4.818671666666667 -24.24979666666667 27.333425000000002
endloop
endfacet
facet normal 0 1 0
outer loop
vertex 14.000303333333335 -24.24979666666667 27.45152666666667
vertex 4.818671666666667 -24.24979666666667 27.333425000000002
vertex 4.7846633333333335 -24.24979666666667 27.45152666666667
endloop
endfacet
facet normal 0 1 0
outer loop
vertex -4.818671666666667 -24.24979666666667 27.333425000000002
vertex -4.850206666666667 -24.24979666666667 27.214705000000002
vertex -14.000303333333335 -24.24979666666667 27.214705000000002
endloop
endfacet
facet normal 0 0.9999999999999999 0
outer loop
vertex -4.818671666666667 -24.24979666666667 27.333425000000002
vertex -14.000303333333335 -24.24979666666667 27.214705000000002
vertex -14.000303333333335 -24.24979666666667 27.333425000000002
endloop
endfacet
facet normal 0 1 0
outer loop
vertex 14.000303333333335 -24.24979666666667 27.333425000000002
vertex 14.000303333333335 -24.24979666666667 27.214705000000002
vertex 4.850206666666667 -24.24979666666667 27.214705000000002
endloop
endfacet
facet normal 0 0.9999999999999999 0
outer loop
vertex 14.000303333333335 -24.24979666666667 27.333425000000002
vertex 4.850206666666667 -24.24979666666667 27.214705000000002
vertex 4.818671666666667 -24.24979666666667 27.333425000000002
endloop
endfacet
facet normal 0 1 0
outer loop
vertex -4.850206666666667 -24.24979666666667 27.214705000000002
vertex -4.87865 -24.24979666666667 27.095366666666667
vertex -14.000303333333335 -24.24979666666667 27.095366666666667
endloop
endfacet
facet normal 0 1 0
outer loop
vertex -4.850206666666667 -24.24979666666667 27.214705000000002
vertex -14.000303333333335 -24.24979666666667 27.095366666666667
vertex -14.000303333333335 -24.24979666666667 27.214705000000002
endloop
endfacet
facet normal 0 1 0
outer loop
vertex 14.000303333333335 -24.24979666666667 27.214705000000002
vertex 14.000303333333335 -24.24979666666667 27.095366666666667
vertex 4.87865 -24.24979666666667 27.095366666666667
endloop
endfacet
facet normal 0 1 0
outer loop
vertex 14.000303333333335 -24.24979666666667 27.214705000000002
vertex 4.87865 -24.24979666666667 27.095366666666667
vertex 4.850206666666667 -24.24979666666667 27.214705000000002
endloop
endfacet
facet normal 0 1 0
outer loop
vertex -4.87865 -24.24979666666667 27.095366666666667
vertex -4.904001666666667 -24.24979666666667 26.97541
vertex -14.000303333333335 -24.24979666666667 26.97541
endloop
endfacet
facet normal 0 1 0
outer loop
vertex -4.87865 -24.24979666666667 27.095366666666667
vertex -14.000303333333335 -24.24979666666667 26.97541
vertex -14.000303333333335 -24.24979666666667 27.095366666666667
endloop
endfacet
facet normal 0 1 0
outer loop
vertex 14.000303333333335 -24.24979666666667 27.095366666666667
vertex 14.000303333333335 -24.24979666666667 26.97541
vertex 4.904001666666667 -24.24979666666667 26.97541
endloop
endfacet
facet normal 0 1 0
outer loop
vertex 14.000303333333335 -24.24979666666667 27.095366666666667
vertex 4.904001666666667 -24.24979666666667 26.97541
vertex 4.87865 -24.24979666666667 27.095366666666667
endloop
endfacet
facet normal 0 1 0
outer loop
vertex -4.904001666666667 -24.24979666666667 26.97541
vertex -4.926261666666667 -24.24979666666667 26.854835
vertex -14.000303333333335 -24.24979666666667 26.854835
endloop
endfacet
facet normal 0 1 0
outer loop
vertex -4.904001666666667 -24.24979666666667 26.97541
vertex -14.000303333333335 -24.24979666666667 26.854835
vertex -14.000303333333335 -24.24979666666667 26.97541
endloop
endfacet
facet normal 0 1 0
outer loop
vertex 14.000303333333335 -24.24979666666667 26.97541
vertex 14.000303333333335 -24.24979666666667 26.854835
vertex 4.926261666666667 -24.24979666666667 26.854835
endloop
endfacet
facet normal 0 1 0
outer loop
vertex 14.000303333333335 -24.24979666666667 26.97541
vertex 4.926261666666667 -24.24979666666667 26.854835
vertex 4.904001666666667 -24.24979666666667 26.97541
endloop
endfacet
facet normal 0 1 0
outer loop
vertex -4.926261666666667 -24.24979666666667 26.854835
vertex -4.946048333333334 -24.24979666666667 26.733641666666667
vertex -14.000303333333335 -24.24979666666667 26.733641666666667
endloop
endfacet
facet normal 0 0.9999999999999999 0
outer loop
vertex -4.926261666666667 -24.24979666666667 26.854835
vertex -14.000303333333335 -24.24979666666667 26.733641666666667
vertex -14.000303333333335 -24.24979666666667 26.854835
endloop
endfacet
facet normal 0 1 0
outer loop
vertex 14.000303333333335 -24.24979666666667 26.854835
vertex 14.000303333333335 -24.24979666666667 26.733641666666667
vertex 4.946048333333334 -24.24979666666667 26.733641666666667
endloop
endfacet
facet normal 0 0.9999999999999999 0
outer loop
vertex 14.000303333333335 -24.24979666666667 26.854835
vertex 4.946048333333334 -24.24979666666667 26.733641666666667
vertex 4.926261666666667 -24.24979666666667 26.854835
endloop
endfacet
facet normal 0 1 0
outer loop
vertex -4.946048333333334 -24.24979666666667 26.733641666666667
vertex -4.962125 -24.24979666666667 26.61183
vertex -14.000303333333335 -24.24979666666667 26.61183
endloop
endfacet
facet normal 0 1 0
outer loop
vertex -4.946048333333334 -24.24979666666667 26.733641666666667
vertex -14.000303333333335 -24.24979666666667 26.61183
vertex -14.000303333333335 -24.24979666666667 26.733641666666667
endloop
endfacet
facet normal 0 1 0
outer loop
vertex 14.000303333333335 -24.24979666666667 26.733641666666667
vertex 14.000303333333335 -24.24979666666667 26.61183
vertex 4.962125 -24.24979666666667 26.61183
endloop
endfacet
facet normal 0 1 0
outer loop
vertex 14.000303333333335 -24.24979666666667 26.733641666666667
vertex 4.962125 -24.24979666666667 26.61183
vertex 4.946048333333334 -24.24979666666667 26.733641666666667
endloop
endfacet
facet normal 0 1 0
outer loop
vertex -4.962125 -24.24979666666667 26.61183
vertex -4.9757283333333335 -24.24979666666667 26.490018333333335
vertex -14.000303333333335 -24.24979666666667 26.490018333333335
endloop
endfacet
facet normal 0 1 0
outer loop
vertex -4.962125 -24.24979666666667 26.61183
vertex -14.000303333333335 -24.24979666666667 26.490018333333335
vertex -14.000303333333335 -24.24979666666667 26.61183
endloop
endfacet
facet normal 0 1 0
outer loop
vertex 14.000303333333335 -24.24979666666667 26.61183
vertex 14.000303333333335 -24.24979666666667 26.490018333333335
vertex 4.9757283333333335 -24.24979666666667 26.490018333333335
endloop
endfacet
facet normal 0 1 0
outer loop
vertex 14.000303333333335 -24.24979666666667 26.61183
vertex 4.9757283333333335 -24.24979666666667 26.490018333333335
vertex 4.962125 -24.24979666666667 26.61183
endloop
endfacet
facet normal 0 1 0
outer loop
vertex -4.9757283333333335 -24.24979666666667 26.490018333333335
vertex -4.9862400000000004 -24.24979666666667 26.367588333333334
vertex -14.000303333333335 -24.24979666666667 26.367588333333334
endloop
endfacet
facet normal 0 1 0
outer loop
vertex -4.9757283333333335 -24.24979666666667 26.490018333333335
vertex -14.000303333333335 -24.24979666666667 26.367588333333334
vertex -14.000303333333335 -24.24979666666667 26.490018333333335
endloop
endfacet
facet normal 0 1 0
outer loop
vertex 14.000303333333335 -24.24979666666667 26.490018333333335
vertex 14.000303333333335 -24.24979666666667 26.367588333333334
vertex 4.9862400000000004 -24.24979666666667 26.367588333333334
endloop
endfacet
facet normal 0 1 0
outer loop
vertex 14.000303333333335 -24.24979666666667 26.490018333333335
vertex 4.9862400000000004 -24.24979666666667 26.367588333333334
vertex 4.9757283333333335 -24.24979666666667 26.490018333333335
endloop
endfacet
facet normal 0 1 0
outer loop
vertex -4.9862400000000004 -24.24979666666667 26.367588333333334
vertex -4.994278333333334 -24.24979666666667 26.245158333333336
vertex -14.000303333333335 -24.24979666666667 26.245158333333336
endloop
endfacet
facet normal 0 1 0
outer loop
vertex -4.9862400000000004 -24.24979666666667 26.367588333333334
vertex -14.000303333333335 -24.24979666666667 26.245158333333336
vertex -14.000303333333335 -24.24979666666667 26.367588333333334
endloop
endfacet
facet normal 0 1 0
outer loop
vertex 14.000303333333335 -24.24979666666667 26.367588333333334
vertex 14.000303333333335 -24.24979666666667 26.245158333333336
vertex 4.994278333333334 -24.24979666666667 26.245158333333336
endloop
endfacet
facet normal 0 1 0
outer loop
vertex 14.000303333333335 -24.24979666666667 26.367588333333334
vertex 4.994278333333334 -24.24979666666667 26.245158333333336
vertex 4.9862400000000004 -24.24979666666667 26.367588333333334
endloop
endfacet
facet normal 0 1 0
outer loop
vertex -4.994278333333334 -24.24979666666667 26.245158333333336
vertex -4.998606666666667 -24.24979666666667 26.122728333333335
vertex -14.000303333333335 -24.24979666666667 26.122728333333335
endloop
endfacet
facet normal 0 0.9999999999999999 0
outer loop
vertex -4.994278333333334 -24.24979666666667 26.245158333333336
vertex -14.000303333333335 -24.24979666666667 26.122728333333335
vertex -14.000303333333335 -24.24979666666667 26.245158333333336
endloop
endfacet
facet normal 0 1 0
outer loop
vertex 14.000303333333335 -24.24979666666667 26.245158333333336
vertex 14.000303333333335 -24.24979666666667 26.122728333333335
vertex 4.998606666666667 -24.24979666666667 26.122728333333335
endloop
endfacet
facet normal 0 0.9999999999999999 0
outer loop
vertex 14.000303333333335 -24.24979666666667 26.245158333333336
vertex 4.998606666666667 -24.24979666666667 26.122728333333335
vertex 4.994278333333334 -24.24979666666667 26.245158333333336
endloop
endfacet
facet normal 0 1 0
outer loop
vertex -4.998606666666667 -24.24979666666667 26.122728333333335
vertex -4.999843333333334 -24.24979666666667 26.000298333333333
vertex -14.000303333333335 -24.24979666666667 26.000298333333333
endloop
endfacet
facet normal 0 1 0
outer loop
vertex -4.998606666666667 -24.24979666666667 26.122728333333335
vertex -14.000303333333335 -24.24979666666667 26.000298333333333
vertex -14.000303333333335 -24.24979666666667 26.122728333333335
endloop
endfacet
facet normal 0 1 0
outer loop
vertex 14.000303333333335 -24.24979666666667 26.122728333333335
vertex 14.000303333333335 -24.24979666666667 26.000298333333333
vertex 4.999843333333334 -24.24979666666667 26.000298333333333
endloop
endfacet
facet normal 0 1 0
outer loop
vertex 14.000303333333335 -24.24979666666667 26.122728333333335
vertex 4.999843333333334 -24.24979666666667 26.000298333333333
vertex 4.998606666666667 -24.24979666666667 26.122728333333335
endloop
endfacet
facet normal 0 1 0
outer loop
vertex -4.999843333333334 -24.24979666666667 26.000298333333333
vertex -4.998606666666667 -24.24979666666667 25.87725
vertex -14.000303333333335 -24.24979666666667 25.87725
endloop
endfacet
facet normal 0 1 0
outer loop
vertex -4.999843333333334 -24.24979666666667 26.000298333333333
vertex -14.000303333333335 -24.24979666666667 25.87725
vertex -14.000303333333335 -24.24979666666667 26.000298333333333
endloop
endfacet
facet normal 0 1 0
outer loop
vertex 14.000303333333335 -24.24979666666667 26.000298333333333
vertex 14.000303333333335 -24.24979666666667 25.87725
vertex 4.998606666666667 -24.24979666666667 25.87725
endloop
endfacet
facet normal 0 1 0
outer loop
vertex 14.000303333333335 -24.24979666666667 26.000298333333333
vertex 4.998606666666667 -24.24979666666667 25.87725
vertex 4.999843333333334 -24.24979666666667 26.000298333333333
endloop
endfacet
facet normal 0 1 0
outer loop
vertex -4.998606666666667 -24.24979666666667 25.87725
vertex -4.994278333333334 -24.24979666666667 25.754820000000002
vertex -14.000303333333335 -24.24979666666667 25.754820000000002
endloop
endfacet
facet normal 0 1 0
outer loop
vertex -4.998606666666667 -24.24979666666667 25.87725
vertex -14.000303333333335 -24.24979666666667 25.754820000000002
vertex -14.000303333333335 -24.24979666666667 25.87725
endloop
endfacet
facet normal 0 1 0
outer loop
vertex 14.000303333333335 -24.24979666666667 25.87725
vertex 14.000303333333335 -24.24979666666667 25.754820000000002
vertex 4.994278333333334 -24.24979666666667 25.754820000000002
endloop
endfacet
facet normal 0 1 0
outer loop
vertex 14.000303333333335 -24.24979666666667 25.87725
vertex 4.994278333333334 -24.24979666666667 25.754820000000002
vertex 4.998606666666667 -24.24979666666667 25.87725
endloop
endfacet
facet normal 0 1 0
outer loop
vertex -4.994278333333334 -24.24979666666667 25.754820000000002
vertex -4.9862400000000004 -24.24979666666667 25.63239
vertex -14.000303333333335 -24.24979666666667 25.63239
endloop
endfacet
facet normal 0 0.9999999999999999 0
outer loop
vertex -4.994278333333334 -24.24979666666667 25.754820000000002
vertex -14.000303333333335 -24.24979666666667 25.63239
vertex -14.000303333333335 -24.24979666666667 25.754820000000002
endloop
endfacet
facet normal 0 1 0
outer loop
vertex 14.000303333333335 -24.24979666666667 25.754820000000002
vertex 14.000303333333335 -24.24979666666667 25.63239
vertex 4.9862400000000004 -24.24979666666667 25.63239
endloop
endfacet
facet normal 0 0.9999999999999999 0
outer loop
vertex 14.000303333333335 -24.24979666666667 25.754820000000002
vertex 4.9862400000000004 -24.24979666666667 25.63239
vertex 4.994278333333334 -24.24979666666667 25.754820000000002
endloop
endfacet
facet normal 0 1 0
outer loop
vertex -4.9862400000000004 -24.24979666666667 25.63239
vertex -4.9757283333333335 -24.24979666666667 25.509960000000003
vertex -14.000303333333335 -24.24979666666667 25.509960000000003
endloop
endfacet
facet normal 0 1 0
outer loop
vertex -4.9862400000000004 -24.24979666666667 25.63239
vertex -14.000303333333335 -24.24979666666667 25.509960000000003
vertex -14.000303333333335 -24.24979666666667 25.63239
endloop
endfacet
facet normal 0 1 0
outer loop
vertex 14.000303333333335 -24.24979666666667 25.63239
vertex 14.000303333333335 -24.24979666666667 25.509960000000003
vertex 4.9757283333333335 -24.24979666666667 25.509960000000003
endloop
endfacet
facet normal 0 1 0
outer loop
vertex 14.000303333333335 -24.24979666666667 25.63239
vertex 4.9757283333333335 -24.24979666666667 25.509960000000003
vertex 4.9862400000000004 -24.24979666666667 25.63239
endloop
endfacet
facet normal 0 1 0
outer loop
vertex -4.9757283333333335 -24.24979666666667 25.509960000000003
vertex -4.962125 -24.24979666666667 25.388148333333334
vertex -14.000303333333335 -24.24979666666667 25.388148333333334
endloop
endfacet
facet normal 0 1 0
outer loop
vertex -4.9757283333333335 -24.24979666666667 25.509960000000003
vertex -14.000303333333335 -24.24979666666667 25.388148333333334
vertex -14.000303333333335 -24.24979666666667 25.509960000000003
endloop
endfacet
facet normal 0 1 0
outer loop
vertex 14.000303333333335 -24.24979666666667 25.509960000000003
vertex 14.000303333333335 -24.24979666666667 25.388148333333334
vertex 4.962125 -24.24979666666667 25.388148333333334
endloop
endfacet
facet normal 0 1 0
outer loop
vertex 14.000303333333335 -24.24979666666667 25.509960000000003
vertex 4.962125 -24.24979666666667 25.388148333333334
vertex 4.9757283333333335 -24.24979666666667 25.509960000000003
endloop
endfacet
facet normal 0 1 0
outer loop
vertex -4.962125 -24.24979666666667 25.388148333333334
vertex -4.946048333333334 -24.24979666666667 25.266336666666668
vertex -14.000303333333335 -24.24979666666667 25.266336666666668
endloop
endfacet
facet normal 0 1 0
outer loop
vertex -4.962125 -24.24979666666667 25.388148333333334
vertex -14.000303333333335 -24.24979666666667 25.266336666666668
vertex -14.000303333333335 -24.24979666666667 25.388148333333334
endloop
endfacet
facet normal 0 1 0
outer loop
vertex 14.000303333333335 -24.24979666666667 25.388148333333334
vertex 14.000303333333335 -24.24979666666667 25.266336666666668
vertex 4.946048333333334 -24.24979666666667 25.266336666666668
endloop
endfacet
facet normal 0 1 0
outer loop
vertex 14.000303333333335 -24.24979666666667 25.388148333333334
vertex 4.946048333333334 -24.24979666666667 25.266336666666668
vertex 4.962125 -24.24979666666667 25.388148333333334
endloop
endfacet
facet normal 0 0.9999999999999999 0
outer loop
vertex -4.946048333333334 -24.24979666666667 25.266336666666668
vertex -4.926261666666667 -24.24979666666667 25.145143333333333
vertex -14.000303333333335 -24.24979666666667 25.145143333333333
endloop
endfacet
facet normal 0 1 0
outer loop
vertex -4.946048333333334 -24.24979666666667 25.266336666666668
vertex -14.000303333333335 -24.24979666666667 25.145143333333333
vertex -14.000303333333335 -24.24979666666667 25.266336666666668
endloop
endfacet
facet normal 0 0.9999999999999999 0
outer loop
vertex 14.000303333333335 -24.24979666666667 25.266336666666668
vertex 14.000303333333335 -24.24979666666667 25.145143333333333
vertex 4.926261666666667 -24.24979666666667 25.145143333333333
endloop
endfacet
facet normal 0 1 0
outer loop
vertex 14.000303333333335 -24.24979666666667 25.266336666666668
vertex 4.926261666666667 -24.24979666666667 25.145143333333333
vertex 4.946048333333334 -24.24979666666667 25.266336666666668
endloop
endfacet
facet normal 0 1 0
outer loop
vertex -4.926261666666667 -24.24979666666667 25.145143333333333
vertex -4.904001666666667 -24.24979666666667 25.024568333333335
vertex -14.000303333333335 -24.24979666666667 25.024568333333335
endloop
endfacet
facet normal 0 1 0
outer loop
vertex -4.926261666666667 -24.24979666666667 25.145143333333333
vertex -14.000303333333335 -24.24979666666667 25.024568333333335
vertex -14.000303333333335 -24.24979666666667 25.145143333333333
endloop
endfacet
facet normal 0 1 0
outer loop
vertex 14.000303333333335 -24.24979666666667 25.145143333333333
vertex 14.000303333333335 -24.24979666666667 25.024568333333335
vertex 4.904001666666667 -24.24979666666667 25.024568333333335
endloop
endfacet
facet normal 0 1 0
outer loop
vertex 14.000303333333335 -24.24979666666667 25.145143333333333
vertex 4.904001666666667 -24.24979666666667 25.024568333333335
vertex 4.926261666666667 -24.24979666666667 25.145143333333333
endloop
endfacet
facet normal 0 1 0
outer loop
vertex -4.904001666666667 -24.24979666666667 25.024568333333335
vertex -4.87865 -24.24979666666667 24.904611666666668
vertex -14.000303333333335 -24.24979666666667 24.904611666666668
endloop
endfacet
facet normal 0 1 0
outer loop
vertex -4.904001666666667 -24.24979666666667 25.024568333333335
vertex -14.000303333333335 -24.24979666666667 24.904611666666668
vertex -14.000303333333335 -24.24979666666667 25.024568333333335
endloop
endfacet
facet normal 0 1 0
outer loop
vertex 14.000303333333335 -24.24979666666667 25.024568333333335
vertex 14.000303333333335 -24.24979666666667 24.904611666666668
vertex 4.87865 -24.24979666666667 24.904611666666668
endloop
endfacet
facet normal 0 1 0
outer loop
vertex 14.000303333333335 -24.24979666666667 25.024568333333335
vertex 4.87865 -24.24979666666667 24.904611666666668
vertex 4.904001666666667 -24.24979666666667 25.024568333333335
endloop
endfacet
facet normal 0 1 0
outer loop
vertex -4.87865 -24.24979666666667 24.904611666666668
vertex -4.850206666666667 -24.24979666666667 24.785273333333336
vertex -14.000303333333335 -24.24979666666667 24.785273333333336
endloop
endfacet
facet normal 0 1 0
outer loop
vertex -4.87865 -24.24979666666667 24.904611666666668
vertex -14.000303333333335 -24.24979666666667 24.785273333333336
vertex -14.000303333333335 -24.24979666666667 24.904611666666668
endloop
endfacet
facet normal 0 1 0
outer loop
vertex 14.000303333333335 -24.24979666666667 24.904611666666668
vertex 14.000303333333335 -24.24979666666667 24.785273333333336
vertex 4.850206666666667 -24.24979666666667 24.785273333333336
endloop
endfacet
facet normal 0 1 0
outer loop
vertex 14.000303333333335 -24.24979666666667 24.904611666666668
vertex 4.850206666666667 -24.24979666666667 24.785273333333336
vertex 4.87865 -24.24979666666667 24.904611666666668
endloop
endfacet
facet normal 0 1 0
outer loop
vertex -4.850206666666667 -24.24979666666667 24.785273333333336
vertex -4.818671666666667 -24.24979666666667 24.666553333333333
vertex -14.000303333333335 -24.24979666666667 24.666553333333333
endloop
endfacet
facet normal 0 1 0
outer loop
vertex -4.850206666666667 -24.24979666666667 24.785273333333336
vertex -14.000303333333335 -24.24979666666667 24.666553333333333
vertex -14.000303333333335 -24.24979666666667 24.785273333333336
endloop
endfacet
facet normal 0 1 0
outer loop
vertex 14.000303333333335 -24.24979666666667 24.785273333333336
vertex 14.000303333333335 -24.24979666666667 24.666553333333333
vertex 4.818671666666667 -24.24979666666667 24.666553333333333
endloop
endfacet
facet normal 0 1 0
outer loop
vertex 14.000303333333335 -24.24979666666667 24.785273333333336
vertex 4.818671666666667 -24.24979666666667 24.666553333333333
vertex 4.850206666666667 -24.24979666666667 24.785273333333336
endloop
endfacet
facet normal 0 1 0
outer loop
vertex -4.818671666666667 -24.24979666666667 24.666553333333333
vertex -4.7846633333333335 -24.24979666666667 24.54845166666667
vertex -14.000303333333335 -24.24979666666667 24.54845166666667
endloop
endfacet
facet normal 0 1 0
outer loop
vertex -4.818671666666667 -24.24979666666667 24.666553333333333
vertex -14.000303333333335 -24.24979666666667 24.54845166666667
vertex -14.000303333333335 -24.24979666666667 24.666553333333333
endloop
endfacet
facet normal 0 1 0
outer loop
vertex 14.000303333333335 -24.24979666666667 24.666553333333333
vertex 14.000303333333335 -24.24979666666667 24.54845166666667
vertex 4.7846633333333335 -24.24979666666667 24.54845166666667
endloop
endfacet
facet normal 0 1 0
outer loop
vertex 14.000303333333335 -24.24979666666667 24.666553333333333
vertex 4.7846633333333335 -24.24979666666667 24.54845166666667
vertex 4.818671666666667 -24.24979666666667 24.666553333333333
endloop
endfacet
facet normal 0 1 0
outer loop
vertex -4.7846633333333335 -24.24979666666667 24.54845166666667
vertex -4.747563333333334 -24.24979666666667 24.431586666666668
vertex -14.000303333333335 -24.24979666666667 24.431586666666668
endloop
endfacet
facet normal 0 1 0
outer loop
vertex -4.7846633333333335 -24.24979666666667 24.54845166666667
vertex -14.000303333333335 -24.24979666666667 24.431586666666668
vertex -14.000303333333335 -24.24979666666667 24.54845166666667
endloop
endfacet
facet normal 0 1 0
outer loop
vertex 14.000303333333335 -24.24979666666667 24.54845166666667
vertex 14.000303333333335 -24.24979666666667 24.431586666666668
vertex 4.747563333333334 -24.24979666666667 24.431586666666668
endloop
endfacet
facet normal 0 1 0
outer loop
vertex 14.000303333333335 -24.24979666666667 24.54845166666667
vertex 4.747563333333334 -24.24979666666667 24.431586666666668
vertex 4.7846633333333335 -24.24979666666667 24.54845166666667
endloop
endfacet
facet normal 0 1 0
outer loop
vertex -4.747563333333334 -24.24979666666667 24.431586666666668
vertex -4.707990000000001 -24.24979666666667 24.315340000000003
vertex -14.000303333333335 -24.24979666666667 24.315340000000003
endloop
endfacet
facet normal 0 1 0
outer loop
vertex -4.747563333333334 -24.24979666666667 24.431586666666668
vertex -14.000303333333335 -24.24979666666667 24.315340000000003
vertex -14.000303333333335 -24.24979666666667 24.431586666666668
endloop
endfacet
facet normal 0 1 0
outer loop
vertex 14.000303333333335 -24.24979666666667 24.431586666666668
vertex 14.000303333333335 -24.24979666666667 24.315340000000003
vertex 4.707990000000001 -24.24979666666667 24.315340000000003
endloop
endfacet
facet normal 0 1 0
outer loop
vertex 14.000303333333335 -24.24979666666667 24.431586666666668
vertex 4.707990000000001 -24.24979666666667 24.315340000000003
vertex 4.747563333333334 -24.24979666666667 24.431586666666668
endloop
endfacet
facet normal 0 1 0
outer loop
vertex -4.707990000000001 -24.24979666666667 24.315340000000003
vertex -4.664706666666667 -24.24979666666667 24.20033
vertex -14.000303333333335 -24.24979666666667 24.20033
endloop
endfacet
facet normal 0 1 0
outer loop
vertex -4.707990000000001 -24.24979666666667 24.315340000000003
vertex -14.000303333333335 -24.24979666666667 24.20033
vertex -14.000303333333335 -24.24979666666667 24.315340000000003
endloop
endfacet
facet normal 0 1 0
outer loop
vertex 14.000303333333335 -24.24979666666667 24.315340000000003
vertex 14.000303333333335 -24.24979666666667 24.20033
vertex 4.664706666666667 -24.24979666666667 24.20033
endloop
endfacet
facet normal 0 1 0
outer loop
vertex 14.000303333333335 -24.24979666666667 24.315340000000003
vertex 4.664706666666667 -24.24979666666667 24.20033
vertex 4.707990000000001 -24.24979666666667 24.315340000000003
endloop
endfacet
facet normal 0 1 0
outer loop
vertex -4.664706666666667 -24.24979666666667 24.20033
vertex -4.6195683333333335 -24.24979666666667 24.086556666666667
vertex -14.000303333333335 -24.24979666666667 24.086556666666667
endloop
endfacet
facet normal 0 1 0
outer loop
vertex -4.664706666666667 -24.24979666666667 24.20033
vertex -14.000303333333335 -24.24979666666667 24.086556666666667
vertex -14.000303333333335 -24.24979666666667 24.20033
endloop
endfacet
facet normal 0 1 0
outer loop
vertex 14.000303333333335 -24.24979666666667 24.20033
vertex 14.000303333333335 -24.24979666666667 24.086556666666667
vertex 4.6195683333333335 -24.24979666666667 24.086556666666667
endloop
endfacet
facet normal 0 1 0
outer loop
vertex 14.000303333333335 -24.24979666666667 24.20033
vertex 4.6195683333333335 -24.24979666666667 24.086556666666667
vertex 4.664706666666667 -24.24979666666667 24.20033
endloop
endfacet
facet normal 0 0.9999999999999999 0
outer loop
vertex -4.6195683333333335 -24.24979666666667 24.086556666666667
vertex -4.571338333333333 -24.24979666666667 23.974020000000003
vertex -14.000303333333335 -24.24979666666667 23.974020000000003
endloop
endfacet
facet normal 0 1 0
outer loop
vertex -4.6195683333333335 -24.24979666666667 24.086556666666667
vertex -14.000303333333335 -24.24979666666667 23.974020000000003
vertex -14.000303333333335 -24.24979666666667 24.086556666666667
endloop
endfacet
facet normal 0 1 0
outer loop
vertex 14.000303333333335 -24.24979666666667 24.086556666666667
vertex 14.000303333333335 -24.24979666666667 23.974020000000003
vertex 4.571338333333333 -24.24979666666667 23.974020000000003
endloop
endfacet
facet normal 0 1 0
outer loop
vertex 14.000303333333335 -24.24979666666667 24.086556666666667
vertex 4.571338333333333 -24.24979666666667 23.974020000000003
vertex 4.6195683333333335 -24.24979666666667 24.086556666666667
endloop
endfacet
facet normal 0 1 0
outer loop
vertex -4.571338333333333 -24.24979666666667 23.974020000000003
vertex -4.520016666666667 -24.24979666666667 23.862101666666668
vertex -14.000303333333335 -24.24979666666667 23.862101666666668
endloop
endfacet
facet normal 0 1 0
outer loop
vertex -4.571338333333333 -24.24979666666667 23.974020000000003
vertex -14.000303333333335 -24.24979666666667 23.862101666666668
vertex -14.000303333333335 -24.24979666666667 23.974020000000003
endloop
endfacet
facet normal 0 1 0
outer loop
vertex 14.000303333333335 -24.24979666666667 23.974020000000003
vertex 14.000303333333335 -24.24979666666667 23.862101666666668
vertex 4.520016666666667 -24.24979666666667 23.862101666666668
endloop
endfacet
facet normal 0 1 0
outer loop
vertex 14.000303333333335 -24.24979666666667 23.974020000000003
vertex 4.520016666666667 -24.24979666666667 23.862101666666668
vertex 4.571338333333333 -24.24979666666667 23.974020000000003
endloop
endfacet
facet normal 0 1 0
outer loop
vertex -4.520016666666667 -24.24979666666667 23.862101666666668
vertex -4.466221666666667 -24.24979666666667 23.752038333333335
vertex -14.000303333333335 -24.24979666666667 23.752038333333335
endloop
endfacet
facet normal 0 1 0
outer loop
vertex -4.520016666666667 -24.24979666666667 23.862101666666668
vertex -14.000303333333335 -24.24979666666667 23.752038333333335
vertex -14.000303333333335 -24.24979666666667 23.862101666666668
endloop
endfacet
facet normal 0 1 0
outer loop
vertex 14.000303333333335 -24.24979666666667 23.862101666666668
vertex 14.000303333333335 -24.24979666666667 23.752038333333335
vertex 4.466221666666667 -24.24979666666667 23.752038333333335
endloop
endfacet
facet normal 0 1 0
outer loop
vertex 14.000303333333335 -24.24979666666667 23.862101666666668
vertex 4.466221666666667 -24.24979666666667 23.752038333333335
vertex 4.520016666666667 -24.24979666666667 23.862101666666668
endloop
endfacet
facet normal 0 1 0
outer loop
vertex -4.466221666666667 -24.24979666666667 23.752038333333335
vertex -4.4093350000000004 -24.24979666666667 23.64321166666667
vertex -14.000303333333335 -24.24979666666667 23.64321166666667
endloop
endfacet
facet normal 0 1 0
outer loop
vertex -4.466221666666667 -24.24979666666667 23.752038333333335
vertex -14.000303333333335 -24.24979666666667 23.64321166666667
vertex -14.000303333333335 -24.24979666666667 23.752038333333335
endloop
endfacet
facet normal 0 1 0
outer loop
vertex 14.000303333333335 -24.24979666666667 23.752038333333335
vertex 14.000303333333335 -24.24979666666667 23.64321166666667
vertex 4.4093350000000004 -24.24979666666667 23.64321166666667
endloop
endfacet
facet normal 0 1 0
outer loop
vertex 14.000303333333335 -24.24979666666667 23.752038333333335
vertex 4.4093350000000004 -24.24979666666667 23.64321166666667
vertex 4.466221666666667 -24.24979666666667 23.752038333333335
endloop
endfacet
facet normal 0 1 0
outer loop
vertex -4.4093350000000004 -24.24979666666667 23.64321166666667
vertex -4.350593333333333 -24.24979666666667 23.535621666666668
vertex -14.000303333333335 -24.24979666666667 23.535621666666668
endloop
endfacet
facet normal 0 1 0
outer loop
vertex -4.4093350000000004 -24.24979666666667 23.64321166666667
vertex -14.000303333333335 -24.24979666666667 23.535621666666668
vertex -14.000303333333335 -24.24979666666667 23.64321166666667
endloop
endfacet
facet normal 0 1 0
outer loop
vertex 14.000303333333335 -24.24979666666667 23.64321166666667
vertex 14.000303333333335 -24.24979666666667 23.535621666666668
vertex 4.350593333333333 -24.24979666666667 23.535621666666668
endloop
endfacet
facet normal 0 1 0
outer loop
vertex 14.000303333333335 -24.24979666666667 23.64321166666667
vertex 4.350593333333333 -24.24979666666667 23.535621666666668
vertex 4.4093350000000004 -24.24979666666667 23.64321166666667
endloop
endfacet
facet normal 0 1 0
outer loop
vertex -4.350593333333333 -24.24979666666667 23.535621666666668
vertex -4.28876 -24.24979666666667 23.429268333333333
vertex -14.000303333333335 -24.24979666666667 23.429268333333333
endloop
endfacet
facet normal 0 1 0
outer loop
vertex -4.350593333333333 -24.24979666666667 23.535621666666668
vertex -14.000303333333335 -24.24979666666667 23.429268333333333
vertex -14.000303333333335 -24.24979666666667 23.535621666666668
endloop
endfacet
facet normal 0 1 0
outer loop
vertex 14.000303333333335 -24.24979666666667 23.535621666666668
vertex 14.000303333333335 -24.24979666666667 23.429268333333333
vertex 4.28876 -24.24979666666667 23.429268333333333
endloop
endfacet
facet normal 0 1 0
outer loop
vertex 14.000303333333335 -24.24979666666667 23.535621666666668
vertex 4.28876 -24.24979666666667 23.429268333333333
vertex 4.350593333333333 -24.24979666666667 23.535621666666668
endloop
endfacet
facet normal 0 1 0
outer loop
vertex -4.28876 -24.24979666666667 23.429268333333333
vertex -4.224453333333334 -24.24979666666667 23.32477
vertex -14.000303333333335 -24.24979666666667 23.32477
endloop
endfacet
facet normal 0 1 0
outer loop
vertex -4.28876 -24.24979666666667 23.429268333333333
vertex -14.000303333333335 -24.24979666666667 23.32477
vertex -14.000303333333335 -24.24979666666667 23.429268333333333
endloop
endfacet
facet normal 0 1 0
outer loop
vertex 14.000303333333335 -24.24979666666667 23.429268333333333
vertex 14.000303333333335 -24.24979666666667 23.32477
vertex 4.224453333333334 -24.24979666666667 23.32477
endloop
endfacet
facet normal 0 1 0
outer loop
vertex 14.000303333333335 -24.24979666666667 23.429268333333333
vertex 4.224453333333334 -24.24979666666667 23.32477
vertex 4.28876 -24.24979666666667 23.429268333333333
endloop
endfacet
facet normal 0 1 0
outer loop
vertex -4.224453333333334 -24.24979666666667 23.32477
vertex -4.157055000000001 -24.24979666666667 23.222126666666668
vertex -14.000303333333335 -24.24979666666667 23.222126666666668
endloop
endfacet
facet normal 0 1 0
outer loop
vertex -4.224453333333334 -24.24979666666667 23.32477
vertex -14.000303333333335 -24.24979666666667 23.222126666666668
vertex -14.000303333333335 -24.24979666666667 23.32477
endloop
endfacet
facet normal 0 1 0
outer loop
vertex 14.000303333333335 -24.24979666666667 23.32477
vertex 14.000303333333335 -24.24979666666667 23.222126666666668
vertex 4.157055000000001 -24.24979666666667 23.222126666666668
endloop
endfacet
facet normal 0 1 0
outer loop
vertex 14.000303333333335 -24.24979666666667 23.32477
vertex 4.157055000000001 -24.24979666666667 23.222126666666668
vertex 4.224453333333334 -24.24979666666667 23.32477
endloop
endfacet
facet normal 0 1 0
outer loop
vertex -4.157055000000001 -24.24979666666667 23.222126666666668
vertex -4.0878016666666666 -24.24979666666667 23.120720000000002
vertex -14.000303333333335 -24.24979666666667 23.120720000000002
endloop
endfacet
facet normal 0 1 0
outer loop
vertex -4.157055000000001 -24.24979666666667 23.222126666666668
vertex -14.000303333333335 -24.24979666666667 23.120720000000002
vertex -14.000303333333335 -24.24979666666667 23.222126666666668
endloop
endfacet
facet normal 0 1 0
outer loop
vertex 14.000303333333335 -24.24979666666667 23.222126666666668
vertex 14.000303333333335 -24.24979666666667 23.120720000000002
vertex 4.0878016666666666 -24.24979666666667 23.120720000000002
endloop
endfacet
facet normal 0 1 0
outer loop
vertex 14.000303333333335 -24.24979666666667 23.222126666666668
vertex 4.0878016666666666 -24.24979666666667 23.120720000000002
vertex 4.157055000000001 -24.24979666666667 23.222126666666668
endloop
endfacet
facet normal 0 1 0
outer loop
vertex -4.0878016666666666 -24.24979666666667 23.120720000000002
vertex -4.016075 -24.24979666666667 23.021786666666667
vertex -14.000303333333335 -24.24979666666667 23.021786666666667
endloop
endfacet
facet normal 0 1 0
outer loop
vertex -4.0878016666666666 -24.24979666666667 23.120720000000002
vertex -14.000303333333335 -24.24979666666667 23.021786666666667
vertex -14.000303333333335 -24.24979666666667 23.120720000000002
endloop
endfacet
facet normal 0 1 0
outer loop
vertex 14.000303333333335 -24.24979666666667 23.120720000000002
vertex 14.000303333333335 -24.24979666666667 23.021786666666667
vertex 4.016075 -24.24979666666667 23.021786666666667
endloop
endfacet
facet normal 0 1 0
outer loop
vertex 14.000303333333335 -24.24979666666667 23.120720000000002
vertex 4.016075 -24.24979666666667 23.021786666666667
vertex 4.0878016666666666 -24.24979666666667 23.120720000000002
endloop
endfacet
facet normal 0 1 0
outer loop
vertex -4.016075 -24.24979666666667 23.021786666666667
vertex -3.941875 -24.24979666666667 22.92409
vertex -14.000303333333335 -24.24979666666667 22.92409
endloop
endfacet
facet normal 0 0.9999999999999999 0
outer loop
vertex -4.016075 -24.24979666666667 23.021786666666667
vertex -14.000303333333335 -24.24979666666667 22.92409
vertex -14.000303333333335 -24.24979666666667 23.021786666666667
endloop
endfacet
facet normal 0 1 0
outer loop
vertex 14.000303333333335 -24.24979666666667 23.021786666666667
vertex 14.000303333333335 -24.24979666666667 22.92409
vertex 3.941875 -24.24979666666667 22.92409
endloop
endfacet
facet normal 0 0.9999999999999999 0
outer loop
vertex 14.000303333333335 -24.24979666666667 23.021786666666667
vertex 3.941875 -24.24979666666667 22.92409
vertex 4.016075 -24.24979666666667 23.021786666666667
endloop
endfacet
facet normal 0 1 0
outer loop
vertex -3.941875 -24.24979666666667 22.92409
vertex -3.8652016666666666 -24.24979666666667 22.828248333333335
vertex -14.000303333333335 -24.24979666666667 22.828248333333335
endloop
endfacet
facet normal 0 1 0
outer loop
vertex -3.941875 -24.24979666666667 22.92409
vertex -14.000303333333335 -24.24979666666667 22.828248333333335
vertex -14.000303333333335 -24.24979666666667 22.92409
endloop
endfacet
facet normal 0 1 0
outer loop
vertex 14.000303333333335 -24.24979666666667 22.92409
vertex 14.000303333333335 -24.24979666666667 22.828248333333335
vertex 3.8652016666666666 -24.24979666666667 22.828248333333335
endloop
endfacet
facet normal 0 1 0
outer loop
vertex 14.000303333333335 -24.24979666666667 22.92409
vertex 3.8652016666666666 -24.24979666666667 22.828248333333335
vertex 3.941875 -24.24979666666667 22.92409
endloop
endfacet
facet normal 0 0.9999999999999999 0
outer loop
vertex -3.8652016666666666 -24.24979666666667 22.828248333333335
vertex -3.786055 -24.24979666666667 22.73426166666667
vertex -14.000303333333335 -24.24979666666667 22.73426166666667
endloop
endfacet
facet normal 0 1 0
outer loop
vertex -3.8652016666666666 -24.24979666666667 22.828248333333335
vertex -14.000303333333335 -24.24979666666667 22.73426166666667
vertex -14.000303333333335 -24.24979666666667 22.828248333333335
endloop
endfacet
facet normal 0 0.9999999999999999 0
outer loop
vertex 14.000303333333335 -24.24979666666667 22.828248333333335
vertex 14.000303333333335 -24.24979666666667 22.73426166666667
vertex 3.786055 -24.24979666666667 22.73426166666667
endloop
endfacet
facet normal 0 1 0
outer loop
vertex 14.000303333333335 -24.24979666666667 22.828248333333335
vertex 3.786055 -24.24979666666667 22.73426166666667
vertex 3.8652016666666666 -24.24979666666667 22.828248333333335
endloop
endfacet
facet normal 0 1 0
outer loop
vertex -3.786055 -24.24979666666667 22.73426166666667
vertex -3.7050533333333333 -24.24979666666667 22.64213
vertex -14.000303333333335 -24.24979666666667 22.64213
endloop
endfacet
facet normal 0 0.9999999999999999 0
outer loop
vertex -3.786055 -24.24979666666667 22.73426166666667
vertex -14.000303333333335 -24.24979666666667 22.64213
vertex -14.000303333333335 -24.24979666666667 22.73426166666667
endloop
endfacet
facet normal 0 1 0
outer loop
vertex 14.000303333333335 -24.24979666666667 22.73426166666667
vertex 14.000303333333335 -24.24979666666667 22.64213
vertex 3.7050533333333333 -24.24979666666667 22.64213
endloop
endfacet
facet normal 0 0.9999999999999999 0
outer loop
vertex 14.000303333333335 -24.24979666666667 22.73426166666667
vertex 3.7050533333333333 -24.24979666666667 22.64213
vertex 3.786055 -24.24979666666667 22.73426166666667
endloop
endfacet
facet normal 0 1 0
outer loop
vertex -3.7050533333333333 -24.24979666666667 22.64213
vertex -3.62096 -24.24979666666667 22.55247166666667
vertex -14.000303333333335 -24.24979666666667 22.55247166666667
endloop
endfacet
facet normal 0 0.9999999999999999 0
outer loop
vertex -3.7050533333333333 -24.24979666666667 22.64213
vertex -14.000303333333335 -24.24979666666667 22.55247166666667
vertex -14.000303333333335 -24.24979666666667 22.64213
endloop
endfacet
facet normal 0 1 0
outer loop
vertex 14.000303333333335 -24.24979666666667 22.64213
vertex 14.000303333333335 -24.24979666666667 22.55247166666667
vertex 3.62096 -24.24979666666667 22.55247166666667
endloop
endfacet
facet normal 0 0.9999999999999999 0
outer loop
vertex 14.000303333333335 -24.24979666666667 22.64213
vertex 3.62096 -24.24979666666667 22.55247166666667
vertex 3.7050533333333333 -24.24979666666667 22.64213
endloop
endfacet
facet normal 0 0.9999999999999999 0
outer loop
vertex -3.62096 -24.24979666666667 22.55247166666667
vertex -3.5356300000000003 -24.24979666666667 22.464668333333336
vertex -14.000303333333335 -24.24979666666667 22.464668333333336
endloop
endfacet
facet normal 0 1 0
outer loop
vertex -3.62096 -24.24979666666667 22.55247166666667
vertex -14.000303333333335 -24.24979666666667 22.464668333333336
vertex -14.000303333333335 -24.24979666666667 22.55247166666667
endloop
endfacet
facet normal 0 1 0
outer loop
vertex 14.000303333333335 -24.24979666666667 22.55247166666667
vertex 14.000303333333335 -24.24979666666667 22.464668333333336
vertex 3.5356300000000003 -24.24979666666667 22.464668333333336
endloop
endfacet
facet normal 0 1 0
outer loop
vertex 14.000303333333335 -24.24979666666667 22.55247166666667
vertex 3.5356300000000003 -24.24979666666667 22.464668333333336
vertex 3.62096 -24.24979666666667 22.55247166666667
endloop
endfacet
facet normal 0 0.9999999999999999 0
outer loop
vertex -3.5356300000000003 -24.24979666666667 22.464668333333336
vertex -3.447826666666667 -24.24979666666667 22.37872
vertex -14.000303333333335 -24.24979666666667 22.37872
endloop
endfacet
facet normal 0 1 0
outer loop
vertex -3.5356300000000003 -24.24979666666667 22.464668333333336
vertex -14.000303333333335 -24.24979666666667 22.37872
vertex -14.000303333333335 -24.24979666666667 22.464668333333336
endloop
endfacet
facet normal 0 1 0
outer loop
vertex 14.000303333333335 -24.24979666666667 22.464668333333336
vertex 14.000303333333335 -24.24979666666667 22.37872
vertex 3.447826666666667 -24.24979666666667 22.37872
endloop
endfacet
facet normal 0 1 0
outer loop
vertex 14.000303333333335 -24.24979666666667 22.464668333333336
vertex 3.447826666666667 -24.24979666666667 22.37872
vertex 3.5356300000000003 -24.24979666666667 22.464668333333336
endloop
endfacet
facet normal 0 1 0
outer loop
vertex -3.447826666666667 -24.24979666666667 22.37872
vertex -3.3575500000000003 -24.24979666666667 22.295245
vertex -14.000303333333335 -24.24979666666667 22.295245
endloop
endfacet
facet normal 0 0.9999999999999999 0
outer loop
vertex -3.447826666666667 -24.24979666666667 22.37872
vertex -14.000303333333335 -24.24979666666667 22.295245
vertex -14.000303333333335 -24.24979666666667 22.37872
endloop
endfacet
facet normal 0 0.9999999999999999 0
outer loop
vertex 14.000303333333335 -24.24979666666667 22.37872
vertex 14.000303333333335 -24.24979666666667 22.295245
vertex 3.3575500000000003 -24.24979666666667 22.295245
endloop
endfacet
facet normal 0 0.9999999999999999 0
outer loop
vertex 14.000303333333335 -24.24979666666667 22.37872
vertex 3.3575500000000003 -24.24979666666667 22.295245
vertex 3.447826666666667 -24.24979666666667 22.37872
endloop
endfacet
facet normal 0 1 0
outer loop
vertex -3.3575500000000003 -24.24979666666667 22.295245
vertex -3.266036666666667 -24.24979666666667 22.214243333333336
vertex -14.000303333333335 -24.24979666666667 22.214243333333336
endloop
endfacet
facet normal 0 1 0
outer loop
vertex -3.3575500000000003 -24.24979666666667 22.295245
vertex -14.000303333333335 -24.24979666666667 22.214243333333336
vertex -14.000303333333335 -24.24979666666667 22.295245
endloop
endfacet
facet normal 0 1 0
outer loop
vertex 14.000303333333335 -24.24979666666667 22.295245
vertex 14.000303333333335 -24.24979666666667 22.214243333333336
vertex 3.266036666666667 -24.24979666666667 22.214243333333336
endloop
endfacet
facet normal 0 1 0
outer loop
vertex 14.000303333333335 -24.24979666666667 22.295245
vertex 3.266036666666667 -24.24979666666667 22.214243333333336
vertex 3.3575500000000003 -24.24979666666667 22.295245
endloop
endfacet
facet normal 0 1 0
outer loop
vertex -3.266036666666667 -24.24979666666667 22.214243333333336
vertex -3.17205 -24.24979666666667 22.13509666666667
vertex -14.000303333333335 -24.24979666666667 22.13509666666667
endloop
endfacet
facet normal 0 0.9999999999999999 0
outer loop
vertex -3.266036666666667 -24.24979666666667 22.214243333333336
vertex -14.000303333333335 -24.24979666666667 22.13509666666667
vertex -14.000303333333335 -24.24979666666667 22.214243333333336
endloop
endfacet
facet normal 0 1 0
outer loop
vertex 14.000303333333335 -24.24979666666667 22.214243333333336
vertex 14.000303333333335 -24.24979666666667 22.13509666666667
vertex 3.17205 -24.24979666666667 22.13509666666667
endloop
endfacet
facet normal 0 0.9999999999999999 0
outer loop
vertex 14.000303333333335 -24.24979666666667 22.214243333333336
vertex 3.17205 -24.24979666666667 22.13509666666667
vertex 3.266036666666667 -24.24979666666667 22.214243333333336
endloop
endfacet
facet normal 0 1 0
outer loop
vertex -3.17205 -24.24979666666667 22.13509666666667
vertex -3.0762083333333337 -24.24979666666667 22.058423333333334
vertex -14.000303333333335 -24.24979666666667 22.058423333333334
endloop
endfacet
facet normal 0 1 0
outer loop
vertex -3.17205 -24.24979666666667 22.13509666666667
vertex -14.000303333333335 -24.24979666666667 22.058423333333334
vertex -14.000303333333335 -24.24979666666667 22.13509666666667
endloop
endfacet
facet normal 0 1 0
outer loop
vertex 14.000303333333335 -24.24979666666667 22.13509666666667
vertex 14.000303333333335 -24.24979666666667 22.058423333333334
vertex 3.0762083333333337 -24.24979666666667 22.058423333333334
endloop
endfacet
facet normal 0 1 0
outer loop
vertex 14.000303333333335 -24.24979666666667 22.13509666666667
vertex 3.0762083333333337 -24.24979666666667 22.058423333333334
vertex 3.17205 -24.24979666666667 22.13509666666667
endloop
endfacet
facet normal 0 1 0
outer loop
vertex -3.0762083333333337 -24.24979666666667 22.058423333333334
vertex -2.978511666666667 -24.24979666666667 21.984223333333336
vertex -14.000303333333335 -24.24979666666667 21.984223333333336
endloop
endfacet
facet normal 0 1 0
outer loop
vertex -3.0762083333333337 -24.24979666666667 22.058423333333334
vertex -14.000303333333335 -24.24979666666667 21.984223333333336
vertex -14.000303333333335 -24.24979666666667 22.058423333333334
endloop
endfacet
facet normal 0 0.9999999999999999 0
outer loop
vertex 14.000303333333335 -24.24979666666667 22.058423333333334
vertex 14.000303333333335 -24.24979666666667 21.984223333333336
vertex 2.978511666666667 -24.24979666666667 21.984223333333336
endloop
endfacet
facet normal 0 1 0
outer loop
vertex 14.000303333333335 -24.24979666666667 22.058423333333334
vertex 2.978511666666667 -24.24979666666667 21.984223333333336
vertex 3.0762083333333337 -24.24979666666667 22.058423333333334
endloop
endfacet
facet normal 0 0.9999999999999999 0
outer loop
vertex -2.978511666666667 -24.24979666666667 21.984223333333336
vertex -2.87896 -24.24979666666667 21.911878333333334
vertex -14.000303333333335 -24.24979666666667 21.911878333333334
endloop
endfacet
facet normal 0 1 0
outer loop
vertex -2.978511666666667 -24.24979666666667 21.984223333333336
vertex -14.000303333333335 -24.24979666666667 21.911878333333334
vertex -14.000303333333335 -24.24979666666667 21.984223333333336
endloop
endfacet
facet normal 0 1 0
outer loop
vertex 14.000303333333335 -24.24979666666667 21.984223333333336
vertex 14.000303333333335 -24.24979666666667 21.911878333333334
vertex 2.87896 -24.24979666666667 21.911878333333334
endloop
endfacet
facet normal 0 1 0
outer loop
vertex 14.000303333333335 -24.24979666666667 21.984223333333336
vertex 2.87896 -24.24979666666667 21.911878333333334
vertex 2.978511666666667 -24.24979666666667 21.984223333333336
endloop
endfacet
facet normal 0 1 0
outer loop
vertex -2.87896 -24.24979666666667 21.911878333333334
vertex -2.7775533333333335 -24.24979666666667 21.842625
vertex -14.000303333333335 -24.24979666666667 21.842625
endloop
endfacet
facet normal 0 1 0
outer loop
vertex -2.87896 -24.24979666666667 21.911878333333334
vertex -14.000303333333335 -24.24979666666667 21.842625
vertex -14.000303333333335 -24.24979666666667 21.911878333333334
endloop
endfacet
facet normal 0 1 0
outer loop
vertex 14.000303333333335 -24.24979666666667 21.911878333333334
vertex 14.000303333333335 -24.24979666666667 21.842625
vertex 2.7775533333333335 -24.24979666666667 21.842625
endloop
endfacet
facet normal 0 1 0
outer loop
vertex 14.000303333333335 -24.24979666666667 21.911878333333334
vertex 2.7775533333333335 -24.24979666666667 21.842625
vertex 2.87896 -24.24979666666667 21.911878333333334
endloop
endfacet
facet normal 0 1 0
outer loop
vertex -2.7775533333333335 -24.24979666666667 21.842625
vertex -2.67491 -24.24979666666667 21.775845
vertex -14.000303333333335 -24.24979666666667 21.775845
endloop
endfacet
facet normal 0 1 0
outer loop
vertex -2.7775533333333335 -24.24979666666667 21.842625
vertex -14.000303333333335 -24.24979666666667 21.775845
vertex -14.000303333333335 -24.24979666666667 21.842625
endloop
endfacet
facet normal 0 1 0
outer loop
vertex 14.000303333333335 -24.24979666666667 21.842625
vertex 14.000303333333335 -24.24979666666667 21.775845
vertex 2.67491 -24.24979666666667 21.775845
endloop
endfacet
facet normal 0 1 0
outer loop
vertex 14.000303333333335 -24.24979666666667 21.842625
vertex 2.67491 -24.24979666666667 21.775845
vertex 2.7775533333333335 -24.24979666666667 21.842625
endloop
endfacet
facet normal 0 1 0
outer loop
vertex -2.67491 -24.24979666666667 21.775845
vertex -2.5704116666666668 -24.24979666666667 21.711538333333333
vertex -14.000303333333335 -24.24979666666667 21.711538333333333
endloop
endfacet
facet normal 0 0.9999999999999999 0
outer loop
vertex -2.67491 -24.24979666666667 21.775845
vertex -14.000303333333335 -24.24979666666667 21.711538333333333
vertex -14.000303333333335 -24.24979666666667 21.775845
endloop
endfacet
facet normal 0 1 0
outer loop
vertex 14.000303333333335 -24.24979666666667 21.775845
vertex 14.000303333333335 -24.24979666666667 21.711538333333333
vertex 2.5704116666666668 -24.24979666666667 21.711538333333333
endloop
endfacet
facet normal 0 0.9999999999999999 0
outer loop
vertex 14.000303333333335 -24.24979666666667 21.775845
vertex 2.5704116666666668 -24.24979666666667 21.711538333333333
vertex 2.67491 -24.24979666666667 21.775845
endloop
endfacet
facet normal 0 1 0
outer loop
vertex -2.5704116666666668 -24.24979666666667 21.711538333333333
vertex -2.4646766666666666 -24.24979666666667 21.649705
vertex -14.000303333333335 -24.24979666666667 21.649705
endloop
endfacet
facet normal 0 1 0
outer loop
vertex -2.5704116666666668 -24.24979666666667 21.711538333333333
vertex -14.000303333333335 -24.24979666666667 21.649705
vertex -14.000303333333335 -24.24979666666667 21.711538333333333
endloop
endfacet
facet normal 0 1 0
outer loop
vertex 14.000303333333335 -24.24979666666667 21.711538333333333
vertex 14.000303333333335 -24.24979666666667 21.649705
vertex 2.4646766666666666 -24.24979666666667 21.649705
endloop
endfacet
facet normal 0 1 0
outer loop
vertex 14.000303333333335 -24.24979666666667 21.711538333333333
vertex 2.4646766666666666 -24.24979666666667 21.649705
vertex 2.5704116666666668 -24.24979666666667 21.711538333333333
endloop
endfacet
facet normal 0 0.9999999999999999 0
outer loop
vertex -2.4646766666666666 -24.24979666666667 21.649705
vertex -2.357086666666667 -24.24979666666667 21.590345000000003
vertex -14.000303333333335 -24.24979666666667 21.590345000000003
endloop
endfacet
facet normal 0 1 0
outer loop
vertex -2.4646766666666666 -24.24979666666667 21.649705
vertex -14.000303333333335 -24.24979666666667 21.590345000000003
vertex -14.000303333333335 -24.24979666666667 21.649705
endloop
endfacet
facet normal 0 1 0
outer loop
vertex 14.000303333333335 -24.24979666666667 21.649705
vertex 14.000303333333335 -24.24979666666667 21.590345000000003
vertex 2.357086666666667 -24.24979666666667 21.590345000000003
endloop
endfacet
facet normal 0 1 0
outer loop
vertex 14.000303333333335 -24.24979666666667 21.649705
vertex 2.357086666666667 -24.24979666666667 21.590345000000003
vertex 2.4646766666666666 -24.24979666666667 21.649705
endloop
endfacet
facet normal 0 1 0
outer loop
vertex -2.357086666666667 -24.24979666666667 21.590345000000003
vertex -2.24826 -24.24979666666667 21.534076666666667
vertex -14.000303333333335 -24.24979666666667 21.534076666666667
endloop
endfacet
facet normal 0 1 0
outer loop
vertex -2.357086666666667 -24.24979666666667 21.590345000000003
vertex -14.000303333333335 -24.24979666666667 21.534076666666667
vertex -14.000303333333335 -24.24979666666667 21.590345000000003
endloop
endfacet
facet normal 0 1 0
outer loop
vertex 14.000303333333335 -24.24979666666667 21.590345000000003
vertex 14.000303333333335 -24.24979666666667 21.534076666666667
vertex 2.24826 -24.24979666666667 21.534076666666667
endloop
endfacet
facet normal 0 1 0
outer loop
vertex 14.000303333333335 -24.24979666666667 21.590345000000003
vertex 2.24826 -24.24979666666667 21.534076666666667
vertex 2.357086666666667 -24.24979666666667 21.590345000000003
endloop
endfacet
facet normal 0 1 0
outer loop
vertex -2.24826 -24.24979666666667 21.534076666666667
vertex -2.1375783333333334 -24.24979666666667 21.480281666666666
vertex -14.000303333333335 -24.24979666666667 21.480281666666666
endloop
endfacet
facet normal 0 1 0
outer loop
vertex -2.24826 -24.24979666666667 21.534076666666667
vertex -14.000303333333335 -24.24979666666667 21.480281666666666
vertex -14.000303333333335 -24.24979666666667 21.534076666666667
endloop
endfacet
facet normal 0 1 0
outer loop
vertex 14.000303333333335 -24.24979666666667 21.534076666666667
vertex 14.000303333333335 -24.24979666666667 21.480281666666666
vertex 2.1375783333333334 -24.24979666666667 21.480281666666666
endloop
endfacet
facet normal 0 1 0
outer loop
vertex 14.000303333333335 -24.24979666666667 21.534076666666667
vertex 2.1375783333333334 -24.24979666666667 21.480281666666666
vertex 2.24826 -24.24979666666667 21.534076666666667
endloop
endfacet
facet normal 0 1 0
outer loop
vertex -2.1375783333333334 -24.24979666666667 21.480281666666666
vertex -2.0262783333333334 -24.24979666666667 21.42896
vertex -14.000303333333335 -24.24979666666667 21.42896
endloop
endfacet
facet normal 0 1 0
outer loop
vertex -2.1375783333333334 -24.24979666666667 21.480281666666666
vertex -14.000303333333335 -24.24979666666667 21.42896
vertex -14.000303333333335 -24.24979666666667 21.480281666666666
endloop
endfacet
facet normal 0 1 0
outer loop
vertex 14.000303333333335 -24.24979666666667 21.480281666666666
vertex 14.000303333333335 -24.24979666666667 21.42896
vertex 2.0262783333333334 -24.24979666666667 21.42896
endloop
endfacet
facet normal 0 1 0
outer loop
vertex 14.000303333333335 -24.24979666666667 21.480281666666666
vertex 2.0262783333333334 -24.24979666666667 21.42896
vertex 2.1375783333333334 -24.24979666666667 21.480281666666666
endloop
endfacet
facet normal 0 1 0
outer loop
vertex -2.0262783333333334 -24.24979666666667 21.42896
vertex -1.9131233333333335 -24.24979666666667 21.38073
vertex -14.000303333333335 -24.24979666666667 21.38073
endloop
endfacet
facet normal 0 1 0
outer loop
vertex -2.0262783333333334 -24.24979666666667 21.42896
vertex -14.000303333333335 -24.24979666666667 21.38073
vertex -14.000303333333335 -24.24979666666667 21.42896
endloop
endfacet
facet normal 0 1 0
outer loop
vertex 14.000303333333335 -24.24979666666667 21.42896
vertex 14.000303333333335 -24.24979666666667 21.38073
vertex 1.9131233333333335 -24.24979666666667 21.38073
endloop
endfacet
facet normal 0 1 0
outer loop
vertex 14.000303333333335 -24.24979666666667 21.42896
vertex 1.9131233333333335 -24.24979666666667 21.38073
vertex 2.0262783333333334 -24.24979666666667 21.42896
endloop
endfacet
facet normal 0 1 0
outer loop
vertex -1.9131233333333335 -24.24979666666667 21.38073
vertex -1.79935 -24.24979666666667 21.334973333333334
vertex -14.000303333333335 -24.24979666666667 21.334973333333334
endloop
endfacet
facet normal 0 1 0
outer loop
vertex -1.9131233333333335 -24.24979666666667 21.38073
vertex -14.000303333333335 -24.24979666666667 21.334973333333334
vertex -14.000303333333335 -24.24979666666667 21.38073
endloop
endfacet
facet normal 0 0.9999999999999999 0
outer loop
vertex 14.000303333333335 -24.24979666666667 21.38073
vertex 14.000303333333335 -24.24979666666667 21.334973333333334
vertex 1.79935 -24.24979666666667 21.334973333333334
endloop
endfacet
facet normal 0 1 0
outer loop
vertex 14.000303333333335 -24.24979666666667 21.38073
vertex 1.79935 -24.24979666666667 21.334973333333334
vertex 1.9131233333333335 -24.24979666666667 21.38073
endloop
endfacet
facet normal 0 1 0
outer loop
vertex -1.79935 -24.24979666666667 21.334973333333334
vertex -1.6843400000000002 -24.24979666666667 21.292308333333335
vertex -14.000303333333335 -24.24979666666667 21.292308333333335
endloop
endfacet
facet normal 0 1 0
outer loop
vertex -1.79935 -24.24979666666667 21.334973333333334
vertex -14.000303333333335 -24.24979666666667 21.292308333333335
vertex -14.000303333333335 -24.24979666666667 21.334973333333334
endloop
endfacet
facet normal 0 1 0
outer loop
vertex 14.000303333333335 -24.24979666666667 21.334973333333334
vertex 14.000303333333335 -24.24979666666667 21.292308333333335
vertex 1.6843400000000002 -24.24979666666667 21.292308333333335
endloop
endfacet
facet normal 0 1 0
outer loop
vertex 14.000303333333335 -24.24979666666667 21.334973333333334
vertex 1.6843400000000002 -24.24979666666667 21.292308333333335
vertex 1.79935 -24.24979666666667 21.334973333333334
endloop
endfacet
facet normal 0 1 0
outer loop
vertex -1.6843400000000002 -24.24979666666667 21.292308333333335
vertex -1.5687116666666667 -24.24979666666667 21.25211666666667
vertex -14.000303333333335 -24.24979666666667 21.25211666666667
endloop
endfacet
facet normal 0 1 0
outer loop
vertex -1.6843400000000002 -24.24979666666667 21.292308333333335
vertex -14.000303333333335 -24.24979666666667 21.25211666666667
vertex -14.000303333333335 -24.24979666666667 21.292308333333335
endloop
endfacet
facet normal 0 1 0
outer loop
vertex 14.000303333333335 -24.24979666666667 21.292308333333335
vertex 14.000303333333335 -24.24979666666667 21.25211666666667
vertex 1.5687116666666667 -24.24979666666667 21.25211666666667
endloop
endfacet
facet normal 0 1 0
outer loop
vertex 14.000303333333335 -24.24979666666667 21.292308333333335
vertex 1.5687116666666667 -24.24979666666667 21.25211666666667
vertex 1.6843400000000002 -24.24979666666667 21.292308333333335
endloop
endfacet
facet normal 0 0.9999999999999999 0
outer loop
vertex -1.5687116666666667 -24.24979666666667 21.25211666666667
vertex -1.4512283333333333 -24.24979666666667 21.215016666666667
vertex -14.000303333333335 -24.24979666666667 21.215016666666667
endloop
endfacet
facet normal 0 1 0
outer loop
vertex -1.5687116666666667 -24.24979666666667 21.25211666666667
vertex -14.000303333333335 -24.24979666666667 21.215016666666667
vertex -14.000303333333335 -24.24979666666667 21.25211666666667
endloop
endfacet
facet normal 0 0.9999999999999999 0
outer loop
vertex 14.000303333333335 -24.24979666666667 21.25211666666667
vertex 14.000303333333335 -24.24979666666667 21.215016666666667
vertex 1.4512283333333333 -24.24979666666667 21.215016666666667
endloop
endfacet
facet normal 0 1 0
outer loop
vertex 14.000303333333335 -24.24979666666667 21.25211666666667
vertex 1.4512283333333333 -24.24979666666667 21.215016666666667
vertex 1.5687116666666667 -24.24979666666667 21.25211666666667
endloop
endfacet
facet normal 0 1 0
outer loop
vertex -1.4512283333333333 -24.24979666666667 21.215016666666667
vertex -1.333745 -24.24979666666667 21.181008333333335
vertex -14.000303333333335 -24.24979666666667 21.181008333333335
endloop
endfacet
facet normal 0 0.9999999999999999 0
outer loop
vertex -1.4512283333333333 -24.24979666666667 21.215016666666667
vertex -14.000303333333335 -24.24979666666667 21.181008333333335
vertex -14.000303333333335 -24.24979666666667 21.215016666666667
endloop
endfacet
facet normal 0 1 0
outer loop
vertex 14.000303333333335 -24.24979666666667 21.215016666666667
vertex 14.000303333333335 -24.24979666666667 21.181008333333335
vertex 1.333745 -24.24979666666667 21.181008333333335
endloop
endfacet
facet normal 0 0.9999999999999999 0
outer loop
vertex 14.000303333333335 -24.24979666666667 21.215016666666667
vertex 1.333745 -24.24979666666667 21.181008333333335
vertex 1.4512283333333333 -24.24979666666667 21.215016666666667
endloop
endfacet
facet normal 0 1 0
outer loop
vertex -1.333745 -24.24979666666667 21.181008333333335
vertex -1.215025 -24.24979666666667 21.15009166666667
vertex -14.000303333333335 -24.24979666666667 21.15009166666667
endloop
endfacet
facet normal 0 1 0
outer loop
vertex -1.333745 -24.24979666666667 21.181008333333335
vertex -14.000303333333335 -24.24979666666667 21.15009166666667
vertex -14.000303333333335 -24.24979666666667 21.181008333333335
endloop
endfacet
facet normal 0 1 0
outer loop
vertex 14.000303333333335 -24.24979666666667 21.181008333333335
vertex 14.000303333333335 -24.24979666666667 21.15009166666667
vertex 1.215025 -24.24979666666667 21.15009166666667
endloop
endfacet
facet normal 0 1 0
outer loop
vertex 14.000303333333335 -24.24979666666667 21.181008333333335
vertex 1.215025 -24.24979666666667 21.15009166666667
vertex 1.333745 -24.24979666666667 21.181008333333335
endloop
endfacet
facet normal 0 1 0
outer loop
vertex -1.215025 -24.24979666666667 21.15009166666667
vertex -1.0956866666666667 -24.24979666666667 21.121648333333333
vertex -14.000303333333335 -24.24979666666667 21.121648333333333
endloop
endfacet
facet normal 0 1 0
outer loop
vertex -1.215025 -24.24979666666667 21.15009166666667
vertex -14.000303333333335 -24.24979666666667 21.121648333333333
vertex -14.000303333333335 -24.24979666666667 21.15009166666667
endloop
endfacet
facet normal 0 1 0
outer loop
vertex 14.000303333333335 -24.24979666666667 21.15009166666667
vertex 14.000303333333335 -24.24979666666667 21.121648333333333
vertex 1.0956866666666667 -24.24979666666667 21.121648333333333
endloop
endfacet
facet normal 0 1 0
outer loop
vertex 14.000303333333335 -24.24979666666667 21.15009166666667
vertex 1.0956866666666667 -24.24979666666667 21.121648333333333
vertex 1.215025 -24.24979666666667 21.15009166666667
endloop
endfacet
facet normal 0 0.9999999999999999 0
outer loop
vertex -1.0956866666666667 -24.24979666666667 21.121648333333333
vertex -0.9757300000000001 -24.24979666666667 21.096296666666667
vertex -14.000303333333335 -24.24979666666667 21.096296666666667
endloop
endfacet
facet normal 0 1 0
outer loop
vertex -1.0956866666666667 -24.24979666666667 21.121648333333333
vertex -14.000303333333335 -24.24979666666667 21.096296666666667
vertex -14.000303333333335 -24.24979666666667 21.121648333333333
endloop
endfacet
facet normal 0 1 0
outer loop
vertex 14.000303333333335 -24.24979666666667 21.121648333333333
vertex 14.000303333333335 -24.24979666666667 21.096296666666667
vertex 0.9757300000000001 -24.24979666666667 21.096296666666667
endloop
endfacet
facet normal 0 1 0
outer loop
vertex 14.000303333333335 -24.24979666666667 21.121648333333333
vertex 0.9757300000000001 -24.24979666666667 21.096296666666667
vertex 1.0956866666666667 -24.24979666666667 21.121648333333333
endloop
endfacet
facet normal 0 0.9999999999999999 0
outer loop
vertex -0.9757300000000001 -24.24979666666667 21.096296666666667
vertex -0.8545366666666667 -24.24979666666667 21.073418333333333
vertex -14.000303333333335 -24.24979666666667 21.073418333333333
endloop
endfacet
facet normal 0 1 0
outer loop
vertex -0.9757300000000001 -24.24979666666667 21.096296666666667
vertex -14.000303333333335 -24.24979666666667 21.073418333333333
vertex -14.000303333333335 -24.24979666666667 21.096296666666667
endloop
endfacet
facet normal 0 1 0
outer loop
vertex 14.000303333333335 -24.24979666666667 21.096296666666667
vertex 14.000303333333335 -24.24979666666667 21.073418333333333
vertex 0.8545366666666667 -24.24979666666667 21.073418333333333
endloop
endfacet
facet normal 0 1 0
outer loop
vertex 14.000303333333335 -24.24979666666667 21.096296666666667
vertex 0.8545366666666667 -24.24979666666667 21.073418333333333
vertex 0.9757300000000001 -24.24979666666667 21.096296666666667
endloop
endfacet
facet normal 0 1 0
outer loop
vertex -0.8545366666666667 -24.24979666666667 21.073418333333333
vertex -0.7333433333333333 -24.24979666666667 21.05425
vertex -14.000303333333335 -24.24979666666667 21.05425
endloop
endfacet
facet normal 0 1 0
outer loop
vertex -0.8545366666666667 -24.24979666666667 21.073418333333333
vertex -14.000303333333335 -24.24979666666667 21.05425
vertex -14.000303333333335 -24.24979666666667 21.073418333333333
endloop
endfacet
facet normal 0 1 0
outer loop
vertex 14.000303333333335 -24.24979666666667 21.073418333333333
vertex 14.000303333333335 -24.24979666666667 21.05425
vertex 0.7333433333333333 -24.24979666666667 21.05425
endloop
endfacet
facet normal 0 1 0
outer loop
vertex 14.000303333333335 -24.24979666666667 21.073418333333333
vertex 0.7333433333333333 -24.24979666666667 21.05425
vertex 0.8545366666666667 -24.24979666666667 21.073418333333333
endloop
endfacet
facet normal 0 1 0
outer loop
vertex -0.7333433333333333 -24.24979666666667 21.05425
vertex -0.6121500000000001 -24.24979666666667 21.037555
vertex -14.000303333333335 -24.24979666666667 21.037555
endloop
endfacet
facet normal 0 1 0
outer loop
vertex -0.7333433333333333 -24.24979666666667 21.05425
vertex -14.000303333333335 -24.24979666666667 21.037555
vertex -14.000303333333335 -24.24979666666667 21.05425
endloop
endfacet
facet normal 0 1 0
outer loop
vertex 14.000303333333335 -24.24979666666667 21.05425
vertex 14.000303333333335 -24.24979666666667 21.037555
vertex 0.6121500000000001 -24.24979666666667 21.037555
endloop
endfacet
facet normal 0 1 0
outer loop
vertex 14.000303333333335 -24.24979666666667 21.05425
vertex 0.6121500000000001 -24.24979666666667 21.037555
vertex 0.7333433333333333 -24.24979666666667 21.05425
endloop
endfacet
facet normal 0 1 0
outer loop
vertex -0.6121500000000001 -24.24979666666667 21.037555
vertex -0.4903383333333334 -24.24979666666667 21.02395166666667
vertex -14.000303333333335 -24.24979666666667 21.02395166666667
endloop
endfacet
facet normal 0 1 0
outer loop
vertex -0.6121500000000001 -24.24979666666667 21.037555
vertex -14.000303333333335 -24.24979666666667 21.02395166666667
vertex -14.000303333333335 -24.24979666666667 21.037555
endloop
endfacet
facet normal 0 1 0
outer loop
vertex 14.000303333333335 -24.24979666666667 21.037555
vertex 14.000303333333335 -24.24979666666667 21.02395166666667
vertex 0.4903383333333334 -24.24979666666667 21.02395166666667
endloop
endfacet
facet normal 0 1 0
outer loop
vertex 14.000303333333335 -24.24979666666667 21.037555
vertex 0.4903383333333334 -24.24979666666667 21.02395166666667
vertex 0.6121500000000001 -24.24979666666667 21.037555
endloop
endfacet
facet normal 0 1 0
outer loop
vertex -0.4903383333333334 -24.24979666666667 21.02395166666667
vertex -0.36790833333333334 -24.24979666666667 21.013440000000003
vertex -14.000303333333335 -24.24979666666667 21.013440000000003
endloop
endfacet
facet normal 0 1 0
outer loop
vertex -0.4903383333333334 -24.24979666666667 21.02395166666667
vertex -14.000303333333335 -24.24979666666667 21.013440000000003
vertex -14.000303333333335 -24.24979666666667 21.02395166666667
endloop
endfacet
facet normal 0 1 0
outer loop
vertex 14.000303333333335 -24.24979666666667 21.02395166666667
vertex 14.000303333333335 -24.24979666666667 21.013440000000003
vertex 0.36790833333333334 -24.24979666666667 21.013440000000003
endloop
endfacet
facet normal 0 1 0
outer loop
vertex 14.000303333333335 -24.24979666666667 21.02395166666667
vertex 0.36790833333333334 -24.24979666666667 21.013440000000003
vertex 0.4903383333333334 -24.24979666666667 21.02395166666667
endloop
endfacet
facet normal 0 0.9999999999999999 0
outer loop
vertex -0.36790833333333334 -24.24979666666667 21.013440000000003
vertex -0.24547833333333335 -24.24979666666667 21.00602
vertex -14.000303333333335 -24.24979666666667 21.00602
endloop
endfacet
facet normal 0 1 0
outer loop
vertex -0.36790833333333334 -24.24979666666667 21.013440000000003
vertex -14.000303333333335 -24.24979666666667 21.00602
vertex -14.000303333333335 -24.24979666666667 21.013440000000003
endloop
endfacet
facet normal 0 0.9999999999999999 0
outer loop
vertex 14.000303333333335 -24.24979666666667 21.013440000000003
vertex 14.000303333333335 -24.24979666666667 21.00602
vertex 0.24547833333333335 -24.24979666666667 21.00602
endloop
endfacet
facet normal 0 1 0
outer loop
vertex 14.000303333333335 -24.24979666666667 21.013440000000003
vertex 0.24547833333333335 -24.24979666666667 21.00602
vertex 0.36790833333333334 -24.24979666666667 21.013440000000003
endloop
endfacet
facet normal 0 1 0
outer loop
vertex -0.24547833333333335 -24.24979666666667 21.00602
vertex -0.12243000000000001 -24.24979666666667 21.001691666666666
vertex -14.000303333333335 -24.24979666666667 21.001691666666666
endloop
endfacet
facet normal 0 1 0
outer loop
vertex -0.24547833333333335 -24.24979666666667 21.00602
vertex -14.000303333333335 -24.24979666666667 21.001691666666666
vertex -14.000303333333335 -24.24979666666667 21.00602
endloop
endfacet
facet normal 0 1 0
outer loop
vertex 14.000303333333335 -24.24979666666667 21.00602
vertex 14.000303333333335 -24.24979666666667 21.001691666666666
vertex 0.12243000000000001 -24.24979666666667 21.001691666666666
endloop
endfacet
facet normal 0 1 0
outer loop
vertex 14.000303333333335 -24.24979666666667 21.00602
vertex 0.12243000000000001 -24.24979666666667 21.001691666666666
vertex 0.24547833333333335 -24.24979666666667 21.00602
endloop
endfacet
facet normal 0 1 0
outer loop
vertex -0.12243000000000001 -24.24979666666667 21.001691666666666
vertex 0 -24.24979666666667 20.999836666666667
vertex -14.000303333333335 -24.24979666666667 20.999836666666667
endloop
endfacet
facet normal 0 0.9999999999999999 0
outer loop
vertex -0.12243000000000001 -24.24979666666667 21.001691666666666
vertex -14.000303333333335 -24.24979666666667 20.999836666666667
vertex -14.000303333333335 -24.24979666666667 21.001691666666666
endloop
endfacet
facet normal 0 1 0
outer loop
vertex 14.000303333333335 -24.24979666666667 21.001691666666666
vertex 14.000303333333335 -24.24979666666667 20.999836666666667
vertex 0 -24.24979666666667 20.999836666666667
endloop
endfacet
facet normal 0 0.9999999999999999 0
outer loop
vertex 14.000303333333335 -24.24979666666667 21.001691666666666
vertex 0 -24.24979666666667 20.999836666666667
vertex 0.12243000000000001 -24.24979666666667 21.001691666666666
endloop
endfacet
facet normal 0 1 0
outer loop
vertex -28.40005 -24.24979666666667 15.599931666666668
vertex -15.999993333333334 -24.24979666666667 32.999831666666665
vertex -15.999993333333334 -24.24979666666667 3.9999983333333335
endloop
endfacet
facet normal 0 1 0
outer loop
vertex -28.40005 -24.24979666666667 15.599931666666668
vertex -15.999993333333334 -24.24979666666667 3.9999983333333335
vertex -22.000300000000003 -24.24979666666667 3.9999983333333335
endloop
endfacet
facet normal 0 1 0
outer loop
vertex -28.40005 -24.24979666666667 15.599931666666668
vertex -22.000300000000003 -24.24979666666667 3.9999983333333335
vertex -43.99998166666667 -24.24979666666667 3.9999983333333335
endloop
endfacet
facet normal 0 1 0
outer loop
vertex -28.40005 -24.24979666666667 15.599931666666668
vertex -43.99998166666667 -24.24979666666667 3.9999983333333335
vertex -43.99998166666667 -24.24979666666667 32.999831666666665
endloop
endfacet
facet normal 0 0.9999999999999999 0
outer loop
vertex -28.40005 -24.24979666666667 15.599931666666668
vertex -43.99998166666667 -24.24979666666667 32.999831666666665
vertex -15.999993333333334 -24.24979666666667 32.999831666666665
endloop
endfacet
facet normal 0 1 0
outer loop
vertex 28.40005 -24.24979666666667 15.599931666666668
vertex 43.99998166666667 -24.24979666666667 32.999831666666665
vertex 43.99998166666667 -24.24979666666667 3.9999983333333335
endloop
endfacet
facet normal 0 1 0
outer loop
vertex 28.40005 -24.24979666666667 15.599931666666668
vertex 43.99998166666667 -24.24979666666667 3.9999983333333335
vertex 22.000300000000003 -24.24979666666667 3.9999983333333335
endloop
endfacet
facet normal 0 1 0
outer loop
vertex 28.40005 -24.24979666666667 15.599931666666668
vertex 22.000300000000003 -24.24979666666667 3.9999983333333335
vertex 15.999993333333334 -24.24979666666667 3.9999983333333335
endloop
endfacet
facet normal 0 1 0
outer loop
vertex 28.40005 -24.24979666666667 15.599931666666668
vertex 15.999993333333334 -24.24979666666667 3.9999983333333335
vertex 15.999993333333334 -24.24979666666667 32.999831666666665
endloop
endfacet
facet normal 0 0.9999999999999999 0
outer loop
vertex 28.40005 -24.24979666666667 15.599931666666668
vertex 15.999993333333334 -24.24979666666667 32.999831666666665
vertex 43.99998166666667 -24.24979666666667 32.999831666666665
endloop
endfacet
facet normal 0 1 0
outer loop
vertex -15.999993333333334 -24.24979666666667 3.9999983333333335
vertex -15.999993333333334 -24.24979666666667 0
vertex -22.000300000000003 -24.24979666666667 0
endloop
endfacet
facet normal 0 1 0
outer loop
vertex -15.999993333333334 -24.24979666666667 3.9999983333333335
vertex -22.000300000000003 -24.24979666666667 0
vertex -22.000300000000003 -24.24979666666667 3.9999983333333335
endloop
endfacet
facet normal 0 0.9999999999999999 0
outer loop
vertex 0 -24.24979666666667 12.599778333333335
vertex 0 -24.24979666666667 20.999836666666667
vertex 14.000303333333335 -24.24979666666667 20.999836666666667
endloop
endfacet
facet normal 0 1 0
outer loop
vertex 0 -24.24979666666667 12.599778333333335
vertex 14.000303333333335 -24.24979666666667 20.999836666666667
vertex 14.000303333333335 -24.24979666666667 0
endloop
endfacet
facet normal 0 1 0
outer loop
vertex 0 -24.24979666666667 12.599778333333335
vertex 14.000303333333335 -24.24979666666667 0
vertex -14.000303333333335 -24.24979666666667 0
endloop
endfacet
facet normal 0 1 0
outer loop
vertex 0 -24.24979666666667 12.599778333333335
vertex -14.000303333333335 -24.24979666666667 0
vertex -14.000303333333335 -24.24979666666667 20.999836666666667
endloop
endfacet
facet normal 0 0.9999999999999999 0
outer loop
vertex 0 -24.24979666666667 12.599778333333335
vertex -14.000303333333335 -24.24979666666667 20.999836666666667
vertex 0 -24.24979666666667 20.999836666666667
endloop
endfacet
facet normal 0 1 0
outer loop
vertex 22.000300000000003 -24.24979666666667 3.9999983333333335
vertex 22.000300000000003 -24.24979666666667 0
vertex 15.999993333333334 -24.24979666666667 0
endloop
endfacet
facet normal 0 1 0
outer loop
vertex 22.000300000000003 -24.24979666666667 3.9999983333333335
vertex 15.999993333333334 -24.24979666666667 0
vertex 15.999993333333334 -24.24979666666667 3.9999983333333335
endloop
endfacet
facet normal 0 -1 0
outer loop
vertex 28.40005 12.949755000000001 15.599931666666668
vertex 15.999993333333334 12.949755000000001 32.999831666666665
vertex 15.999993333333334 12.949755000000001 3.9999983333333335
endloop
endfacet
facet normal 0 -1 0
outer loop
vertex 28.40005 12.949755000000001 15.599931666666668
vertex 15.999993333333334 12.949755000000001 3.9999983333333335
vertex 22.000300000000003 12.949755000000001 3.9999983333333335
endloop
endfacet
facet normal 0 -1 0
outer loop
vertex 28.40005 12.949755000000001 15.599931666666668
vertex 22.000300000000003 12.949755000000001 3.9999983333333335
vertex 43.99998166666667 12.949755000000001 3.9999983333333335
endloop
endfacet
facet normal 0 -1 0
outer loop
vertex 28.40005 12.949755000000001 15.599931666666668
vertex 43.99998166666667 12.949755000000001 3.9999983333333335
vertex 43.99998166666667 12.949755000000001 32.999831666666665
endloop
endfacet
facet normal 0 -0.9999999999999999 0
outer loop
vertex 28.40005 12.949755000000001 15.599931666666668
vertex 43.99998166666667 12.949755000000001 32.999831666666665
vertex 15.999993333333334 12.949755000000001 32.999831666666665
endloop
endfacet
facet normal 0 -1 0
outer loop
vertex -28.40005 12.949755000000001 15.599931666666668
vertex -43.99998166666667 12.949755000000001 32.999831666666665
vertex -43.99998166666667 12.949755000000001 3.9999983333333335
endloop
endfacet
facet normal 0 -1 0
outer loop
vertex -28.40005 12.949755000000001 15.599931666666668
vertex -43.99998166666667 12.949755000000001 3.9999983333333335
vertex -22.000300000000003 12.949755000000001 3.9999983333333335
endloop
endfacet
facet normal 0 -1 0
outer loop
vertex -28.40005 12.949755000000001 15.599931666666668
vertex -22.000300000000003 12.949755000000001 3.9999983333333335
vertex -15.999993333333334 12.949755000000001 3.9999983333333335
endloop
endfacet
facet normal 0 -1 0
outer loop
vertex -28.40005 12.949755000000001 15.599931666666668
vertex -15.999993333333334 12.949755000000001 3.9999983333333335
vertex -15.999993333333334 12.949755000000001 32.999831666666665
endloop
endfacet
facet normal 0 -0.9999999999999999 0
outer loop
vertex -28.40005 12.949755000000001 15.599931666666668
vertex -15.999993333333334 12.949755000000001 32.999831666666665
vertex -43.99998166666667 12.949755000000001 32.999831666666665
endloop
endfacet
facet normal 0 -1 0
outer loop
vertex 15.999993333333334 12.949755000000001 3.9999983333333335
vertex 15.999993333333334 12.949755000000001 0
vertex 22.000300000000003 12.949755000000001 0
endloop
endfacet
facet normal 0 -1 0
outer loop
vertex 15.999993333333334 12.949755000000001 3.9999983333333335
vertex 22.000300000000003 12.949755000000001 0
vertex 22.000300000000003 12.949755000000001 3.9999983333333335
endloop
endfacet
facet normal 0 -0.9999999999999999 0
outer loop
vertex -14.000303333333335 12.949755000000001 32.999831666666665
vertex -14.000303333333335 12.949755000000001 0
vertex 14.000303333333335 12.949755000000001 0
endloop
endfacet
facet normal 0 -0.9999999999999999 0
outer loop
vertex -14.000303333333335 12.949755000000001 32.999831666666665
vertex 14.000303333333335 12.949755000000001 0
vertex 14.000303333333335 12.949755000000001 32.999831666666665
endloop
endfacet
facet normal 0 -1 0
outer loop
vertex -22.000300000000003 12.949755000000001 3.9999983333333335
vertex -22.000300000000003 12.949755000000001 0
vertex -15.999993333333334 12.949755000000001 0
endloop
endfacet
facet normal 0 -1 0
outer loop
vertex -22.000300000000003 12.949755000000001 3.9999983333333335
vertex -15.999993333333334 12.949755000000001 0
vertex -15.999993333333334 12.949755000000001 3.9999983333333335
endloop
endfacet
facet normal -0.9999999999999999 0 0
outer loop
vertex -15.999993333333334 -23.449673333333333 13.999685000000001
vertex -15.999993333333334 -22.250106666666667 32.999831666666665
vertex -15.999993333333334 -22.250106666666667 0
endloop
endfacet
facet normal -1 0 0
outer loop
vertex -15.999993333333334 -23.449673333333333 13.999685000000001
vertex -15.999993333333334 -22.250106666666667 0
vertex -15.999993333333334 -24.24979666666667 0
endloop
endfacet
facet normal -1 0 0
outer loop
vertex -15.999993333333334 -23.449673333333333 13.999685000000001
vertex -15.999993333333334 -24.24979666666667 0
vertex -15.999993333333334 -24.24979666666667 3.9999983333333335
endloop
endfacet
facet normal -1 0 0
outer loop
vertex -15.999993333333334 -23.449673333333333 13.999685000000001
vertex -15.999993333333334 -24.24979666666667 3.9999983333333335
vertex -15.999993333333334 -24.24979666666667 32.999831666666665
endloop
endfacet
facet normal -1 0 0
outer loop
vertex -15.999993333333334 -23.449673333333333 13.999685000000001
vertex -15.999993333333334 -24.24979666666667 32.999831666666665
vertex -15.999993333333334 -22.250106666666667 32.999831666666665
endloop
endfacet
facet normal -1 0 0
outer loop
vertex -15.999993333333334 12.149631666666668 13.999685000000001
vertex -15.999993333333334 12.949755000000001 32.999831666666665
vertex -15.999993333333334 12.949755000000001 3.9999983333333335
endloop
endfacet
facet normal -1 0 0
outer loop
vertex -15.999993333333334 12.149631666666668 13.999685000000001
vertex -15.999993333333334 12.949755000000001 3.9999983333333335
vertex -15.999993333333334 12.949755000000001 0
endloop
endfacet
facet normal -1 0 0
outer loop
vertex -15.999993333333334 12.149631666666668 13.999685000000001
vertex -15.999993333333334 12.949755000000001 0
vertex -15.999993333333334 10.950065 0
endloop
endfacet
facet normal -1 0 0
outer loop
vertex -15.999993333333334 12.149631666666668 13.999685000000001
vertex -15.999993333333334 10.950065 0
vertex -15.999993333333334 10.950065 32.999831666666665
endloop
endfacet
facet normal -1 0 0
outer loop
vertex -15.999993333333334 12.149631666666668 13.999685000000001
vertex -15.999993333333334 10.950065 32.999831666666665
vertex -15.999993333333334 12.949755000000001 32.999831666666665
endloop
endfacet
facet normal 1 0 0
outer loop
vertex -14.000303333333335 10.950065 32.999831666666665
vertex -14.000303333333335 10.950065 0
vertex -14.000303333333335 12.949755000000001 0
endloop
endfacet
facet normal 1 0 0
outer loop
vertex -14.000303333333335 10.950065 32.999831666666665
vertex -14.000303333333335 12.949755000000001 0
vertex -14.000303333333335 12.949755000000001 32.999831666666665
endloop
endfacet
facet normal 1 0 0
outer loop
vertex -14.000303333333335 -24.219498333333334 25.714010000000002
vertex -14.000303333333335 -24.24979666666667 32.999831666666665
vertex -14.000303333333335 -24.24979666666667 31.000141666666668
endloop
endfacet
facet normal 1 0 0
outer loop
vertex -14.000303333333335 -24.219498333333334 25.714010000000002
vertex -14.000303333333335 -24.24979666666667 31.000141666666668
vertex -14.000303333333335 -24.24979666666667 30.99828666666667
endloop
endfacet
facet normal 1 0 0
outer loop
vertex -14.000303333333335 -24.219498333333334 25.714010000000002
vertex -14.000303333333335 -24.24979666666667 30.99828666666667
vertex -14.000303333333335 -24.24979666666667 30.993958333333335
endloop
endfacet
facet normal 1 0 0
outer loop
vertex -14.000303333333335 -24.219498333333334 25.714010000000002
vertex -14.000303333333335 -24.24979666666667 30.993958333333335
vertex -14.000303333333335 -24.24979666666667 30.986538333333336
endloop
endfacet
facet normal 1 0 0
outer loop
vertex -14.000303333333335 -24.219498333333334 25.714010000000002
vertex -14.000303333333335 -24.24979666666667 30.986538333333336
vertex -14.000303333333335 -24.24979666666667 30.97602666666667
endloop
endfacet
facet normal 1 0 0
outer loop
vertex -14.000303333333335 -24.219498333333334 25.714010000000002
vertex -14.000303333333335 -24.24979666666667 30.97602666666667
vertex -14.000303333333335 -24.24979666666667 30.962423333333334
endloop
endfacet
facet normal 1 0 0
outer loop
vertex -14.000303333333335 -24.219498333333334 25.714010000000002
vertex -14.000303333333335 -24.24979666666667 30.962423333333334
vertex -14.000303333333335 -24.24979666666667 30.945728333333335
endloop
endfacet
facet normal 1 0 0
outer loop
vertex -14.000303333333335 -24.219498333333334 25.714010000000002
vertex -14.000303333333335 -24.24979666666667 30.945728333333335
vertex -14.000303333333335 -24.24979666666667 30.926560000000002
endloop
endfacet
facet normal 0.9999999999999999 0 0
outer loop
vertex -14.000303333333335 -24.219498333333334 25.714010000000002
vertex -14.000303333333335 -24.24979666666667 30.926560000000002
vertex -14.000303333333335 -24.24979666666667 30.903681666666667
endloop
endfacet
facet normal 1 0 0
outer loop
vertex -14.000303333333335 -24.219498333333334 25.714010000000002
vertex -14.000303333333335 -24.24979666666667 30.903681666666667
vertex -14.000303333333335 -24.24979666666667 30.878330000000002
endloop
endfacet
facet normal 1 0 0
outer loop
vertex -14.000303333333335 -24.219498333333334 25.714010000000002
vertex -14.000303333333335 -24.24979666666667 30.878330000000002
vertex -14.000303333333335 -24.24979666666667 30.84988666666667
endloop
endfacet
facet normal 0.9999999999999999 0 0
outer loop
vertex -14.000303333333335 -24.219498333333334 25.714010000000002
vertex -14.000303333333335 -24.24979666666667 30.84988666666667
vertex -14.000303333333335 -24.24979666666667 30.81897
endloop
endfacet
facet normal 1 0 0
outer loop
vertex -14.000303333333335 -24.219498333333334 25.714010000000002
vertex -14.000303333333335 -24.24979666666667 30.81897
vertex -14.000303333333335 -24.24979666666667 30.784961666666668
endloop
endfacet
facet normal 1 0 0
outer loop
vertex -14.000303333333335 -24.219498333333334 25.714010000000002
vertex -14.000303333333335 -24.24979666666667 30.784961666666668
vertex -14.000303333333335 -24.24979666666667 30.74786166666667
endloop
endfacet
facet normal 1 0 0
outer loop
vertex -14.000303333333335 -24.219498333333334 25.714010000000002
vertex -14.000303333333335 -24.24979666666667 30.74786166666667
vertex -14.000303333333335 -24.24979666666667 30.70767
endloop
endfacet
facet normal 1 0 0
outer loop
vertex -14.000303333333335 -24.219498333333334 25.714010000000002
vertex -14.000303333333335 -24.24979666666667 30.70767
vertex -14.000303333333335 -24.24979666666667 30.665005
endloop
endfacet
facet normal 1 0 0
outer loop
vertex -14.000303333333335 -24.219498333333334 25.714010000000002
vertex -14.000303333333335 -24.24979666666667 30.665005
vertex -14.000303333333335 -24.24979666666667 30.619248333333335
endloop
endfacet
facet normal 1 0 0
outer loop
vertex -14.000303333333335 -24.219498333333334 25.714010000000002
vertex -14.000303333333335 -24.24979666666667 30.619248333333335
vertex -14.000303333333335 -24.24979666666667 30.571018333333335
endloop
endfacet
facet normal 1 0 0
outer loop
vertex -14.000303333333335 -24.219498333333334 25.714010000000002
vertex -14.000303333333335 -24.24979666666667 30.571018333333335
vertex -14.000303333333335 -24.24979666666667 30.51969666666667
endloop
endfacet
facet normal 1 0 0
outer loop
vertex -14.000303333333335 -24.219498333333334 25.714010000000002
vertex -14.000303333333335 -24.24979666666667 30.51969666666667
vertex -14.000303333333335 -24.24979666666667 30.465901666666667
endloop
endfacet
facet normal 1 0 0
outer loop
vertex -14.000303333333335 -24.219498333333334 25.714010000000002
vertex -14.000303333333335 -24.24979666666667 30.465901666666667
vertex -14.000303333333335 -24.24979666666667 30.409633333333336
endloop
endfacet
facet normal 1 0 0
outer loop
vertex -14.000303333333335 -24.219498333333334 25.714010000000002
vertex -14.000303333333335 -24.24979666666667 30.409633333333336
vertex -14.000303333333335 -24.24979666666667 30.350273333333334
endloop
endfacet
facet normal 1 0 0
outer loop
vertex -14.000303333333335 -24.219498333333334 25.714010000000002
vertex -14.000303333333335 -24.24979666666667 30.350273333333334
vertex -14.000303333333335 -24.24979666666667 30.28844
endloop
endfacet
facet normal 1 0 0
outer loop
vertex -14.000303333333335 -24.219498333333334 25.714010000000002
vertex -14.000303333333335 -24.24979666666667 30.28844
vertex -14.000303333333335 -24.24979666666667 30.224133333333334
endloop
endfacet
facet normal 1 0 0
outer loop
vertex -14.000303333333335 -24.219498333333334 25.714010000000002
vertex -14.000303333333335 -24.24979666666667 30.224133333333334
vertex -14.000303333333335 -24.24979666666667 30.157353333333337
endloop
endfacet
facet normal 1 0 0
outer loop
vertex -14.000303333333335 -24.219498333333334 25.714010000000002
vertex -14.000303333333335 -24.24979666666667 30.157353333333337
vertex -14.000303333333335 -24.24979666666667 30.0881
endloop
endfacet
facet normal 1 0 0
outer loop
vertex -14.000303333333335 -24.219498333333334 25.714010000000002
vertex -14.000303333333335 -24.24979666666667 30.0881
vertex -14.000303333333335 -24.24979666666667 30.015755000000002
endloop
endfacet
facet normal 1 0 0
outer loop
vertex -14.000303333333335 -24.219498333333334 25.714010000000002
vertex -14.000303333333335 -24.24979666666667 30.015755000000002
vertex -14.000303333333335 -24.24979666666667 29.941555
endloop
endfacet
facet normal 1 0 0
outer loop
vertex -14.000303333333335 -24.219498333333334 25.714010000000002
vertex -14.000303333333335 -24.24979666666667 29.941555
vertex -14.000303333333335 -24.24979666666667 29.86488166666667
endloop
endfacet
facet normal 1 0 0
outer loop
vertex -14.000303333333335 -24.219498333333334 25.714010000000002
vertex -14.000303333333335 -24.24979666666667 29.86488166666667
vertex -14.000303333333335 -24.24979666666667 29.786353333333334
endloop
endfacet
facet normal 0.9999999999999999 0 0
outer loop
vertex -14.000303333333335 -24.219498333333334 25.714010000000002
vertex -14.000303333333335 -24.24979666666667 29.786353333333334
vertex -14.000303333333335 -24.24979666666667 29.704733333333333
endloop
endfacet
facet normal 1 0 0
outer loop
vertex -14.000303333333335 -24.219498333333334 25.714010000000002
vertex -14.000303333333335 -24.24979666666667 29.704733333333333
vertex -14.000303333333335 -24.24979666666667 29.621258333333333
endloop
endfacet
facet normal 1 0 0
outer loop
vertex -14.000303333333335 -24.219498333333334 25.714010000000002
vertex -14.000303333333335 -24.24979666666667 29.621258333333333
vertex -14.000303333333335 -24.24979666666667 29.535310000000003
endloop
endfacet
facet normal 1 0 0
outer loop
vertex -14.000303333333335 -24.219498333333334 25.714010000000002
vertex -14.000303333333335 -24.24979666666667 29.535310000000003
vertex -14.000303333333335 -24.24979666666667 29.44750666666667
endloop
endfacet
facet normal 1 0 0
outer loop
vertex -14.000303333333335 -24.219498333333334 25.714010000000002
vertex -14.000303333333335 -24.24979666666667 29.44750666666667
vertex -14.000303333333335 -24.24979666666667 29.357848333333333
endloop
endfacet
facet normal 1 0 0
outer loop
vertex -14.000303333333335 -24.219498333333334 25.714010000000002
vertex -14.000303333333335 -24.24979666666667 29.357848333333333
vertex -14.000303333333335 -24.24979666666667 29.26571666666667
endloop
endfacet
facet normal 1 0 0
outer loop
vertex -14.000303333333335 -24.219498333333334 25.714010000000002
vertex -14.000303333333335 -24.24979666666667 29.26571666666667
vertex -14.000303333333335 -24.24979666666667 29.17173
endloop
endfacet
facet normal 1 0 0
outer loop
vertex -14.000303333333335 -24.219498333333334 25.714010000000002
vertex -14.000303333333335 -24.24979666666667 29.17173
vertex -14.000303333333335 -24.24979666666667 29.075888333333335
endloop
endfacet
facet normal 1 0 0
outer loop
vertex -14.000303333333335 -24.219498333333334 25.714010000000002
vertex -14.000303333333335 -24.24979666666667 29.075888333333335
vertex -14.000303333333335 -24.24979666666667 28.978191666666667
endloop
endfacet
facet normal 0.9999999999999999 0 0
outer loop
vertex -14.000303333333335 -24.219498333333334 25.714010000000002
vertex -14.000303333333335 -24.24979666666667 28.978191666666667
vertex -14.000303333333335 -24.24979666666667 28.879258333333336
endloop
endfacet
facet normal 1 0 0
outer loop
vertex -14.000303333333335 -24.219498333333334 25.714010000000002
vertex -14.000303333333335 -24.24979666666667 28.879258333333336
vertex -14.000303333333335 -24.24979666666667 28.777851666666667
endloop
endfacet
facet normal 0.9999999999999999 0 0
outer loop
vertex -14.000303333333335 -24.219498333333334 25.714010000000002
vertex -14.000303333333335 -24.24979666666667 28.777851666666667
vertex -14.000303333333335 -24.24979666666667 28.675208333333334
endloop
endfacet
facet normal 1 0 0
outer loop
vertex -14.000303333333335 -24.219498333333334 25.714010000000002
vertex -14.000303333333335 -24.24979666666667 28.675208333333334
vertex -14.000303333333335 -24.24979666666667 28.570710000000002
endloop
endfacet
facet normal 1 0 0
outer loop
vertex -14.000303333333335 -24.219498333333334 25.714010000000002
vertex -14.000303333333335 -24.24979666666667 28.570710000000002
vertex -14.000303333333335 -24.24979666666667 28.464356666666667
endloop
endfacet
facet normal 1 0 0
outer loop
vertex -14.000303333333335 -24.219498333333334 25.714010000000002
vertex -14.000303333333335 -24.24979666666667 28.464356666666667
vertex -14.000303333333335 -24.24979666666667 28.35676666666667
endloop
endfacet
facet normal 1 0 0
outer loop
vertex -14.000303333333335 -24.219498333333334 25.714010000000002
vertex -14.000303333333335 -24.24979666666667 28.35676666666667
vertex -14.000303333333335 -24.24979666666667 28.24794
endloop
endfacet
facet normal 0.9999999999999999 0 0
outer loop
vertex -14.000303333333335 -24.219498333333334 25.714010000000002
vertex -14.000303333333335 -24.24979666666667 28.24794
vertex -14.000303333333335 -24.24979666666667 28.137876666666667
endloop
endfacet
facet normal 0.9999999999999999 0 0
outer loop
vertex -14.000303333333335 -24.219498333333334 25.714010000000002
vertex -14.000303333333335 -24.24979666666667 28.137876666666667
vertex -14.000303333333335 -24.24979666666667 28.025958333333335
endloop
endfacet
facet normal 1 0 0
outer loop
vertex -14.000303333333335 -24.219498333333334 25.714010000000002
vertex -14.000303333333335 -24.24979666666667 28.025958333333335
vertex -14.000303333333335 -24.24979666666667 27.913421666666668
endloop
endfacet
facet normal 0.9999999999999999 0 0
outer loop
vertex -14.000303333333335 -24.219498333333334 25.714010000000002
vertex -14.000303333333335 -24.24979666666667 27.913421666666668
vertex -14.000303333333335 -24.24979666666667 27.799648333333334
endloop
endfacet
facet normal 1 0 0
outer loop
vertex -14.000303333333335 -24.219498333333334 25.714010000000002
vertex -14.000303333333335 -24.24979666666667 27.799648333333334
vertex -14.000303333333335 -24.24979666666667 27.684638333333336
endloop
endfacet
facet normal 1 0 0
outer loop
vertex -14.000303333333335 -24.219498333333334 25.714010000000002
vertex -14.000303333333335 -24.24979666666667 27.684638333333336
vertex -14.000303333333335 -24.24979666666667 27.568391666666667
endloop
endfacet
facet normal 1 0 0
outer loop
vertex -14.000303333333335 -24.219498333333334 25.714010000000002
vertex -14.000303333333335 -24.24979666666667 27.568391666666667
vertex -14.000303333333335 -24.24979666666667 27.45152666666667
endloop
endfacet
facet normal 1 0 0
outer loop
vertex -14.000303333333335 -24.219498333333334 25.714010000000002
vertex -14.000303333333335 -24.24979666666667 27.45152666666667
vertex -14.000303333333335 -24.24979666666667 27.333425000000002
endloop
endfacet
facet normal 1 0 0
outer loop
vertex -14.000303333333335 -24.219498333333334 25.714010000000002
vertex -14.000303333333335 -24.24979666666667 27.333425000000002
vertex -14.000303333333335 -24.24979666666667 27.214705000000002
endloop
endfacet
facet normal 1 0 0
outer loop
vertex -14.000303333333335 -24.219498333333334 25.714010000000002
vertex -14.000303333333335 -24.24979666666667 27.214705000000002
vertex -14.000303333333335 -24.24979666666667 27.095366666666667
endloop
endfacet
facet normal 1 0 0
outer loop
vertex -14.000303333333335 -24.219498333333334 25.714010000000002
vertex -14.000303333333335 -24.24979666666667 27.095366666666667
vertex -14.000303333333335 -24.24979666666667 26.97541
endloop
endfacet
facet normal 0.9999999999999999 0 0
outer loop
vertex -14.000303333333335 -24.219498333333334 25.714010000000002
vertex -14.000303333333335 -24.24979666666667 26.97541
vertex -14.000303333333335 -24.24979666666667 26.854835
endloop
endfacet
facet normal 1 0 0
outer loop
vertex -14.000303333333335 -24.219498333333334 25.714010000000002
vertex -14.000303333333335 -24.24979666666667 26.854835
vertex -14.000303333333335 -24.24979666666667 26.733641666666667
endloop
endfacet
facet normal 1 0 0
outer loop
vertex -14.000303333333335 -24.219498333333334 25.714010000000002
vertex -14.000303333333335 -24.24979666666667 26.733641666666667
vertex -14.000303333333335 -24.24979666666667 26.61183
endloop
endfacet
facet normal 1 0 0
outer loop
vertex -14.000303333333335 -24.219498333333334 25.714010000000002
vertex -14.000303333333335 -24.24979666666667 26.61183
vertex -14.000303333333335 -24.24979666666667 26.490018333333335
endloop
endfacet
facet normal 1 0 0
outer loop
vertex -14.000303333333335 -24.219498333333334 25.714010000000002
vertex -14.000303333333335 -24.24979666666667 26.490018333333335
vertex -14.000303333333335 -24.24979666666667 26.367588333333334
endloop
endfacet
facet normal 1 0 0
outer loop
vertex -14.000303333333335 -24.219498333333334 25.714010000000002
vertex -14.000303333333335 -24.24979666666667 26.367588333333334
vertex -14.000303333333335 -24.24979666666667 26.245158333333336
endloop
endfacet
facet normal 1 0 0
outer loop
vertex -14.000303333333335 -24.219498333333334 25.714010000000002
vertex -14.000303333333335 -24.24979666666667 26.245158333333336
vertex -14.000303333333335 -24.24979666666667 26.122728333333335
endloop
endfacet
facet normal 0.9999999999999999 0 0
outer loop
vertex -14.000303333333335 -24.219498333333334 25.714010000000002
vertex -14.000303333333335 -24.24979666666667 26.122728333333335
vertex -14.000303333333335 -24.24979666666667 26.000298333333333
endloop
endfacet
facet normal 0.9999999999999999 0 0
outer loop
vertex -14.000303333333335 -24.219498333333334 25.714010000000002
vertex -14.000303333333335 -24.24979666666667 26.000298333333333
vertex -14.000303333333335 -24.24979666666667 25.87725
endloop
endfacet
facet normal 1 0 0
outer loop
vertex -14.000303333333335 -24.219498333333334 25.714010000000002
vertex -14.000303333333335 -24.24979666666667 25.87725
vertex -14.000303333333335 -24.24979666666667 25.754820000000002
endloop
endfacet
facet normal 1 0 0
outer loop
vertex -14.000303333333335 -24.219498333333334 25.714010000000002
vertex -14.000303333333335 -24.24979666666667 25.754820000000002
vertex -14.000303333333335 -24.24979666666667 25.63239
endloop
endfacet
facet normal 1 0 0
outer loop
vertex -14.000303333333335 -24.219498333333334 25.714010000000002
vertex -14.000303333333335 -24.24979666666667 25.63239
vertex -14.000303333333335 -24.24979666666667 25.509960000000003
endloop
endfacet
facet normal 1 0 0
outer loop
vertex -14.000303333333335 -24.219498333333334 25.714010000000002
vertex -14.000303333333335 -24.24979666666667 25.509960000000003
vertex -14.000303333333335 -24.24979666666667 25.388148333333334
endloop
endfacet
facet normal 1 0 0
outer loop
vertex -14.000303333333335 -24.219498333333334 25.714010000000002
vertex -14.000303333333335 -24.24979666666667 25.388148333333334
vertex -14.000303333333335 -24.24979666666667 25.266336666666668
endloop
endfacet
facet normal 1 0 0
outer loop
vertex -14.000303333333335 -24.219498333333334 25.714010000000002
vertex -14.000303333333335 -24.24979666666667 25.266336666666668
vertex -14.000303333333335 -24.24979666666667 25.145143333333333
endloop
endfacet
facet normal 1 0 0
outer loop
vertex -14.000303333333335 -24.219498333333334 25.714010000000002
vertex -14.000303333333335 -24.24979666666667 25.145143333333333
vertex -14.000303333333335 -24.24979666666667 25.024568333333335
endloop
endfacet
facet normal 1 0 0
outer loop
vertex -14.000303333333335 -24.219498333333334 25.714010000000002
vertex -14.000303333333335 -24.24979666666667 25.024568333333335
vertex -14.000303333333335 -24.24979666666667 24.904611666666668
endloop
endfacet
facet normal 1 0 0
outer loop
vertex -14.000303333333335 -24.219498333333334 25.714010000000002
vertex -14.000303333333335 -24.24979666666667 24.904611666666668
vertex -14.000303333333335 -24.24979666666667 24.785273333333336
endloop
endfacet
facet normal 1 0 0
outer loop
vertex -14.000303333333335 -24.219498333333334 25.714010000000002
vertex -14.000303333333335 -24.24979666666667 24.785273333333336
vertex -14.000303333333335 -24.24979666666667 24.666553333333333
endloop
endfacet
facet normal 1 0 0
outer loop
vertex -14.000303333333335 -24.219498333333334 25.714010000000002
vertex -14.000303333333335 -24.24979666666667 24.666553333333333
vertex -14.000303333333335 -24.24979666666667 24.54845166666667
endloop
endfacet
facet normal 1 0 0
outer loop
vertex -14.000303333333335 -24.219498333333334 25.714010000000002
vertex -14.000303333333335 -24.24979666666667 24.54845166666667
vertex -14.000303333333335 -24.24979666666667 24.431586666666668
endloop
endfacet
facet normal 1 0 0
outer loop
vertex -14.000303333333335 -24.219498333333334 25.714010000000002
vertex -14.000303333333335 -24.24979666666667 24.431586666666668
vertex -14.000303333333335 -24.24979666666667 24.315340000000003
endloop
endfacet
facet normal 1 0 0
outer loop
vertex -14.000303333333335 -24.219498333333334 25.714010000000002
vertex -14.000303333333335 -24.24979666666667 24.315340000000003
vertex -14.000303333333335 -24.24979666666667 24.20033
endloop
endfacet
facet normal 0.9999999999999999 0 0
outer loop
vertex -14.000303333333335 -24.219498333333334 25.714010000000002
vertex -14.000303333333335 -24.24979666666667 24.20033
vertex -14.000303333333335 -24.24979666666667 24.086556666666667
endloop
endfacet
facet normal 1 0 0
outer loop
vertex -14.000303333333335 -24.219498333333334 25.714010000000002
vertex -14.000303333333335 -24.24979666666667 24.086556666666667
vertex -14.000303333333335 -24.24979666666667 23.974020000000003
endloop
endfacet
facet normal 1 0 0
outer loop
vertex -14.000303333333335 -24.219498333333334 25.714010000000002
vertex -14.000303333333335 -24.24979666666667 23.974020000000003
vertex -14.000303333333335 -24.24979666666667 23.862101666666668
endloop
endfacet
facet normal 0.9999999999999999 0 0
outer loop
vertex -14.000303333333335 -24.219498333333334 25.714010000000002
vertex -14.000303333333335 -24.24979666666667 23.862101666666668
vertex -14.000303333333335 -24.24979666666667 23.752038333333335
endloop
endfacet
facet normal 0.9999999999999999 0 0
outer loop
vertex -14.000303333333335 -24.219498333333334 25.714010000000002
vertex -14.000303333333335 -24.24979666666667 23.752038333333335
vertex -14.000303333333335 -24.24979666666667 23.64321166666667
endloop
endfacet
facet normal 1 0 0
outer loop
vertex -14.000303333333335 -24.219498333333334 25.714010000000002
vertex -14.000303333333335 -24.24979666666667 23.64321166666667
vertex -14.000303333333335 -24.24979666666667 23.535621666666668
endloop
endfacet
facet normal 1 0 0
outer loop
vertex -14.000303333333335 -24.219498333333334 25.714010000000002
vertex -14.000303333333335 -24.24979666666667 23.535621666666668
vertex -14.000303333333335 -24.24979666666667 23.429268333333333
endloop
endfacet
facet normal 1 0 0
outer loop
vertex -14.000303333333335 -24.219498333333334 25.714010000000002
vertex -14.000303333333335 -24.24979666666667 23.429268333333333
vertex -14.000303333333335 -24.24979666666667 23.32477
endloop
endfacet
facet normal 0.9999999999999999 0 0
outer loop
vertex -14.000303333333335 -24.219498333333334 25.714010000000002
vertex -14.000303333333335 -24.24979666666667 23.32477
vertex -14.000303333333335 -24.24979666666667 23.222126666666668
endloop
endfacet
facet normal 1 0 0
outer loop
vertex -14.000303333333335 -24.219498333333334 25.714010000000002
vertex -14.000303333333335 -24.24979666666667 23.222126666666668
vertex -14.000303333333335 -24.24979666666667 23.120720000000002
endloop
endfacet
facet normal 1 0 0
outer loop
vertex -14.000303333333335 -24.219498333333334 25.714010000000002
vertex -14.000303333333335 -24.24979666666667 23.120720000000002
vertex -14.000303333333335 -24.24979666666667 23.021786666666667
endloop
endfacet
facet normal 1 0 0
outer loop
vertex -14.000303333333335 -24.219498333333334 25.714010000000002
vertex -14.000303333333335 -24.24979666666667 23.021786666666667
vertex -14.000303333333335 -24.24979666666667 22.92409
endloop
endfacet
facet normal 1 0 0
outer loop
vertex -14.000303333333335 -24.219498333333334 25.714010000000002
vertex -14.000303333333335 -24.24979666666667 22.92409
vertex -14.000303333333335 -24.24979666666667 22.828248333333335
endloop
endfacet
facet normal 1 0 0
outer loop
vertex -14.000303333333335 -24.219498333333334 25.714010000000002
vertex -14.000303333333335 -24.24979666666667 22.828248333333335
vertex -14.000303333333335 -24.24979666666667 22.73426166666667
endloop
endfacet
facet normal 1 0 0
outer loop
vertex -14.000303333333335 -24.219498333333334 25.714010000000002
vertex -14.000303333333335 -24.24979666666667 22.73426166666667
vertex -14.000303333333335 -24.24979666666667 22.64213
endloop
endfacet
facet normal 1 0 0
outer loop
vertex -14.000303333333335 -24.219498333333334 25.714010000000002
vertex -14.000303333333335 -24.24979666666667 22.64213
vertex -14.000303333333335 -24.24979666666667 22.55247166666667
endloop
endfacet
facet normal 1 0 0
outer loop
vertex -14.000303333333335 -24.219498333333334 25.714010000000002
vertex -14.000303333333335 -24.24979666666667 22.55247166666667
vertex -14.000303333333335 -24.24979666666667 22.464668333333336
endloop
endfacet
facet normal 1 0 0
outer loop
vertex -14.000303333333335 -24.219498333333334 25.714010000000002
vertex -14.000303333333335 -24.24979666666667 22.464668333333336
vertex -14.000303333333335 -24.24979666666667 22.37872
endloop
endfacet
facet normal 1 0 0
outer loop
vertex -14.000303333333335 -24.219498333333334 25.714010000000002
vertex -14.000303333333335 -24.24979666666667 22.37872
vertex -14.000303333333335 -24.24979666666667 22.295245
endloop
endfacet
facet normal 1 0 0
outer loop
vertex -14.000303333333335 -24.219498333333334 25.714010000000002
vertex -14.000303333333335 -24.24979666666667 22.295245
vertex -14.000303333333335 -24.24979666666667 22.214243333333336
endloop
endfacet
facet normal 1 0 0
outer loop
vertex -14.000303333333335 -24.219498333333334 25.714010000000002
vertex -14.000303333333335 -24.24979666666667 22.214243333333336
vertex -14.000303333333335 -24.24979666666667 22.13509666666667
endloop
endfacet
facet normal 1 0 0
outer loop
vertex -14.000303333333335 -24.219498333333334 25.714010000000002
vertex -14.000303333333335 -24.24979666666667 22.13509666666667
vertex -14.000303333333335 -24.24979666666667 22.058423333333334
endloop
endfacet
facet normal 1 0 0
outer loop
vertex -14.000303333333335 -24.219498333333334 25.714010000000002
vertex -14.000303333333335 -24.24979666666667 22.058423333333334
vertex -14.000303333333335 -24.24979666666667 21.984223333333336
endloop
endfacet
facet normal 1 0 0
outer loop
vertex -14.000303333333335 -24.219498333333334 25.714010000000002
vertex -14.000303333333335 -24.24979666666667 21.984223333333336
vertex -14.000303333333335 -24.24979666666667 21.911878333333334
endloop
endfacet
facet normal 1 0 0
outer loop
vertex -14.000303333333335 -24.219498333333334 25.714010000000002
vertex -14.000303333333335 -24.24979666666667 21.911878333333334
vertex -14.000303333333335 -24.24979666666667 21.842625
endloop
endfacet
facet normal 1 0 0
outer loop
vertex -14.000303333333335 -24.219498333333334 25.714010000000002
vertex -14.000303333333335 -24.24979666666667 21.842625
vertex -14.000303333333335 -24.24979666666667 21.775845
endloop
endfacet
facet normal 1 0 0
outer loop
vertex -14.000303333333335 -24.219498333333334 25.714010000000002
vertex -14.000303333333335 -24.24979666666667 21.775845
vertex -14.000303333333335 -24.24979666666667 21.711538333333333
endloop
endfacet
facet normal 1 0 0
outer loop
vertex -14.000303333333335 -24.219498333333334 25.714010000000002
vertex -14.000303333333335 -24.24979666666667 21.711538333333333
vertex -14.000303333333335 -24.24979666666667 21.649705
endloop
endfacet
facet normal 1 0 0
outer loop
vertex -14.000303333333335 -24.219498333333334 25.714010000000002
vertex -14.000303333333335 -24.24979666666667 21.649705
vertex -14.000303333333335 -24.24979666666667 21.590345000000003
endloop
endfacet
facet normal 1 0 0
outer loop
vertex -14.000303333333335 -24.219498333333334 25.714010000000002
vertex -14.000303333333335 -24.24979666666667 21.590345000000003
vertex -14.000303333333335 -24.24979666666667 21.534076666666667
endloop
endfacet
facet normal 1 0 0
outer loop
vertex -14.000303333333335 -24.219498333333334 25.714010000000002
vertex -14.000303333333335 -24.24979666666667 21.534076666666667
vertex -14.000303333333335 -24.24979666666667 21.480281666666666
endloop
endfacet
facet normal 1 0 0
outer loop
vertex -14.000303333333335 -24.219498333333334 25.714010000000002
vertex -14.000303333333335 -24.24979666666667 21.480281666666666
vertex -14.000303333333335 -24.24979666666667 21.42896
endloop
endfacet
facet normal 1 0 0
outer loop
vertex -14.000303333333335 -24.219498333333334 25.714010000000002
vertex -14.000303333333335 -24.24979666666667 21.42896
vertex -14.000303333333335 -24.24979666666667 21.38073
endloop
endfacet
facet normal 1 0 0
outer loop
vertex -14.000303333333335 -24.219498333333334 25.714010000000002
vertex -14.000303333333335 -24.24979666666667 21.38073
vertex -14.000303333333335 -24.24979666666667 21.334973333333334
endloop
endfacet
facet normal 1 0 0
outer loop
vertex -14.000303333333335 -24.219498333333334 25.714010000000002
vertex -14.000303333333335 -24.24979666666667 21.334973333333334
vertex -14.000303333333335 -24.24979666666667 21.292308333333335
endloop
endfacet
facet normal 1 0 0
outer loop
vertex -14.000303333333335 -24.219498333333334 25.714010000000002
vertex -14.000303333333335 -24.24979666666667 21.292308333333335
vertex -14.000303333333335 -24.24979666666667 21.25211666666667
endloop
endfacet
facet normal 1 0 0
outer loop
vertex -14.000303333333335 -24.219498333333334 25.714010000000002
vertex -14.000303333333335 -24.24979666666667 21.25211666666667
vertex -14.000303333333335 -24.24979666666667 21.215016666666667
endloop
endfacet
facet normal 0.9999999999999999 0 0
outer loop
vertex -14.000303333333335 -24.219498333333334 25.714010000000002
vertex -14.000303333333335 -24.24979666666667 21.215016666666667
vertex -14.000303333333335 -24.24979666666667 21.181008333333335
endloop
endfacet
facet normal 1 0 0
outer loop
vertex -14.000303333333335 -24.219498333333334 25.714010000000002
vertex -14.000303333333335 -24.24979666666667 21.181008333333335
vertex -14.000303333333335 -24.24979666666667 21.15009166666667
endloop
endfacet
facet normal 1 0 0
outer loop
vertex -14.000303333333335 -24.219498333333334 25.714010000000002
vertex -14.000303333333335 -24.24979666666667 21.15009166666667
vertex -14.000303333333335 -24.24979666666667 21.121648333333333
endloop
endfacet
facet normal 1 0 0
outer loop
vertex -14.000303333333335 -24.219498333333334 25.714010000000002
vertex -14.000303333333335 -24.24979666666667 21.121648333333333
vertex -14.000303333333335 -24.24979666666667 21.096296666666667
endloop
endfacet
facet normal 0.9999999999999999 0 0
outer loop
vertex -14.000303333333335 -24.219498333333334 25.714010000000002
vertex -14.000303333333335 -24.24979666666667 21.096296666666667
vertex -14.000303333333335 -24.24979666666667 21.073418333333333
endloop
endfacet
facet normal 1 0 0
outer loop
vertex -14.000303333333335 -24.219498333333334 25.714010000000002
vertex -14.000303333333335 -24.24979666666667 21.073418333333333
vertex -14.000303333333335 -24.24979666666667 21.05425
endloop
endfacet
facet normal 1 0 0
outer loop
vertex -14.000303333333335 -24.219498333333334 25.714010000000002
vertex -14.000303333333335 -24.24979666666667 21.05425
vertex -14.000303333333335 -24.24979666666667 21.037555
endloop
endfacet
facet normal 0.9999999999999999 0 0
outer loop
vertex -14.000303333333335 -24.219498333333334 25.714010000000002
vertex -14.000303333333335 -24.24979666666667 21.037555
vertex -14.000303333333335 -24.24979666666667 21.02395166666667
endloop
endfacet
facet normal 1 0 0
outer loop
vertex -14.000303333333335 -24.219498333333334 25.714010000000002
vertex -14.000303333333335 -24.24979666666667 21.02395166666667
vertex -14.000303333333335 -24.24979666666667 21.013440000000003
endloop
endfacet
facet normal 0.9999999999999999 0 0
outer loop
vertex -14.000303333333335 -24.219498333333334 25.714010000000002
vertex -14.000303333333335 -24.24979666666667 21.013440000000003
vertex -14.000303333333335 -24.24979666666667 21.00602
endloop
endfacet
facet normal 1 0 0
outer loop
vertex -14.000303333333335 -24.219498333333334 25.714010000000002
vertex -14.000303333333335 -24.24979666666667 21.00602
vertex -14.000303333333335 -24.24979666666667 21.001691666666666
endloop
endfacet
facet normal 0.9999999999999999 0 0
outer loop
vertex -14.000303333333335 -24.219498333333334 25.714010000000002
vertex -14.000303333333335 -24.24979666666667 21.001691666666666
vertex -14.000303333333335 -24.24979666666667 20.999836666666667
endloop
endfacet
facet normal 1 0 0
outer loop
vertex -14.000303333333335 -24.219498333333334 25.714010000000002
vertex -14.000303333333335 -24.24979666666667 20.999836666666667
vertex -14.000303333333335 -24.24979666666667 0
endloop
endfacet
facet normal 1 0 0
outer loop
vertex -14.000303333333335 -24.219498333333334 25.714010000000002
vertex -14.000303333333335 -24.24979666666667 0
vertex -14.000303333333335 -22.250106666666667 0
endloop
endfacet
facet normal 1 0 0
outer loop
vertex -14.000303333333335 -24.219498333333334 25.714010000000002
vertex -14.000303333333335 -22.250106666666667 0
vertex -14.000303333333335 -22.250106666666667 32.999831666666665
endloop
endfacet
facet normal 1 0 0
outer loop
vertex -14.000303333333335 -24.219498333333334 25.714010000000002
vertex -14.000303333333335 -22.250106666666667 32.999831666666665
vertex -14.000303333333335 -24.24979666666667 32.999831666666665
endloop
endfacet
facet normal 0 1 0
outer loop
vertex -14.000303333333335 -22.250106666666667 32.999831666666665
vertex -14.000303333333335 -22.250106666666667 0
vertex -15.999993333333334 -22.250106666666667 0
endloop
endfacet
facet normal 0 1 0
outer loop
vertex -14.000303333333335 -22.250106666666667 32.999831666666665
vertex -15.999993333333334 -22.250106666666667 0
vertex -15.999993333333334 -22.250106666666667 32.999831666666665
endloop
endfacet
facet normal 0 1 0
outer loop
vertex 15.999993333333334 -22.250106666666667 32.999831666666665
vertex 15.999993333333334 -22.250106666666667 0
vertex 14.000303333333335 -22.250106666666667 0
endloop
endfacet
facet normal 0 1 0
outer loop
vertex 15.999993333333334 -22.250106666666667 32.999831666666665
vertex 14.000303333333335 -22.250106666666667 0
vertex 14.000303333333335 -22.250106666666667 32.999831666666665
endloop
endfacet
facet normal 0 -1 0
outer loop
vertex 14.000303333333335 10.950065 32.999831666666665
vertex 14.000303333333335 10.950065 0
vertex 15.999993333333334 10.950065 0
endloop
endfacet
facet normal 0 -1 0
outer loop
vertex 14.000303333333335 10.950065 32.999831666666665
vertex 15.999993333333334 10.950065 0
vertex 15.999993333333334 10.950065 32.999831666666665
endloop
endfacet
facet normal 0 -1 0
outer loop
vertex -15.999993333333334 10.950065 32.999831666666665
vertex -15.999993333333334 10.950065 0
vertex -14.000303333333335 10.950065 0
endloop
endfacet
facet normal 0 -1 0
outer loop
vertex -15.999993333333334 10.950065 32.999831666666665
vertex -14.000303333333335 10.950065 0
vertex -14.000303333333335 10.950065 32.999831666666665
endloop
endfacet
facet normal -1 0 0
outer loop
vertex 14.000303333333335 -24.219498333333334 25.714010000000002
vertex 14.000303333333335 -22.250106666666667 32.999831666666665
vertex 14.000303333333335 -22.250106666666667 0
endloop
endfacet
facet normal -1 0 0
outer loop
vertex 14.000303333333335 -24.219498333333334 25.714010000000002
vertex 14.000303333333335 -22.250106666666667 0
vertex 14.000303333333335 -24.24979666666667 0
endloop
endfacet
facet normal -1 0 0
outer loop
vertex 14.000303333333335 -24.219498333333334 25.714010000000002
vertex 14.000303333333335 -24.24979666666667 0
vertex 14.000303333333335 -24.24979666666667 20.999836666666667
endloop
endfacet
facet normal -0.9999999999999999 0 0
outer loop
vertex 14.000303333333335 -24.219498333333334 25.714010000000002
vertex 14.000303333333335 -24.24979666666667 20.999836666666667
vertex 14.000303333333335 -24.24979666666667 21.001691666666666
endloop
endfacet
facet normal -1 0 0
outer loop
vertex 14.000303333333335 -24.219498333333334 25.714010000000002
vertex 14.000303333333335 -24.24979666666667 21.001691666666666
vertex 14.000303333333335 -24.24979666666667 21.00602
endloop
endfacet
facet normal -0.9999999999999999 0 0
outer loop
vertex 14.000303333333335 -24.219498333333334 25.714010000000002
vertex 14.000303333333335 -24.24979666666667 21.00602
vertex 14.000303333333335 -24.24979666666667 21.013440000000003
endloop
endfacet
facet normal -1 0 0
outer loop
vertex 14.000303333333335 -24.219498333333334 25.714010000000002
vertex 14.000303333333335 -24.24979666666667 21.013440000000003
vertex 14.000303333333335 -24.24979666666667 21.02395166666667
endloop
endfacet
facet normal -0.9999999999999999 0 0
outer loop
vertex 14.000303333333335 -24.219498333333334 25.714010000000002
vertex 14.000303333333335 -24.24979666666667 21.02395166666667
vertex 14.000303333333335 -24.24979666666667 21.037555
endloop
endfacet
facet normal -1 0 0
outer loop
vertex 14.000303333333335 -24.219498333333334 25.714010000000002
vertex 14.000303333333335 -24.24979666666667 21.037555
vertex 14.000303333333335 -24.24979666666667 21.05425
endloop
endfacet
facet normal -1 0 0
outer loop
vertex 14.000303333333335 -24.219498333333334 25.714010000000002
vertex 14.000303333333335 -24.24979666666667 21.05425
vertex 14.000303333333335 -24.24979666666667 21.073418333333333
endloop
endfacet
facet normal -0.9999999999999999 0 0
outer loop
vertex 14.000303333333335 -24.219498333333334 25.714010000000002
vertex 14.000303333333335 -24.24979666666667 21.073418333333333
vertex 14.000303333333335 -24.24979666666667 21.096296666666667
endloop
endfacet
facet normal -1 0 0
outer loop
vertex 14.000303333333335 -24.219498333333334 25.714010000000002
vertex 14.000303333333335 -24.24979666666667 21.096296666666667
vertex 14.000303333333335 -24.24979666666667 21.121648333333333
endloop
endfacet
facet normal -1 0 0
outer loop
vertex 14.000303333333335 -24.219498333333334 25.714010000000002
vertex 14.000303333333335 -24.24979666666667 21.121648333333333
vertex 14.000303333333335 -24.24979666666667 21.15009166666667
endloop
endfacet
facet normal -1 0 0
outer loop
vertex 14.000303333333335 -24.219498333333334 25.714010000000002
vertex 14.000303333333335 -24.24979666666667 21.15009166666667
vertex 14.000303333333335 -24.24979666666667 21.181008333333335
endloop
endfacet
facet normal -0.9999999999999999 0 0
outer loop
vertex 14.000303333333335 -24.219498333333334 25.714010000000002
vertex 14.000303333333335 -24.24979666666667 21.181008333333335
vertex 14.000303333333335 -24.24979666666667 21.215016666666667
endloop
endfacet
facet normal -1 0 0
outer loop
vertex 14.000303333333335 -24.219498333333334 25.714010000000002
vertex 14.000303333333335 -24.24979666666667 21.215016666666667
vertex 14.000303333333335 -24.24979666666667 21.25211666666667
endloop
endfacet
facet normal -1 0 0
outer loop
vertex 14.000303333333335 -24.219498333333334 25.714010000000002
vertex 14.000303333333335 -24.24979666666667 21.25211666666667
vertex 14.000303333333335 -24.24979666666667 21.292308333333335
endloop
endfacet
facet normal -1 0 0
outer loop
vertex 14.000303333333335 -24.219498333333334 25.714010000000002
vertex 14.000303333333335 -24.24979666666667 21.292308333333335
vertex 14.000303333333335 -24.24979666666667 21.334973333333334
endloop
endfacet
facet normal -1 0 0
outer loop
vertex 14.000303333333335 -24.219498333333334 25.714010000000002
vertex 14.000303333333335 -24.24979666666667 21.334973333333334
vertex 14.000303333333335 -24.24979666666667 21.38073
endloop
endfacet
facet normal -1 0 0
outer loop
vertex 14.000303333333335 -24.219498333333334 25.714010000000002
vertex 14.000303333333335 -24.24979666666667 21.38073
vertex 14.000303333333335 -24.24979666666667 21.42896
endloop
endfacet
facet normal -1 0 0
outer loop
vertex 14.000303333333335 -24.219498333333334 25.714010000000002
vertex 14.000303333333335 -24.24979666666667 21.42896
vertex 14.000303333333335 -24.24979666666667 21.480281666666666
endloop
endfacet
facet normal -1 0 0
outer loop
vertex 14.000303333333335 -24.219498333333334 25.714010000000002
vertex 14.000303333333335 -24.24979666666667 21.480281666666666
vertex 14.000303333333335 -24.24979666666667 21.534076666666667
endloop
endfacet
facet normal -1 0 0
outer loop
vertex 14.000303333333335 -24.219498333333334 25.714010000000002
vertex 14.000303333333335 -24.24979666666667 21.534076666666667
vertex 14.000303333333335 -24.24979666666667 21.590345000000003
endloop
endfacet
facet normal -1 0 0
outer loop
vertex 14.000303333333335 -24.219498333333334 25.714010000000002
vertex 14.000303333333335 -24.24979666666667 21.590345000000003
vertex 14.000303333333335 -24.24979666666667 21.649705
endloop
endfacet
facet normal -1 0 0
outer loop
vertex 14.000303333333335 -24.219498333333334 25.714010000000002
vertex 14.000303333333335 -24.24979666666667 21.649705
vertex 14.000303333333335 -24.24979666666667 21.711538333333333
endloop
endfacet
facet normal -1 0 0
outer loop
vertex 14.000303333333335 -24.219498333333334 25.714010000000002
vertex 14.000303333333335 -24.24979666666667 21.711538333333333
vertex 14.000303333333335 -24.24979666666667 21.775845
endloop
endfacet
facet normal -1 0 0
outer loop
vertex 14.000303333333335 -24.219498333333334 25.714010000000002
vertex 14.000303333333335 -24.24979666666667 21.775845
vertex 14.000303333333335 -24.24979666666667 21.842625
endloop
endfacet
facet normal -1 0 0
outer loop
vertex 14.000303333333335 -24.219498333333334 25.714010000000002
vertex 14.000303333333335 -24.24979666666667 21.842625
vertex 14.000303333333335 -24.24979666666667 21.911878333333334
endloop
endfacet
facet normal -1 0 0
outer loop
vertex 14.000303333333335 -24.219498333333334 25.714010000000002
vertex 14.000303333333335 -24.24979666666667 21.911878333333334
vertex 14.000303333333335 -24.24979666666667 21.984223333333336
endloop
endfacet
facet normal -1 0 0
outer loop
vertex 14.000303333333335 -24.219498333333334 25.714010000000002
vertex 14.000303333333335 -24.24979666666667 21.984223333333336
vertex 14.000303333333335 -24.24979666666667 22.058423333333334
endloop
endfacet
facet normal -1 0 0
outer loop
vertex 14.000303333333335 -24.219498333333334 25.714010000000002
vertex 14.000303333333335 -24.24979666666667 22.058423333333334
vertex 14.000303333333335 -24.24979666666667 22.13509666666667
endloop
endfacet
facet normal -1 0 0
outer loop
vertex 14.000303333333335 -24.219498333333334 25.714010000000002
vertex 14.000303333333335 -24.24979666666667 22.13509666666667
vertex 14.000303333333335 -24.24979666666667 22.214243333333336
endloop
endfacet
facet normal -1 0 0
outer loop
vertex 14.000303333333335 -24.219498333333334 25.714010000000002
vertex 14.000303333333335 -24.24979666666667 22.214243333333336
vertex 14.000303333333335 -24.24979666666667 22.295245
endloop
endfacet
facet normal -1 0 0
outer loop
vertex 14.000303333333335 -24.219498333333334 25.714010000000002
vertex 14.000303333333335 -24.24979666666667 22.295245
vertex 14.000303333333335 -24.24979666666667 22.37872
endloop
endfacet
facet normal -1 0 0
outer loop
vertex 14.000303333333335 -24.219498333333334 25.714010000000002
vertex 14.000303333333335 -24.24979666666667 22.37872
vertex 14.000303333333335 -24.24979666666667 22.464668333333336
endloop
endfacet
facet normal -1 0 0
outer loop
vertex 14.000303333333335 -24.219498333333334 25.714010000000002
vertex 14.000303333333335 -24.24979666666667 22.464668333333336
vertex 14.000303333333335 -24.24979666666667 22.55247166666667
endloop
endfacet
facet normal -1 0 0
outer loop
vertex 14.000303333333335 -24.219498333333334 25.714010000000002
vertex 14.000303333333335 -24.24979666666667 22.55247166666667
vertex 14.000303333333335 -24.24979666666667 22.64213
endloop
endfacet
facet normal -1 0 0
outer loop
vertex 14.000303333333335 -24.219498333333334 25.714010000000002
vertex 14.000303333333335 -24.24979666666667 22.64213
vertex 14.000303333333335 -24.24979666666667 22.73426166666667
endloop
endfacet
facet normal -1 0 0
outer loop
vertex 14.000303333333335 -24.219498333333334 25.714010000000002
vertex 14.000303333333335 -24.24979666666667 22.73426166666667
vertex 14.000303333333335 -24.24979666666667 22.828248333333335
endloop
endfacet
facet normal -1 0 0
outer loop
vertex 14.000303333333335 -24.219498333333334 25.714010000000002
vertex 14.000303333333335 -24.24979666666667 22.828248333333335
vertex 14.000303333333335 -24.24979666666667 22.92409
endloop
endfacet
facet normal -1 0 0
outer loop
vertex 14.000303333333335 -24.219498333333334 25.714010000000002
vertex 14.000303333333335 -24.24979666666667 22.92409
vertex 14.000303333333335 -24.24979666666667 23.021786666666667
endloop
endfacet
facet normal -1 0 0
outer loop
vertex 14.000303333333335 -24.219498333333334 25.714010000000002
vertex 14.000303333333335 -24.24979666666667 23.021786666666667
vertex 14.000303333333335 -24.24979666666667 23.120720000000002
endloop
endfacet
facet normal -1 0 0
outer loop
vertex 14.000303333333335 -24.219498333333334 25.714010000000002
vertex 14.000303333333335 -24.24979666666667 23.120720000000002
vertex 14.000303333333335 -24.24979666666667 23.222126666666668
endloop
endfacet
facet normal -0.9999999999999999 0 0
outer loop
vertex 14.000303333333335 -24.219498333333334 25.714010000000002
vertex 14.000303333333335 -24.24979666666667 23.222126666666668
vertex 14.000303333333335 -24.24979666666667 23.32477
endloop
endfacet
facet normal -1 0 0
outer loop
vertex 14.000303333333335 -24.219498333333334 25.714010000000002
vertex 14.000303333333335 -24.24979666666667 23.32477
vertex 14.000303333333335 -24.24979666666667 23.429268333333333
endloop
endfacet
facet normal -1 0 0
outer loop
vertex 14.000303333333335 -24.219498333333334 25.714010000000002
vertex 14.000303333333335 -24.24979666666667 23.429268333333333
vertex 14.000303333333335 -24.24979666666667 23.535621666666668
endloop
endfacet
facet normal -1 0 0
outer loop
vertex 14.000303333333335 -24.219498333333334 25.714010000000002
vertex 14.000303333333335 -24.24979666666667 23.535621666666668
vertex 14.000303333333335 -24.24979666666667 23.64321166666667
endloop
endfacet
facet normal -0.9999999999999999 0 0
outer loop
vertex 14.000303333333335 -24.219498333333334 25.714010000000002
vertex 14.000303333333335 -24.24979666666667 23.64321166666667
vertex 14.000303333333335 -24.24979666666667 23.752038333333335
endloop
endfacet
facet normal -0.9999999999999999 0 0
outer loop
vertex 14.000303333333335 -24.219498333333334 25.714010000000002
vertex 14.000303333333335 -24.24979666666667 23.752038333333335
vertex 14.000303333333335 -24.24979666666667 23.862101666666668
endloop
endfacet
facet normal -1 0 0
outer loop
vertex 14.000303333333335 -24.219498333333334 25.714010000000002
vertex 14.000303333333335 -24.24979666666667 23.862101666666668
vertex 14.000303333333335 -24.24979666666667 23.974020000000003
endloop
endfacet
facet normal -1 0 0
outer loop
vertex 14.000303333333335 -24.219498333333334 25.714010000000002
vertex 14.000303333333335 -24.24979666666667 23.974020000000003
vertex 14.000303333333335 -24.24979666666667 24.086556666666667
endloop
endfacet
facet normal -0.9999999999999999 0 0
outer loop
vertex 14.000303333333335 -24.219498333333334 25.714010000000002
vertex 14.000303333333335 -24.24979666666667 24.086556666666667
vertex 14.000303333333335 -24.24979666666667 24.20033
endloop
endfacet
facet normal -1 0 0
outer loop
vertex 14.000303333333335 -24.219498333333334 25.714010000000002
vertex 14.000303333333335 -24.24979666666667 24.20033
vertex 14.000303333333335 -24.24979666666667 24.315340000000003
endloop
endfacet
facet normal -1 0 0
outer loop
vertex 14.000303333333335 -24.219498333333334 25.714010000000002
vertex 14.000303333333335 -24.24979666666667 24.315340000000003
vertex 14.000303333333335 -24.24979666666667 24.431586666666668
endloop
endfacet
facet normal -1 0 0
outer loop
vertex 14.000303333333335 -24.219498333333334 25.714010000000002
vertex 14.000303333333335 -24.24979666666667 24.431586666666668
vertex 14.000303333333335 -24.24979666666667 24.54845166666667
endloop
endfacet
facet normal -1 0 0
outer loop
vertex 14.000303333333335 -24.219498333333334 25.714010000000002
vertex 14.000303333333335 -24.24979666666667 24.54845166666667
vertex 14.000303333333335 -24.24979666666667 24.666553333333333
endloop
endfacet
facet normal -1 0 0
outer loop
vertex 14.000303333333335 -24.219498333333334 25.714010000000002
vertex 14.000303333333335 -24.24979666666667 24.666553333333333
vertex 14.000303333333335 -24.24979666666667 24.785273333333336
endloop
endfacet
facet normal -1 0 0
outer loop
vertex 14.000303333333335 -24.219498333333334 25.714010000000002
vertex 14.000303333333335 -24.24979666666667 24.785273333333336
vertex 14.000303333333335 -24.24979666666667 24.904611666666668
endloop
endfacet
facet normal -1 0 0
outer loop
vertex 14.000303333333335 -24.219498333333334 25.714010000000002
vertex 14.000303333333335 -24.24979666666667 24.904611666666668
vertex 14.000303333333335 -24.24979666666667 25.024568333333335
endloop
endfacet
facet normal -1 0 0
outer loop
vertex 14.000303333333335 -24.219498333333334 25.714010000000002
vertex 14.000303333333335 -24.24979666666667 25.024568333333335
vertex 14.000303333333335 -24.24979666666667 25.145143333333333
endloop
endfacet
facet normal -1 0 0
outer loop
vertex 14.000303333333335 -24.219498333333334 25.714010000000002
vertex 14.000303333333335 -24.24979666666667 25.145143333333333
vertex 14.000303333333335 -24.24979666666667 25.266336666666668
endloop
endfacet
facet normal -1 0 0
outer loop
vertex 14.000303333333335 -24.219498333333334 25.714010000000002
vertex 14.000303333333335 -24.24979666666667 25.266336666666668
vertex 14.000303333333335 -24.24979666666667 25.388148333333334
endloop
endfacet
facet normal -1 0 0
outer loop
vertex 14.000303333333335 -24.219498333333334 25.714010000000002
vertex 14.000303333333335 -24.24979666666667 25.388148333333334
vertex 14.000303333333335 -24.24979666666667 25.509960000000003
endloop
endfacet
facet normal -1 0 0
outer loop
vertex 14.000303333333335 -24.219498333333334 25.714010000000002
vertex 14.000303333333335 -24.24979666666667 25.509960000000003
vertex 14.000303333333335 -24.24979666666667 25.63239
endloop
endfacet
facet normal -1 0 0
outer loop
vertex 14.000303333333335 -24.219498333333334 25.714010000000002
vertex 14.000303333333335 -24.24979666666667 25.63239
vertex 14.000303333333335 -24.24979666666667 25.754820000000002
endloop
endfacet
facet normal -1 0 0
outer loop
vertex 14.000303333333335 -24.219498333333334 25.714010000000002
vertex 14.000303333333335 -24.24979666666667 25.754820000000002
vertex 14.000303333333335 -24.24979666666667 25.87725
endloop
endfacet
facet normal -0.9999999999999999 0 0
outer loop
vertex 14.000303333333335 -24.219498333333334 25.714010000000002
vertex 14.000303333333335 -24.24979666666667 25.87725
vertex 14.000303333333335 -24.24979666666667 26.000298333333333
endloop
endfacet
facet normal -0.9999999999999999 0 0
outer loop
vertex 14.000303333333335 -24.219498333333334 25.714010000000002
vertex 14.000303333333335 -24.24979666666667 26.000298333333333
vertex 14.000303333333335 -24.24979666666667 26.122728333333335
endloop
endfacet
facet normal -1 0 0
outer loop
vertex 14.000303333333335 -24.219498333333334 25.714010000000002
vertex 14.000303333333335 -24.24979666666667 26.122728333333335
vertex 14.000303333333335 -24.24979666666667 26.245158333333336
endloop
endfacet
facet normal -1 0 0
outer loop
vertex 14.000303333333335 -24.219498333333334 25.714010000000002
vertex 14.000303333333335 -24.24979666666667 26.245158333333336
vertex 14.000303333333335 -24.24979666666667 26.367588333333334
endloop
endfacet
facet normal -1 0 0
outer loop
vertex 14.000303333333335 -24.219498333333334 25.714010000000002
vertex 14.000303333333335 -24.24979666666667 26.367588333333334
vertex 14.000303333333335 -24.24979666666667 26.490018333333335
endloop
endfacet
facet normal -1 0 0
outer loop
vertex 14.000303333333335 -24.219498333333334 25.714010000000002
vertex 14.000303333333335 -24.24979666666667 26.490018333333335
vertex 14.000303333333335 -24.24979666666667 26.61183
endloop
endfacet
facet normal -1 0 0
outer loop
vertex 14.000303333333335 -24.219498333333334 25.714010000000002
vertex 14.000303333333335 -24.24979666666667 26.61183
vertex 14.000303333333335 -24.24979666666667 26.733641666666667
endloop
endfacet
facet normal -1 0 0
outer loop
vertex 14.000303333333335 -24.219498333333334 25.714010000000002
vertex 14.000303333333335 -24.24979666666667 26.733641666666667
vertex 14.000303333333335 -24.24979666666667 26.854835
endloop
endfacet
facet normal -0.9999999999999999 0 0
outer loop
vertex 14.000303333333335 -24.219498333333334 25.714010000000002
vertex 14.000303333333335 -24.24979666666667 26.854835
vertex 14.000303333333335 -24.24979666666667 26.97541
endloop
endfacet
facet normal -1 0 0
outer loop
vertex 14.000303333333335 -24.219498333333334 25.714010000000002
vertex 14.000303333333335 -24.24979666666667 26.97541
vertex 14.000303333333335 -24.24979666666667 27.095366666666667
endloop
endfacet
facet normal -1 0 0
outer loop
vertex 14.000303333333335 -24.219498333333334 25.714010000000002
vertex 14.000303333333335 -24.24979666666667 27.095366666666667
vertex 14.000303333333335 -24.24979666666667 27.214705000000002
endloop
endfacet
facet normal -1 0 0
outer loop
vertex 14.000303333333335 -24.219498333333334 25.714010000000002
vertex 14.000303333333335 -24.24979666666667 27.214705000000002
vertex 14.000303333333335 -24.24979666666667 27.333425000000002
endloop
endfacet
facet normal -1 0 0
outer loop
vertex 14.000303333333335 -24.219498333333334 25.714010000000002
vertex 14.000303333333335 -24.24979666666667 27.333425000000002
vertex 14.000303333333335 -24.24979666666667 27.45152666666667
endloop
endfacet
facet normal -1 0 0
outer loop
vertex 14.000303333333335 -24.219498333333334 25.714010000000002
vertex 14.000303333333335 -24.24979666666667 27.45152666666667
vertex 14.000303333333335 -24.24979666666667 27.568391666666667
endloop
endfacet
facet normal -1 0 0
outer loop
vertex 14.000303333333335 -24.219498333333334 25.714010000000002
vertex 14.000303333333335 -24.24979666666667 27.568391666666667
vertex 14.000303333333335 -24.24979666666667 27.684638333333336
endloop
endfacet
facet normal -1 0 0
outer loop
vertex 14.000303333333335 -24.219498333333334 25.714010000000002
vertex 14.000303333333335 -24.24979666666667 27.684638333333336
vertex 14.000303333333335 -24.24979666666667 27.799648333333334
endloop
endfacet
facet normal -0.9999999999999999 0 0
outer loop
vertex 14.000303333333335 -24.219498333333334 25.714010000000002
vertex 14.000303333333335 -24.24979666666667 27.799648333333334
vertex 14.000303333333335 -24.24979666666667 27.913421666666668
endloop
endfacet
facet normal -1 0 0
outer loop
vertex 14.000303333333335 -24.219498333333334 25.714010000000002
vertex 14.000303333333335 -24.24979666666667 27.913421666666668
vertex 14.000303333333335 -24.24979666666667 28.025958333333335
endloop
endfacet
facet normal -0.9999999999999999 0 0
outer loop
vertex 14.000303333333335 -24.219498333333334 25.714010000000002
vertex 14.000303333333335 -24.24979666666667 28.025958333333335
vertex 14.000303333333335 -24.24979666666667 28.137876666666667
endloop
endfacet
facet normal -0.9999999999999999 0 0
outer loop
vertex 14.000303333333335 -24.219498333333334 25.714010000000002
vertex 14.000303333333335 -24.24979666666667 28.137876666666667
vertex 14.000303333333335 -24.24979666666667 28.24794
endloop
endfacet
facet normal -1 0 0
outer loop
vertex 14.000303333333335 -24.219498333333334 25.714010000000002
vertex 14.000303333333335 -24.24979666666667 28.24794
vertex 14.000303333333335 -24.24979666666667 28.35676666666667
endloop
endfacet
facet normal -1 0 0
outer loop
vertex 14.000303333333335 -24.219498333333334 25.714010000000002
vertex 14.000303333333335 -24.24979666666667 28.35676666666667
vertex 14.000303333333335 -24.24979666666667 28.464356666666667
endloop
endfacet
facet normal -1 0 0
outer loop
vertex 14.000303333333335 -24.219498333333334 25.714010000000002
vertex 14.000303333333335 -24.24979666666667 28.464356666666667
vertex 14.000303333333335 -24.24979666666667 28.570710000000002
endloop
endfacet
facet normal -1 0 0
outer loop
vertex 14.000303333333335 -24.219498333333334 25.714010000000002
vertex 14.000303333333335 -24.24979666666667 28.570710000000002
vertex 14.000303333333335 -24.24979666666667 28.675208333333334
endloop
endfacet
facet normal -0.9999999999999999 0 0
outer loop
vertex 14.000303333333335 -24.219498333333334 25.714010000000002
vertex 14.000303333333335 -24.24979666666667 28.675208333333334
vertex 14.000303333333335 -24.24979666666667 28.777851666666667
endloop
endfacet
facet normal -1 0 0
outer loop
vertex 14.000303333333335 -24.219498333333334 25.714010000000002
vertex 14.000303333333335 -24.24979666666667 28.777851666666667
vertex 14.000303333333335 -24.24979666666667 28.879258333333336
endloop
endfacet
facet normal -0.9999999999999999 0 0
outer loop
vertex 14.000303333333335 -24.219498333333334 25.714010000000002
vertex 14.000303333333335 -24.24979666666667 28.879258333333336
vertex 14.000303333333335 -24.24979666666667 28.978191666666667
endloop
endfacet
facet normal -1 0 0
outer loop
vertex 14.000303333333335 -24.219498333333334 25.714010000000002
vertex 14.000303333333335 -24.24979666666667 28.978191666666667
vertex 14.000303333333335 -24.24979666666667 29.075888333333335
endloop
endfacet
facet normal -1 0 0
outer loop
vertex 14.000303333333335 -24.219498333333334 25.714010000000002
vertex 14.000303333333335 -24.24979666666667 29.075888333333335
vertex 14.000303333333335 -24.24979666666667 29.17173
endloop
endfacet
facet normal -1 0 0
outer loop
vertex 14.000303333333335 -24.219498333333334 25.714010000000002
vertex 14.000303333333335 -24.24979666666667 29.17173
vertex 14.000303333333335 -24.24979666666667 29.26571666666667
endloop
endfacet
facet normal -1 0 0
outer loop
vertex 14.000303333333335 -24.219498333333334 25.714010000000002
vertex 14.000303333333335 -24.24979666666667 29.26571666666667
vertex 14.000303333333335 -24.24979666666667 29.357848333333333
endloop
endfacet
facet normal -1 0 0
outer loop
vertex 14.000303333333335 -24.219498333333334 25.714010000000002
vertex 14.000303333333335 -24.24979666666667 29.357848333333333
vertex 14.000303333333335 -24.24979666666667 29.44750666666667
endloop
endfacet
facet normal -1 0 0
outer loop
vertex 14.000303333333335 -24.219498333333334 25.714010000000002
vertex 14.000303333333335 -24.24979666666667 29.44750666666667
vertex 14.000303333333335 -24.24979666666667 29.535310000000003
endloop
endfacet
facet normal -1 0 0
outer loop
vertex 14.000303333333335 -24.219498333333334 25.714010000000002
vertex 14.000303333333335 -24.24979666666667 29.535310000000003
vertex 14.000303333333335 -24.24979666666667 29.621258333333333
endloop
endfacet
facet normal -1 0 0
outer loop
vertex 14.000303333333335 -24.219498333333334 25.714010000000002
vertex 14.000303333333335 -24.24979666666667 29.621258333333333
vertex 14.000303333333335 -24.24979666666667 29.704733333333333
endloop
endfacet
facet normal -0.9999999999999999 0 0
outer loop
vertex 14.000303333333335 -24.219498333333334 25.714010000000002
vertex 14.000303333333335 -24.24979666666667 29.704733333333333
vertex 14.000303333333335 -24.24979666666667 29.786353333333334
endloop
endfacet
facet normal -1 0 0
outer loop
vertex 14.000303333333335 -24.219498333333334 25.714010000000002
vertex 14.000303333333335 -24.24979666666667 29.786353333333334
vertex 14.000303333333335 -24.24979666666667 29.86488166666667
endloop
endfacet
facet normal -1 0 0
outer loop
vertex 14.000303333333335 -24.219498333333334 25.714010000000002
vertex 14.000303333333335 -24.24979666666667 29.86488166666667
vertex 14.000303333333335 -24.24979666666667 29.941555
endloop
endfacet
facet normal -1 0 0
outer loop
vertex 14.000303333333335 -24.219498333333334 25.714010000000002
vertex 14.000303333333335 -24.24979666666667 29.941555
vertex 14.000303333333335 -24.24979666666667 30.015755000000002
endloop
endfacet
facet normal -1 0 0
outer loop
vertex 14.000303333333335 -24.219498333333334 25.714010000000002
vertex 14.000303333333335 -24.24979666666667 30.015755000000002
vertex 14.000303333333335 -24.24979666666667 30.0881
endloop
endfacet
facet normal -1 0 0
outer loop
vertex 14.000303333333335 -24.219498333333334 25.714010000000002
vertex 14.000303333333335 -24.24979666666667 30.0881
vertex 14.000303333333335 -24.24979666666667 30.157353333333337
endloop
endfacet
facet normal -1 0 0
outer loop
vertex 14.000303333333335 -24.219498333333334 25.714010000000002
vertex 14.000303333333335 -24.24979666666667 30.157353333333337
vertex 14.000303333333335 -24.24979666666667 30.224133333333334
endloop
endfacet
facet normal -1 0 0
outer loop
vertex 14.000303333333335 -24.219498333333334 25.714010000000002
vertex 14.000303333333335 -24.24979666666667 30.224133333333334
vertex 14.000303333333335 -24.24979666666667 30.28844
endloop
endfacet
facet normal -1 0 0
outer loop
vertex 14.000303333333335 -24.219498333333334 25.714010000000002
vertex 14.000303333333335 -24.24979666666667 30.28844
vertex 14.000303333333335 -24.24979666666667 30.350273333333334
endloop
endfacet
facet normal -1 0 0
outer loop
vertex 14.000303333333335 -24.219498333333334 25.714010000000002
vertex 14.000303333333335 -24.24979666666667 30.350273333333334
vertex 14.000303333333335 -24.24979666666667 30.409633333333336
endloop
endfacet
facet normal -1 0 0
outer loop
vertex 14.000303333333335 -24.219498333333334 25.714010000000002
vertex 14.000303333333335 -24.24979666666667 30.409633333333336
vertex 14.000303333333335 -24.24979666666667 30.465901666666667
endloop
endfacet
facet normal -1 0 0
outer loop
vertex 14.000303333333335 -24.219498333333334 25.714010000000002
vertex 14.000303333333335 -24.24979666666667 30.465901666666667
vertex 14.000303333333335 -24.24979666666667 30.51969666666667
endloop
endfacet
facet normal -1 0 0
outer loop
vertex 14.000303333333335 -24.219498333333334 25.714010000000002
vertex 14.000303333333335 -24.24979666666667 30.51969666666667
vertex 14.000303333333335 -24.24979666666667 30.571018333333335
endloop
endfacet
facet normal -1 0 0
outer loop
vertex 14.000303333333335 -24.219498333333334 25.714010000000002
vertex 14.000303333333335 -24.24979666666667 30.571018333333335
vertex 14.000303333333335 -24.24979666666667 30.619248333333335
endloop
endfacet
facet normal -1 0 0
outer loop
vertex 14.000303333333335 -24.219498333333334 25.714010000000002
vertex 14.000303333333335 -24.24979666666667 30.619248333333335
vertex 14.000303333333335 -24.24979666666667 30.665005
endloop
endfacet
facet normal -1 0 0
outer loop
vertex 14.000303333333335 -24.219498333333334 25.714010000000002
vertex 14.000303333333335 -24.24979666666667 30.665005
vertex 14.000303333333335 -24.24979666666667 30.70767
endloop
endfacet
facet normal -1 0 0
outer loop
vertex 14.000303333333335 -24.219498333333334 25.714010000000002
vertex 14.000303333333335 -24.24979666666667 30.70767
vertex 14.000303333333335 -24.24979666666667 30.74786166666667
endloop
endfacet
facet normal -1 0 0
outer loop
vertex 14.000303333333335 -24.219498333333334 25.714010000000002
vertex 14.000303333333335 -24.24979666666667 30.74786166666667
vertex 14.000303333333335 -24.24979666666667 30.784961666666668
endloop
endfacet
facet normal -1 0 0
outer loop
vertex 14.000303333333335 -24.219498333333334 25.714010000000002
vertex 14.000303333333335 -24.24979666666667 30.784961666666668
vertex 14.000303333333335 -24.24979666666667 30.81897
endloop
endfacet
facet normal -0.9999999999999999 0 0
outer loop
vertex 14.000303333333335 -24.219498333333334 25.714010000000002
vertex 14.000303333333335 -24.24979666666667 30.81897
vertex 14.000303333333335 -24.24979666666667 30.84988666666667
endloop
endfacet
facet normal -1 0 0
outer loop
vertex 14.000303333333335 -24.219498333333334 25.714010000000002
vertex 14.000303333333335 -24.24979666666667 30.84988666666667
vertex 14.000303333333335 -24.24979666666667 30.878330000000002
endloop
endfacet
facet normal -1 0 0
outer loop
vertex 14.000303333333335 -24.219498333333334 25.714010000000002
vertex 14.000303333333335 -24.24979666666667 30.878330000000002
vertex 14.000303333333335 -24.24979666666667 30.903681666666667
endloop
endfacet
facet normal -0.9999999999999999 0 0
outer loop
vertex 14.000303333333335 -24.219498333333334 25.714010000000002
vertex 14.000303333333335 -24.24979666666667 30.903681666666667
vertex 14.000303333333335 -24.24979666666667 30.926560000000002
endloop
endfacet
facet normal -1 0 0
outer loop
vertex 14.000303333333335 -24.219498333333334 25.714010000000002
vertex 14.000303333333335 -24.24979666666667 30.926560000000002
vertex 14.000303333333335 -24.24979666666667 30.945728333333335
endloop
endfacet
facet normal -1 0 0
outer loop
vertex 14.000303333333335 -24.219498333333334 25.714010000000002
vertex 14.000303333333335 -24.24979666666667 30.945728333333335
vertex 14.000303333333335 -24.24979666666667 30.962423333333334
endloop
endfacet
facet normal -1 0 0
outer loop
vertex 14.000303333333335 -24.219498333333334 25.714010000000002
vertex 14.000303333333335 -24.24979666666667 30.962423333333334
vertex 14.000303333333335 -24.24979666666667 30.97602666666667
endloop
endfacet
facet normal -1 0 0
outer loop
vertex 14.000303333333335 -24.219498333333334 25.714010000000002
vertex 14.000303333333335 -24.24979666666667 30.97602666666667
vertex 14.000303333333335 -24.24979666666667 30.986538333333336
endloop
endfacet
facet normal -1 0 0
outer loop
vertex 14.000303333333335 -24.219498333333334 25.714010000000002
vertex 14.000303333333335 -24.24979666666667 30.986538333333336
vertex 14.000303333333335 -24.24979666666667 30.993958333333335
endloop
endfacet
facet normal -1 0 0
outer loop
vertex 14.000303333333335 -24.219498333333334 25.714010000000002
vertex 14.000303333333335 -24.24979666666667 30.993958333333335
vertex 14.000303333333335 -24.24979666666667 30.99828666666667
endloop
endfacet
facet normal -1 0 0
outer loop
vertex 14.000303333333335 -24.219498333333334 25.714010000000002
vertex 14.000303333333335 -24.24979666666667 30.99828666666667
vertex 14.000303333333335 -24.24979666666667 31.000141666666668
endloop
endfacet
facet normal -1 0 0
outer loop
vertex 14.000303333333335 -24.219498333333334 25.714010000000002
vertex 14.000303333333335 -24.24979666666667 31.000141666666668
vertex 14.000303333333335 -24.24979666666667 32.999831666666665
endloop
endfacet
facet normal -1 0 0
outer loop
vertex 14.000303333333335 -24.219498333333334 25.714010000000002
vertex 14.000303333333335 -24.24979666666667 32.999831666666665
vertex 14.000303333333335 -22.250106666666667 32.999831666666665
endloop
endfacet
facet normal -1 0 0
outer loop
vertex 14.000303333333335 12.949755000000001 32.999831666666665
vertex 14.000303333333335 12.949755000000001 0
vertex 14.000303333333335 10.950065 0
endloop
endfacet
facet normal -1 0 0
outer loop
vertex 14.000303333333335 12.949755000000001 32.999831666666665
vertex 14.000303333333335 10.950065 0
vertex 14.000303333333335 10.950065 32.999831666666665
endloop
endfacet
facet normal 1 0 0
outer loop
vertex 15.999993333333334 12.149631666666668 13.999685000000001
vertex 15.999993333333334 10.950065 32.999831666666665
vertex 15.999993333333334 10.950065 0
endloop
endfacet
facet normal 1 0 0
outer loop
vertex 15.999993333333334 12.149631666666668 13.999685000000001
vertex 15.999993333333334 10.950065 0
vertex 15.999993333333334 12.949755000000001 0
endloop
endfacet
facet normal 1 0 0
outer loop
vertex 15.999993333333334 12.149631666666668 13.999685000000001
vertex 15.999993333333334 12.949755000000001 0
vertex 15.999993333333334 12.949755000000001 3.9999983333333335
endloop
endfacet
facet normal 1 0 0
outer loop
vertex 15.999993333333334 12.149631666666668 13.999685000000001
vertex 15.999993333333334 12.949755000000001 3.9999983333333335
vertex 15.999993333333334 12.949755000000001 32.999831666666665
endloop
endfacet
facet normal 1 0 0
outer loop
vertex 15.999993333333334 12.149631666666668 13.999685000000001
vertex 15.999993333333334 12.949755000000001 32.999831666666665
vertex 15.999993333333334 10.950065 32.999831666666665
endloop
endfacet
facet normal 1 0 0
outer loop
vertex 15.999993333333334 -23.449673333333333 13.999685000000001
vertex 15.999993333333334 -24.24979666666667 32.999831666666665
vertex 15.999993333333334 -24.24979666666667 3.9999983333333335
endloop
endfacet
facet normal 1 0 0
outer loop
vertex 15.999993333333334 -23.449673333333333 13.999685000000001
vertex 15.999993333333334 -24.24979666666667 3.9999983333333335
vertex 15.999993333333334 -24.24979666666667 0
endloop
endfacet
facet normal 1 0 0
outer loop
vertex 15.999993333333334 -23.449673333333333 13.999685000000001
vertex 15.999993333333334 -24.24979666666667 0
vertex 15.999993333333334 -22.250106666666667 0
endloop
endfacet
facet normal 0.9999999999999999 0 0
outer loop
vertex 15.999993333333334 -23.449673333333333 13.999685000000001
vertex 15.999993333333334 -22.250106666666667 0
vertex 15.999993333333334 -22.250106666666667 32.999831666666665
endloop
endfacet
facet normal 1 0 0
outer loop
vertex 15.999993333333334 -23.449673333333333 13.999685000000001
vertex 15.999993333333334 -22.250106666666667 32.999831666666665
vertex 15.999993333333334 -24.24979666666667 32.999831666666665
endloop
endfacet
facet normal 1 0 0
outer loop
vertex -43.99998166666667 1.8834433333333334 32.999831666666665
vertex -43.99998166666667 1.8834433333333334 3.9999983333333335
vertex -43.99998166666667 12.949755000000001 3.9999983333333335
endloop
endfacet
facet normal 1 0 0
outer loop
vertex -43.99998166666667 1.8834433333333334 32.999831666666665
vertex -43.99998166666667 12.949755000000001 3.9999983333333335
vertex -43.99998166666667 12.949755000000001 32.999831666666665
endloop
endfacet
facet normal 1 0 0
outer loop
vertex -43.99998166666667 -11.183176666666668 32.999831666666665
vertex -43.99998166666667 -11.183176666666668 3.9999983333333335
vertex -43.99998166666667 -0.11686500000000001 3.9999983333333335
endloop
endfacet
facet normal 1 0 0
outer loop
vertex -43.99998166666667 -11.183176666666668 32.999831666666665
vertex -43.99998166666667 -0.11686500000000001 3.9999983333333335
vertex -43.99998166666667 -0.11686500000000001 32.999831666666665
endloop
endfacet
facet normal 1 0 0
outer loop
vertex -43.99998166666667 -24.24979666666667 32.999831666666665
vertex -43.99998166666667 -24.24979666666667 3.9999983333333335
vertex -43.99998166666667 -13.183485000000001 3.9999983333333335
endloop
endfacet
facet normal 1 0 0
outer loop
vertex -43.99998166666667 -24.24979666666667 32.999831666666665
vertex -43.99998166666667 -13.183485000000001 3.9999983333333335
vertex -43.99998166666667 -13.183485000000001 32.999831666666665
endloop
endfacet
facet normal -1 0 0
outer loop
vertex 43.99998166666667 -13.183485000000001 32.999831666666665
vertex 43.99998166666667 -13.183485000000001 3.9999983333333335
vertex 43.99998166666667 -24.24979666666667 3.9999983333333335
endloop
endfacet
facet normal -1 0 0
outer loop
vertex 43.99998166666667 -13.183485000000001 32.999831666666665
vertex 43.99998166666667 -24.24979666666667 3.9999983333333335
vertex 43.99998166666667 -24.24979666666667 32.999831666666665
endloop
endfacet
facet normal -1 0 0
outer loop
vertex 43.99998166666667 -0.11686500000000001 32.999831666666665
vertex 43.99998166666667 -0.11686500000000001 3.9999983333333335
vertex 43.99998166666667 -11.183176666666668 3.9999983333333335
endloop
endfacet
facet normal -1 0 0
outer loop
vertex 43.99998166666667 -0.11686500000000001 32.999831666666665
vertex 43.99998166666667 -11.183176666666668 3.9999983333333335
vertex 43.99998166666667 -11.183176666666668 32.999831666666665
endloop
endfacet
facet normal -1 0 0
outer loop
vertex 43.99998166666667 12.949755000000001 32.999831666666665
vertex 43.99998166666667 12.949755000000001 3.9999983333333335
vertex 43.99998166666667 1.8834433333333334 3.9999983333333335
endloop
endfacet
facet normal -1 0 0
outer loop
vertex 43.99998166666667 12.949755000000001 32.999831666666665
vertex 43.99998166666667 1.8834433333333334 3.9999983333333335
vertex 43.99998166666667 1.8834433333333334 32.999831666666665
endloop
endfacet
facet normal 0 0 1
outer loop
vertex 34.80041833333333 6.310091666666667 3.9999983333333335
vertex 22.000300000000003 12.949755000000001 3.9999983333333335
vertex 22.000300000000003 1.8834433333333334 3.9999983333333335
endloop
endfacet
facet normal 0 0 1
outer loop
vertex 34.80041833333333 6.310091666666667 3.9999983333333335
vertex 22.000300000000003 1.8834433333333334 3.9999983333333335
vertex 42.00029166666667 1.8834433333333334 3.9999983333333335
endloop
endfacet
facet normal 0 0 1
outer loop
vertex 34.80041833333333 6.310091666666667 3.9999983333333335
vertex 42.00029166666667 1.8834433333333334 3.9999983333333335
vertex 43.99998166666667 1.8834433333333334 3.9999983333333335
endloop
endfacet
facet normal 0 0 1
outer loop
vertex 34.80041833333333 6.310091666666667 3.9999983333333335
vertex 43.99998166666667 1.8834433333333334 3.9999983333333335
vertex 43.99998166666667 12.949755000000001 3.9999983333333335
endloop
endfacet
facet normal 0 0 1
outer loop
vertex 34.80041833333333 6.310091666666667 3.9999983333333335
vertex 43.99998166666667 12.949755000000001 3.9999983333333335
vertex 22.000300000000003 12.949755000000001 3.9999983333333335
endloop
endfacet
facet normal 0 0 1
outer loop
vertex -34.80041833333333 6.310091666666667 3.9999983333333335
vertex -43.99998166666667 12.949755000000001 3.9999983333333335
vertex -43.99998166666667 1.8834433333333334 3.9999983333333335
endloop
endfacet
facet normal 0 0 1
outer loop
vertex -34.80041833333333 6.310091666666667 3.9999983333333335
vertex -43.99998166666667 1.8834433333333334 3.9999983333333335
vertex -42.00029166666667 1.8834433333333334 3.9999983333333335
endloop
endfacet
facet normal 0 0 1
outer loop
vertex -34.80041833333333 6.310091666666667 3.9999983333333335
vertex -42.00029166666667 1.8834433333333334 3.9999983333333335
vertex -22.000300000000003 1.8834433333333334 3.9999983333333335
endloop
endfacet
facet normal 0 0 1
outer loop
vertex -34.80041833333333 6.310091666666667 3.9999983333333335
vertex -22.000300000000003 1.8834433333333334 3.9999983333333335
vertex -22.000300000000003 12.949755000000001 3.9999983333333335
endloop
endfacet
facet normal 0 0 1
outer loop
vertex -34.80041833333333 6.310091666666667 3.9999983333333335
vertex -22.000300000000003 12.949755000000001 3.9999983333333335
vertex -43.99998166666667 12.949755000000001 3.9999983333333335
endloop
endfacet
facet normal 0 0 1
outer loop
vertex 22.000300000000003 1.8834433333333334 3.9999983333333335
vertex 22.000300000000003 -0.11686500000000001 3.9999983333333335
vertex 42.00029166666667 -0.11686500000000001 3.9999983333333335
endloop
endfacet
facet normal 0 0 1
outer loop
vertex 22.000300000000003 1.8834433333333334 3.9999983333333335
vertex 42.00029166666667 -0.11686500000000001 3.9999983333333335
vertex 42.00029166666667 1.8834433333333334 3.9999983333333335
endloop
endfacet
facet normal 0 0 1
outer loop
vertex -42.00029166666667 1.8834433333333334 3.9999983333333335
vertex -42.00029166666667 -0.11686500000000001 3.9999983333333335
vertex -22.000300000000003 -0.11686500000000001 3.9999983333333335
endloop
endfacet
facet normal 0 0 1
outer loop
vertex -42.00029166666667 1.8834433333333334 3.9999983333333335
vertex -22.000300000000003 -0.11686500000000001 3.9999983333333335
vertex -22.000300000000003 1.8834433333333334 3.9999983333333335
endloop
endfacet
facet normal 0 0 1
outer loop
vertex 35.999985 -5.649711666666667 3.9999983333333335
vertex 42.00029166666667 -0.11686500000000001 3.9999983333333335
vertex 22.000300000000003 -0.11686500000000001 3.9999983333333335
endloop
endfacet
facet normal 0 0 1
outer loop
vertex 35.999985 -5.649711666666667 3.9999983333333335
vertex 22.000300000000003 -0.11686500000000001 3.9999983333333335
vertex 22.000300000000003 -11.183176666666668 3.9999983333333335
endloop
endfacet
facet normal 0 0 0.9999999999999999
outer loop
vertex 35.999985 -5.649711666666667 3.9999983333333335
vertex 22.000300000000003 -11.183176666666668 3.9999983333333335
vertex 42.00029166666667 -11.183176666666668 3.9999983333333335
endloop
endfacet
facet normal 0 0 1
outer loop
vertex 35.999985 -5.649711666666667 3.9999983333333335
vertex 42.00029166666667 -11.183176666666668 3.9999983333333335
vertex 43.99998166666667 -11.183176666666668 3.9999983333333335
endloop
endfacet
facet normal 0 0 1
outer loop
vertex 35.999985 -5.649711666666667 3.9999983333333335
vertex 43.99998166666667 -11.183176666666668 3.9999983333333335
vertex 43.99998166666667 -0.11686500000000001 3.9999983333333335
endloop
endfacet
facet normal 0 0 1
outer loop
vertex 35.999985 -5.649711666666667 3.9999983333333335
vertex 43.99998166666667 -0.11686500000000001 3.9999983333333335
vertex 42.00029166666667 -0.11686500000000001 3.9999983333333335
endloop
endfacet
facet normal 0 0 1
outer loop
vertex -35.999985 -5.649711666666667 3.9999983333333335
vertex -42.00029166666667 -0.11686500000000001 3.9999983333333335
vertex -43.99998166666667 -0.11686500000000001 3.9999983333333335
endloop
endfacet
facet normal 0 0 1
outer loop
vertex -35.999985 -5.649711666666667 3.9999983333333335
vertex -43.99998166666667 -0.11686500000000001 3.9999983333333335
vertex -43.99998166666667 -11.183176666666668 3.9999983333333335
endloop
endfacet
facet normal 0 0 1
outer loop
vertex -35.999985 -5.649711666666667 3.9999983333333335
vertex -43.99998166666667 -11.183176666666668 3.9999983333333335
vertex -42.00029166666667 -11.183176666666668 3.9999983333333335
endloop
endfacet
facet normal 0 0 0.9999999999999999
outer loop
vertex -35.999985 -5.649711666666667 3.9999983333333335
vertex -42.00029166666667 -11.183176666666668 3.9999983333333335
vertex -22.000300000000003 -11.183176666666668 3.9999983333333335
endloop
endfacet
facet normal 0 0 1
outer loop
vertex -35.999985 -5.649711666666667 3.9999983333333335
vertex -22.000300000000003 -11.183176666666668 3.9999983333333335
vertex -22.000300000000003 -0.11686500000000001 3.9999983333333335
endloop
endfacet
facet normal 0 0 1
outer loop
vertex -35.999985 -5.649711666666667 3.9999983333333335
vertex -22.000300000000003 -0.11686500000000001 3.9999983333333335
vertex -42.00029166666667 -0.11686500000000001 3.9999983333333335
endloop
endfacet
facet normal 0 0 1
outer loop
vertex 22.000300000000003 -11.183176666666668 3.9999983333333335
vertex 22.000300000000003 -13.183485000000001 3.9999983333333335
vertex 42.00029166666667 -13.183485000000001 3.9999983333333335
endloop
endfacet
facet normal 0 0 1
outer loop
vertex 22.000300000000003 -11.183176666666668 3.9999983333333335
vertex 42.00029166666667 -13.183485000000001 3.9999983333333335
vertex 42.00029166666667 -11.183176666666668 3.9999983333333335
endloop
endfacet
facet normal 0 0 1
outer loop
vertex -42.00029166666667 -11.183176666666668 3.9999983333333335
vertex -42.00029166666667 -13.183485000000001 3.9999983333333335
vertex -22.000300000000003 -13.183485000000001 3.9999983333333335
endloop
endfacet
facet normal 0 0 1
outer loop
vertex -42.00029166666667 -11.183176666666668 3.9999983333333335
vertex -22.000300000000003 -13.183485000000001 3.9999983333333335
vertex -22.000300000000003 -11.183176666666668 3.9999983333333335
endloop
endfacet
facet normal 0 0 1
outer loop
vertex 34.80041833333333 -17.610133333333334 3.9999983333333335
vertex 42.00029166666667 -13.183485000000001 3.9999983333333335
vertex 22.000300000000003 -13.183485000000001 3.9999983333333335
endloop
endfacet
facet normal 0 0 1
outer loop
vertex 34.80041833333333 -17.610133333333334 3.9999983333333335
vertex 22.000300000000003 -13.183485000000001 3.9999983333333335
vertex 22.000300000000003 -24.24979666666667 3.9999983333333335
endloop
endfacet
facet normal 0 0 1
outer loop
vertex 34.80041833333333 -17.610133333333334 3.9999983333333335
vertex 22.000300000000003 -24.24979666666667 3.9999983333333335
vertex 43.99998166666667 -24.24979666666667 3.9999983333333335
endloop
endfacet
facet normal 0 0 1
outer loop
vertex 34.80041833333333 -17.610133333333334 3.9999983333333335
vertex 43.99998166666667 -24.24979666666667 3.9999983333333335
vertex 43.99998166666667 -13.183485000000001 3.9999983333333335
endloop
endfacet
facet normal 0 0 1
outer loop
vertex 34.80041833333333 -17.610133333333334 3.9999983333333335
vertex 43.99998166666667 -13.183485000000001 3.9999983333333335
vertex 42.00029166666667 -13.183485000000001 3.9999983333333335
endloop
endfacet
facet normal 0 0 1
outer loop
vertex -34.80041833333333 -17.610133333333334 3.9999983333333335
vertex -42.00029166666667 -13.183485000000001 3.9999983333333335
vertex -43.99998166666667 -13.183485000000001 3.9999983333333335
endloop
endfacet
facet normal 0 0 1
outer loop
vertex -34.80041833333333 -17.610133333333334 3.9999983333333335
vertex -43.99998166666667 -13.183485000000001 3.9999983333333335
vertex -43.99998166666667 -24.24979666666667 3.9999983333333335
endloop
endfacet
facet normal 0 0 1
outer loop
vertex -34.80041833333333 -17.610133333333334 3.9999983333333335
vertex -43.99998166666667 -24.24979666666667 3.9999983333333335
vertex -22.000300000000003 -24.24979666666667 3.9999983333333335
endloop
endfacet
facet normal 0 0 1
outer loop
vertex -34.80041833333333 -17.610133333333334 3.9999983333333335
vertex -22.000300000000003 -24.24979666666667 3.9999983333333335
vertex -22.000300000000003 -13.183485000000001 3.9999983333333335
endloop
endfacet
facet normal 0 0 1
outer loop
vertex -34.80041833333333 -17.610133333333334 3.9999983333333335
vertex -22.000300000000003 -13.183485000000001 3.9999983333333335
vertex -42.00029166666667 -13.183485000000001 3.9999983333333335
endloop
endfacet
facet normal -0.9999489887009642 0 -0.010100494835360416
outer loop
vertex 4.999843333333334 -24.24979666666667 26.000298333333333
vertex 4.999843333333334 -28.249795000000002 26.000298333333333
vertex 4.998606666666667 -28.249795000000002 26.122728333333335
endloop
endfacet
facet normal -0.9999489887009642 0 -0.010100494835360416
outer loop
vertex 4.999843333333334 -24.24979666666667 26.000298333333333
vertex 4.998606666666667 -28.249795000000002 26.122728333333335
vertex 4.998606666666667 -24.24979666666667 26.122728333333335
endloop
endfacet
facet normal -0.9993756489774441 0 -0.035331462337587285
outer loop
vertex 4.998606666666667 -24.24979666666667 26.122728333333335
vertex 4.998606666666667 -28.249795000000002 26.122728333333335
vertex 4.994278333333334 -28.249795000000002 26.245158333333336
endloop
endfacet
facet normal -0.9993756489774441 0 -0.035331462337587285
outer loop
vertex 4.998606666666667 -24.24979666666667 26.122728333333335
vertex 4.994278333333334 -28.249795000000002 26.245158333333336
vertex 4.994278333333334 -24.24979666666667 26.245158333333336
endloop
endfacet
facet normal -0.9978515513277956 0 -0.06551550589526077
outer loop
vertex 4.994278333333334 -24.24979666666667 26.245158333333336
vertex 4.994278333333334 -28.249795000000002 26.245158333333336
vertex 4.9862400000000004 -28.249795000000002 26.367588333333334
endloop
endfacet
facet normal -0.9978515513277956 0 -0.06551550589526077
outer loop
vertex 4.994278333333334 -24.24979666666667 26.245158333333336
vertex 4.9862400000000004 -28.249795000000002 26.367588333333334
vertex 4.9862400000000004 -24.24979666666667 26.367588333333334
endloop
endfacet
facet normal -0.996334405451752 0 -0.08554386309434343
outer loop
vertex 4.9862400000000004 -24.24979666666667 26.367588333333334
vertex 4.9862400000000004 -28.249795000000002 26.367588333333334
vertex 4.9757283333333335 -28.249795000000002 26.490018333333335
endloop
endfacet
facet normal -0.996334405451752 0 -0.08554386309434343
outer loop
vertex 4.9862400000000004 -24.24979666666667 26.367588333333334
vertex 4.9757283333333335 -28.249795000000002 26.490018333333335
vertex 4.9757283333333335 -24.24979666666667 26.490018333333335
endloop
endfacet
facet normal -0.9938220587088779 0 -0.110985204525864
outer loop
vertex 4.9757283333333335 -24.24979666666667 26.490018333333335
vertex 4.9757283333333335 -28.249795000000002 26.490018333333335
vertex 4.962125 -28.249795000000002 26.61183
endloop
endfacet
facet normal -0.9938220587088779 0 -0.110985204525864
outer loop
vertex 4.9757283333333335 -24.24979666666667 26.490018333333335
vertex 4.962125 -28.249795000000002 26.61183
vertex 4.962125 -24.24979666666667 26.61183
endloop
endfacet
facet normal -0.9914028316088118 0 -0.13084504376563133
outer loop
vertex 4.962125 -24.24979666666667 26.61183
vertex 4.962125 -28.249795000000002 26.61183
vertex 4.946048333333334 -28.249795000000002 26.733641666666667
endloop
endfacet
facet normal -0.9914028316088118 0 -0.13084504376563133
outer loop
vertex 4.962125 -24.24979666666667 26.61183
vertex 4.946048333333334 -28.249795000000002 26.733641666666667
vertex 4.946048333333334 -24.24979666666667 26.733641666666667
endloop
endfacet
facet normal -0.9869328807756822 0 -0.16113189890215074
outer loop
vertex 4.946048333333334 -24.24979666666667 26.733641666666667
vertex 4.946048333333334 -28.249795000000002 26.733641666666667
vertex 4.926261666666667 -28.249795000000002 26.854835
endloop
endfacet
facet normal -0.9869328807756822 0 -0.16113189890215074
outer loop
vertex 4.946048333333334 -24.24979666666667 26.733641666666667
vertex 4.926261666666667 -28.249795000000002 26.854835
vertex 4.926261666666667 -24.24979666666667 26.854835
endloop
endfacet
facet normal -0.9833821803872259 0 -0.18154747945610647
outer loop
vertex 4.926261666666667 -24.24979666666667 26.854835
vertex 4.926261666666667 -28.249795000000002 26.854835
vertex 4.904001666666667 -28.249795000000002 26.97541
endloop
endfacet
facet normal -0.9833821803872259 0 -0.18154747945610647
outer loop
vertex 4.926261666666667 -24.24979666666667 26.854835
vertex 4.904001666666667 -28.249795000000002 26.97541
vertex 4.904001666666667 -24.24979666666667 26.97541
endloop
endfacet
facet normal -0.9783889603076616 0 -0.20677292460110144
outer loop
vertex 4.904001666666667 -24.24979666666667 26.97541
vertex 4.904001666666667 -28.249795000000002 26.97541
vertex 4.87865 -28.249795000000002 27.095366666666667
endloop
endfacet
facet normal -0.9783889603076616 0 -0.20677292460110144
outer loop
vertex 4.904001666666667 -24.24979666666667 26.97541
vertex 4.87865 -28.249795000000002 27.095366666666667
vertex 4.87865 -24.24979666666667 27.095366666666667
endloop
endfacet
facet normal -0.9727521091315564 0 -0.2318476529536339
outer loop
vertex 4.87865 -24.24979666666667 27.095366666666667
vertex 4.87865 -28.249795000000002 27.095366666666667
vertex 4.850206666666667 -28.249795000000002 27.214705000000002
endloop
endfacet
facet normal -0.9727521091315564 0 -0.2318476529536339
outer loop
vertex 4.87865 -24.24979666666667 27.095366666666667
vertex 4.850206666666667 -28.249795000000002 27.214705000000002
vertex 4.850206666666667 -24.24979666666667 27.214705000000002
endloop
endfacet
facet normal -0.9664851269264962 0 -0.25672261183985007
outer loop
vertex 4.850206666666667 -24.24979666666667 27.214705000000002
vertex 4.850206666666667 -28.249795000000002 27.214705000000002
vertex 4.818671666666667 -28.249795000000002 27.333425000000002
endloop
endfacet
facet normal -0.9664851269264962 0 -0.25672261183985007
outer loop
vertex 4.850206666666667 -24.24979666666667 27.214705000000002
vertex 4.818671666666667 -28.249795000000002 27.333425000000002
vertex 4.818671666666667 -24.24979666666667 27.333425000000002
endloop
endfacet
facet normal -0.9609523154160243 0 -0.2767140175281724
outer loop
vertex 4.818671666666667 -24.24979666666667 27.333425000000002
vertex 4.818671666666667 -28.249795000000002 27.333425000000002
vertex 4.7846633333333335 -28.249795000000002 27.45152666666667
endloop
endfacet
facet normal -0.9609523154160243 0 -0.2767140175281724
outer loop
vertex 4.818671666666667 -24.24979666666667 27.333425000000002
vertex 4.7846633333333335 -28.249795000000002 27.45152666666667
vertex 4.7846633333333335 -24.24979666666667 27.45152666666667
endloop
endfacet
facet normal -0.9531242671445411 0 -0.30257913242684337
outer loop
vertex 4.7846633333333335 -24.24979666666667 27.45152666666667
vertex 4.7846633333333335 -28.249795000000002 27.45152666666667
vertex 4.747563333333334 -28.249795000000002 27.568391666666667
endloop
endfacet
facet normal -0.9531242671445411 0 -0.30257913242684337
outer loop
vertex 4.7846633333333335 -24.24979666666667 27.45152666666667
vertex 4.747563333333334 -28.249795000000002 27.568391666666667
vertex 4.747563333333334 -24.24979666666667 27.568391666666667
endloop
endfacet
facet normal -0.9466499060501461 0 -0.3222637978042983
outer loop
vertex 4.747563333333334 -24.24979666666667 27.568391666666667
vertex 4.747563333333334 -28.249795000000002 27.568391666666667
vertex 4.707990000000001 -28.249795000000002 27.684638333333336
endloop
endfacet
facet normal -0.9466499060501461 0 -0.3222637978042983
outer loop
vertex 4.747563333333334 -24.24979666666667 27.568391666666667
vertex 4.707990000000001 -28.249795000000002 27.684638333333336
vertex 4.707990000000001 -24.24979666666667 27.684638333333336
endloop
endfacet
facet normal -0.9359149553922903 0 -0.3522260584809809
outer loop
vertex 4.707990000000001 -24.24979666666667 27.684638333333336
vertex 4.707990000000001 -28.249795000000002 27.684638333333336
vertex 4.664706666666667 -28.249795000000002 27.799648333333334
endloop
endfacet
facet normal -0.9359149553922903 0 -0.3522260584809809
outer loop
vertex 4.707990000000001 -24.24979666666667 27.684638333333336
vertex 4.664706666666667 -28.249795000000002 27.799648333333334
vertex 4.664706666666667 -24.24979666666667 27.799648333333334
endloop
endfacet
facet normal -0.9295181994964401 0 -0.3687762421915167
outer loop
vertex 4.664706666666667 -24.24979666666667 27.799648333333334
vertex 4.664706666666667 -28.249795000000002 27.799648333333334
vertex 4.6195683333333335 -28.249795000000002 27.913421666666668
endloop
endfacet
facet normal -0.9295181994964401 0 -0.3687762421915167
outer loop
vertex 4.664706666666667 -24.24979666666667 27.799648333333334
vertex 4.6195683333333335 -28.249795000000002 27.913421666666668
vertex 4.6195683333333335 -24.24979666666667 27.913421666666668
endloop
endfacet
facet normal -0.9191450300180578 0 -0.39391929857916763
outer loop
vertex 4.6195683333333335 -24.24979666666667 27.913421666666668
vertex 4.6195683333333335 -28.249795000000002 27.913421666666668
vertex 4.571338333333333 -28.249795000000002 28.025958333333335
endloop
endfacet
facet normal -0.9191450300180578 0 -0.39391929857916763
outer loop
vertex 4.6195683333333335 -24.24979666666667 27.913421666666668
vertex 4.571338333333333 -28.249795000000002 28.025958333333335
vertex 4.571338333333333 -24.24979666666667 28.025958333333335
endloop
endfacet
facet normal -0.9089855493228023 0 -0.4168276275900186
outer loop
vertex 4.571338333333333 -24.24979666666667 28.025958333333335
vertex 4.571338333333333 -28.249795000000002 28.025958333333335
vertex 4.520016666666667 -28.249795000000002 28.137876666666667
endloop
endfacet
facet normal -0.9089855493228023 0 -0.4168276275900186
outer loop
vertex 4.571338333333333 -24.24979666666667 28.025958333333335
vertex 4.520016666666667 -28.249795000000002 28.137876666666667
vertex 4.520016666666667 -24.24979666666667 28.137876666666667
endloop
endfacet
facet normal -0.8984286137271962 0 -0.43911960333857614
outer loop
vertex 4.520016666666667 -24.24979666666667 28.137876666666667
vertex 4.520016666666667 -28.249795000000002 28.137876666666667
vertex 4.466221666666667 -28.249795000000002 28.24794
endloop
endfacet
facet normal -0.8984286137271962 0 -0.43911960333857614
outer loop
vertex 4.520016666666667 -24.24979666666667 28.137876666666667
vertex 4.466221666666667 -28.249795000000002 28.24794
vertex 4.466221666666667 -24.24979666666667 28.24794
endloop
endfacet
facet normal -0.8862254439618422 0 -0.4632542093436771
outer loop
vertex 4.466221666666667 -24.24979666666667 28.24794
vertex 4.466221666666667 -28.249795000000002 28.24794
vertex 4.4093350000000004 -28.249795000000002 28.35676666666667
endloop
endfacet
facet normal -0.8862254439618422 0 -0.4632542093436771
outer loop
vertex 4.466221666666667 -24.24979666666667 28.24794
vertex 4.4093350000000004 -28.249795000000002 28.35676666666667
vertex 4.4093350000000004 -24.24979666666667 28.35676666666667
endloop
endfacet
facet normal -0.8777027271809196 0 -0.4792055119666054
outer loop
vertex 4.4093350000000004 -24.24979666666667 28.35676666666667
vertex 4.4093350000000004 -28.249795000000002 28.35676666666667
vertex 4.350593333333333 -28.249795000000002 28.464356666666667
endloop
endfacet
facet normal -0.8777027271809196 0 -0.4792055119666054
outer loop
vertex 4.4093350000000004 -24.24979666666667 28.35676666666667
vertex 4.350593333333333 -28.249795000000002 28.464356666666667
vertex 4.350593333333333 -24.24979666666667 28.464356666666667
endloop
endfacet
facet normal -0.8645071866841951 0 -0.5026204573745265
outer loop
vertex 4.350593333333333 -24.24979666666667 28.464356666666667
vertex 4.350593333333333 -28.249795000000002 28.464356666666667
vertex 4.28876 -28.249795000000002 28.570710000000002
endloop
endfacet
facet normal -0.8645071866841951 0 -0.5026204573745265
outer loop
vertex 4.350593333333333 -24.24979666666667 28.464356666666667
vertex 4.28876 -28.249795000000002 28.570710000000002
vertex 4.28876 -24.24979666666667 28.570710000000002
endloop
endfacet
facet normal -0.8516583167045432 0 -0.524097425664336
outer loop
vertex 4.28876 -24.24979666666667 28.570710000000002
vertex 4.28876 -28.249795000000002 28.570710000000002
vertex 4.224453333333334 -28.249795000000002 28.675208333333334
endloop
endfacet
facet normal -0.8516583167045432 0 -0.524097425664336
outer loop
vertex 4.28876 -24.24979666666667 28.570710000000002
vertex 4.224453333333334 -28.249795000000002 28.675208333333334
vertex 4.224453333333334 -24.24979666666667 28.675208333333334
endloop
endfacet
facet normal -0.8359035176218748 0 -0.5488764061493043
outer loop
vertex 4.224453333333334 -24.24979666666667 28.675208333333334
vertex 4.224453333333334 -28.249795000000002 28.675208333333334
vertex 4.157055000000001 -28.249795000000002 28.777851666666667
endloop
endfacet
facet normal -0.8359035176218748 0 -0.5488764061493043
outer loop
vertex 4.224453333333334 -24.24979666666667 28.675208333333334
vertex 4.157055000000001 -28.249795000000002 28.777851666666667
vertex 4.157055000000001 -24.24979666666667 28.777851666666667
endloop
endfacet
facet normal -0.8258009818735339 0 -0.5639616461575265
outer loop
vertex 4.157055000000001 -24.24979666666667 28.777851666666667
vertex 4.157055000000001 -28.249795000000002 28.777851666666667
vertex 4.0878016666666666 -28.249795000000002 28.879258333333336
endloop
endfacet
facet normal -0.8258009818735339 0 -0.5639616461575265
outer loop
vertex 4.157055000000001 -24.24979666666667 28.777851666666667
vertex 4.0878016666666666 -28.249795000000002 28.879258333333336
vertex 4.0878016666666666 -24.24979666666667 28.879258333333336
endloop
endfacet
facet normal -0.8096104433943817 0 -0.586967571460939
outer loop
vertex 4.0878016666666666 -24.24979666666667 28.879258333333336
vertex 4.0878016666666666 -28.249795000000002 28.879258333333336
vertex 4.016075 -28.249795000000002 28.978191666666667
endloop
endfacet
facet normal -0.8096104433943817 0 -0.586967571460939
outer loop
vertex 4.0878016666666666 -24.24979666666667 28.879258333333336
vertex 4.016075 -28.249795000000002 28.978191666666667
vertex 4.016075 -24.24979666666667 28.978191666666667
endloop
endfacet
facet normal -0.7963564013274302 0 -0.6048276465777875
outer loop
vertex 4.016075 -24.24979666666667 28.978191666666667
vertex 4.016075 -28.249795000000002 28.978191666666667
vertex 3.941875 -28.249795000000002 29.075888333333335
endloop
endfacet
facet normal -0.7963564013274302 0 -0.6048276465777875
outer loop
vertex 4.016075 -24.24979666666667 28.978191666666667
vertex 3.941875 -28.249795000000002 29.075888333333335
vertex 3.941875 -24.24979666666667 29.075888333333335
endloop
endfacet
facet normal -0.7808688094430251 0 -0.6246950475544308
outer loop
vertex 3.941875 -24.24979666666667 29.075888333333335
vertex 3.941875 -28.249795000000002 29.075888333333335
vertex 3.8652016666666666 -28.249795000000002 29.17173
endloop
endfacet
facet normal -0.7808688094430251 0 -0.6246950475544308
outer loop
vertex 3.941875 -24.24979666666667 29.075888333333335
vertex 3.8652016666666666 -28.249795000000002 29.17173
vertex 3.8652016666666666 -24.24979666666667 29.17173
endloop
endfacet
facet normal -0.7649111981170613 0 -0.6441357457827672
outer loop
vertex 3.8652016666666666 -24.24979666666667 29.17173
vertex 3.8652016666666666 -28.249795000000002 29.17173
vertex 3.786055 -28.249795000000002 29.26571666666667
endloop
endfacet
facet normal -0.7649111981170613 0 -0.6441357457827672
outer loop
vertex 3.8652016666666666 -24.24979666666667 29.17173
vertex 3.786055 -28.249795000000002 29.26571666666667
vertex 3.786055 -24.24979666666667 29.26571666666667
endloop
endfacet
facet normal -0.7510134067627035 0 -0.6602869549390462
outer loop
vertex 3.786055 -24.24979666666667 29.26571666666667
vertex 3.786055 -28.249795000000002 29.26571666666667
vertex 3.7050533333333333 -28.249795000000002 29.357848333333333
endloop
endfacet
facet normal -0.7510134067627035 0 -0.6602869549390462
outer loop
vertex 3.786055 -24.24979666666667 29.26571666666667
vertex 3.7050533333333333 -28.249795000000002 29.357848333333333
vertex 3.7050533333333333 -24.24979666666667 29.357848333333333
endloop
endfacet
facet normal -0.7293803177241762 0 -0.6841084359343773
outer loop
vertex 3.7050533333333333 -24.24979666666667 29.357848333333333
vertex 3.7050533333333333 -28.249795000000002 29.357848333333333
vertex 3.62096 -28.249795000000002 29.44750666666667
endloop
endfacet
facet normal -0.7293803177241762 0 -0.6841084359343773
outer loop
vertex 3.7050533333333333 -24.24979666666667 29.357848333333333
vertex 3.62096 -28.249795000000002 29.44750666666667
vertex 3.62096 -24.24979666666667 29.44750666666667
endloop
endfacet
facet normal -0.7171351333107934 0 -0.696934143640065
outer loop
vertex 3.62096 -24.24979666666667 29.44750666666667
vertex 3.62096 -28.249795000000002 29.44750666666667
vertex 3.5356300000000003 -28.249795000000002 29.535310000000003
endloop
endfacet
facet normal -0.7171351333107934 0 -0.696934143640065
outer loop
vertex 3.62096 -24.24979666666667 29.44750666666667
vertex 3.5356300000000003 -28.249795000000002 29.535310000000003
vertex 3.5356300000000003 -24.24979666666667 29.535310000000003
endloop
endfacet
facet normal -0.6995177339777804 0 -0.7146152390276821
outer loop
vertex 3.5356300000000003 -24.24979666666667 29.535310000000003
vertex 3.5356300000000003 -28.249795000000002 29.535310000000003
vertex 3.447826666666667 -28.249795000000002 29.621258333333333
endloop
endfacet
facet normal -0.6995177339777804 0 -0.7146152390276821
outer loop
vertex 3.5356300000000003 -24.24979666666667 29.535310000000003
vertex 3.447826666666667 -28.249795000000002 29.621258333333333
vertex 3.447826666666667 -24.24979666666667 29.621258333333333
endloop
endfacet
facet normal -0.6789064648480254 0 -0.7342247693911973
outer loop
vertex 3.447826666666667 -24.24979666666667 29.621258333333333
vertex 3.447826666666667 -28.249795000000002 29.621258333333333
vertex 3.3575500000000003 -28.249795000000002 29.704733333333333
endloop
endfacet
facet normal -0.6789064648480254 0 -0.7342247693911973
outer loop
vertex 3.447826666666667 -24.24979666666667 29.621258333333333
vertex 3.3575500000000003 -28.249795000000002 29.704733333333333
vertex 3.3575500000000003 -24.24979666666667 29.704733333333333
endloop
endfacet
facet normal -0.6656148469584058 0 -0.7462954344685072
outer loop
vertex 3.3575500000000003 -24.24979666666667 29.704733333333333
vertex 3.3575500000000003 -28.249795000000002 29.704733333333333
vertex 3.266036666666667 -28.249795000000002 29.786353333333334
endloop
endfacet
facet normal -0.6656148469584058 0 -0.7462954344685072
outer loop
vertex 3.3575500000000003 -24.24979666666667 29.704733333333333
vertex 3.266036666666667 -28.249795000000002 29.786353333333334
vertex 3.266036666666667 -24.24979666666667 29.786353333333334
endloop
endfacet
facet normal -0.6411770393735668 0 -0.7673929920061477
outer loop
vertex 3.266036666666667 -24.24979666666667 29.786353333333334
vertex 3.266036666666667 -28.249795000000002 29.786353333333334
vertex 3.17205 -28.249795000000002 29.86488166666667
endloop
endfacet
facet normal -0.6411770393735668 0 -0.7673929920061477
outer loop
vertex 3.266036666666667 -24.24979666666667 29.786353333333334
vertex 3.17205 -28.249795000000002 29.86488166666667
vertex 3.17205 -24.24979666666667 29.86488166666667
endloop
endfacet
facet normal -0.624695047554419 0 -0.7808688094430346
outer loop
vertex 3.17205 -24.24979666666667 29.86488166666667
vertex 3.17205 -28.249795000000002 29.86488166666667
vertex 3.0762083333333337 -28.249795000000002 29.941555
endloop
endfacet
facet normal -0.624695047554419 0 -0.7808688094430346
outer loop
vertex 3.17205 -24.24979666666667 29.86488166666667
vertex 3.0762083333333337 -28.249795000000002 29.941555
vertex 3.0762083333333337 -24.24979666666667 29.941555
endloop
endfacet
facet normal -0.6048276465777979 0 -0.7963564013274222
outer loop
vertex 3.0762083333333337 -24.24979666666667 29.941555
vertex 3.0762083333333337 -28.249795000000002 29.941555
vertex 2.978511666666667 -28.249795000000002 30.015755000000002
endloop
endfacet
facet normal -0.6048276465777979 0 -0.7963564013274222
outer loop
vertex 3.0762083333333337 -24.24979666666667 29.941555
vertex 2.978511666666667 -28.249795000000002 30.015755000000002
vertex 2.978511666666667 -24.24979666666667 30.015755000000002
endloop
endfacet
facet normal -0.5878729002357558 0 -0.8089533071620394
outer loop
vertex 2.978511666666667 -24.24979666666667 30.015755000000002
vertex 2.978511666666667 -28.249795000000002 30.015755000000002
vertex 2.87896 -28.249795000000002 30.0881
endloop
endfacet
facet normal -0.5878729002357558 0 -0.8089533071620394
outer loop
vertex 2.978511666666667 -24.24979666666667 30.015755000000002
vertex 2.87896 -28.249795000000002 30.0881
vertex 2.87896 -24.24979666666667 30.0881
endloop
endfacet
facet normal -0.5639616461575466 0 -0.8258009818735204
outer loop
vertex 2.87896 -24.24979666666667 30.0881
vertex 2.87896 -28.249795000000002 30.0881
vertex 2.7775533333333335 -28.249795000000002 30.157353333333337
endloop
endfacet
facet normal -0.5639616461575466 0 -0.8258009818735204
outer loop
vertex 2.87896 -24.24979666666667 30.0881
vertex 2.7775533333333335 -28.249795000000002 30.157353333333337
vertex 2.7775533333333335 -24.24979666666667 30.157353333333337
endloop
endfacet
facet normal -0.545343273616277 0 -0.8382128094472684
outer loop
vertex 2.7775533333333335 -24.24979666666667 30.157353333333337
vertex 2.7775533333333335 -28.249795000000002 30.157353333333337
vertex 2.67491 -28.249795000000002 30.224133333333334
endloop
endfacet
facet normal -0.545343273616277 0 -0.8382128094472684
outer loop
vertex 2.7775533333333335 -24.24979666666667 30.157353333333337
vertex 2.67491 -28.249795000000002 30.224133333333334
vertex 2.67491 -24.24979666666667 30.224133333333334
endloop
endfacet
facet normal -0.5240974256643364 0 -0.851658316704543
outer loop
vertex 2.67491 -24.24979666666667 30.224133333333334
vertex 2.67491 -28.249795000000002 30.224133333333334
vertex 2.5704116666666668 -28.249795000000002 30.28844
endloop
endfacet
facet normal -0.5240974256643364 0 -0.851658316704543
outer loop
vertex 2.67491 -24.24979666666667 30.224133333333334
vertex 2.5704116666666668 -28.249795000000002 30.28844
vertex 2.5704116666666668 -24.24979666666667 30.28844
endloop
endfacet
facet normal -0.5048123450177971 0 -0.8632291099804456
outer loop
vertex 2.5704116666666668 -24.24979666666667 30.28844
vertex 2.5704116666666668 -28.249795000000002 30.28844
vertex 2.4646766666666666 -28.249795000000002 30.350273333333334
endloop
endfacet
facet normal -0.5048123450177971 0 -0.8632291099804456
outer loop
vertex 2.5704116666666668 -24.24979666666667 30.28844
vertex 2.4646766666666666 -28.249795000000002 30.350273333333334
vertex 2.4646766666666666 -24.24979666666667 30.350273333333334
endloop
endfacet
facet normal -0.48307734291134624 0 -0.875577684026788
outer loop
vertex 2.4646766666666666 -24.24979666666667 30.350273333333334
vertex 2.4646766666666666 -28.249795000000002 30.350273333333334
vertex 2.357086666666667 -28.249795000000002 30.409633333333336
endloop
endfacet
facet normal -0.48307734291134624 0 -0.875577684026788
outer loop
vertex 2.4646766666666666 -24.24979666666667 30.350273333333334
vertex 2.357086666666667 -28.249795000000002 30.409633333333336
vertex 2.357086666666667 -24.24979666666667 30.409633333333336
endloop
endfacet
facet normal -0.4592856096849912 0 -0.8882886516984702
outer loop
vertex 2.357086666666667 -24.24979666666667 30.409633333333336
vertex 2.357086666666667 -28.249795000000002 30.409633333333336
vertex 2.24826 -28.249795000000002 30.465901666666667
endloop
endfacet
facet normal -0.4592856096849912 0 -0.8882886516984702
outer loop
vertex 2.357086666666667 -24.24979666666667 30.409633333333336
vertex 2.24826 -28.249795000000002 30.465901666666667
vertex 2.24826 -24.24979666666667 30.465901666666667
endloop
endfacet
facet normal -0.4371362591496762 0 -0.8993952918136869
outer loop
vertex 2.24826 -24.24979666666667 30.465901666666667
vertex 2.24826 -28.249795000000002 30.465901666666667
vertex 2.1375783333333334 -28.249795000000002 30.51969666666667
endloop
endfacet
facet normal -0.4371362591496762 0 -0.8993952918136869
outer loop
vertex 2.24826 -24.24979666666667 30.465901666666667
vertex 2.1375783333333334 -28.249795000000002 30.51969666666667
vertex 2.1375783333333334 -24.24979666666667 30.51969666666667
endloop
endfacet
facet normal -0.4187382221559075 0 -0.908106987807995
outer loop
vertex 2.1375783333333334 -24.24979666666667 30.51969666666667
vertex 2.1375783333333334 -28.249795000000002 30.51969666666667
vertex 2.0262783333333334 -28.249795000000002 30.571018333333335
endloop
endfacet
facet normal -0.4187382221559075 0 -0.908106987807995
outer loop
vertex 2.1375783333333334 -24.24979666666667 30.51969666666667
vertex 2.0262783333333334 -28.249795000000002 30.571018333333335
vertex 2.0262783333333334 -24.24979666666667 30.571018333333335
endloop
endfacet
facet normal -0.39209844066646576 0 -0.9199232646405492
outer loop
vertex 2.0262783333333334 -24.24979666666667 30.571018333333335
vertex 2.0262783333333334 -28.249795000000002 30.571018333333335
vertex 1.9131233333333335 -28.249795000000002 30.619248333333335
endloop
endfacet
facet normal -0.39209844066646576 0 -0.9199232646405492
outer loop
vertex 2.0262783333333334 -24.24979666666667 30.571018333333335
vertex 1.9131233333333335 -28.249795000000002 30.619248333333335
vertex 1.9131233333333335 -24.24979666666667 30.619248333333335
endloop
endfacet
facet normal -0.3731287424958757 0 -0.9277795759357104
outer loop
vertex 1.9131233333333335 -24.24979666666667 30.619248333333335
vertex 1.9131233333333335 -28.249795000000002 30.619248333333335
vertex 1.79935 -28.249795000000002 30.665005
endloop
endfacet
facet normal -0.3731287424958757 0 -0.9277795759357104
outer loop
vertex 1.9131233333333335 -24.24979666666667 30.619248333333335
vertex 1.79935 -28.249795000000002 30.665005
vertex 1.79935 -24.24979666666667 30.665005
endloop
endfacet
facet normal -0.34780682295851983 0 -0.9375662184099325
outer loop
vertex 1.79935 -24.24979666666667 30.665005
vertex 1.79935 -28.249795000000002 30.665005
vertex 1.6843400000000002 -28.249795000000002 30.70767
endloop
endfacet
facet normal -0.34780682295851983 0 -0.9375662184099325
outer loop
vertex 1.79935 -24.24979666666667 30.665005
vertex 1.6843400000000002 -28.249795000000002 30.70767
vertex 1.6843400000000002 -24.24979666666667 30.70767
endloop
endfacet
facet normal -0.32832470483172016 0 -0.9445649200542883
outer loop
vertex 1.6843400000000002 -24.24979666666667 30.70767
vertex 1.6843400000000002 -28.249795000000002 30.70767
vertex 1.5687116666666667 -28.249795000000002 30.74786166666667
endloop
endfacet
facet normal -0.32832470483172016 0 -0.9445649200542883
outer loop
vertex 1.6843400000000002 -24.24979666666667 30.70767
vertex 1.5687116666666667 -28.249795000000002 30.74786166666667
vertex 1.5687116666666667 -24.24979666666667 30.74786166666667
endloop
endfacet
facet normal -0.3011313679370884 0 -0.9535826651341446
outer loop
vertex 1.5687116666666667 -24.24979666666667 30.74786166666667
vertex 1.5687116666666667 -28.249795000000002 30.74786166666667
vertex 1.4512283333333333 -28.249795000000002 30.784961666666668
endloop
endfacet
facet normal -0.3011313679370884 0 -0.9535826651341446
outer loop
vertex 1.5687116666666667 -24.24979666666667 30.74786166666667
vertex 1.4512283333333333 -28.249795000000002 30.784961666666668
vertex 1.4512283333333333 -24.24979666666667 30.784961666666668
endloop
endfacet
facet normal -0.2780580765410511 0 -0.9605642644145632
outer loop
vertex 1.4512283333333333 -24.24979666666667 30.784961666666668
vertex 1.4512283333333333 -28.249795000000002 30.784961666666668
vertex 1.333745 -28.249795000000002 30.81897
endloop
endfacet
facet normal -0.2780580765410511 0 -0.9605642644145632
outer loop
vertex 1.4512283333333333 -24.24979666666667 30.784961666666668
vertex 1.333745 -28.249795000000002 30.81897
vertex 1.333745 -24.24979666666667 30.81897
endloop
endfacet
facet normal -0.2520115194074376 0 -0.9677242345244614
outer loop
vertex 1.333745 -24.24979666666667 30.81897
vertex 1.333745 -28.249795000000002 30.81897
vertex 1.215025 -28.249795000000002 30.84988666666667
endloop
endfacet
facet normal -0.2520115194074376 0 -0.9677242345244614
outer loop
vertex 1.333745 -24.24979666666667 30.81897
vertex 1.215025 -28.249795000000002 30.84988666666667
vertex 1.215025 -24.24979666666667 30.84988666666667
endloop
endfacet
facet normal -0.23184765295362347 0 -0.9727521091315589
outer loop
vertex 1.215025 -24.24979666666667 30.84988666666667
vertex 1.215025 -28.249795000000002 30.84988666666667
vertex 1.0956866666666667 -28.249795000000002 30.878330000000002
endloop
endfacet
facet normal -0.23184765295362347 0 -0.9727521091315589
outer loop
vertex 1.215025 -24.24979666666667 30.84988666666667
vertex 1.0956866666666667 -28.249795000000002 30.878330000000002
vertex 1.0956866666666667 -24.24979666666667 30.878330000000002
endloop
endfacet
facet normal -0.20677292460109506 0 -0.978388960307663
outer loop
vertex 1.0956866666666667 -24.24979666666667 30.878330000000002
vertex 1.0956866666666667 -28.249795000000002 30.878330000000002
vertex 0.9757300000000001 -28.249795000000002 30.903681666666667
endloop
endfacet
facet normal -0.20677292460109506 0 -0.978388960307663
outer loop
vertex 1.0956866666666667 -24.24979666666667 30.878330000000002
vertex 0.9757300000000001 -28.249795000000002 30.903681666666667
vertex 0.9757300000000001 -24.24979666666667 30.903681666666667
endloop
endfacet
facet normal -0.1854992008070835 0 -0.9826444150861151
outer loop
vertex 0.9757300000000001 -24.24979666666667 30.903681666666667
vertex 0.9757300000000001 -28.249795000000002 30.903681666666667
vertex 0.8545366666666667 -28.249795000000002 30.926560000000002
endloop
endfacet
facet normal -0.1854992008070835 0 -0.9826444150861151
outer loop
vertex 0.9757300000000001 -24.24979666666667 30.903681666666667
vertex 0.8545366666666667 -28.249795000000002 30.926560000000002
vertex 0.8545366666666667 -24.24979666666667 30.926560000000002
endloop
endfacet
facet normal -0.15622134803455867 0 -0.9877220714443234
outer loop
vertex 0.8545366666666667 -24.24979666666667 30.926560000000002
vertex 0.8545366666666667 -28.249795000000002 30.926560000000002
vertex 0.7333433333333333 -28.249795000000002 30.945728333333335
endloop
endfacet
facet normal -0.15622134803455867 0 -0.9877220714443234
outer loop
vertex 0.8545366666666667 -24.24979666666667 30.926560000000002
vertex 0.7333433333333333 -28.249795000000002 30.945728333333335
vertex 0.7333433333333333 -24.24979666666667 30.945728333333335
endloop
endfacet
facet normal -0.1364663624495483 0 -0.9906447051893976
outer loop
vertex 0.7333433333333333 -24.24979666666667 30.945728333333335
vertex 0.7333433333333333 -28.249795000000002 30.945728333333335
vertex 0.6121500000000001 -28.249795000000002 30.962423333333334
endloop
endfacet
facet normal -0.1364663624495483 0 -0.9906447051893976
outer loop
vertex 0.7333433333333333 -24.24979666666667 30.945728333333335
vertex 0.6121500000000001 -28.249795000000002 30.962423333333334
vertex 0.6121500000000001 -24.24979666666667 30.962423333333334
endloop
endfacet
facet normal -0.11098520452588481 0 -0.9938220587088755
outer loop
vertex 0.6121500000000001 -24.24979666666667 30.962423333333334
vertex 0.6121500000000001 -28.249795000000002 30.962423333333334
vertex 0.4903383333333334 -28.249795000000002 30.97602666666667
endloop
endfacet
facet normal -0.11098520452588481 0 -0.9938220587088755
outer loop
vertex 0.6121500000000001 -24.24979666666667 30.962423333333334
vertex 0.4903383333333334 -28.249795000000002 30.97602666666667
vertex 0.4903383333333334 -24.24979666666667 30.97602666666667
endloop
endfacet
facet normal -0.0855438630943372 0 -0.9963344054517527
outer loop
vertex 0.4903383333333334 -24.24979666666667 30.97602666666667
vertex 0.4903383333333334 -28.249795000000002 30.97602666666667
vertex 0.36790833333333334 -28.249795000000002 30.986538333333336
endloop
endfacet
facet normal -0.0855438630943372 0 -0.9963344054517527
outer loop
vertex 0.4903383333333334 -24.24979666666667 30.97602666666667
vertex 0.36790833333333334 -28.249795000000002 30.986538333333336
vertex 0.36790833333333334 -24.24979666666667 30.986538333333336
endloop
endfacet
facet normal -0.0604950604018884 0 -0.9981684966311909
outer loop
vertex 0.36790833333333334 -24.24979666666667 30.986538333333336
vertex 0.36790833333333334 -28.249795000000002 30.986538333333336
vertex 0.24547833333333335 -28.249795000000002 30.993958333333335
endloop
endfacet
facet normal -0.0604950604018884 0 -0.9981684966311909
outer loop
vertex 0.36790833333333334 -24.24979666666667 30.986538333333336
vertex 0.24547833333333335 -28.249795000000002 30.993958333333335
vertex 0.24547833333333335 -24.24979666666667 30.993958333333335
endloop
endfacet
facet normal -0.03515413726662905 0 -0.9993819022941326
outer loop
vertex 0.24547833333333335 -24.24979666666667 30.993958333333335
vertex 0.24547833333333335 -28.249795000000002 30.993958333333335
vertex 0.12243000000000001 -28.249795000000002 30.99828666666667
endloop
endfacet
facet normal -0.03515413726662905 0 -0.9993819022941326
outer loop
vertex 0.24547833333333335 -24.24979666666667 30.993958333333335
vertex 0.12243000000000001 -28.249795000000002 30.99828666666667
vertex 0.12243000000000001 -24.24979666666667 30.99828666666667
endloop
endfacet
facet normal -0.015149776296259642 0 -0.9998852355536476
outer loop
vertex 0.12243000000000001 -24.24979666666667 30.99828666666667
vertex 0.12243000000000001 -28.249795000000002 30.99828666666667
vertex 0 -28.249795000000002 31.000141666666668
endloop
endfacet
facet normal -0.015149776296259642 0 -0.9998852355536476
outer loop
vertex 0.12243000000000001 -24.24979666666667 30.99828666666667
vertex 0 -28.249795000000002 31.000141666666668
vertex 0 -24.24979666666667 31.000141666666668
endloop
endfacet
facet normal 0.015149776296259642 0 -0.9998852355536476
outer loop
vertex 0 -24.24979666666667 31.000141666666668
vertex 0 -28.249795000000002 31.000141666666668
vertex -0.12243000000000001 -28.249795000000002 30.99828666666667
endloop
endfacet
facet normal 0.015149776296259642 0 -0.9998852355536476
outer loop
vertex 0 -24.24979666666667 31.000141666666668
vertex -0.12243000000000001 -28.249795000000002 30.99828666666667
vertex -0.12243000000000001 -24.24979666666667 30.99828666666667
endloop
endfacet
facet normal 0.03515413726662905 0 -0.9993819022941326
outer loop
vertex -0.12243000000000001 -24.24979666666667 30.99828666666667
vertex -0.12243000000000001 -28.249795000000002 30.99828666666667
vertex -0.24547833333333335 -28.249795000000002 30.993958333333335
endloop
endfacet
facet normal 0.03515413726662905 0 -0.9993819022941326
outer loop
vertex -0.12243000000000001 -24.24979666666667 30.99828666666667
vertex -0.24547833333333335 -28.249795000000002 30.993958333333335
vertex -0.24547833333333335 -24.24979666666667 30.993958333333335
endloop
endfacet
facet normal 0.0604950604018884 0 -0.9981684966311909
outer loop
vertex -0.24547833333333335 -24.24979666666667 30.993958333333335
vertex -0.24547833333333335 -28.249795000000002 30.993958333333335
vertex -0.36790833333333334 -28.249795000000002 30.986538333333336
endloop
endfacet
facet normal 0.0604950604018884 0 -0.9981684966311909
outer loop
vertex -0.24547833333333335 -24.24979666666667 30.993958333333335
vertex -0.36790833333333334 -28.249795000000002 30.986538333333336
vertex -0.36790833333333334 -24.24979666666667 30.986538333333336
endloop
endfacet
facet normal 0.0855438630943372 0 -0.9963344054517527
outer loop
vertex -0.36790833333333334 -24.24979666666667 30.986538333333336
vertex -0.36790833333333334 -28.249795000000002 30.986538333333336
vertex -0.4903383333333334 -28.249795000000002 30.97602666666667
endloop
endfacet
facet normal 0.0855438630943372 0 -0.9963344054517527
outer loop
vertex -0.36790833333333334 -24.24979666666667 30.986538333333336
vertex -0.4903383333333334 -28.249795000000002 30.97602666666667
vertex -0.4903383333333334 -24.24979666666667 30.97602666666667
endloop
endfacet
facet normal 0.11098520452588481 0 -0.9938220587088755
outer loop
vertex -0.4903383333333334 -24.24979666666667 30.97602666666667
vertex -0.4903383333333334 -28.249795000000002 30.97602666666667
vertex -0.6121500000000001 -28.249795000000002 30.962423333333334
endloop
endfacet
facet normal 0.11098520452588481 0 -0.9938220587088755
outer loop
vertex -0.4903383333333334 -24.24979666666667 30.97602666666667
vertex -0.6121500000000001 -28.249795000000002 30.962423333333334
vertex -0.6121500000000001 -24.24979666666667 30.962423333333334
endloop
endfacet
facet normal 0.1364663624495483 0 -0.9906447051893976
outer loop
vertex -0.6121500000000001 -24.24979666666667 30.962423333333334
vertex -0.6121500000000001 -28.249795000000002 30.962423333333334
vertex -0.7333433333333333 -28.249795000000002 30.945728333333335
endloop
endfacet
facet normal 0.1364663624495483 0 -0.9906447051893976
outer loop
vertex -0.6121500000000001 -24.24979666666667 30.962423333333334
vertex -0.7333433333333333 -28.249795000000002 30.945728333333335
vertex -0.7333433333333333 -24.24979666666667 30.945728333333335
endloop
endfacet
facet normal 0.15622134803455867 0 -0.9877220714443234
outer loop
vertex -0.7333433333333333 -24.24979666666667 30.945728333333335
vertex -0.7333433333333333 -28.249795000000002 30.945728333333335
vertex -0.8545366666666667 -28.249795000000002 30.926560000000002
endloop
endfacet
facet normal 0.15622134803455867 0 -0.9877220714443234
outer loop
vertex -0.7333433333333333 -24.24979666666667 30.945728333333335
vertex -0.8545366666666667 -28.249795000000002 30.926560000000002
vertex -0.8545366666666667 -24.24979666666667 30.926560000000002
endloop
endfacet
facet normal 0.1854992008070835 0 -0.9826444150861151
outer loop
vertex -0.8545366666666667 -24.24979666666667 30.926560000000002
vertex -0.8545366666666667 -28.249795000000002 30.926560000000002
vertex -0.9757300000000001 -28.249795000000002 30.903681666666667
endloop
endfacet
facet normal 0.1854992008070835 0 -0.9826444150861151
outer loop
vertex -0.8545366666666667 -24.24979666666667 30.926560000000002
vertex -0.9757300000000001 -28.249795000000002 30.903681666666667
vertex -0.9757300000000001 -24.24979666666667 30.903681666666667
endloop
endfacet
facet normal 0.20677292460109506 0 -0.978388960307663
outer loop
vertex -0.9757300000000001 -24.24979666666667 30.903681666666667
vertex -0.9757300000000001 -28.249795000000002 30.903681666666667
vertex -1.0956866666666667 -28.249795000000002 30.878330000000002
endloop
endfacet
facet normal 0.20677292460109506 0 -0.978388960307663
outer loop
vertex -0.9757300000000001 -24.24979666666667 30.903681666666667
vertex -1.0956866666666667 -28.249795000000002 30.878330000000002
vertex -1.0956866666666667 -24.24979666666667 30.878330000000002
endloop
endfacet
facet normal 0.23184765295362347 0 -0.9727521091315589
outer loop
vertex -1.0956866666666667 -24.24979666666667 30.878330000000002
vertex -1.0956866666666667 -28.249795000000002 30.878330000000002
vertex -1.215025 -28.249795000000002 30.84988666666667
endloop
endfacet
facet normal 0.23184765295362347 0 -0.9727521091315589
outer loop
vertex -1.0956866666666667 -24.24979666666667 30.878330000000002
vertex -1.215025 -28.249795000000002 30.84988666666667
vertex -1.215025 -24.24979666666667 30.84988666666667
endloop
endfacet
facet normal 0.2520115194074376 0 -0.9677242345244614
outer loop
vertex -1.215025 -24.24979666666667 30.84988666666667
vertex -1.215025 -28.249795000000002 30.84988666666667
vertex -1.333745 -28.249795000000002 30.81897
endloop
endfacet
facet normal 0.2520115194074376 0 -0.9677242345244614
outer loop
vertex -1.215025 -24.24979666666667 30.84988666666667
vertex -1.333745 -28.249795000000002 30.81897
vertex -1.333745 -24.24979666666667 30.81897
endloop
endfacet
facet normal 0.2780580765410511 0 -0.9605642644145632
outer loop
vertex -1.333745 -24.24979666666667 30.81897
vertex -1.333745 -28.249795000000002 30.81897
vertex -1.4512283333333333 -28.249795000000002 30.784961666666668
endloop
endfacet
facet normal 0.2780580765410511 0 -0.9605642644145632
outer loop
vertex -1.333745 -24.24979666666667 30.81897
vertex -1.4512283333333333 -28.249795000000002 30.784961666666668
vertex -1.4512283333333333 -24.24979666666667 30.784961666666668
endloop
endfacet
facet normal 0.3011313679370884 0 -0.9535826651341446
outer loop
vertex -1.4512283333333333 -24.24979666666667 30.784961666666668
vertex -1.4512283333333333 -28.249795000000002 30.784961666666668
vertex -1.5687116666666667 -28.249795000000002 30.74786166666667
endloop
endfacet
facet normal 0.3011313679370884 0 -0.9535826651341446
outer loop
vertex -1.4512283333333333 -24.24979666666667 30.784961666666668
vertex -1.5687116666666667 -28.249795000000002 30.74786166666667
vertex -1.5687116666666667 -24.24979666666667 30.74786166666667
endloop
endfacet
facet normal 0.32832470483172016 0 -0.9445649200542883
outer loop
vertex -1.5687116666666667 -24.24979666666667 30.74786166666667
vertex -1.5687116666666667 -28.249795000000002 30.74786166666667
vertex -1.6843400000000002 -28.249795000000002 30.70767
endloop
endfacet
facet normal 0.32832470483172016 0 -0.9445649200542883
outer loop
vertex -1.5687116666666667 -24.24979666666667 30.74786166666667
vertex -1.6843400000000002 -28.249795000000002 30.70767
vertex -1.6843400000000002 -24.24979666666667 30.70767
endloop
endfacet
facet normal 0.34780682295851983 0 -0.9375662184099325
outer loop
vertex -1.6843400000000002 -24.24979666666667 30.70767
vertex -1.6843400000000002 -28.249795000000002 30.70767
vertex -1.79935 -28.249795000000002 30.665005
endloop
endfacet
facet normal 0.34780682295851983 0 -0.9375662184099325
outer loop
vertex -1.6843400000000002 -24.24979666666667 30.70767
vertex -1.79935 -28.249795000000002 30.665005
vertex -1.79935 -24.24979666666667 30.665005
endloop
endfacet
facet normal 0.3731287424958757 0 -0.9277795759357104
outer loop
vertex -1.79935 -24.24979666666667 30.665005
vertex -1.79935 -28.249795000000002 30.665005
vertex -1.9131233333333335 -28.249795000000002 30.619248333333335
endloop
endfacet
facet normal 0.3731287424958757 0 -0.9277795759357104
outer loop
vertex -1.79935 -24.24979666666667 30.665005
vertex -1.9131233333333335 -28.249795000000002 30.619248333333335
vertex -1.9131233333333335 -24.24979666666667 30.619248333333335
endloop
endfacet
facet normal 0.39209844066646576 0 -0.9199232646405492
outer loop
vertex -1.9131233333333335 -24.24979666666667 30.619248333333335
vertex -1.9131233333333335 -28.249795000000002 30.619248333333335
vertex -2.0262783333333334 -28.249795000000002 30.571018333333335
endloop
endfacet
facet normal 0.39209844066646576 0 -0.9199232646405492
outer loop
vertex -1.9131233333333335 -24.24979666666667 30.619248333333335
vertex -2.0262783333333334 -28.249795000000002 30.571018333333335
vertex -2.0262783333333334 -24.24979666666667 30.571018333333335
endloop
endfacet
facet normal 0.4187382221559075 0 -0.908106987807995
outer loop
vertex -2.0262783333333334 -24.24979666666667 30.571018333333335
vertex -2.0262783333333334 -28.249795000000002 30.571018333333335
vertex -2.1375783333333334 -28.249795000000002 30.51969666666667
endloop
endfacet
facet normal 0.4187382221559075 0 -0.908106987807995
outer loop
vertex -2.0262783333333334 -24.24979666666667 30.571018333333335
vertex -2.1375783333333334 -28.249795000000002 30.51969666666667
vertex -2.1375783333333334 -24.24979666666667 30.51969666666667
endloop
endfacet
facet normal 0.4371362591496762 0 -0.8993952918136869
outer loop
vertex -2.1375783333333334 -24.24979666666667 30.51969666666667
vertex -2.1375783333333334 -28.249795000000002 30.51969666666667
vertex -2.24826 -28.249795000000002 30.465901666666667
endloop
endfacet
facet normal 0.4371362591496762 0 -0.8993952918136869
outer loop
vertex -2.1375783333333334 -24.24979666666667 30.51969666666667
vertex -2.24826 -28.249795000000002 30.465901666666667
vertex -2.24826 -24.24979666666667 30.465901666666667
endloop
endfacet
facet normal 0.4592856096849912 0 -0.8882886516984702
outer loop
vertex -2.24826 -24.24979666666667 30.465901666666667
vertex -2.24826 -28.249795000000002 30.465901666666667
vertex -2.357086666666667 -28.249795000000002 30.409633333333336
endloop
endfacet
facet normal 0.4592856096849912 0 -0.8882886516984702
outer loop
vertex -2.24826 -24.24979666666667 30.465901666666667
vertex -2.357086666666667 -28.249795000000002 30.409633333333336
vertex -2.357086666666667 -24.24979666666667 30.409633333333336
endloop
endfacet
facet normal 0.48307734291134624 0 -0.875577684026788
outer loop
vertex -2.357086666666667 -24.24979666666667 30.409633333333336
vertex -2.357086666666667 -28.249795000000002 30.409633333333336
vertex -2.4646766666666666 -28.249795000000002 30.350273333333334
endloop
endfacet
facet normal 0.48307734291134624 0 -0.875577684026788
outer loop
vertex -2.357086666666667 -24.24979666666667 30.409633333333336
vertex -2.4646766666666666 -28.249795000000002 30.350273333333334
vertex -2.4646766666666666 -24.24979666666667 30.350273333333334
endloop
endfacet
facet normal 0.5048123450177971 0 -0.8632291099804456
outer loop
vertex -2.4646766666666666 -24.24979666666667 30.350273333333334
vertex -2.4646766666666666 -28.249795000000002 30.350273333333334
vertex -2.5704116666666668 -28.249795000000002 30.28844
endloop
endfacet
facet normal 0.5048123450177971 0 -0.8632291099804456
outer loop
vertex -2.4646766666666666 -24.24979666666667 30.350273333333334
vertex -2.5704116666666668 -28.249795000000002 30.28844
vertex -2.5704116666666668 -24.24979666666667 30.28844
endloop
endfacet
facet normal 0.5240974256643364 0 -0.851658316704543
outer loop
vertex -2.5704116666666668 -24.24979666666667 30.28844
vertex -2.5704116666666668 -28.249795000000002 30.28844
vertex -2.67491 -28.249795000000002 30.224133333333334
endloop
endfacet
facet normal 0.5240974256643364 0 -0.851658316704543
outer loop
vertex -2.5704116666666668 -24.24979666666667 30.28844
vertex -2.67491 -28.249795000000002 30.224133333333334
vertex -2.67491 -24.24979666666667 30.224133333333334
endloop
endfacet
facet normal 0.545343273616277 0 -0.8382128094472684
outer loop
vertex -2.67491 -24.24979666666667 30.224133333333334
vertex -2.67491 -28.249795000000002 30.224133333333334
vertex -2.7775533333333335 -28.249795000000002 30.157353333333337
endloop
endfacet
facet normal 0.545343273616277 0 -0.8382128094472684
outer loop
vertex -2.67491 -24.24979666666667 30.224133333333334
vertex -2.7775533333333335 -28.249795000000002 30.157353333333337
vertex -2.7775533333333335 -24.24979666666667 30.157353333333337
endloop
endfacet
facet normal 0.5639616461575466 0 -0.8258009818735204
outer loop
vertex -2.7775533333333335 -24.24979666666667 30.157353333333337
vertex -2.7775533333333335 -28.249795000000002 30.157353333333337
vertex -2.87896 -28.249795000000002 30.0881
endloop
endfacet
facet normal 0.5639616461575466 0 -0.8258009818735204
outer loop
vertex -2.7775533333333335 -24.24979666666667 30.157353333333337
vertex -2.87896 -28.249795000000002 30.0881
vertex -2.87896 -24.24979666666667 30.0881
endloop
endfacet
facet normal 0.5878729002357558 0 -0.8089533071620394
outer loop
vertex -2.87896 -24.24979666666667 30.0881
vertex -2.87896 -28.249795000000002 30.0881
vertex -2.978511666666667 -28.249795000000002 30.015755000000002
endloop
endfacet
facet normal 0.5878729002357558 0 -0.8089533071620394
outer loop
vertex -2.87896 -24.24979666666667 30.0881
vertex -2.978511666666667 -28.249795000000002 30.015755000000002
vertex -2.978511666666667 -24.24979666666667 30.015755000000002
endloop
endfacet
facet normal 0.6048276465777979 0 -0.7963564013274222
outer loop
vertex -2.978511666666667 -24.24979666666667 30.015755000000002
vertex -2.978511666666667 -28.249795000000002 30.015755000000002
vertex -3.0762083333333337 -28.249795000000002 29.941555
endloop
endfacet
facet normal 0.6048276465777979 0 -0.7963564013274222
outer loop
vertex -2.978511666666667 -24.24979666666667 30.015755000000002
vertex -3.0762083333333337 -28.249795000000002 29.941555
vertex -3.0762083333333337 -24.24979666666667 29.941555
endloop
endfacet
facet normal 0.624695047554419 0 -0.7808688094430346
outer loop
vertex -3.0762083333333337 -24.24979666666667 29.941555
vertex -3.0762083333333337 -28.249795000000002 29.941555
vertex -3.17205 -28.249795000000002 29.86488166666667
endloop
endfacet
facet normal 0.624695047554419 0 -0.7808688094430346
outer loop
vertex -3.0762083333333337 -24.24979666666667 29.941555
vertex -3.17205 -28.249795000000002 29.86488166666667
vertex -3.17205 -24.24979666666667 29.86488166666667
endloop
endfacet
facet normal 0.6411770393735668 0 -0.7673929920061477
outer loop
vertex -3.17205 -24.24979666666667 29.86488166666667
vertex -3.17205 -28.249795000000002 29.86488166666667
vertex -3.266036666666667 -28.249795000000002 29.786353333333334
endloop
endfacet
facet normal 0.6411770393735668 0 -0.7673929920061477
outer loop
vertex -3.17205 -24.24979666666667 29.86488166666667
vertex -3.266036666666667 -28.249795000000002 29.786353333333334
vertex -3.266036666666667 -24.24979666666667 29.786353333333334
endloop
endfacet
facet normal 0.6656148469584058 0 -0.7462954344685072
outer loop
vertex -3.266036666666667 -24.24979666666667 29.786353333333334
vertex -3.266036666666667 -28.249795000000002 29.786353333333334
vertex -3.3575500000000003 -28.249795000000002 29.704733333333333
endloop
endfacet
facet normal 0.6656148469584058 0 -0.7462954344685072
outer loop
vertex -3.266036666666667 -24.24979666666667 29.786353333333334
vertex -3.3575500000000003 -28.249795000000002 29.704733333333333
vertex -3.3575500000000003 -24.24979666666667 29.704733333333333
endloop
endfacet
facet normal 0.6789064648480254 0 -0.7342247693911973
outer loop
vertex -3.3575500000000003 -24.24979666666667 29.704733333333333
vertex -3.3575500000000003 -28.249795000000002 29.704733333333333
vertex -3.447826666666667 -28.249795000000002 29.621258333333333
endloop
endfacet
facet normal 0.6789064648480254 0 -0.7342247693911973
outer loop
vertex -3.3575500000000003 -24.24979666666667 29.704733333333333
vertex -3.447826666666667 -28.249795000000002 29.621258333333333
vertex -3.447826666666667 -24.24979666666667 29.621258333333333
endloop
endfacet
facet normal 0.6995177339777804 0 -0.7146152390276821
outer loop
vertex -3.447826666666667 -24.24979666666667 29.621258333333333
vertex -3.447826666666667 -28.249795000000002 29.621258333333333
vertex -3.5356300000000003 -28.249795000000002 29.535310000000003
endloop
endfacet
facet normal 0.6995177339777804 0 -0.7146152390276821
outer loop
vertex -3.447826666666667 -24.24979666666667 29.621258333333333
vertex -3.5356300000000003 -28.249795000000002 29.535310000000003
vertex -3.5356300000000003 -24.24979666666667 29.535310000000003
endloop
endfacet
facet normal 0.7171351333107934 0 -0.696934143640065
outer loop
vertex -3.5356300000000003 -24.24979666666667 29.535310000000003
vertex -3.5356300000000003 -28.249795000000002 29.535310000000003
vertex -3.62096 -28.249795000000002 29.44750666666667
endloop
endfacet
facet normal 0.7171351333107934 0 -0.696934143640065
outer loop
vertex -3.5356300000000003 -24.24979666666667 29.535310000000003
vertex -3.62096 -28.249795000000002 29.44750666666667
vertex -3.62096 -24.24979666666667 29.44750666666667
endloop
endfacet
facet normal 0.7293803177241762 0 -0.6841084359343773
outer loop
vertex -3.62096 -24.24979666666667 29.44750666666667
vertex -3.62096 -28.249795000000002 29.44750666666667
vertex -3.7050533333333333 -28.249795000000002 29.357848333333333
endloop
endfacet
facet normal 0.7293803177241762 0 -0.6841084359343773
outer loop
vertex -3.62096 -24.24979666666667 29.44750666666667
vertex -3.7050533333333333 -28.249795000000002 29.357848333333333
vertex -3.7050533333333333 -24.24979666666667 29.357848333333333
endloop
endfacet
facet normal 0.7510134067627035 0 -0.6602869549390462
outer loop
vertex -3.7050533333333333 -24.24979666666667 29.357848333333333
vertex -3.7050533333333333 -28.249795000000002 29.357848333333333
vertex -3.786055 -28.249795000000002 29.26571666666667
endloop
endfacet
facet normal 0.7510134067627035 0 -0.6602869549390462
outer loop
vertex -3.7050533333333333 -24.24979666666667 29.357848333333333
vertex -3.786055 -28.249795000000002 29.26571666666667
vertex -3.786055 -24.24979666666667 29.26571666666667
endloop
endfacet
facet normal 0.7649111981170613 0 -0.6441357457827672
outer loop
vertex -3.786055 -24.24979666666667 29.26571666666667
vertex -3.786055 -28.249795000000002 29.26571666666667
vertex -3.8652016666666666 -28.249795000000002 29.17173
endloop
endfacet
facet normal 0.7649111981170613 0 -0.6441357457827672
outer loop
vertex -3.786055 -24.24979666666667 29.26571666666667
vertex -3.8652016666666666 -28.249795000000002 29.17173
vertex -3.8652016666666666 -24.24979666666667 29.17173
endloop
endfacet
facet normal 0.7808688094430251 0 -0.6246950475544308
outer loop
vertex -3.8652016666666666 -24.24979666666667 29.17173
vertex -3.8652016666666666 -28.249795000000002 29.17173
vertex -3.941875 -28.249795000000002 29.075888333333335
endloop
endfacet
facet normal 0.7808688094430251 0 -0.6246950475544308
outer loop
vertex -3.8652016666666666 -24.24979666666667 29.17173
vertex -3.941875 -28.249795000000002 29.075888333333335
vertex -3.941875 -24.24979666666667 29.075888333333335
endloop
endfacet
facet normal 0.7963564013274302 0 -0.6048276465777875
outer loop
vertex -3.941875 -24.24979666666667 29.075888333333335
vertex -3.941875 -28.249795000000002 29.075888333333335
vertex -4.016075 -28.249795000000002 28.978191666666667
endloop
endfacet
facet normal 0.7963564013274302 0 -0.6048276465777875
outer loop
vertex -3.941875 -24.24979666666667 29.075888333333335
vertex -4.016075 -28.249795000000002 28.978191666666667
vertex -4.016075 -24.24979666666667 28.978191666666667
endloop
endfacet
facet normal 0.8096104433943817 0 -0.586967571460939
outer loop
vertex -4.016075 -24.24979666666667 28.978191666666667
vertex -4.016075 -28.249795000000002 28.978191666666667
vertex -4.0878016666666666 -28.249795000000002 28.879258333333336
endloop
endfacet
facet normal 0.8096104433943817 0 -0.586967571460939
outer loop
vertex -4.016075 -24.24979666666667 28.978191666666667
vertex -4.0878016666666666 -28.249795000000002 28.879258333333336
vertex -4.0878016666666666 -24.24979666666667 28.879258333333336
endloop
endfacet
facet normal 0.8258009818735339 0 -0.5639616461575265
outer loop
vertex -4.0878016666666666 -24.24979666666667 28.879258333333336
vertex -4.0878016666666666 -28.249795000000002 28.879258333333336
vertex -4.157055000000001 -28.249795000000002 28.777851666666667
endloop
endfacet
facet normal 0.8258009818735339 0 -0.5639616461575265
outer loop
vertex -4.0878016666666666 -24.24979666666667 28.879258333333336
vertex -4.157055000000001 -28.249795000000002 28.777851666666667
vertex -4.157055000000001 -24.24979666666667 28.777851666666667
endloop
endfacet
facet normal 0.8359035176218748 0 -0.5488764061493043
outer loop
vertex -4.157055000000001 -24.24979666666667 28.777851666666667
vertex -4.157055000000001 -28.249795000000002 28.777851666666667
vertex -4.224453333333334 -28.249795000000002 28.675208333333334
endloop
endfacet
facet normal 0.8359035176218748 0 -0.5488764061493043
outer loop
vertex -4.157055000000001 -24.24979666666667 28.777851666666667
vertex -4.224453333333334 -28.249795000000002 28.675208333333334
vertex -4.224453333333334 -24.24979666666667 28.675208333333334
endloop
endfacet
facet normal 0.8516583167045432 0 -0.524097425664336
outer loop
vertex -4.224453333333334 -24.24979666666667 28.675208333333334
vertex -4.224453333333334 -28.249795000000002 28.675208333333334
vertex -4.28876 -28.249795000000002 28.570710000000002
endloop
endfacet
facet normal 0.8516583167045432 0 -0.524097425664336
outer loop
vertex -4.224453333333334 -24.24979666666667 28.675208333333334
vertex -4.28876 -28.249795000000002 28.570710000000002
vertex -4.28876 -24.24979666666667 28.570710000000002
endloop
endfacet
facet normal 0.8645071866841951 0 -0.5026204573745265
outer loop
vertex -4.28876 -24.24979666666667 28.570710000000002
vertex -4.28876 -28.249795000000002 28.570710000000002
vertex -4.350593333333333 -28.249795000000002 28.464356666666667
endloop
endfacet
facet normal 0.8645071866841951 0 -0.5026204573745265
outer loop
vertex -4.28876 -24.24979666666667 28.570710000000002
vertex -4.350593333333333 -28.249795000000002 28.464356666666667
vertex -4.350593333333333 -24.24979666666667 28.464356666666667
endloop
endfacet
facet normal 0.8777027271809196 0 -0.4792055119666054
outer loop
vertex -4.350593333333333 -24.24979666666667 28.464356666666667
vertex -4.350593333333333 -28.249795000000002 28.464356666666667
vertex -4.4093350000000004 -28.249795000000002 28.35676666666667
endloop
endfacet
facet normal 0.8777027271809196 0 -0.4792055119666054
outer loop
vertex -4.350593333333333 -24.24979666666667 28.464356666666667
vertex -4.4093350000000004 -28.249795000000002 28.35676666666667
vertex -4.4093350000000004 -24.24979666666667 28.35676666666667
endloop
endfacet
facet normal 0.8862254439618422 0 -0.4632542093436771
outer loop
vertex -4.4093350000000004 -24.24979666666667 28.35676666666667
vertex -4.4093350000000004 -28.249795000000002 28.35676666666667
vertex -4.466221666666667 -28.249795000000002 28.24794
endloop
endfacet
facet normal 0.8862254439618422 0 -0.4632542093436771
outer loop
vertex -4.4093350000000004 -24.24979666666667 28.35676666666667
vertex -4.466221666666667 -28.249795000000002 28.24794
vertex -4.466221666666667 -24.24979666666667 28.24794
endloop
endfacet
facet normal 0.8984286137271962 0 -0.43911960333857614
outer loop
vertex -4.466221666666667 -24.24979666666667 28.24794
vertex -4.466221666666667 -28.249795000000002 28.24794
vertex -4.520016666666667 -28.249795000000002 28.137876666666667
endloop
endfacet
facet normal 0.8984286137271962 0 -0.43911960333857614
outer loop
vertex -4.466221666666667 -24.24979666666667 28.24794
vertex -4.520016666666667 -28.249795000000002 28.137876666666667
vertex -4.520016666666667 -24.24979666666667 28.137876666666667
endloop
endfacet
facet normal 0.9089855493228023 0 -0.4168276275900186
outer loop
vertex -4.520016666666667 -24.24979666666667 28.137876666666667
vertex -4.520016666666667 -28.249795000000002 28.137876666666667
vertex -4.571338333333333 -28.249795000000002 28.025958333333335
endloop
endfacet
facet normal 0.9089855493228023 0 -0.4168276275900186
outer loop
vertex -4.520016666666667 -24.24979666666667 28.137876666666667
vertex -4.571338333333333 -28.249795000000002 28.025958333333335
vertex -4.571338333333333 -24.24979666666667 28.025958333333335
endloop
endfacet
facet normal 0.9191450300180578 0 -0.39391929857916763
outer loop
vertex -4.571338333333333 -24.24979666666667 28.025958333333335
vertex -4.571338333333333 -28.249795000000002 28.025958333333335
vertex -4.6195683333333335 -28.249795000000002 27.913421666666668
endloop
endfacet
facet normal 0.9191450300180578 0 -0.39391929857916763
outer loop
vertex -4.571338333333333 -24.24979666666667 28.025958333333335
vertex -4.6195683333333335 -28.249795000000002 27.913421666666668
vertex -4.6195683333333335 -24.24979666666667 27.913421666666668
endloop
endfacet
facet normal 0.9295181994964401 0 -0.3687762421915167
outer loop
vertex -4.6195683333333335 -24.24979666666667 27.913421666666668
vertex -4.6195683333333335 -28.249795000000002 27.913421666666668
vertex -4.664706666666667 -28.249795000000002 27.799648333333334
endloop
endfacet
facet normal 0.9295181994964401 0 -0.3687762421915167
outer loop
vertex -4.6195683333333335 -24.24979666666667 27.913421666666668
vertex -4.664706666666667 -28.249795000000002 27.799648333333334
vertex -4.664706666666667 -24.24979666666667 27.799648333333334
endloop
endfacet
facet normal 0.9359149553922903 0 -0.3522260584809809
outer loop
vertex -4.664706666666667 -24.24979666666667 27.799648333333334
vertex -4.664706666666667 -28.249795000000002 27.799648333333334
vertex -4.707990000000001 -28.249795000000002 27.684638333333336
endloop
endfacet
facet normal 0.9359149553922903 0 -0.3522260584809809
outer loop
vertex -4.664706666666667 -24.24979666666667 27.799648333333334
vertex -4.707990000000001 -28.249795000000002 27.684638333333336
vertex -4.707990000000001 -24.24979666666667 27.684638333333336
endloop
endfacet
facet normal 0.9466499060501461 0 -0.3222637978042983
outer loop
vertex -4.707990000000001 -24.24979666666667 27.684638333333336
vertex -4.707990000000001 -28.249795000000002 27.684638333333336
vertex -4.747563333333334 -28.249795000000002 27.568391666666667
endloop
endfacet
facet normal 0.9466499060501461 0 -0.3222637978042983
outer loop
vertex -4.707990000000001 -24.24979666666667 27.684638333333336
vertex -4.747563333333334 -28.249795000000002 27.568391666666667
vertex -4.747563333333334 -24.24979666666667 27.568391666666667
endloop
endfacet
facet normal 0.9531242671445411 0 -0.30257913242684337
outer loop
vertex -4.747563333333334 -24.24979666666667 27.568391666666667
vertex -4.747563333333334 -28.249795000000002 27.568391666666667
vertex -4.7846633333333335 -28.249795000000002 27.45152666666667
endloop
endfacet
facet normal 0.9531242671445411 0 -0.30257913242684337
outer loop
vertex -4.747563333333334 -24.24979666666667 27.568391666666667
vertex -4.7846633333333335 -28.249795000000002 27.45152666666667
vertex -4.7846633333333335 -24.24979666666667 27.45152666666667
endloop
endfacet
facet normal 0.9609523154160243 0 -0.2767140175281724
outer loop
vertex -4.7846633333333335 -24.24979666666667 27.45152666666667
vertex -4.7846633333333335 -28.249795000000002 27.45152666666667
vertex -4.818671666666667 -28.249795000000002 27.333425000000002
endloop
endfacet
facet normal 0.9609523154160243 0 -0.2767140175281724
outer loop
vertex -4.7846633333333335 -24.24979666666667 27.45152666666667
vertex -4.818671666666667 -28.249795000000002 27.333425000000002
vertex -4.818671666666667 -24.24979666666667 27.333425000000002
endloop
endfacet
facet normal 0.9664851269264962 0 -0.25672261183985007
outer loop
vertex -4.818671666666667 -24.24979666666667 27.333425000000002
vertex -4.818671666666667 -28.249795000000002 27.333425000000002
vertex -4.850206666666667 -28.249795000000002 27.214705000000002
endloop
endfacet
facet normal 0.9664851269264962 0 -0.25672261183985007
outer loop
vertex -4.818671666666667 -24.24979666666667 27.333425000000002
vertex -4.850206666666667 -28.249795000000002 27.214705000000002
vertex -4.850206666666667 -24.24979666666667 27.214705000000002
endloop
endfacet
facet normal 0.9727521091315564 0 -0.2318476529536339
outer loop
vertex -4.850206666666667 -24.24979666666667 27.214705000000002
vertex -4.850206666666667 -28.249795000000002 27.214705000000002
vertex -4.87865 -28.249795000000002 27.095366666666667
endloop
endfacet
facet normal 0.9727521091315564 0 -0.2318476529536339
outer loop
vertex -4.850206666666667 -24.24979666666667 27.214705000000002
vertex -4.87865 -28.249795000000002 27.095366666666667
vertex -4.87865 -24.24979666666667 27.095366666666667
endloop
endfacet
facet normal 0.9783889603076616 0 -0.20677292460110144
outer loop
vertex -4.87865 -24.24979666666667 27.095366666666667
vertex -4.87865 -28.249795000000002 27.095366666666667
vertex -4.904001666666667 -28.249795000000002 26.97541
endloop
endfacet
facet normal 0.9783889603076616 0 -0.20677292460110144
outer loop
vertex -4.87865 -24.24979666666667 27.095366666666667
vertex -4.904001666666667 -28.249795000000002 26.97541
vertex -4.904001666666667 -24.24979666666667 26.97541
endloop
endfacet
facet normal 0.9833821803872259 0 -0.18154747945610647
outer loop
vertex -4.904001666666667 -24.24979666666667 26.97541
vertex -4.904001666666667 -28.249795000000002 26.97541
vertex -4.926261666666667 -28.249795000000002 26.854835
endloop
endfacet
facet normal 0.9833821803872259 0 -0.18154747945610647
outer loop
vertex -4.904001666666667 -24.24979666666667 26.97541
vertex -4.926261666666667 -28.249795000000002 26.854835
vertex -4.926261666666667 -24.24979666666667 26.854835
endloop
endfacet
facet normal 0.9869328807756822 0 -0.16113189890215074
outer loop
vertex -4.926261666666667 -24.24979666666667 26.854835
vertex -4.926261666666667 -28.249795000000002 26.854835
vertex -4.946048333333334 -28.249795000000002 26.733641666666667
endloop
endfacet
facet normal 0.9869328807756822 0 -0.16113189890215074
outer loop
vertex -4.926261666666667 -24.24979666666667 26.854835
vertex -4.946048333333334 -28.249795000000002 26.733641666666667
vertex -4.946048333333334 -24.24979666666667 26.733641666666667
endloop
endfacet
facet normal 0.9914028316088118 0 -0.13084504376563133
outer loop
vertex -4.946048333333334 -24.24979666666667 26.733641666666667
vertex -4.946048333333334 -28.249795000000002 26.733641666666667
vertex -4.962125 -28.249795000000002 26.61183
endloop
endfacet
facet normal 0.9914028316088118 0 -0.13084504376563133
outer loop
vertex -4.946048333333334 -24.24979666666667 26.733641666666667
vertex -4.962125 -28.249795000000002 26.61183
vertex -4.962125 -24.24979666666667 26.61183
endloop
endfacet
facet normal 0.9938220587088779 0 -0.110985204525864
outer loop
vertex -4.962125 -24.24979666666667 26.61183
vertex -4.962125 -28.249795000000002 26.61183
vertex -4.9757283333333335 -28.249795000000002 26.490018333333335
endloop
endfacet
facet normal 0.9938220587088779 0 -0.110985204525864
outer loop
vertex -4.962125 -24.24979666666667 26.61183
vertex -4.9757283333333335 -28.249795000000002 26.490018333333335
vertex -4.9757283333333335 -24.24979666666667 26.490018333333335
endloop
endfacet
facet normal 0.996334405451752 0 -0.08554386309434343
outer loop
vertex -4.9757283333333335 -24.24979666666667 26.490018333333335
vertex -4.9757283333333335 -28.249795000000002 26.490018333333335
vertex -4.9862400000000004 -28.249795000000002 26.367588333333334
endloop
endfacet
facet normal 0.996334405451752 0 -0.08554386309434343
outer loop
vertex -4.9757283333333335 -24.24979666666667 26.490018333333335
vertex -4.9862400000000004 -28.249795000000002 26.367588333333334
vertex -4.9862400000000004 -24.24979666666667 26.367588333333334
endloop
endfacet
facet normal 0.9978515513277956 0 -0.06551550589526077
outer loop
vertex -4.9862400000000004 -24.24979666666667 26.367588333333334
vertex -4.9862400000000004 -28.249795000000002 26.367588333333334
vertex -4.994278333333334 -28.249795000000002 26.245158333333336
endloop
endfacet
facet normal 0.9978515513277956 0 -0.06551550589526077
outer loop
vertex -4.9862400000000004 -24.24979666666667 26.367588333333334
vertex -4.994278333333334 -28.249795000000002 26.245158333333336
vertex -4.994278333333334 -24.24979666666667 26.245158333333336
endloop
endfacet
facet normal 0.9993756489774441 0 -0.035331462337587285
outer loop
vertex -4.994278333333334 -24.24979666666667 26.245158333333336
vertex -4.994278333333334 -28.249795000000002 26.245158333333336
vertex -4.998606666666667 -28.249795000000002 26.122728333333335
endloop
endfacet
facet normal 0.9993756489774441 0 -0.035331462337587285
outer loop
vertex -4.994278333333334 -24.24979666666667 26.245158333333336
vertex -4.998606666666667 -28.249795000000002 26.122728333333335
vertex -4.998606666666667 -24.24979666666667 26.122728333333335
endloop
endfacet
facet normal 0.9999489887009642 0 -0.010100494835360416
outer loop
vertex -4.998606666666667 -24.24979666666667 26.122728333333335
vertex -4.998606666666667 -28.249795000000002 26.122728333333335
vertex -4.999843333333334 -28.249795000000002 26.000298333333333
endloop
endfacet
facet normal 0.9999489887009642 0 -0.010100494835360416
outer loop
vertex -4.998606666666667 -24.24979666666667 26.122728333333335
vertex -4.999843333333334 -28.249795000000002 26.000298333333333
vertex -4.999843333333334 -24.24979666666667 26.000298333333333
endloop
endfacet
facet normal 0.9999495000504678 0 0.010049743719097459
outer loop
vertex -4.999843333333334 -24.24979666666667 26.000298333333333
vertex -4.999843333333334 -28.249795000000002 26.000298333333333
vertex -4.998606666666667 -28.249795000000002 25.87725
endloop
endfacet
facet normal 0.9999495000504678 0 0.010049743719097459
outer loop
vertex -4.999843333333334 -24.24979666666667 26.000298333333333
vertex -4.998606666666667 -28.249795000000002 25.87725
vertex -4.998606666666667 -24.24979666666667 25.87725
endloop
endfacet
facet normal 0.9993756489774441 0 0.03533146233758831
outer loop
vertex -4.998606666666667 -24.24979666666667 25.87725
vertex -4.998606666666667 -28.249795000000002 25.87725
vertex -4.994278333333334 -28.249795000000002 25.754820000000002
endloop
endfacet
facet normal 0.9993756489774441 0 0.03533146233758831
outer loop
vertex -4.998606666666667 -24.24979666666667 25.87725
vertex -4.994278333333334 -28.249795000000002 25.754820000000002
vertex -4.994278333333334 -24.24979666666667 25.754820000000002
endloop
endfacet
facet normal 0.9978515513277956 0 0.06551550589525887
outer loop
vertex -4.994278333333334 -24.24979666666667 25.754820000000002
vertex -4.994278333333334 -28.249795000000002 25.754820000000002
vertex -4.9862400000000004 -28.249795000000002 25.63239
endloop
endfacet
facet normal 0.9978515513277956 0 0.06551550589525887
outer loop
vertex -4.994278333333334 -24.24979666666667 25.754820000000002
vertex -4.9862400000000004 -28.249795000000002 25.63239
vertex -4.9862400000000004 -24.24979666666667 25.63239
endloop
endfacet
facet normal 0.9963344054517518 0 0.0855438630943459
outer loop
vertex -4.9862400000000004 -24.24979666666667 25.63239
vertex -4.9862400000000004 -28.249795000000002 25.63239
vertex -4.9757283333333335 -28.249795000000002 25.509960000000003
endloop
endfacet
facet normal 0.9963344054517518 0 0.0855438630943459
outer loop
vertex -4.9862400000000004 -24.24979666666667 25.63239
vertex -4.9757283333333335 -28.249795000000002 25.509960000000003
vertex -4.9757283333333335 -24.24979666666667 25.509960000000003
endloop
endfacet
facet normal 0.9938220587088781 0 0.11098520452586078
outer loop
vertex -4.9757283333333335 -24.24979666666667 25.509960000000003
vertex -4.9757283333333335 -28.249795000000002 25.509960000000003
vertex -4.962125 -28.249795000000002 25.388148333333334
endloop
endfacet
facet normal 0.9938220587088781 0 0.11098520452586078
outer loop
vertex -4.9757283333333335 -24.24979666666667 25.509960000000003
vertex -4.962125 -28.249795000000002 25.388148333333334
vertex -4.962125 -24.24979666666667 25.388148333333334
endloop
endfacet
facet normal 0.9914028316088118 0 0.13084504376563133
outer loop
vertex -4.962125 -24.24979666666667 25.388148333333334
vertex -4.962125 -28.249795000000002 25.388148333333334
vertex -4.946048333333334 -28.249795000000002 25.266336666666668
endloop
endfacet
facet normal 0.9914028316088118 0 0.13084504376563133
outer loop
vertex -4.962125 -24.24979666666667 25.388148333333334
vertex -4.946048333333334 -28.249795000000002 25.266336666666668
vertex -4.946048333333334 -24.24979666666667 25.266336666666668
endloop
endfacet
facet normal 0.9869328807756822 0 0.16113189890215074
outer loop
vertex -4.946048333333334 -24.24979666666667 25.266336666666668
vertex -4.946048333333334 -28.249795000000002 25.266336666666668
vertex -4.926261666666667 -28.249795000000002 25.145143333333333
endloop
endfacet
facet normal 0.9869328807756822 0 0.16113189890215074
outer loop
vertex -4.946048333333334 -24.24979666666667 25.266336666666668
vertex -4.926261666666667 -28.249795000000002 25.145143333333333
vertex -4.926261666666667 -24.24979666666667 25.145143333333333
endloop
endfacet
facet normal 0.9833821803872259 0 0.18154747945610647
outer loop
vertex -4.926261666666667 -24.24979666666667 25.145143333333333
vertex -4.926261666666667 -28.249795000000002 25.145143333333333
vertex -4.904001666666667 -28.249795000000002 25.024568333333335
endloop
endfacet
facet normal 0.9833821803872259 0 0.18154747945610647
outer loop
vertex -4.926261666666667 -24.24979666666667 25.145143333333333
vertex -4.904001666666667 -28.249795000000002 25.024568333333335
vertex -4.904001666666667 -24.24979666666667 25.024568333333335
endloop
endfacet
facet normal 0.9783889603076616 0 0.20677292460110144
outer loop
vertex -4.904001666666667 -24.24979666666667 25.024568333333335
vertex -4.904001666666667 -28.249795000000002 25.024568333333335
vertex -4.87865 -28.249795000000002 24.904611666666668
endloop
endfacet
facet normal 0.9783889603076616 0 0.20677292460110144
outer loop
vertex -4.904001666666667 -24.24979666666667 25.024568333333335
vertex -4.87865 -28.249795000000002 24.904611666666668
vertex -4.87865 -24.24979666666667 24.904611666666668
endloop
endfacet
facet normal 0.9727521091315547 0 0.23184765295364043
outer loop
vertex -4.87865 -24.24979666666667 24.904611666666668
vertex -4.87865 -28.249795000000002 24.904611666666668
vertex -4.850206666666667 -28.249795000000002 24.785273333333336
endloop
endfacet
facet normal 0.9727521091315547 0 0.23184765295364043
outer loop
vertex -4.87865 -24.24979666666667 24.904611666666668
vertex -4.850206666666667 -28.249795000000002 24.785273333333336
vertex -4.850206666666667 -24.24979666666667 24.785273333333336
endloop
endfacet
facet normal 0.9664851269264981 0 0.2567226118398429
outer loop
vertex -4.850206666666667 -24.24979666666667 24.785273333333336
vertex -4.850206666666667 -28.249795000000002 24.785273333333336
vertex -4.818671666666667 -28.249795000000002 24.666553333333333
endloop
endfacet
facet normal 0.9664851269264981 0 0.2567226118398429
outer loop
vertex -4.850206666666667 -24.24979666666667 24.785273333333336
vertex -4.818671666666667 -28.249795000000002 24.666553333333333
vertex -4.818671666666667 -24.24979666666667 24.666553333333333
endloop
endfacet
facet normal 0.9609523154160221 0 0.2767140175281801
outer loop
vertex -4.818671666666667 -24.24979666666667 24.666553333333333
vertex -4.818671666666667 -28.249795000000002 24.666553333333333
vertex -4.7846633333333335 -28.249795000000002 24.54845166666667
endloop
endfacet
facet normal 0.9609523154160221 0 0.2767140175281801
outer loop
vertex -4.818671666666667 -24.24979666666667 24.666553333333333
vertex -4.7846633333333335 -28.249795000000002 24.54845166666667
vertex -4.7846633333333335 -24.24979666666667 24.54845166666667
endloop
endfacet
facet normal 0.9531242671445439 0 0.3025791324268351
outer loop
vertex -4.7846633333333335 -24.24979666666667 24.54845166666667
vertex -4.7846633333333335 -28.249795000000002 24.54845166666667
vertex -4.747563333333334 -28.249795000000002 24.431586666666668
endloop
endfacet
facet normal 0.9531242671445439 0 0.3025791324268351
outer loop
vertex -4.7846633333333335 -24.24979666666667 24.54845166666667
vertex -4.747563333333334 -28.249795000000002 24.431586666666668
vertex -4.747563333333334 -24.24979666666667 24.431586666666668
endloop
endfacet
facet normal 0.946649906050143 0 0.32226379780430714
outer loop
vertex -4.747563333333334 -24.24979666666667 24.431586666666668
vertex -4.747563333333334 -28.249795000000002 24.431586666666668
vertex -4.707990000000001 -28.249795000000002 24.315340000000003
endloop
endfacet
facet normal 0.946649906050143 0 0.32226379780430714
outer loop
vertex -4.747563333333334 -24.24979666666667 24.431586666666668
vertex -4.707990000000001 -28.249795000000002 24.315340000000003
vertex -4.707990000000001 -24.24979666666667 24.315340000000003
endloop
endfacet
facet normal 0.9359149553922939 0 0.3522260584809714
outer loop
vertex -4.707990000000001 -24.24979666666667 24.315340000000003
vertex -4.707990000000001 -28.249795000000002 24.315340000000003
vertex -4.664706666666667 -28.249795000000002 24.20033
endloop
endfacet
facet normal 0.9359149553922939 0 0.3522260584809714
outer loop
vertex -4.707990000000001 -24.24979666666667 24.315340000000003
vertex -4.664706666666667 -28.249795000000002 24.20033
vertex -4.664706666666667 -24.24979666666667 24.20033
endloop
endfacet
facet normal 0.9295181994964401 0 0.3687762421915167
outer loop
vertex -4.664706666666667 -24.24979666666667 24.20033
vertex -4.664706666666667 -28.249795000000002 24.20033
vertex -4.6195683333333335 -28.249795000000002 24.086556666666667
endloop
endfacet
facet normal 0.9295181994964401 0 0.3687762421915167
outer loop
vertex -4.664706666666667 -24.24979666666667 24.20033
vertex -4.6195683333333335 -28.249795000000002 24.086556666666667
vertex -4.6195683333333335 -24.24979666666667 24.086556666666667
endloop
endfacet
facet normal 0.9191450300180534 0 0.3939192985791782
outer loop
vertex -4.6195683333333335 -24.24979666666667 24.086556666666667
vertex -4.6195683333333335 -28.249795000000002 24.086556666666667
vertex -4.571338333333333 -28.249795000000002 23.974020000000003
endloop
endfacet
facet normal 0.9191450300180534 0 0.3939192985791782
outer loop
vertex -4.6195683333333335 -24.24979666666667 24.086556666666667
vertex -4.571338333333333 -28.249795000000002 23.974020000000003
vertex -4.571338333333333 -24.24979666666667 23.974020000000003
endloop
endfacet
facet normal 0.9089855493228073 0 0.4168276275900077
outer loop
vertex -4.571338333333333 -24.24979666666667 23.974020000000003
vertex -4.571338333333333 -28.249795000000002 23.974020000000003
vertex -4.520016666666667 -28.249795000000002 23.862101666666668
endloop
endfacet
facet normal 0.9089855493228073 0 0.4168276275900077
outer loop
vertex -4.571338333333333 -24.24979666666667 23.974020000000003
vertex -4.520016666666667 -28.249795000000002 23.862101666666668
vertex -4.520016666666667 -24.24979666666667 23.862101666666668
endloop
endfacet
facet normal 0.8984286137271962 0 0.43911960333857614
outer loop
vertex -4.520016666666667 -24.24979666666667 23.862101666666668
vertex -4.520016666666667 -28.249795000000002 23.862101666666668
vertex -4.466221666666667 -28.249795000000002 23.752038333333335
endloop
endfacet
facet normal 0.8984286137271962 0 0.43911960333857614
outer loop
vertex -4.520016666666667 -24.24979666666667 23.862101666666668
vertex -4.466221666666667 -28.249795000000002 23.752038333333335
vertex -4.466221666666667 -24.24979666666667 23.752038333333335
endloop
endfacet
facet normal 0.8862254439618361 0 0.46325420934368905
outer loop
vertex -4.466221666666667 -24.24979666666667 23.752038333333335
vertex -4.466221666666667 -28.249795000000002 23.752038333333335
vertex -4.4093350000000004 -28.249795000000002 23.64321166666667
endloop
endfacet
facet normal 0.8862254439618361 0 0.46325420934368905
outer loop
vertex -4.466221666666667 -24.24979666666667 23.752038333333335
vertex -4.4093350000000004 -28.249795000000002 23.64321166666667
vertex -4.4093350000000004 -24.24979666666667 23.64321166666667
endloop
endfacet
facet normal 0.8777027271809261 0 0.47920551196659317
outer loop
vertex -4.4093350000000004 -24.24979666666667 23.64321166666667
vertex -4.4093350000000004 -28.249795000000002 23.64321166666667
vertex -4.350593333333333 -28.249795000000002 23.535621666666668
endloop
endfacet
facet normal 0.8777027271809261 0 0.47920551196659317
outer loop
vertex -4.4093350000000004 -24.24979666666667 23.64321166666667
vertex -4.350593333333333 -28.249795000000002 23.535621666666668
vertex -4.350593333333333 -24.24979666666667 23.535621666666668
endloop
endfacet
facet normal 0.8645071866841951 0 0.5026204573745265
outer loop
vertex -4.350593333333333 -24.24979666666667 23.535621666666668
vertex -4.350593333333333 -28.249795000000002 23.535621666666668
vertex -4.28876 -28.249795000000002 23.429268333333333
endloop
endfacet
facet normal 0.8645071866841951 0 0.5026204573745265
outer loop
vertex -4.350593333333333 -24.24979666666667 23.535621666666668
vertex -4.28876 -28.249795000000002 23.429268333333333
vertex -4.28876 -24.24979666666667 23.429268333333333
endloop
endfacet
facet normal 0.8516583167045432 0 0.524097425664336
outer loop
vertex -4.28876 -24.24979666666667 23.429268333333333
vertex -4.28876 -28.249795000000002 23.429268333333333
vertex -4.224453333333334 -28.249795000000002 23.32477
endloop
endfacet
facet normal 0.8516583167045432 0 0.524097425664336
outer loop
vertex -4.28876 -24.24979666666667 23.429268333333333
vertex -4.224453333333334 -28.249795000000002 23.32477
vertex -4.224453333333334 -24.24979666666667 23.32477
endloop
endfacet
facet normal 0.8359035176218748 0 0.5488764061493043
outer loop
vertex -4.224453333333334 -24.24979666666667 23.32477
vertex -4.224453333333334 -28.249795000000002 23.32477
vertex -4.157055000000001 -28.249795000000002 23.222126666666668
endloop
endfacet
facet normal 0.8359035176218748 0 0.5488764061493043
outer loop
vertex -4.224453333333334 -24.24979666666667 23.32477
vertex -4.157055000000001 -28.249795000000002 23.222126666666668
vertex -4.157055000000001 -24.24979666666667 23.222126666666668
endloop
endfacet
facet normal 0.8258009818735248 0 0.5639616461575401
outer loop
vertex -4.157055000000001 -24.24979666666667 23.222126666666668
vertex -4.157055000000001 -28.249795000000002 23.222126666666668
vertex -4.0878016666666666 -28.249795000000002 23.120720000000002
endloop
endfacet
facet normal 0.8258009818735248 0 0.5639616461575401
outer loop
vertex -4.157055000000001 -24.24979666666667 23.222126666666668
vertex -4.0878016666666666 -28.249795000000002 23.120720000000002
vertex -4.0878016666666666 -24.24979666666667 23.120720000000002
endloop
endfacet
facet normal 0.8096104433943918 0 0.5869675714609254
outer loop
vertex -4.0878016666666666 -24.24979666666667 23.120720000000002
vertex -4.0878016666666666 -28.249795000000002 23.120720000000002
vertex -4.016075 -28.249795000000002 23.021786666666667
endloop
endfacet
facet normal 0.8096104433943918 0 0.5869675714609254
outer loop
vertex -4.0878016666666666 -24.24979666666667 23.120720000000002
vertex -4.016075 -28.249795000000002 23.021786666666667
vertex -4.016075 -24.24979666666667 23.021786666666667
endloop
endfacet
facet normal 0.7963564013274302 0 0.6048276465777875
outer loop
vertex -4.016075 -24.24979666666667 23.021786666666667
vertex -4.016075 -28.249795000000002 23.021786666666667
vertex -3.941875 -28.249795000000002 22.92409
endloop
endfacet
facet normal 0.7963564013274302 0 0.6048276465777875
outer loop
vertex -4.016075 -24.24979666666667 23.021786666666667
vertex -3.941875 -28.249795000000002 22.92409
vertex -3.941875 -24.24979666666667 22.92409
endloop
endfacet
facet normal 0.7808688094430251 0 0.6246950475544308
outer loop
vertex -3.941875 -24.24979666666667 22.92409
vertex -3.941875 -28.249795000000002 22.92409
vertex -3.8652016666666666 -28.249795000000002 22.828248333333335
endloop
endfacet
facet normal 0.7808688094430251 0 0.6246950475544308
outer loop
vertex -3.941875 -24.24979666666667 22.92409
vertex -3.8652016666666666 -28.249795000000002 22.828248333333335
vertex -3.8652016666666666 -24.24979666666667 22.828248333333335
endloop
endfacet
facet normal 0.7649111981170493 0 0.6441357457827814
outer loop
vertex -3.8652016666666666 -24.24979666666667 22.828248333333335
vertex -3.8652016666666666 -28.249795000000002 22.828248333333335
vertex -3.786055 -28.249795000000002 22.73426166666667
endloop
endfacet
facet normal 0.7649111981170493 0 0.6441357457827814
outer loop
vertex -3.8652016666666666 -24.24979666666667 22.828248333333335
vertex -3.786055 -28.249795000000002 22.73426166666667
vertex -3.786055 -24.24979666666667 22.73426166666667
endloop
endfacet
facet normal 0.751013406762716 0 0.6602869549390318
outer loop
vertex -3.786055 -24.24979666666667 22.73426166666667
vertex -3.786055 -28.249795000000002 22.73426166666667
vertex -3.7050533333333333 -28.249795000000002 22.64213
endloop
endfacet
facet normal 0.751013406762716 0 0.6602869549390318
outer loop
vertex -3.786055 -24.24979666666667 22.73426166666667
vertex -3.7050533333333333 -28.249795000000002 22.64213
vertex -3.7050533333333333 -24.24979666666667 22.64213
endloop
endfacet
facet normal 0.7293803177241627 0 0.6841084359343917
outer loop
vertex -3.7050533333333333 -24.24979666666667 22.64213
vertex -3.7050533333333333 -28.249795000000002 22.64213
vertex -3.62096 -28.249795000000002 22.55247166666667
endloop
endfacet
facet normal 0.7293803177241627 0 0.6841084359343917
outer loop
vertex -3.7050533333333333 -24.24979666666667 22.64213
vertex -3.62096 -28.249795000000002 22.55247166666667
vertex -3.62096 -24.24979666666667 22.55247166666667
endloop
endfacet
facet normal 0.7171351333107934 0 0.696934143640065
outer loop
vertex -3.62096 -24.24979666666667 22.55247166666667
vertex -3.62096 -28.249795000000002 22.55247166666667
vertex -3.5356300000000003 -28.249795000000002 22.464668333333336
endloop
endfacet
facet normal 0.7171351333107934 0 0.696934143640065
outer loop
vertex -3.62096 -24.24979666666667 22.55247166666667
vertex -3.5356300000000003 -28.249795000000002 22.464668333333336
vertex -3.5356300000000003 -24.24979666666667 22.464668333333336
endloop
endfacet
facet normal 0.6995177339777953 0 0.7146152390276678
outer loop
vertex -3.5356300000000003 -24.24979666666667 22.464668333333336
vertex -3.5356300000000003 -28.249795000000002 22.464668333333336
vertex -3.447826666666667 -28.249795000000002 22.37872
endloop
endfacet
facet normal 0.6995177339777953 0 0.7146152390276678
outer loop
vertex -3.5356300000000003 -24.24979666666667 22.464668333333336
vertex -3.447826666666667 -28.249795000000002 22.37872
vertex -3.447826666666667 -24.24979666666667 22.37872
endloop
endfacet
facet normal 0.6789064648480254 0 0.7342247693911973
outer loop
vertex -3.447826666666667 -24.24979666666667 22.37872
vertex -3.447826666666667 -28.249795000000002 22.37872
vertex -3.3575500000000003 -28.249795000000002 22.295245
endloop
endfacet
facet normal 0.6789064648480254 0 0.7342247693911973
outer loop
vertex -3.447826666666667 -24.24979666666667 22.37872
vertex -3.3575500000000003 -28.249795000000002 22.295245
vertex -3.3575500000000003 -24.24979666666667 22.295245
endloop
endfacet
facet normal 0.6627921885605919 0 0.7488033886028166
outer loop
vertex -3.3575500000000003 -24.24979666666667 22.295245
vertex -3.3575500000000003 -28.249795000000002 22.295245
vertex -3.266036666666667 -28.249795000000002 22.214243333333336
endloop
endfacet
facet normal 0.6627921885605919 0 0.7488033886028166
outer loop
vertex -3.3575500000000003 -24.24979666666667 22.295245
vertex -3.266036666666667 -28.249795000000002 22.214243333333336
vertex -3.266036666666667 -24.24979666666667 22.214243333333336
endloop
endfacet
facet normal 0.6441357457827779 0 0.7649111981170523
outer loop
vertex -3.266036666666667 -24.24979666666667 22.214243333333336
vertex -3.266036666666667 -28.249795000000002 22.214243333333336
vertex -3.17205 -28.249795000000002 22.13509666666667
endloop
endfacet
facet normal 0.6441357457827779 0 0.7649111981170523
outer loop
vertex -3.266036666666667 -24.24979666666667 22.214243333333336
vertex -3.17205 -28.249795000000002 22.13509666666667
vertex -3.17205 -24.24979666666667 22.13509666666667
endloop
endfacet
facet normal 0.6246950475544366 0 0.7808688094430204
outer loop
vertex -3.17205 -24.24979666666667 22.13509666666667
vertex -3.17205 -28.249795000000002 22.13509666666667
vertex -3.0762083333333337 -28.249795000000002 22.058423333333334
endloop
endfacet
facet normal 0.6246950475544366 0 0.7808688094430204
outer loop
vertex -3.17205 -24.24979666666667 22.13509666666667
vertex -3.0762083333333337 -28.249795000000002 22.058423333333334
vertex -3.0762083333333337 -24.24979666666667 22.058423333333334
endloop
endfacet
facet normal 0.6048276465777794 0 0.7963564013274361
outer loop
vertex -3.0762083333333337 -24.24979666666667 22.058423333333334
vertex -3.0762083333333337 -28.249795000000002 22.058423333333334
vertex -2.978511666666667 -28.249795000000002 21.984223333333336
endloop
endfacet
facet normal 0.6048276465777794 0 0.7963564013274361
outer loop
vertex -3.0762083333333337 -24.24979666666667 22.058423333333334
vertex -2.978511666666667 -28.249795000000002 21.984223333333336
vertex -2.978511666666667 -24.24979666666667 21.984223333333336
endloop
endfacet
facet normal 0.5878729002357748 0 0.8089533071620257
outer loop
vertex -2.978511666666667 -24.24979666666667 21.984223333333336
vertex -2.978511666666667 -28.249795000000002 21.984223333333336
vertex -2.87896 -28.249795000000002 21.911878333333334
endloop
endfacet
facet normal 0.5878729002357748 0 0.8089533071620257
outer loop
vertex -2.978511666666667 -24.24979666666667 21.984223333333336
vertex -2.87896 -28.249795000000002 21.911878333333334
vertex -2.87896 -24.24979666666667 21.911878333333334
endloop
endfacet
facet normal 0.5639616461575269 0 0.8258009818735339
outer loop
vertex -2.87896 -24.24979666666667 21.911878333333334
vertex -2.87896 -28.249795000000002 21.911878333333334
vertex -2.7775533333333335 -28.249795000000002 21.842625
endloop
endfacet
facet normal 0.5639616461575269 0 0.8258009818735339
outer loop
vertex -2.87896 -24.24979666666667 21.911878333333334
vertex -2.7775533333333335 -28.249795000000002 21.842625
vertex -2.7775533333333335 -24.24979666666667 21.842625
endloop
endfacet
facet normal 0.5453432736162974 0 0.8382128094472551
outer loop
vertex -2.7775533333333335 -24.24979666666667 21.842625
vertex -2.7775533333333335 -28.249795000000002 21.842625
vertex -2.67491 -28.249795000000002 21.775845
endloop
endfacet
facet normal 0.5453432736162974 0 0.8382128094472551
outer loop
vertex -2.7775533333333335 -24.24979666666667 21.842625
vertex -2.67491 -28.249795000000002 21.775845
vertex -2.67491 -24.24979666666667 21.775845
endloop
endfacet
facet normal 0.5240974256643364 0 0.851658316704543
outer loop
vertex -2.67491 -24.24979666666667 21.775845
vertex -2.67491 -28.249795000000002 21.775845
vertex -2.5704116666666668 -28.249795000000002 21.711538333333333
endloop
endfacet
facet normal 0.5240974256643364 0 0.851658316704543
outer loop
vertex -2.67491 -24.24979666666667 21.775845
vertex -2.5704116666666668 -28.249795000000002 21.711538333333333
vertex -2.5704116666666668 -24.24979666666667 21.711538333333333
endloop
endfacet
facet normal 0.5048123450177971 0 0.8632291099804456
outer loop
vertex -2.5704116666666668 -24.24979666666667 21.711538333333333
vertex -2.5704116666666668 -28.249795000000002 21.711538333333333
vertex -2.4646766666666666 -28.249795000000002 21.649705
endloop
endfacet
facet normal 0.5048123450177971 0 0.8632291099804456
outer loop
vertex -2.5704116666666668 -24.24979666666667 21.711538333333333
vertex -2.4646766666666666 -28.249795000000002 21.649705
vertex -2.4646766666666666 -24.24979666666667 21.649705
endloop
endfacet
facet normal 0.4830773429113239 0 0.8755776840268
outer loop
vertex -2.4646766666666666 -24.24979666666667 21.649705
vertex -2.4646766666666666 -28.249795000000002 21.649705
vertex -2.357086666666667 -28.249795000000002 21.590345000000003
endloop
endfacet
facet normal 0.4830773429113239 0 0.8755776840268
outer loop
vertex -2.4646766666666666 -24.24979666666667 21.649705
vertex -2.357086666666667 -28.249795000000002 21.590345000000003
vertex -2.357086666666667 -24.24979666666667 21.590345000000003
endloop
endfacet
facet normal 0.45928560968501414 0 0.8882886516984584
outer loop
vertex -2.357086666666667 -24.24979666666667 21.590345000000003
vertex -2.357086666666667 -28.249795000000002 21.590345000000003
vertex -2.24826 -28.249795000000002 21.534076666666667
endloop
endfacet
facet normal 0.45928560968501414 0 0.8882886516984584
outer loop
vertex -2.357086666666667 -24.24979666666667 21.590345000000003
vertex -2.24826 -28.249795000000002 21.534076666666667
vertex -2.24826 -24.24979666666667 21.534076666666667
endloop
endfacet
facet normal 0.4371362591496762 0 0.8993952918136869
outer loop
vertex -2.24826 -24.24979666666667 21.534076666666667
vertex -2.24826 -28.249795000000002 21.534076666666667
vertex -2.1375783333333334 -28.249795000000002 21.480281666666666
endloop
endfacet
facet normal 0.4371362591496762 0 0.8993952918136869
outer loop
vertex -2.24826 -24.24979666666667 21.534076666666667
vertex -2.1375783333333334 -28.249795000000002 21.480281666666666
vertex -2.1375783333333334 -24.24979666666667 21.480281666666666
endloop
endfacet
facet normal 0.4187382221559075 0 0.908106987807995
outer loop
vertex -2.1375783333333334 -24.24979666666667 21.480281666666666
vertex -2.1375783333333334 -28.249795000000002 21.480281666666666
vertex -2.0262783333333334 -28.249795000000002 21.42896
endloop
endfacet
facet normal 0.4187382221559075 0 0.908106987807995
outer loop
vertex -2.1375783333333334 -24.24979666666667 21.480281666666666
vertex -2.0262783333333334 -28.249795000000002 21.42896
vertex -2.0262783333333334 -24.24979666666667 21.42896
endloop
endfacet
facet normal 0.39209844066646576 0 0.9199232646405492
outer loop
vertex -2.0262783333333334 -24.24979666666667 21.42896
vertex -2.0262783333333334 -28.249795000000002 21.42896
vertex -1.9131233333333335 -28.249795000000002 21.38073
endloop
endfacet
facet normal 0.39209844066646576 0 0.9199232646405492
outer loop
vertex -2.0262783333333334 -24.24979666666667 21.42896
vertex -1.9131233333333335 -28.249795000000002 21.38073
vertex -1.9131233333333335 -24.24979666666667 21.38073
endloop
endfacet
facet normal 0.3731287424958757 0 0.9277795759357104
outer loop
vertex -1.9131233333333335 -24.24979666666667 21.38073
vertex -1.9131233333333335 -28.249795000000002 21.38073
vertex -1.79935 -28.249795000000002 21.334973333333334
endloop
endfacet
facet normal 0.3731287424958757 0 0.9277795759357104
outer loop
vertex -1.9131233333333335 -24.24979666666667 21.38073
vertex -1.79935 -28.249795000000002 21.334973333333334
vertex -1.79935 -24.24979666666667 21.334973333333334
endloop
endfacet
facet normal 0.34780682295851983 0 0.9375662184099325
outer loop
vertex -1.79935 -24.24979666666667 21.334973333333334
vertex -1.79935 -28.249795000000002 21.334973333333334
vertex -1.6843400000000002 -28.249795000000002 21.292308333333335
endloop
endfacet
facet normal 0.34780682295851983 0 0.9375662184099325
outer loop
vertex -1.79935 -24.24979666666667 21.334973333333334
vertex -1.6843400000000002 -28.249795000000002 21.292308333333335
vertex -1.6843400000000002 -24.24979666666667 21.292308333333335
endloop
endfacet
facet normal 0.3283247048316942 0 0.944564920054297
outer loop
vertex -1.6843400000000002 -24.24979666666667 21.292308333333335
vertex -1.6843400000000002 -28.249795000000002 21.292308333333335
vertex -1.5687116666666667 -28.249795000000002 21.25211666666667
endloop
endfacet
facet normal 0.3283247048316942 0 0.944564920054297
outer loop
vertex -1.6843400000000002 -24.24979666666667 21.292308333333335
vertex -1.5687116666666667 -28.249795000000002 21.25211666666667
vertex -1.5687116666666667 -24.24979666666667 21.25211666666667
endloop
endfacet
facet normal 0.3011313679371146 0 0.9535826651341363
outer loop
vertex -1.5687116666666667 -24.24979666666667 21.25211666666667
vertex -1.5687116666666667 -28.249795000000002 21.25211666666667
vertex -1.4512283333333333 -28.249795000000002 21.215016666666667
endloop
endfacet
facet normal 0.3011313679371146 0 0.9535826651341363
outer loop
vertex -1.5687116666666667 -24.24979666666667 21.25211666666667
vertex -1.4512283333333333 -28.249795000000002 21.215016666666667
vertex -1.4512283333333333 -24.24979666666667 21.215016666666667
endloop
endfacet
facet normal 0.2780580765410511 0 0.9605642644145632
outer loop
vertex -1.4512283333333333 -24.24979666666667 21.215016666666667
vertex -1.4512283333333333 -28.249795000000002 21.215016666666667
vertex -1.333745 -28.249795000000002 21.181008333333335
endloop
endfacet
facet normal 0.2780580765410511 0 0.9605642644145632
outer loop
vertex -1.4512283333333333 -24.24979666666667 21.215016666666667
vertex -1.333745 -28.249795000000002 21.181008333333335
vertex -1.333745 -24.24979666666667 21.181008333333335
endloop
endfacet
facet normal 0.2520115194074105 0 0.9677242345244685
outer loop
vertex -1.333745 -24.24979666666667 21.181008333333335
vertex -1.333745 -28.249795000000002 21.181008333333335
vertex -1.215025 -28.249795000000002 21.15009166666667
endloop
endfacet
facet normal 0.2520115194074105 0 0.9677242345244685
outer loop
vertex -1.333745 -24.24979666666667 21.181008333333335
vertex -1.215025 -28.249795000000002 21.15009166666667
vertex -1.215025 -24.24979666666667 21.15009166666667
endloop
endfacet
facet normal 0.23184765295365087 0 0.9727521091315523
outer loop
vertex -1.215025 -24.24979666666667 21.15009166666667
vertex -1.215025 -28.249795000000002 21.15009166666667
vertex -1.0956866666666667 -28.249795000000002 21.121648333333333
endloop
endfacet
facet normal 0.23184765295365087 0 0.9727521091315523
outer loop
vertex -1.215025 -24.24979666666667 21.15009166666667
vertex -1.0956866666666667 -28.249795000000002 21.121648333333333
vertex -1.0956866666666667 -24.24979666666667 21.121648333333333
endloop
endfacet
facet normal 0.20677292460109506 0 0.978388960307663
outer loop
vertex -1.0956866666666667 -24.24979666666667 21.121648333333333
vertex -1.0956866666666667 -28.249795000000002 21.121648333333333
vertex -0.9757300000000001 -28.249795000000002 21.096296666666667
endloop
endfacet
facet normal 0.20677292460109506 0 0.978388960307663
outer loop
vertex -1.0956866666666667 -24.24979666666667 21.121648333333333
vertex -0.9757300000000001 -28.249795000000002 21.096296666666667
vertex -0.9757300000000001 -24.24979666666667 21.096296666666667
endloop
endfacet
facet normal 0.1854992008070835 0 0.9826444150861151
outer loop
vertex -0.9757300000000001 -24.24979666666667 21.096296666666667
vertex -0.9757300000000001 -28.249795000000002 21.096296666666667
vertex -0.8545366666666667 -28.249795000000002 21.073418333333333
endloop
endfacet
facet normal 0.1854992008070835 0 0.9826444150861151
outer loop
vertex -0.9757300000000001 -24.24979666666667 21.096296666666667
vertex -0.8545366666666667 -28.249795000000002 21.073418333333333
vertex -0.8545366666666667 -24.24979666666667 21.073418333333333
endloop
endfacet
facet normal 0.15622134803455867 0 0.9877220714443234
outer loop
vertex -0.8545366666666667 -24.24979666666667 21.073418333333333
vertex -0.8545366666666667 -28.249795000000002 21.073418333333333
vertex -0.7333433333333333 -28.249795000000002 21.05425
endloop
endfacet
facet normal 0.15622134803455867 0 0.9877220714443234
outer loop
vertex -0.8545366666666667 -24.24979666666667 21.073418333333333
vertex -0.7333433333333333 -28.249795000000002 21.05425
vertex -0.7333433333333333 -24.24979666666667 21.05425
endloop
endfacet
facet normal 0.1364663624495483 0 0.9906447051893976
outer loop
vertex -0.7333433333333333 -24.24979666666667 21.05425
vertex -0.7333433333333333 -28.249795000000002 21.05425
vertex -0.6121500000000001 -28.249795000000002 21.037555
endloop
endfacet
facet normal 0.1364663624495483 0 0.9906447051893976
outer loop
vertex -0.7333433333333333 -24.24979666666667 21.05425
vertex -0.6121500000000001 -28.249795000000002 21.037555
vertex -0.6121500000000001 -24.24979666666667 21.037555
endloop
endfacet
facet normal 0.11098520452585618 0 0.9938220587088789
outer loop
vertex -0.6121500000000001 -24.24979666666667 21.037555
vertex -0.6121500000000001 -28.249795000000002 21.037555
vertex -0.4903383333333334 -28.249795000000002 21.02395166666667
endloop
endfacet
facet normal 0.11098520452585618 0 0.9938220587088789
outer loop
vertex -0.6121500000000001 -24.24979666666667 21.037555
vertex -0.4903383333333334 -28.249795000000002 21.02395166666667
vertex -0.4903383333333334 -24.24979666666667 21.02395166666667
endloop
endfacet
facet normal 0.0855438630943372 0 0.9963344054517527
outer loop
vertex -0.4903383333333334 -24.24979666666667 21.02395166666667
vertex -0.4903383333333334 -28.249795000000002 21.02395166666667
vertex -0.36790833333333334 -28.249795000000002 21.013440000000003
endloop
endfacet
facet normal 0.0855438630943372 0 0.9963344054517527
outer loop
vertex -0.4903383333333334 -24.24979666666667 21.02395166666667
vertex -0.36790833333333334 -28.249795000000002 21.013440000000003
vertex -0.36790833333333334 -24.24979666666667 21.013440000000003
endloop
endfacet
facet normal 0.060495060401917274 0 0.9981684966311893
outer loop
vertex -0.36790833333333334 -24.24979666666667 21.013440000000003
vertex -0.36790833333333334 -28.249795000000002 21.013440000000003
vertex -0.24547833333333335 -28.249795000000002 21.00602
endloop
endfacet
facet normal 0.060495060401917274 0 0.9981684966311893
outer loop
vertex -0.36790833333333334 -24.24979666666667 21.013440000000003
vertex -0.24547833333333335 -28.249795000000002 21.00602
vertex -0.24547833333333335 -24.24979666666667 21.00602
endloop
endfacet
facet normal 0.03515413726662905 0 0.9993819022941326
outer loop
vertex -0.24547833333333335 -24.24979666666667 21.00602
vertex -0.24547833333333335 -28.249795000000002 21.00602
vertex -0.12243000000000001 -28.249795000000002 21.001691666666666
endloop
endfacet
facet normal 0.03515413726662905 0 0.9993819022941326
outer loop
vertex -0.24547833333333335 -24.24979666666667 21.00602
vertex -0.12243000000000001 -28.249795000000002 21.001691666666666
vertex -0.12243000000000001 -24.24979666666667 21.001691666666666
endloop
endfacet
facet normal 0.015149776296259642 0 0.9998852355536476
outer loop
vertex -0.12243000000000001 -24.24979666666667 21.001691666666666
vertex -0.12243000000000001 -28.249795000000002 21.001691666666666
vertex 0 -28.249795000000002 20.999836666666667
endloop
endfacet
facet normal 0.015149776296259642 0 0.9998852355536476
outer loop
vertex -0.12243000000000001 -24.24979666666667 21.001691666666666
vertex 0 -28.249795000000002 20.999836666666667
vertex 0 -24.24979666666667 20.999836666666667
endloop
endfacet
facet normal -0.015149776296259642 0 0.9998852355536476
outer loop
vertex 0 -24.24979666666667 20.999836666666667
vertex 0 -28.249795000000002 20.999836666666667
vertex 0.12243000000000001 -28.249795000000002 21.001691666666666
endloop
endfacet
facet normal -0.015149776296259642 0 0.9998852355536476
outer loop
vertex 0 -24.24979666666667 20.999836666666667
vertex 0.12243000000000001 -28.249795000000002 21.001691666666666
vertex 0.12243000000000001 -24.24979666666667 21.001691666666666
endloop
endfacet
facet normal -0.03515413726662905 0 0.9993819022941326
outer loop
vertex 0.12243000000000001 -24.24979666666667 21.001691666666666
vertex 0.12243000000000001 -28.249795000000002 21.001691666666666
vertex 0.24547833333333335 -28.249795000000002 21.00602
endloop
endfacet
facet normal -0.03515413726662905 0 0.9993819022941326
outer loop
vertex 0.12243000000000001 -24.24979666666667 21.001691666666666
vertex 0.24547833333333335 -28.249795000000002 21.00602
vertex 0.24547833333333335 -24.24979666666667 21.00602
endloop
endfacet
facet normal -0.060495060401917274 0 0.9981684966311893
outer loop
vertex 0.24547833333333335 -24.24979666666667 21.00602
vertex 0.24547833333333335 -28.249795000000002 21.00602
vertex 0.36790833333333334 -28.249795000000002 21.013440000000003
endloop
endfacet
facet normal -0.060495060401917274 0 0.9981684966311893
outer loop
vertex 0.24547833333333335 -24.24979666666667 21.00602
vertex 0.36790833333333334 -28.249795000000002 21.013440000000003
vertex 0.36790833333333334 -24.24979666666667 21.013440000000003
endloop
endfacet
facet normal -0.0855438630943372 0 0.9963344054517527
outer loop
vertex 0.36790833333333334 -24.24979666666667 21.013440000000003
vertex 0.36790833333333334 -28.249795000000002 21.013440000000003
vertex 0.4903383333333334 -28.249795000000002 21.02395166666667
endloop
endfacet
facet normal -0.0855438630943372 0 0.9963344054517527
outer loop
vertex 0.36790833333333334 -24.24979666666667 21.013440000000003
vertex 0.4903383333333334 -28.249795000000002 21.02395166666667
vertex 0.4903383333333334 -24.24979666666667 21.02395166666667
endloop
endfacet
facet normal -0.11098520452585618 0 0.9938220587088789
outer loop
vertex 0.4903383333333334 -24.24979666666667 21.02395166666667
vertex 0.4903383333333334 -28.249795000000002 21.02395166666667
vertex 0.6121500000000001 -28.249795000000002 21.037555
endloop
endfacet
facet normal -0.11098520452585618 0 0.9938220587088789
outer loop
vertex 0.4903383333333334 -24.24979666666667 21.02395166666667
vertex 0.6121500000000001 -28.249795000000002 21.037555
vertex 0.6121500000000001 -24.24979666666667 21.037555
endloop
endfacet
facet normal -0.1364663624495483 0 0.9906447051893976
outer loop
vertex 0.6121500000000001 -24.24979666666667 21.037555
vertex 0.6121500000000001 -28.249795000000002 21.037555
vertex 0.7333433333333333 -28.249795000000002 21.05425
endloop
endfacet
facet normal -0.1364663624495483 0 0.9906447051893976
outer loop
vertex 0.6121500000000001 -24.24979666666667 21.037555
vertex 0.7333433333333333 -28.249795000000002 21.05425
vertex 0.7333433333333333 -24.24979666666667 21.05425
endloop
endfacet
facet normal -0.15622134803455867 0 0.9877220714443234
outer loop
vertex 0.7333433333333333 -24.24979666666667 21.05425
vertex 0.7333433333333333 -28.249795000000002 21.05425
vertex 0.8545366666666667 -28.249795000000002 21.073418333333333
endloop
endfacet
facet normal -0.15622134803455867 0 0.9877220714443234
outer loop
vertex 0.7333433333333333 -24.24979666666667 21.05425
vertex 0.8545366666666667 -28.249795000000002 21.073418333333333
vertex 0.8545366666666667 -24.24979666666667 21.073418333333333
endloop
endfacet
facet normal -0.1854992008070835 0 0.9826444150861151
outer loop
vertex 0.8545366666666667 -24.24979666666667 21.073418333333333
vertex 0.8545366666666667 -28.249795000000002 21.073418333333333
vertex 0.9757300000000001 -28.249795000000002 21.096296666666667
endloop
endfacet
facet normal -0.1854992008070835 0 0.9826444150861151
outer loop
vertex 0.8545366666666667 -24.24979666666667 21.073418333333333
vertex 0.9757300000000001 -28.249795000000002 21.096296666666667
vertex 0.9757300000000001 -24.24979666666667 21.096296666666667
endloop
endfacet
facet normal -0.20677292460109506 0 0.978388960307663
outer loop
vertex 0.9757300000000001 -24.24979666666667 21.096296666666667
vertex 0.9757300000000001 -28.249795000000002 21.096296666666667
vertex 1.0956866666666667 -28.249795000000002 21.121648333333333
endloop
endfacet
facet normal -0.20677292460109506 0 0.978388960307663
outer loop
vertex 0.9757300000000001 -24.24979666666667 21.096296666666667
vertex 1.0956866666666667 -28.249795000000002 21.121648333333333
vertex 1.0956866666666667 -24.24979666666667 21.121648333333333
endloop
endfacet
facet normal -0.23184765295365087 0 0.9727521091315523
outer loop
vertex 1.0956866666666667 -24.24979666666667 21.121648333333333
vertex 1.0956866666666667 -28.249795000000002 21.121648333333333
vertex 1.215025 -28.249795000000002 21.15009166666667
endloop
endfacet
facet normal -0.23184765295365087 0 0.9727521091315523
outer loop
vertex 1.0956866666666667 -24.24979666666667 21.121648333333333
vertex 1.215025 -28.249795000000002 21.15009166666667
vertex 1.215025 -24.24979666666667 21.15009166666667
endloop
endfacet
facet normal -0.2520115194074105 0 0.9677242345244685
outer loop
vertex 1.215025 -24.24979666666667 21.15009166666667
vertex 1.215025 -28.249795000000002 21.15009166666667
vertex 1.333745 -28.249795000000002 21.181008333333335
endloop
endfacet
facet normal -0.2520115194074105 0 0.9677242345244685
outer loop
vertex 1.215025 -24.24979666666667 21.15009166666667
vertex 1.333745 -28.249795000000002 21.181008333333335
vertex 1.333745 -24.24979666666667 21.181008333333335
endloop
endfacet
facet normal -0.2780580765410511 0 0.9605642644145632
outer loop
vertex 1.333745 -24.24979666666667 21.181008333333335
vertex 1.333745 -28.249795000000002 21.181008333333335
vertex 1.4512283333333333 -28.249795000000002 21.215016666666667
endloop
endfacet
facet normal -0.2780580765410511 0 0.9605642644145632
outer loop
vertex 1.333745 -24.24979666666667 21.181008333333335
vertex 1.4512283333333333 -28.249795000000002 21.215016666666667
vertex 1.4512283333333333 -24.24979666666667 21.215016666666667
endloop
endfacet
facet normal -0.3011313679371146 0 0.9535826651341363
outer loop
vertex 1.4512283333333333 -24.24979666666667 21.215016666666667
vertex 1.4512283333333333 -28.249795000000002 21.215016666666667
vertex 1.5687116666666667 -28.249795000000002 21.25211666666667
endloop
endfacet
facet normal -0.3011313679371146 0 0.9535826651341363
outer loop
vertex 1.4512283333333333 -24.24979666666667 21.215016666666667
vertex 1.5687116666666667 -28.249795000000002 21.25211666666667
vertex 1.5687116666666667 -24.24979666666667 21.25211666666667
endloop
endfacet
facet normal -0.3283247048316942 0 0.944564920054297
outer loop
vertex 1.5687116666666667 -24.24979666666667 21.25211666666667
vertex 1.5687116666666667 -28.249795000000002 21.25211666666667
vertex 1.6843400000000002 -28.249795000000002 21.292308333333335
endloop
endfacet
facet normal -0.3283247048316942 0 0.944564920054297
outer loop
vertex 1.5687116666666667 -24.24979666666667 21.25211666666667
vertex 1.6843400000000002 -28.249795000000002 21.292308333333335
vertex 1.6843400000000002 -24.24979666666667 21.292308333333335
endloop
endfacet
facet normal -0.34780682295851983 0 0.9375662184099325
outer loop
vertex 1.6843400000000002 -24.24979666666667 21.292308333333335
vertex 1.6843400000000002 -28.249795000000002 21.292308333333335
vertex 1.79935 -28.249795000000002 21.334973333333334
endloop
endfacet
facet normal -0.34780682295851983 0 0.9375662184099325
outer loop
vertex 1.6843400000000002 -24.24979666666667 21.292308333333335
vertex 1.79935 -28.249795000000002 21.334973333333334
vertex 1.79935 -24.24979666666667 21.334973333333334
endloop
endfacet
facet normal -0.3731287424958757 0 0.9277795759357104
outer loop
vertex 1.79935 -24.24979666666667 21.334973333333334
vertex 1.79935 -28.249795000000002 21.334973333333334
vertex 1.9131233333333335 -28.249795000000002 21.38073
endloop
endfacet
facet normal -0.3731287424958757 0 0.9277795759357104
outer loop
vertex 1.79935 -24.24979666666667 21.334973333333334
vertex 1.9131233333333335 -28.249795000000002 21.38073
vertex 1.9131233333333335 -24.24979666666667 21.38073
endloop
endfacet
facet normal -0.39209844066646576 0 0.9199232646405492
outer loop
vertex 1.9131233333333335 -24.24979666666667 21.38073
vertex 1.9131233333333335 -28.249795000000002 21.38073
vertex 2.0262783333333334 -28.249795000000002 21.42896
endloop
endfacet
facet normal -0.39209844066646576 0 0.9199232646405492
outer loop
vertex 1.9131233333333335 -24.24979666666667 21.38073
vertex 2.0262783333333334 -28.249795000000002 21.42896
vertex 2.0262783333333334 -24.24979666666667 21.42896
endloop
endfacet
facet normal -0.4187382221559075 0 0.908106987807995
outer loop
vertex 2.0262783333333334 -24.24979666666667 21.42896
vertex 2.0262783333333334 -28.249795000000002 21.42896
vertex 2.1375783333333334 -28.249795000000002 21.480281666666666
endloop
endfacet
facet normal -0.4187382221559075 0 0.908106987807995
outer loop
vertex 2.0262783333333334 -24.24979666666667 21.42896
vertex 2.1375783333333334 -28.249795000000002 21.480281666666666
vertex 2.1375783333333334 -24.24979666666667 21.480281666666666
endloop
endfacet
facet normal -0.4371362591496762 0 0.8993952918136869
outer loop
vertex 2.1375783333333334 -24.24979666666667 21.480281666666666
vertex 2.1375783333333334 -28.249795000000002 21.480281666666666
vertex 2.24826 -28.249795000000002 21.534076666666667
endloop
endfacet
facet normal -0.4371362591496762 0 0.8993952918136869
outer loop
vertex 2.1375783333333334 -24.24979666666667 21.480281666666666
vertex 2.24826 -28.249795000000002 21.534076666666667
vertex 2.24826 -24.24979666666667 21.534076666666667
endloop
endfacet
facet normal -0.45928560968501414 0 0.8882886516984584
outer loop
vertex 2.24826 -24.24979666666667 21.534076666666667
vertex 2.24826 -28.249795000000002 21.534076666666667
vertex 2.357086666666667 -28.249795000000002 21.590345000000003
endloop
endfacet
facet normal -0.45928560968501414 0 0.8882886516984584
outer loop
vertex 2.24826 -24.24979666666667 21.534076666666667
vertex 2.357086666666667 -28.249795000000002 21.590345000000003
vertex 2.357086666666667 -24.24979666666667 21.590345000000003
endloop
endfacet
facet normal -0.4830773429113239 0 0.8755776840268
outer loop
vertex 2.357086666666667 -24.24979666666667 21.590345000000003
vertex 2.357086666666667 -28.249795000000002 21.590345000000003
vertex 2.4646766666666666 -28.249795000000002 21.649705
endloop
endfacet
facet normal -0.4830773429113239 0 0.8755776840268
outer loop
vertex 2.357086666666667 -24.24979666666667 21.590345000000003
vertex 2.4646766666666666 -28.249795000000002 21.649705
vertex 2.4646766666666666 -24.24979666666667 21.649705
endloop
endfacet
facet normal -0.5048123450177971 0 0.8632291099804456
outer loop
vertex 2.4646766666666666 -24.24979666666667 21.649705
vertex 2.4646766666666666 -28.249795000000002 21.649705
vertex 2.5704116666666668 -28.249795000000002 21.711538333333333
endloop
endfacet
facet normal -0.5048123450177971 0 0.8632291099804456
outer loop
vertex 2.4646766666666666 -24.24979666666667 21.649705
vertex 2.5704116666666668 -28.249795000000002 21.711538333333333
vertex 2.5704116666666668 -24.24979666666667 21.711538333333333
endloop
endfacet
facet normal -0.5240974256643364 0 0.851658316704543
outer loop
vertex 2.5704116666666668 -24.24979666666667 21.711538333333333
vertex 2.5704116666666668 -28.249795000000002 21.711538333333333
vertex 2.67491 -28.249795000000002 21.775845
endloop
endfacet
facet normal -0.5240974256643364 0 0.851658316704543
outer loop
vertex 2.5704116666666668 -24.24979666666667 21.711538333333333
vertex 2.67491 -28.249795000000002 21.775845
vertex 2.67491 -24.24979666666667 21.775845
endloop
endfacet
facet normal -0.5453432736162974 0 0.8382128094472551
outer loop
vertex 2.67491 -24.24979666666667 21.775845
vertex 2.67491 -28.249795000000002 21.775845
vertex 2.7775533333333335 -28.249795000000002 21.842625
endloop
endfacet
facet normal -0.5453432736162974 0 0.8382128094472551
outer loop
vertex 2.67491 -24.24979666666667 21.775845
vertex 2.7775533333333335 -28.249795000000002 21.842625
vertex 2.7775533333333335 -24.24979666666667 21.842625
endloop
endfacet
facet normal -0.5639616461575269 0 0.8258009818735339
outer loop
vertex 2.7775533333333335 -24.24979666666667 21.842625
vertex 2.7775533333333335 -28.249795000000002 21.842625
vertex 2.87896 -28.249795000000002 21.911878333333334
endloop
endfacet
facet normal -0.5639616461575269 0 0.8258009818735339
outer loop
vertex 2.7775533333333335 -24.24979666666667 21.842625
vertex 2.87896 -28.249795000000002 21.911878333333334
vertex 2.87896 -24.24979666666667 21.911878333333334
endloop
endfacet
facet normal -0.5878729002357748 0 0.8089533071620257
outer loop
vertex 2.87896 -24.24979666666667 21.911878333333334
vertex 2.87896 -28.249795000000002 21.911878333333334
vertex 2.978511666666667 -28.249795000000002 21.984223333333336
endloop
endfacet
facet normal -0.5878729002357748 0 0.8089533071620257
outer loop
vertex 2.87896 -24.24979666666667 21.911878333333334
vertex 2.978511666666667 -28.249795000000002 21.984223333333336
vertex 2.978511666666667 -24.24979666666667 21.984223333333336
endloop
endfacet
facet normal -0.6048276465777794 0 0.7963564013274361
outer loop
vertex 2.978511666666667 -24.24979666666667 21.984223333333336
vertex 2.978511666666667 -28.249795000000002 21.984223333333336
vertex 3.0762083333333337 -28.249795000000002 22.058423333333334
endloop
endfacet
facet normal -0.6048276465777794 0 0.7963564013274361
outer loop
vertex 2.978511666666667 -24.24979666666667 21.984223333333336
vertex 3.0762083333333337 -28.249795000000002 22.058423333333334
vertex 3.0762083333333337 -24.24979666666667 22.058423333333334
endloop
endfacet
facet normal -0.6246950475544366 0 0.7808688094430204
outer loop
vertex 3.0762083333333337 -24.24979666666667 22.058423333333334
vertex 3.0762083333333337 -28.249795000000002 22.058423333333334
vertex 3.17205 -28.249795000000002 22.13509666666667
endloop
endfacet
facet normal -0.6246950475544366 0 0.7808688094430204
outer loop
vertex 3.0762083333333337 -24.24979666666667 22.058423333333334
vertex 3.17205 -28.249795000000002 22.13509666666667
vertex 3.17205 -24.24979666666667 22.13509666666667
endloop
endfacet
facet normal -0.6441357457827779 0 0.7649111981170523
outer loop
vertex 3.17205 -24.24979666666667 22.13509666666667
vertex 3.17205 -28.249795000000002 22.13509666666667
vertex 3.266036666666667 -28.249795000000002 22.214243333333336
endloop
endfacet
facet normal -0.6441357457827779 0 0.7649111981170523
outer loop
vertex 3.17205 -24.24979666666667 22.13509666666667
vertex 3.266036666666667 -28.249795000000002 22.214243333333336
vertex 3.266036666666667 -24.24979666666667 22.214243333333336
endloop
endfacet
facet normal -0.6627921885605919 0 0.7488033886028166
outer loop
vertex 3.266036666666667 -24.24979666666667 22.214243333333336
vertex 3.266036666666667 -28.249795000000002 22.214243333333336
vertex 3.3575500000000003 -28.249795000000002 22.295245
endloop
endfacet
facet normal -0.6627921885605919 0 0.7488033886028166
outer loop
vertex 3.266036666666667 -24.24979666666667 22.214243333333336
vertex 3.3575500000000003 -28.249795000000002 22.295245
vertex 3.3575500000000003 -24.24979666666667 22.295245
endloop
endfacet
facet normal -0.6789064648480254 0 0.7342247693911973
outer loop
vertex 3.3575500000000003 -24.24979666666667 22.295245
vertex 3.3575500000000003 -28.249795000000002 22.295245
vertex 3.447826666666667 -28.249795000000002 22.37872
endloop
endfacet
facet normal -0.6789064648480254 0 0.7342247693911973
outer loop
vertex 3.3575500000000003 -24.24979666666667 22.295245
vertex 3.447826666666667 -28.249795000000002 22.37872
vertex 3.447826666666667 -24.24979666666667 22.37872
endloop
endfacet
facet normal -0.6995177339777953 0 0.7146152390276678
outer loop
vertex 3.447826666666667 -24.24979666666667 22.37872
vertex 3.447826666666667 -28.249795000000002 22.37872
vertex 3.5356300000000003 -28.249795000000002 22.464668333333336
endloop
endfacet
facet normal -0.6995177339777953 0 0.7146152390276678
outer loop
vertex 3.447826666666667 -24.24979666666667 22.37872
vertex 3.5356300000000003 -28.249795000000002 22.464668333333336
vertex 3.5356300000000003 -24.24979666666667 22.464668333333336
endloop
endfacet
facet normal -0.7171351333107934 0 0.696934143640065
outer loop
vertex 3.5356300000000003 -24.24979666666667 22.464668333333336
vertex 3.5356300000000003 -28.249795000000002 22.464668333333336
vertex 3.62096 -28.249795000000002 22.55247166666667
endloop
endfacet
facet normal -0.7171351333107934 0 0.696934143640065
outer loop
vertex 3.5356300000000003 -24.24979666666667 22.464668333333336
vertex 3.62096 -28.249795000000002 22.55247166666667
vertex 3.62096 -24.24979666666667 22.55247166666667
endloop
endfacet
facet normal -0.7293803177241627 0 0.6841084359343917
outer loop
vertex 3.62096 -24.24979666666667 22.55247166666667
vertex 3.62096 -28.249795000000002 22.55247166666667
vertex 3.7050533333333333 -28.249795000000002 22.64213
endloop
endfacet
facet normal -0.7293803177241627 0 0.6841084359343917
outer loop
vertex 3.62096 -24.24979666666667 22.55247166666667
vertex 3.7050533333333333 -28.249795000000002 22.64213
vertex 3.7050533333333333 -24.24979666666667 22.64213
endloop
endfacet
facet normal -0.751013406762716 0 0.6602869549390318
outer loop
vertex 3.7050533333333333 -24.24979666666667 22.64213
vertex 3.7050533333333333 -28.249795000000002 22.64213
vertex 3.786055 -28.249795000000002 22.73426166666667
endloop
endfacet
facet normal -0.751013406762716 0 0.6602869549390318
outer loop
vertex 3.7050533333333333 -24.24979666666667 22.64213
vertex 3.786055 -28.249795000000002 22.73426166666667
vertex 3.786055 -24.24979666666667 22.73426166666667
endloop
endfacet
facet normal -0.7649111981170493 0 0.6441357457827814
outer loop
vertex 3.786055 -24.24979666666667 22.73426166666667
vertex 3.786055 -28.249795000000002 22.73426166666667
vertex 3.8652016666666666 -28.249795000000002 22.828248333333335
endloop
endfacet
facet normal -0.7649111981170493 0 0.6441357457827814
outer loop
vertex 3.786055 -24.24979666666667 22.73426166666667
vertex 3.8652016666666666 -28.249795000000002 22.828248333333335
vertex 3.8652016666666666 -24.24979666666667 22.828248333333335
endloop
endfacet
facet normal -0.7808688094430251 0 0.6246950475544308
outer loop
vertex 3.8652016666666666 -24.24979666666667 22.828248333333335
vertex 3.8652016666666666 -28.249795000000002 22.828248333333335
vertex 3.941875 -28.249795000000002 22.92409
endloop
endfacet
facet normal -0.7808688094430251 0 0.6246950475544308
outer loop
vertex 3.8652016666666666 -24.24979666666667 22.828248333333335
vertex 3.941875 -28.249795000000002 22.92409
vertex 3.941875 -24.24979666666667 22.92409
endloop
endfacet
facet normal -0.7963564013274302 0 0.6048276465777875
outer loop
vertex 3.941875 -24.24979666666667 22.92409
vertex 3.941875 -28.249795000000002 22.92409
vertex 4.016075 -28.249795000000002 23.021786666666667
endloop
endfacet
facet normal -0.7963564013274302 0 0.6048276465777875
outer loop
vertex 3.941875 -24.24979666666667 22.92409
vertex 4.016075 -28.249795000000002 23.021786666666667
vertex 4.016075 -24.24979666666667 23.021786666666667
endloop
endfacet
facet normal -0.8096104433943918 0 0.5869675714609254
outer loop
vertex 4.016075 -24.24979666666667 23.021786666666667
vertex 4.016075 -28.249795000000002 23.021786666666667
vertex 4.0878016666666666 -28.249795000000002 23.120720000000002
endloop
endfacet
facet normal -0.8096104433943918 0 0.5869675714609254
outer loop
vertex 4.016075 -24.24979666666667 23.021786666666667
vertex 4.0878016666666666 -28.249795000000002 23.120720000000002
vertex 4.0878016666666666 -24.24979666666667 23.120720000000002
endloop
endfacet
facet normal -0.8258009818735248 0 0.5639616461575401
outer loop
vertex 4.0878016666666666 -24.24979666666667 23.120720000000002
vertex 4.0878016666666666 -28.249795000000002 23.120720000000002
vertex 4.157055000000001 -28.249795000000002 23.222126666666668
endloop
endfacet
facet normal -0.8258009818735248 0 0.5639616461575401
outer loop
vertex 4.0878016666666666 -24.24979666666667 23.120720000000002
vertex 4.157055000000001 -28.249795000000002 23.222126666666668
vertex 4.157055000000001 -24.24979666666667 23.222126666666668
endloop
endfacet
facet normal -0.8359035176218748 0 0.5488764061493043
outer loop
vertex 4.157055000000001 -24.24979666666667 23.222126666666668
vertex 4.157055000000001 -28.249795000000002 23.222126666666668
vertex 4.224453333333334 -28.249795000000002 23.32477
endloop
endfacet
facet normal -0.8359035176218748 0 0.5488764061493043
outer loop
vertex 4.157055000000001 -24.24979666666667 23.222126666666668
vertex 4.224453333333334 -28.249795000000002 23.32477
vertex 4.224453333333334 -24.24979666666667 23.32477
endloop
endfacet
facet normal -0.8516583167045432 0 0.524097425664336
outer loop
vertex 4.224453333333334 -24.24979666666667 23.32477
vertex 4.224453333333334 -28.249795000000002 23.32477
vertex 4.28876 -28.249795000000002 23.429268333333333
endloop
endfacet
facet normal -0.8516583167045432 0 0.524097425664336
outer loop
vertex 4.224453333333334 -24.24979666666667 23.32477
vertex 4.28876 -28.249795000000002 23.429268333333333
vertex 4.28876 -24.24979666666667 23.429268333333333
endloop
endfacet
facet normal -0.8645071866841951 0 0.5026204573745265
outer loop
vertex 4.28876 -24.24979666666667 23.429268333333333
vertex 4.28876 -28.249795000000002 23.429268333333333
vertex 4.350593333333333 -28.249795000000002 23.535621666666668
endloop
endfacet
facet normal -0.8645071866841951 0 0.5026204573745265
outer loop
vertex 4.28876 -24.24979666666667 23.429268333333333
vertex 4.350593333333333 -28.249795000000002 23.535621666666668
vertex 4.350593333333333 -24.24979666666667 23.535621666666668
endloop
endfacet
facet normal -0.8777027271809261 0 0.47920551196659317
outer loop
vertex 4.350593333333333 -24.24979666666667 23.535621666666668
vertex 4.350593333333333 -28.249795000000002 23.535621666666668
vertex 4.4093350000000004 -28.249795000000002 23.64321166666667
endloop
endfacet
facet normal -0.8777027271809261 0 0.47920551196659317
outer loop
vertex 4.350593333333333 -24.24979666666667 23.535621666666668
vertex 4.4093350000000004 -28.249795000000002 23.64321166666667
vertex 4.4093350000000004 -24.24979666666667 23.64321166666667
endloop
endfacet
facet normal -0.8862254439618361 0 0.46325420934368905
outer loop
vertex 4.4093350000000004 -24.24979666666667 23.64321166666667
vertex 4.4093350000000004 -28.249795000000002 23.64321166666667
vertex 4.466221666666667 -28.249795000000002 23.752038333333335
endloop
endfacet
facet normal -0.8862254439618361 0 0.46325420934368905
outer loop
vertex 4.4093350000000004 -24.24979666666667 23.64321166666667
vertex 4.466221666666667 -28.249795000000002 23.752038333333335
vertex 4.466221666666667 -24.24979666666667 23.752038333333335
endloop
endfacet
facet normal -0.8984286137271962 0 0.43911960333857614
outer loop
vertex 4.466221666666667 -24.24979666666667 23.752038333333335
vertex 4.466221666666667 -28.249795000000002 23.752038333333335
vertex 4.520016666666667 -28.249795000000002 23.862101666666668
endloop
endfacet
facet normal -0.8984286137271962 0 0.43911960333857614
outer loop
vertex 4.466221666666667 -24.24979666666667 23.752038333333335
vertex 4.520016666666667 -28.249795000000002 23.862101666666668
vertex 4.520016666666667 -24.24979666666667 23.862101666666668
endloop
endfacet
facet normal -0.9089855493228073 0 0.4168276275900077
outer loop
vertex 4.520016666666667 -24.24979666666667 23.862101666666668
vertex 4.520016666666667 -28.249795000000002 23.862101666666668
vertex 4.571338333333333 -28.249795000000002 23.974020000000003
endloop
endfacet
facet normal -0.9089855493228073 0 0.4168276275900077
outer loop
vertex 4.520016666666667 -24.24979666666667 23.862101666666668
vertex 4.571338333333333 -28.249795000000002 23.974020000000003
vertex 4.571338333333333 -24.24979666666667 23.974020000000003
endloop
endfacet
facet normal -0.9191450300180534 0 0.3939192985791782
outer loop
vertex 4.571338333333333 -24.24979666666667 23.974020000000003
vertex 4.571338333333333 -28.249795000000002 23.974020000000003
vertex 4.6195683333333335 -28.249795000000002 24.086556666666667
endloop
endfacet
facet normal -0.9191450300180534 0 0.3939192985791782
outer loop
vertex 4.571338333333333 -24.24979666666667 23.974020000000003
vertex 4.6195683333333335 -28.249795000000002 24.086556666666667
vertex 4.6195683333333335 -24.24979666666667 24.086556666666667
endloop
endfacet
facet normal -0.9295181994964401 0 0.3687762421915167
outer loop
vertex 4.6195683333333335 -24.24979666666667 24.086556666666667
vertex 4.6195683333333335 -28.249795000000002 24.086556666666667
vertex 4.664706666666667 -28.249795000000002 24.20033
endloop
endfacet
facet normal -0.9295181994964401 0 0.3687762421915167
outer loop
vertex 4.6195683333333335 -24.24979666666667 24.086556666666667
vertex 4.664706666666667 -28.249795000000002 24.20033
vertex 4.664706666666667 -24.24979666666667 24.20033
endloop
endfacet
facet normal -0.9359149553922939 0 0.3522260584809714
outer loop
vertex 4.664706666666667 -24.24979666666667 24.20033
vertex 4.664706666666667 -28.249795000000002 24.20033
vertex 4.707990000000001 -28.249795000000002 24.315340000000003
endloop
endfacet
facet normal -0.9359149553922939 0 0.3522260584809714
outer loop
vertex 4.664706666666667 -24.24979666666667 24.20033
vertex 4.707990000000001 -28.249795000000002 24.315340000000003
vertex 4.707990000000001 -24.24979666666667 24.315340000000003
endloop
endfacet
facet normal -0.946649906050143 0 0.32226379780430714
outer loop
vertex 4.707990000000001 -24.24979666666667 24.315340000000003
vertex 4.707990000000001 -28.249795000000002 24.315340000000003
vertex 4.747563333333334 -28.249795000000002 24.431586666666668
endloop
endfacet
facet normal -0.946649906050143 0 0.32226379780430714
outer loop
vertex 4.707990000000001 -24.24979666666667 24.315340000000003
vertex 4.747563333333334 -28.249795000000002 24.431586666666668
vertex 4.747563333333334 -24.24979666666667 24.431586666666668
endloop
endfacet
facet normal -0.9531242671445439 0 0.3025791324268351
outer loop
vertex 4.747563333333334 -24.24979666666667 24.431586666666668
vertex 4.747563333333334 -28.249795000000002 24.431586666666668
vertex 4.7846633333333335 -28.249795000000002 24.54845166666667
endloop
endfacet
facet normal -0.9531242671445439 0 0.3025791324268351
outer loop
vertex 4.747563333333334 -24.24979666666667 24.431586666666668
vertex 4.7846633333333335 -28.249795000000002 24.54845166666667
vertex 4.7846633333333335 -24.24979666666667 24.54845166666667
endloop
endfacet
facet normal -0.9609523154160221 0 0.2767140175281801
outer loop
vertex 4.7846633333333335 -24.24979666666667 24.54845166666667
vertex 4.7846633333333335 -28.249795000000002 24.54845166666667
vertex 4.818671666666667 -28.249795000000002 24.666553333333333
endloop
endfacet
facet normal -0.9609523154160221 0 0.2767140175281801
outer loop
vertex 4.7846633333333335 -24.24979666666667 24.54845166666667
vertex 4.818671666666667 -28.249795000000002 24.666553333333333
vertex 4.818671666666667 -24.24979666666667 24.666553333333333
endloop
endfacet
facet normal -0.9664851269264981 0 0.2567226118398429
outer loop
vertex 4.818671666666667 -24.24979666666667 24.666553333333333
vertex 4.818671666666667 -28.249795000000002 24.666553333333333
vertex 4.850206666666667 -28.249795000000002 24.785273333333336
endloop
endfacet
facet normal -0.9664851269264981 0 0.2567226118398429
outer loop
vertex 4.818671666666667 -24.24979666666667 24.666553333333333
vertex 4.850206666666667 -28.249795000000002 24.785273333333336
vertex 4.850206666666667 -24.24979666666667 24.785273333333336
endloop
endfacet
facet normal -0.9727521091315547 0 0.23184765295364043
outer loop
vertex 4.850206666666667 -24.24979666666667 24.785273333333336
vertex 4.850206666666667 -28.249795000000002 24.785273333333336
vertex 4.87865 -28.249795000000002 24.904611666666668
endloop
endfacet
facet normal -0.9727521091315547 0 0.23184765295364043
outer loop
vertex 4.850206666666667 -24.24979666666667 24.785273333333336
vertex 4.87865 -28.249795000000002 24.904611666666668
vertex 4.87865 -24.24979666666667 24.904611666666668
endloop
endfacet
facet normal -0.9783889603076616 0 0.20677292460110144
outer loop
vertex 4.87865 -24.24979666666667 24.904611666666668
vertex 4.87865 -28.249795000000002 24.904611666666668
vertex 4.904001666666667 -28.249795000000002 25.024568333333335
endloop
endfacet
facet normal -0.9783889603076616 0 0.20677292460110144
outer loop
vertex 4.87865 -24.24979666666667 24.904611666666668
vertex 4.904001666666667 -28.249795000000002 25.024568333333335
vertex 4.904001666666667 -24.24979666666667 25.024568333333335
endloop
endfacet
facet normal -0.9833821803872259 0 0.18154747945610647
outer loop
vertex 4.904001666666667 -24.24979666666667 25.024568333333335
vertex 4.904001666666667 -28.249795000000002 25.024568333333335
vertex 4.926261666666667 -28.249795000000002 25.145143333333333
endloop
endfacet
facet normal -0.9833821803872259 0 0.18154747945610647
outer loop
vertex 4.904001666666667 -24.24979666666667 25.024568333333335
vertex 4.926261666666667 -28.249795000000002 25.145143333333333
vertex 4.926261666666667 -24.24979666666667 25.145143333333333
endloop
endfacet
facet normal -0.9869328807756822 0 0.16113189890215074
outer loop
vertex 4.926261666666667 -24.24979666666667 25.145143333333333
vertex 4.926261666666667 -28.249795000000002 25.145143333333333
vertex 4.946048333333334 -28.249795000000002 25.266336666666668
endloop
endfacet
facet normal -0.9869328807756822 0 0.16113189890215074
outer loop
vertex 4.926261666666667 -24.24979666666667 25.145143333333333
vertex 4.946048333333334 -28.249795000000002 25.266336666666668
vertex 4.946048333333334 -24.24979666666667 25.266336666666668
endloop
endfacet
facet normal -0.9914028316088118 0 0.13084504376563133
outer loop
vertex 4.946048333333334 -24.24979666666667 25.266336666666668
vertex 4.946048333333334 -28.249795000000002 25.266336666666668
vertex 4.962125 -28.249795000000002 25.388148333333334
endloop
endfacet
facet normal -0.9914028316088118 0 0.13084504376563133
outer loop
vertex 4.946048333333334 -24.24979666666667 25.266336666666668
vertex 4.962125 -28.249795000000002 25.388148333333334
vertex 4.962125 -24.24979666666667 25.388148333333334
endloop
endfacet
facet normal -0.9938220587088781 0 0.11098520452586078
outer loop
vertex 4.962125 -24.24979666666667 25.388148333333334
vertex 4.962125 -28.249795000000002 25.388148333333334
vertex 4.9757283333333335 -28.249795000000002 25.509960000000003
endloop
endfacet
facet normal -0.9938220587088781 0 0.11098520452586078
outer loop
vertex 4.962125 -24.24979666666667 25.388148333333334
vertex 4.9757283333333335 -28.249795000000002 25.509960000000003
vertex 4.9757283333333335 -24.24979666666667 25.509960000000003
endloop
endfacet
facet normal -0.9963344054517518 0 0.0855438630943459
outer loop
vertex 4.9757283333333335 -24.24979666666667 25.509960000000003
vertex 4.9757283333333335 -28.249795000000002 25.509960000000003
vertex 4.9862400000000004 -28.249795000000002 25.63239
endloop
endfacet
facet normal -0.9963344054517518 0 0.0855438630943459
outer loop
vertex 4.9757283333333335 -24.24979666666667 25.509960000000003
vertex 4.9862400000000004 -28.249795000000002 25.63239
vertex 4.9862400000000004 -24.24979666666667 25.63239
endloop
endfacet
facet normal -0.9978515513277956 0 0.06551550589525887
outer loop
vertex 4.9862400000000004 -24.24979666666667 25.63239
vertex 4.9862400000000004 -28.249795000000002 25.63239
vertex 4.994278333333334 -28.249795000000002 25.754820000000002
endloop
endfacet
facet normal -0.9978515513277956 0 0.06551550589525887
outer loop
vertex 4.9862400000000004 -24.24979666666667 25.63239
vertex 4.994278333333334 -28.249795000000002 25.754820000000002
vertex 4.994278333333334 -24.24979666666667 25.754820000000002
endloop
endfacet
facet normal -0.9993756489774441 0 0.03533146233758831
outer loop
vertex 4.994278333333334 -24.24979666666667 25.754820000000002
vertex 4.994278333333334 -28.249795000000002 25.754820000000002
vertex 4.998606666666667 -28.249795000000002 25.87725
endloop
endfacet
facet normal -0.9993756489774441 0 0.03533146233758831
outer loop
vertex 4.994278333333334 -24.24979666666667 25.754820000000002
vertex 4.998606666666667 -28.249795000000002 25.87725
vertex 4.998606666666667 -24.24979666666667 25.87725
endloop
endfacet
facet normal -0.9999495000504678 0 0.010049743719097459
outer loop
vertex 4.998606666666667 -24.24979666666667 25.87725
vertex 4.998606666666667 -28.249795000000002 25.87725
vertex 4.999843333333334 -28.249795000000002 26.000298333333333
endloop
endfacet
facet normal -0.9999495000504678 0 0.010049743719097459
outer loop
vertex 4.998606666666667 -24.24979666666667 25.87725
vertex 4.999843333333334 -28.249795000000002 26.000298333333333
vertex 4.999843333333334 -24.24979666666667 26.000298333333333
endloop
endfacet
facet normal 0 -1 0
outer loop
vertex 0 -28.249795000000002 31.800265000000003
vertex -47.99998 -28.249795000000002 32.999831666666665
vertex -47.99998 -28.249795000000002 31.000141666666668
endloop
endfacet
facet normal 0 -1 0
outer loop
vertex 0 -28.249795000000002 31.800265000000003
vertex -47.99998 -28.249795000000002 31.000141666666668
vertex 0 -28.249795000000002 31.000141666666668
endloop
endfacet
facet normal 0 -1 0
outer loop
vertex 0 -28.249795000000002 31.800265000000003
vertex 0 -28.249795000000002 31.000141666666668
vertex 47.99998 -28.249795000000002 31.000141666666668
endloop
endfacet
facet normal 0 -1 0
outer loop
vertex 0 -28.249795000000002 31.800265000000003
vertex 47.99998 -28.249795000000002 31.000141666666668
vertex 47.99998 -28.249795000000002 32.999831666666665
endloop
endfacet
facet normal 0 -1 0
outer loop
vertex 0 -28.249795000000002 31.800265000000003
vertex 47.99998 -28.249795000000002 32.999831666666665
vertex -47.99998 -28.249795000000002 32.999831666666665
endloop
endfacet
facet normal 0 -1 0
outer loop
vertex 0 -28.249795000000002 31.000141666666668
vertex 0.12243000000000001 -28.249795000000002 30.99828666666667
vertex 47.99998 -28.249795000000002 30.99828666666667
endloop
endfacet
facet normal 0 -1 0
outer loop
vertex 0 -28.249795000000002 31.000141666666668
vertex 47.99998 -28.249795000000002 30.99828666666667
vertex 47.99998 -28.249795000000002 31.000141666666668
endloop
endfacet
facet normal 0 -1 0
outer loop
vertex -47.99998 -28.249795000000002 31.000141666666668
vertex -47.99998 -28.249795000000002 30.99828666666667
vertex -0.12243000000000001 -28.249795000000002 30.99828666666667
endloop
endfacet
facet normal 0 -1 0
outer loop
vertex -47.99998 -28.249795000000002 31.000141666666668
vertex -0.12243000000000001 -28.249795000000002 30.99828666666667
vertex 0 -28.249795000000002 31.000141666666668
endloop
endfacet
facet normal 0 -1 0
outer loop
vertex 0.12243000000000001 -28.249795000000002 30.99828666666667
vertex 0.24547833333333335 -28.249795000000002 30.993958333333335
vertex 47.99998 -28.249795000000002 30.993958333333335
endloop
endfacet
facet normal 0 -0.9999999999999999 0
outer loop
vertex 0.12243000000000001 -28.249795000000002 30.99828666666667
vertex 47.99998 -28.249795000000002 30.993958333333335
vertex 47.99998 -28.249795000000002 30.99828666666667
endloop
endfacet
facet normal 0 -1 0
outer loop
vertex -47.99998 -28.249795000000002 30.99828666666667
vertex -47.99998 -28.249795000000002 30.993958333333335
vertex -0.24547833333333335 -28.249795000000002 30.993958333333335
endloop
endfacet
facet normal 0 -0.9999999999999999 0
outer loop
vertex -47.99998 -28.249795000000002 30.99828666666667
vertex -0.24547833333333335 -28.249795000000002 30.993958333333335
vertex -0.12243000000000001 -28.249795000000002 30.99828666666667
endloop
endfacet
facet normal 0 -1 0
outer loop
vertex 0.24547833333333335 -28.249795000000002 30.993958333333335
vertex 0.36790833333333334 -28.249795000000002 30.986538333333336
vertex 47.99998 -28.249795000000002 30.986538333333336
endloop
endfacet
facet normal 0 -1 0
outer loop
vertex 0.24547833333333335 -28.249795000000002 30.993958333333335
vertex 47.99998 -28.249795000000002 30.986538333333336
vertex 47.99998 -28.249795000000002 30.993958333333335
endloop
endfacet
facet normal 0 -1 0
outer loop
vertex -47.99998 -28.249795000000002 30.993958333333335
vertex -47.99998 -28.249795000000002 30.986538333333336
vertex -0.36790833333333334 -28.249795000000002 30.986538333333336
endloop
endfacet
facet normal 0 -1 0
outer loop
vertex -47.99998 -28.249795000000002 30.993958333333335
vertex -0.36790833333333334 -28.249795000000002 30.986538333333336
vertex -0.24547833333333335 -28.249795000000002 30.993958333333335
endloop
endfacet
facet normal 0 -1 0
outer loop
vertex 0.36790833333333334 -28.249795000000002 30.986538333333336
vertex 0.4903383333333334 -28.249795000000002 30.97602666666667
vertex 47.99998 -28.249795000000002 30.97602666666667
endloop
endfacet
facet normal 0 -1 0
outer loop
vertex 0.36790833333333334 -28.249795000000002 30.986538333333336
vertex 47.99998 -28.249795000000002 30.97602666666667
vertex 47.99998 -28.249795000000002 30.986538333333336
endloop
endfacet
facet normal 0 -1 0
outer loop
vertex -47.99998 -28.249795000000002 30.986538333333336
vertex -47.99998 -28.249795000000002 30.97602666666667
vertex -0.4903383333333334 -28.249795000000002 30.97602666666667
endloop
endfacet
facet normal 0 -1 0
outer loop
vertex -47.99998 -28.249795000000002 30.986538333333336
vertex -0.4903383333333334 -28.249795000000002 30.97602666666667
vertex -0.36790833333333334 -28.249795000000002 30.986538333333336
endloop
endfacet
facet normal 0 -1 0
outer loop
vertex 0.4903383333333334 -28.249795000000002 30.97602666666667
vertex 0.6121500000000001 -28.249795000000002 30.962423333333334
vertex 47.99998 -28.249795000000002 30.962423333333334
endloop
endfacet
facet normal 0 -1 0
outer loop
vertex 0.4903383333333334 -28.249795000000002 30.97602666666667
vertex 47.99998 -28.249795000000002 30.962423333333334
vertex 47.99998 -28.249795000000002 30.97602666666667
endloop
endfacet
facet normal 0 -1 0
outer loop
vertex -47.99998 -28.249795000000002 30.97602666666667
vertex -47.99998 -28.249795000000002 30.962423333333334
vertex -0.6121500000000001 -28.249795000000002 30.962423333333334
endloop
endfacet
facet normal 0 -1 0
outer loop
vertex -47.99998 -28.249795000000002 30.97602666666667
vertex -0.6121500000000001 -28.249795000000002 30.962423333333334
vertex -0.4903383333333334 -28.249795000000002 30.97602666666667
endloop
endfacet
facet normal 0 -1 0
outer loop
vertex 0.6121500000000001 -28.249795000000002 30.962423333333334
vertex 0.7333433333333333 -28.249795000000002 30.945728333333335
vertex 47.99998 -28.249795000000002 30.945728333333335
endloop
endfacet
facet normal 0 -1 0
outer loop
vertex 0.6121500000000001 -28.249795000000002 30.962423333333334
vertex 47.99998 -28.249795000000002 30.945728333333335
vertex 47.99998 -28.249795000000002 30.962423333333334
endloop
endfacet
facet normal 0 -1 0
outer loop
vertex -47.99998 -28.249795000000002 30.962423333333334
vertex -47.99998 -28.249795000000002 30.945728333333335
vertex -0.7333433333333333 -28.249795000000002 30.945728333333335
endloop
endfacet
facet normal 0 -1 0
outer loop
vertex -47.99998 -28.249795000000002 30.962423333333334
vertex -0.7333433333333333 -28.249795000000002 30.945728333333335
vertex -0.6121500000000001 -28.249795000000002 30.962423333333334
endloop
endfacet
facet normal 0 -1 0
outer loop
vertex 0.7333433333333333 -28.249795000000002 30.945728333333335
vertex 0.8545366666666667 -28.249795000000002 30.926560000000002
vertex 47.99998 -28.249795000000002 30.926560000000002
endloop
endfacet
facet normal 0 -1 0
outer loop
vertex 0.7333433333333333 -28.249795000000002 30.945728333333335
vertex 47.99998 -28.249795000000002 30.926560000000002
vertex 47.99998 -28.249795000000002 30.945728333333335
endloop
endfacet
facet normal 0 -1 0
outer loop
vertex -47.99998 -28.249795000000002 30.945728333333335
vertex -47.99998 -28.249795000000002 30.926560000000002
vertex -0.8545366666666667 -28.249795000000002 30.926560000000002
endloop
endfacet
facet normal 0 -1 0
outer loop
vertex -47.99998 -28.249795000000002 30.945728333333335
vertex -0.8545366666666667 -28.249795000000002 30.926560000000002
vertex -0.7333433333333333 -28.249795000000002 30.945728333333335
endloop
endfacet
facet normal 0 -1 0
outer loop
vertex 0.8545366666666667 -28.249795000000002 30.926560000000002
vertex 0.9757300000000001 -28.249795000000002 30.903681666666667
vertex 47.99998 -28.249795000000002 30.903681666666667
endloop
endfacet
facet normal 0 -1 0
outer loop
vertex 0.8545366666666667 -28.249795000000002 30.926560000000002
vertex 47.99998 -28.249795000000002 30.903681666666667
vertex 47.99998 -28.249795000000002 30.926560000000002
endloop
endfacet
facet normal 0 -1 0
outer loop
vertex -47.99998 -28.249795000000002 30.926560000000002
vertex -47.99998 -28.249795000000002 30.903681666666667
vertex -0.9757300000000001 -28.249795000000002 30.903681666666667
endloop
endfacet
facet normal 0 -1 0
outer loop
vertex -47.99998 -28.249795000000002 30.926560000000002
vertex -0.9757300000000001 -28.249795000000002 30.903681666666667
vertex -0.8545366666666667 -28.249795000000002 30.926560000000002
endloop
endfacet
facet normal 0 -1 0
outer loop
vertex 0.9757300000000001 -28.249795000000002 30.903681666666667
vertex 1.0956866666666667 -28.249795000000002 30.878330000000002
vertex 47.99998 -28.249795000000002 30.878330000000002
endloop
endfacet
facet normal 0 -1 0
outer loop
vertex 0.9757300000000001 -28.249795000000002 30.903681666666667
vertex 47.99998 -28.249795000000002 30.878330000000002
vertex 47.99998 -28.249795000000002 30.903681666666667
endloop
endfacet
facet normal 0 -1 0
outer loop
vertex -47.99998 -28.249795000000002 30.903681666666667
vertex -47.99998 -28.249795000000002 30.878330000000002
vertex -1.0956866666666667 -28.249795000000002 30.878330000000002
endloop
endfacet
facet normal 0 -1 0
outer loop
vertex -47.99998 -28.249795000000002 30.903681666666667
vertex -1.0956866666666667 -28.249795000000002 30.878330000000002
vertex -0.9757300000000001 -28.249795000000002 30.903681666666667
endloop
endfacet
facet normal 0 -0.9999999999999999 0
outer loop
vertex 1.0956866666666667 -28.249795000000002 30.878330000000002
vertex 1.215025 -28.249795000000002 30.84988666666667
vertex 47.99998 -28.249795000000002 30.84988666666667
endloop
endfacet
facet normal 0 -1 0
outer loop
vertex 1.0956866666666667 -28.249795000000002 30.878330000000002
vertex 47.99998 -28.249795000000002 30.84988666666667
vertex 47.99998 -28.249795000000002 30.878330000000002
endloop
endfacet
facet normal 0 -0.9999999999999999 0
outer loop
vertex -47.99998 -28.249795000000002 30.878330000000002
vertex -47.99998 -28.249795000000002 30.84988666666667
vertex -1.215025 -28.249795000000002 30.84988666666667
endloop
endfacet
facet normal 0 -1 0
outer loop
vertex -47.99998 -28.249795000000002 30.878330000000002
vertex -1.215025 -28.249795000000002 30.84988666666667
vertex -1.0956866666666667 -28.249795000000002 30.878330000000002
endloop
endfacet
facet normal 0 -1 0
outer loop
vertex 1.215025 -28.249795000000002 30.84988666666667
vertex 1.333745 -28.249795000000002 30.81897
vertex 47.99998 -28.249795000000002 30.81897
endloop
endfacet
facet normal 0 -1 0
outer loop
vertex 1.215025 -28.249795000000002 30.84988666666667
vertex 47.99998 -28.249795000000002 30.81897
vertex 47.99998 -28.249795000000002 30.84988666666667
endloop
endfacet
facet normal 0 -1 0
outer loop
vertex -47.99998 -28.249795000000002 30.84988666666667
vertex -47.99998 -28.249795000000002 30.81897
vertex -1.333745 -28.249795000000002 30.81897
endloop
endfacet
facet normal 0 -1 0
outer loop
vertex -47.99998 -28.249795000000002 30.84988666666667
vertex -1.333745 -28.249795000000002 30.81897
vertex -1.215025 -28.249795000000002 30.84988666666667
endloop
endfacet
facet normal 0 -1 0
outer loop
vertex 1.333745 -28.249795000000002 30.81897
vertex 1.4512283333333333 -28.249795000000002 30.784961666666668
vertex 47.99998 -28.249795000000002 30.784961666666668
endloop
endfacet
facet normal 0 -1 0
outer loop
vertex 1.333745 -28.249795000000002 30.81897
vertex 47.99998 -28.249795000000002 30.784961666666668
vertex 47.99998 -28.249795000000002 30.81897
endloop
endfacet
facet normal 0 -1 0
outer loop
vertex -47.99998 -28.249795000000002 30.81897
vertex -47.99998 -28.249795000000002 30.784961666666668
vertex -1.4512283333333333 -28.249795000000002 30.784961666666668
endloop
endfacet
facet normal 0 -1 0
outer loop
vertex -47.99998 -28.249795000000002 30.81897
vertex -1.4512283333333333 -28.249795000000002 30.784961666666668
vertex -1.333745 -28.249795000000002 30.81897
endloop
endfacet
facet normal 0 -1 0
outer loop
vertex 1.4512283333333333 -28.249795000000002 30.784961666666668
vertex 1.5687116666666667 -28.249795000000002 30.74786166666667
vertex 47.99998 -28.249795000000002 30.74786166666667
endloop
endfacet
facet normal 0 -1 0
outer loop
vertex 1.4512283333333333 -28.249795000000002 30.784961666666668
vertex 47.99998 -28.249795000000002 30.74786166666667
vertex 47.99998 -28.249795000000002 30.784961666666668
endloop
endfacet
facet normal 0 -1 0
outer loop
vertex -47.99998 -28.249795000000002 30.784961666666668
vertex -47.99998 -28.249795000000002 30.74786166666667
vertex -1.5687116666666667 -28.249795000000002 30.74786166666667
endloop
endfacet
facet normal 0 -1 0
outer loop
vertex -47.99998 -28.249795000000002 30.784961666666668
vertex -1.5687116666666667 -28.249795000000002 30.74786166666667
vertex -1.4512283333333333 -28.249795000000002 30.784961666666668
endloop
endfacet
facet normal 0 -1 0
outer loop
vertex 1.5687116666666667 -28.249795000000002 30.74786166666667
vertex 1.6843400000000002 -28.249795000000002 30.70767
vertex 47.99998 -28.249795000000002 30.70767
endloop
endfacet
facet normal 0 -1 0
outer loop
vertex 1.5687116666666667 -28.249795000000002 30.74786166666667
vertex 47.99998 -28.249795000000002 30.70767
vertex 47.99998 -28.249795000000002 30.74786166666667
endloop
endfacet
facet normal 0 -1 0
outer loop
vertex -47.99998 -28.249795000000002 30.74786166666667
vertex -47.99998 -28.249795000000002 30.70767
vertex -1.6843400000000002 -28.249795000000002 30.70767
endloop
endfacet
facet normal 0 -1 0
outer loop
vertex -47.99998 -28.249795000000002 30.74786166666667
vertex -1.6843400000000002 -28.249795000000002 30.70767
vertex -1.5687116666666667 -28.249795000000002 30.74786166666667
endloop
endfacet
facet normal 0 -0.9999999999999999 0
outer loop
vertex 1.6843400000000002 -28.249795000000002 30.70767
vertex 1.79935 -28.249795000000002 30.665005
vertex 47.99998 -28.249795000000002 30.665005
endloop
endfacet
facet normal 0 -1 0
outer loop
vertex 1.6843400000000002 -28.249795000000002 30.70767
vertex 47.99998 -28.249795000000002 30.665005
vertex 47.99998 -28.249795000000002 30.70767
endloop
endfacet
facet normal 0 -0.9999999999999999 0
outer loop
vertex -47.99998 -28.249795000000002 30.70767
vertex -47.99998 -28.249795000000002 30.665005
vertex -1.79935 -28.249795000000002 30.665005
endloop
endfacet
facet normal 0 -1 0
outer loop
vertex -47.99998 -28.249795000000002 30.70767
vertex -1.79935 -28.249795000000002 30.665005
vertex -1.6843400000000002 -28.249795000000002 30.70767
endloop
endfacet
facet normal 0 -1 0
outer loop
vertex 1.79935 -28.249795000000002 30.665005
vertex 1.9131233333333335 -28.249795000000002 30.619248333333335
vertex 47.99998 -28.249795000000002 30.619248333333335
endloop
endfacet
facet normal 0 -1 0
outer loop
vertex 1.79935 -28.249795000000002 30.665005
vertex 47.99998 -28.249795000000002 30.619248333333335
vertex 47.99998 -28.249795000000002 30.665005
endloop
endfacet
facet normal 0 -1 0
outer loop
vertex -47.99998 -28.249795000000002 30.665005
vertex -47.99998 -28.249795000000002 30.619248333333335
vertex -1.9131233333333335 -28.249795000000002 30.619248333333335
endloop
endfacet
facet normal 0 -1 0
outer loop
vertex -47.99998 -28.249795000000002 30.665005
vertex -1.9131233333333335 -28.249795000000002 30.619248333333335
vertex -1.79935 -28.249795000000002 30.665005
endloop
endfacet
facet normal 0 -1 0
outer loop
vertex 1.9131233333333335 -28.249795000000002 30.619248333333335
vertex 2.0262783333333334 -28.249795000000002 30.571018333333335
vertex 47.99998 -28.249795000000002 30.571018333333335
endloop
endfacet
facet normal 0 -1 0
outer loop
vertex 1.9131233333333335 -28.249795000000002 30.619248333333335
vertex 47.99998 -28.249795000000002 30.571018333333335
vertex 47.99998 -28.249795000000002 30.619248333333335
endloop
endfacet
facet normal 0 -1 0
outer loop
vertex -47.99998 -28.249795000000002 30.619248333333335
vertex -47.99998 -28.249795000000002 30.571018333333335
vertex -2.0262783333333334 -28.249795000000002 30.571018333333335
endloop
endfacet
facet normal 0 -1 0
outer loop
vertex -47.99998 -28.249795000000002 30.619248333333335
vertex -2.0262783333333334 -28.249795000000002 30.571018333333335
vertex -1.9131233333333335 -28.249795000000002 30.619248333333335
endloop
endfacet
facet normal 0 -1 0
outer loop
vertex 2.0262783333333334 -28.249795000000002 30.571018333333335
vertex 2.1375783333333334 -28.249795000000002 30.51969666666667
vertex 47.99998 -28.249795000000002 30.51969666666667
endloop
endfacet
facet normal 0 -1 0
outer loop
vertex 2.0262783333333334 -28.249795000000002 30.571018333333335
vertex 47.99998 -28.249795000000002 30.51969666666667
vertex 47.99998 -28.249795000000002 30.571018333333335
endloop
endfacet
facet normal 0 -1 0
outer loop
vertex -47.99998 -28.249795000000002 30.571018333333335
vertex -47.99998 -28.249795000000002 30.51969666666667
vertex -2.1375783333333334 -28.249795000000002 30.51969666666667
endloop
endfacet
facet normal 0 -1 0
outer loop
vertex -47.99998 -28.249795000000002 30.571018333333335
vertex -2.1375783333333334 -28.249795000000002 30.51969666666667
vertex -2.0262783333333334 -28.249795000000002 30.571018333333335
endloop
endfacet
facet normal 0 -1 0
outer loop
vertex 2.1375783333333334 -28.249795000000002 30.51969666666667
vertex 2.24826 -28.249795000000002 30.465901666666667
vertex 47.99998 -28.249795000000002 30.465901666666667
endloop
endfacet
facet normal 0 -1 0
outer loop
vertex 2.1375783333333334 -28.249795000000002 30.51969666666667
vertex 47.99998 -28.249795000000002 30.465901666666667
vertex 47.99998 -28.249795000000002 30.51969666666667
endloop
endfacet
facet normal 0 -1 0
outer loop
vertex -47.99998 -28.249795000000002 30.51969666666667
vertex -47.99998 -28.249795000000002 30.465901666666667
vertex -2.24826 -28.249795000000002 30.465901666666667
endloop
endfacet
facet normal 0 -1 0
outer loop
vertex -47.99998 -28.249795000000002 30.51969666666667
vertex -2.24826 -28.249795000000002 30.465901666666667
vertex -2.1375783333333334 -28.249795000000002 30.51969666666667
endloop
endfacet
facet normal 0 -1 0
outer loop
vertex 2.24826 -28.249795000000002 30.465901666666667
vertex 2.357086666666667 -28.249795000000002 30.409633333333336
vertex 47.99998 -28.249795000000002 30.409633333333336
endloop
endfacet
facet normal 0 -0.9999999999999999 0
outer loop
vertex 2.24826 -28.249795000000002 30.465901666666667
vertex 47.99998 -28.249795000000002 30.409633333333336
vertex 47.99998 -28.249795000000002 30.465901666666667
endloop
endfacet
facet normal 0 -1 0
outer loop
vertex -47.99998 -28.249795000000002 30.465901666666667
vertex -47.99998 -28.249795000000002 30.409633333333336
vertex -2.357086666666667 -28.249795000000002 30.409633333333336
endloop
endfacet
facet normal 0 -0.9999999999999999 0
outer loop
vertex -47.99998 -28.249795000000002 30.465901666666667
vertex -2.357086666666667 -28.249795000000002 30.409633333333336
vertex -2.24826 -28.249795000000002 30.465901666666667
endloop
endfacet
facet normal 0 -0.9999999999999999 0
outer loop
vertex 2.357086666666667 -28.249795000000002 30.409633333333336
vertex 2.4646766666666666 -28.249795000000002 30.350273333333334
vertex 47.99998 -28.249795000000002 30.350273333333334
endloop
endfacet
facet normal 0 -1 0
outer loop
vertex 2.357086666666667 -28.249795000000002 30.409633333333336
vertex 47.99998 -28.249795000000002 30.350273333333334
vertex 47.99998 -28.249795000000002 30.409633333333336
endloop
endfacet
facet normal 0 -0.9999999999999999 0
outer loop
vertex -47.99998 -28.249795000000002 30.409633333333336
vertex -47.99998 -28.249795000000002 30.350273333333334
vertex -2.4646766666666666 -28.249795000000002 30.350273333333334
endloop
endfacet
facet normal 0 -1 0
outer loop
vertex -47.99998 -28.249795000000002 30.409633333333336
vertex -2.4646766666666666 -28.249795000000002 30.350273333333334
vertex -2.357086666666667 -28.249795000000002 30.409633333333336
endloop
endfacet
facet normal 0 -0.9999999999999999 0
outer loop
vertex 2.4646766666666666 -28.249795000000002 30.350273333333334
vertex 2.5704116666666668 -28.249795000000002 30.28844
vertex 47.99998 -28.249795000000002 30.28844
endloop
endfacet
facet normal 0 -1 0
outer loop
vertex 2.4646766666666666 -28.249795000000002 30.350273333333334
vertex 47.99998 -28.249795000000002 30.28844
vertex 47.99998 -28.249795000000002 30.350273333333334
endloop
endfacet
facet normal 0 -0.9999999999999999 0
outer loop
vertex -47.99998 -28.249795000000002 30.350273333333334
vertex -47.99998 -28.249795000000002 30.28844
vertex -2.5704116666666668 -28.249795000000002 30.28844
endloop
endfacet
facet normal 0 -1 0
outer loop
vertex -47.99998 -28.249795000000002 30.350273333333334
vertex -2.5704116666666668 -28.249795000000002 30.28844
vertex -2.4646766666666666 -28.249795000000002 30.350273333333334
endloop
endfacet
facet normal 0 -1 0
outer loop
vertex 2.5704116666666668 -28.249795000000002 30.28844
vertex 2.67491 -28.249795000000002 30.224133333333334
vertex 47.99998 -28.249795000000002 30.224133333333334
endloop
endfacet
facet normal 0 -1 0
outer loop
vertex 2.5704116666666668 -28.249795000000002 30.28844
vertex 47.99998 -28.249795000000002 30.224133333333334
vertex 47.99998 -28.249795000000002 30.28844
endloop
endfacet
facet normal 0 -1 0
outer loop
vertex -47.99998 -28.249795000000002 30.28844
vertex -47.99998 -28.249795000000002 30.224133333333334
vertex -2.67491 -28.249795000000002 30.224133333333334
endloop
endfacet
facet normal 0 -1 0
outer loop
vertex -47.99998 -28.249795000000002 30.28844
vertex -2.67491 -28.249795000000002 30.224133333333334
vertex -2.5704116666666668 -28.249795000000002 30.28844
endloop
endfacet
facet normal 0 -1 0
outer loop
vertex 2.67491 -28.249795000000002 30.224133333333334
vertex 2.7775533333333335 -28.249795000000002 30.157353333333337
vertex 47.99998 -28.249795000000002 30.157353333333337
endloop
endfacet
facet normal 0 -1 0
outer loop
vertex 2.67491 -28.249795000000002 30.224133333333334
vertex 47.99998 -28.249795000000002 30.157353333333337
vertex 47.99998 -28.249795000000002 30.224133333333334
endloop
endfacet
facet normal 0 -1 0
outer loop
vertex -47.99998 -28.249795000000002 30.224133333333334
vertex -47.99998 -28.249795000000002 30.157353333333337
vertex -2.7775533333333335 -28.249795000000002 30.157353333333337
endloop
endfacet
facet normal 0 -1 0
outer loop
vertex -47.99998 -28.249795000000002 30.224133333333334
vertex -2.7775533333333335 -28.249795000000002 30.157353333333337
vertex -2.67491 -28.249795000000002 30.224133333333334
endloop
endfacet
facet normal 0 -0.9999999999999999 0
outer loop
vertex 2.7775533333333335 -28.249795000000002 30.157353333333337
vertex 2.87896 -28.249795000000002 30.0881
vertex 47.99998 -28.249795000000002 30.0881
endloop
endfacet
facet normal 0 -1 0
outer loop
vertex 2.7775533333333335 -28.249795000000002 30.157353333333337
vertex 47.99998 -28.249795000000002 30.0881
vertex 47.99998 -28.249795000000002 30.157353333333337
endloop
endfacet
facet normal 0 -1 0
outer loop
vertex -47.99998 -28.249795000000002 30.157353333333337
vertex -47.99998 -28.249795000000002 30.0881
vertex -2.87896 -28.249795000000002 30.0881
endloop
endfacet
facet normal 0 -1 0
outer loop
vertex -47.99998 -28.249795000000002 30.157353333333337
vertex -2.87896 -28.249795000000002 30.0881
vertex -2.7775533333333335 -28.249795000000002 30.157353333333337
endloop
endfacet
facet normal 0 -1 0
outer loop
vertex 2.87896 -28.249795000000002 30.0881
vertex 2.978511666666667 -28.249795000000002 30.015755000000002
vertex 47.99998 -28.249795000000002 30.015755000000002
endloop
endfacet
facet normal 0 -1 0
outer loop
vertex 2.87896 -28.249795000000002 30.0881
vertex 47.99998 -28.249795000000002 30.015755000000002
vertex 47.99998 -28.249795000000002 30.0881
endloop
endfacet
facet normal 0 -1 0
outer loop
vertex -47.99998 -28.249795000000002 30.0881
vertex -47.99998 -28.249795000000002 30.015755000000002
vertex -2.978511666666667 -28.249795000000002 30.015755000000002
endloop
endfacet
facet normal 0 -1 0
outer loop
vertex -47.99998 -28.249795000000002 30.0881
vertex -2.978511666666667 -28.249795000000002 30.015755000000002
vertex -2.87896 -28.249795000000002 30.0881
endloop
endfacet
facet normal 0 -1 0
outer loop
vertex 2.978511666666667 -28.249795000000002 30.015755000000002
vertex 3.0762083333333337 -28.249795000000002 29.941555
vertex 47.99998 -28.249795000000002 29.941555
endloop
endfacet
facet normal 0 -0.9999999999999999 0
outer loop
vertex 2.978511666666667 -28.249795000000002 30.015755000000002
vertex 47.99998 -28.249795000000002 29.941555
vertex 47.99998 -28.249795000000002 30.015755000000002
endloop
endfacet
facet normal 0 -1 0
outer loop
vertex -47.99998 -28.249795000000002 30.015755000000002
vertex -47.99998 -28.249795000000002 29.941555
vertex -3.0762083333333337 -28.249795000000002 29.941555
endloop
endfacet
facet normal 0 -0.9999999999999999 0
outer loop
vertex -47.99998 -28.249795000000002 30.015755000000002
vertex -3.0762083333333337 -28.249795000000002 29.941555
vertex -2.978511666666667 -28.249795000000002 30.015755000000002
endloop
endfacet
facet normal 0 -1 0
outer loop
vertex 3.0762083333333337 -28.249795000000002 29.941555
vertex 3.17205 -28.249795000000002 29.86488166666667
vertex 47.99998 -28.249795000000002 29.86488166666667
endloop
endfacet
facet normal 0 -1 0
outer loop
vertex 3.0762083333333337 -28.249795000000002 29.941555
vertex 47.99998 -28.249795000000002 29.86488166666667
vertex 47.99998 -28.249795000000002 29.941555
endloop
endfacet
facet normal 0 -1 0
outer loop
vertex -47.99998 -28.249795000000002 29.941555
vertex -47.99998 -28.249795000000002 29.86488166666667
vertex -3.17205 -28.249795000000002 29.86488166666667
endloop
endfacet
facet normal 0 -1 0
outer loop
vertex -47.99998 -28.249795000000002 29.941555
vertex -3.17205 -28.249795000000002 29.86488166666667
vertex -3.0762083333333337 -28.249795000000002 29.941555
endloop
endfacet
facet normal 0 -1 0
outer loop
vertex 3.17205 -28.249795000000002 29.86488166666667
vertex 3.266036666666667 -28.249795000000002 29.786353333333334
vertex 47.99998 -28.249795000000002 29.786353333333334
endloop
endfacet
facet normal 0 -0.9999999999999999 0
outer loop
vertex 3.17205 -28.249795000000002 29.86488166666667
vertex 47.99998 -28.249795000000002 29.786353333333334
vertex 47.99998 -28.249795000000002 29.86488166666667
endloop
endfacet
facet normal 0 -1 0
outer loop
vertex -47.99998 -28.249795000000002 29.86488166666667
vertex -47.99998 -28.249795000000002 29.786353333333334
vertex -3.266036666666667 -28.249795000000002 29.786353333333334
endloop
endfacet
facet normal 0 -0.9999999999999999 0
outer loop
vertex -47.99998 -28.249795000000002 29.86488166666667
vertex -3.266036666666667 -28.249795000000002 29.786353333333334
vertex -3.17205 -28.249795000000002 29.86488166666667
endloop
endfacet
facet normal 0 -1 0
outer loop
vertex 3.266036666666667 -28.249795000000002 29.786353333333334
vertex 3.3575500000000003 -28.249795000000002 29.704733333333333
vertex 47.99998 -28.249795000000002 29.704733333333333
endloop
endfacet
facet normal 0 -1 0
outer loop
vertex 3.266036666666667 -28.249795000000002 29.786353333333334
vertex 47.99998 -28.249795000000002 29.704733333333333
vertex 47.99998 -28.249795000000002 29.786353333333334
endloop
endfacet
facet normal 0 -0.9999999999999999 0
outer loop
vertex -47.99998 -28.249795000000002 29.786353333333334
vertex -47.99998 -28.249795000000002 29.704733333333333
vertex -3.3575500000000003 -28.249795000000002 29.704733333333333
endloop
endfacet
facet normal 0 -1 0
outer loop
vertex -47.99998 -28.249795000000002 29.786353333333334
vertex -3.3575500000000003 -28.249795000000002 29.704733333333333
vertex -3.266036666666667 -28.249795000000002 29.786353333333334
endloop
endfacet
facet normal 0 -0.9999999999999999 0
outer loop
vertex 3.3575500000000003 -28.249795000000002 29.704733333333333
vertex 3.447826666666667 -28.249795000000002 29.621258333333333
vertex 47.99998 -28.249795000000002 29.621258333333333
endloop
endfacet
facet normal 0 -1 0
outer loop
vertex 3.3575500000000003 -28.249795000000002 29.704733333333333
vertex 47.99998 -28.249795000000002 29.621258333333333
vertex 47.99998 -28.249795000000002 29.704733333333333
endloop
endfacet
facet normal 0 -1 0
outer loop
vertex -47.99998 -28.249795000000002 29.704733333333333
vertex -47.99998 -28.249795000000002 29.621258333333333
vertex -3.447826666666667 -28.249795000000002 29.621258333333333
endloop
endfacet
facet normal 0 -1 0
outer loop
vertex -47.99998 -28.249795000000002 29.704733333333333
vertex -3.447826666666667 -28.249795000000002 29.621258333333333
vertex -3.3575500000000003 -28.249795000000002 29.704733333333333
endloop
endfacet
facet normal 0 -1 0
outer loop
vertex 3.447826666666667 -28.249795000000002 29.621258333333333
vertex 3.5356300000000003 -28.249795000000002 29.535310000000003
vertex 47.99998 -28.249795000000002 29.535310000000003
endloop
endfacet
facet normal 0 -0.9999999999999999 0
outer loop
vertex 3.447826666666667 -28.249795000000002 29.621258333333333
vertex 47.99998 -28.249795000000002 29.535310000000003
vertex 47.99998 -28.249795000000002 29.621258333333333
endloop
endfacet
facet normal 0 -1 0
outer loop
vertex -47.99998 -28.249795000000002 29.621258333333333
vertex -47.99998 -28.249795000000002 29.535310000000003
vertex -3.5356300000000003 -28.249795000000002 29.535310000000003
endloop
endfacet
facet normal 0 -0.9999999999999999 0
outer loop
vertex -47.99998 -28.249795000000002 29.621258333333333
vertex -3.5356300000000003 -28.249795000000002 29.535310000000003
vertex -3.447826666666667 -28.249795000000002 29.621258333333333
endloop
endfacet
facet normal 0 -1 0
outer loop
vertex 3.5356300000000003 -28.249795000000002 29.535310000000003
vertex 3.62096 -28.249795000000002 29.44750666666667
vertex 47.99998 -28.249795000000002 29.44750666666667
endloop
endfacet
facet normal 0 -1 0
outer loop
vertex 3.5356300000000003 -28.249795000000002 29.535310000000003
vertex 47.99998 -28.249795000000002 29.44750666666667
vertex 47.99998 -28.249795000000002 29.535310000000003
endloop
endfacet
facet normal 0 -0.9999999999999999 0
outer loop
vertex -47.99998 -28.249795000000002 29.535310000000003
vertex -47.99998 -28.249795000000002 29.44750666666667
vertex -3.62096 -28.249795000000002 29.44750666666667
endloop
endfacet
facet normal 0 -1 0
outer loop
vertex -47.99998 -28.249795000000002 29.535310000000003
vertex -3.62096 -28.249795000000002 29.44750666666667
vertex -3.5356300000000003 -28.249795000000002 29.535310000000003
endloop
endfacet
facet normal 0 -0.9999999999999999 0
outer loop
vertex 3.62096 -28.249795000000002 29.44750666666667
vertex 3.7050533333333333 -28.249795000000002 29.357848333333333
vertex 47.99998 -28.249795000000002 29.357848333333333
endloop
endfacet
facet normal 0 -1 0
outer loop
vertex 3.62096 -28.249795000000002 29.44750666666667
vertex 47.99998 -28.249795000000002 29.357848333333333
vertex 47.99998 -28.249795000000002 29.44750666666667
endloop
endfacet
facet normal 0 -1 0
outer loop
vertex -47.99998 -28.249795000000002 29.44750666666667
vertex -47.99998 -28.249795000000002 29.357848333333333
vertex -3.7050533333333333 -28.249795000000002 29.357848333333333
endloop
endfacet
facet normal 0 -1 0
outer loop
vertex -47.99998 -28.249795000000002 29.44750666666667
vertex -3.7050533333333333 -28.249795000000002 29.357848333333333
vertex -3.62096 -28.249795000000002 29.44750666666667
endloop
endfacet
facet normal 0 -1 0
outer loop
vertex 3.7050533333333333 -28.249795000000002 29.357848333333333
vertex 3.786055 -28.249795000000002 29.26571666666667
vertex 47.99998 -28.249795000000002 29.26571666666667
endloop
endfacet
facet normal 0 -1 0
outer loop
vertex 3.7050533333333333 -28.249795000000002 29.357848333333333
vertex 47.99998 -28.249795000000002 29.26571666666667
vertex 47.99998 -28.249795000000002 29.357848333333333
endloop
endfacet
facet normal 0 -1 0
outer loop
vertex -47.99998 -28.249795000000002 29.357848333333333
vertex -47.99998 -28.249795000000002 29.26571666666667
vertex -3.786055 -28.249795000000002 29.26571666666667
endloop
endfacet
facet normal 0 -1 0
outer loop
vertex -47.99998 -28.249795000000002 29.357848333333333
vertex -3.786055 -28.249795000000002 29.26571666666667
vertex -3.7050533333333333 -28.249795000000002 29.357848333333333
endloop
endfacet
facet normal 0 -1 0
outer loop
vertex 3.786055 -28.249795000000002 29.26571666666667
vertex 3.8652016666666666 -28.249795000000002 29.17173
vertex 47.99998 -28.249795000000002 29.17173
endloop
endfacet
facet normal 0 -1 0
outer loop
vertex 3.786055 -28.249795000000002 29.26571666666667
vertex 47.99998 -28.249795000000002 29.17173
vertex 47.99998 -28.249795000000002 29.26571666666667
endloop
endfacet
facet normal 0 -1 0
outer loop
vertex -47.99998 -28.249795000000002 29.26571666666667
vertex -47.99998 -28.249795000000002 29.17173
vertex -3.8652016666666666 -28.249795000000002 29.17173
endloop
endfacet
facet normal 0 -1 0
outer loop
vertex -47.99998 -28.249795000000002 29.26571666666667
vertex -3.8652016666666666 -28.249795000000002 29.17173
vertex -3.786055 -28.249795000000002 29.26571666666667
endloop
endfacet
facet normal 0 -1 0
outer loop
vertex 3.8652016666666666 -28.249795000000002 29.17173
vertex 3.941875 -28.249795000000002 29.075888333333335
vertex 47.99998 -28.249795000000002 29.075888333333335
endloop
endfacet
facet normal 0 -1 0
outer loop
vertex 3.8652016666666666 -28.249795000000002 29.17173
vertex 47.99998 -28.249795000000002 29.075888333333335
vertex 47.99998 -28.249795000000002 29.17173
endloop
endfacet
facet normal 0 -1 0
outer loop
vertex -47.99998 -28.249795000000002 29.17173
vertex -47.99998 -28.249795000000002 29.075888333333335
vertex -3.941875 -28.249795000000002 29.075888333333335
endloop
endfacet
facet normal 0 -1 0
outer loop
vertex -47.99998 -28.249795000000002 29.17173
vertex -3.941875 -28.249795000000002 29.075888333333335
vertex -3.8652016666666666 -28.249795000000002 29.17173
endloop
endfacet
facet normal 0 -1 0
outer loop
vertex 3.941875 -28.249795000000002 29.075888333333335
vertex 4.016075 -28.249795000000002 28.978191666666667
vertex 47.99998 -28.249795000000002 28.978191666666667
endloop
endfacet
facet normal 0 -1 0
outer loop
vertex 3.941875 -28.249795000000002 29.075888333333335
vertex 47.99998 -28.249795000000002 28.978191666666667
vertex 47.99998 -28.249795000000002 29.075888333333335
endloop
endfacet
facet normal 0 -1 0
outer loop
vertex -47.99998 -28.249795000000002 29.075888333333335
vertex -47.99998 -28.249795000000002 28.978191666666667
vertex -4.016075 -28.249795000000002 28.978191666666667
endloop
endfacet
facet normal 0 -1 0
outer loop
vertex -47.99998 -28.249795000000002 29.075888333333335
vertex -4.016075 -28.249795000000002 28.978191666666667
vertex -3.941875 -28.249795000000002 29.075888333333335
endloop
endfacet
facet normal 0 -0.9999999999999999 0
outer loop
vertex 4.016075 -28.249795000000002 28.978191666666667
vertex 4.0878016666666666 -28.249795000000002 28.879258333333336
vertex 47.99998 -28.249795000000002 28.879258333333336
endloop
endfacet
facet normal 0 -1 0
outer loop
vertex 4.016075 -28.249795000000002 28.978191666666667
vertex 47.99998 -28.249795000000002 28.879258333333336
vertex 47.99998 -28.249795000000002 28.978191666666667
endloop
endfacet
facet normal 0 -0.9999999999999999 0
outer loop
vertex -47.99998 -28.249795000000002 28.978191666666667
vertex -47.99998 -28.249795000000002 28.879258333333336
vertex -4.0878016666666666 -28.249795000000002 28.879258333333336
endloop
endfacet
facet normal 0 -1 0
outer loop
vertex -47.99998 -28.249795000000002 28.978191666666667
vertex -4.0878016666666666 -28.249795000000002 28.879258333333336
vertex -4.016075 -28.249795000000002 28.978191666666667
endloop
endfacet
facet normal 0 -1 0
outer loop
vertex 4.0878016666666666 -28.249795000000002 28.879258333333336
vertex 4.157055000000001 -28.249795000000002 28.777851666666667
vertex 47.99998 -28.249795000000002 28.777851666666667
endloop
endfacet
facet normal 0 -1 0
outer loop
vertex 4.0878016666666666 -28.249795000000002 28.879258333333336
vertex 47.99998 -28.249795000000002 28.777851666666667
vertex 47.99998 -28.249795000000002 28.879258333333336
endloop
endfacet
facet normal 0 -1 0
outer loop
vertex -47.99998 -28.249795000000002 28.879258333333336
vertex -47.99998 -28.249795000000002 28.777851666666667
vertex -4.157055000000001 -28.249795000000002 28.777851666666667
endloop
endfacet
facet normal 0 -1 0
outer loop
vertex -47.99998 -28.249795000000002 28.879258333333336
vertex -4.157055000000001 -28.249795000000002 28.777851666666667
vertex -4.0878016666666666 -28.249795000000002 28.879258333333336
endloop
endfacet
facet normal 0 -1 0
outer loop
vertex 4.157055000000001 -28.249795000000002 28.777851666666667
vertex 4.224453333333334 -28.249795000000002 28.675208333333334
vertex 47.99998 -28.249795000000002 28.675208333333334
endloop
endfacet
facet normal 0 -1 0
outer loop
vertex 4.157055000000001 -28.249795000000002 28.777851666666667
vertex 47.99998 -28.249795000000002 28.675208333333334
vertex 47.99998 -28.249795000000002 28.777851666666667
endloop
endfacet
facet normal 0 -1 0
outer loop
vertex -47.99998 -28.249795000000002 28.777851666666667
vertex -47.99998 -28.249795000000002 28.675208333333334
vertex -4.224453333333334 -28.249795000000002 28.675208333333334
endloop
endfacet
facet normal 0 -1 0
outer loop
vertex -47.99998 -28.249795000000002 28.777851666666667
vertex -4.224453333333334 -28.249795000000002 28.675208333333334
vertex -4.157055000000001 -28.249795000000002 28.777851666666667
endloop
endfacet
facet normal 0 -1 0
outer loop
vertex 4.224453333333334 -28.249795000000002 28.675208333333334
vertex 4.28876 -28.249795000000002 28.570710000000002
vertex 47.99998 -28.249795000000002 28.570710000000002
endloop
endfacet
facet normal 0 -1 0
outer loop
vertex 4.224453333333334 -28.249795000000002 28.675208333333334
vertex 47.99998 -28.249795000000002 28.570710000000002
vertex 47.99998 -28.249795000000002 28.675208333333334
endloop
endfacet
facet normal 0 -1 0
outer loop
vertex -47.99998 -28.249795000000002 28.675208333333334
vertex -47.99998 -28.249795000000002 28.570710000000002
vertex -4.28876 -28.249795000000002 28.570710000000002
endloop
endfacet
facet normal 0 -1 0
outer loop
vertex -47.99998 -28.249795000000002 28.675208333333334
vertex -4.28876 -28.249795000000002 28.570710000000002
vertex -4.224453333333334 -28.249795000000002 28.675208333333334
endloop
endfacet
facet normal 0 -1 0
outer loop
vertex 4.28876 -28.249795000000002 28.570710000000002
vertex 4.350593333333333 -28.249795000000002 28.464356666666667
vertex 47.99998 -28.249795000000002 28.464356666666667
endloop
endfacet
facet normal 0 -1 0
outer loop
vertex 4.28876 -28.249795000000002 28.570710000000002
vertex 47.99998 -28.249795000000002 28.464356666666667
vertex 47.99998 -28.249795000000002 28.570710000000002
endloop
endfacet
facet normal 0 -1 0
outer loop
vertex -47.99998 -28.249795000000002 28.570710000000002
vertex -47.99998 -28.249795000000002 28.464356666666667
vertex -4.350593333333333 -28.249795000000002 28.464356666666667
endloop
endfacet
facet normal 0 -1 0
outer loop
vertex -47.99998 -28.249795000000002 28.570710000000002
vertex -4.350593333333333 -28.249795000000002 28.464356666666667
vertex -4.28876 -28.249795000000002 28.570710000000002
endloop
endfacet
facet normal 0 -1 0
outer loop
vertex 4.350593333333333 -28.249795000000002 28.464356666666667
vertex 4.4093350000000004 -28.249795000000002 28.35676666666667
vertex 47.99998 -28.249795000000002 28.35676666666667
endloop
endfacet
facet normal 0 -1 0
outer loop
vertex 4.350593333333333 -28.249795000000002 28.464356666666667
vertex 47.99998 -28.249795000000002 28.35676666666667
vertex 47.99998 -28.249795000000002 28.464356666666667
endloop
endfacet
facet normal 0 -1 0
outer loop
vertex -47.99998 -28.249795000000002 28.464356666666667
vertex -47.99998 -28.249795000000002 28.35676666666667
vertex -4.4093350000000004 -28.249795000000002 28.35676666666667
endloop
endfacet
facet normal 0 -1 0
outer loop
vertex -47.99998 -28.249795000000002 28.464356666666667
vertex -4.4093350000000004 -28.249795000000002 28.35676666666667
vertex -4.350593333333333 -28.249795000000002 28.464356666666667
endloop
endfacet
facet normal 0 -1 0
outer loop
vertex 4.4093350000000004 -28.249795000000002 28.35676666666667
vertex 4.466221666666667 -28.249795000000002 28.24794
vertex 47.99998 -28.249795000000002 28.24794
endloop
endfacet
facet normal 0 -1 0
outer loop
vertex 4.4093350000000004 -28.249795000000002 28.35676666666667
vertex 47.99998 -28.249795000000002 28.24794
vertex 47.99998 -28.249795000000002 28.35676666666667
endloop
endfacet
facet normal 0 -1 0
outer loop
vertex -47.99998 -28.249795000000002 28.35676666666667
vertex -47.99998 -28.249795000000002 28.24794
vertex -4.466221666666667 -28.249795000000002 28.24794
endloop
endfacet
facet normal 0 -1 0
outer loop
vertex -47.99998 -28.249795000000002 28.35676666666667
vertex -4.466221666666667 -28.249795000000002 28.24794
vertex -4.4093350000000004 -28.249795000000002 28.35676666666667
endloop
endfacet
facet normal 0 -1 0
outer loop
vertex 4.466221666666667 -28.249795000000002 28.24794
vertex 4.520016666666667 -28.249795000000002 28.137876666666667
vertex 47.99998 -28.249795000000002 28.137876666666667
endloop
endfacet
facet normal 0 -1 0
outer loop
vertex 4.466221666666667 -28.249795000000002 28.24794
vertex 47.99998 -28.249795000000002 28.137876666666667
vertex 47.99998 -28.249795000000002 28.24794
endloop
endfacet
facet normal 0 -1 0
outer loop
vertex -47.99998 -28.249795000000002 28.24794
vertex -47.99998 -28.249795000000002 28.137876666666667
vertex -4.520016666666667 -28.249795000000002 28.137876666666667
endloop
endfacet
facet normal 0 -1 0
outer loop
vertex -47.99998 -28.249795000000002 28.24794
vertex -4.520016666666667 -28.249795000000002 28.137876666666667
vertex -4.466221666666667 -28.249795000000002 28.24794
endloop
endfacet
facet normal 0 -1 0
outer loop
vertex 4.520016666666667 -28.249795000000002 28.137876666666667
vertex 4.571338333333333 -28.249795000000002 28.025958333333335
vertex 47.99998 -28.249795000000002 28.025958333333335
endloop
endfacet
facet normal 0 -1 0
outer loop
vertex 4.520016666666667 -28.249795000000002 28.137876666666667
vertex 47.99998 -28.249795000000002 28.025958333333335
vertex 47.99998 -28.249795000000002 28.137876666666667
endloop
endfacet
facet normal 0 -1 0
outer loop
vertex -47.99998 -28.249795000000002 28.137876666666667
vertex -47.99998 -28.249795000000002 28.025958333333335
vertex -4.571338333333333 -28.249795000000002 28.025958333333335
endloop
endfacet
facet normal 0 -1 0
outer loop
vertex -47.99998 -28.249795000000002 28.137876666666667
vertex -4.571338333333333 -28.249795000000002 28.025958333333335
vertex -4.520016666666667 -28.249795000000002 28.137876666666667
endloop
endfacet
facet normal 0 -1 0
outer loop
vertex 4.571338333333333 -28.249795000000002 28.025958333333335
vertex 4.6195683333333335 -28.249795000000002 27.913421666666668
vertex 47.99998 -28.249795000000002 27.913421666666668
endloop
endfacet
facet normal 0 -1 0
outer loop
vertex 4.571338333333333 -28.249795000000002 28.025958333333335
vertex 47.99998 -28.249795000000002 27.913421666666668
vertex 47.99998 -28.249795000000002 28.025958333333335
endloop
endfacet
facet normal 0 -1 0
outer loop
vertex -47.99998 -28.249795000000002 28.025958333333335
vertex -47.99998 -28.249795000000002 27.913421666666668
vertex -4.6195683333333335 -28.249795000000002 27.913421666666668
endloop
endfacet
facet normal 0 -1 0
outer loop
vertex -47.99998 -28.249795000000002 28.025958333333335
vertex -4.6195683333333335 -28.249795000000002 27.913421666666668
vertex -4.571338333333333 -28.249795000000002 28.025958333333335
endloop
endfacet
facet normal 0 -1 0
outer loop
vertex 4.6195683333333335 -28.249795000000002 27.913421666666668
vertex 4.664706666666667 -28.249795000000002 27.799648333333334
vertex 47.99998 -28.249795000000002 27.799648333333334
endloop
endfacet
facet normal 0 -1 0
outer loop
vertex 4.6195683333333335 -28.249795000000002 27.913421666666668
vertex 47.99998 -28.249795000000002 27.799648333333334
vertex 47.99998 -28.249795000000002 27.913421666666668
endloop
endfacet
facet normal 0 -1 0
outer loop
vertex -47.99998 -28.249795000000002 27.913421666666668
vertex -47.99998 -28.249795000000002 27.799648333333334
vertex -4.664706666666667 -28.249795000000002 27.799648333333334
endloop
endfacet
facet normal 0 -1 0
outer loop
vertex -47.99998 -28.249795000000002 27.913421666666668
vertex -4.664706666666667 -28.249795000000002 27.799648333333334
vertex -4.6195683333333335 -28.249795000000002 27.913421666666668
endloop
endfacet
facet normal 0 -1 0
outer loop
vertex 4.664706666666667 -28.249795000000002 27.799648333333334
vertex 4.707990000000001 -28.249795000000002 27.684638333333336
vertex 47.99998 -28.249795000000002 27.684638333333336
endloop
endfacet
facet normal 0 -1 0
outer loop
vertex 4.664706666666667 -28.249795000000002 27.799648333333334
vertex 47.99998 -28.249795000000002 27.684638333333336
vertex 47.99998 -28.249795000000002 27.799648333333334
endloop
endfacet
facet normal 0 -1 0
outer loop
vertex -47.99998 -28.249795000000002 27.799648333333334
vertex -47.99998 -28.249795000000002 27.684638333333336
vertex -4.707990000000001 -28.249795000000002 27.684638333333336
endloop
endfacet
facet normal 0 -1 0
outer loop
vertex -47.99998 -28.249795000000002 27.799648333333334
vertex -4.707990000000001 -28.249795000000002 27.684638333333336
vertex -4.664706666666667 -28.249795000000002 27.799648333333334
endloop
endfacet
facet normal 0 -1 0
outer loop
vertex 4.707990000000001 -28.249795000000002 27.684638333333336
vertex 4.747563333333334 -28.249795000000002 27.568391666666667
vertex 47.99998 -28.249795000000002 27.568391666666667
endloop
endfacet
facet normal 0 -1 0
outer loop
vertex 4.707990000000001 -28.249795000000002 27.684638333333336
vertex 47.99998 -28.249795000000002 27.568391666666667
vertex 47.99998 -28.249795000000002 27.684638333333336
endloop
endfacet
facet normal 0 -1 0
outer loop
vertex -47.99998 -28.249795000000002 27.684638333333336
vertex -47.99998 -28.249795000000002 27.568391666666667
vertex -4.747563333333334 -28.249795000000002 27.568391666666667
endloop
endfacet
facet normal 0 -1 0
outer loop
vertex -47.99998 -28.249795000000002 27.684638333333336
vertex -4.747563333333334 -28.249795000000002 27.568391666666667
vertex -4.707990000000001 -28.249795000000002 27.684638333333336
endloop
endfacet
facet normal 0 -1 0
outer loop
vertex 4.747563333333334 -28.249795000000002 27.568391666666667
vertex 4.7846633333333335 -28.249795000000002 27.45152666666667
vertex 47.99998 -28.249795000000002 27.45152666666667
endloop
endfacet
facet normal 0 -0.9999999999999999 0
outer loop
vertex 4.747563333333334 -28.249795000000002 27.568391666666667
vertex 47.99998 -28.249795000000002 27.45152666666667
vertex 47.99998 -28.249795000000002 27.568391666666667
endloop
endfacet
facet normal 0 -1 0
outer loop
vertex -47.99998 -28.249795000000002 27.568391666666667
vertex -47.99998 -28.249795000000002 27.45152666666667
vertex -4.7846633333333335 -28.249795000000002 27.45152666666667
endloop
endfacet
facet normal 0 -0.9999999999999999 0
outer loop
vertex -47.99998 -28.249795000000002 27.568391666666667
vertex -4.7846633333333335 -28.249795000000002 27.45152666666667
vertex -4.747563333333334 -28.249795000000002 27.568391666666667
endloop
endfacet
facet normal 0 -1 0
outer loop
vertex 4.7846633333333335 -28.249795000000002 27.45152666666667
vertex 4.818671666666667 -28.249795000000002 27.333425000000002
vertex 47.99998 -28.249795000000002 27.333425000000002
endloop
endfacet
facet normal 0 -1 0
outer loop
vertex 4.7846633333333335 -28.249795000000002 27.45152666666667
vertex 47.99998 -28.249795000000002 27.333425000000002
vertex 47.99998 -28.249795000000002 27.45152666666667
endloop
endfacet
facet normal 0 -1 0
outer loop
vertex -47.99998 -28.249795000000002 27.45152666666667
vertex -47.99998 -28.249795000000002 27.333425000000002
vertex -4.818671666666667 -28.249795000000002 27.333425000000002
endloop
endfacet
facet normal 0 -1 0
outer loop
vertex -47.99998 -28.249795000000002 27.45152666666667
vertex -4.818671666666667 -28.249795000000002 27.333425000000002
vertex -4.7846633333333335 -28.249795000000002 27.45152666666667
endloop
endfacet
facet normal 0 -1 0
outer loop
vertex 4.818671666666667 -28.249795000000002 27.333425000000002
vertex 4.850206666666667 -28.249795000000002 27.214705000000002
vertex 47.99998 -28.249795000000002 27.214705000000002
endloop
endfacet
facet normal 0 -1 0
outer loop
vertex 4.818671666666667 -28.249795000000002 27.333425000000002
vertex 47.99998 -28.249795000000002 27.214705000000002
vertex 47.99998 -28.249795000000002 27.333425000000002
endloop
endfacet
facet normal 0 -1 0
outer loop
vertex -47.99998 -28.249795000000002 27.333425000000002
vertex -47.99998 -28.249795000000002 27.214705000000002
vertex -4.850206666666667 -28.249795000000002 27.214705000000002
endloop
endfacet
facet normal 0 -1 0
outer loop
vertex -47.99998 -28.249795000000002 27.333425000000002
vertex -4.850206666666667 -28.249795000000002 27.214705000000002
vertex -4.818671666666667 -28.249795000000002 27.333425000000002
endloop
endfacet
facet normal 0 -1 0
outer loop
vertex 4.850206666666667 -28.249795000000002 27.214705000000002
vertex 4.87865 -28.249795000000002 27.095366666666667
vertex 47.99998 -28.249795000000002 27.095366666666667
endloop
endfacet
facet normal 0 -1 0
outer loop
vertex 4.850206666666667 -28.249795000000002 27.214705000000002
vertex 47.99998 -28.249795000000002 27.095366666666667
vertex 47.99998 -28.249795000000002 27.214705000000002
endloop
endfacet
facet normal 0 -1 0
outer loop
vertex -47.99998 -28.249795000000002 27.214705000000002
vertex -47.99998 -28.249795000000002 27.095366666666667
vertex -4.87865 -28.249795000000002 27.095366666666667
endloop
endfacet
facet normal 0 -1 0
outer loop
vertex -47.99998 -28.249795000000002 27.214705000000002
vertex -4.87865 -28.249795000000002 27.095366666666667
vertex -4.850206666666667 -28.249795000000002 27.214705000000002
endloop
endfacet
facet normal 0 -1 0
outer loop
vertex 4.87865 -28.249795000000002 27.095366666666667
vertex 4.904001666666667 -28.249795000000002 26.97541
vertex 47.99998 -28.249795000000002 26.97541
endloop
endfacet
facet normal 0 -1 0
outer loop
vertex 4.87865 -28.249795000000002 27.095366666666667
vertex 47.99998 -28.249795000000002 26.97541
vertex 47.99998 -28.249795000000002 27.095366666666667
endloop
endfacet
facet normal 0 -1 0
outer loop
vertex -47.99998 -28.249795000000002 27.095366666666667
vertex -47.99998 -28.249795000000002 26.97541
vertex -4.904001666666667 -28.249795000000002 26.97541
endloop
endfacet
facet normal 0 -1 0
outer loop
vertex -47.99998 -28.249795000000002 27.095366666666667
vertex -4.904001666666667 -28.249795000000002 26.97541
vertex -4.87865 -28.249795000000002 27.095366666666667
endloop
endfacet
facet normal 0 -1 0
outer loop
vertex 4.904001666666667 -28.249795000000002 26.97541
vertex 4.926261666666667 -28.249795000000002 26.854835
vertex 47.99998 -28.249795000000002 26.854835
endloop
endfacet
facet normal 0 -1 0
outer loop
vertex 4.904001666666667 -28.249795000000002 26.97541
vertex 47.99998 -28.249795000000002 26.854835
vertex 47.99998 -28.249795000000002 26.97541
endloop
endfacet
facet normal 0 -1 0
outer loop
vertex -47.99998 -28.249795000000002 26.97541
vertex -47.99998 -28.249795000000002 26.854835
vertex -4.926261666666667 -28.249795000000002 26.854835
endloop
endfacet
facet normal 0 -1 0
outer loop
vertex -47.99998 -28.249795000000002 26.97541
vertex -4.926261666666667 -28.249795000000002 26.854835
vertex -4.904001666666667 -28.249795000000002 26.97541
endloop
endfacet
facet normal 0 -1 0
outer loop
vertex 4.926261666666667 -28.249795000000002 26.854835
vertex 4.946048333333334 -28.249795000000002 26.733641666666667
vertex 47.99998 -28.249795000000002 26.733641666666667
endloop
endfacet
facet normal 0 -1 0
outer loop
vertex 4.926261666666667 -28.249795000000002 26.854835
vertex 47.99998 -28.249795000000002 26.733641666666667
vertex 47.99998 -28.249795000000002 26.854835
endloop
endfacet
facet normal 0 -1 0
outer loop
vertex -47.99998 -28.249795000000002 26.854835
vertex -47.99998 -28.249795000000002 26.733641666666667
vertex -4.946048333333334 -28.249795000000002 26.733641666666667
endloop
endfacet
facet normal 0 -1 0
outer loop
vertex -47.99998 -28.249795000000002 26.854835
vertex -4.946048333333334 -28.249795000000002 26.733641666666667
vertex -4.926261666666667 -28.249795000000002 26.854835
endloop
endfacet
facet normal 0 -1 0
outer loop
vertex 4.946048333333334 -28.249795000000002 26.733641666666667
vertex 4.962125 -28.249795000000002 26.61183
vertex 47.99998 -28.249795000000002 26.61183
endloop
endfacet
facet normal 0 -1 0
outer loop
vertex 4.946048333333334 -28.249795000000002 26.733641666666667
vertex 47.99998 -28.249795000000002 26.61183
vertex 47.99998 -28.249795000000002 26.733641666666667
endloop
endfacet
facet normal 0 -1 0
outer loop
vertex -47.99998 -28.249795000000002 26.733641666666667
vertex -47.99998 -28.249795000000002 26.61183
vertex -4.962125 -28.249795000000002 26.61183
endloop
endfacet
facet normal 0 -1 0
outer loop
vertex -47.99998 -28.249795000000002 26.733641666666667
vertex -4.962125 -28.249795000000002 26.61183
vertex -4.946048333333334 -28.249795000000002 26.733641666666667
endloop
endfacet
facet normal 0 -1 0
outer loop
vertex 4.962125 -28.249795000000002 26.61183
vertex 4.9757283333333335 -28.249795000000002 26.490018333333335
vertex 47.99998 -28.249795000000002 26.490018333333335
endloop
endfacet
facet normal 0 -1 0
outer loop
vertex 4.962125 -28.249795000000002 26.61183
vertex 47.99998 -28.249795000000002 26.490018333333335
vertex 47.99998 -28.249795000000002 26.61183
endloop
endfacet
facet normal 0 -1 0
outer loop
vertex -47.99998 -28.249795000000002 26.61183
vertex -47.99998 -28.249795000000002 26.490018333333335
vertex -4.9757283333333335 -28.249795000000002 26.490018333333335
endloop
endfacet
facet normal 0 -1 0
outer loop
vertex -47.99998 -28.249795000000002 26.61183
vertex -4.9757283333333335 -28.249795000000002 26.490018333333335
vertex -4.962125 -28.249795000000002 26.61183
endloop
endfacet
facet normal 0 -1 0
outer loop
vertex 4.9757283333333335 -28.249795000000002 26.490018333333335
vertex 4.9862400000000004 -28.249795000000002 26.367588333333334
vertex 47.99998 -28.249795000000002 26.367588333333334
endloop
endfacet
facet normal 0 -1 0
outer loop
vertex 4.9757283333333335 -28.249795000000002 26.490018333333335
vertex 47.99998 -28.249795000000002 26.367588333333334
vertex 47.99998 -28.249795000000002 26.490018333333335
endloop
endfacet
facet normal 0 -1 0
outer loop
vertex -47.99998 -28.249795000000002 26.490018333333335
vertex -47.99998 -28.249795000000002 26.367588333333334
vertex -4.9862400000000004 -28.249795000000002 26.367588333333334
endloop
endfacet
facet normal 0 -1 0
outer loop
vertex -47.99998 -28.249795000000002 26.490018333333335
vertex -4.9862400000000004 -28.249795000000002 26.367588333333334
vertex -4.9757283333333335 -28.249795000000002 26.490018333333335
endloop
endfacet
facet normal 0 -1 0
outer loop
vertex 4.9862400000000004 -28.249795000000002 26.367588333333334
vertex 4.994278333333334 -28.249795000000002 26.245158333333336
vertex 47.99998 -28.249795000000002 26.245158333333336
endloop
endfacet
facet normal 0 -0.9999999999999999 0
outer loop
vertex 4.9862400000000004 -28.249795000000002 26.367588333333334
vertex 47.99998 -28.249795000000002 26.245158333333336
vertex 47.99998 -28.249795000000002 26.367588333333334
endloop
endfacet
facet normal 0 -1 0
outer loop
vertex -47.99998 -28.249795000000002 26.367588333333334
vertex -47.99998 -28.249795000000002 26.245158333333336
vertex -4.994278333333334 -28.249795000000002 26.245158333333336
endloop
endfacet
facet normal 0 -0.9999999999999999 0
outer loop
vertex -47.99998 -28.249795000000002 26.367588333333334
vertex -4.994278333333334 -28.249795000000002 26.245158333333336
vertex -4.9862400000000004 -28.249795000000002 26.367588333333334
endloop
endfacet
facet normal 0 -1 0
outer loop
vertex 4.994278333333334 -28.249795000000002 26.245158333333336
vertex 4.998606666666667 -28.249795000000002 26.122728333333335
vertex 47.99998 -28.249795000000002 26.122728333333335
endloop
endfacet
facet normal 0 -1 0
outer loop
vertex 4.994278333333334 -28.249795000000002 26.245158333333336
vertex 47.99998 -28.249795000000002 26.122728333333335
vertex 47.99998 -28.249795000000002 26.245158333333336
endloop
endfacet
facet normal 0 -1 0
outer loop
vertex -47.99998 -28.249795000000002 26.245158333333336
vertex -47.99998 -28.249795000000002 26.122728333333335
vertex -4.998606666666667 -28.249795000000002 26.122728333333335
endloop
endfacet
facet normal 0 -1 0
outer loop
vertex -47.99998 -28.249795000000002 26.245158333333336
vertex -4.998606666666667 -28.249795000000002 26.122728333333335
vertex -4.994278333333334 -28.249795000000002 26.245158333333336
endloop
endfacet
facet normal 0 -1 0
outer loop
vertex 4.998606666666667 -28.249795000000002 26.122728333333335
vertex 4.999843333333334 -28.249795000000002 26.000298333333333
vertex 47.99998 -28.249795000000002 26.000298333333333
endloop
endfacet
facet normal 0 -1 0
outer loop
vertex 4.998606666666667 -28.249795000000002 26.122728333333335
vertex 47.99998 -28.249795000000002 26.000298333333333
vertex 47.99998 -28.249795000000002 26.122728333333335
endloop
endfacet
facet normal 0 -1 0
outer loop
vertex -47.99998 -28.249795000000002 26.122728333333335
vertex -47.99998 -28.249795000000002 26.000298333333333
vertex -4.999843333333334 -28.249795000000002 26.000298333333333
endloop
endfacet
facet normal 0 -1 0
outer loop
vertex -47.99998 -28.249795000000002 26.122728333333335
vertex -4.999843333333334 -28.249795000000002 26.000298333333333
vertex -4.998606666666667 -28.249795000000002 26.122728333333335
endloop
endfacet
facet normal 0 -1 0
outer loop
vertex 4.999843333333334 -28.249795000000002 26.000298333333333
vertex 4.998606666666667 -28.249795000000002 25.87725
vertex 47.99998 -28.249795000000002 25.87725
endloop
endfacet
facet normal 0 -0.9999999999999999 0
outer loop
vertex 4.999843333333334 -28.249795000000002 26.000298333333333
vertex 47.99998 -28.249795000000002 25.87725
vertex 47.99998 -28.249795000000002 26.000298333333333
endloop
endfacet
facet normal 0 -1 0
outer loop
vertex -47.99998 -28.249795000000002 26.000298333333333
vertex -47.99998 -28.249795000000002 25.87725
vertex -4.998606666666667 -28.249795000000002 25.87725
endloop
endfacet
facet normal 0 -0.9999999999999999 0
outer loop
vertex -47.99998 -28.249795000000002 26.000298333333333
vertex -4.998606666666667 -28.249795000000002 25.87725
vertex -4.999843333333334 -28.249795000000002 26.000298333333333
endloop
endfacet
facet normal 0 -1 0
outer loop
vertex 4.998606666666667 -28.249795000000002 25.87725
vertex 4.994278333333334 -28.249795000000002 25.754820000000002
vertex 47.99998 -28.249795000000002 25.754820000000002
endloop
endfacet
facet normal 0 -1 0
outer loop
vertex 4.998606666666667 -28.249795000000002 25.87725
vertex 47.99998 -28.249795000000002 25.754820000000002
vertex 47.99998 -28.249795000000002 25.87725
endloop
endfacet
facet normal 0 -1 0
outer loop
vertex -47.99998 -28.249795000000002 25.87725
vertex -47.99998 -28.249795000000002 25.754820000000002
vertex -4.994278333333334 -28.249795000000002 25.754820000000002
endloop
endfacet
facet normal 0 -1 0
outer loop
vertex -47.99998 -28.249795000000002 25.87725
vertex -4.994278333333334 -28.249795000000002 25.754820000000002
vertex -4.998606666666667 -28.249795000000002 25.87725
endloop
endfacet
facet normal 0 -1 0
outer loop
vertex 4.994278333333334 -28.249795000000002 25.754820000000002
vertex 4.9862400000000004 -28.249795000000002 25.63239
vertex 47.99998 -28.249795000000002 25.63239
endloop
endfacet
facet normal 0 -1 0
outer loop
vertex 4.994278333333334 -28.249795000000002 25.754820000000002
vertex 47.99998 -28.249795000000002 25.63239
vertex 47.99998 -28.249795000000002 25.754820000000002
endloop
endfacet
facet normal 0 -1 0
outer loop
vertex -47.99998 -28.249795000000002 25.754820000000002
vertex -47.99998 -28.249795000000002 25.63239
vertex -4.9862400000000004 -28.249795000000002 25.63239
endloop
endfacet
facet normal 0 -1 0
outer loop
vertex -47.99998 -28.249795000000002 25.754820000000002
vertex -4.9862400000000004 -28.249795000000002 25.63239
vertex -4.994278333333334 -28.249795000000002 25.754820000000002
endloop
endfacet
facet normal 0 -1 0
outer loop
vertex 4.9862400000000004 -28.249795000000002 25.63239
vertex 4.9757283333333335 -28.249795000000002 25.509960000000003
vertex 47.99998 -28.249795000000002 25.509960000000003
endloop
endfacet
facet normal 0 -0.9999999999999999 0
outer loop
vertex 4.9862400000000004 -28.249795000000002 25.63239
vertex 47.99998 -28.249795000000002 25.509960000000003
vertex 47.99998 -28.249795000000002 25.63239
endloop
endfacet
facet normal 0 -1 0
outer loop
vertex -47.99998 -28.249795000000002 25.63239
vertex -47.99998 -28.249795000000002 25.509960000000003
vertex -4.9757283333333335 -28.249795000000002 25.509960000000003
endloop
endfacet
facet normal 0 -0.9999999999999999 0
outer loop
vertex -47.99998 -28.249795000000002 25.63239
vertex -4.9757283333333335 -28.249795000000002 25.509960000000003
vertex -4.9862400000000004 -28.249795000000002 25.63239
endloop
endfacet
facet normal 0 -0.9999999999999999 0
outer loop
vertex 4.9757283333333335 -28.249795000000002 25.509960000000003
vertex 4.962125 -28.249795000000002 25.388148333333334
vertex 47.99998 -28.249795000000002 25.388148333333334
endloop
endfacet
facet normal 0 -1 0
outer loop
vertex 4.9757283333333335 -28.249795000000002 25.509960000000003
vertex 47.99998 -28.249795000000002 25.388148333333334
vertex 47.99998 -28.249795000000002 25.509960000000003
endloop
endfacet
facet normal 0 -0.9999999999999999 0
outer loop
vertex -47.99998 -28.249795000000002 25.509960000000003
vertex -47.99998 -28.249795000000002 25.388148333333334
vertex -4.962125 -28.249795000000002 25.388148333333334
endloop
endfacet
facet normal 0 -1 0
outer loop
vertex -47.99998 -28.249795000000002 25.509960000000003
vertex -4.962125 -28.249795000000002 25.388148333333334
vertex -4.9757283333333335 -28.249795000000002 25.509960000000003
endloop
endfacet
facet normal 0 -1 0
outer loop
vertex 4.962125 -28.249795000000002 25.388148333333334
vertex 4.946048333333334 -28.249795000000002 25.266336666666668
vertex 47.99998 -28.249795000000002 25.266336666666668
endloop
endfacet
facet normal 0 -1 0
outer loop
vertex 4.962125 -28.249795000000002 25.388148333333334
vertex 47.99998 -28.249795000000002 25.266336666666668
vertex 47.99998 -28.249795000000002 25.388148333333334
endloop
endfacet
facet normal 0 -1 0
outer loop
vertex -47.99998 -28.249795000000002 25.388148333333334
vertex -47.99998 -28.249795000000002 25.266336666666668
vertex -4.946048333333334 -28.249795000000002 25.266336666666668
endloop
endfacet
facet normal 0 -1 0
outer loop
vertex -47.99998 -28.249795000000002 25.388148333333334
vertex -4.946048333333334 -28.249795000000002 25.266336666666668
vertex -4.962125 -28.249795000000002 25.388148333333334
endloop
endfacet
facet normal 0 -1 0
outer loop
vertex 4.946048333333334 -28.249795000000002 25.266336666666668
vertex 4.926261666666667 -28.249795000000002 25.145143333333333
vertex 47.99998 -28.249795000000002 25.145143333333333
endloop
endfacet
facet normal 0 -1 0
outer loop
vertex 4.946048333333334 -28.249795000000002 25.266336666666668
vertex 47.99998 -28.249795000000002 25.145143333333333
vertex 47.99998 -28.249795000000002 25.266336666666668
endloop
endfacet
facet normal 0 -1 0
outer loop
vertex -47.99998 -28.249795000000002 25.266336666666668
vertex -47.99998 -28.249795000000002 25.145143333333333
vertex -4.926261666666667 -28.249795000000002 25.145143333333333
endloop
endfacet
facet normal 0 -1 0
outer loop
vertex -47.99998 -28.249795000000002 25.266336666666668
vertex -4.926261666666667 -28.249795000000002 25.145143333333333
vertex -4.946048333333334 -28.249795000000002 25.266336666666668
endloop
endfacet
facet normal 0 -1 0
outer loop
vertex 4.926261666666667 -28.249795000000002 25.145143333333333
vertex 4.904001666666667 -28.249795000000002 25.024568333333335
vertex 47.99998 -28.249795000000002 25.024568333333335
endloop
endfacet
facet normal 0 -1 0
outer loop
vertex 4.926261666666667 -28.249795000000002 25.145143333333333
vertex 47.99998 -28.249795000000002 25.024568333333335
vertex 47.99998 -28.249795000000002 25.145143333333333
endloop
endfacet
facet normal 0 -1 0
outer loop
vertex -47.99998 -28.249795000000002 25.145143333333333
vertex -47.99998 -28.249795000000002 25.024568333333335
vertex -4.904001666666667 -28.249795000000002 25.024568333333335
endloop
endfacet
facet normal 0 -1 0
outer loop
vertex -47.99998 -28.249795000000002 25.145143333333333
vertex -4.904001666666667 -28.249795000000002 25.024568333333335
vertex -4.926261666666667 -28.249795000000002 25.145143333333333
endloop
endfacet
facet normal 0 -1 0
outer loop
vertex 4.904001666666667 -28.249795000000002 25.024568333333335
vertex 4.87865 -28.249795000000002 24.904611666666668
vertex 47.99998 -28.249795000000002 24.904611666666668
endloop
endfacet
facet normal 0 -1 0
outer loop
vertex 4.904001666666667 -28.249795000000002 25.024568333333335
vertex 47.99998 -28.249795000000002 24.904611666666668
vertex 47.99998 -28.249795000000002 25.024568333333335
endloop
endfacet
facet normal 0 -1 0
outer loop
vertex -47.99998 -28.249795000000002 25.024568333333335
vertex -47.99998 -28.249795000000002 24.904611666666668
vertex -4.87865 -28.249795000000002 24.904611666666668
endloop
endfacet
facet normal 0 -1 0
outer loop
vertex -47.99998 -28.249795000000002 25.024568333333335
vertex -4.87865 -28.249795000000002 24.904611666666668
vertex -4.904001666666667 -28.249795000000002 25.024568333333335
endloop
endfacet
facet normal 0 -1 0
outer loop
vertex 4.87865 -28.249795000000002 24.904611666666668
vertex 4.850206666666667 -28.249795000000002 24.785273333333336
vertex 47.99998 -28.249795000000002 24.785273333333336
endloop
endfacet
facet normal 0 -1 0
outer loop
vertex 4.87865 -28.249795000000002 24.904611666666668
vertex 47.99998 -28.249795000000002 24.785273333333336
vertex 47.99998 -28.249795000000002 24.904611666666668
endloop
endfacet
facet normal 0 -1 0
outer loop
vertex -47.99998 -28.249795000000002 24.904611666666668
vertex -47.99998 -28.249795000000002 24.785273333333336
vertex -4.850206666666667 -28.249795000000002 24.785273333333336
endloop
endfacet
facet normal 0 -1 0
outer loop
vertex -47.99998 -28.249795000000002 24.904611666666668
vertex -4.850206666666667 -28.249795000000002 24.785273333333336
vertex -4.87865 -28.249795000000002 24.904611666666668
endloop
endfacet
facet normal 0 -1 0
outer loop
vertex 4.850206666666667 -28.249795000000002 24.785273333333336
vertex 4.818671666666667 -28.249795000000002 24.666553333333333
vertex 47.99998 -28.249795000000002 24.666553333333333
endloop
endfacet
facet normal 0 -1 0
outer loop
vertex 4.850206666666667 -28.249795000000002 24.785273333333336
vertex 47.99998 -28.249795000000002 24.666553333333333
vertex 47.99998 -28.249795000000002 24.785273333333336
endloop
endfacet
facet normal 0 -1 0
outer loop
vertex -47.99998 -28.249795000000002 24.785273333333336
vertex -47.99998 -28.249795000000002 24.666553333333333
vertex -4.818671666666667 -28.249795000000002 24.666553333333333
endloop
endfacet
facet normal 0 -1 0
outer loop
vertex -47.99998 -28.249795000000002 24.785273333333336
vertex -4.818671666666667 -28.249795000000002 24.666553333333333
vertex -4.850206666666667 -28.249795000000002 24.785273333333336
endloop
endfacet
facet normal 0 -1 0
outer loop
vertex 4.818671666666667 -28.249795000000002 24.666553333333333
vertex 4.7846633333333335 -28.249795000000002 24.54845166666667
vertex 47.99998 -28.249795000000002 24.54845166666667
endloop
endfacet
facet normal 0 -1 0
outer loop
vertex 4.818671666666667 -28.249795000000002 24.666553333333333
vertex 47.99998 -28.249795000000002 24.54845166666667
vertex 47.99998 -28.249795000000002 24.666553333333333
endloop
endfacet
facet normal 0 -1 0
outer loop
vertex -47.99998 -28.249795000000002 24.666553333333333
vertex -47.99998 -28.249795000000002 24.54845166666667
vertex -4.7846633333333335 -28.249795000000002 24.54845166666667
endloop
endfacet
facet normal 0 -1 0
outer loop
vertex -47.99998 -28.249795000000002 24.666553333333333
vertex -4.7846633333333335 -28.249795000000002 24.54845166666667
vertex -4.818671666666667 -28.249795000000002 24.666553333333333
endloop
endfacet
facet normal 0 -1 0
outer loop
vertex 4.7846633333333335 -28.249795000000002 24.54845166666667
vertex 4.747563333333334 -28.249795000000002 24.431586666666668
vertex 47.99998 -28.249795000000002 24.431586666666668
endloop
endfacet
facet normal 0 -1 0
outer loop
vertex 4.7846633333333335 -28.249795000000002 24.54845166666667
vertex 47.99998 -28.249795000000002 24.431586666666668
vertex 47.99998 -28.249795000000002 24.54845166666667
endloop
endfacet
facet normal 0 -1 0
outer loop
vertex -47.99998 -28.249795000000002 24.54845166666667
vertex -47.99998 -28.249795000000002 24.431586666666668
vertex -4.747563333333334 -28.249795000000002 24.431586666666668
endloop
endfacet
facet normal 0 -1 0
outer loop
vertex -47.99998 -28.249795000000002 24.54845166666667
vertex -4.747563333333334 -28.249795000000002 24.431586666666668
vertex -4.7846633333333335 -28.249795000000002 24.54845166666667
endloop
endfacet
facet normal 0 -1 0
outer loop
vertex 4.747563333333334 -28.249795000000002 24.431586666666668
vertex 4.707990000000001 -28.249795000000002 24.315340000000003
vertex 47.99998 -28.249795000000002 24.315340000000003
endloop
endfacet
facet normal 0 -0.9999999999999999 0
outer loop
vertex 4.747563333333334 -28.249795000000002 24.431586666666668
vertex 47.99998 -28.249795000000002 24.315340000000003
vertex 47.99998 -28.249795000000002 24.431586666666668
endloop
endfacet
facet normal 0 -1 0
outer loop
vertex -47.99998 -28.249795000000002 24.431586666666668
vertex -47.99998 -28.249795000000002 24.315340000000003
vertex -4.707990000000001 -28.249795000000002 24.315340000000003
endloop
endfacet
facet normal 0 -0.9999999999999999 0
outer loop
vertex -47.99998 -28.249795000000002 24.431586666666668
vertex -4.707990000000001 -28.249795000000002 24.315340000000003
vertex -4.747563333333334 -28.249795000000002 24.431586666666668
endloop
endfacet
facet normal 0 -1 0
outer loop
vertex 4.707990000000001 -28.249795000000002 24.315340000000003
vertex 4.664706666666667 -28.249795000000002 24.20033
vertex 47.99998 -28.249795000000002 24.20033
endloop
endfacet
facet normal 0 -1 0
outer loop
vertex 4.707990000000001 -28.249795000000002 24.315340000000003
vertex 47.99998 -28.249795000000002 24.20033
vertex 47.99998 -28.249795000000002 24.315340000000003
endloop
endfacet
facet normal 0 -1 0
outer loop
vertex -47.99998 -28.249795000000002 24.315340000000003
vertex -47.99998 -28.249795000000002 24.20033
vertex -4.664706666666667 -28.249795000000002 24.20033
endloop
endfacet
facet normal 0 -1 0
outer loop
vertex -47.99998 -28.249795000000002 24.315340000000003
vertex -4.664706666666667 -28.249795000000002 24.20033
vertex -4.707990000000001 -28.249795000000002 24.315340000000003
endloop
endfacet
facet normal 0 -1 0
outer loop
vertex 4.664706666666667 -28.249795000000002 24.20033
vertex 4.6195683333333335 -28.249795000000002 24.086556666666667
vertex 47.99998 -28.249795000000002 24.086556666666667
endloop
endfacet
facet normal 0 -1 0
outer loop
vertex 4.664706666666667 -28.249795000000002 24.20033
vertex 47.99998 -28.249795000000002 24.086556666666667
vertex 47.99998 -28.249795000000002 24.20033
endloop
endfacet
facet normal 0 -1 0
outer loop
vertex -47.99998 -28.249795000000002 24.20033
vertex -47.99998 -28.249795000000002 24.086556666666667
vertex -4.6195683333333335 -28.249795000000002 24.086556666666667
endloop
endfacet
facet normal 0 -1 0
outer loop
vertex -47.99998 -28.249795000000002 24.20033
vertex -4.6195683333333335 -28.249795000000002 24.086556666666667
vertex -4.664706666666667 -28.249795000000002 24.20033
endloop
endfacet
facet normal 0 -1 0
outer loop
vertex 4.6195683333333335 -28.249795000000002 24.086556666666667
vertex 4.571338333333333 -28.249795000000002 23.974020000000003
vertex 47.99998 -28.249795000000002 23.974020000000003
endloop
endfacet
facet normal 0 -0.9999999999999999 0
outer loop
vertex 4.6195683333333335 -28.249795000000002 24.086556666666667
vertex 47.99998 -28.249795000000002 23.974020000000003
vertex 47.99998 -28.249795000000002 24.086556666666667
endloop
endfacet
facet normal 0 -1 0
outer loop
vertex -47.99998 -28.249795000000002 24.086556666666667
vertex -47.99998 -28.249795000000002 23.974020000000003
vertex -4.571338333333333 -28.249795000000002 23.974020000000003
endloop
endfacet
facet normal 0 -0.9999999999999999 0
outer loop
vertex -47.99998 -28.249795000000002 24.086556666666667
vertex -4.571338333333333 -28.249795000000002 23.974020000000003
vertex -4.6195683333333335 -28.249795000000002 24.086556666666667
endloop
endfacet
facet normal 0 -1 0
outer loop
vertex 4.571338333333333 -28.249795000000002 23.974020000000003
vertex 4.520016666666667 -28.249795000000002 23.862101666666668
vertex 47.99998 -28.249795000000002 23.862101666666668
endloop
endfacet
facet normal 0 -1 0
outer loop
vertex 4.571338333333333 -28.249795000000002 23.974020000000003
vertex 47.99998 -28.249795000000002 23.862101666666668
vertex 47.99998 -28.249795000000002 23.974020000000003
endloop
endfacet
facet normal 0 -1 0
outer loop
vertex -47.99998 -28.249795000000002 23.974020000000003
vertex -47.99998 -28.249795000000002 23.862101666666668
vertex -4.520016666666667 -28.249795000000002 23.862101666666668
endloop
endfacet
facet normal 0 -1 0
outer loop
vertex -47.99998 -28.249795000000002 23.974020000000003
vertex -4.520016666666667 -28.249795000000002 23.862101666666668
vertex -4.571338333333333 -28.249795000000002 23.974020000000003
endloop
endfacet
facet normal 0 -1 0
outer loop
vertex 4.520016666666667 -28.249795000000002 23.862101666666668
vertex 4.466221666666667 -28.249795000000002 23.752038333333335
vertex 47.99998 -28.249795000000002 23.752038333333335
endloop
endfacet
facet normal 0 -1 0
outer loop
vertex 4.520016666666667 -28.249795000000002 23.862101666666668
vertex 47.99998 -28.249795000000002 23.752038333333335
vertex 47.99998 -28.249795000000002 23.862101666666668
endloop
endfacet
facet normal 0 -1 0
outer loop
vertex -47.99998 -28.249795000000002 23.862101666666668
vertex -47.99998 -28.249795000000002 23.752038333333335
vertex -4.466221666666667 -28.249795000000002 23.752038333333335
endloop
endfacet
facet normal 0 -1 0
outer loop
vertex -47.99998 -28.249795000000002 23.862101666666668
vertex -4.466221666666667 -28.249795000000002 23.752038333333335
vertex -4.520016666666667 -28.249795000000002 23.862101666666668
endloop
endfacet
facet normal 0 -1 0
outer loop
vertex 4.466221666666667 -28.249795000000002 23.752038333333335
vertex 4.4093350000000004 -28.249795000000002 23.64321166666667
vertex 47.99998 -28.249795000000002 23.64321166666667
endloop
endfacet
facet normal 0 -1 0
outer loop
vertex 4.466221666666667 -28.249795000000002 23.752038333333335
vertex 47.99998 -28.249795000000002 23.64321166666667
vertex 47.99998 -28.249795000000002 23.752038333333335
endloop
endfacet
facet normal 0 -1 0
outer loop
vertex -47.99998 -28.249795000000002 23.752038333333335
vertex -47.99998 -28.249795000000002 23.64321166666667
vertex -4.4093350000000004 -28.249795000000002 23.64321166666667
endloop
endfacet
facet normal 0 -1 0
outer loop
vertex -47.99998 -28.249795000000002 23.752038333333335
vertex -4.4093350000000004 -28.249795000000002 23.64321166666667
vertex -4.466221666666667 -28.249795000000002 23.752038333333335
endloop
endfacet
facet normal 0 -1 0
outer loop
vertex 4.4093350000000004 -28.249795000000002 23.64321166666667
vertex 4.350593333333333 -28.249795000000002 23.535621666666668
vertex 47.99998 -28.249795000000002 23.535621666666668
endloop
endfacet
facet normal 0 -0.9999999999999999 0
outer loop
vertex 4.4093350000000004 -28.249795000000002 23.64321166666667
vertex 47.99998 -28.249795000000002 23.535621666666668
vertex 47.99998 -28.249795000000002 23.64321166666667
endloop
endfacet
facet normal 0 -1 0
outer loop
vertex -47.99998 -28.249795000000002 23.64321166666667
vertex -47.99998 -28.249795000000002 23.535621666666668
vertex -4.350593333333333 -28.249795000000002 23.535621666666668
endloop
endfacet
facet normal 0 -0.9999999999999999 0
outer loop
vertex -47.99998 -28.249795000000002 23.64321166666667
vertex -4.350593333333333 -28.249795000000002 23.535621666666668
vertex -4.4093350000000004 -28.249795000000002 23.64321166666667
endloop
endfacet
facet normal 0 -1 0
outer loop
vertex 4.350593333333333 -28.249795000000002 23.535621666666668
vertex 4.28876 -28.249795000000002 23.429268333333333
vertex 47.99998 -28.249795000000002 23.429268333333333
endloop
endfacet
facet normal 0 -1 0
outer loop
vertex 4.350593333333333 -28.249795000000002 23.535621666666668
vertex 47.99998 -28.249795000000002 23.429268333333333
vertex 47.99998 -28.249795000000002 23.535621666666668
endloop
endfacet
facet normal 0 -1 0
outer loop
vertex -47.99998 -28.249795000000002 23.535621666666668
vertex -47.99998 -28.249795000000002 23.429268333333333
vertex -4.28876 -28.249795000000002 23.429268333333333
endloop
endfacet
facet normal 0 -1 0
outer loop
vertex -47.99998 -28.249795000000002 23.535621666666668
vertex -4.28876 -28.249795000000002 23.429268333333333
vertex -4.350593333333333 -28.249795000000002 23.535621666666668
endloop
endfacet
facet normal 0 -1 0
outer loop
vertex 4.28876 -28.249795000000002 23.429268333333333
vertex 4.224453333333334 -28.249795000000002 23.32477
vertex 47.99998 -28.249795000000002 23.32477
endloop
endfacet
facet normal 0 -1 0
outer loop
vertex 4.28876 -28.249795000000002 23.429268333333333
vertex 47.99998 -28.249795000000002 23.32477
vertex 47.99998 -28.249795000000002 23.429268333333333
endloop
endfacet
facet normal 0 -1 0
outer loop
vertex -47.99998 -28.249795000000002 23.429268333333333
vertex -47.99998 -28.249795000000002 23.32477
vertex -4.224453333333334 -28.249795000000002 23.32477
endloop
endfacet
facet normal 0 -1 0
outer loop
vertex -47.99998 -28.249795000000002 23.429268333333333
vertex -4.224453333333334 -28.249795000000002 23.32477
vertex -4.28876 -28.249795000000002 23.429268333333333
endloop
endfacet
facet normal 0 -1 0
outer loop
vertex 4.224453333333334 -28.249795000000002 23.32477
vertex 4.157055000000001 -28.249795000000002 23.222126666666668
vertex 47.99998 -28.249795000000002 23.222126666666668
endloop
endfacet
facet normal 0 -1 0
outer loop
vertex 4.224453333333334 -28.249795000000002 23.32477
vertex 47.99998 -28.249795000000002 23.222126666666668
vertex 47.99998 -28.249795000000002 23.32477
endloop
endfacet
facet normal 0 -1 0
outer loop
vertex -47.99998 -28.249795000000002 23.32477
vertex -47.99998 -28.249795000000002 23.222126666666668
vertex -4.157055000000001 -28.249795000000002 23.222126666666668
endloop
endfacet
facet normal 0 -1 0
outer loop
vertex -47.99998 -28.249795000000002 23.32477
vertex -4.157055000000001 -28.249795000000002 23.222126666666668
vertex -4.224453333333334 -28.249795000000002 23.32477
endloop
endfacet
facet normal 0 -1 0
outer loop
vertex 4.157055000000001 -28.249795000000002 23.222126666666668
vertex 4.0878016666666666 -28.249795000000002 23.120720000000002
vertex 47.99998 -28.249795000000002 23.120720000000002
endloop
endfacet
facet normal 0 -1 0
outer loop
vertex 4.157055000000001 -28.249795000000002 23.222126666666668
vertex 47.99998 -28.249795000000002 23.120720000000002
vertex 47.99998 -28.249795000000002 23.222126666666668
endloop
endfacet
facet normal 0 -1 0
outer loop
vertex -47.99998 -28.249795000000002 23.222126666666668
vertex -47.99998 -28.249795000000002 23.120720000000002
vertex -4.0878016666666666 -28.249795000000002 23.120720000000002
endloop
endfacet
facet normal 0 -1 0
outer loop
vertex -47.99998 -28.249795000000002 23.222126666666668
vertex -4.0878016666666666 -28.249795000000002 23.120720000000002
vertex -4.157055000000001 -28.249795000000002 23.222126666666668
endloop
endfacet
facet normal 0 -1 0
outer loop
vertex 4.0878016666666666 -28.249795000000002 23.120720000000002
vertex 4.016075 -28.249795000000002 23.021786666666667
vertex 47.99998 -28.249795000000002 23.021786666666667
endloop
endfacet
facet normal 0 -1 0
outer loop
vertex 4.0878016666666666 -28.249795000000002 23.120720000000002
vertex 47.99998 -28.249795000000002 23.021786666666667
vertex 47.99998 -28.249795000000002 23.120720000000002
endloop
endfacet
facet normal 0 -1 0
outer loop
vertex -47.99998 -28.249795000000002 23.120720000000002
vertex -47.99998 -28.249795000000002 23.021786666666667
vertex -4.016075 -28.249795000000002 23.021786666666667
endloop
endfacet
facet normal 0 -1 0
outer loop
vertex -47.99998 -28.249795000000002 23.120720000000002
vertex -4.016075 -28.249795000000002 23.021786666666667
vertex -4.0878016666666666 -28.249795000000002 23.120720000000002
endloop
endfacet
facet normal 0 -1 0
outer loop
vertex 4.016075 -28.249795000000002 23.021786666666667
vertex 3.941875 -28.249795000000002 22.92409
vertex 47.99998 -28.249795000000002 22.92409
endloop
endfacet
facet normal 0 -1 0
outer loop
vertex 4.016075 -28.249795000000002 23.021786666666667
vertex 47.99998 -28.249795000000002 22.92409
vertex 47.99998 -28.249795000000002 23.021786666666667
endloop
endfacet
facet normal 0 -1 0
outer loop
vertex -47.99998 -28.249795000000002 23.021786666666667
vertex -47.99998 -28.249795000000002 22.92409
vertex -3.941875 -28.249795000000002 22.92409
endloop
endfacet
facet normal 0 -1 0
outer loop
vertex -47.99998 -28.249795000000002 23.021786666666667
vertex -3.941875 -28.249795000000002 22.92409
vertex -4.016075 -28.249795000000002 23.021786666666667
endloop
endfacet
facet normal 0 -1 0
outer loop
vertex 3.941875 -28.249795000000002 22.92409
vertex 3.8652016666666666 -28.249795000000002 22.828248333333335
vertex 47.99998 -28.249795000000002 22.828248333333335
endloop
endfacet
facet normal 0 -1 0
outer loop
vertex 3.941875 -28.249795000000002 22.92409
vertex 47.99998 -28.249795000000002 22.828248333333335
vertex 47.99998 -28.249795000000002 22.92409
endloop
endfacet
facet normal 0 -1 0
outer loop
vertex -47.99998 -28.249795000000002 22.92409
vertex -47.99998 -28.249795000000002 22.828248333333335
vertex -3.8652016666666666 -28.249795000000002 22.828248333333335
endloop
endfacet
facet normal 0 -1 0
outer loop
vertex -47.99998 -28.249795000000002 22.92409
vertex -3.8652016666666666 -28.249795000000002 22.828248333333335
vertex -3.941875 -28.249795000000002 22.92409
endloop
endfacet
facet normal 0 -1 0
outer loop
vertex 3.8652016666666666 -28.249795000000002 22.828248333333335
vertex 3.786055 -28.249795000000002 22.73426166666667
vertex 47.99998 -28.249795000000002 22.73426166666667
endloop
endfacet
facet normal 0 -1 0
outer loop
vertex 3.8652016666666666 -28.249795000000002 22.828248333333335
vertex 47.99998 -28.249795000000002 22.73426166666667
vertex 47.99998 -28.249795000000002 22.828248333333335
endloop
endfacet
facet normal 0 -1 0
outer loop
vertex -47.99998 -28.249795000000002 22.828248333333335
vertex -47.99998 -28.249795000000002 22.73426166666667
vertex -3.786055 -28.249795000000002 22.73426166666667
endloop
endfacet
facet normal 0 -1 0
outer loop
vertex -47.99998 -28.249795000000002 22.828248333333335
vertex -3.786055 -28.249795000000002 22.73426166666667
vertex -3.8652016666666666 -28.249795000000002 22.828248333333335
endloop
endfacet
facet normal 0 -1 0
outer loop
vertex 3.786055 -28.249795000000002 22.73426166666667
vertex 3.7050533333333333 -28.249795000000002 22.64213
vertex 47.99998 -28.249795000000002 22.64213
endloop
endfacet
facet normal 0 -1 0
outer loop
vertex 3.786055 -28.249795000000002 22.73426166666667
vertex 47.99998 -28.249795000000002 22.64213
vertex 47.99998 -28.249795000000002 22.73426166666667
endloop
endfacet
facet normal 0 -1 0
outer loop
vertex -47.99998 -28.249795000000002 22.73426166666667
vertex -47.99998 -28.249795000000002 22.64213
vertex -3.7050533333333333 -28.249795000000002 22.64213
endloop
endfacet
facet normal 0 -1 0
outer loop
vertex -47.99998 -28.249795000000002 22.73426166666667
vertex -3.7050533333333333 -28.249795000000002 22.64213
vertex -3.786055 -28.249795000000002 22.73426166666667
endloop
endfacet
facet normal 0 -1 0
outer loop
vertex 3.7050533333333333 -28.249795000000002 22.64213
vertex 3.62096 -28.249795000000002 22.55247166666667
vertex 47.99998 -28.249795000000002 22.55247166666667
endloop
endfacet
facet normal 0 -1 0
outer loop
vertex 3.7050533333333333 -28.249795000000002 22.64213
vertex 47.99998 -28.249795000000002 22.55247166666667
vertex 47.99998 -28.249795000000002 22.64213
endloop
endfacet
facet normal 0 -1 0
outer loop
vertex -47.99998 -28.249795000000002 22.64213
vertex -47.99998 -28.249795000000002 22.55247166666667
vertex -3.62096 -28.249795000000002 22.55247166666667
endloop
endfacet
facet normal 0 -1 0
outer loop
vertex -47.99998 -28.249795000000002 22.64213
vertex -3.62096 -28.249795000000002 22.55247166666667
vertex -3.7050533333333333 -28.249795000000002 22.64213
endloop
endfacet
facet normal 0 -0.9999999999999999 0
outer loop
vertex 3.62096 -28.249795000000002 22.55247166666667
vertex 3.5356300000000003 -28.249795000000002 22.464668333333336
vertex 47.99998 -28.249795000000002 22.464668333333336
endloop
endfacet
facet normal 0 -0.9999999999999999 0
outer loop
vertex 3.62096 -28.249795000000002 22.55247166666667
vertex 47.99998 -28.249795000000002 22.464668333333336
vertex 47.99998 -28.249795000000002 22.55247166666667
endloop
endfacet
facet normal 0 -1 0
outer loop
vertex -47.99998 -28.249795000000002 22.55247166666667
vertex -47.99998 -28.249795000000002 22.464668333333336
vertex -3.5356300000000003 -28.249795000000002 22.464668333333336
endloop
endfacet
facet normal 0 -0.9999999999999999 0
outer loop
vertex -47.99998 -28.249795000000002 22.55247166666667
vertex -3.5356300000000003 -28.249795000000002 22.464668333333336
vertex -3.62096 -28.249795000000002 22.55247166666667
endloop
endfacet
facet normal 0 -0.9999999999999999 0
outer loop
vertex 3.5356300000000003 -28.249795000000002 22.464668333333336
vertex 3.447826666666667 -28.249795000000002 22.37872
vertex 47.99998 -28.249795000000002 22.37872
endloop
endfacet
facet normal 0 -1 0
outer loop
vertex 3.5356300000000003 -28.249795000000002 22.464668333333336
vertex 47.99998 -28.249795000000002 22.37872
vertex 47.99998 -28.249795000000002 22.464668333333336
endloop
endfacet
facet normal 0 -1 0
outer loop
vertex -47.99998 -28.249795000000002 22.464668333333336
vertex -47.99998 -28.249795000000002 22.37872
vertex -3.447826666666667 -28.249795000000002 22.37872
endloop
endfacet
facet normal 0 -1 0
outer loop
vertex -47.99998 -28.249795000000002 22.464668333333336
vertex -3.447826666666667 -28.249795000000002 22.37872
vertex -3.5356300000000003 -28.249795000000002 22.464668333333336
endloop
endfacet
facet normal 0 -0.9999999999999999 0
outer loop
vertex 3.447826666666667 -28.249795000000002 22.37872
vertex 3.3575500000000003 -28.249795000000002 22.295245
vertex 47.99998 -28.249795000000002 22.295245
endloop
endfacet
facet normal 0 -1 0
outer loop
vertex 3.447826666666667 -28.249795000000002 22.37872
vertex 47.99998 -28.249795000000002 22.295245
vertex 47.99998 -28.249795000000002 22.37872
endloop
endfacet
facet normal 0 -1 0
outer loop
vertex -47.99998 -28.249795000000002 22.37872
vertex -47.99998 -28.249795000000002 22.295245
vertex -3.3575500000000003 -28.249795000000002 22.295245
endloop
endfacet
facet normal 0 -1 0
outer loop
vertex -47.99998 -28.249795000000002 22.37872
vertex -3.3575500000000003 -28.249795000000002 22.295245
vertex -3.447826666666667 -28.249795000000002 22.37872
endloop
endfacet
facet normal 0 -0.9999999999999999 0
outer loop
vertex 3.3575500000000003 -28.249795000000002 22.295245
vertex 3.266036666666667 -28.249795000000002 22.214243333333336
vertex 47.99998 -28.249795000000002 22.214243333333336
endloop
endfacet
facet normal 0 -1 0
outer loop
vertex 3.3575500000000003 -28.249795000000002 22.295245
vertex 47.99998 -28.249795000000002 22.214243333333336
vertex 47.99998 -28.249795000000002 22.295245
endloop
endfacet
facet normal 0 -1 0
outer loop
vertex -47.99998 -28.249795000000002 22.295245
vertex -47.99998 -28.249795000000002 22.214243333333336
vertex -3.266036666666667 -28.249795000000002 22.214243333333336
endloop
endfacet
facet normal 0 -1 0
outer loop
vertex -47.99998 -28.249795000000002 22.295245
vertex -3.266036666666667 -28.249795000000002 22.214243333333336
vertex -3.3575500000000003 -28.249795000000002 22.295245
endloop
endfacet
facet normal 0 -1 0
outer loop
vertex 3.266036666666667 -28.249795000000002 22.214243333333336
vertex 3.17205 -28.249795000000002 22.13509666666667
vertex 47.99998 -28.249795000000002 22.13509666666667
endloop
endfacet
facet normal 0 -1 0
outer loop
vertex 3.266036666666667 -28.249795000000002 22.214243333333336
vertex 47.99998 -28.249795000000002 22.13509666666667
vertex 47.99998 -28.249795000000002 22.214243333333336
endloop
endfacet
facet normal 0 -1 0
outer loop
vertex -47.99998 -28.249795000000002 22.214243333333336
vertex -47.99998 -28.249795000000002 22.13509666666667
vertex -3.17205 -28.249795000000002 22.13509666666667
endloop
endfacet
facet normal 0 -1 0
outer loop
vertex -47.99998 -28.249795000000002 22.214243333333336
vertex -3.17205 -28.249795000000002 22.13509666666667
vertex -3.266036666666667 -28.249795000000002 22.214243333333336
endloop
endfacet
facet normal 0 -1 0
outer loop
vertex 3.17205 -28.249795000000002 22.13509666666667
vertex 3.0762083333333337 -28.249795000000002 22.058423333333334
vertex 47.99998 -28.249795000000002 22.058423333333334
endloop
endfacet
facet normal 0 -1 0
outer loop
vertex 3.17205 -28.249795000000002 22.13509666666667
vertex 47.99998 -28.249795000000002 22.058423333333334
vertex 47.99998 -28.249795000000002 22.13509666666667
endloop
endfacet
facet normal 0 -1 0
outer loop
vertex -47.99998 -28.249795000000002 22.13509666666667
vertex -47.99998 -28.249795000000002 22.058423333333334
vertex -3.0762083333333337 -28.249795000000002 22.058423333333334
endloop
endfacet
facet normal 0 -1 0
outer loop
vertex -47.99998 -28.249795000000002 22.13509666666667
vertex -3.0762083333333337 -28.249795000000002 22.058423333333334
vertex -3.17205 -28.249795000000002 22.13509666666667
endloop
endfacet
facet normal 0 -0.9999999999999999 0
outer loop
vertex 3.0762083333333337 -28.249795000000002 22.058423333333334
vertex 2.978511666666667 -28.249795000000002 21.984223333333336
vertex 47.99998 -28.249795000000002 21.984223333333336
endloop
endfacet
facet normal 0 -1 0
outer loop
vertex 3.0762083333333337 -28.249795000000002 22.058423333333334
vertex 47.99998 -28.249795000000002 21.984223333333336
vertex 47.99998 -28.249795000000002 22.058423333333334
endloop
endfacet
facet normal 0 -1 0
outer loop
vertex -47.99998 -28.249795000000002 22.058423333333334
vertex -47.99998 -28.249795000000002 21.984223333333336
vertex -2.978511666666667 -28.249795000000002 21.984223333333336
endloop
endfacet
facet normal 0 -1 0
outer loop
vertex -47.99998 -28.249795000000002 22.058423333333334
vertex -2.978511666666667 -28.249795000000002 21.984223333333336
vertex -3.0762083333333337 -28.249795000000002 22.058423333333334
endloop
endfacet
facet normal 0 -0.9999999999999999 0
outer loop
vertex 2.978511666666667 -28.249795000000002 21.984223333333336
vertex 2.87896 -28.249795000000002 21.911878333333334
vertex 47.99998 -28.249795000000002 21.911878333333334
endloop
endfacet
facet normal 0 -1 0
outer loop
vertex 2.978511666666667 -28.249795000000002 21.984223333333336
vertex 47.99998 -28.249795000000002 21.911878333333334
vertex 47.99998 -28.249795000000002 21.984223333333336
endloop
endfacet
facet normal 0 -1 0
outer loop
vertex -47.99998 -28.249795000000002 21.984223333333336
vertex -47.99998 -28.249795000000002 21.911878333333334
vertex -2.87896 -28.249795000000002 21.911878333333334
endloop
endfacet
facet normal 0 -1 0
outer loop
vertex -47.99998 -28.249795000000002 21.984223333333336
vertex -2.87896 -28.249795000000002 21.911878333333334
vertex -2.978511666666667 -28.249795000000002 21.984223333333336
endloop
endfacet
facet normal 0 -1 0
outer loop
vertex 2.87896 -28.249795000000002 21.911878333333334
vertex 2.7775533333333335 -28.249795000000002 21.842625
vertex 47.99998 -28.249795000000002 21.842625
endloop
endfacet
facet normal 0 -0.9999999999999999 0
outer loop
vertex 2.87896 -28.249795000000002 21.911878333333334
vertex 47.99998 -28.249795000000002 21.842625
vertex 47.99998 -28.249795000000002 21.911878333333334
endloop
endfacet
facet normal 0 -1 0
outer loop
vertex -47.99998 -28.249795000000002 21.911878333333334
vertex -47.99998 -28.249795000000002 21.842625
vertex -2.7775533333333335 -28.249795000000002 21.842625
endloop
endfacet
facet normal 0 -0.9999999999999999 0
outer loop
vertex -47.99998 -28.249795000000002 21.911878333333334
vertex -2.7775533333333335 -28.249795000000002 21.842625
vertex -2.87896 -28.249795000000002 21.911878333333334
endloop
endfacet
facet normal 0 -1 0
outer loop
vertex 2.7775533333333335 -28.249795000000002 21.842625
vertex 2.67491 -28.249795000000002 21.775845
vertex 47.99998 -28.249795000000002 21.775845
endloop
endfacet
facet normal 0 -1 0
outer loop
vertex 2.7775533333333335 -28.249795000000002 21.842625
vertex 47.99998 -28.249795000000002 21.775845
vertex 47.99998 -28.249795000000002 21.842625
endloop
endfacet
facet normal 0 -1 0
outer loop
vertex -47.99998 -28.249795000000002 21.842625
vertex -47.99998 -28.249795000000002 21.775845
vertex -2.67491 -28.249795000000002 21.775845
endloop
endfacet
facet normal 0 -1 0
outer loop
vertex -47.99998 -28.249795000000002 21.842625
vertex -2.67491 -28.249795000000002 21.775845
vertex -2.7775533333333335 -28.249795000000002 21.842625
endloop
endfacet
facet normal 0 -1 0
outer loop
vertex 2.67491 -28.249795000000002 21.775845
vertex 2.5704116666666668 -28.249795000000002 21.711538333333333
vertex 47.99998 -28.249795000000002 21.711538333333333
endloop
endfacet
facet normal 0 -1 0
outer loop
vertex 2.67491 -28.249795000000002 21.775845
vertex 47.99998 -28.249795000000002 21.711538333333333
vertex 47.99998 -28.249795000000002 21.775845
endloop
endfacet
facet normal 0 -1 0
outer loop
vertex -47.99998 -28.249795000000002 21.775845
vertex -47.99998 -28.249795000000002 21.711538333333333
vertex -2.5704116666666668 -28.249795000000002 21.711538333333333
endloop
endfacet
facet normal 0 -1 0
outer loop
vertex -47.99998 -28.249795000000002 21.775845
vertex -2.5704116666666668 -28.249795000000002 21.711538333333333
vertex -2.67491 -28.249795000000002 21.775845
endloop
endfacet
facet normal 0 -1 0
outer loop
vertex 2.5704116666666668 -28.249795000000002 21.711538333333333
vertex 2.4646766666666666 -28.249795000000002 21.649705
vertex 47.99998 -28.249795000000002 21.649705
endloop
endfacet
facet normal 0 -0.9999999999999999 0
outer loop
vertex 2.5704116666666668 -28.249795000000002 21.711538333333333
vertex 47.99998 -28.249795000000002 21.649705
vertex 47.99998 -28.249795000000002 21.711538333333333
endloop
endfacet
facet normal 0 -1 0
outer loop
vertex -47.99998 -28.249795000000002 21.711538333333333
vertex -47.99998 -28.249795000000002 21.649705
vertex -2.4646766666666666 -28.249795000000002 21.649705
endloop
endfacet
facet normal 0 -0.9999999999999999 0
outer loop
vertex -47.99998 -28.249795000000002 21.711538333333333
vertex -2.4646766666666666 -28.249795000000002 21.649705
vertex -2.5704116666666668 -28.249795000000002 21.711538333333333
endloop
endfacet
facet normal 0 -1 0
outer loop
vertex 2.4646766666666666 -28.249795000000002 21.649705
vertex 2.357086666666667 -28.249795000000002 21.590345000000003
vertex 47.99998 -28.249795000000002 21.590345000000003
endloop
endfacet
facet normal 0 -1 0
outer loop
vertex 2.4646766666666666 -28.249795000000002 21.649705
vertex 47.99998 -28.249795000000002 21.590345000000003
vertex 47.99998 -28.249795000000002 21.649705
endloop
endfacet
facet normal 0 -1 0
outer loop
vertex -47.99998 -28.249795000000002 21.649705
vertex -47.99998 -28.249795000000002 21.590345000000003
vertex -2.357086666666667 -28.249795000000002 21.590345000000003
endloop
endfacet
facet normal 0 -1 0
outer loop
vertex -47.99998 -28.249795000000002 21.649705
vertex -2.357086666666667 -28.249795000000002 21.590345000000003
vertex -2.4646766666666666 -28.249795000000002 21.649705
endloop
endfacet
facet normal 0 -1 0
outer loop
vertex 2.357086666666667 -28.249795000000002 21.590345000000003
vertex 2.24826 -28.249795000000002 21.534076666666667
vertex 47.99998 -28.249795000000002 21.534076666666667
endloop
endfacet
facet normal 0 -1 0
outer loop
vertex 2.357086666666667 -28.249795000000002 21.590345000000003
vertex 47.99998 -28.249795000000002 21.534076666666667
vertex 47.99998 -28.249795000000002 21.590345000000003
endloop
endfacet
facet normal 0 -1 0
outer loop
vertex -47.99998 -28.249795000000002 21.590345000000003
vertex -47.99998 -28.249795000000002 21.534076666666667
vertex -2.24826 -28.249795000000002 21.534076666666667
endloop
endfacet
facet normal 0 -1 0
outer loop
vertex -47.99998 -28.249795000000002 21.590345000000003
vertex -2.24826 -28.249795000000002 21.534076666666667
vertex -2.357086666666667 -28.249795000000002 21.590345000000003
endloop
endfacet
facet normal 0 -1 0
outer loop
vertex 2.24826 -28.249795000000002 21.534076666666667
vertex 2.1375783333333334 -28.249795000000002 21.480281666666666
vertex 47.99998 -28.249795000000002 21.480281666666666
endloop
endfacet
facet normal 0 -1 0
outer loop
vertex 2.24826 -28.249795000000002 21.534076666666667
vertex 47.99998 -28.249795000000002 21.480281666666666
vertex 47.99998 -28.249795000000002 21.534076666666667
endloop
endfacet
facet normal 0 -1 0
outer loop
vertex -47.99998 -28.249795000000002 21.534076666666667
vertex -47.99998 -28.249795000000002 21.480281666666666
vertex -2.1375783333333334 -28.249795000000002 21.480281666666666
endloop
endfacet
facet normal 0 -1 0
outer loop
vertex -47.99998 -28.249795000000002 21.534076666666667
vertex -2.1375783333333334 -28.249795000000002 21.480281666666666
vertex -2.24826 -28.249795000000002 21.534076666666667
endloop
endfacet
facet normal 0 -1 0
outer loop
vertex 2.1375783333333334 -28.249795000000002 21.480281666666666
vertex 2.0262783333333334 -28.249795000000002 21.42896
vertex 47.99998 -28.249795000000002 21.42896
endloop
endfacet
facet normal 0 -1 0
outer loop
vertex 2.1375783333333334 -28.249795000000002 21.480281666666666
vertex 47.99998 -28.249795000000002 21.42896
vertex 47.99998 -28.249795000000002 21.480281666666666
endloop
endfacet
facet normal 0 -1 0
outer loop
vertex -47.99998 -28.249795000000002 21.480281666666666
vertex -47.99998 -28.249795000000002 21.42896
vertex -2.0262783333333334 -28.249795000000002 21.42896
endloop
endfacet
facet normal 0 -1 0
outer loop
vertex -47.99998 -28.249795000000002 21.480281666666666
vertex -2.0262783333333334 -28.249795000000002 21.42896
vertex -2.1375783333333334 -28.249795000000002 21.480281666666666
endloop
endfacet
facet normal 0 -1 0
outer loop
vertex 2.0262783333333334 -28.249795000000002 21.42896
vertex 1.9131233333333335 -28.249795000000002 21.38073
vertex 47.99998 -28.249795000000002 21.38073
endloop
endfacet
facet normal 0 -1 0
outer loop
vertex 2.0262783333333334 -28.249795000000002 21.42896
vertex 47.99998 -28.249795000000002 21.38073
vertex 47.99998 -28.249795000000002 21.42896
endloop
endfacet
facet normal 0 -1 0
outer loop
vertex -47.99998 -28.249795000000002 21.42896
vertex -47.99998 -28.249795000000002 21.38073
vertex -1.9131233333333335 -28.249795000000002 21.38073
endloop
endfacet
facet normal 0 -1 0
outer loop
vertex -47.99998 -28.249795000000002 21.42896
vertex -1.9131233333333335 -28.249795000000002 21.38073
vertex -2.0262783333333334 -28.249795000000002 21.42896
endloop
endfacet
facet normal 0 -1 0
outer loop
vertex 1.9131233333333335 -28.249795000000002 21.38073
vertex 1.79935 -28.249795000000002 21.334973333333334
vertex 47.99998 -28.249795000000002 21.334973333333334
endloop
endfacet
facet normal 0 -1 0
outer loop
vertex 1.9131233333333335 -28.249795000000002 21.38073
vertex 47.99998 -28.249795000000002 21.334973333333334
vertex 47.99998 -28.249795000000002 21.38073
endloop
endfacet
facet normal 0 -1 0
outer loop
vertex -47.99998 -28.249795000000002 21.38073
vertex -47.99998 -28.249795000000002 21.334973333333334
vertex -1.79935 -28.249795000000002 21.334973333333334
endloop
endfacet
facet normal 0 -1 0
outer loop
vertex -47.99998 -28.249795000000002 21.38073
vertex -1.79935 -28.249795000000002 21.334973333333334
vertex -1.9131233333333335 -28.249795000000002 21.38073
endloop
endfacet
facet normal 0 -1 0
outer loop
vertex 1.79935 -28.249795000000002 21.334973333333334
vertex 1.6843400000000002 -28.249795000000002 21.292308333333335
vertex 47.99998 -28.249795000000002 21.292308333333335
endloop
endfacet
facet normal 0 -0.9999999999999999 0
outer loop
vertex 1.79935 -28.249795000000002 21.334973333333334
vertex 47.99998 -28.249795000000002 21.292308333333335
vertex 47.99998 -28.249795000000002 21.334973333333334
endloop
endfacet
facet normal 0 -1 0
outer loop
vertex -47.99998 -28.249795000000002 21.334973333333334
vertex -47.99998 -28.249795000000002 21.292308333333335
vertex -1.6843400000000002 -28.249795000000002 21.292308333333335
endloop
endfacet
facet normal 0 -0.9999999999999999 0
outer loop
vertex -47.99998 -28.249795000000002 21.334973333333334
vertex -1.6843400000000002 -28.249795000000002 21.292308333333335
vertex -1.79935 -28.249795000000002 21.334973333333334
endloop
endfacet
facet normal 0 -1 0
outer loop
vertex 1.6843400000000002 -28.249795000000002 21.292308333333335
vertex 1.5687116666666667 -28.249795000000002 21.25211666666667
vertex 47.99998 -28.249795000000002 21.25211666666667
endloop
endfacet
facet normal 0 -1 0
outer loop
vertex 1.6843400000000002 -28.249795000000002 21.292308333333335
vertex 47.99998 -28.249795000000002 21.25211666666667
vertex 47.99998 -28.249795000000002 21.292308333333335
endloop
endfacet
facet normal 0 -1 0
outer loop
vertex -47.99998 -28.249795000000002 21.292308333333335
vertex -47.99998 -28.249795000000002 21.25211666666667
vertex -1.5687116666666667 -28.249795000000002 21.25211666666667
endloop
endfacet
facet normal 0 -1 0
outer loop
vertex -47.99998 -28.249795000000002 21.292308333333335
vertex -1.5687116666666667 -28.249795000000002 21.25211666666667
vertex -1.6843400000000002 -28.249795000000002 21.292308333333335
endloop
endfacet
facet normal 0 -1 0
outer loop
vertex 1.5687116666666667 -28.249795000000002 21.25211666666667
vertex 1.4512283333333333 -28.249795000000002 21.215016666666667
vertex 47.99998 -28.249795000000002 21.215016666666667
endloop
endfacet
facet normal 0 -1 0
outer loop
vertex 1.5687116666666667 -28.249795000000002 21.25211666666667
vertex 47.99998 -28.249795000000002 21.215016666666667
vertex 47.99998 -28.249795000000002 21.25211666666667
endloop
endfacet
facet normal 0 -0.9999999999999999 0
outer loop
vertex -47.99998 -28.249795000000002 21.25211666666667
vertex -47.99998 -28.249795000000002 21.215016666666667
vertex -1.4512283333333333 -28.249795000000002 21.215016666666667
endloop
endfacet
facet normal 0 -1 0
outer loop
vertex -47.99998 -28.249795000000002 21.25211666666667
vertex -1.4512283333333333 -28.249795000000002 21.215016666666667
vertex -1.5687116666666667 -28.249795000000002 21.25211666666667
endloop
endfacet
facet normal 0 -1 0
outer loop
vertex 1.4512283333333333 -28.249795000000002 21.215016666666667
vertex 1.333745 -28.249795000000002 21.181008333333335
vertex 47.99998 -28.249795000000002 21.181008333333335
endloop
endfacet
facet normal 0 -1 0
outer loop
vertex 1.4512283333333333 -28.249795000000002 21.215016666666667
vertex 47.99998 -28.249795000000002 21.181008333333335
vertex 47.99998 -28.249795000000002 21.215016666666667
endloop
endfacet
facet normal 0 -1 0
outer loop
vertex -47.99998 -28.249795000000002 21.215016666666667
vertex -47.99998 -28.249795000000002 21.181008333333335
vertex -1.333745 -28.249795000000002 21.181008333333335
endloop
endfacet
facet normal 0 -1 0
outer loop
vertex -47.99998 -28.249795000000002 21.215016666666667
vertex -1.333745 -28.249795000000002 21.181008333333335
vertex -1.4512283333333333 -28.249795000000002 21.215016666666667
endloop
endfacet
facet normal 0 -1 0
outer loop
vertex 1.333745 -28.249795000000002 21.181008333333335
vertex 1.215025 -28.249795000000002 21.15009166666667
vertex 47.99998 -28.249795000000002 21.15009166666667
endloop
endfacet
facet normal 0 -1 0
outer loop
vertex 1.333745 -28.249795000000002 21.181008333333335
vertex 47.99998 -28.249795000000002 21.15009166666667
vertex 47.99998 -28.249795000000002 21.181008333333335
endloop
endfacet
facet normal 0 -1 0
outer loop
vertex -47.99998 -28.249795000000002 21.181008333333335
vertex -47.99998 -28.249795000000002 21.15009166666667
vertex -1.215025 -28.249795000000002 21.15009166666667
endloop
endfacet
facet normal 0 -1 0
outer loop
vertex -47.99998 -28.249795000000002 21.181008333333335
vertex -1.215025 -28.249795000000002 21.15009166666667
vertex -1.333745 -28.249795000000002 21.181008333333335
endloop
endfacet
facet normal 0 -1 0
outer loop
vertex 1.215025 -28.249795000000002 21.15009166666667
vertex 1.0956866666666667 -28.249795000000002 21.121648333333333
vertex 47.99998 -28.249795000000002 21.121648333333333
endloop
endfacet
facet normal 0 -1 0
outer loop
vertex 1.215025 -28.249795000000002 21.15009166666667
vertex 47.99998 -28.249795000000002 21.121648333333333
vertex 47.99998 -28.249795000000002 21.15009166666667
endloop
endfacet
facet normal 0 -1 0
outer loop
vertex -47.99998 -28.249795000000002 21.15009166666667
vertex -47.99998 -28.249795000000002 21.121648333333333
vertex -1.0956866666666667 -28.249795000000002 21.121648333333333
endloop
endfacet
facet normal 0 -1 0
outer loop
vertex -47.99998 -28.249795000000002 21.15009166666667
vertex -1.0956866666666667 -28.249795000000002 21.121648333333333
vertex -1.215025 -28.249795000000002 21.15009166666667
endloop
endfacet
facet normal 0 -1 0
outer loop
vertex 1.0956866666666667 -28.249795000000002 21.121648333333333
vertex 0.9757300000000001 -28.249795000000002 21.096296666666667
vertex 47.99998 -28.249795000000002 21.096296666666667
endloop
endfacet
facet normal 0 -1 0
outer loop
vertex 1.0956866666666667 -28.249795000000002 21.121648333333333
vertex 47.99998 -28.249795000000002 21.096296666666667
vertex 47.99998 -28.249795000000002 21.121648333333333
endloop
endfacet
facet normal 0 -1 0
outer loop
vertex -47.99998 -28.249795000000002 21.121648333333333
vertex -47.99998 -28.249795000000002 21.096296666666667
vertex -0.9757300000000001 -28.249795000000002 21.096296666666667
endloop
endfacet
facet normal 0 -1 0
outer loop
vertex -47.99998 -28.249795000000002 21.121648333333333
vertex -0.9757300000000001 -28.249795000000002 21.096296666666667
vertex -1.0956866666666667 -28.249795000000002 21.121648333333333
endloop
endfacet
facet normal 0 -1 0
outer loop
vertex 0.9757300000000001 -28.249795000000002 21.096296666666667
vertex 0.8545366666666667 -28.249795000000002 21.073418333333333
vertex 47.99998 -28.249795000000002 21.073418333333333
endloop
endfacet
facet normal 0 -1 0
outer loop
vertex 0.9757300000000001 -28.249795000000002 21.096296666666667
vertex 47.99998 -28.249795000000002 21.073418333333333
vertex 47.99998 -28.249795000000002 21.096296666666667
endloop
endfacet
facet normal 0 -1 0
outer loop
vertex -47.99998 -28.249795000000002 21.096296666666667
vertex -47.99998 -28.249795000000002 21.073418333333333
vertex -0.8545366666666667 -28.249795000000002 21.073418333333333
endloop
endfacet
facet normal 0 -1 0
outer loop
vertex -47.99998 -28.249795000000002 21.096296666666667
vertex -0.8545366666666667 -28.249795000000002 21.073418333333333
vertex -0.9757300000000001 -28.249795000000002 21.096296666666667
endloop
endfacet
facet normal 0 -1 0
outer loop
vertex 0.8545366666666667 -28.249795000000002 21.073418333333333
vertex 0.7333433333333333 -28.249795000000002 21.05425
vertex 47.99998 -28.249795000000002 21.05425
endloop
endfacet
facet normal 0 -1 0
outer loop
vertex 0.8545366666666667 -28.249795000000002 21.073418333333333
vertex 47.99998 -28.249795000000002 21.05425
vertex 47.99998 -28.249795000000002 21.073418333333333
endloop
endfacet
facet normal 0 -1 0
outer loop
vertex -47.99998 -28.249795000000002 21.073418333333333
vertex -47.99998 -28.249795000000002 21.05425
vertex -0.7333433333333333 -28.249795000000002 21.05425
endloop
endfacet
facet normal 0 -1 0
outer loop
vertex -47.99998 -28.249795000000002 21.073418333333333
vertex -0.7333433333333333 -28.249795000000002 21.05425
vertex -0.8545366666666667 -28.249795000000002 21.073418333333333
endloop
endfacet
facet normal 0 -1 0
outer loop
vertex 0.7333433333333333 -28.249795000000002 21.05425
vertex 0.6121500000000001 -28.249795000000002 21.037555
vertex 47.99998 -28.249795000000002 21.037555
endloop
endfacet
facet normal 0 -1 0
outer loop
vertex 0.7333433333333333 -28.249795000000002 21.05425
vertex 47.99998 -28.249795000000002 21.037555
vertex 47.99998 -28.249795000000002 21.05425
endloop
endfacet
facet normal 0 -1 0
outer loop
vertex -47.99998 -28.249795000000002 21.05425
vertex -47.99998 -28.249795000000002 21.037555
vertex -0.6121500000000001 -28.249795000000002 21.037555
endloop
endfacet
facet normal 0 -1 0
outer loop
vertex -47.99998 -28.249795000000002 21.05425
vertex -0.6121500000000001 -28.249795000000002 21.037555
vertex -0.7333433333333333 -28.249795000000002 21.05425
endloop
endfacet
facet normal 0 -1 0
outer loop
vertex 0.6121500000000001 -28.249795000000002 21.037555
vertex 0.4903383333333334 -28.249795000000002 21.02395166666667
vertex 47.99998 -28.249795000000002 21.02395166666667
endloop
endfacet
facet normal 0 -1 0
outer loop
vertex 0.6121500000000001 -28.249795000000002 21.037555
vertex 47.99998 -28.249795000000002 21.02395166666667
vertex 47.99998 -28.249795000000002 21.037555
endloop
endfacet
facet normal 0 -1 0
outer loop
vertex -47.99998 -28.249795000000002 21.037555
vertex -47.99998 -28.249795000000002 21.02395166666667
vertex -0.4903383333333334 -28.249795000000002 21.02395166666667
endloop
endfacet
facet normal 0 -1 0
outer loop
vertex -47.99998 -28.249795000000002 21.037555
vertex -0.4903383333333334 -28.249795000000002 21.02395166666667
vertex -0.6121500000000001 -28.249795000000002 21.037555
endloop
endfacet
facet normal 0 -1 0
outer loop
vertex 0.4903383333333334 -28.249795000000002 21.02395166666667
vertex 0.36790833333333334 -28.249795000000002 21.013440000000003
vertex 47.99998 -28.249795000000002 21.013440000000003
endloop
endfacet
facet normal 0 -1 0
outer loop
vertex 0.4903383333333334 -28.249795000000002 21.02395166666667
vertex 47.99998 -28.249795000000002 21.013440000000003
vertex 47.99998 -28.249795000000002 21.02395166666667
endloop
endfacet
facet normal 0 -1 0
outer loop
vertex -47.99998 -28.249795000000002 21.02395166666667
vertex -47.99998 -28.249795000000002 21.013440000000003
vertex -0.36790833333333334 -28.249795000000002 21.013440000000003
endloop
endfacet
facet normal 0 -1 0
outer loop
vertex -47.99998 -28.249795000000002 21.02395166666667
vertex -0.36790833333333334 -28.249795000000002 21.013440000000003
vertex -0.4903383333333334 -28.249795000000002 21.02395166666667
endloop
endfacet
facet normal 0 -1 0
outer loop
vertex 0.36790833333333334 -28.249795000000002 21.013440000000003
vertex 0.24547833333333335 -28.249795000000002 21.00602
vertex 47.99998 -28.249795000000002 21.00602
endloop
endfacet
facet normal 0 -0.9999999999999999 0
outer loop
vertex 0.36790833333333334 -28.249795000000002 21.013440000000003
vertex 47.99998 -28.249795000000002 21.00602
vertex 47.99998 -28.249795000000002 21.013440000000003
endloop
endfacet
facet normal 0 -1 0
outer loop
vertex -47.99998 -28.249795000000002 21.013440000000003
vertex -47.99998 -28.249795000000002 21.00602
vertex -0.24547833333333335 -28.249795000000002 21.00602
endloop
endfacet
facet normal 0 -0.9999999999999999 0
outer loop
vertex -47.99998 -28.249795000000002 21.013440000000003
vertex -0.24547833333333335 -28.249795000000002 21.00602
vertex -0.36790833333333334 -28.249795000000002 21.013440000000003
endloop
endfacet
facet normal 0 -1 0
outer loop
vertex 0.24547833333333335 -28.249795000000002 21.00602
vertex 0.12243000000000001 -28.249795000000002 21.001691666666666
vertex 47.99998 -28.249795000000002 21.001691666666666
endloop
endfacet
facet normal 0 -1 0
outer loop
vertex 0.24547833333333335 -28.249795000000002 21.00602
vertex 47.99998 -28.249795000000002 21.001691666666666
vertex 47.99998 -28.249795000000002 21.00602
endloop
endfacet
facet normal 0 -0.9999999999999999 0
outer loop
vertex -47.99998 -28.249795000000002 21.00602
vertex -47.99998 -28.249795000000002 21.001691666666666
vertex -0.12243000000000001 -28.249795000000002 21.001691666666666
endloop
endfacet
facet normal 0 -1 0
outer loop
vertex -47.99998 -28.249795000000002 21.00602
vertex -0.12243000000000001 -28.249795000000002 21.001691666666666
vertex -0.24547833333333335 -28.249795000000002 21.00602
endloop
endfacet
facet normal 0 -1 0
outer loop
vertex 0.12243000000000001 -28.249795000000002 21.001691666666666
vertex 0 -28.249795000000002 20.999836666666667
vertex 47.99998 -28.249795000000002 20.999836666666667
endloop
endfacet
facet normal 0 -1 0
outer loop
vertex 0.12243000000000001 -28.249795000000002 21.001691666666666
vertex 47.99998 -28.249795000000002 20.999836666666667
vertex 47.99998 -28.249795000000002 21.001691666666666
endloop
endfacet
facet normal 0 -1 0
outer loop
vertex -47.99998 -28.249795000000002 21.001691666666666
vertex -47.99998 -28.249795000000002 20.999836666666667
vertex 0 -28.249795000000002 20.999836666666667
endloop
endfacet
facet normal 0 -1 0
outer loop
vertex -47.99998 -28.249795000000002 21.001691666666666
vertex 0 -28.249795000000002 20.999836666666667
vertex -0.12243000000000001 -28.249795000000002 21.001691666666666
endloop
endfacet
facet normal 0 -0.9999999999999999 0
outer loop
vertex 0 -28.249795000000002 12.599778333333335
vertex 0 -28.249795000000002 20.999836666666667
vertex -47.99998 -28.249795000000002 20.999836666666667
endloop
endfacet
facet normal 0 -0.9999999999999999 0
outer loop
vertex 0 -28.249795000000002 12.599778333333335
vertex -47.99998 -28.249795000000002 20.999836666666667
vertex -47.99998 -28.249795000000002 0
endloop
endfacet
facet normal 0 -1 0
outer loop
vertex 0 -28.249795000000002 12.599778333333335
vertex -47.99998 -28.249795000000002 0
vertex 47.99998 -28.249795000000002 0
endloop
endfacet
facet normal 0 -0.9999999999999999 0
outer loop
vertex 0 -28.249795000000002 12.599778333333335
vertex 47.99998 -28.249795000000002 0
vertex 47.99998 -28.249795000000002 20.999836666666667
endloop
endfacet
facet normal 0 -0.9999999999999999 0
outer loop
vertex 0 -28.249795000000002 12.599778333333335
vertex 47.99998 -28.249795000000002 20.999836666666667
vertex 0 -28.249795000000002 20.999836666666667
endloop
endfacet
facet normal 0 1 0
outer loop
vertex -42.44982 16.949753333333334 32.999831666666665
vertex -42.44982 16.949753333333334 30.000296666666667
vertex -47.99998 16.949753333333334 30.000296666666667
endloop
endfacet
facet normal 0 1 0
outer loop
vertex -42.44982 16.949753333333334 32.999831666666665
vertex -47.99998 16.949753333333334 30.000296666666667
vertex -47.99998 16.949753333333334 32.999831666666665
endloop
endfacet
facet normal 0 1 0
outer loop
vertex -2.4498366666666667 16.949753333333334 32.999831666666665
vertex -2.4498366666666667 16.949753333333334 30.000296666666667
vertex -37.55014666666667 16.949753333333334 30.000296666666667
endloop
endfacet
facet normal 0 1 0
outer loop
vertex -2.4498366666666667 16.949753333333334 32.999831666666665
vertex -37.55014666666667 16.949753333333334 30.000296666666667
vertex -37.55014666666667 16.949753333333334 32.999831666666665
endloop
endfacet
facet normal 0 1 0
outer loop
vertex 37.55014666666667 16.949753333333334 32.999831666666665
vertex 37.55014666666667 16.949753333333334 30.000296666666667
vertex 2.4498366666666667 16.949753333333334 30.000296666666667
endloop
endfacet
facet normal 0 1 0
outer loop
vertex 37.55014666666667 16.949753333333334 32.999831666666665
vertex 2.4498366666666667 16.949753333333334 30.000296666666667
vertex 2.4498366666666667 16.949753333333334 32.999831666666665
endloop
endfacet
facet normal 0 1 0
outer loop
vertex 47.99998 16.949753333333334 32.999831666666665
vertex 47.99998 16.949753333333334 30.000296666666667
vertex 42.44982 16.949753333333334 30.000296666666667
endloop
endfacet
facet normal 0 1 0
outer loop
vertex 47.99998 16.949753333333334 32.999831666666665
vertex 42.44982 16.949753333333334 30.000296666666667
vertex 42.44982 16.949753333333334 32.999831666666665
endloop
endfacet
facet normal 0 1 0
outer loop
vertex -44.64675833333334 16.949753333333334 29.971235
vertex -42.44982 16.949753333333334 30.000296666666667
vertex -42.381185 16.949753333333334 30.000296666666667
endloop
endfacet
facet normal 0 1 0
outer loop
vertex -44.64675833333334 16.949753333333334 29.971235
vertex -42.381185 16.949753333333334 30.000296666666667
vertex -42.40282666666667 16.949753333333334 29.92795166666667
endloop
endfacet
facet normal 0 0.9999999999999999 0
outer loop
vertex -44.64675833333334 16.949753333333334 29.971235
vertex -42.40282666666667 16.949753333333334 29.92795166666667
vertex -47.99998 16.949753333333334 29.92795166666667
endloop
endfacet
facet normal 0 1 0
outer loop
vertex -44.64675833333334 16.949753333333334 29.971235
vertex -47.99998 16.949753333333334 29.92795166666667
vertex -47.99998 16.949753333333334 30.000296666666667
endloop
endfacet
facet normal 0 1 0
outer loop
vertex -44.64675833333334 16.949753333333334 29.971235
vertex -47.99998 16.949753333333334 30.000296666666667
vertex -42.44982 16.949753333333334 30.000296666666667
endloop
endfacet
facet normal 0 1 0
outer loop
vertex -19.999991666666666 16.949753333333334 29.97618166666667
vertex -37.55014666666667 16.949753333333334 30.000296666666667
vertex -2.4498366666666667 16.949753333333334 30.000296666666667
endloop
endfacet
facet normal 0 0.9999999999999999 0
outer loop
vertex -19.999991666666666 16.949753333333334 29.97618166666667
vertex -2.4498366666666667 16.949753333333334 30.000296666666667
vertex -2.3812016666666667 16.949753333333334 30.000296666666667
endloop
endfacet
facet normal 0 1 0
outer loop
vertex -19.999991666666666 16.949753333333334 29.97618166666667
vertex -2.3812016666666667 16.949753333333334 30.000296666666667
vertex -2.4028433333333337 16.949753333333334 29.92795166666667
endloop
endfacet
facet normal 0 1 0
outer loop
vertex -19.999991666666666 16.949753333333334 29.97618166666667
vertex -2.4028433333333337 16.949753333333334 29.92795166666667
vertex -37.59714 16.949753333333334 29.92795166666667
endloop
endfacet
facet normal 0 1 0
outer loop
vertex -19.999991666666666 16.949753333333334 29.97618166666667
vertex -37.59714 16.949753333333334 29.92795166666667
vertex -37.61878166666667 16.949753333333334 30.000296666666667
endloop
endfacet
facet normal 0 1 0
outer loop
vertex -19.999991666666666 16.949753333333334 29.97618166666667
vertex -37.61878166666667 16.949753333333334 30.000296666666667
vertex -37.55014666666667 16.949753333333334 30.000296666666667
endloop
endfacet
facet normal 0 1 0
outer loop
vertex 19.999991666666666 16.949753333333334 29.97618166666667
vertex 2.4498366666666667 16.949753333333334 30.000296666666667
vertex 37.55014666666667 16.949753333333334 30.000296666666667
endloop
endfacet
facet normal 0 1 0
outer loop
vertex 19.999991666666666 16.949753333333334 29.97618166666667
vertex 37.55014666666667 16.949753333333334 30.000296666666667
vertex 37.61878166666667 16.949753333333334 30.000296666666667
endloop
endfacet
facet normal 0 1 0
outer loop
vertex 19.999991666666666 16.949753333333334 29.97618166666667
vertex 37.61878166666667 16.949753333333334 30.000296666666667
vertex 37.59714 16.949753333333334 29.92795166666667
endloop
endfacet
facet normal 0 1 0
outer loop
vertex 19.999991666666666 16.949753333333334 29.97618166666667
vertex 37.59714 16.949753333333334 29.92795166666667
vertex 2.4028433333333337 16.949753333333334 29.92795166666667
endloop
endfacet
facet normal 0 1 0
outer loop
vertex 19.999991666666666 16.949753333333334 29.97618166666667
vertex 2.4028433333333337 16.949753333333334 29.92795166666667
vertex 2.3812016666666667 16.949753333333334 30.000296666666667
endloop
endfacet
facet normal 0 0.9999999999999999 0
outer loop
vertex 19.999991666666666 16.949753333333334 29.97618166666667
vertex 2.3812016666666667 16.949753333333334 30.000296666666667
vertex 2.4498366666666667 16.949753333333334 30.000296666666667
endloop
endfacet
facet normal 0 1 0
outer loop
vertex 44.64675833333334 16.949753333333334 29.971235
vertex 42.44982 16.949753333333334 30.000296666666667
vertex 47.99998 16.949753333333334 30.000296666666667
endloop
endfacet
facet normal 0 1 0
outer loop
vertex 44.64675833333334 16.949753333333334 29.971235
vertex 47.99998 16.949753333333334 30.000296666666667
vertex 47.99998 16.949753333333334 29.92795166666667
endloop
endfacet
facet normal 0 0.9999999999999999 0
outer loop
vertex 44.64675833333334 16.949753333333334 29.971235
vertex 47.99998 16.949753333333334 29.92795166666667
vertex 42.40282666666667 16.949753333333334 29.92795166666667
endloop
endfacet
facet normal 0 1 0
outer loop
vertex 44.64675833333334 16.949753333333334 29.971235
vertex 42.40282666666667 16.949753333333334 29.92795166666667
vertex 42.381185 16.949753333333334 30.000296666666667
endloop
endfacet
facet normal 0 1 0
outer loop
vertex 44.64675833333334 16.949753333333334 29.971235
vertex 42.381185 16.949753333333334 30.000296666666667
vertex 42.44982 16.949753333333334 30.000296666666667
endloop
endfacet
facet normal 0 1 0
outer loop
vertex -42.40282666666667 16.949753333333334 29.92795166666667
vertex -42.44982 16.949753333333334 29.44998
vertex -47.99998 16.949753333333334 29.44998
endloop
endfacet
facet normal 0 1 0
outer loop
vertex -42.40282666666667 16.949753333333334 29.92795166666667
vertex -47.99998 16.949753333333334 29.44998
vertex -47.99998 16.949753333333334 29.92795166666667
endloop
endfacet
facet normal 0 1 0
outer loop
vertex -2.4028433333333337 16.949753333333334 29.92795166666667
vertex -2.4498366666666667 16.949753333333334 29.44998
vertex -37.55014666666667 16.949753333333334 29.44998
endloop
endfacet
facet normal 0 1 0
outer loop
vertex -2.4028433333333337 16.949753333333334 29.92795166666667
vertex -37.55014666666667 16.949753333333334 29.44998
vertex -37.59714 16.949753333333334 29.92795166666667
endloop
endfacet
facet normal 0 1 0
outer loop
vertex 37.59714 16.949753333333334 29.92795166666667
vertex 37.55014666666667 16.949753333333334 29.44998
vertex 2.4498366666666667 16.949753333333334 29.44998
endloop
endfacet
facet normal 0 1 0
outer loop
vertex 37.59714 16.949753333333334 29.92795166666667
vertex 2.4498366666666667 16.949753333333334 29.44998
vertex 2.4028433333333337 16.949753333333334 29.92795166666667
endloop
endfacet
facet normal 0 0.9999999999999999 0
outer loop
vertex 47.99998 16.949753333333334 29.92795166666667
vertex 47.99998 16.949753333333334 29.44998
vertex 42.44982 16.949753333333334 29.44998
endloop
endfacet
facet normal 0 1 0
outer loop
vertex 47.99998 16.949753333333334 29.92795166666667
vertex 42.44982 16.949753333333334 29.44998
vertex 42.40282666666667 16.949753333333334 29.92795166666667
endloop
endfacet
facet normal 0 0.9999999999999999 0
outer loop
vertex -42.44982 16.949753333333334 29.44998
vertex -42.40282666666667 16.949753333333334 28.972008333333335
vertex -47.99998 16.949753333333334 28.972008333333335
endloop
endfacet
facet normal 0 0.9999999999999999 0
outer loop
vertex -42.44982 16.949753333333334 29.44998
vertex -47.99998 16.949753333333334 28.972008333333335
vertex -47.99998 16.949753333333334 29.44998
endloop
endfacet
facet normal 0 1 0
outer loop
vertex -2.4498366666666667 16.949753333333334 29.44998
vertex -2.4028433333333337 16.949753333333334 28.972008333333335
vertex -37.59714 16.949753333333334 28.972008333333335
endloop
endfacet
facet normal 0 1 0
outer loop
vertex -2.4498366666666667 16.949753333333334 29.44998
vertex -37.59714 16.949753333333334 28.972008333333335
vertex -37.55014666666667 16.949753333333334 29.44998
endloop
endfacet
facet normal 0 1 0
outer loop
vertex 37.55014666666667 16.949753333333334 29.44998
vertex 37.59714 16.949753333333334 28.972008333333335
vertex 2.4028433333333337 16.949753333333334 28.972008333333335
endloop
endfacet
facet normal 0 1 0
outer loop
vertex 37.55014666666667 16.949753333333334 29.44998
vertex 2.4028433333333337 16.949753333333334 28.972008333333335
vertex 2.4498366666666667 16.949753333333334 29.44998
endloop
endfacet
facet normal 0 0.9999999999999999 0
outer loop
vertex 47.99998 16.949753333333334 29.44998
vertex 47.99998 16.949753333333334 28.972008333333335
vertex 42.40282666666667 16.949753333333334 28.972008333333335
endloop
endfacet
facet normal 0 0.9999999999999999 0
outer loop
vertex 47.99998 16.949753333333334 29.44998
vertex 42.40282666666667 16.949753333333334 28.972008333333335
vertex 42.44982 16.949753333333334 29.44998
endloop
endfacet
facet normal 0 1 0
outer loop
vertex -42.40282666666667 16.949753333333334 28.972008333333335
vertex -42.26370166666667 16.949753333333334 28.512586666666667
vertex -47.99998 16.949753333333334 28.512586666666667
endloop
endfacet
facet normal 0 1 0
outer loop
vertex -42.40282666666667 16.949753333333334 28.972008333333335
vertex -47.99998 16.949753333333334 28.512586666666667
vertex -47.99998 16.949753333333334 28.972008333333335
endloop
endfacet
facet normal 0 1 0
outer loop
vertex -2.4028433333333337 16.949753333333334 28.972008333333335
vertex -2.2637183333333333 16.949753333333334 28.512586666666667
vertex -37.736265 16.949753333333334 28.512586666666667
endloop
endfacet
facet normal 0 1 0
outer loop
vertex -2.4028433333333337 16.949753333333334 28.972008333333335
vertex -37.736265 16.949753333333334 28.512586666666667
vertex -37.59714 16.949753333333334 28.972008333333335
endloop
endfacet
facet normal 0 1 0
outer loop
vertex 37.59714 16.949753333333334 28.972008333333335
vertex 37.736265 16.949753333333334 28.512586666666667
vertex 2.2637183333333333 16.949753333333334 28.512586666666667
endloop
endfacet
facet normal 0 1 0
outer loop
vertex 37.59714 16.949753333333334 28.972008333333335
vertex 2.2637183333333333 16.949753333333334 28.512586666666667
vertex 2.4028433333333337 16.949753333333334 28.972008333333335
endloop
endfacet
facet normal 0 1 0
outer loop
vertex 47.99998 16.949753333333334 28.972008333333335
vertex 47.99998 16.949753333333334 28.512586666666667
vertex 42.26370166666667 16.949753333333334 28.512586666666667
endloop
endfacet
facet normal 0 1 0
outer loop
vertex 47.99998 16.949753333333334 28.972008333333335
vertex 42.26370166666667 16.949753333333334 28.512586666666667
vertex 42.40282666666667 16.949753333333334 28.972008333333335
endloop
endfacet
facet normal 0 1 0
outer loop
vertex -42.26370166666667 16.949753333333334 28.512586666666667
vertex -42.03739166666667 16.949753333333334 28.089028333333335
vertex -47.99998 16.949753333333334 28.089028333333335
endloop
endfacet
facet normal 0 1 0
outer loop
vertex -42.26370166666667 16.949753333333334 28.512586666666667
vertex -47.99998 16.949753333333334 28.089028333333335
vertex -47.99998 16.949753333333334 28.512586666666667
endloop
endfacet
facet normal 0 0.9999999999999999 0
outer loop
vertex -2.2637183333333333 16.949753333333334 28.512586666666667
vertex -2.0374083333333335 16.949753333333334 28.089028333333335
vertex -37.96319333333334 16.949753333333334 28.089028333333335
endloop
endfacet
facet normal 0 1 0
outer loop
vertex -2.2637183333333333 16.949753333333334 28.512586666666667
vertex -37.96319333333334 16.949753333333334 28.089028333333335
vertex -37.736265 16.949753333333334 28.512586666666667
endloop
endfacet
facet normal 0 1 0
outer loop
vertex 37.736265 16.949753333333334 28.512586666666667
vertex 37.96319333333334 16.949753333333334 28.089028333333335
vertex 2.0374083333333335 16.949753333333334 28.089028333333335
endloop
endfacet
facet normal 0 1 0
outer loop
vertex 37.736265 16.949753333333334 28.512586666666667
vertex 2.0374083333333335 16.949753333333334 28.089028333333335
vertex 2.2637183333333333 16.949753333333334 28.512586666666667
endloop
endfacet
facet normal 0 1 0
outer loop
vertex 47.99998 16.949753333333334 28.512586666666667
vertex 47.99998 16.949753333333334 28.089028333333335
vertex 42.03739166666667 16.949753333333334 28.089028333333335
endloop
endfacet
facet normal 0 1 0
outer loop
vertex 47.99998 16.949753333333334 28.512586666666667
vertex 42.03739166666667 16.949753333333334 28.089028333333335
vertex 42.26370166666667 16.949753333333334 28.512586666666667
endloop
endfacet
facet normal 0 1 0
outer loop
vertex -42.03739166666667 16.949753333333334 28.089028333333335
vertex -41.732553333333335 16.949753333333334 27.71741
vertex -47.99998 16.949753333333334 27.71741
endloop
endfacet
facet normal 0 1 0
outer loop
vertex -42.03739166666667 16.949753333333334 28.089028333333335
vertex -47.99998 16.949753333333334 27.71741
vertex -47.99998 16.949753333333334 28.089028333333335
endloop
endfacet
facet normal 0 1 0
outer loop
vertex -2.0374083333333335 16.949753333333334 28.089028333333335
vertex -1.7325700000000002 16.949753333333334 27.71741
vertex -38.26741333333334 16.949753333333334 27.71741
endloop
endfacet
facet normal 0 1 0
outer loop
vertex -2.0374083333333335 16.949753333333334 28.089028333333335
vertex -38.26741333333334 16.949753333333334 27.71741
vertex -37.96319333333334 16.949753333333334 28.089028333333335
endloop
endfacet
facet normal 0 0.9999999999999999 0
outer loop
vertex 37.96319333333334 16.949753333333334 28.089028333333335
vertex 38.26741333333334 16.949753333333334 27.71741
vertex 1.7325700000000002 16.949753333333334 27.71741
endloop
endfacet
facet normal 0 1 0
outer loop
vertex 37.96319333333334 16.949753333333334 28.089028333333335
vertex 1.7325700000000002 16.949753333333334 27.71741
vertex 2.0374083333333335 16.949753333333334 28.089028333333335
endloop
endfacet
facet normal 0 1 0
outer loop
vertex 47.99998 16.949753333333334 28.089028333333335
vertex 47.99998 16.949753333333334 27.71741
vertex 41.732553333333335 16.949753333333334 27.71741
endloop
endfacet
facet normal 0 1 0
outer loop
vertex 47.99998 16.949753333333334 28.089028333333335
vertex 41.732553333333335 16.949753333333334 27.71741
vertex 42.03739166666667 16.949753333333334 28.089028333333335
endloop
endfacet
facet normal 0 1 0
outer loop
vertex -41.732553333333335 16.949753333333334 27.71741
vertex -41.360935000000005 16.949753333333334 27.41319
vertex -47.99998 16.949753333333334 27.41319
endloop
endfacet
facet normal 0 1 0
outer loop
vertex -41.732553333333335 16.949753333333334 27.71741
vertex -47.99998 16.949753333333334 27.41319
vertex -47.99998 16.949753333333334 27.71741
endloop
endfacet
facet normal 0 1 0
outer loop
vertex -1.7325700000000002 16.949753333333334 27.71741
vertex -1.3609516666666668 16.949753333333334 27.41319
vertex -38.63903166666667 16.949753333333334 27.41319
endloop
endfacet
facet normal 0 0.9999999999999999 0
outer loop
vertex -1.7325700000000002 16.949753333333334 27.71741
vertex -38.63903166666667 16.949753333333334 27.41319
vertex -38.26741333333334 16.949753333333334 27.71741
endloop
endfacet
facet normal 0 1 0
outer loop
vertex 38.26741333333334 16.949753333333334 27.71741
vertex 38.63903166666667 16.949753333333334 27.41319
vertex 1.3609516666666668 16.949753333333334 27.41319
endloop
endfacet
facet normal 0 0.9999999999999999 0
outer loop
vertex 38.26741333333334 16.949753333333334 27.71741
vertex 1.3609516666666668 16.949753333333334 27.41319
vertex 1.7325700000000002 16.949753333333334 27.71741
endloop
endfacet
facet normal 0 1 0
outer loop
vertex 47.99998 16.949753333333334 27.71741
vertex 47.99998 16.949753333333334 27.41319
vertex 41.360935000000005 16.949753333333334 27.41319
endloop
endfacet
facet normal 0 1 0
outer loop
vertex 47.99998 16.949753333333334 27.71741
vertex 41.360935000000005 16.949753333333334 27.41319
vertex 41.732553333333335 16.949753333333334 27.71741
endloop
endfacet
facet normal 0 1 0
outer loop
vertex -41.360935000000005 16.949753333333334 27.41319
vertex -40.937376666666665 16.949753333333334 27.186261666666667
vertex -47.99998 16.949753333333334 27.186261666666667
endloop
endfacet
facet normal 0 1 0
outer loop
vertex -41.360935000000005 16.949753333333334 27.41319
vertex -47.99998 16.949753333333334 27.186261666666667
vertex -47.99998 16.949753333333334 27.41319
endloop
endfacet
facet normal 0 1 0
outer loop
vertex -1.3609516666666668 16.949753333333334 27.41319
vertex -0.9373933333333334 16.949753333333334 27.186261666666667
vertex -39.06259 16.949753333333334 27.186261666666667
endloop
endfacet
facet normal 0 1 0
outer loop
vertex -1.3609516666666668 16.949753333333334 27.41319
vertex -39.06259 16.949753333333334 27.186261666666667
vertex -38.63903166666667 16.949753333333334 27.41319
endloop
endfacet
facet normal 0 0.9999999999999999 0
outer loop
vertex 38.63903166666667 16.949753333333334 27.41319
vertex 39.06259 16.949753333333334 27.186261666666667
vertex 0.9373933333333334 16.949753333333334 27.186261666666667
endloop
endfacet
facet normal 0 1 0
outer loop
vertex 38.63903166666667 16.949753333333334 27.41319
vertex 0.9373933333333334 16.949753333333334 27.186261666666667
vertex 1.3609516666666668 16.949753333333334 27.41319
endloop
endfacet
facet normal 0 1 0
outer loop
vertex 47.99998 16.949753333333334 27.41319
vertex 47.99998 16.949753333333334 27.186261666666667
vertex 40.937376666666665 16.949753333333334 27.186261666666667
endloop
endfacet
facet normal 0 1 0
outer loop
vertex 47.99998 16.949753333333334 27.41319
vertex 40.937376666666665 16.949753333333334 27.186261666666667
vertex 41.360935000000005 16.949753333333334 27.41319
endloop
endfacet
facet normal 0 1 0
outer loop
vertex -40.937376666666665 16.949753333333334 27.186261666666667
vertex -40.477955 16.949753333333334 27.047136666666667
vertex -47.99998 16.949753333333334 27.047136666666667
endloop
endfacet
facet normal 0 1 0
outer loop
vertex -40.937376666666665 16.949753333333334 27.186261666666667
vertex -47.99998 16.949753333333334 27.047136666666667
vertex -47.99998 16.949753333333334 27.186261666666667
endloop
endfacet
facet normal 0 1 0
outer loop
vertex -0.9373933333333334 16.949753333333334 27.186261666666667
vertex -0.4779716666666667 16.949753333333334 27.047136666666667
vertex -39.52201166666667 16.949753333333334 27.047136666666667
endloop
endfacet
facet normal 0 1 0
outer loop
vertex -0.9373933333333334 16.949753333333334 27.186261666666667
vertex -39.52201166666667 16.949753333333334 27.047136666666667
vertex -39.06259 16.949753333333334 27.186261666666667
endloop
endfacet
facet normal 0 0.9999999999999999 0
outer loop
vertex 39.06259 16.949753333333334 27.186261666666667
vertex 39.52201166666667 16.949753333333334 27.047136666666667
vertex 0.4779716666666667 16.949753333333334 27.047136666666667
endloop
endfacet
facet normal 0 1 0
outer loop
vertex 39.06259 16.949753333333334 27.186261666666667
vertex 0.4779716666666667 16.949753333333334 27.047136666666667
vertex 0.9373933333333334 16.949753333333334 27.186261666666667
endloop
endfacet
facet normal 0 1 0
outer loop
vertex 47.99998 16.949753333333334 27.186261666666667
vertex 47.99998 16.949753333333334 27.047136666666667
vertex 40.477955 16.949753333333334 27.047136666666667
endloop
endfacet
facet normal 0 1 0
outer loop
vertex 47.99998 16.949753333333334 27.186261666666667
vertex 40.477955 16.949753333333334 27.047136666666667
vertex 40.937376666666665 16.949753333333334 27.186261666666667
endloop
endfacet
facet normal 0 1 0
outer loop
vertex -40.477955 16.949753333333334 27.047136666666667
vertex -39.99998333333333 16.949753333333334 27.000143333333334
vertex -47.99998 16.949753333333334 27.000143333333334
endloop
endfacet
facet normal 0 1 0
outer loop
vertex -40.477955 16.949753333333334 27.047136666666667
vertex -47.99998 16.949753333333334 27.000143333333334
vertex -47.99998 16.949753333333334 27.047136666666667
endloop
endfacet
facet normal 0 1 0
outer loop
vertex -0.4779716666666667 16.949753333333334 27.047136666666667
vertex 0 16.949753333333334 27.000143333333334
vertex -39.99998333333333 16.949753333333334 27.000143333333334
endloop
endfacet
facet normal 0 0.9999999999999999 0
outer loop
vertex -0.4779716666666667 16.949753333333334 27.047136666666667
vertex -39.99998333333333 16.949753333333334 27.000143333333334
vertex -39.52201166666667 16.949753333333334 27.047136666666667
endloop
endfacet
facet normal 0 1 0
outer loop
vertex 39.52201166666667 16.949753333333334 27.047136666666667
vertex 39.99998333333333 16.949753333333334 27.000143333333334
vertex 0 16.949753333333334 27.000143333333334
endloop
endfacet
facet normal 0 0.9999999999999999 0
outer loop
vertex 39.52201166666667 16.949753333333334 27.047136666666667
vertex 0 16.949753333333334 27.000143333333334
vertex 0.4779716666666667 16.949753333333334 27.047136666666667
endloop
endfacet
facet normal 0 1 0
outer loop
vertex 47.99998 16.949753333333334 27.047136666666667
vertex 47.99998 16.949753333333334 27.000143333333334
vertex 39.99998333333333 16.949753333333334 27.000143333333334
endloop
endfacet
facet normal 0 1 0
outer loop
vertex 47.99998 16.949753333333334 27.047136666666667
vertex 39.99998333333333 16.949753333333334 27.000143333333334
vertex 40.477955 16.949753333333334 27.047136666666667
endloop
endfacet
facet normal 0 1 0
outer loop
vertex 0 16.949753333333334 19.36372666666667
vertex -39.99998333333333 16.949753333333334 27.000143333333334
vertex 0 16.949753333333334 27.000143333333334
endloop
endfacet
facet normal 0 1 0
outer loop
vertex 0 16.949753333333334 19.36372666666667
vertex 0 16.949753333333334 27.000143333333334
vertex 39.99998333333333 16.949753333333334 27.000143333333334
endloop
endfacet
facet normal 0 1 0
outer loop
vertex 0 16.949753333333334 19.36372666666667
vertex 39.99998333333333 16.949753333333334 27.000143333333334
vertex 47.99998 16.949753333333334 27.000143333333334
endloop
endfacet
facet normal 0 1 0
outer loop
vertex 0 16.949753333333334 19.36372666666667
vertex 47.99998 16.949753333333334 27.000143333333334
vertex 47.99998 16.949753333333334 12.99984
endloop
endfacet
facet normal 0 1 0
outer loop
vertex 0 16.949753333333334 19.36372666666667
vertex 47.99998 16.949753333333334 12.99984
vertex 22.449828333333336 16.949753333333334 12.99984
endloop
endfacet
facet normal 0 0.9999999999999999 0
outer loop
vertex 0 16.949753333333334 19.36372666666667
vertex 22.449828333333336 16.949753333333334 12.99984
vertex 17.550155 16.949753333333334 12.99984
endloop
endfacet
facet normal 0 0.9999999999999999 0
outer loop
vertex 0 16.949753333333334 19.36372666666667
vertex 17.550155 16.949753333333334 12.99984
vertex -17.550155 16.949753333333334 12.99984
endloop
endfacet
facet normal 0 0.9999999999999999 0
outer loop
vertex 0 16.949753333333334 19.36372666666667
vertex -17.550155 16.949753333333334 12.99984
vertex -22.449828333333336 16.949753333333334 12.99984
endloop
endfacet
facet normal 0 1 0
outer loop
vertex 0 16.949753333333334 19.36372666666667
vertex -22.449828333333336 16.949753333333334 12.99984
vertex -47.99998 16.949753333333334 12.99984
endloop
endfacet
facet normal 0 1 0
outer loop
vertex 0 16.949753333333334 19.36372666666667
vertex -47.99998 16.949753333333334 12.99984
vertex -47.99998 16.949753333333334 27.000143333333334
endloop
endfacet
facet normal 0 1 0
outer loop
vertex 0 16.949753333333334 19.36372666666667
vertex -47.99998 16.949753333333334 27.000143333333334
vertex -39.99998333333333 16.949753333333334 27.000143333333334
endloop
endfacet
facet normal 0 1 0
outer loop
vertex -22.449828333333336 16.949753333333334 12.99984
vertex -22.449828333333336 16.949753333333334 10.000305
vertex -47.99998 16.949753333333334 10.000305
endloop
endfacet
facet normal 0 1 0
outer loop
vertex -22.449828333333336 16.949753333333334 12.99984
vertex -47.99998 16.949753333333334 10.000305
vertex -47.99998 16.949753333333334 12.99984
endloop
endfacet
facet normal 0 1 0
outer loop
vertex 17.550155 16.949753333333334 12.99984
vertex 17.550155 16.949753333333334 10.000305
vertex -17.550155 16.949753333333334 10.000305
endloop
endfacet
facet normal 0 1 0
outer loop
vertex 17.550155 16.949753333333334 12.99984
vertex -17.550155 16.949753333333334 10.000305
vertex -17.550155 16.949753333333334 12.99984
endloop
endfacet
facet normal 0 1 0
outer loop
vertex 47.99998 16.949753333333334 12.99984
vertex 47.99998 16.949753333333334 10.000305
vertex 22.449828333333336 16.949753333333334 10.000305
endloop
endfacet
facet normal 0 1 0
outer loop
vertex 47.99998 16.949753333333334 12.99984
vertex 22.449828333333336 16.949753333333334 10.000305
vertex 22.449828333333336 16.949753333333334 12.99984
endloop
endfacet
facet normal 0 1 0
outer loop
vertex -32.64676333333333 16.949753333333334 9.971243333333334
vertex -22.449828333333336 16.949753333333334 10.000305
vertex -22.381193333333336 16.949753333333334 10.000305
endloop
endfacet
facet normal 0 1 0
outer loop
vertex -32.64676333333333 16.949753333333334 9.971243333333334
vertex -22.381193333333336 16.949753333333334 10.000305
vertex -22.402835 16.949753333333334 9.92796
endloop
endfacet
facet normal 0 1 0
outer loop
vertex -32.64676333333333 16.949753333333334 9.971243333333334
vertex -22.402835 16.949753333333334 9.92796
vertex -47.99998 16.949753333333334 9.92796
endloop
endfacet
facet normal 0 1 0
outer loop
vertex -32.64676333333333 16.949753333333334 9.971243333333334
vertex -47.99998 16.949753333333334 9.92796
vertex -47.99998 16.949753333333334 10.000305
endloop
endfacet
facet normal 0 1 0
outer loop
vertex -32.64676333333333 16.949753333333334 9.971243333333334
vertex -47.99998 16.949753333333334 10.000305
vertex -22.449828333333336 16.949753333333334 10.000305
endloop
endfacet
facet normal 0 0.9999999999999999 0
outer loop
vertex 0 16.949753333333334 9.97619
vertex -17.550155 16.949753333333334 10.000305
vertex 17.550155 16.949753333333334 10.000305
endloop
endfacet
facet normal 0 1 0
outer loop
vertex 0 16.949753333333334 9.97619
vertex 17.550155 16.949753333333334 10.000305
vertex 17.61879 16.949753333333334 10.000305
endloop
endfacet
facet normal 0 0.9999999999999999 0
outer loop
vertex 0 16.949753333333334 9.97619
vertex 17.61879 16.949753333333334 10.000305
vertex 17.597148333333333 16.949753333333334 9.92796
endloop
endfacet
facet normal 0 1 0
outer loop
vertex 0 16.949753333333334 9.97619
vertex 17.597148333333333 16.949753333333334 9.92796
vertex -17.597148333333333 16.949753333333334 9.92796
endloop
endfacet
facet normal 0 0.9999999999999999 0
outer loop
vertex 0 16.949753333333334 9.97619
vertex -17.597148333333333 16.949753333333334 9.92796
vertex -17.61879 16.949753333333334 10.000305
endloop
endfacet
facet normal 0 1 0
outer loop
vertex 0 16.949753333333334 9.97619
vertex -17.61879 16.949753333333334 10.000305
vertex -17.550155 16.949753333333334 10.000305
endloop
endfacet
facet normal 0 1 0
outer loop
vertex 32.64676333333333 16.949753333333334 9.971243333333334
vertex 22.449828333333336 16.949753333333334 10.000305
vertex 47.99998 16.949753333333334 10.000305
endloop
endfacet
facet normal 0 1 0
outer loop
vertex 32.64676333333333 16.949753333333334 9.971243333333334
vertex 47.99998 16.949753333333334 10.000305
vertex 47.99998 16.949753333333334 9.92796
endloop
endfacet
facet normal 0 1 0
outer loop
vertex 32.64676333333333 16.949753333333334 9.971243333333334
vertex 47.99998 16.949753333333334 9.92796
vertex 22.402835 16.949753333333334 9.92796
endloop
endfacet
facet normal 0 1 0
outer loop
vertex 32.64676333333333 16.949753333333334 9.971243333333334
vertex 22.402835 16.949753333333334 9.92796
vertex 22.381193333333336 16.949753333333334 10.000305
endloop
endfacet
facet normal 0 1 0
outer loop
vertex 32.64676333333333 16.949753333333334 9.971243333333334
vertex 22.381193333333336 16.949753333333334 10.000305
vertex 22.449828333333336 16.949753333333334 10.000305
endloop
endfacet
facet normal 0 0.9999999999999999 0
outer loop
vertex -22.402835 16.949753333333334 9.92796
vertex -22.449828333333336 16.949753333333334 9.449988333333334
vertex -47.99998 16.949753333333334 9.449988333333334
endloop
endfacet
facet normal 0 1 0
outer loop
vertex -22.402835 16.949753333333334 9.92796
vertex -47.99998 16.949753333333334 9.449988333333334
vertex -47.99998 16.949753333333334 9.92796
endloop
endfacet
facet normal 0 0.9999999999999999 0
outer loop
vertex 17.597148333333333 16.949753333333334 9.92796
vertex 17.550155 16.949753333333334 9.449988333333334
vertex -17.550155 16.949753333333334 9.449988333333334
endloop
endfacet
facet normal 0 1 0
outer loop
vertex 17.597148333333333 16.949753333333334 9.92796
vertex -17.550155 16.949753333333334 9.449988333333334
vertex -17.597148333333333 16.949753333333334 9.92796
endloop
endfacet
facet normal 0 0.9999999999999999 0
outer loop
vertex 47.99998 16.949753333333334 9.92796
vertex 47.99998 16.949753333333334 9.449988333333334
vertex 22.449828333333336 16.949753333333334 9.449988333333334
endloop
endfacet
facet normal 0 1 0
outer loop
vertex 47.99998 16.949753333333334 9.92796
vertex 22.449828333333336 16.949753333333334 9.449988333333334
vertex 22.402835 16.949753333333334 9.92796
endloop
endfacet
facet normal 0 1 0
outer loop
vertex -22.449828333333336 16.949753333333334 9.449988333333334
vertex -22.402835 16.949753333333334 8.972016666666667
vertex -47.99998 16.949753333333334 8.972016666666667
endloop
endfacet
facet normal 0 0.9999999999999999 0
outer loop
vertex -22.449828333333336 16.949753333333334 9.449988333333334
vertex -47.99998 16.949753333333334 8.972016666666667
vertex -47.99998 16.949753333333334 9.449988333333334
endloop
endfacet
facet normal 0 1 0
outer loop
vertex 17.550155 16.949753333333334 9.449988333333334
vertex 17.597148333333333 16.949753333333334 8.972016666666667
vertex -17.597148333333333 16.949753333333334 8.972016666666667
endloop
endfacet
facet normal 0 1 0
outer loop
vertex 17.550155 16.949753333333334 9.449988333333334
vertex -17.597148333333333 16.949753333333334 8.972016666666667
vertex -17.550155 16.949753333333334 9.449988333333334
endloop
endfacet
facet normal 0 1 0
outer loop
vertex 47.99998 16.949753333333334 9.449988333333334
vertex 47.99998 16.949753333333334 8.972016666666667
vertex 22.402835 16.949753333333334 8.972016666666667
endloop
endfacet
facet normal 0 0.9999999999999999 0
outer loop
vertex 47.99998 16.949753333333334 9.449988333333334
vertex 22.402835 16.949753333333334 8.972016666666667
vertex 22.449828333333336 16.949753333333334 9.449988333333334
endloop
endfacet
facet normal 0 1 0
outer loop
vertex -22.402835 16.949753333333334 8.972016666666667
vertex -22.26371 16.949753333333334 8.512595000000001
vertex -47.99998 16.949753333333334 8.512595000000001
endloop
endfacet
facet normal 0 1 0
outer loop
vertex -22.402835 16.949753333333334 8.972016666666667
vertex -47.99998 16.949753333333334 8.512595000000001
vertex -47.99998 16.949753333333334 8.972016666666667
endloop
endfacet
facet normal 0 1 0
outer loop
vertex 17.597148333333333 16.949753333333334 8.972016666666667
vertex 17.736273333333333 16.949753333333334 8.512595000000001
vertex -17.736273333333333 16.949753333333334 8.512595000000001
endloop
endfacet
facet normal 0 1 0
outer loop
vertex 17.597148333333333 16.949753333333334 8.972016666666667
vertex -17.736273333333333 16.949753333333334 8.512595000000001
vertex -17.597148333333333 16.949753333333334 8.972016666666667
endloop
endfacet
facet normal 0 1 0
outer loop
vertex 47.99998 16.949753333333334 8.972016666666667
vertex 47.99998 16.949753333333334 8.512595000000001
vertex 22.26371 16.949753333333334 8.512595000000001
endloop
endfacet
facet normal 0 1 0
outer loop
vertex 47.99998 16.949753333333334 8.972016666666667
vertex 22.26371 16.949753333333334 8.512595000000001
vertex 22.402835 16.949753333333334 8.972016666666667
endloop
endfacet
facet normal 0 1 0
outer loop
vertex -22.26371 16.949753333333334 8.512595000000001
vertex -22.0374 16.949753333333334 8.089036666666667
vertex -47.99998 16.949753333333334 8.089036666666667
endloop
endfacet
facet normal 0 1 0
outer loop
vertex -22.26371 16.949753333333334 8.512595000000001
vertex -47.99998 16.949753333333334 8.089036666666667
vertex -47.99998 16.949753333333334 8.512595000000001
endloop
endfacet
facet normal 0 0.9999999999999999 0
outer loop
vertex 17.736273333333333 16.949753333333334 8.512595000000001
vertex 17.963201666666667 16.949753333333334 8.089036666666667
vertex -17.963201666666667 16.949753333333334 8.089036666666667
endloop
endfacet
facet normal 0 1 0
outer loop
vertex 17.736273333333333 16.949753333333334 8.512595000000001
vertex -17.963201666666667 16.949753333333334 8.089036666666667
vertex -17.736273333333333 16.949753333333334 8.512595000000001
endloop
endfacet
facet normal 0 1 0
outer loop
vertex 47.99998 16.949753333333334 8.512595000000001
vertex 47.99998 16.949753333333334 8.089036666666667
vertex 22.0374 16.949753333333334 8.089036666666667
endloop
endfacet
facet normal 0 1 0
outer loop
vertex 47.99998 16.949753333333334 8.512595000000001
vertex 22.0374 16.949753333333334 8.089036666666667
vertex 22.26371 16.949753333333334 8.512595000000001
endloop
endfacet
facet normal 0 1 0
outer loop
vertex -22.0374 16.949753333333334 8.089036666666667
vertex -21.73256166666667 16.949753333333334 7.717418333333334
vertex -47.99998 16.949753333333334 7.717418333333334
endloop
endfacet
facet normal 0 1 0
outer loop
vertex -22.0374 16.949753333333334 8.089036666666667
vertex -47.99998 16.949753333333334 7.717418333333334
vertex -47.99998 16.949753333333334 8.089036666666667
endloop
endfacet
facet normal 0 1 0
outer loop
vertex 17.963201666666667 16.949753333333334 8.089036666666667
vertex 18.267421666666667 16.949753333333334 7.717418333333334
vertex -18.267421666666667 16.949753333333334 7.717418333333334
endloop
endfacet
facet normal 0 1 0
outer loop
vertex 17.963201666666667 16.949753333333334 8.089036666666667
vertex -18.267421666666667 16.949753333333334 7.717418333333334
vertex -17.963201666666667 16.949753333333334 8.089036666666667
endloop
endfacet
facet normal 0 1 0
outer loop
vertex 47.99998 16.949753333333334 8.089036666666667
vertex 47.99998 16.949753333333334 7.717418333333334
vertex 21.73256166666667 16.949753333333334 7.717418333333334
endloop
endfacet
facet normal 0 1 0
outer loop
vertex 47.99998 16.949753333333334 8.089036666666667
vertex 21.73256166666667 16.949753333333334 7.717418333333334
vertex 22.0374 16.949753333333334 8.089036666666667
endloop
endfacet
facet normal 0 1 0
outer loop
vertex -21.73256166666667 16.949753333333334 7.717418333333334
vertex -21.360943333333335 16.949753333333334 7.413198333333334
vertex -47.99998 16.949753333333334 7.413198333333334
endloop
endfacet
facet normal 0 1 0
outer loop
vertex -21.73256166666667 16.949753333333334 7.717418333333334
vertex -47.99998 16.949753333333334 7.413198333333334
vertex -47.99998 16.949753333333334 7.717418333333334
endloop
endfacet
facet normal 0 1 0
outer loop
vertex 18.267421666666667 16.949753333333334 7.717418333333334
vertex 18.63904 16.949753333333334 7.413198333333334
vertex -18.63904 16.949753333333334 7.413198333333334
endloop
endfacet
facet normal 0 1 0
outer loop
vertex 18.267421666666667 16.949753333333334 7.717418333333334
vertex -18.63904 16.949753333333334 7.413198333333334
vertex -18.267421666666667 16.949753333333334 7.717418333333334
endloop
endfacet
facet normal 0 1 0
outer loop
vertex 47.99998 16.949753333333334 7.717418333333334
vertex 47.99998 16.949753333333334 7.413198333333334
vertex 21.360943333333335 16.949753333333334 7.413198333333334
endloop
endfacet
facet normal 0 1 0
outer loop
vertex 47.99998 16.949753333333334 7.717418333333334
vertex 21.360943333333335 16.949753333333334 7.413198333333334
vertex 21.73256166666667 16.949753333333334 7.717418333333334
endloop
endfacet
facet normal 0 1 0
outer loop
vertex -21.360943333333335 16.949753333333334 7.413198333333334
vertex -20.937385000000003 16.949753333333334 7.18627
vertex -47.99998 16.949753333333334 7.18627
endloop
endfacet
facet normal 0 1 0
outer loop
vertex -21.360943333333335 16.949753333333334 7.413198333333334
vertex -47.99998 16.949753333333334 7.18627
vertex -47.99998 16.949753333333334 7.413198333333334
endloop
endfacet
facet normal 0 0.9999999999999999 0
outer loop
vertex 18.63904 16.949753333333334 7.413198333333334
vertex 19.062598333333334 16.949753333333334 7.18627
vertex -19.062598333333334 16.949753333333334 7.18627
endloop
endfacet
facet normal 0 1 0
outer loop
vertex 18.63904 16.949753333333334 7.413198333333334
vertex -19.062598333333334 16.949753333333334 7.18627
vertex -18.63904 16.949753333333334 7.413198333333334
endloop
endfacet
facet normal 0 1 0
outer loop
vertex 47.99998 16.949753333333334 7.413198333333334
vertex 47.99998 16.949753333333334 7.18627
vertex 20.937385000000003 16.949753333333334 7.18627
endloop
endfacet
facet normal 0 1 0
outer loop
vertex 47.99998 16.949753333333334 7.413198333333334
vertex 20.937385000000003 16.949753333333334 7.18627
vertex 21.360943333333335 16.949753333333334 7.413198333333334
endloop
endfacet
facet normal 0 1 0
outer loop
vertex -20.937385000000003 16.949753333333334 7.18627
vertex -20.477963333333335 16.949753333333334 7.047145
vertex -47.99998 16.949753333333334 7.047145
endloop
endfacet
facet normal 0 1 0
outer loop
vertex -20.937385000000003 16.949753333333334 7.18627
vertex -47.99998 16.949753333333334 7.047145
vertex -47.99998 16.949753333333334 7.18627
endloop
endfacet
facet normal 0 1 0
outer loop
vertex 19.062598333333334 16.949753333333334 7.18627
vertex 19.52202 16.949753333333334 7.047145
vertex -19.52202 16.949753333333334 7.047145
endloop
endfacet
facet normal 0 1 0
outer loop
vertex 19.062598333333334 16.949753333333334 7.18627
vertex -19.52202 16.949753333333334 7.047145
vertex -19.062598333333334 16.949753333333334 7.18627
endloop
endfacet
facet normal 0 1 0
outer loop
vertex 47.99998 16.949753333333334 7.18627
vertex 47.99998 16.949753333333334 7.047145
vertex 20.477963333333335 16.949753333333334 7.047145
endloop
endfacet
facet normal 0 1 0
outer loop
vertex 47.99998 16.949753333333334 7.18627
vertex 20.477963333333335 16.949753333333334 7.047145
vertex 20.937385000000003 16.949753333333334 7.18627
endloop
endfacet
facet normal 0 0.9999999999999999 0
outer loop
vertex -20.477963333333335 16.949753333333334 7.047145
vertex -19.999991666666666 16.949753333333334 7.000151666666667
vertex -47.99998 16.949753333333334 7.000151666666667
endloop
endfacet
facet normal 0 1 0
outer loop
vertex -20.477963333333335 16.949753333333334 7.047145
vertex -47.99998 16.949753333333334 7.000151666666667
vertex -47.99998 16.949753333333334 7.047145
endloop
endfacet
facet normal 0 1 0
outer loop
vertex 19.52202 16.949753333333334 7.047145
vertex 19.999991666666666 16.949753333333334 7.000151666666667
vertex -19.999991666666666 16.949753333333334 7.000151666666667
endloop
endfacet
facet normal 0 0.9999999999999999 0
outer loop
vertex 19.52202 16.949753333333334 7.047145
vertex -19.999991666666666 16.949753333333334 7.000151666666667
vertex -19.52202 16.949753333333334 7.047145
endloop
endfacet
facet normal 0 0.9999999999999999 0
outer loop
vertex 47.99998 16.949753333333334 7.047145
vertex 47.99998 16.949753333333334 7.000151666666667
vertex 19.999991666666666 16.949753333333334 7.000151666666667
endloop
endfacet
facet normal 0 1 0
outer loop
vertex 47.99998 16.949753333333334 7.047145
vertex 19.999991666666666 16.949753333333334 7.000151666666667
vertex 20.477963333333335 16.949753333333334 7.047145
endloop
endfacet
facet normal 0 1 0
outer loop
vertex 0 16.949753333333334 4.6665616666666665
vertex -19.999991666666666 16.949753333333334 7.000151666666667
vertex 19.999991666666666 16.949753333333334 7.000151666666667
endloop
endfacet
facet normal 0 0.9999999999999999 0
outer loop
vertex 0 16.949753333333334 4.6665616666666665
vertex 19.999991666666666 16.949753333333334 7.000151666666667
vertex 47.99998 16.949753333333334 7.000151666666667
endloop
endfacet
facet normal 0 1 0
outer loop
vertex 0 16.949753333333334 4.6665616666666665
vertex 47.99998 16.949753333333334 7.000151666666667
vertex 47.99998 16.949753333333334 0
endloop
endfacet
facet normal 0 1 0
outer loop
vertex 0 16.949753333333334 4.6665616666666665
vertex 47.99998 16.949753333333334 0
vertex -47.99998 16.949753333333334 0
endloop
endfacet
facet normal 0 1 0
outer loop
vertex 0 16.949753333333334 4.6665616666666665
vertex -47.99998 16.949753333333334 0
vertex -47.99998 16.949753333333334 7.000151666666667
endloop
endfacet
facet normal 0 0.9999999999999999 0
outer loop
vertex 0 16.949753333333334 4.6665616666666665
vertex -47.99998 16.949753333333334 7.000151666666667
vertex -19.999991666666666 16.949753333333334 7.000151666666667
endloop
endfacet
facet normal 0.9952015221715432 0 0.09784646272320364
outer loop
vertex 42.40282666666667 22.250106666666667 29.92795166666667
vertex 42.40282666666667 16.949753333333334 29.92795166666667
vertex 42.44982 16.949753333333334 29.44998
endloop
endfacet
facet normal 0.9952015221715432 0 0.09784646272320364
outer loop
vertex 42.40282666666667 22.250106666666667 29.92795166666667
vertex 42.44982 16.949753333333334 29.44998
vertex 42.44982 22.250106666666667 29.44998
endloop
endfacet
facet normal -0.9952015221715432 0 0.09784646272320364
outer loop
vertex 37.55014666666667 22.250106666666667 29.44998
vertex 37.55014666666667 16.949753333333334 29.44998
vertex 37.59714 16.949753333333334 29.92795166666667
endloop
endfacet
facet normal -0.9952015221715432 0 0.09784646272320364
outer loop
vertex 37.55014666666667 22.250106666666667 29.44998
vertex 37.59714 16.949753333333334 29.92795166666667
vertex 37.59714 22.250106666666667 29.92795166666667
endloop
endfacet
facet normal -0.9952015221715431 0 -0.09784646272320438
outer loop
vertex 37.59714 22.250106666666667 28.972008333333335
vertex 37.59714 16.949753333333334 28.972008333333335
vertex 37.55014666666667 16.949753333333334 29.44998
endloop
endfacet
facet normal -0.9952015221715431 0 -0.09784646272320438
outer loop
vertex 37.59714 22.250106666666667 28.972008333333335
vertex 37.55014666666667 16.949753333333334 29.44998
vertex 37.55014666666667 22.250106666666667 29.44998
endloop
endfacet
facet normal -0.9570785562531489 0 -0.2898286341278035
outer loop
vertex 37.736265 22.250106666666667 28.512586666666667
vertex 37.736265 16.949753333333334 28.512586666666667
vertex 37.59714 16.949753333333334 28.972008333333335
endloop
endfacet
facet normal -0.9570785562531489 0 -0.2898286341278035
outer loop
vertex 37.736265 22.250106666666667 28.512586666666667
vertex 37.59714 16.949753333333334 28.972008333333335
vertex 37.59714 22.250106666666667 28.972008333333335
endloop
endfacet
facet normal -0.8814608394123469 0 -0.4722571212617987
outer loop
vertex 37.96319333333334 22.250106666666667 28.089028333333335
vertex 37.96319333333334 16.949753333333334 28.089028333333335
vertex 37.736265 16.949753333333334 28.512586666666667
endloop
endfacet
facet normal -0.8814608394123469 0 -0.4722571212617987
outer loop
vertex 37.96319333333334 22.250106666666667 28.089028333333335
vertex 37.736265 16.949753333333334 28.512586666666667
vertex 37.736265 22.250106666666667 28.512586666666667
endloop
endfacet
facet normal -0.7737851795547199 0 -0.6334481004008694
outer loop
vertex 38.26741333333334 22.250106666666667 27.71741
vertex 38.26741333333334 16.949753333333334 27.71741
vertex 37.96319333333334 16.949753333333334 28.089028333333335
endloop
endfacet
facet normal -0.7737851795547199 0 -0.6334481004008694
outer loop
vertex 38.26741333333334 22.250106666666667 27.71741
vertex 37.96319333333334 16.949753333333334 28.089028333333335
vertex 37.96319333333334 22.250106666666667 28.089028333333335
endloop
endfacet
facet normal -0.633448100400873 0 -0.7737851795547169
outer loop
vertex 38.63903166666667 22.250106666666667 27.41319
vertex 38.63903166666667 16.949753333333334 27.41319
vertex 38.26741333333334 16.949753333333334 27.71741
endloop
endfacet
facet normal -0.633448100400873 0 -0.7737851795547169
outer loop
vertex 38.63903166666667 22.250106666666667 27.41319
vertex 38.26741333333334 16.949753333333334 27.71741
vertex 38.26741333333334 22.250106666666667 27.71741
endloop
endfacet
facet normal -0.4722571212617987 0 -0.8814608394123469
outer loop
vertex 39.06259 22.250106666666667 27.186261666666667
vertex 39.06259 16.949753333333334 27.186261666666667
vertex 38.63903166666667 16.949753333333334 27.41319
endloop
endfacet
facet normal -0.4722571212617987 0 -0.8814608394123469
outer loop
vertex 39.06259 22.250106666666667 27.186261666666667
vertex 38.63903166666667 16.949753333333334 27.41319
vertex 38.63903166666667 22.250106666666667 27.41319
endloop
endfacet
facet normal -0.2898286341278014 0 -0.9570785562531495
outer loop
vertex 39.52201166666667 22.250106666666667 27.047136666666667
vertex 39.52201166666667 16.949753333333334 27.047136666666667
vertex 39.06259 16.949753333333334 27.186261666666667
endloop
endfacet
facet normal -0.2898286341278014 0 -0.9570785562531495
outer loop
vertex 39.52201166666667 22.250106666666667 27.047136666666667
vertex 39.06259 16.949753333333334 27.186261666666667
vertex 39.06259 22.250106666666667 27.186261666666667
endloop
endfacet
facet normal -0.0978464627232051 0 -0.9952015221715431
outer loop
vertex 39.99998333333333 22.250106666666667 27.000143333333334
vertex 39.99998333333333 16.949753333333334 27.000143333333334
vertex 39.52201166666667 16.949753333333334 27.047136666666667
endloop
endfacet
facet normal -0.0978464627232051 0 -0.9952015221715431
outer loop
vertex 39.99998333333333 22.250106666666667 27.000143333333334
vertex 39.52201166666667 16.949753333333334 27.047136666666667
vertex 39.52201166666667 22.250106666666667 27.047136666666667
endloop
endfacet
facet normal 0.09784646272320364 0 -0.9952015221715432
outer loop
vertex 40.477955 22.250106666666667 27.047136666666667
vertex 40.477955 16.949753333333334 27.047136666666667
vertex 39.99998333333333 16.949753333333334 27.000143333333334
endloop
endfacet
facet normal 0.09784646272320364 0 -0.9952015221715432
outer loop
vertex 40.477955 22.250106666666667 27.047136666666667
vertex 39.99998333333333 16.949753333333334 27.000143333333334
vertex 39.99998333333333 22.250106666666667 27.000143333333334
endloop
endfacet
facet normal 0.2898286341278056 0 -0.9570785562531483
outer loop
vertex 40.937376666666665 22.250106666666667 27.186261666666667
vertex 40.937376666666665 16.949753333333334 27.186261666666667
vertex 40.477955 16.949753333333334 27.047136666666667
endloop
endfacet
facet normal 0.2898286341278056 0 -0.9570785562531483
outer loop
vertex 40.937376666666665 22.250106666666667 27.186261666666667
vertex 40.477955 16.949753333333334 27.047136666666667
vertex 40.477955 22.250106666666667 27.047136666666667
endloop
endfacet
facet normal 0.4722571212617925 0 -0.8814608394123499
outer loop
vertex 41.360935000000005 22.250106666666667 27.41319
vertex 41.360935000000005 16.949753333333334 27.41319
vertex 40.937376666666665 16.949753333333334 27.186261666666667
endloop
endfacet
facet normal 0.4722571212617925 0 -0.8814608394123499
outer loop
vertex 41.360935000000005 22.250106666666667 27.41319
vertex 40.937376666666665 16.949753333333334 27.186261666666667
vertex 40.937376666666665 22.250106666666667 27.186261666666667
endloop
endfacet
facet normal 0.633448100400873 0 -0.7737851795547169
outer loop
vertex 41.732553333333335 22.250106666666667 27.71741
vertex 41.732553333333335 16.949753333333334 27.71741
vertex 41.360935000000005 16.949753333333334 27.41319
endloop
endfacet
facet normal 0.633448100400873 0 -0.7737851795547169
outer loop
vertex 41.732553333333335 22.250106666666667 27.71741
vertex 41.360935000000005 16.949753333333334 27.41319
vertex 41.360935000000005 22.250106666666667 27.41319
endloop
endfacet
facet normal 0.7731542409814064 0 -0.6342180379431551
outer loop
vertex 42.03739166666667 22.250106666666667 28.089028333333335
vertex 42.03739166666667 16.949753333333334 28.089028333333335
vertex 41.732553333333335 16.949753333333334 27.71741
endloop
endfacet
facet normal 0.7731542409814064 0 -0.6342180379431551
outer loop
vertex 42.03739166666667 22.250106666666667 28.089028333333335
vertex 41.732553333333335 16.949753333333334 27.71741
vertex 41.732553333333335 22.250106666666667 27.71741
endloop
endfacet
facet normal 0.881996262960288 0 -0.4712563974357128
outer loop
vertex 42.26370166666667 22.250106666666667 28.512586666666667
vertex 42.26370166666667 16.949753333333334 28.512586666666667
vertex 42.03739166666667 16.949753333333334 28.089028333333335
endloop
endfacet
facet normal 0.881996262960288 0 -0.4712563974357128
outer loop
vertex 42.26370166666667 22.250106666666667 28.512586666666667
vertex 42.03739166666667 16.949753333333334 28.089028333333335
vertex 42.03739166666667 22.250106666666667 28.089028333333335
endloop
endfacet
facet normal 0.9570785562531489 0 -0.2898286341278035
outer loop
vertex 42.40282666666667 22.250106666666667 28.972008333333335
vertex 42.40282666666667 16.949753333333334 28.972008333333335
vertex 42.26370166666667 16.949753333333334 28.512586666666667
endloop
endfacet
facet normal 0.9570785562531489 0 -0.2898286341278035
outer loop
vertex 42.40282666666667 22.250106666666667 28.972008333333335
vertex 42.26370166666667 16.949753333333334 28.512586666666667
vertex 42.26370166666667 22.250106666666667 28.512586666666667
endloop
endfacet
facet normal 0.9952015221715431 0 -0.09784646272320438
outer loop
vertex 42.44982 22.250106666666667 29.44998
vertex 42.44982 16.949753333333334 29.44998
vertex 42.40282666666667 16.949753333333334 28.972008333333335
endloop
endfacet
facet normal 0.9952015221715431 0 -0.09784646272320438
outer loop
vertex 42.44982 22.250106666666667 29.44998
vertex 42.40282666666667 16.949753333333334 28.972008333333335
vertex 42.40282666666667 22.250106666666667 28.972008333333335
endloop
endfacet
facet normal 0.9580513614401335 0 0.2865965611145859
outer loop
vertex 42.381185 16.949753333333334 30.000296666666667
vertex 42.40282666666667 16.949753333333334 29.92795166666667
vertex 42.40282666666667 22.250106666666667 29.92795166666667
endloop
endfacet
facet normal 0.9580513614401335 0 0.2865965611145859
outer loop
vertex 42.381185 16.949753333333334 30.000296666666667
vertex 42.40282666666667 22.250106666666667 29.92795166666667
vertex 42.381185 22.250106666666667 30.000296666666667
endloop
endfacet
facet normal -0.9580513614401335 0 0.2865965611145859
outer loop
vertex 37.59714 22.250106666666667 29.92795166666667
vertex 37.59714 16.949753333333334 29.92795166666667
vertex 37.61878166666667 16.949753333333334 30.000296666666667
endloop
endfacet
facet normal -0.9580513614401335 0 0.2865965611145859
outer loop
vertex 37.59714 22.250106666666667 29.92795166666667
vertex 37.61878166666667 16.949753333333334 30.000296666666667
vertex 37.61878166666667 22.250106666666667 30.000296666666667
endloop
endfacet
facet normal -1 0 0
outer loop
vertex 37.55014666666667 22.529593333333334 31.199863333333337
vertex 37.55014666666667 28.249795000000002 32.999831666666665
vertex 37.55014666666667 28.249795000000002 30.000296666666667
endloop
endfacet
facet normal -1 0 0
outer loop
vertex 37.55014666666667 22.529593333333334 31.199863333333337
vertex 37.55014666666667 28.249795000000002 30.000296666666667
vertex 37.55014666666667 22.250106666666667 30.000296666666667
endloop
endfacet
facet normal -1 0 0
outer loop
vertex 37.55014666666667 22.529593333333334 31.199863333333337
vertex 37.55014666666667 22.250106666666667 30.000296666666667
vertex 37.55014666666667 16.949753333333334 30.000296666666667
endloop
endfacet
facet normal -1 0 0
outer loop
vertex 37.55014666666667 22.529593333333334 31.199863333333337
vertex 37.55014666666667 16.949753333333334 30.000296666666667
vertex 37.55014666666667 16.949753333333334 32.999831666666665
endloop
endfacet
facet normal -1 0 0
outer loop
vertex 37.55014666666667 22.529593333333334 31.199863333333337
vertex 37.55014666666667 16.949753333333334 32.999831666666665
vertex 37.55014666666667 28.249795000000002 32.999831666666665
endloop
endfacet
facet normal -1 0 0
outer loop
vertex 37.55014666666667 23.107116666666666 27.522635
vertex 37.55014666666667 28.249795000000002 30.000296666666667
vertex 37.55014666666667 28.249795000000002 22.000300000000003
endloop
endfacet
facet normal -1 0 0
outer loop
vertex 37.55014666666667 23.107116666666666 27.522635
vertex 37.55014666666667 28.249795000000002 22.000300000000003
vertex 37.55014666666667 22.250106666666667 22.000300000000003
endloop
endfacet
facet normal -1 0 0
outer loop
vertex 37.55014666666667 23.107116666666666 27.522635
vertex 37.55014666666667 22.250106666666667 22.000300000000003
vertex 37.55014666666667 22.250106666666667 27.000143333333334
endloop
endfacet
facet normal -1 0 0
outer loop
vertex 37.55014666666667 23.107116666666666 27.522635
vertex 37.55014666666667 22.250106666666667 27.000143333333334
vertex 37.55014666666667 22.250106666666667 27.047136666666667
endloop
endfacet
facet normal -1 0 0
outer loop
vertex 37.55014666666667 23.107116666666666 27.522635
vertex 37.55014666666667 22.250106666666667 27.047136666666667
vertex 37.55014666666667 22.250106666666667 27.186261666666667
endloop
endfacet
facet normal -0.9999999999999999 0 0
outer loop
vertex 37.55014666666667 23.107116666666666 27.522635
vertex 37.55014666666667 22.250106666666667 27.186261666666667
vertex 37.55014666666667 22.250106666666667 27.41319
endloop
endfacet
facet normal -1 0 0
outer loop
vertex 37.55014666666667 23.107116666666666 27.522635
vertex 37.55014666666667 22.250106666666667 27.41319
vertex 37.55014666666667 22.250106666666667 27.71741
endloop
endfacet
facet normal -1 0 0
outer loop
vertex 37.55014666666667 23.107116666666666 27.522635
vertex 37.55014666666667 22.250106666666667 27.71741
vertex 37.55014666666667 22.250106666666667 28.089028333333335
endloop
endfacet
facet normal -1 0 0
outer loop
vertex 37.55014666666667 23.107116666666666 27.522635
vertex 37.55014666666667 22.250106666666667 28.089028333333335
vertex 37.55014666666667 22.250106666666667 28.512586666666667
endloop
endfacet
facet normal -1 0 0
outer loop
vertex 37.55014666666667 23.107116666666666 27.522635
vertex 37.55014666666667 22.250106666666667 28.512586666666667
vertex 37.55014666666667 22.250106666666667 28.972008333333335
endloop
endfacet
facet normal -1 0 0
outer loop
vertex 37.55014666666667 23.107116666666666 27.522635
vertex 37.55014666666667 22.250106666666667 28.972008333333335
vertex 37.55014666666667 22.250106666666667 29.44998
endloop
endfacet
facet normal -1 0 0
outer loop
vertex 37.55014666666667 23.107116666666666 27.522635
vertex 37.55014666666667 22.250106666666667 29.44998
vertex 37.55014666666667 22.250106666666667 29.92795166666667
endloop
endfacet
facet normal -1 0 0
outer loop
vertex 37.55014666666667 23.107116666666666 27.522635
vertex 37.55014666666667 22.250106666666667 29.92795166666667
vertex 37.55014666666667 22.250106666666667 30.000296666666667
endloop
endfacet
facet normal -1 0 0
outer loop
vertex 37.55014666666667 23.107116666666666 27.522635
vertex 37.55014666666667 22.250106666666667 30.000296666666667
vertex 37.55014666666667 28.249795000000002 30.000296666666667
endloop
endfacet
facet normal 1 0 0
outer loop
vertex 42.44982 22.529593333333334 31.199863333333337
vertex 42.44982 16.949753333333334 32.999831666666665
vertex 42.44982 16.949753333333334 30.000296666666667
endloop
endfacet
facet normal 1 0 0
outer loop
vertex 42.44982 22.529593333333334 31.199863333333337
vertex 42.44982 16.949753333333334 30.000296666666667
vertex 42.44982 22.250106666666667 30.000296666666667
endloop
endfacet
facet normal 1 0 0
outer loop
vertex 42.44982 22.529593333333334 31.199863333333337
vertex 42.44982 22.250106666666667 30.000296666666667
vertex 42.44982 28.249795000000002 30.000296666666667
endloop
endfacet
facet normal 1 0 0
outer loop
vertex 42.44982 22.529593333333334 31.199863333333337
vertex 42.44982 28.249795000000002 30.000296666666667
vertex 42.44982 28.249795000000002 32.999831666666665
endloop
endfacet
facet normal 1 0 0
outer loop
vertex 42.44982 22.529593333333334 31.199863333333337
vertex 42.44982 28.249795000000002 32.999831666666665
vertex 42.44982 16.949753333333334 32.999831666666665
endloop
endfacet
facet normal 1 0 0
outer loop
vertex 42.44982 23.107116666666666 27.522635
vertex 42.44982 22.250106666666667 30.000296666666667
vertex 42.44982 22.250106666666667 29.92795166666667
endloop
endfacet
facet normal 1 0 0
outer loop
vertex 42.44982 23.107116666666666 27.522635
vertex 42.44982 22.250106666666667 29.92795166666667
vertex 42.44982 22.250106666666667 29.44998
endloop
endfacet
facet normal 1 0 0
outer loop
vertex 42.44982 23.107116666666666 27.522635
vertex 42.44982 22.250106666666667 29.44998
vertex 42.44982 22.250106666666667 28.972008333333335
endloop
endfacet
facet normal 1 0 0
outer loop
vertex 42.44982 23.107116666666666 27.522635
vertex 42.44982 22.250106666666667 28.972008333333335
vertex 42.44982 22.250106666666667 28.512586666666667
endloop
endfacet
facet normal 1 0 0
outer loop
vertex 42.44982 23.107116666666666 27.522635
vertex 42.44982 22.250106666666667 28.512586666666667
vertex 42.44982 22.250106666666667 28.089028333333335
endloop
endfacet
facet normal 1 0 0
outer loop
vertex 42.44982 23.107116666666666 27.522635
vertex 42.44982 22.250106666666667 28.089028333333335
vertex 42.44982 22.250106666666667 27.71741
endloop
endfacet
facet normal 1 0 0
outer loop
vertex 42.44982 23.107116666666666 27.522635
vertex 42.44982 22.250106666666667 27.71741
vertex 42.44982 22.250106666666667 27.41319
endloop
endfacet
facet normal 0.9999999999999999 0 0
outer loop
vertex 42.44982 23.107116666666666 27.522635
vertex 42.44982 22.250106666666667 27.41319
vertex 42.44982 22.250106666666667 27.186261666666667
endloop
endfacet
facet normal 1 0 0
outer loop
vertex 42.44982 23.107116666666666 27.522635
vertex 42.44982 22.250106666666667 27.186261666666667
vertex 42.44982 22.250106666666667 27.047136666666667
endloop
endfacet
facet normal 1 0 0
outer loop
vertex 42.44982 23.107116666666666 27.522635
vertex 42.44982 22.250106666666667 27.047136666666667
vertex 42.44982 22.250106666666667 27.000143333333334
endloop
endfacet
facet normal 1 0 0
outer loop
vertex 42.44982 23.107116666666666 27.522635
vertex 42.44982 22.250106666666667 27.000143333333334
vertex 42.44982 22.250106666666667 22.000300000000003
endloop
endfacet
facet normal 1 0 0
outer loop
vertex 42.44982 23.107116666666666 27.522635
vertex 42.44982 22.250106666666667 22.000300000000003
vertex 42.44982 28.249795000000002 22.000300000000003
endloop
endfacet
facet normal 1 0 0
outer loop
vertex 42.44982 23.107116666666666 27.522635
vertex 42.44982 28.249795000000002 22.000300000000003
vertex 42.44982 28.249795000000002 30.000296666666667
endloop
endfacet
facet normal 1 0 0
outer loop
vertex 42.44982 23.107116666666666 27.522635
vertex 42.44982 28.249795000000002 30.000296666666667
vertex 42.44982 22.250106666666667 30.000296666666667
endloop
endfacet
facet normal 0 1 0
outer loop
vertex -39.99998333333333 28.249795000000002 28.333270000000002
vertex -37.55014666666667 28.249795000000002 32.999831666666665
vertex -37.55014666666667 28.249795000000002 30.000296666666667
endloop
endfacet
facet normal 0 1 0
outer loop
vertex -39.99998333333333 28.249795000000002 28.333270000000002
vertex -37.55014666666667 28.249795000000002 30.000296666666667
vertex -37.55014666666667 28.249795000000002 22.000300000000003
endloop
endfacet
facet normal 0 1 0
outer loop
vertex -39.99998333333333 28.249795000000002 28.333270000000002
vertex -37.55014666666667 28.249795000000002 22.000300000000003
vertex -42.44982 28.249795000000002 22.000300000000003
endloop
endfacet
facet normal 0 1 0
outer loop
vertex -39.99998333333333 28.249795000000002 28.333270000000002
vertex -42.44982 28.249795000000002 22.000300000000003
vertex -42.44982 28.249795000000002 30.000296666666667
endloop
endfacet
facet normal 0 1 0
outer loop
vertex -39.99998333333333 28.249795000000002 28.333270000000002
vertex -42.44982 28.249795000000002 30.000296666666667
vertex -42.44982 28.249795000000002 32.999831666666665
endloop
endfacet
facet normal 0 0.9999999999999999 0
outer loop
vertex -39.99998333333333 28.249795000000002 28.333270000000002
vertex -42.44982 28.249795000000002 32.999831666666665
vertex -37.55014666666667 28.249795000000002 32.999831666666665
endloop
endfacet
facet normal 0 1 0
outer loop
vertex 0 28.249795000000002 28.333270000000002
vertex 2.4498366666666667 28.249795000000002 32.999831666666665
vertex 2.4498366666666667 28.249795000000002 30.000296666666667
endloop
endfacet
facet normal 0 1 0
outer loop
vertex 0 28.249795000000002 28.333270000000002
vertex 2.4498366666666667 28.249795000000002 30.000296666666667
vertex 2.4498366666666667 28.249795000000002 22.000300000000003
endloop
endfacet
facet normal 0 1 0
outer loop
vertex 0 28.249795000000002 28.333270000000002
vertex 2.4498366666666667 28.249795000000002 22.000300000000003
vertex -2.4498366666666667 28.249795000000002 22.000300000000003
endloop
endfacet
facet normal 0 1 0
outer loop
vertex 0 28.249795000000002 28.333270000000002
vertex -2.4498366666666667 28.249795000000002 22.000300000000003
vertex -2.4498366666666667 28.249795000000002 30.000296666666667
endloop
endfacet
facet normal 0 1 0
outer loop
vertex 0 28.249795000000002 28.333270000000002
vertex -2.4498366666666667 28.249795000000002 30.000296666666667
vertex -2.4498366666666667 28.249795000000002 32.999831666666665
endloop
endfacet
facet normal 0 1 0
outer loop
vertex 0 28.249795000000002 28.333270000000002
vertex -2.4498366666666667 28.249795000000002 32.999831666666665
vertex 2.4498366666666667 28.249795000000002 32.999831666666665
endloop
endfacet
facet normal 0 1 0
outer loop
vertex 39.99998333333333 28.249795000000002 28.333270000000002
vertex 42.44982 28.249795000000002 32.999831666666665
vertex 42.44982 28.249795000000002 30.000296666666667
endloop
endfacet
facet normal 0 1 0
outer loop
vertex 39.99998333333333 28.249795000000002 28.333270000000002
vertex 42.44982 28.249795000000002 30.000296666666667
vertex 42.44982 28.249795000000002 22.000300000000003
endloop
endfacet
facet normal 0 1 0
outer loop
vertex 39.99998333333333 28.249795000000002 28.333270000000002
vertex 42.44982 28.249795000000002 22.000300000000003
vertex 37.55014666666667 28.249795000000002 22.000300000000003
endloop
endfacet
facet normal 0 1 0
outer loop
vertex 39.99998333333333 28.249795000000002 28.333270000000002
vertex 37.55014666666667 28.249795000000002 22.000300000000003
vertex 37.55014666666667 28.249795000000002 30.000296666666667
endloop
endfacet
facet normal 0 1 0
outer loop
vertex 39.99998333333333 28.249795000000002 28.333270000000002
vertex 37.55014666666667 28.249795000000002 30.000296666666667
vertex 37.55014666666667 28.249795000000002 32.999831666666665
endloop
endfacet
facet normal 0 0.9999999999999999 0
outer loop
vertex 39.99998333333333 28.249795000000002 28.333270000000002
vertex 37.55014666666667 28.249795000000002 32.999831666666665
vertex 42.44982 28.249795000000002 32.999831666666665
endloop
endfacet
facet normal 0 1 0
outer loop
vertex -19.999991666666666 28.249795000000002 8.333278333333334
vertex -17.550155 28.249795000000002 12.99984
vertex -17.550155 28.249795000000002 10.000305
endloop
endfacet
facet normal 0 1 0
outer loop
vertex -19.999991666666666 28.249795000000002 8.333278333333334
vertex -17.550155 28.249795000000002 10.000305
vertex -17.550155 28.249795000000002 2.0003083333333334
endloop
endfacet
facet normal 0 0.9999999999999999 0
outer loop
vertex -19.999991666666666 28.249795000000002 8.333278333333334
vertex -17.550155 28.249795000000002 2.0003083333333334
vertex -22.449828333333336 28.249795000000002 2.0003083333333334
endloop
endfacet
facet normal 0 1 0
outer loop
vertex -19.999991666666666 28.249795000000002 8.333278333333334
vertex -22.449828333333336 28.249795000000002 2.0003083333333334
vertex -22.449828333333336 28.249795000000002 10.000305
endloop
endfacet
facet normal 0 1 0
outer loop
vertex -19.999991666666666 28.249795000000002 8.333278333333334
vertex -22.449828333333336 28.249795000000002 10.000305
vertex -22.449828333333336 28.249795000000002 12.99984
endloop
endfacet
facet normal 0 1 0
outer loop
vertex -19.999991666666666 28.249795000000002 8.333278333333334
vertex -22.449828333333336 28.249795000000002 12.99984
vertex -17.550155 28.249795000000002 12.99984
endloop
endfacet
facet normal 0 1 0
outer loop
vertex 19.999991666666666 28.249795000000002 8.333278333333334
vertex 22.449828333333336 28.249795000000002 12.99984
vertex 22.449828333333336 28.249795000000002 10.000305
endloop
endfacet
facet normal 0 1 0
outer loop
vertex 19.999991666666666 28.249795000000002 8.333278333333334
vertex 22.449828333333336 28.249795000000002 10.000305
vertex 22.449828333333336 28.249795000000002 2.0003083333333334
endloop
endfacet
facet normal 0 0.9999999999999999 0
outer loop
vertex 19.999991666666666 28.249795000000002 8.333278333333334
vertex 22.449828333333336 28.249795000000002 2.0003083333333334
vertex 17.550155 28.249795000000002 2.0003083333333334
endloop
endfacet
facet normal 0 1 0
outer loop
vertex 19.999991666666666 28.249795000000002 8.333278333333334
vertex 17.550155 28.249795000000002 2.0003083333333334
vertex 17.550155 28.249795000000002 10.000305
endloop
endfacet
facet normal 0 1 0
outer loop
vertex 19.999991666666666 28.249795000000002 8.333278333333334
vertex 17.550155 28.249795000000002 10.000305
vertex 17.550155 28.249795000000002 12.99984
endloop
endfacet
facet normal 0 1 0
outer loop
vertex 19.999991666666666 28.249795000000002 8.333278333333334
vertex 17.550155 28.249795000000002 12.99984
vertex 22.449828333333336 28.249795000000002 12.99984
endloop
endfacet
facet normal 0 0 -0.9999999999999999
outer loop
vertex -37.55014666666667 28.249795000000002 22.000300000000003
vertex -37.55014666666667 22.250106666666667 22.000300000000003
vertex -42.44982 22.250106666666667 22.000300000000003
endloop
endfacet
facet normal 0 0 -0.9999999999999999
outer loop
vertex -37.55014666666667 28.249795000000002 22.000300000000003
vertex -42.44982 22.250106666666667 22.000300000000003
vertex -42.44982 28.249795000000002 22.000300000000003
endloop
endfacet
facet normal 0 0 -0.9999999999999999
outer loop
vertex 2.4498366666666667 28.249795000000002 22.000300000000003
vertex 2.4498366666666667 22.250106666666667 22.000300000000003
vertex -2.4498366666666667 22.250106666666667 22.000300000000003
endloop
endfacet
facet normal 0 0 -0.9999999999999999
outer loop
vertex 2.4498366666666667 28.249795000000002 22.000300000000003
vertex -2.4498366666666667 22.250106666666667 22.000300000000003
vertex -2.4498366666666667 28.249795000000002 22.000300000000003
endloop
endfacet
facet normal 0 0 -0.9999999999999999
outer loop
vertex 42.44982 28.249795000000002 22.000300000000003
vertex 42.44982 22.250106666666667 22.000300000000003
vertex 37.55014666666667 22.250106666666667 22.000300000000003
endloop
endfacet
facet normal 0 0 -0.9999999999999999
outer loop
vertex 42.44982 28.249795000000002 22.000300000000003
vertex 37.55014666666667 22.250106666666667 22.000300000000003
vertex 37.55014666666667 28.249795000000002 22.000300000000003
endloop
endfacet
facet normal 0 -1 0
outer loop
vertex 42.381185 22.250106666666667 30.000296666666667
vertex 42.40282666666667 22.250106666666667 29.92795166666667
vertex 42.44982 22.250106666666667 29.92795166666667
endloop
endfacet
facet normal 0 -1 0
outer loop
vertex 42.381185 22.250106666666667 30.000296666666667
vertex 42.44982 22.250106666666667 29.92795166666667
vertex 42.44982 22.250106666666667 30.000296666666667
endloop
endfacet
facet normal 0 -1 0
outer loop
vertex 37.55014666666667 22.250106666666667 30.000296666666667
vertex 37.55014666666667 22.250106666666667 29.92795166666667
vertex 37.59714 22.250106666666667 29.92795166666667
endloop
endfacet
facet normal 0 -1 0
outer loop
vertex 37.55014666666667 22.250106666666667 30.000296666666667
vertex 37.59714 22.250106666666667 29.92795166666667
vertex 37.61878166666667 22.250106666666667 30.000296666666667
endloop
endfacet
facet normal 0 -1 0
outer loop
vertex 2.3812016666666667 22.250106666666667 30.000296666666667
vertex 2.4028433333333337 22.250106666666667 29.92795166666667
vertex 2.4498366666666667 22.250106666666667 29.92795166666667
endloop
endfacet
facet normal 0 -1 0
outer loop
vertex 2.3812016666666667 22.250106666666667 30.000296666666667
vertex 2.4498366666666667 22.250106666666667 29.92795166666667
vertex 2.4498366666666667 22.250106666666667 30.000296666666667
endloop
endfacet
facet normal 0 -1 0
outer loop
vertex -2.4498366666666667 22.250106666666667 30.000296666666667
vertex -2.4498366666666667 22.250106666666667 29.92795166666667
vertex -2.4028433333333337 22.250106666666667 29.92795166666667
endloop
endfacet
facet normal 0 -1 0
outer loop
vertex -2.4498366666666667 22.250106666666667 30.000296666666667
vertex -2.4028433333333337 22.250106666666667 29.92795166666667
vertex -2.3812016666666667 22.250106666666667 30.000296666666667
endloop
endfacet
facet normal 0 -1 0
outer loop
vertex -37.61878166666667 22.250106666666667 30.000296666666667
vertex -37.59714 22.250106666666667 29.92795166666667
vertex -37.55014666666667 22.250106666666667 29.92795166666667
endloop
endfacet
facet normal 0 -1 0
outer loop
vertex -37.61878166666667 22.250106666666667 30.000296666666667
vertex -37.55014666666667 22.250106666666667 29.92795166666667
vertex -37.55014666666667 22.250106666666667 30.000296666666667
endloop
endfacet
facet normal 0 -1 0
outer loop
vertex -42.44982 22.250106666666667 30.000296666666667
vertex -42.44982 22.250106666666667 29.92795166666667
vertex -42.40282666666667 22.250106666666667 29.92795166666667
endloop
endfacet
facet normal 0 -1 0
outer loop
vertex -42.44982 22.250106666666667 30.000296666666667
vertex -42.40282666666667 22.250106666666667 29.92795166666667
vertex -42.381185 22.250106666666667 30.000296666666667
endloop
endfacet
facet normal 0 -1 0
outer loop
vertex 42.40282666666667 22.250106666666667 29.92795166666667
vertex 42.44982 22.250106666666667 29.44998
vertex 42.44982 22.250106666666667 29.92795166666667
endloop
endfacet
facet normal 0 -1 0
outer loop
vertex 37.55014666666667 22.250106666666667 29.92795166666667
vertex 37.55014666666667 22.250106666666667 29.44998
vertex 37.59714 22.250106666666667 29.92795166666667
endloop
endfacet
facet normal 0 -1 0
outer loop
vertex 2.4028433333333337 22.250106666666667 29.92795166666667
vertex 2.4498366666666667 22.250106666666667 29.44998
vertex 2.4498366666666667 22.250106666666667 29.92795166666667
endloop
endfacet
facet normal 0 -1 0
outer loop
vertex -2.4498366666666667 22.250106666666667 29.92795166666667
vertex -2.4498366666666667 22.250106666666667 29.44998
vertex -2.4028433333333337 22.250106666666667 29.92795166666667
endloop
endfacet
facet normal 0 -1 0
outer loop
vertex -37.59714 22.250106666666667 29.92795166666667
vertex -37.55014666666667 22.250106666666667 29.44998
vertex -37.55014666666667 22.250106666666667 29.92795166666667
endloop
endfacet
facet normal 0 -1 0
outer loop
vertex -42.44982 22.250106666666667 29.92795166666667
vertex -42.44982 22.250106666666667 29.44998
vertex -42.40282666666667 22.250106666666667 29.92795166666667
endloop
endfacet
facet normal 0 -1 0
outer loop
vertex 42.40282666666667 22.250106666666667 28.972008333333335
vertex 42.44982 22.250106666666667 28.972008333333335
vertex 42.44982 22.250106666666667 29.44998
endloop
endfacet
facet normal 0 -1 0
outer loop
vertex 37.55014666666667 22.250106666666667 28.972008333333335
vertex 37.59714 22.250106666666667 28.972008333333335
vertex 37.55014666666667 22.250106666666667 29.44998
endloop
endfacet
facet normal 0 -1 0
outer loop
vertex 2.4028433333333337 22.250106666666667 28.972008333333335
vertex 2.4498366666666667 22.250106666666667 28.972008333333335
vertex 2.4498366666666667 22.250106666666667 29.44998
endloop
endfacet
facet normal 0 -1 0
outer loop
vertex -2.4498366666666667 22.250106666666667 28.972008333333335
vertex -2.4028433333333337 22.250106666666667 28.972008333333335
vertex -2.4498366666666667 22.250106666666667 29.44998
endloop
endfacet
facet normal 0 -1 0
outer loop
vertex -37.59714 22.250106666666667 28.972008333333335
vertex -37.55014666666667 22.250106666666667 28.972008333333335
vertex -37.55014666666667 22.250106666666667 29.44998
endloop
endfacet
facet normal 0 -1 0
outer loop
vertex -42.44982 22.250106666666667 28.972008333333335
vertex -42.40282666666667 22.250106666666667 28.972008333333335
vertex -42.44982 22.250106666666667 29.44998
endloop
endfacet
facet normal 0 -1 0
outer loop
vertex 42.40282666666667 22.250106666666667 28.972008333333335
vertex 42.26370166666667 22.250106666666667 28.512586666666667
vertex 42.44982 22.250106666666667 28.512586666666667
endloop
endfacet
facet normal 0 -1 0
outer loop
vertex 42.40282666666667 22.250106666666667 28.972008333333335
vertex 42.44982 22.250106666666667 28.512586666666667
vertex 42.44982 22.250106666666667 28.972008333333335
endloop
endfacet
facet normal 0 -1 0
outer loop
vertex 37.55014666666667 22.250106666666667 28.972008333333335
vertex 37.55014666666667 22.250106666666667 28.512586666666667
vertex 37.736265 22.250106666666667 28.512586666666667
endloop
endfacet
facet normal 0 -1 0
outer loop
vertex 37.55014666666667 22.250106666666667 28.972008333333335
vertex 37.736265 22.250106666666667 28.512586666666667
vertex 37.59714 22.250106666666667 28.972008333333335
endloop
endfacet
facet normal 0 -1 0
outer loop
vertex 2.4028433333333337 22.250106666666667 28.972008333333335
vertex 2.2637183333333333 22.250106666666667 28.512586666666667
vertex 2.4498366666666667 22.250106666666667 28.512586666666667
endloop
endfacet
facet normal 0 -1 0
outer loop
vertex 2.4028433333333337 22.250106666666667 28.972008333333335
vertex 2.4498366666666667 22.250106666666667 28.512586666666667
vertex 2.4498366666666667 22.250106666666667 28.972008333333335
endloop
endfacet
facet normal 0 -1 0
outer loop
vertex -2.4498366666666667 22.250106666666667 28.972008333333335
vertex -2.4498366666666667 22.250106666666667 28.512586666666667
vertex -2.2637183333333333 22.250106666666667 28.512586666666667
endloop
endfacet
facet normal 0 -1 0
outer loop
vertex -2.4498366666666667 22.250106666666667 28.972008333333335
vertex -2.2637183333333333 22.250106666666667 28.512586666666667
vertex -2.4028433333333337 22.250106666666667 28.972008333333335
endloop
endfacet
facet normal 0 -1 0
outer loop
vertex -37.59714 22.250106666666667 28.972008333333335
vertex -37.736265 22.250106666666667 28.512586666666667
vertex -37.55014666666667 22.250106666666667 28.512586666666667
endloop
endfacet
facet normal 0 -1 0
outer loop
vertex -37.59714 22.250106666666667 28.972008333333335
vertex -37.55014666666667 22.250106666666667 28.512586666666667
vertex -37.55014666666667 22.250106666666667 28.972008333333335
endloop
endfacet
facet normal 0 -1 0
outer loop
vertex -42.44982 22.250106666666667 28.972008333333335
vertex -42.44982 22.250106666666667 28.512586666666667
vertex -42.26370166666667 22.250106666666667 28.512586666666667
endloop
endfacet
facet normal 0 -1 0
outer loop
vertex -42.44982 22.250106666666667 28.972008333333335
vertex -42.26370166666667 22.250106666666667 28.512586666666667
vertex -42.40282666666667 22.250106666666667 28.972008333333335
endloop
endfacet
facet normal 0 -1 0
outer loop
vertex 42.26370166666667 22.250106666666667 28.512586666666667
vertex 42.03739166666667 22.250106666666667 28.089028333333335
vertex 42.44982 22.250106666666667 28.089028333333335
endloop
endfacet
facet normal 0 -1 0
outer loop
vertex 42.26370166666667 22.250106666666667 28.512586666666667
vertex 42.44982 22.250106666666667 28.089028333333335
vertex 42.44982 22.250106666666667 28.512586666666667
endloop
endfacet
facet normal 0 -1 0
outer loop
vertex 37.55014666666667 22.250106666666667 28.512586666666667
vertex 37.55014666666667 22.250106666666667 28.089028333333335
vertex 37.96319333333334 22.250106666666667 28.089028333333335
endloop
endfacet
facet normal 0 -1 0
outer loop
vertex 37.55014666666667 22.250106666666667 28.512586666666667
vertex 37.96319333333334 22.250106666666667 28.089028333333335
vertex 37.736265 22.250106666666667 28.512586666666667
endloop
endfacet
facet normal 0 -0.9999999999999999 0
outer loop
vertex 2.2637183333333333 22.250106666666667 28.512586666666667
vertex 2.0374083333333335 22.250106666666667 28.089028333333335
vertex 2.4498366666666667 22.250106666666667 28.089028333333335
endloop
endfacet
facet normal 0 -1 0
outer loop
vertex 2.2637183333333333 22.250106666666667 28.512586666666667
vertex 2.4498366666666667 22.250106666666667 28.089028333333335
vertex 2.4498366666666667 22.250106666666667 28.512586666666667
endloop
endfacet
facet normal 0 -0.9999999999999999 0
outer loop
vertex -2.4498366666666667 22.250106666666667 28.512586666666667
vertex -2.4498366666666667 22.250106666666667 28.089028333333335
vertex -2.0374083333333335 22.250106666666667 28.089028333333335
endloop
endfacet
facet normal 0 -1 0
outer loop
vertex -2.4498366666666667 22.250106666666667 28.512586666666667
vertex -2.0374083333333335 22.250106666666667 28.089028333333335
vertex -2.2637183333333333 22.250106666666667 28.512586666666667
endloop
endfacet
facet normal 0 -1 0
outer loop
vertex -37.736265 22.250106666666667 28.512586666666667
vertex -37.96319333333334 22.250106666666667 28.089028333333335
vertex -37.55014666666667 22.250106666666667 28.089028333333335
endloop
endfacet
facet normal 0 -1 0
outer loop
vertex -37.736265 22.250106666666667 28.512586666666667
vertex -37.55014666666667 22.250106666666667 28.089028333333335
vertex -37.55014666666667 22.250106666666667 28.512586666666667
endloop
endfacet
facet normal 0 -1 0
outer loop
vertex -42.44982 22.250106666666667 28.512586666666667
vertex -42.44982 22.250106666666667 28.089028333333335
vertex -42.03739166666667 22.250106666666667 28.089028333333335
endloop
endfacet
facet normal 0 -1 0
outer loop
vertex -42.44982 22.250106666666667 28.512586666666667
vertex -42.03739166666667 22.250106666666667 28.089028333333335
vertex -42.26370166666667 22.250106666666667 28.512586666666667
endloop
endfacet
facet normal 0 -1 0
outer loop
vertex 42.03739166666667 22.250106666666667 28.089028333333335
vertex 41.732553333333335 22.250106666666667 27.71741
vertex 42.44982 22.250106666666667 27.71741
endloop
endfacet
facet normal 0 -0.9999999999999999 0
outer loop
vertex 42.03739166666667 22.250106666666667 28.089028333333335
vertex 42.44982 22.250106666666667 27.71741
vertex 42.44982 22.250106666666667 28.089028333333335
endloop
endfacet
facet normal 0 -1 0
outer loop
vertex 37.55014666666667 22.250106666666667 28.089028333333335
vertex 37.55014666666667 22.250106666666667 27.71741
vertex 38.26741333333334 22.250106666666667 27.71741
endloop
endfacet
facet normal 0 -1 0
outer loop
vertex 37.55014666666667 22.250106666666667 28.089028333333335
vertex 38.26741333333334 22.250106666666667 27.71741
vertex 37.96319333333334 22.250106666666667 28.089028333333335
endloop
endfacet
facet normal 0 -1 0
outer loop
vertex 2.0374083333333335 22.250106666666667 28.089028333333335
vertex 1.7325700000000002 22.250106666666667 27.71741
vertex 2.4498366666666667 22.250106666666667 27.71741
endloop
endfacet
facet normal 0 -1 0
outer loop
vertex 2.0374083333333335 22.250106666666667 28.089028333333335
vertex 2.4498366666666667 22.250106666666667 27.71741
vertex 2.4498366666666667 22.250106666666667 28.089028333333335
endloop
endfacet
facet normal 0 -1 0
outer loop
vertex -2.4498366666666667 22.250106666666667 28.089028333333335
vertex -2.4498366666666667 22.250106666666667 27.71741
vertex -1.7325700000000002 22.250106666666667 27.71741
endloop
endfacet
facet normal 0 -1 0
outer loop
vertex -2.4498366666666667 22.250106666666667 28.089028333333335
vertex -1.7325700000000002 22.250106666666667 27.71741
vertex -2.0374083333333335 22.250106666666667 28.089028333333335
endloop
endfacet
facet normal 0 -1 0
outer loop
vertex -37.96319333333334 22.250106666666667 28.089028333333335
vertex -38.26741333333334 22.250106666666667 27.71741
vertex -37.55014666666667 22.250106666666667 27.71741
endloop
endfacet
facet normal 0 -1 0
outer loop
vertex -37.96319333333334 22.250106666666667 28.089028333333335
vertex -37.55014666666667 22.250106666666667 27.71741
vertex -37.55014666666667 22.250106666666667 28.089028333333335
endloop
endfacet
facet normal 0 -1 0
outer loop
vertex -42.44982 22.250106666666667 28.089028333333335
vertex -42.44982 22.250106666666667 27.71741
vertex -41.732553333333335 22.250106666666667 27.71741
endloop
endfacet
facet normal 0 -0.9999999999999999 0
outer loop
vertex -42.44982 22.250106666666667 28.089028333333335
vertex -41.732553333333335 22.250106666666667 27.71741
vertex -42.03739166666667 22.250106666666667 28.089028333333335
endloop
endfacet
facet normal 0 -1 0
outer loop
vertex 41.732553333333335 22.250106666666667 27.71741
vertex 41.360935000000005 22.250106666666667 27.41319
vertex 42.44982 22.250106666666667 27.41319
endloop
endfacet
facet normal 0 -1 0
outer loop
vertex 41.732553333333335 22.250106666666667 27.71741
vertex 42.44982 22.250106666666667 27.41319
vertex 42.44982 22.250106666666667 27.71741
endloop
endfacet
facet normal 0 -1 0
outer loop
vertex 37.55014666666667 22.250106666666667 27.71741
vertex 37.55014666666667 22.250106666666667 27.41319
vertex 38.63903166666667 22.250106666666667 27.41319
endloop
endfacet
facet normal 0 -1 0
outer loop
vertex 37.55014666666667 22.250106666666667 27.71741
vertex 38.63903166666667 22.250106666666667 27.41319
vertex 38.26741333333334 22.250106666666667 27.71741
endloop
endfacet
facet normal 0 -1 0
outer loop
vertex 1.7325700000000002 22.250106666666667 27.71741
vertex 1.3609516666666668 22.250106666666667 27.41319
vertex 2.4498366666666667 22.250106666666667 27.41319
endloop
endfacet
facet normal 0 -1 0
outer loop
vertex 1.7325700000000002 22.250106666666667 27.71741
vertex 2.4498366666666667 22.250106666666667 27.41319
vertex 2.4498366666666667 22.250106666666667 27.71741
endloop
endfacet
facet normal 0 -1 0
outer loop
vertex -2.4498366666666667 22.250106666666667 27.71741
vertex -2.4498366666666667 22.250106666666667 27.41319
vertex -1.3609516666666668 22.250106666666667 27.41319
endloop
endfacet
facet normal 0 -1 0
outer loop
vertex -2.4498366666666667 22.250106666666667 27.71741
vertex -1.3609516666666668 22.250106666666667 27.41319
vertex -1.7325700000000002 22.250106666666667 27.71741
endloop
endfacet
facet normal 0 -1 0
outer loop
vertex -38.26741333333334 22.250106666666667 27.71741
vertex -38.63903166666667 22.250106666666667 27.41319
vertex -37.55014666666667 22.250106666666667 27.41319
endloop
endfacet
facet normal 0 -1 0
outer loop
vertex -38.26741333333334 22.250106666666667 27.71741
vertex -37.55014666666667 22.250106666666667 27.41319
vertex -37.55014666666667 22.250106666666667 27.71741
endloop
endfacet
facet normal 0 -1 0
outer loop
vertex -42.44982 22.250106666666667 27.71741
vertex -42.44982 22.250106666666667 27.41319
vertex -41.360935000000005 22.250106666666667 27.41319
endloop
endfacet
facet normal 0 -1 0
outer loop
vertex -42.44982 22.250106666666667 27.71741
vertex -41.360935000000005 22.250106666666667 27.41319
vertex -41.732553333333335 22.250106666666667 27.71741
endloop
endfacet
facet normal 0 -1 0
outer loop
vertex 41.360935000000005 22.250106666666667 27.41319
vertex 40.937376666666665 22.250106666666667 27.186261666666667
vertex 42.44982 22.250106666666667 27.186261666666667
endloop
endfacet
facet normal 0 -1 0
outer loop
vertex 41.360935000000005 22.250106666666667 27.41319
vertex 42.44982 22.250106666666667 27.186261666666667
vertex 42.44982 22.250106666666667 27.41319
endloop
endfacet
facet normal 0 -1 0
outer loop
vertex 37.55014666666667 22.250106666666667 27.41319
vertex 37.55014666666667 22.250106666666667 27.186261666666667
vertex 39.06259 22.250106666666667 27.186261666666667
endloop
endfacet
facet normal 0 -1 0
outer loop
vertex 37.55014666666667 22.250106666666667 27.41319
vertex 39.06259 22.250106666666667 27.186261666666667
vertex 38.63903166666667 22.250106666666667 27.41319
endloop
endfacet
facet normal 0 -0.9999999999999999 0
outer loop
vertex 1.3609516666666668 22.250106666666667 27.41319
vertex 0.9373933333333334 22.250106666666667 27.186261666666667
vertex 2.4498366666666667 22.250106666666667 27.186261666666667
endloop
endfacet
facet normal 0 -1 0
outer loop
vertex 1.3609516666666668 22.250106666666667 27.41319
vertex 2.4498366666666667 22.250106666666667 27.186261666666667
vertex 2.4498366666666667 22.250106666666667 27.41319
endloop
endfacet
facet normal 0 -0.9999999999999999 0
outer loop
vertex -2.4498366666666667 22.250106666666667 27.41319
vertex -2.4498366666666667 22.250106666666667 27.186261666666667
vertex -0.9373933333333334 22.250106666666667 27.186261666666667
endloop
endfacet
facet normal 0 -1 0
outer loop
vertex -2.4498366666666667 22.250106666666667 27.41319
vertex -0.9373933333333334 22.250106666666667 27.186261666666667
vertex -1.3609516666666668 22.250106666666667 27.41319
endloop
endfacet
facet normal 0 -1 0
outer loop
vertex -38.63903166666667 22.250106666666667 27.41319
vertex -39.06259 22.250106666666667 27.186261666666667
vertex -37.55014666666667 22.250106666666667 27.186261666666667
endloop
endfacet
facet normal 0 -1 0
outer loop
vertex -38.63903166666667 22.250106666666667 27.41319
vertex -37.55014666666667 22.250106666666667 27.186261666666667
vertex -37.55014666666667 22.250106666666667 27.41319
endloop
endfacet
facet normal 0 -1 0
outer loop
vertex -42.44982 22.250106666666667 27.41319
vertex -42.44982 22.250106666666667 27.186261666666667
vertex -40.937376666666665 22.250106666666667 27.186261666666667
endloop
endfacet
facet normal 0 -1 0
outer loop
vertex -42.44982 22.250106666666667 27.41319
vertex -40.937376666666665 22.250106666666667 27.186261666666667
vertex -41.360935000000005 22.250106666666667 27.41319
endloop
endfacet
facet normal 0 -1 0
outer loop
vertex 40.937376666666665 22.250106666666667 27.186261666666667
vertex 40.477955 22.250106666666667 27.047136666666667
vertex 42.44982 22.250106666666667 27.047136666666667
endloop
endfacet
facet normal 0 -1 0
outer loop
vertex 40.937376666666665 22.250106666666667 27.186261666666667
vertex 42.44982 22.250106666666667 27.047136666666667
vertex 42.44982 22.250106666666667 27.186261666666667
endloop
endfacet
facet normal 0 -1 0
outer loop
vertex 37.55014666666667 22.250106666666667 27.186261666666667
vertex 37.55014666666667 22.250106666666667 27.047136666666667
vertex 39.52201166666667 22.250106666666667 27.047136666666667
endloop
endfacet
facet normal 0 -0.9999999999999999 0
outer loop
vertex 37.55014666666667 22.250106666666667 27.186261666666667
vertex 39.52201166666667 22.250106666666667 27.047136666666667
vertex 39.06259 22.250106666666667 27.186261666666667
endloop
endfacet
facet normal 0 -1 0
outer loop
vertex 0.9373933333333334 22.250106666666667 27.186261666666667
vertex 0.4779716666666667 22.250106666666667 27.047136666666667
vertex 2.4498366666666667 22.250106666666667 27.047136666666667
endloop
endfacet
facet normal 0 -1 0
outer loop
vertex 0.9373933333333334 22.250106666666667 27.186261666666667
vertex 2.4498366666666667 22.250106666666667 27.047136666666667
vertex 2.4498366666666667 22.250106666666667 27.186261666666667
endloop
endfacet
facet normal 0 -1 0
outer loop
vertex -2.4498366666666667 22.250106666666667 27.186261666666667
vertex -2.4498366666666667 22.250106666666667 27.047136666666667
vertex -0.4779716666666667 22.250106666666667 27.047136666666667
endloop
endfacet
facet normal 0 -1 0
outer loop
vertex -2.4498366666666667 22.250106666666667 27.186261666666667
vertex -0.4779716666666667 22.250106666666667 27.047136666666667
vertex -0.9373933333333334 22.250106666666667 27.186261666666667
endloop
endfacet
facet normal 0 -1 0
outer loop
vertex -39.06259 22.250106666666667 27.186261666666667
vertex -39.52201166666667 22.250106666666667 27.047136666666667
vertex -37.55014666666667 22.250106666666667 27.047136666666667
endloop
endfacet
facet normal 0 -0.9999999999999999 0
outer loop
vertex -39.06259 22.250106666666667 27.186261666666667
vertex -37.55014666666667 22.250106666666667 27.047136666666667
vertex -37.55014666666667 22.250106666666667 27.186261666666667
endloop
endfacet
facet normal 0 -1 0
outer loop
vertex -42.44982 22.250106666666667 27.186261666666667
vertex -42.44982 22.250106666666667 27.047136666666667
vertex -40.477955 22.250106666666667 27.047136666666667
endloop
endfacet
facet normal 0 -1 0
outer loop
vertex -42.44982 22.250106666666667 27.186261666666667
vertex -40.477955 22.250106666666667 27.047136666666667
vertex -40.937376666666665 22.250106666666667 27.186261666666667
endloop
endfacet
facet normal 0 -1 0
outer loop
vertex 40.477955 22.250106666666667 27.047136666666667
vertex 39.99998333333333 22.250106666666667 27.000143333333334
vertex 42.44982 22.250106666666667 27.000143333333334
endloop
endfacet
facet normal 0 -0.9999999999999999 0
outer loop
vertex 40.477955 22.250106666666667 27.047136666666667
vertex 42.44982 22.250106666666667 27.000143333333334
vertex 42.44982 22.250106666666667 27.047136666666667
endloop
endfacet
facet normal 0 -1 0
outer loop
vertex 37.55014666666667 22.250106666666667 27.047136666666667
vertex 37.55014666666667 22.250106666666667 27.000143333333334
vertex 39.99998333333333 22.250106666666667 27.000143333333334
endloop
endfacet
facet normal 0 -0.9999999999999999 0
outer loop
vertex 37.55014666666667 22.250106666666667 27.047136666666667
vertex 39.99998333333333 22.250106666666667 27.000143333333334
vertex 39.52201166666667 22.250106666666667 27.047136666666667
endloop
endfacet
facet normal 0 -1 0
outer loop
vertex 0.4779716666666667 22.250106666666667 27.047136666666667
vertex 0 22.250106666666667 27.000143333333334
vertex 2.4498366666666667 22.250106666666667 27.000143333333334
endloop
endfacet
facet normal 0 -1 0
outer loop
vertex 0.4779716666666667 22.250106666666667 27.047136666666667
vertex 2.4498366666666667 22.250106666666667 27.000143333333334
vertex 2.4498366666666667 22.250106666666667 27.047136666666667
endloop
endfacet
facet normal 0 -1 0
outer loop
vertex -2.4498366666666667 22.250106666666667 27.047136666666667
vertex -2.4498366666666667 22.250106666666667 27.000143333333334
vertex 0 22.250106666666667 27.000143333333334
endloop
endfacet
facet normal 0 -1 0
outer loop
vertex -2.4498366666666667 22.250106666666667 27.047136666666667
vertex 0 22.250106666666667 27.000143333333334
vertex -0.4779716666666667 22.250106666666667 27.047136666666667
endloop
endfacet
facet normal 0 -1 0
outer loop
vertex -39.52201166666667 22.250106666666667 27.047136666666667
vertex -39.99998333333333 22.250106666666667 27.000143333333334
vertex -37.55014666666667 22.250106666666667 27.000143333333334
endloop
endfacet
facet normal 0 -0.9999999999999999 0
outer loop
vertex -39.52201166666667 22.250106666666667 27.047136666666667
vertex -37.55014666666667 22.250106666666667 27.000143333333334
vertex -37.55014666666667 22.250106666666667 27.047136666666667
endloop
endfacet
facet normal 0 -1 0
outer loop
vertex -42.44982 22.250106666666667 27.047136666666667
vertex -42.44982 22.250106666666667 27.000143333333334
vertex -39.99998333333333 22.250106666666667 27.000143333333334
endloop
endfacet
facet normal 0 -0.9999999999999999 0
outer loop
vertex -42.44982 22.250106666666667 27.047136666666667
vertex -39.99998333333333 22.250106666666667 27.000143333333334
vertex -40.477955 22.250106666666667 27.047136666666667
endloop
endfacet
facet normal 0 -1 0
outer loop
vertex 39.99998333333333 22.250106666666667 25.000453333333336
vertex 39.99998333333333 22.250106666666667 27.000143333333334
vertex 37.55014666666667 22.250106666666667 27.000143333333334
endloop
endfacet
facet normal 0 -1 0
outer loop
vertex 39.99998333333333 22.250106666666667 25.000453333333336
vertex 37.55014666666667 22.250106666666667 27.000143333333334
vertex 37.55014666666667 22.250106666666667 22.000300000000003
endloop
endfacet
facet normal 0 -1 0
outer loop
vertex 39.99998333333333 22.250106666666667 25.000453333333336
vertex 37.55014666666667 22.250106666666667 22.000300000000003
vertex 42.44982 22.250106666666667 22.000300000000003
endloop
endfacet
facet normal 0 -1 0
outer loop
vertex 39.99998333333333 22.250106666666667 25.000453333333336
vertex 42.44982 22.250106666666667 22.000300000000003
vertex 42.44982 22.250106666666667 27.000143333333334
endloop
endfacet
facet normal 0 -0.9999999999999999 0
outer loop
vertex 39.99998333333333 22.250106666666667 25.000453333333336
vertex 42.44982 22.250106666666667 27.000143333333334
vertex 39.99998333333333 22.250106666666667 27.000143333333334
endloop
endfacet
facet normal 0 -1 0
outer loop
vertex 0 22.250106666666667 25.000453333333336
vertex 0 22.250106666666667 27.000143333333334
vertex -2.4498366666666667 22.250106666666667 27.000143333333334
endloop
endfacet
facet normal 0 -1 0
outer loop
vertex 0 22.250106666666667 25.000453333333336
vertex -2.4498366666666667 22.250106666666667 27.000143333333334
vertex -2.4498366666666667 22.250106666666667 22.000300000000003
endloop
endfacet
facet normal 0 -1 0
outer loop
vertex 0 22.250106666666667 25.000453333333336
vertex -2.4498366666666667 22.250106666666667 22.000300000000003
vertex 2.4498366666666667 22.250106666666667 22.000300000000003
endloop
endfacet
facet normal 0 -1 0
outer loop
vertex 0 22.250106666666667 25.000453333333336
vertex 2.4498366666666667 22.250106666666667 22.000300000000003
vertex 2.4498366666666667 22.250106666666667 27.000143333333334
endloop
endfacet
facet normal 0 -1 0
outer loop
vertex 0 22.250106666666667 25.000453333333336
vertex 2.4498366666666667 22.250106666666667 27.000143333333334
vertex 0 22.250106666666667 27.000143333333334
endloop
endfacet
facet normal 0 -0.9999999999999999 0
outer loop
vertex -39.99998333333333 22.250106666666667 25.000453333333336
vertex -39.99998333333333 22.250106666666667 27.000143333333334
vertex -42.44982 22.250106666666667 27.000143333333334
endloop
endfacet
facet normal 0 -1 0
outer loop
vertex -39.99998333333333 22.250106666666667 25.000453333333336
vertex -42.44982 22.250106666666667 27.000143333333334
vertex -42.44982 22.250106666666667 22.000300000000003
endloop
endfacet
facet normal 0 -1 0
outer loop
vertex -39.99998333333333 22.250106666666667 25.000453333333336
vertex -42.44982 22.250106666666667 22.000300000000003
vertex -37.55014666666667 22.250106666666667 22.000300000000003
endloop
endfacet
facet normal 0 -1 0
outer loop
vertex -39.99998333333333 22.250106666666667 25.000453333333336
vertex -37.55014666666667 22.250106666666667 22.000300000000003
vertex -37.55014666666667 22.250106666666667 27.000143333333334
endloop
endfacet
facet normal 0 -1 0
outer loop
vertex -39.99998333333333 22.250106666666667 25.000453333333336
vertex -37.55014666666667 22.250106666666667 27.000143333333334
vertex -39.99998333333333 22.250106666666667 27.000143333333334
endloop
endfacet
facet normal 0 -0.9999999999999999 0
outer loop
vertex 22.381193333333336 22.250106666666667 10.000305
vertex 22.402835 22.250106666666667 9.92796
vertex 22.449828333333336 22.250106666666667 9.92796
endloop
endfacet
facet normal 0 -1 0
outer loop
vertex 22.381193333333336 22.250106666666667 10.000305
vertex 22.449828333333336 22.250106666666667 9.92796
vertex 22.449828333333336 22.250106666666667 10.000305
endloop
endfacet
facet normal 0 -1 0
outer loop
vertex 17.550155 22.250106666666667 10.000305
vertex 17.550155 22.250106666666667 9.92796
vertex 17.597148333333333 22.250106666666667 9.92796
endloop
endfacet
facet normal 0 -1 0
outer loop
vertex 17.550155 22.250106666666667 10.000305
vertex 17.597148333333333 22.250106666666667 9.92796
vertex 17.61879 22.250106666666667 10.000305
endloop
endfacet
facet normal 0 -1 0
outer loop
vertex -17.61879 22.250106666666667 10.000305
vertex -17.597148333333333 22.250106666666667 9.92796
vertex -17.550155 22.250106666666667 9.92796
endloop
endfacet
facet normal 0 -1 0
outer loop
vertex -17.61879 22.250106666666667 10.000305
vertex -17.550155 22.250106666666667 9.92796
vertex -17.550155 22.250106666666667 10.000305
endloop
endfacet
facet normal 0 -1 0
outer loop
vertex -22.449828333333336 22.250106666666667 10.000305
vertex -22.449828333333336 22.250106666666667 9.92796
vertex -22.402835 22.250106666666667 9.92796
endloop
endfacet
facet normal 0 -1 0
outer loop
vertex -22.449828333333336 22.250106666666667 10.000305
vertex -22.402835 22.250106666666667 9.92796
vertex -22.381193333333336 22.250106666666667 10.000305
endloop
endfacet
facet normal 0 -1 0
outer loop
vertex 22.402835 22.250106666666667 9.92796
vertex 22.449828333333336 22.250106666666667 9.449988333333334
vertex 22.449828333333336 22.250106666666667 9.92796
endloop
endfacet
facet normal 0 -1 0
outer loop
vertex 17.550155 22.250106666666667 9.92796
vertex 17.550155 22.250106666666667 9.449988333333334
vertex 17.597148333333333 22.250106666666667 9.92796
endloop
endfacet
facet normal 0 -1 0
outer loop
vertex -17.597148333333333 22.250106666666667 9.92796
vertex -17.550155 22.250106666666667 9.449988333333334
vertex -17.550155 22.250106666666667 9.92796
endloop
endfacet
facet normal 0 -1 0
outer loop
vertex -22.449828333333336 22.250106666666667 9.92796
vertex -22.449828333333336 22.250106666666667 9.449988333333334
vertex -22.402835 22.250106666666667 9.92796
endloop
endfacet
facet normal 0 -1 0
outer loop
vertex 22.402835 22.250106666666667 8.972016666666667
vertex 22.449828333333336 22.250106666666667 8.972016666666667
vertex 22.449828333333336 22.250106666666667 9.449988333333334
endloop
endfacet
facet normal 0 -1 0
outer loop
vertex 17.550155 22.250106666666667 8.972016666666667
vertex 17.597148333333333 22.250106666666667 8.972016666666667
vertex 17.550155 22.250106666666667 9.449988333333334
endloop
endfacet
facet normal 0 -1 0
outer loop
vertex -17.597148333333333 22.250106666666667 8.972016666666667
vertex -17.550155 22.250106666666667 8.972016666666667
vertex -17.550155 22.250106666666667 9.449988333333334
endloop
endfacet
facet normal 0 -1 0
outer loop
vertex -22.449828333333336 22.250106666666667 8.972016666666667
vertex -22.402835 22.250106666666667 8.972016666666667
vertex -22.449828333333336 22.250106666666667 9.449988333333334
endloop
endfacet
facet normal 0 -1 0
outer loop
vertex 22.402835 22.250106666666667 8.972016666666667
vertex 22.26371 22.250106666666667 8.512595000000001
vertex 22.449828333333336 22.250106666666667 8.512595000000001
endloop
endfacet
facet normal 0 -1 0
outer loop
vertex 22.402835 22.250106666666667 8.972016666666667
vertex 22.449828333333336 22.250106666666667 8.512595000000001
vertex 22.449828333333336 22.250106666666667 8.972016666666667
endloop
endfacet
facet normal 0 -1 0
outer loop
vertex 17.550155 22.250106666666667 8.972016666666667
vertex 17.550155 22.250106666666667 8.512595000000001
vertex 17.736273333333333 22.250106666666667 8.512595000000001
endloop
endfacet
facet normal 0 -1 0
outer loop
vertex 17.550155 22.250106666666667 8.972016666666667
vertex 17.736273333333333 22.250106666666667 8.512595000000001
vertex 17.597148333333333 22.250106666666667 8.972016666666667
endloop
endfacet
facet normal 0 -1 0
outer loop
vertex -17.597148333333333 22.250106666666667 8.972016666666667
vertex -17.736273333333333 22.250106666666667 8.512595000000001
vertex -17.550155 22.250106666666667 8.512595000000001
endloop
endfacet
facet normal 0 -1 0
outer loop
vertex -17.597148333333333 22.250106666666667 8.972016666666667
vertex -17.550155 22.250106666666667 8.512595000000001
vertex -17.550155 22.250106666666667 8.972016666666667
endloop
endfacet
facet normal 0 -1 0
outer loop
vertex -22.449828333333336 22.250106666666667 8.972016666666667
vertex -22.449828333333336 22.250106666666667 8.512595000000001
vertex -22.26371 22.250106666666667 8.512595000000001
endloop
endfacet
facet normal 0 -1 0
outer loop
vertex -22.449828333333336 22.250106666666667 8.972016666666667
vertex -22.26371 22.250106666666667 8.512595000000001
vertex -22.402835 22.250106666666667 8.972016666666667
endloop
endfacet
facet normal 0 -1 0
outer loop
vertex 22.26371 22.250106666666667 8.512595000000001
vertex 22.0374 22.250106666666667 8.089036666666667
vertex 22.449828333333336 22.250106666666667 8.089036666666667
endloop
endfacet
facet normal 0 -1 0
outer loop
vertex 22.26371 22.250106666666667 8.512595000000001
vertex 22.449828333333336 22.250106666666667 8.089036666666667
vertex 22.449828333333336 22.250106666666667 8.512595000000001
endloop
endfacet
facet normal 0 -0.9999999999999999 0
outer loop
vertex 17.550155 22.250106666666667 8.512595000000001
vertex 17.550155 22.250106666666667 8.089036666666667
vertex 17.963201666666667 22.250106666666667 8.089036666666667
endloop
endfacet
facet normal 0 -1 0
outer loop
vertex 17.550155 22.250106666666667 8.512595000000001
vertex 17.963201666666667 22.250106666666667 8.089036666666667
vertex 17.736273333333333 22.250106666666667 8.512595000000001
endloop
endfacet
facet normal 0 -0.9999999999999999 0
outer loop
vertex -17.736273333333333 22.250106666666667 8.512595000000001
vertex -17.963201666666667 22.250106666666667 8.089036666666667
vertex -17.550155 22.250106666666667 8.089036666666667
endloop
endfacet
facet normal 0 -1 0
outer loop
vertex -17.736273333333333 22.250106666666667 8.512595000000001
vertex -17.550155 22.250106666666667 8.089036666666667
vertex -17.550155 22.250106666666667 8.512595000000001
endloop
endfacet
facet normal 0 -1 0
outer loop
vertex -22.449828333333336 22.250106666666667 8.512595000000001
vertex -22.449828333333336 22.250106666666667 8.089036666666667
vertex -22.0374 22.250106666666667 8.089036666666667
endloop
endfacet
facet normal 0 -1 0
outer loop
vertex -22.449828333333336 22.250106666666667 8.512595000000001
vertex -22.0374 22.250106666666667 8.089036666666667
vertex -22.26371 22.250106666666667 8.512595000000001
endloop
endfacet
facet normal 0 -0.9999999999999999 0
outer loop
vertex 22.0374 22.250106666666667 8.089036666666667
vertex 21.73256166666667 22.250106666666667 7.717418333333334
vertex 22.449828333333336 22.250106666666667 7.717418333333334
endloop
endfacet
facet normal 0 -1 0
outer loop
vertex 22.0374 22.250106666666667 8.089036666666667
vertex 22.449828333333336 22.250106666666667 7.717418333333334
vertex 22.449828333333336 22.250106666666667 8.089036666666667
endloop
endfacet
facet normal 0 -0.9999999999999999 0
outer loop
vertex 17.550155 22.250106666666667 8.089036666666667
vertex 17.550155 22.250106666666667 7.717418333333334
vertex 18.267421666666667 22.250106666666667 7.717418333333334
endloop
endfacet
facet normal 0 -1 0
outer loop
vertex 17.550155 22.250106666666667 8.089036666666667
vertex 18.267421666666667 22.250106666666667 7.717418333333334
vertex 17.963201666666667 22.250106666666667 8.089036666666667
endloop
endfacet
facet normal 0 -0.9999999999999999 0
outer loop
vertex -17.963201666666667 22.250106666666667 8.089036666666667
vertex -18.267421666666667 22.250106666666667 7.717418333333334
vertex -17.550155 22.250106666666667 7.717418333333334
endloop
endfacet
facet normal 0 -1 0
outer loop
vertex -17.963201666666667 22.250106666666667 8.089036666666667
vertex -17.550155 22.250106666666667 7.717418333333334
vertex -17.550155 22.250106666666667 8.089036666666667
endloop
endfacet
facet normal 0 -0.9999999999999999 0
outer loop
vertex -22.449828333333336 22.250106666666667 8.089036666666667
vertex -22.449828333333336 22.250106666666667 7.717418333333334
vertex -21.73256166666667 22.250106666666667 7.717418333333334
endloop
endfacet
facet normal 0 -1 0
outer loop
vertex -22.449828333333336 22.250106666666667 8.089036666666667
vertex -21.73256166666667 22.250106666666667 7.717418333333334
vertex -22.0374 22.250106666666667 8.089036666666667
endloop
endfacet
facet normal 0 -1 0
outer loop
vertex 21.73256166666667 22.250106666666667 7.717418333333334
vertex 21.360943333333335 22.250106666666667 7.413198333333334
vertex 22.449828333333336 22.250106666666667 7.413198333333334
endloop
endfacet
facet normal 0 -1 0
outer loop
vertex 21.73256166666667 22.250106666666667 7.717418333333334
vertex 22.449828333333336 22.250106666666667 7.413198333333334
vertex 22.449828333333336 22.250106666666667 7.717418333333334
endloop
endfacet
facet normal 0 -1 0
outer loop
vertex 17.550155 22.250106666666667 7.717418333333334
vertex 17.550155 22.250106666666667 7.413198333333334
vertex 18.63904 22.250106666666667 7.413198333333334
endloop
endfacet
facet normal 0 -1 0
outer loop
vertex 17.550155 22.250106666666667 7.717418333333334
vertex 18.63904 22.250106666666667 7.413198333333334
vertex 18.267421666666667 22.250106666666667 7.717418333333334
endloop
endfacet
facet normal 0 -1 0
outer loop
vertex -18.267421666666667 22.250106666666667 7.717418333333334
vertex -18.63904 22.250106666666667 7.413198333333334
vertex -17.550155 22.250106666666667 7.413198333333334
endloop
endfacet
facet normal 0 -1 0
outer loop
vertex -18.267421666666667 22.250106666666667 7.717418333333334
vertex -17.550155 22.250106666666667 7.413198333333334
vertex -17.550155 22.250106666666667 7.717418333333334
endloop
endfacet
facet normal 0 -1 0
outer loop
vertex -22.449828333333336 22.250106666666667 7.717418333333334
vertex -22.449828333333336 22.250106666666667 7.413198333333334
vertex -21.360943333333335 22.250106666666667 7.413198333333334
endloop
endfacet
facet normal 0 -1 0
outer loop
vertex -22.449828333333336 22.250106666666667 7.717418333333334
vertex -21.360943333333335 22.250106666666667 7.413198333333334
vertex -21.73256166666667 22.250106666666667 7.717418333333334
endloop
endfacet
facet normal 0 -0.9999999999999999 0
outer loop
vertex 21.360943333333335 22.250106666666667 7.413198333333334
vertex 20.937385000000003 22.250106666666667 7.18627
vertex 22.449828333333336 22.250106666666667 7.18627
endloop
endfacet
facet normal 0 -1 0
outer loop
vertex 21.360943333333335 22.250106666666667 7.413198333333334
vertex 22.449828333333336 22.250106666666667 7.18627
vertex 22.449828333333336 22.250106666666667 7.413198333333334
endloop
endfacet
facet normal 0 -0.9999999999999999 0
outer loop
vertex 17.550155 22.250106666666667 7.413198333333334
vertex 17.550155 22.250106666666667 7.18627
vertex 19.062598333333334 22.250106666666667 7.18627
endloop
endfacet
facet normal 0 -1 0
outer loop
vertex 17.550155 22.250106666666667 7.413198333333334
vertex 19.062598333333334 22.250106666666667 7.18627
vertex 18.63904 22.250106666666667 7.413198333333334
endloop
endfacet
facet normal 0 -0.9999999999999999 0
outer loop
vertex -18.63904 22.250106666666667 7.413198333333334
vertex -19.062598333333334 22.250106666666667 7.18627
vertex -17.550155 22.250106666666667 7.18627
endloop
endfacet
facet normal 0 -1 0
outer loop
vertex -18.63904 22.250106666666667 7.413198333333334
vertex -17.550155 22.250106666666667 7.18627
vertex -17.550155 22.250106666666667 7.413198333333334
endloop
endfacet
facet normal 0 -0.9999999999999999 0
outer loop
vertex -22.449828333333336 22.250106666666667 7.413198333333334
vertex -22.449828333333336 22.250106666666667 7.18627
vertex -20.937385000000003 22.250106666666667 7.18627
endloop
endfacet
facet normal 0 -1 0
outer loop
vertex -22.449828333333336 22.250106666666667 7.413198333333334
vertex -20.937385000000003 22.250106666666667 7.18627
vertex -21.360943333333335 22.250106666666667 7.413198333333334
endloop
endfacet
facet normal 0 -1 0
outer loop
vertex 20.937385000000003 22.250106666666667 7.18627
vertex 20.477963333333335 22.250106666666667 7.047145
vertex 22.449828333333336 22.250106666666667 7.047145
endloop
endfacet
facet normal 0 -1 0
outer loop
vertex 20.937385000000003 22.250106666666667 7.18627
vertex 22.449828333333336 22.250106666666667 7.047145
vertex 22.449828333333336 22.250106666666667 7.18627
endloop
endfacet
facet normal 0 -1 0
outer loop
vertex 17.550155 22.250106666666667 7.18627
vertex 17.550155 22.250106666666667 7.047145
vertex 19.52202 22.250106666666667 7.047145
endloop
endfacet
facet normal 0 -1 0
outer loop
vertex 17.550155 22.250106666666667 7.18627
vertex 19.52202 22.250106666666667 7.047145
vertex 19.062598333333334 22.250106666666667 7.18627
endloop
endfacet
facet normal 0 -1 0
outer loop
vertex -19.062598333333334 22.250106666666667 7.18627
vertex -19.52202 22.250106666666667 7.047145
vertex -17.550155 22.250106666666667 7.047145
endloop
endfacet
facet normal 0 -1 0
outer loop
vertex -19.062598333333334 22.250106666666667 7.18627
vertex -17.550155 22.250106666666667 7.047145
vertex -17.550155 22.250106666666667 7.18627
endloop
endfacet
facet normal 0 -1 0
outer loop
vertex -22.449828333333336 22.250106666666667 7.18627
vertex -22.449828333333336 22.250106666666667 7.047145
vertex -20.477963333333335 22.250106666666667 7.047145
endloop
endfacet
facet normal 0 -1 0
outer loop
vertex -22.449828333333336 22.250106666666667 7.18627
vertex -20.477963333333335 22.250106666666667 7.047145
vertex -20.937385000000003 22.250106666666667 7.18627
endloop
endfacet
facet normal 0 -1 0
outer loop
vertex 20.477963333333335 22.250106666666667 7.047145
vertex 19.999991666666666 22.250106666666667 7.000151666666667
vertex 22.449828333333336 22.250106666666667 7.000151666666667
endloop
endfacet
facet normal 0 -0.9999999999999999 0
outer loop
vertex 20.477963333333335 22.250106666666667 7.047145
vertex 22.449828333333336 22.250106666666667 7.000151666666667
vertex 22.449828333333336 22.250106666666667 7.047145
endloop
endfacet
facet normal 0 -1 0
outer loop
vertex 17.550155 22.250106666666667 7.047145
vertex 17.550155 22.250106666666667 7.000151666666667
vertex 19.999991666666666 22.250106666666667 7.000151666666667
endloop
endfacet
facet normal 0 -0.9999999999999999 0
outer loop
vertex 17.550155 22.250106666666667 7.047145
vertex 19.999991666666666 22.250106666666667 7.000151666666667
vertex 19.52202 22.250106666666667 7.047145
endloop
endfacet
facet normal 0 -1 0
outer loop
vertex -19.52202 22.250106666666667 7.047145
vertex -19.999991666666666 22.250106666666667 7.000151666666667
vertex -17.550155 22.250106666666667 7.000151666666667
endloop
endfacet
facet normal 0 -0.9999999999999999 0
outer loop
vertex -19.52202 22.250106666666667 7.047145
vertex -17.550155 22.250106666666667 7.000151666666667
vertex -17.550155 22.250106666666667 7.047145
endloop
endfacet
facet normal 0 -1 0
outer loop
vertex -22.449828333333336 22.250106666666667 7.047145
vertex -22.449828333333336 22.250106666666667 7.000151666666667
vertex -19.999991666666666 22.250106666666667 7.000151666666667
endloop
endfacet
facet normal 0 -0.9999999999999999 0
outer loop
vertex -22.449828333333336 22.250106666666667 7.047145
vertex -19.999991666666666 22.250106666666667 7.000151666666667
vertex -20.477963333333335 22.250106666666667 7.047145
endloop
endfacet
facet normal 0 -0.9999999999999999 0
outer loop
vertex 19.999991666666666 22.250106666666667 5.000461666666667
vertex 19.999991666666666 22.250106666666667 7.000151666666667
vertex 17.550155 22.250106666666667 7.000151666666667
endloop
endfacet
facet normal 0 -0.9999999999999999 0
outer loop
vertex 19.999991666666666 22.250106666666667 5.000461666666667
vertex 17.550155 22.250106666666667 7.000151666666667
vertex 17.550155 22.250106666666667 2.0003083333333334
endloop
endfacet
facet normal 0 -1 0
outer loop
vertex 19.999991666666666 22.250106666666667 5.000461666666667
vertex 17.550155 22.250106666666667 2.0003083333333334
vertex 22.449828333333336 22.250106666666667 2.0003083333333334
endloop
endfacet
facet normal 0 -1 0
outer loop
vertex 19.999991666666666 22.250106666666667 5.000461666666667
vertex 22.449828333333336 22.250106666666667 2.0003083333333334
vertex 22.449828333333336 22.250106666666667 7.000151666666667
endloop
endfacet
facet normal 0 -1 0
outer loop
vertex 19.999991666666666 22.250106666666667 5.000461666666667
vertex 22.449828333333336 22.250106666666667 7.000151666666667
vertex 19.999991666666666 22.250106666666667 7.000151666666667
endloop
endfacet
facet normal 0 -1 0
outer loop
vertex -19.999991666666666 22.250106666666667 5.000461666666667
vertex -19.999991666666666 22.250106666666667 7.000151666666667
vertex -22.449828333333336 22.250106666666667 7.000151666666667
endloop
endfacet
facet normal 0 -1 0
outer loop
vertex -19.999991666666666 22.250106666666667 5.000461666666667
vertex -22.449828333333336 22.250106666666667 7.000151666666667
vertex -22.449828333333336 22.250106666666667 2.0003083333333334
endloop
endfacet
facet normal 0 -1 0
outer loop
vertex -19.999991666666666 22.250106666666667 5.000461666666667
vertex -22.449828333333336 22.250106666666667 2.0003083333333334
vertex -17.550155 22.250106666666667 2.0003083333333334
endloop
endfacet
facet normal 0 -0.9999999999999999 0
outer loop
vertex -19.999991666666666 22.250106666666667 5.000461666666667
vertex -17.550155 22.250106666666667 2.0003083333333334
vertex -17.550155 22.250106666666667 7.000151666666667
endloop
endfacet
facet normal 0 -0.9999999999999999 0
outer loop
vertex -19.999991666666666 22.250106666666667 5.000461666666667
vertex -17.550155 22.250106666666667 7.000151666666667
vertex -19.999991666666666 22.250106666666667 7.000151666666667
endloop
endfacet
facet normal 0 0 -1
outer loop
vertex -42.381185 22.250106666666667 30.000296666666667
vertex -42.381185 16.949753333333334 30.000296666666667
vertex -42.44982 16.949753333333334 30.000296666666667
endloop
endfacet
facet normal 0 0 -1
outer loop
vertex -42.381185 22.250106666666667 30.000296666666667
vertex -42.44982 16.949753333333334 30.000296666666667
vertex -42.44982 22.250106666666667 30.000296666666667
endloop
endfacet
facet normal 0 0 -1
outer loop
vertex -37.55014666666667 22.250106666666667 30.000296666666667
vertex -37.55014666666667 16.949753333333334 30.000296666666667
vertex -37.61878166666667 16.949753333333334 30.000296666666667
endloop
endfacet
facet normal 0 0 -1
outer loop
vertex -37.55014666666667 22.250106666666667 30.000296666666667
vertex -37.61878166666667 16.949753333333334 30.000296666666667
vertex -37.61878166666667 22.250106666666667 30.000296666666667
endloop
endfacet
facet normal 0 0 -0.9999999999999999
outer loop
vertex -2.3812016666666667 22.250106666666667 30.000296666666667
vertex -2.3812016666666667 16.949753333333334 30.000296666666667
vertex -2.4498366666666667 16.949753333333334 30.000296666666667
endloop
endfacet
facet normal 0 0 -0.9999999999999999
outer loop
vertex -2.3812016666666667 22.250106666666667 30.000296666666667
vertex -2.4498366666666667 16.949753333333334 30.000296666666667
vertex -2.4498366666666667 22.250106666666667 30.000296666666667
endloop
endfacet
facet normal 0 0 -0.9999999999999999
outer loop
vertex 2.4498366666666667 22.250106666666667 30.000296666666667
vertex 2.4498366666666667 16.949753333333334 30.000296666666667
vertex 2.3812016666666667 16.949753333333334 30.000296666666667
endloop
endfacet
facet normal 0 0 -0.9999999999999999
outer loop
vertex 2.4498366666666667 22.250106666666667 30.000296666666667
vertex 2.3812016666666667 16.949753333333334 30.000296666666667
vertex 2.3812016666666667 22.250106666666667 30.000296666666667
endloop
endfacet
facet normal 0 0 -1
outer loop
vertex 37.61878166666667 22.250106666666667 30.000296666666667
vertex 37.61878166666667 16.949753333333334 30.000296666666667
vertex 37.55014666666667 16.949753333333334 30.000296666666667
endloop
endfacet
facet normal 0 0 -1
outer loop
vertex 37.61878166666667 22.250106666666667 30.000296666666667
vertex 37.55014666666667 16.949753333333334 30.000296666666667
vertex 37.55014666666667 22.250106666666667 30.000296666666667
endloop
endfacet
facet normal 0 0 -1
outer loop
vertex 42.44982 22.250106666666667 30.000296666666667
vertex 42.44982 16.949753333333334 30.000296666666667
vertex 42.381185 16.949753333333334 30.000296666666667
endloop
endfacet
facet normal 0 0 -1
outer loop
vertex 42.44982 22.250106666666667 30.000296666666667
vertex 42.381185 16.949753333333334 30.000296666666667
vertex 42.381185 22.250106666666667 30.000296666666667
endloop
endfacet
facet normal 0.9952015221715431 0 0.09784646272320402
outer loop
vertex -17.597148333333333 22.250106666666667 9.92796
vertex -17.597148333333333 16.949753333333334 9.92796
vertex -17.550155 16.949753333333334 9.449988333333334
endloop
endfacet
facet normal 0.9952015221715431 0 0.09784646272320402
outer loop
vertex -17.597148333333333 22.250106666666667 9.92796
vertex -17.550155 16.949753333333334 9.449988333333334
vertex -17.550155 22.250106666666667 9.449988333333334
endloop
endfacet
facet normal -0.9952015221715426 0 0.09784646272321136
outer loop
vertex -22.449828333333336 22.250106666666667 9.449988333333334
vertex -22.449828333333336 16.949753333333334 9.449988333333334
vertex -22.402835 16.949753333333334 9.92796
endloop
endfacet
facet normal -0.9952015221715426 0 0.09784646272321136
outer loop
vertex -22.449828333333336 22.250106666666667 9.449988333333334
vertex -22.402835 16.949753333333334 9.92796
vertex -22.402835 22.250106666666667 9.92796
endloop
endfacet
facet normal -0.9952015221715426 0 -0.09784646272321136
outer loop
vertex -22.402835 22.250106666666667 8.972016666666667
vertex -22.402835 16.949753333333334 8.972016666666667
vertex -22.449828333333336 16.949753333333334 9.449988333333334
endloop
endfacet
facet normal -0.9952015221715426 0 -0.09784646272321136
outer loop
vertex -22.402835 22.250106666666667 8.972016666666667
vertex -22.449828333333336 16.949753333333334 9.449988333333334
vertex -22.449828333333336 22.250106666666667 9.449988333333334
endloop
endfacet
facet normal -0.9570785562531485 0 -0.2898286341278046
outer loop
vertex -22.26371 22.250106666666667 8.512595000000001
vertex -22.26371 16.949753333333334 8.512595000000001
vertex -22.402835 16.949753333333334 8.972016666666667
endloop
endfacet
facet normal -0.9570785562531485 0 -0.2898286341278046
outer loop
vertex -22.26371 22.250106666666667 8.512595000000001
vertex -22.402835 16.949753333333334 8.972016666666667
vertex -22.402835 22.250106666666667 8.972016666666667
endloop
endfacet
facet normal -0.8819962629602888 0 -0.47125639743571124
outer loop
vertex -22.0374 22.250106666666667 8.089036666666667
vertex -22.0374 16.949753333333334 8.089036666666667
vertex -22.26371 16.949753333333334 8.512595000000001
endloop
endfacet
facet normal -0.8819962629602888 0 -0.47125639743571124
outer loop
vertex -22.0374 22.250106666666667 8.089036666666667
vertex -22.26371 16.949753333333334 8.512595000000001
vertex -22.26371 22.250106666666667 8.512595000000001
endloop
endfacet
facet normal -0.7731542409814094 0 -0.6342180379431517
outer loop
vertex -21.73256166666667 22.250106666666667 7.717418333333334
vertex -21.73256166666667 16.949753333333334 7.717418333333334
vertex -22.0374 16.949753333333334 8.089036666666667
endloop
endfacet
facet normal -0.7731542409814094 0 -0.6342180379431517
outer loop
vertex -21.73256166666667 22.250106666666667 7.717418333333334
vertex -22.0374 16.949753333333334 8.089036666666667
vertex -22.0374 22.250106666666667 8.089036666666667
endloop
endfacet
facet normal -0.6334481004008683 0 -0.7737851795547208
outer loop
vertex -21.360943333333335 22.250106666666667 7.413198333333334
vertex -21.360943333333335 16.949753333333334 7.413198333333334
vertex -21.73256166666667 16.949753333333334 7.717418333333334
endloop
endfacet
facet normal -0.6334481004008683 0 -0.7737851795547208
outer loop
vertex -21.360943333333335 22.250106666666667 7.413198333333334
vertex -21.73256166666667 16.949753333333334 7.717418333333334
vertex -21.73256166666667 22.250106666666667 7.717418333333334
endloop
endfacet
facet normal -0.4722571212617987 0 -0.8814608394123469
outer loop
vertex -20.937385000000003 22.250106666666667 7.18627
vertex -20.937385000000003 16.949753333333334 7.18627
vertex -21.360943333333335 16.949753333333334 7.413198333333334
endloop
endfacet
facet normal -0.4722571212617987 0 -0.8814608394123469
outer loop
vertex -20.937385000000003 22.250106666666667 7.18627
vertex -21.360943333333335 16.949753333333334 7.413198333333334
vertex -21.360943333333335 22.250106666666667 7.413198333333334
endloop
endfacet
facet normal -0.2898286341278035 0 -0.9570785562531489
outer loop
vertex -20.477963333333335 22.250106666666667 7.047145
vertex -20.477963333333335 16.949753333333334 7.047145
vertex -20.937385000000003 16.949753333333334 7.18627
endloop
endfacet
facet normal -0.2898286341278035 0 -0.9570785562531489
outer loop
vertex -20.477963333333335 22.250106666666667 7.047145
vertex -20.937385000000003 16.949753333333334 7.18627
vertex -20.937385000000003 22.250106666666667 7.18627
endloop
endfacet
facet normal -0.09784646272320364 0 -0.9952015221715432
outer loop
vertex -19.999991666666666 22.250106666666667 7.000151666666667
vertex -19.999991666666666 16.949753333333334 7.000151666666667
vertex -20.477963333333335 16.949753333333334 7.047145
endloop
endfacet
facet normal -0.09784646272320364 0 -0.9952015221715432
outer loop
vertex -19.999991666666666 22.250106666666667 7.000151666666667
vertex -20.477963333333335 16.949753333333334 7.047145
vertex -20.477963333333335 22.250106666666667 7.047145
endloop
endfacet
facet normal 0.09784646272320438 0 -0.9952015221715431
outer loop
vertex -19.52202 22.250106666666667 7.047145
vertex -19.52202 16.949753333333334 7.047145
vertex -19.999991666666666 16.949753333333334 7.000151666666667
endloop
endfacet
facet normal 0.09784646272320438 0 -0.9952015221715431
outer loop
vertex -19.52202 22.250106666666667 7.047145
vertex -19.999991666666666 16.949753333333334 7.000151666666667
vertex -19.999991666666666 22.250106666666667 7.000151666666667
endloop
endfacet
facet normal 0.2898286341278035 0 -0.9570785562531489
outer loop
vertex -19.062598333333334 22.250106666666667 7.18627
vertex -19.062598333333334 16.949753333333334 7.18627
vertex -19.52202 16.949753333333334 7.047145
endloop
endfacet
facet normal 0.2898286341278035 0 -0.9570785562531489
outer loop
vertex -19.062598333333334 22.250106666666667 7.18627
vertex -19.52202 16.949753333333334 7.047145
vertex -19.52202 22.250106666666667 7.047145
endloop
endfacet
facet normal 0.4722571212617987 0 -0.8814608394123469
outer loop
vertex -18.63904 22.250106666666667 7.413198333333334
vertex -18.63904 16.949753333333334 7.413198333333334
vertex -19.062598333333334 16.949753333333334 7.18627
endloop
endfacet
facet normal 0.4722571212617987 0 -0.8814608394123469
outer loop
vertex -18.63904 22.250106666666667 7.413198333333334
vertex -19.062598333333334 16.949753333333334 7.18627
vertex -19.062598333333334 22.250106666666667 7.18627
endloop
endfacet
facet normal 0.6334481004008683 0 -0.7737851795547208
outer loop
vertex -18.267421666666667 22.250106666666667 7.717418333333334
vertex -18.267421666666667 16.949753333333334 7.717418333333334
vertex -18.63904 16.949753333333334 7.413198333333334
endloop
endfacet
facet normal 0.6334481004008683 0 -0.7737851795547208
outer loop
vertex -18.267421666666667 22.250106666666667 7.717418333333334
vertex -18.63904 16.949753333333334 7.413198333333334
vertex -18.63904 22.250106666666667 7.413198333333334
endloop
endfacet
facet normal 0.7737851795547191 0 -0.6334481004008702
outer loop
vertex -17.963201666666667 22.250106666666667 8.089036666666667
vertex -17.963201666666667 16.949753333333334 8.089036666666667
vertex -18.267421666666667 16.949753333333334 7.717418333333334
endloop
endfacet
facet normal 0.7737851795547191 0 -0.6334481004008702
outer loop
vertex -17.963201666666667 22.250106666666667 8.089036666666667
vertex -18.267421666666667 16.949753333333334 7.717418333333334
vertex -18.267421666666667 22.250106666666667 7.717418333333334
endloop
endfacet
facet normal 0.8814608394123475 0 -0.4722571212617971
outer loop
vertex -17.736273333333333 22.250106666666667 8.512595000000001
vertex -17.736273333333333 16.949753333333334 8.512595000000001
vertex -17.963201666666667 16.949753333333334 8.089036666666667
endloop
endfacet
facet normal 0.8814608394123475 0 -0.4722571212617971
outer loop
vertex -17.736273333333333 22.250106666666667 8.512595000000001
vertex -17.963201666666667 16.949753333333334 8.089036666666667
vertex -17.963201666666667 22.250106666666667 8.089036666666667
endloop
endfacet
facet normal 0.9570785562531485 0 -0.2898286341278046
outer loop
vertex -17.597148333333333 22.250106666666667 8.972016666666667
vertex -17.597148333333333 16.949753333333334 8.972016666666667
vertex -17.736273333333333 16.949753333333334 8.512595000000001
endloop
endfacet
facet normal 0.9570785562531485 0 -0.2898286341278046
outer loop
vertex -17.597148333333333 22.250106666666667 8.972016666666667
vertex -17.736273333333333 16.949753333333334 8.512595000000001
vertex -17.736273333333333 22.250106666666667 8.512595000000001
endloop
endfacet
facet normal 0.9952015221715431 0 -0.09784646272320402
outer loop
vertex -17.550155 22.250106666666667 9.449988333333334
vertex -17.550155 16.949753333333334 9.449988333333334
vertex -17.597148333333333 16.949753333333334 8.972016666666667
endloop
endfacet
facet normal 0.9952015221715431 0 -0.09784646272320402
outer loop
vertex -17.550155 22.250106666666667 9.449988333333334
vertex -17.597148333333333 16.949753333333334 8.972016666666667
vertex -17.597148333333333 22.250106666666667 8.972016666666667
endloop
endfacet
facet normal 0.9580513614401355 0 0.2865965611145795
outer loop
vertex -17.61879 16.949753333333334 10.000305
vertex -17.597148333333333 16.949753333333334 9.92796
vertex -17.597148333333333 22.250106666666667 9.92796
endloop
endfacet
facet normal 0.9580513614401355 0 0.2865965611145795
outer loop
vertex -17.61879 16.949753333333334 10.000305
vertex -17.597148333333333 22.250106666666667 9.92796
vertex -17.61879 22.250106666666667 10.000305
endloop
endfacet
facet normal -0.9580513614401484 0 0.2865965611145363
outer loop
vertex -22.402835 22.250106666666667 9.92796
vertex -22.402835 16.949753333333334 9.92796
vertex -22.381193333333336 16.949753333333334 10.000305
endloop
endfacet
facet normal -0.9580513614401484 0 0.2865965611145363
outer loop
vertex -22.402835 22.250106666666667 9.92796
vertex -22.381193333333336 16.949753333333334 10.000305
vertex -22.381193333333336 22.250106666666667 10.000305
endloop
endfacet
facet normal -1 0 0
outer loop
vertex -22.449828333333336 22.529593333333334 11.199871666666667
vertex -22.449828333333336 28.249795000000002 12.99984
vertex -22.449828333333336 28.249795000000002 10.000305
endloop
endfacet
facet normal -1 0 0
outer loop
vertex -22.449828333333336 22.529593333333334 11.199871666666667
vertex -22.449828333333336 28.249795000000002 10.000305
vertex -22.449828333333336 22.250106666666667 10.000305
endloop
endfacet
facet normal -1 0 0
outer loop
vertex -22.449828333333336 22.529593333333334 11.199871666666667
vertex -22.449828333333336 22.250106666666667 10.000305
vertex -22.449828333333336 16.949753333333334 10.000305
endloop
endfacet
facet normal -1 0 0
outer loop
vertex -22.449828333333336 22.529593333333334 11.199871666666667
vertex -22.449828333333336 16.949753333333334 10.000305
vertex -22.449828333333336 16.949753333333334 12.99984
endloop
endfacet
facet normal -1 0 0
outer loop
vertex -22.449828333333336 22.529593333333334 11.199871666666667
vertex -22.449828333333336 16.949753333333334 12.99984
vertex -22.449828333333336 28.249795000000002 12.99984
endloop
endfacet
facet normal -0.9999999999999999 0 0
outer loop
vertex -22.449828333333336 23.107116666666666 7.522643333333334
vertex -22.449828333333336 28.249795000000002 10.000305
vertex -22.449828333333336 28.249795000000002 2.0003083333333334
endloop
endfacet
facet normal -1 0 0
outer loop
vertex -22.449828333333336 23.107116666666666 7.522643333333334
vertex -22.449828333333336 28.249795000000002 2.0003083333333334
vertex -22.449828333333336 22.250106666666667 2.0003083333333334
endloop
endfacet
facet normal -1 0 0
outer loop
vertex -22.449828333333336 23.107116666666666 7.522643333333334
vertex -22.449828333333336 22.250106666666667 2.0003083333333334
vertex -22.449828333333336 22.250106666666667 7.000151666666667
endloop
endfacet
facet normal -1 0 0
outer loop
vertex -22.449828333333336 23.107116666666666 7.522643333333334
vertex -22.449828333333336 22.250106666666667 7.000151666666667
vertex -22.449828333333336 22.250106666666667 7.047145
endloop
endfacet
facet normal -1 0 0
outer loop
vertex -22.449828333333336 23.107116666666666 7.522643333333334
vertex -22.449828333333336 22.250106666666667 7.047145
vertex -22.449828333333336 22.250106666666667 7.18627
endloop
endfacet
facet normal -0.9999999999999999 0 0
outer loop
vertex -22.449828333333336 23.107116666666666 7.522643333333334
vertex -22.449828333333336 22.250106666666667 7.18627
vertex -22.449828333333336 22.250106666666667 7.413198333333334
endloop
endfacet
facet normal -1 0 0
outer loop
vertex -22.449828333333336 23.107116666666666 7.522643333333334
vertex -22.449828333333336 22.250106666666667 7.413198333333334
vertex -22.449828333333336 22.250106666666667 7.717418333333334
endloop
endfacet
facet normal -1 0 0
outer loop
vertex -22.449828333333336 23.107116666666666 7.522643333333334
vertex -22.449828333333336 22.250106666666667 7.717418333333334
vertex -22.449828333333336 22.250106666666667 8.089036666666667
endloop
endfacet
facet normal -1 0 0
outer loop
vertex -22.449828333333336 23.107116666666666 7.522643333333334
vertex -22.449828333333336 22.250106666666667 8.089036666666667
vertex -22.449828333333336 22.250106666666667 8.512595000000001
endloop
endfacet
facet normal -0.9999999999999999 0 0
outer loop
vertex -22.449828333333336 23.107116666666666 7.522643333333334
vertex -22.449828333333336 22.250106666666667 8.512595000000001
vertex -22.449828333333336 22.250106666666667 8.972016666666667
endloop
endfacet
facet normal -1 0 0
outer loop
vertex -22.449828333333336 23.107116666666666 7.522643333333334
vertex -22.449828333333336 22.250106666666667 8.972016666666667
vertex -22.449828333333336 22.250106666666667 9.449988333333334
endloop
endfacet
facet normal -1 0 0
outer loop
vertex -22.449828333333336 23.107116666666666 7.522643333333334
vertex -22.449828333333336 22.250106666666667 9.449988333333334
vertex -22.449828333333336 22.250106666666667 9.92796
endloop
endfacet
facet normal -0.9999999999999999 0 0
outer loop
vertex -22.449828333333336 23.107116666666666 7.522643333333334
vertex -22.449828333333336 22.250106666666667 9.92796
vertex -22.449828333333336 22.250106666666667 10.000305
endloop
endfacet
facet normal -1 0 0
outer loop
vertex -22.449828333333336 23.107116666666666 7.522643333333334
vertex -22.449828333333336 22.250106666666667 10.000305
vertex -22.449828333333336 28.249795000000002 10.000305
endloop
endfacet
facet normal 1 0 0
outer loop
vertex -17.550155 22.529593333333334 11.199871666666667
vertex -17.550155 16.949753333333334 12.99984
vertex -17.550155 16.949753333333334 10.000305
endloop
endfacet
facet normal 1 0 0
outer loop
vertex -17.550155 22.529593333333334 11.199871666666667
vertex -17.550155 16.949753333333334 10.000305
vertex -17.550155 22.250106666666667 10.000305
endloop
endfacet
facet normal 1 0 0
outer loop
vertex -17.550155 22.529593333333334 11.199871666666667
vertex -17.550155 22.250106666666667 10.000305
vertex -17.550155 28.249795000000002 10.000305
endloop
endfacet
facet normal 1 0 0
outer loop
vertex -17.550155 22.529593333333334 11.199871666666667
vertex -17.550155 28.249795000000002 10.000305
vertex -17.550155 28.249795000000002 12.99984
endloop
endfacet
facet normal 1 0 0
outer loop
vertex -17.550155 22.529593333333334 11.199871666666667
vertex -17.550155 28.249795000000002 12.99984
vertex -17.550155 16.949753333333334 12.99984
endloop
endfacet
facet normal 0.9999999999999999 0 0
outer loop
vertex -17.550155 23.107116666666666 7.522643333333334
vertex -17.550155 22.250106666666667 10.000305
vertex -17.550155 22.250106666666667 9.92796
endloop
endfacet
facet normal 1 0 0
outer loop
vertex -17.550155 23.107116666666666 7.522643333333334
vertex -17.550155 22.250106666666667 9.92796
vertex -17.550155 22.250106666666667 9.449988333333334
endloop
endfacet
facet normal 1 0 0
outer loop
vertex -17.550155 23.107116666666666 7.522643333333334
vertex -17.550155 22.250106666666667 9.449988333333334
vertex -17.550155 22.250106666666667 8.972016666666667
endloop
endfacet
facet normal 0.9999999999999999 0 0
outer loop
vertex -17.550155 23.107116666666666 7.522643333333334
vertex -17.550155 22.250106666666667 8.972016666666667
vertex -17.550155 22.250106666666667 8.512595000000001
endloop
endfacet
facet normal 1 0 0
outer loop
vertex -17.550155 23.107116666666666 7.522643333333334
vertex -17.550155 22.250106666666667 8.512595000000001
vertex -17.550155 22.250106666666667 8.089036666666667
endloop
endfacet
facet normal 1 0 0
outer loop
vertex -17.550155 23.107116666666666 7.522643333333334
vertex -17.550155 22.250106666666667 8.089036666666667
vertex -17.550155 22.250106666666667 7.717418333333334
endloop
endfacet
facet normal 1 0 0
outer loop
vertex -17.550155 23.107116666666666 7.522643333333334
vertex -17.550155 22.250106666666667 7.717418333333334
vertex -17.550155 22.250106666666667 7.413198333333334
endloop
endfacet
facet normal 0.9999999999999999 0 0
outer loop
vertex -17.550155 23.107116666666666 7.522643333333334
vertex -17.550155 22.250106666666667 7.413198333333334
vertex -17.550155 22.250106666666667 7.18627
endloop
endfacet
facet normal 1 0 0
outer loop
vertex -17.550155 23.107116666666666 7.522643333333334
vertex -17.550155 22.250106666666667 7.18627
vertex -17.550155 22.250106666666667 7.047145
endloop
endfacet
facet normal 1 0 0
outer loop
vertex -17.550155 23.107116666666666 7.522643333333334
vertex -17.550155 22.250106666666667 7.047145
vertex -17.550155 22.250106666666667 7.000151666666667
endloop
endfacet
facet normal 1 0 0
outer loop
vertex -17.550155 23.107116666666666 7.522643333333334
vertex -17.550155 22.250106666666667 7.000151666666667
vertex -17.550155 22.250106666666667 2.0003083333333334
endloop
endfacet
facet normal 1 0 0
outer loop
vertex -17.550155 23.107116666666666 7.522643333333334
vertex -17.550155 22.250106666666667 2.0003083333333334
vertex -17.550155 28.249795000000002 2.0003083333333334
endloop
endfacet
facet normal 0.9999999999999999 0 0
outer loop
vertex -17.550155 23.107116666666666 7.522643333333334
vertex -17.550155 28.249795000000002 2.0003083333333334
vertex -17.550155 28.249795000000002 10.000305
endloop
endfacet
facet normal 1 0 0
outer loop
vertex -17.550155 23.107116666666666 7.522643333333334
vertex -17.550155 28.249795000000002 10.000305
vertex -17.550155 22.250106666666667 10.000305
endloop
endfacet
facet normal 0 0 -1
outer loop
vertex -17.550155 28.249795000000002 2.0003083333333334
vertex -17.550155 22.250106666666667 2.0003083333333334
vertex -22.449828333333336 22.250106666666667 2.0003083333333334
endloop
endfacet
facet normal 0 0 -1
outer loop
vertex -17.550155 28.249795000000002 2.0003083333333334
vertex -22.449828333333336 22.250106666666667 2.0003083333333334
vertex -22.449828333333336 28.249795000000002 2.0003083333333334
endloop
endfacet
facet normal 0 0 -1
outer loop
vertex 22.449828333333336 28.249795000000002 2.0003083333333334
vertex 22.449828333333336 22.250106666666667 2.0003083333333334
vertex 17.550155 22.250106666666667 2.0003083333333334
endloop
endfacet
facet normal 0 0 -1
outer loop
vertex 22.449828333333336 28.249795000000002 2.0003083333333334
vertex 17.550155 22.250106666666667 2.0003083333333334
vertex 17.550155 28.249795000000002 2.0003083333333334
endloop
endfacet
facet normal 0 0 0.9999999999999999
outer loop
vertex 17.550155 28.249795000000002 12.99984
vertex 17.550155 16.949753333333334 12.99984
vertex 22.449828333333336 16.949753333333334 12.99984
endloop
endfacet
facet normal 0 0 0.9999999999999999
outer loop
vertex 17.550155 28.249795000000002 12.99984
vertex 22.449828333333336 16.949753333333334 12.99984
vertex 22.449828333333336 28.249795000000002 12.99984
endloop
endfacet
facet normal 0 0 0.9999999999999999
outer loop
vertex -22.449828333333336 28.249795000000002 12.99984
vertex -22.449828333333336 16.949753333333334 12.99984
vertex -17.550155 16.949753333333334 12.99984
endloop
endfacet
facet normal 0 0 0.9999999999999999
outer loop
vertex -22.449828333333336 28.249795000000002 12.99984
vertex -17.550155 16.949753333333334 12.99984
vertex -17.550155 28.249795000000002 12.99984
endloop
endfacet
facet normal 0 0 -1
outer loop
vertex -22.381193333333336 22.250106666666667 10.000305
vertex -22.381193333333336 16.949753333333334 10.000305
vertex -22.449828333333336 16.949753333333334 10.000305
endloop
endfacet
facet normal 0 0 -1
outer loop
vertex -22.381193333333336 22.250106666666667 10.000305
vertex -22.449828333333336 16.949753333333334 10.000305
vertex -22.449828333333336 22.250106666666667 10.000305
endloop
endfacet
facet normal 0 0 -1
outer loop
vertex -17.550155 22.250106666666667 10.000305
vertex -17.550155 16.949753333333334 10.000305
vertex -17.61879 16.949753333333334 10.000305
endloop
endfacet
facet normal 0 0 -1
outer loop
vertex -17.550155 22.250106666666667 10.000305
vertex -17.61879 16.949753333333334 10.000305
vertex -17.61879 22.250106666666667 10.000305
endloop
endfacet
facet normal 0 0 -1
outer loop
vertex 17.61879 22.250106666666667 10.000305
vertex 17.61879 16.949753333333334 10.000305
vertex 17.550155 16.949753333333334 10.000305
endloop
endfacet
facet normal 0 0 -1
outer loop
vertex 17.61879 22.250106666666667 10.000305
vertex 17.550155 16.949753333333334 10.000305
vertex 17.550155 22.250106666666667 10.000305
endloop
endfacet
facet normal 0 0 -1
outer loop
vertex 22.449828333333336 22.250106666666667 10.000305
vertex 22.449828333333336 16.949753333333334 10.000305
vertex 22.381193333333336 16.949753333333334 10.000305
endloop
endfacet
facet normal 0 0 -1
outer loop
vertex 22.449828333333336 22.250106666666667 10.000305
vertex 22.381193333333336 16.949753333333334 10.000305
vertex 22.381193333333336 22.250106666666667 10.000305
endloop
endfacet
facet normal 0.9952015221715426 0 0.09784646272321136
outer loop
vertex 22.402835 22.250106666666667 9.92796
vertex 22.402835 16.949753333333334 9.92796
vertex 22.449828333333336 16.949753333333334 9.449988333333334
endloop
endfacet
facet normal 0.9952015221715426 0 0.09784646272321136
outer loop
vertex 22.402835 22.250106666666667 9.92796
vertex 22.449828333333336 16.949753333333334 9.449988333333334
vertex 22.449828333333336 22.250106666666667 9.449988333333334
endloop
endfacet
facet normal -0.9952015221715431 0 0.09784646272320402
outer loop
vertex 17.550155 22.250106666666667 9.449988333333334
vertex 17.550155 16.949753333333334 9.449988333333334
vertex 17.597148333333333 16.949753333333334 9.92796
endloop
endfacet
facet normal -0.9952015221715431 0 0.09784646272320402
outer loop
vertex 17.550155 22.250106666666667 9.449988333333334
vertex 17.597148333333333 16.949753333333334 9.92796
vertex 17.597148333333333 22.250106666666667 9.92796
endloop
endfacet
facet normal -0.9952015221715431 0 -0.09784646272320402
outer loop
vertex 17.597148333333333 22.250106666666667 8.972016666666667
vertex 17.597148333333333 16.949753333333334 8.972016666666667
vertex 17.550155 16.949753333333334 9.449988333333334
endloop
endfacet
facet normal -0.9952015221715431 0 -0.09784646272320402
outer loop
vertex 17.597148333333333 22.250106666666667 8.972016666666667
vertex 17.550155 16.949753333333334 9.449988333333334
vertex 17.550155 22.250106666666667 9.449988333333334
endloop
endfacet
facet normal -0.9570785562531485 0 -0.2898286341278046
outer loop
vertex 17.736273333333333 22.250106666666667 8.512595000000001
vertex 17.736273333333333 16.949753333333334 8.512595000000001
vertex 17.597148333333333 16.949753333333334 8.972016666666667
endloop
endfacet
facet normal -0.9570785562531485 0 -0.2898286341278046
outer loop
vertex 17.736273333333333 22.250106666666667 8.512595000000001
vertex 17.597148333333333 16.949753333333334 8.972016666666667
vertex 17.597148333333333 22.250106666666667 8.972016666666667
endloop
endfacet
facet normal -0.8814608394123475 0 -0.4722571212617971
outer loop
vertex 17.963201666666667 22.250106666666667 8.089036666666667
vertex 17.963201666666667 16.949753333333334 8.089036666666667
vertex 17.736273333333333 16.949753333333334 8.512595000000001
endloop
endfacet
facet normal -0.8814608394123475 0 -0.4722571212617971
outer loop
vertex 17.963201666666667 22.250106666666667 8.089036666666667
vertex 17.736273333333333 16.949753333333334 8.512595000000001
vertex 17.736273333333333 22.250106666666667 8.512595000000001
endloop
endfacet
facet normal -0.7737851795547191 0 -0.6334481004008702
outer loop
vertex 18.267421666666667 22.250106666666667 7.717418333333334
vertex 18.267421666666667 16.949753333333334 7.717418333333334
vertex 17.963201666666667 16.949753333333334 8.089036666666667
endloop
endfacet
facet normal -0.7737851795547191 0 -0.6334481004008702
outer loop
vertex 18.267421666666667 22.250106666666667 7.717418333333334
vertex 17.963201666666667 16.949753333333334 8.089036666666667
vertex 17.963201666666667 22.250106666666667 8.089036666666667
endloop
endfacet
facet normal -0.6334481004008683 0 -0.7737851795547208
outer loop
vertex 18.63904 22.250106666666667 7.413198333333334
vertex 18.63904 16.949753333333334 7.413198333333334
vertex 18.267421666666667 16.949753333333334 7.717418333333334
endloop
endfacet
facet normal -0.6334481004008683 0 -0.7737851795547208
outer loop
vertex 18.63904 22.250106666666667 7.413198333333334
vertex 18.267421666666667 16.949753333333334 7.717418333333334
vertex 18.267421666666667 22.250106666666667 7.717418333333334
endloop
endfacet
facet normal -0.4722571212617987 0 -0.8814608394123469
outer loop
vertex 19.062598333333334 22.250106666666667 7.18627
vertex 19.062598333333334 16.949753333333334 7.18627
vertex 18.63904 16.949753333333334 7.413198333333334
endloop
endfacet
facet normal -0.4722571212617987 0 -0.8814608394123469
outer loop
vertex 19.062598333333334 22.250106666666667 7.18627
vertex 18.63904 16.949753333333334 7.413198333333334
vertex 18.63904 22.250106666666667 7.413198333333334
endloop
endfacet
facet normal -0.2898286341278035 0 -0.9570785562531489
outer loop
vertex 19.52202 22.250106666666667 7.047145
vertex 19.52202 16.949753333333334 7.047145
vertex 19.062598333333334 16.949753333333334 7.18627
endloop
endfacet
facet normal -0.2898286341278035 0 -0.9570785562531489
outer loop
vertex 19.52202 22.250106666666667 7.047145
vertex 19.062598333333334 16.949753333333334 7.18627
vertex 19.062598333333334 22.250106666666667 7.18627
endloop
endfacet
facet normal -0.09784646272320438 0 -0.9952015221715431
outer loop
vertex 19.999991666666666 22.250106666666667 7.000151666666667
vertex 19.999991666666666 16.949753333333334 7.000151666666667
vertex 19.52202 16.949753333333334 7.047145
endloop
endfacet
facet normal -0.09784646272320438 0 -0.9952015221715431
outer loop
vertex 19.999991666666666 22.250106666666667 7.000151666666667
vertex 19.52202 16.949753333333334 7.047145
vertex 19.52202 22.250106666666667 7.047145
endloop
endfacet
facet normal 0.09784646272320364 0 -0.9952015221715432
outer loop
vertex 20.477963333333335 22.250106666666667 7.047145
vertex 20.477963333333335 16.949753333333334 7.047145
vertex 19.999991666666666 16.949753333333334 7.000151666666667
endloop
endfacet
facet normal 0.09784646272320364 0 -0.9952015221715432
outer loop
vertex 20.477963333333335 22.250106666666667 7.047145
vertex 19.999991666666666 16.949753333333334 7.000151666666667
vertex 19.999991666666666 22.250106666666667 7.000151666666667
endloop
endfacet
facet normal 0.2898286341278035 0 -0.9570785562531489
outer loop
vertex 20.937385000000003 22.250106666666667 7.18627
vertex 20.937385000000003 16.949753333333334 7.18627
vertex 20.477963333333335 16.949753333333334 7.047145
endloop
endfacet
facet normal 0.2898286341278035 0 -0.9570785562531489
outer loop
vertex 20.937385000000003 22.250106666666667 7.18627
vertex 20.477963333333335 16.949753333333334 7.047145
vertex 20.477963333333335 22.250106666666667 7.047145
endloop
endfacet
facet normal 0.4722571212617987 0 -0.8814608394123469
outer loop
vertex 21.360943333333335 22.250106666666667 7.413198333333334
vertex 21.360943333333335 16.949753333333334 7.413198333333334
vertex 20.937385000000003 16.949753333333334 7.18627
endloop
endfacet
facet normal 0.4722571212617987 0 -0.8814608394123469
outer loop
vertex 21.360943333333335 22.250106666666667 7.413198333333334
vertex 20.937385000000003 16.949753333333334 7.18627
vertex 20.937385000000003 22.250106666666667 7.18627
endloop
endfacet
facet normal 0.6334481004008683 0 -0.7737851795547208
outer loop
vertex 21.73256166666667 22.250106666666667 7.717418333333334
vertex 21.73256166666667 16.949753333333334 7.717418333333334
vertex 21.360943333333335 16.949753333333334 7.413198333333334
endloop
endfacet
facet normal 0.6334481004008683 0 -0.7737851795547208
outer loop
vertex 21.73256166666667 22.250106666666667 7.717418333333334
vertex 21.360943333333335 16.949753333333334 7.413198333333334
vertex 21.360943333333335 22.250106666666667 7.413198333333334
endloop
endfacet
facet normal 0.7731542409814094 0 -0.6342180379431517
outer loop
vertex 22.0374 22.250106666666667 8.089036666666667
vertex 22.0374 16.949753333333334 8.089036666666667
vertex 21.73256166666667 16.949753333333334 7.717418333333334
endloop
endfacet
facet normal 0.7731542409814094 0 -0.6342180379431517
outer loop
vertex 22.0374 22.250106666666667 8.089036666666667
vertex 21.73256166666667 16.949753333333334 7.717418333333334
vertex 21.73256166666667 22.250106666666667 7.717418333333334
endloop
endfacet
facet normal 0.8819962629602888 0 -0.47125639743571124
outer loop
vertex 22.26371 22.250106666666667 8.512595000000001
vertex 22.26371 16.949753333333334 8.512595000000001
vertex 22.0374 16.949753333333334 8.089036666666667
endloop
endfacet
facet normal 0.8819962629602888 0 -0.47125639743571124
outer loop
vertex 22.26371 22.250106666666667 8.512595000000001
vertex 22.0374 16.949753333333334 8.089036666666667
vertex 22.0374 22.250106666666667 8.089036666666667
endloop
endfacet
facet normal 0.9570785562531485 0 -0.2898286341278046
outer loop
vertex 22.402835 22.250106666666667 8.972016666666667
vertex 22.402835 16.949753333333334 8.972016666666667
vertex 22.26371 16.949753333333334 8.512595000000001
endloop
endfacet
facet normal 0.9570785562531485 0 -0.2898286341278046
outer loop
vertex 22.402835 22.250106666666667 8.972016666666667
vertex 22.26371 16.949753333333334 8.512595000000001
vertex 22.26371 22.250106666666667 8.512595000000001
endloop
endfacet
facet normal 0.9952015221715426 0 -0.09784646272321136
outer loop
vertex 22.449828333333336 22.250106666666667 9.449988333333334
vertex 22.449828333333336 16.949753333333334 9.449988333333334
vertex 22.402835 16.949753333333334 8.972016666666667
endloop
endfacet
facet normal 0.9952015221715426 0 -0.09784646272321136
outer loop
vertex 22.449828333333336 22.250106666666667 9.449988333333334
vertex 22.402835 16.949753333333334 8.972016666666667
vertex 22.402835 22.250106666666667 8.972016666666667
endloop
endfacet
facet normal 0.9580513614401484 0 0.2865965611145363
outer loop
vertex 22.381193333333336 16.949753333333334 10.000305
vertex 22.402835 16.949753333333334 9.92796
vertex 22.402835 22.250106666666667 9.92796
endloop
endfacet
facet normal 0.9580513614401484 0 0.2865965611145363
outer loop
vertex 22.381193333333336 16.949753333333334 10.000305
vertex 22.402835 22.250106666666667 9.92796
vertex 22.381193333333336 22.250106666666667 10.000305
endloop
endfacet
facet normal -0.9580513614401355 0 0.2865965611145795
outer loop
vertex 17.597148333333333 22.250106666666667 9.92796
vertex 17.597148333333333 16.949753333333334 9.92796
vertex 17.61879 16.949753333333334 10.000305
endloop
endfacet
facet normal -0.9580513614401355 0 0.2865965611145795
outer loop
vertex 17.597148333333333 22.250106666666667 9.92796
vertex 17.61879 16.949753333333334 10.000305
vertex 17.61879 22.250106666666667 10.000305
endloop
endfacet
facet normal -1 0 0
outer loop
vertex 17.550155 22.529593333333334 11.199871666666667
vertex 17.550155 28.249795000000002 12.99984
vertex 17.550155 28.249795000000002 10.000305
endloop
endfacet
facet normal -1 0 0
outer loop
vertex 17.550155 22.529593333333334 11.199871666666667
vertex 17.550155 28.249795000000002 10.000305
vertex 17.550155 22.250106666666667 10.000305
endloop
endfacet
facet normal -1 0 0
outer loop
vertex 17.550155 22.529593333333334 11.199871666666667
vertex 17.550155 22.250106666666667 10.000305
vertex 17.550155 16.949753333333334 10.000305
endloop
endfacet
facet normal -1 0 0
outer loop
vertex 17.550155 22.529593333333334 11.199871666666667
vertex 17.550155 16.949753333333334 10.000305
vertex 17.550155 16.949753333333334 12.99984
endloop
endfacet
facet normal -1 0 0
outer loop
vertex 17.550155 22.529593333333334 11.199871666666667
vertex 17.550155 16.949753333333334 12.99984
vertex 17.550155 28.249795000000002 12.99984
endloop
endfacet
facet normal -0.9999999999999999 0 0
outer loop
vertex 17.550155 23.107116666666666 7.522643333333334
vertex 17.550155 28.249795000000002 10.000305
vertex 17.550155 28.249795000000002 2.0003083333333334
endloop
endfacet
facet normal -1 0 0
outer loop
vertex 17.550155 23.107116666666666 7.522643333333334
vertex 17.550155 28.249795000000002 2.0003083333333334
vertex 17.550155 22.250106666666667 2.0003083333333334
endloop
endfacet
facet normal -1 0 0
outer loop
vertex 17.550155 23.107116666666666 7.522643333333334
vertex 17.550155 22.250106666666667 2.0003083333333334
vertex 17.550155 22.250106666666667 7.000151666666667
endloop
endfacet
facet normal -1 0 0
outer loop
vertex 17.550155 23.107116666666666 7.522643333333334
vertex 17.550155 22.250106666666667 7.000151666666667
vertex 17.550155 22.250106666666667 7.047145
endloop
endfacet
facet normal -1 0 0
outer loop
vertex 17.550155 23.107116666666666 7.522643333333334
vertex 17.550155 22.250106666666667 7.047145
vertex 17.550155 22.250106666666667 7.18627
endloop
endfacet
facet normal -0.9999999999999999 0 0
outer loop
vertex 17.550155 23.107116666666666 7.522643333333334
vertex 17.550155 22.250106666666667 7.18627
vertex 17.550155 22.250106666666667 7.413198333333334
endloop
endfacet
facet normal -1 0 0
outer loop
vertex 17.550155 23.107116666666666 7.522643333333334
vertex 17.550155 22.250106666666667 7.413198333333334
vertex 17.550155 22.250106666666667 7.717418333333334
endloop
endfacet
facet normal -1 0 0
outer loop
vertex 17.550155 23.107116666666666 7.522643333333334
vertex 17.550155 22.250106666666667 7.717418333333334
vertex 17.550155 22.250106666666667 8.089036666666667
endloop
endfacet
facet normal -1 0 0
outer loop
vertex 17.550155 23.107116666666666 7.522643333333334
vertex 17.550155 22.250106666666667 8.089036666666667
vertex 17.550155 22.250106666666667 8.512595000000001
endloop
endfacet
facet normal -0.9999999999999999 0 0
outer loop
vertex 17.550155 23.107116666666666 7.522643333333334
vertex 17.550155 22.250106666666667 8.512595000000001
vertex 17.550155 22.250106666666667 8.972016666666667
endloop
endfacet
facet normal -1 0 0
outer loop
vertex 17.550155 23.107116666666666 7.522643333333334
vertex 17.550155 22.250106666666667 8.972016666666667
vertex 17.550155 22.250106666666667 9.449988333333334
endloop
endfacet
facet normal -1 0 0
outer loop
vertex 17.550155 23.107116666666666 7.522643333333334
vertex 17.550155 22.250106666666667 9.449988333333334
vertex 17.550155 22.250106666666667 9.92796
endloop
endfacet
facet normal -0.9999999999999999 0 0
outer loop
vertex 17.550155 23.107116666666666 7.522643333333334
vertex 17.550155 22.250106666666667 9.92796
vertex 17.550155 22.250106666666667 10.000305
endloop
endfacet
facet normal -1 0 0
outer loop
vertex 17.550155 23.107116666666666 7.522643333333334
vertex 17.550155 22.250106666666667 10.000305
vertex 17.550155 28.249795000000002 10.000305
endloop
endfacet
facet normal 1 0 0
outer loop
vertex 22.449828333333336 22.529593333333334 11.199871666666667
vertex 22.449828333333336 16.949753333333334 12.99984
vertex 22.449828333333336 16.949753333333334 10.000305
endloop
endfacet
facet normal 1 0 0
outer loop
vertex 22.449828333333336 22.529593333333334 11.199871666666667
vertex 22.449828333333336 16.949753333333334 10.000305
vertex 22.449828333333336 22.250106666666667 10.000305
endloop
endfacet
facet normal 1 0 0
outer loop
vertex 22.449828333333336 22.529593333333334 11.199871666666667
vertex 22.449828333333336 22.250106666666667 10.000305
vertex 22.449828333333336 28.249795000000002 10.000305
endloop
endfacet
facet normal 1 0 0
outer loop
vertex 22.449828333333336 22.529593333333334 11.199871666666667
vertex 22.449828333333336 28.249795000000002 10.000305
vertex 22.449828333333336 28.249795000000002 12.99984
endloop
endfacet
facet normal 1 0 0
outer loop
vertex 22.449828333333336 22.529593333333334 11.199871666666667
vertex 22.449828333333336 28.249795000000002 12.99984
vertex 22.449828333333336 16.949753333333334 12.99984
endloop
endfacet
facet normal 0.9999999999999999 0 0
outer loop
vertex 22.449828333333336 23.107116666666666 7.522643333333334
vertex 22.449828333333336 22.250106666666667 10.000305
vertex 22.449828333333336 22.250106666666667 9.92796
endloop
endfacet
facet normal 1 0 0
outer loop
vertex 22.449828333333336 23.107116666666666 7.522643333333334
vertex 22.449828333333336 22.250106666666667 9.92796
vertex 22.449828333333336 22.250106666666667 9.449988333333334
endloop
endfacet
facet normal 1 0 0
outer loop
vertex 22.449828333333336 23.107116666666666 7.522643333333334
vertex 22.449828333333336 22.250106666666667 9.449988333333334
vertex 22.449828333333336 22.250106666666667 8.972016666666667
endloop
endfacet
facet normal 0.9999999999999999 0 0
outer loop
vertex 22.449828333333336 23.107116666666666 7.522643333333334
vertex 22.449828333333336 22.250106666666667 8.972016666666667
vertex 22.449828333333336 22.250106666666667 8.512595000000001
endloop
endfacet
facet normal 1 0 0
outer loop
vertex 22.449828333333336 23.107116666666666 7.522643333333334
vertex 22.449828333333336 22.250106666666667 8.512595000000001
vertex 22.449828333333336 22.250106666666667 8.089036666666667
endloop
endfacet
facet normal 1 0 0
outer loop
vertex 22.449828333333336 23.107116666666666 7.522643333333334
vertex 22.449828333333336 22.250106666666667 8.089036666666667
vertex 22.449828333333336 22.250106666666667 7.717418333333334
endloop
endfacet
facet normal 1 0 0
outer loop
vertex 22.449828333333336 23.107116666666666 7.522643333333334
vertex 22.449828333333336 22.250106666666667 7.717418333333334
vertex 22.449828333333336 22.250106666666667 7.413198333333334
endloop
endfacet
facet normal 0.9999999999999999 0 0
outer loop
vertex 22.449828333333336 23.107116666666666 7.522643333333334
vertex 22.449828333333336 22.250106666666667 7.413198333333334
vertex 22.449828333333336 22.250106666666667 7.18627
endloop
endfacet
facet normal 1 0 0
outer loop
vertex 22.449828333333336 23.107116666666666 7.522643333333334
vertex 22.449828333333336 22.250106666666667 7.18627
vertex 22.449828333333336 22.250106666666667 7.047145
endloop
endfacet
facet normal 1 0 0
outer loop
vertex 22.449828333333336 23.107116666666666 7.522643333333334
vertex 22.449828333333336 22.250106666666667 7.047145
vertex 22.449828333333336 22.250106666666667 7.000151666666667
endloop
endfacet
facet normal 1 0 0
outer loop
vertex 22.449828333333336 23.107116666666666 7.522643333333334
vertex 22.449828333333336 22.250106666666667 7.000151666666667
vertex 22.449828333333336 22.250106666666667 2.0003083333333334
endloop
endfacet
facet normal 1 0 0
outer loop
vertex 22.449828333333336 23.107116666666666 7.522643333333334
vertex 22.449828333333336 22.250106666666667 2.0003083333333334
vertex 22.449828333333336 28.249795000000002 2.0003083333333334
endloop
endfacet
facet normal 0.9999999999999999 0 0
outer loop
vertex 22.449828333333336 23.107116666666666 7.522643333333334
vertex 22.449828333333336 28.249795000000002 2.0003083333333334
vertex 22.449828333333336 28.249795000000002 10.000305
endloop
endfacet
facet normal 1 0 0
outer loop
vertex 22.449828333333336 23.107116666666666 7.522643333333334
vertex 22.449828333333336 28.249795000000002 10.000305
vertex 22.449828333333336 22.250106666666667 10.000305
endloop
endfacet
facet normal 0.9952015221715432 0 0.09784646272320364
outer loop
vertex -37.59714 22.250106666666667 29.92795166666667
vertex -37.59714 16.949753333333334 29.92795166666667
vertex -37.55014666666667 16.949753333333334 29.44998
endloop
endfacet
facet normal 0.9952015221715432 0 0.09784646272320364
outer loop
vertex -37.59714 22.250106666666667 29.92795166666667
vertex -37.55014666666667 16.949753333333334 29.44998
vertex -37.55014666666667 22.250106666666667 29.44998
endloop
endfacet
facet normal -0.9952015221715432 0 0.09784646272320364
outer loop
vertex -42.44982 22.250106666666667 29.44998
vertex -42.44982 16.949753333333334 29.44998
vertex -42.40282666666667 16.949753333333334 29.92795166666667
endloop
endfacet
facet normal -0.9952015221715432 0 0.09784646272320364
outer loop
vertex -42.44982 22.250106666666667 29.44998
vertex -42.40282666666667 16.949753333333334 29.92795166666667
vertex -42.40282666666667 22.250106666666667 29.92795166666667
endloop
endfacet
facet normal -0.9952015221715431 0 -0.09784646272320438
outer loop
vertex -42.40282666666667 22.250106666666667 28.972008333333335
vertex -42.40282666666667 16.949753333333334 28.972008333333335
vertex -42.44982 16.949753333333334 29.44998
endloop
endfacet
facet normal -0.9952015221715431 0 -0.09784646272320438
outer loop
vertex -42.40282666666667 22.250106666666667 28.972008333333335
vertex -42.44982 16.949753333333334 29.44998
vertex -42.44982 22.250106666666667 29.44998
endloop
endfacet
facet normal -0.9570785562531489 0 -0.2898286341278035
outer loop
vertex -42.26370166666667 22.250106666666667 28.512586666666667
vertex -42.26370166666667 16.949753333333334 28.512586666666667
vertex -42.40282666666667 16.949753333333334 28.972008333333335
endloop
endfacet
facet normal -0.9570785562531489 0 -0.2898286341278035
outer loop
vertex -42.26370166666667 22.250106666666667 28.512586666666667
vertex -42.40282666666667 16.949753333333334 28.972008333333335
vertex -42.40282666666667 22.250106666666667 28.972008333333335
endloop
endfacet
facet normal -0.881996262960288 0 -0.4712563974357128
outer loop
vertex -42.03739166666667 22.250106666666667 28.089028333333335
vertex -42.03739166666667 16.949753333333334 28.089028333333335
vertex -42.26370166666667 16.949753333333334 28.512586666666667
endloop
endfacet
facet normal -0.881996262960288 0 -0.4712563974357128
outer loop
vertex -42.03739166666667 22.250106666666667 28.089028333333335
vertex -42.26370166666667 16.949753333333334 28.512586666666667
vertex -42.26370166666667 22.250106666666667 28.512586666666667
endloop
endfacet
facet normal -0.7731542409814064 0 -0.6342180379431551
outer loop
vertex -41.732553333333335 22.250106666666667 27.71741
vertex -41.732553333333335 16.949753333333334 27.71741
vertex -42.03739166666667 16.949753333333334 28.089028333333335
endloop
endfacet
facet normal -0.7731542409814064 0 -0.6342180379431551
outer loop
vertex -41.732553333333335 22.250106666666667 27.71741
vertex -42.03739166666667 16.949753333333334 28.089028333333335
vertex -42.03739166666667 22.250106666666667 28.089028333333335
endloop
endfacet
facet normal -0.633448100400873 0 -0.7737851795547169
outer loop
vertex -41.360935000000005 22.250106666666667 27.41319
vertex -41.360935000000005 16.949753333333334 27.41319
vertex -41.732553333333335 16.949753333333334 27.71741
endloop
endfacet
facet normal -0.633448100400873 0 -0.7737851795547169
outer loop
vertex -41.360935000000005 22.250106666666667 27.41319
vertex -41.732553333333335 16.949753333333334 27.71741
vertex -41.732553333333335 22.250106666666667 27.71741
endloop
endfacet
facet normal -0.4722571212617925 0 -0.8814608394123499
outer loop
vertex -40.937376666666665 22.250106666666667 27.186261666666667
vertex -40.937376666666665 16.949753333333334 27.186261666666667
vertex -41.360935000000005 16.949753333333334 27.41319
endloop
endfacet
facet normal -0.4722571212617925 0 -0.8814608394123499
outer loop
vertex -40.937376666666665 22.250106666666667 27.186261666666667
vertex -41.360935000000005 16.949753333333334 27.41319
vertex -41.360935000000005 22.250106666666667 27.41319
endloop
endfacet
facet normal -0.2898286341278056 0 -0.9570785562531483
outer loop
vertex -40.477955 22.250106666666667 27.047136666666667
vertex -40.477955 16.949753333333334 27.047136666666667
vertex -40.937376666666665 16.949753333333334 27.186261666666667
endloop
endfacet
facet normal -0.2898286341278056 0 -0.9570785562531483
outer loop
vertex -40.477955 22.250106666666667 27.047136666666667
vertex -40.937376666666665 16.949753333333334 27.186261666666667
vertex -40.937376666666665 22.250106666666667 27.186261666666667
endloop
endfacet
facet normal -0.09784646272320364 0 -0.9952015221715432
outer loop
vertex -39.99998333333333 22.250106666666667 27.000143333333334
vertex -39.99998333333333 16.949753333333334 27.000143333333334
vertex -40.477955 16.949753333333334 27.047136666666667
endloop
endfacet
facet normal -0.09784646272320364 0 -0.9952015221715432
outer loop
vertex -39.99998333333333 22.250106666666667 27.000143333333334
vertex -40.477955 16.949753333333334 27.047136666666667
vertex -40.477955 22.250106666666667 27.047136666666667
endloop
endfacet
facet normal 0.0978464627232051 0 -0.9952015221715431
outer loop
vertex -39.52201166666667 22.250106666666667 27.047136666666667
vertex -39.52201166666667 16.949753333333334 27.047136666666667
vertex -39.99998333333333 16.949753333333334 27.000143333333334
endloop
endfacet
facet normal 0.0978464627232051 0 -0.9952015221715431
outer loop
vertex -39.52201166666667 22.250106666666667 27.047136666666667
vertex -39.99998333333333 16.949753333333334 27.000143333333334
vertex -39.99998333333333 22.250106666666667 27.000143333333334
endloop
endfacet
facet normal 0.2898286341278014 0 -0.9570785562531495
outer loop
vertex -39.06259 22.250106666666667 27.186261666666667
vertex -39.06259 16.949753333333334 27.186261666666667
vertex -39.52201166666667 16.949753333333334 27.047136666666667
endloop
endfacet
facet normal 0.2898286341278014 0 -0.9570785562531495
outer loop
vertex -39.06259 22.250106666666667 27.186261666666667
vertex -39.52201166666667 16.949753333333334 27.047136666666667
vertex -39.52201166666667 22.250106666666667 27.047136666666667
endloop
endfacet
facet normal 0.4722571212617987 0 -0.8814608394123469
outer loop
vertex -38.63903166666667 22.250106666666667 27.41319
vertex -38.63903166666667 16.949753333333334 27.41319
vertex -39.06259 16.949753333333334 27.186261666666667
endloop
endfacet
facet normal 0.4722571212617987 0 -0.8814608394123469
outer loop
vertex -38.63903166666667 22.250106666666667 27.41319
vertex -39.06259 16.949753333333334 27.186261666666667
vertex -39.06259 22.250106666666667 27.186261666666667
endloop
endfacet
facet normal 0.633448100400873 0 -0.7737851795547169
outer loop
vertex -38.26741333333334 22.250106666666667 27.71741
vertex -38.26741333333334 16.949753333333334 27.71741
vertex -38.63903166666667 16.949753333333334 27.41319
endloop
endfacet
facet normal 0.633448100400873 0 -0.7737851795547169
outer loop
vertex -38.26741333333334 22.250106666666667 27.71741
vertex -38.63903166666667 16.949753333333334 27.41319
vertex -38.63903166666667 22.250106666666667 27.41319
endloop
endfacet
facet normal 0.7737851795547199 0 -0.6334481004008694
outer loop
vertex -37.96319333333334 22.250106666666667 28.089028333333335
vertex -37.96319333333334 16.949753333333334 28.089028333333335
vertex -38.26741333333334 16.949753333333334 27.71741
endloop
endfacet
facet normal 0.7737851795547199 0 -0.6334481004008694
outer loop
vertex -37.96319333333334 22.250106666666667 28.089028333333335
vertex -38.26741333333334 16.949753333333334 27.71741
vertex -38.26741333333334 22.250106666666667 27.71741
endloop
endfacet
facet normal 0.8814608394123469 0 -0.4722571212617987
outer loop
vertex -37.736265 22.250106666666667 28.512586666666667
vertex -37.736265 16.949753333333334 28.512586666666667
vertex -37.96319333333334 16.949753333333334 28.089028333333335
endloop
endfacet
facet normal 0.8814608394123469 0 -0.4722571212617987
outer loop
vertex -37.736265 22.250106666666667 28.512586666666667
vertex -37.96319333333334 16.949753333333334 28.089028333333335
vertex -37.96319333333334 22.250106666666667 28.089028333333335
endloop
endfacet
facet normal 0.9570785562531489 0 -0.2898286341278035
outer loop
vertex -37.59714 22.250106666666667 28.972008333333335
vertex -37.59714 16.949753333333334 28.972008333333335
vertex -37.736265 16.949753333333334 28.512586666666667
endloop
endfacet
facet normal 0.9570785562531489 0 -0.2898286341278035
outer loop
vertex -37.59714 22.250106666666667 28.972008333333335
vertex -37.736265 16.949753333333334 28.512586666666667
vertex -37.736265 22.250106666666667 28.512586666666667
endloop
endfacet
facet normal 0.9952015221715431 0 -0.09784646272320438
outer loop
vertex -37.55014666666667 22.250106666666667 29.44998
vertex -37.55014666666667 16.949753333333334 29.44998
vertex -37.59714 16.949753333333334 28.972008333333335
endloop
endfacet
facet normal 0.9952015221715431 0 -0.09784646272320438
outer loop
vertex -37.55014666666667 22.250106666666667 29.44998
vertex -37.59714 16.949753333333334 28.972008333333335
vertex -37.59714 22.250106666666667 28.972008333333335
endloop
endfacet
facet normal 0.9580513614401335 0 0.2865965611145859
outer loop
vertex -37.61878166666667 16.949753333333334 30.000296666666667
vertex -37.59714 16.949753333333334 29.92795166666667
vertex -37.59714 22.250106666666667 29.92795166666667
endloop
endfacet
facet normal 0.9580513614401335 0 0.2865965611145859
outer loop
vertex -37.61878166666667 16.949753333333334 30.000296666666667
vertex -37.59714 22.250106666666667 29.92795166666667
vertex -37.61878166666667 22.250106666666667 30.000296666666667
endloop
endfacet
facet normal -0.9580513614401335 0 0.2865965611145859
outer loop
vertex -42.40282666666667 22.250106666666667 29.92795166666667
vertex -42.40282666666667 16.949753333333334 29.92795166666667
vertex -42.381185 16.949753333333334 30.000296666666667
endloop
endfacet
facet normal -0.9580513614401335 0 0.2865965611145859
outer loop
vertex -42.40282666666667 22.250106666666667 29.92795166666667
vertex -42.381185 16.949753333333334 30.000296666666667
vertex -42.381185 22.250106666666667 30.000296666666667
endloop
endfacet
facet normal -1 0 0
outer loop
vertex -42.44982 22.529593333333334 31.199863333333337
vertex -42.44982 28.249795000000002 32.999831666666665
vertex -42.44982 28.249795000000002 30.000296666666667
endloop
endfacet
facet normal -1 0 0
outer loop
vertex -42.44982 22.529593333333334 31.199863333333337
vertex -42.44982 28.249795000000002 30.000296666666667
vertex -42.44982 22.250106666666667 30.000296666666667
endloop
endfacet
facet normal -1 0 0
outer loop
vertex -42.44982 22.529593333333334 31.199863333333337
vertex -42.44982 22.250106666666667 30.000296666666667
vertex -42.44982 16.949753333333334 30.000296666666667
endloop
endfacet
facet normal -1 0 0
outer loop
vertex -42.44982 22.529593333333334 31.199863333333337
vertex -42.44982 16.949753333333334 30.000296666666667
vertex -42.44982 16.949753333333334 32.999831666666665
endloop
endfacet
facet normal -1 0 0
outer loop
vertex -42.44982 22.529593333333334 31.199863333333337
vertex -42.44982 16.949753333333334 32.999831666666665
vertex -42.44982 28.249795000000002 32.999831666666665
endloop
endfacet
facet normal -1 0 0
outer loop
vertex -42.44982 23.107116666666666 27.522635
vertex -42.44982 28.249795000000002 30.000296666666667
vertex -42.44982 28.249795000000002 22.000300000000003
endloop
endfacet
facet normal -1 0 0
outer loop
vertex -42.44982 23.107116666666666 27.522635
vertex -42.44982 28.249795000000002 22.000300000000003
vertex -42.44982 22.250106666666667 22.000300000000003
endloop
endfacet
facet normal -1 0 0
outer loop
vertex -42.44982 23.107116666666666 27.522635
vertex -42.44982 22.250106666666667 22.000300000000003
vertex -42.44982 22.250106666666667 27.000143333333334
endloop
endfacet
facet normal -1 0 0
outer loop
vertex -42.44982 23.107116666666666 27.522635
vertex -42.44982 22.250106666666667 27.000143333333334
vertex -42.44982 22.250106666666667 27.047136666666667
endloop
endfacet
facet normal -1 0 0
outer loop
vertex -42.44982 23.107116666666666 27.522635
vertex -42.44982 22.250106666666667 27.047136666666667
vertex -42.44982 22.250106666666667 27.186261666666667
endloop
endfacet
facet normal -0.9999999999999999 0 0
outer loop
vertex -42.44982 23.107116666666666 27.522635
vertex -42.44982 22.250106666666667 27.186261666666667
vertex -42.44982 22.250106666666667 27.41319
endloop
endfacet
facet normal -1 0 0
outer loop
vertex -42.44982 23.107116666666666 27.522635
vertex -42.44982 22.250106666666667 27.41319
vertex -42.44982 22.250106666666667 27.71741
endloop
endfacet
facet normal -1 0 0
outer loop
vertex -42.44982 23.107116666666666 27.522635
vertex -42.44982 22.250106666666667 27.71741
vertex -42.44982 22.250106666666667 28.089028333333335
endloop
endfacet
facet normal -1 0 0
outer loop
vertex -42.44982 23.107116666666666 27.522635
vertex -42.44982 22.250106666666667 28.089028333333335
vertex -42.44982 22.250106666666667 28.512586666666667
endloop
endfacet
facet normal -1 0 0
outer loop
vertex -42.44982 23.107116666666666 27.522635
vertex -42.44982 22.250106666666667 28.512586666666667
vertex -42.44982 22.250106666666667 28.972008333333335
endloop
endfacet
facet normal -1 0 0
outer loop
vertex -42.44982 23.107116666666666 27.522635
vertex -42.44982 22.250106666666667 28.972008333333335
vertex -42.44982 22.250106666666667 29.44998
endloop
endfacet
facet normal -1 0 0
outer loop
vertex -42.44982 23.107116666666666 27.522635
vertex -42.44982 22.250106666666667 29.44998
vertex -42.44982 22.250106666666667 29.92795166666667
endloop
endfacet
facet normal -1 0 0
outer loop
vertex -42.44982 23.107116666666666 27.522635
vertex -42.44982 22.250106666666667 29.92795166666667
vertex -42.44982 22.250106666666667 30.000296666666667
endloop
endfacet
facet normal -1 0 0
outer loop
vertex -42.44982 23.107116666666666 27.522635
vertex -42.44982 22.250106666666667 30.000296666666667
vertex -42.44982 28.249795000000002 30.000296666666667
endloop
endfacet
facet normal 1 0 0
outer loop
vertex -37.55014666666667 22.529593333333334 31.199863333333337
vertex -37.55014666666667 16.949753333333334 32.999831666666665
vertex -37.55014666666667 16.949753333333334 30.000296666666667
endloop
endfacet
facet normal 1 0 0
outer loop
vertex -37.55014666666667 22.529593333333334 31.199863333333337
vertex -37.55014666666667 16.949753333333334 30.000296666666667
vertex -37.55014666666667 22.250106666666667 30.000296666666667
endloop
endfacet
facet normal 1 0 0
outer loop
vertex -37.55014666666667 22.529593333333334 31.199863333333337
vertex -37.55014666666667 22.250106666666667 30.000296666666667
vertex -37.55014666666667 28.249795000000002 30.000296666666667
endloop
endfacet
facet normal 1 0 0
outer loop
vertex -37.55014666666667 22.529593333333334 31.199863333333337
vertex -37.55014666666667 28.249795000000002 30.000296666666667
vertex -37.55014666666667 28.249795000000002 32.999831666666665
endloop
endfacet
facet normal 1 0 0
outer loop
vertex -37.55014666666667 22.529593333333334 31.199863333333337
vertex -37.55014666666667 28.249795000000002 32.999831666666665
vertex -37.55014666666667 16.949753333333334 32.999831666666665
endloop
endfacet
facet normal 1 0 0
outer loop
vertex -37.55014666666667 23.107116666666666 27.522635
vertex -37.55014666666667 22.250106666666667 30.000296666666667
vertex -37.55014666666667 22.250106666666667 29.92795166666667
endloop
endfacet
facet normal 1 0 0
outer loop
vertex -37.55014666666667 23.107116666666666 27.522635
vertex -37.55014666666667 22.250106666666667 29.92795166666667
vertex -37.55014666666667 22.250106666666667 29.44998
endloop
endfacet
facet normal 1 0 0
outer loop
vertex -37.55014666666667 23.107116666666666 27.522635
vertex -37.55014666666667 22.250106666666667 29.44998
vertex -37.55014666666667 22.250106666666667 28.972008333333335
endloop
endfacet
facet normal 1 0 0
outer loop
vertex -37.55014666666667 23.107116666666666 27.522635
vertex -37.55014666666667 22.250106666666667 28.972008333333335
vertex -37.55014666666667 22.250106666666667 28.512586666666667
endloop
endfacet
facet normal 1 0 0
outer loop
vertex -37.55014666666667 23.107116666666666 27.522635
vertex -37.55014666666667 22.250106666666667 28.512586666666667
vertex -37.55014666666667 22.250106666666667 28.089028333333335
endloop
endfacet
facet normal 1 0 0
outer loop
vertex -37.55014666666667 23.107116666666666 27.522635
vertex -37.55014666666667 22.250106666666667 28.089028333333335
vertex -37.55014666666667 22.250106666666667 27.71741
endloop
endfacet
facet normal 1 0 0
outer loop
vertex -37.55014666666667 23.107116666666666 27.522635
vertex -37.55014666666667 22.250106666666667 27.71741
vertex -37.55014666666667 22.250106666666667 27.41319
endloop
endfacet
facet normal 0.9999999999999999 0 0
outer loop
vertex -37.55014666666667 23.107116666666666 27.522635
vertex -37.55014666666667 22.250106666666667 27.41319
vertex -37.55014666666667 22.250106666666667 27.186261666666667
endloop
endfacet
facet normal 1 0 0
outer loop
vertex -37.55014666666667 23.107116666666666 27.522635
vertex -37.55014666666667 22.250106666666667 27.186261666666667
vertex -37.55014666666667 22.250106666666667 27.047136666666667
endloop
endfacet
facet normal 1 0 0
outer loop
vertex -37.55014666666667 23.107116666666666 27.522635
vertex -37.55014666666667 22.250106666666667 27.047136666666667
vertex -37.55014666666667 22.250106666666667 27.000143333333334
endloop
endfacet
facet normal 1 0 0
outer loop
vertex -37.55014666666667 23.107116666666666 27.522635
vertex -37.55014666666667 22.250106666666667 27.000143333333334
vertex -37.55014666666667 22.250106666666667 22.000300000000003
endloop
endfacet
facet normal 1 0 0
outer loop
vertex -37.55014666666667 23.107116666666666 27.522635
vertex -37.55014666666667 22.250106666666667 22.000300000000003
vertex -37.55014666666667 28.249795000000002 22.000300000000003
endloop
endfacet
facet normal 1 0 0
outer loop
vertex -37.55014666666667 23.107116666666666 27.522635
vertex -37.55014666666667 28.249795000000002 22.000300000000003
vertex -37.55014666666667 28.249795000000002 30.000296666666667
endloop
endfacet
facet normal 1 0 0
outer loop
vertex -37.55014666666667 23.107116666666666 27.522635
vertex -37.55014666666667 28.249795000000002 30.000296666666667
vertex -37.55014666666667 22.250106666666667 30.000296666666667
endloop
endfacet
facet normal 0.9952015221715432 0 0.09784646272320364
outer loop
vertex 2.4028433333333337 22.250106666666667 29.92795166666667
vertex 2.4028433333333337 16.949753333333334 29.92795166666667
vertex 2.4498366666666667 16.949753333333334 29.44998
endloop
endfacet
facet normal 0.9952015221715432 0 0.09784646272320364
outer loop
vertex 2.4028433333333337 22.250106666666667 29.92795166666667
vertex 2.4498366666666667 16.949753333333334 29.44998
vertex 2.4498366666666667 22.250106666666667 29.44998
endloop
endfacet
facet normal -0.9952015221715432 0 0.09784646272320364
outer loop
vertex -2.4498366666666667 22.250106666666667 29.44998
vertex -2.4498366666666667 16.949753333333334 29.44998
vertex -2.4028433333333337 16.949753333333334 29.92795166666667
endloop
endfacet
facet normal -0.9952015221715432 0 0.09784646272320364
outer loop
vertex -2.4498366666666667 22.250106666666667 29.44998
vertex -2.4028433333333337 16.949753333333334 29.92795166666667
vertex -2.4028433333333337 22.250106666666667 29.92795166666667
endloop
endfacet
facet normal -0.9952015221715431 0 -0.09784646272320438
outer loop
vertex -2.4028433333333337 22.250106666666667 28.972008333333335
vertex -2.4028433333333337 16.949753333333334 28.972008333333335
vertex -2.4498366666666667 16.949753333333334 29.44998
endloop
endfacet
facet normal -0.9952015221715431 0 -0.09784646272320438
outer loop
vertex -2.4028433333333337 22.250106666666667 28.972008333333335
vertex -2.4498366666666667 16.949753333333334 29.44998
vertex -2.4498366666666667 22.250106666666667 29.44998
endloop
endfacet
facet normal -0.9570785562531487 0 -0.28982863412780446
outer loop
vertex -2.2637183333333333 22.250106666666667 28.512586666666667
vertex -2.2637183333333333 16.949753333333334 28.512586666666667
vertex -2.4028433333333337 16.949753333333334 28.972008333333335
endloop
endfacet
facet normal -0.9570785562531487 0 -0.28982863412780446
outer loop
vertex -2.2637183333333333 22.250106666666667 28.512586666666667
vertex -2.4028433333333337 16.949753333333334 28.972008333333335
vertex -2.4028433333333337 22.250106666666667 28.972008333333335
endloop
endfacet
facet normal -0.8819962629602864 0 -0.47125639743571573
outer loop
vertex -2.0374083333333335 22.250106666666667 28.089028333333335
vertex -2.0374083333333335 16.949753333333334 28.089028333333335
vertex -2.2637183333333333 16.949753333333334 28.512586666666667
endloop
endfacet
facet normal -0.8819962629602864 0 -0.47125639743571573
outer loop
vertex -2.0374083333333335 22.250106666666667 28.089028333333335
vertex -2.2637183333333333 16.949753333333334 28.512586666666667
vertex -2.2637183333333333 22.250106666666667 28.512586666666667
endloop
endfacet
facet normal -0.7731542409814093 0 -0.6342180379431516
outer loop
vertex -1.7325700000000002 22.250106666666667 27.71741
vertex -1.7325700000000002 16.949753333333334 27.71741
vertex -2.0374083333333335 16.949753333333334 28.089028333333335
endloop
endfacet
facet normal -0.7731542409814093 0 -0.6342180379431516
outer loop
vertex -1.7325700000000002 22.250106666666667 27.71741
vertex -2.0374083333333335 16.949753333333334 28.089028333333335
vertex -2.0374083333333335 22.250106666666667 28.089028333333335
endloop
endfacet
facet normal -0.63344810040087 0 -0.7737851795547193
outer loop
vertex -1.3609516666666668 22.250106666666667 27.41319
vertex -1.3609516666666668 16.949753333333334 27.41319
vertex -1.7325700000000002 16.949753333333334 27.71741
endloop
endfacet
facet normal -0.63344810040087 0 -0.7737851795547193
outer loop
vertex -1.3609516666666668 22.250106666666667 27.41319
vertex -1.7325700000000002 16.949753333333334 27.71741
vertex -1.7325700000000002 22.250106666666667 27.71741
endloop
endfacet
facet normal -0.47225712126179775 0 -0.8814608394123472
outer loop
vertex -0.9373933333333334 22.250106666666667 27.186261666666667
vertex -0.9373933333333334 16.949753333333334 27.186261666666667
vertex -1.3609516666666668 16.949753333333334 27.41319
endloop
endfacet
facet normal -0.47225712126179775 0 -0.8814608394123472
outer loop
vertex -0.9373933333333334 22.250106666666667 27.186261666666667
vertex -1.3609516666666668 16.949753333333334 27.41319
vertex -1.3609516666666668 22.250106666666667 27.41319
endloop
endfacet
facet normal -0.2898286341278039 0 -0.9570785562531486
outer loop
vertex -0.4779716666666667 22.250106666666667 27.047136666666667
vertex -0.4779716666666667 16.949753333333334 27.047136666666667
vertex -0.9373933333333334 16.949753333333334 27.186261666666667
endloop
endfacet
facet normal -0.2898286341278039 0 -0.9570785562531486
outer loop
vertex -0.4779716666666667 22.250106666666667 27.047136666666667
vertex -0.9373933333333334 16.949753333333334 27.186261666666667
vertex -0.9373933333333334 22.250106666666667 27.186261666666667
endloop
endfacet
facet normal -0.09784646272320405 0 -0.9952015221715431
outer loop
vertex 0 22.250106666666667 27.000143333333334
vertex 0 16.949753333333334 27.000143333333334
vertex -0.4779716666666667 16.949753333333334 27.047136666666667
endloop
endfacet
facet normal -0.09784646272320405 0 -0.9952015221715431
outer loop
vertex 0 22.250106666666667 27.000143333333334
vertex -0.4779716666666667 16.949753333333334 27.047136666666667
vertex -0.4779716666666667 22.250106666666667 27.047136666666667
endloop
endfacet
facet normal 0.09784646272320405 0 -0.9952015221715431
outer loop
vertex 0.4779716666666667 22.250106666666667 27.047136666666667
vertex 0.4779716666666667 16.949753333333334 27.047136666666667
vertex 0 16.949753333333334 27.000143333333334
endloop
endfacet
facet normal 0.09784646272320405 0 -0.9952015221715431
outer loop
vertex 0.4779716666666667 22.250106666666667 27.047136666666667
vertex 0 16.949753333333334 27.000143333333334
vertex 0 22.250106666666667 27.000143333333334
endloop
endfacet
facet normal 0.2898286341278039 0 -0.9570785562531486
outer loop
vertex 0.9373933333333334 22.250106666666667 27.186261666666667
vertex 0.9373933333333334 16.949753333333334 27.186261666666667
vertex 0.4779716666666667 16.949753333333334 27.047136666666667
endloop
endfacet
facet normal 0.2898286341278039 0 -0.9570785562531486
outer loop
vertex 0.9373933333333334 22.250106666666667 27.186261666666667
vertex 0.4779716666666667 16.949753333333334 27.047136666666667
vertex 0.4779716666666667 22.250106666666667 27.047136666666667
endloop
endfacet
facet normal 0.47225712126179775 0 -0.8814608394123472
outer loop
vertex 1.3609516666666668 22.250106666666667 27.41319
vertex 1.3609516666666668 16.949753333333334 27.41319
vertex 0.9373933333333334 16.949753333333334 27.186261666666667
endloop
endfacet
facet normal 0.47225712126179775 0 -0.8814608394123472
outer loop
vertex 1.3609516666666668 22.250106666666667 27.41319
vertex 0.9373933333333334 16.949753333333334 27.186261666666667
vertex 0.9373933333333334 22.250106666666667 27.186261666666667
endloop
endfacet
facet normal 0.63344810040087 0 -0.7737851795547193
outer loop
vertex 1.7325700000000002 22.250106666666667 27.71741
vertex 1.7325700000000002 16.949753333333334 27.71741
vertex 1.3609516666666668 16.949753333333334 27.41319
endloop
endfacet
facet normal 0.63344810040087 0 -0.7737851795547193
outer loop
vertex 1.7325700000000002 22.250106666666667 27.71741
vertex 1.3609516666666668 16.949753333333334 27.41319
vertex 1.3609516666666668 22.250106666666667 27.41319
endloop
endfacet
facet normal 0.7731542409814093 0 -0.6342180379431516
outer loop
vertex 2.0374083333333335 22.250106666666667 28.089028333333335
vertex 2.0374083333333335 16.949753333333334 28.089028333333335
vertex 1.7325700000000002 16.949753333333334 27.71741
endloop
endfacet
facet normal 0.7731542409814093 0 -0.6342180379431516
outer loop
vertex 2.0374083333333335 22.250106666666667 28.089028333333335
vertex 1.7325700000000002 16.949753333333334 27.71741
vertex 1.7325700000000002 22.250106666666667 27.71741
endloop
endfacet
facet normal 0.8819962629602864 0 -0.47125639743571573
outer loop
vertex 2.2637183333333333 22.250106666666667 28.512586666666667
vertex 2.2637183333333333 16.949753333333334 28.512586666666667
vertex 2.0374083333333335 16.949753333333334 28.089028333333335
endloop
endfacet
facet normal 0.8819962629602864 0 -0.47125639743571573
outer loop
vertex 2.2637183333333333 22.250106666666667 28.512586666666667
vertex 2.0374083333333335 16.949753333333334 28.089028333333335
vertex 2.0374083333333335 22.250106666666667 28.089028333333335
endloop
endfacet
facet normal 0.9570785562531487 0 -0.28982863412780446
outer loop
vertex 2.4028433333333337 22.250106666666667 28.972008333333335
vertex 2.4028433333333337 16.949753333333334 28.972008333333335
vertex 2.2637183333333333 16.949753333333334 28.512586666666667
endloop
endfacet
facet normal 0.9570785562531487 0 -0.28982863412780446
outer loop
vertex 2.4028433333333337 22.250106666666667 28.972008333333335
vertex 2.2637183333333333 16.949753333333334 28.512586666666667
vertex 2.2637183333333333 22.250106666666667 28.512586666666667
endloop
endfacet
facet normal 0.9952015221715431 0 -0.09784646272320438
outer loop
vertex 2.4498366666666667 22.250106666666667 29.44998
vertex 2.4498366666666667 16.949753333333334 29.44998
vertex 2.4028433333333337 16.949753333333334 28.972008333333335
endloop
endfacet
facet normal 0.9952015221715431 0 -0.09784646272320438
outer loop
vertex 2.4498366666666667 22.250106666666667 29.44998
vertex 2.4028433333333337 16.949753333333334 28.972008333333335
vertex 2.4028433333333337 22.250106666666667 28.972008333333335
endloop
endfacet
facet normal 0.9580513614401353 0 0.2865965611145806
outer loop
vertex 2.3812016666666667 16.949753333333334 30.000296666666667
vertex 2.4028433333333337 16.949753333333334 29.92795166666667
vertex 2.4028433333333337 22.250106666666667 29.92795166666667
endloop
endfacet
facet normal 0.9580513614401353 0 0.2865965611145806
outer loop
vertex 2.3812016666666667 16.949753333333334 30.000296666666667
vertex 2.4028433333333337 22.250106666666667 29.92795166666667
vertex 2.3812016666666667 22.250106666666667 30.000296666666667
endloop
endfacet
facet normal -0.9580513614401353 0 0.2865965611145806
outer loop
vertex -2.4028433333333337 22.250106666666667 29.92795166666667
vertex -2.4028433333333337 16.949753333333334 29.92795166666667
vertex -2.3812016666666667 16.949753333333334 30.000296666666667
endloop
endfacet
facet normal -0.9580513614401353 0 0.2865965611145806
outer loop
vertex -2.4028433333333337 22.250106666666667 29.92795166666667
vertex -2.3812016666666667 16.949753333333334 30.000296666666667
vertex -2.3812016666666667 22.250106666666667 30.000296666666667
endloop
endfacet
facet normal -1 0 0
outer loop
vertex -2.4498366666666667 22.529593333333334 31.199863333333337
vertex -2.4498366666666667 28.249795000000002 32.999831666666665
vertex -2.4498366666666667 28.249795000000002 30.000296666666667
endloop
endfacet
facet normal -1 0 0
outer loop
vertex -2.4498366666666667 22.529593333333334 31.199863333333337
vertex -2.4498366666666667 28.249795000000002 30.000296666666667
vertex -2.4498366666666667 22.250106666666667 30.000296666666667
endloop
endfacet
facet normal -1 0 0
outer loop
vertex -2.4498366666666667 22.529593333333334 31.199863333333337
vertex -2.4498366666666667 22.250106666666667 30.000296666666667
vertex -2.4498366666666667 16.949753333333334 30.000296666666667
endloop
endfacet
facet normal -1 0 0
outer loop
vertex -2.4498366666666667 22.529593333333334 31.199863333333337
vertex -2.4498366666666667 16.949753333333334 30.000296666666667
vertex -2.4498366666666667 16.949753333333334 32.999831666666665
endloop
endfacet
facet normal -1 0 0
outer loop
vertex -2.4498366666666667 22.529593333333334 31.199863333333337
vertex -2.4498366666666667 16.949753333333334 32.999831666666665
vertex -2.4498366666666667 28.249795000000002 32.999831666666665
endloop
endfacet
facet normal -1 0 0
outer loop
vertex -2.4498366666666667 23.107116666666666 27.522635
vertex -2.4498366666666667 28.249795000000002 30.000296666666667
vertex -2.4498366666666667 28.249795000000002 22.000300000000003
endloop
endfacet
facet normal -1 0 0
outer loop
vertex -2.4498366666666667 23.107116666666666 27.522635
vertex -2.4498366666666667 28.249795000000002 22.000300000000003
vertex -2.4498366666666667 22.250106666666667 22.000300000000003
endloop
endfacet
facet normal -1 0 0
outer loop
vertex -2.4498366666666667 23.107116666666666 27.522635
vertex -2.4498366666666667 22.250106666666667 22.000300000000003
vertex -2.4498366666666667 22.250106666666667 27.000143333333334
endloop
endfacet
facet normal -1 0 0
outer loop
vertex -2.4498366666666667 23.107116666666666 27.522635
vertex -2.4498366666666667 22.250106666666667 27.000143333333334
vertex -2.4498366666666667 22.250106666666667 27.047136666666667
endloop
endfacet
facet normal -1 0 0
outer loop
vertex -2.4498366666666667 23.107116666666666 27.522635
vertex -2.4498366666666667 22.250106666666667 27.047136666666667
vertex -2.4498366666666667 22.250106666666667 27.186261666666667
endloop
endfacet
facet normal -0.9999999999999999 0 0
outer loop
vertex -2.4498366666666667 23.107116666666666 27.522635
vertex -2.4498366666666667 22.250106666666667 27.186261666666667
vertex -2.4498366666666667 22.250106666666667 27.41319
endloop
endfacet
facet normal -1 0 0
outer loop
vertex -2.4498366666666667 23.107116666666666 27.522635
vertex -2.4498366666666667 22.250106666666667 27.41319
vertex -2.4498366666666667 22.250106666666667 27.71741
endloop
endfacet
facet normal -1 0 0
outer loop
vertex -2.4498366666666667 23.107116666666666 27.522635
vertex -2.4498366666666667 22.250106666666667 27.71741
vertex -2.4498366666666667 22.250106666666667 28.089028333333335
endloop
endfacet
facet normal -1 0 0
outer loop
vertex -2.4498366666666667 23.107116666666666 27.522635
vertex -2.4498366666666667 22.250106666666667 28.089028333333335
vertex -2.4498366666666667 22.250106666666667 28.512586666666667
endloop
endfacet
facet normal -1 0 0
outer loop
vertex -2.4498366666666667 23.107116666666666 27.522635
vertex -2.4498366666666667 22.250106666666667 28.512586666666667
vertex -2.4498366666666667 22.250106666666667 28.972008333333335
endloop
endfacet
facet normal -1 0 0
outer loop
vertex -2.4498366666666667 23.107116666666666 27.522635
vertex -2.4498366666666667 22.250106666666667 28.972008333333335
vertex -2.4498366666666667 22.250106666666667 29.44998
endloop
endfacet
facet normal -1 0 0
outer loop
vertex -2.4498366666666667 23.107116666666666 27.522635
vertex -2.4498366666666667 22.250106666666667 29.44998
vertex -2.4498366666666667 22.250106666666667 29.92795166666667
endloop
endfacet
facet normal -1 0 0
outer loop
vertex -2.4498366666666667 23.107116666666666 27.522635
vertex -2.4498366666666667 22.250106666666667 29.92795166666667
vertex -2.4498366666666667 22.250106666666667 30.000296666666667
endloop
endfacet
facet normal -1 0 0
outer loop
vertex -2.4498366666666667 23.107116666666666 27.522635
vertex -2.4498366666666667 22.250106666666667 30.000296666666667
vertex -2.4498366666666667 28.249795000000002 30.000296666666667
endloop
endfacet
facet normal 1 0 0
outer loop
vertex 2.4498366666666667 22.529593333333334 31.199863333333337
vertex 2.4498366666666667 16.949753333333334 32.999831666666665
vertex 2.4498366666666667 16.949753333333334 30.000296666666667
endloop
endfacet
facet normal 1 0 0
outer loop
vertex 2.4498366666666667 22.529593333333334 31.199863333333337
vertex 2.4498366666666667 16.949753333333334 30.000296666666667
vertex 2.4498366666666667 22.250106666666667 30.000296666666667
endloop
endfacet
facet normal 1 0 0
outer loop
vertex 2.4498366666666667 22.529593333333334 31.199863333333337
vertex 2.4498366666666667 22.250106666666667 30.000296666666667
vertex 2.4498366666666667 28.249795000000002 30.000296666666667
endloop
endfacet
facet normal 1 0 0
outer loop
vertex 2.4498366666666667 22.529593333333334 31.199863333333337
vertex 2.4498366666666667 28.249795000000002 30.000296666666667
vertex 2.4498366666666667 28.249795000000002 32.999831666666665
endloop
endfacet
facet normal 1 0 0
outer loop
vertex 2.4498366666666667 22.529593333333334 31.199863333333337
vertex 2.4498366666666667 28.249795000000002 32.999831666666665
vertex 2.4498366666666667 16.949753333333334 32.999831666666665
endloop
endfacet
facet normal 1 0 0
outer loop
vertex 2.4498366666666667 23.107116666666666 27.522635
vertex 2.4498366666666667 22.250106666666667 30.000296666666667
vertex 2.4498366666666667 22.250106666666667 29.92795166666667
endloop
endfacet
facet normal 1 0 0
outer loop
vertex 2.4498366666666667 23.107116666666666 27.522635
vertex 2.4498366666666667 22.250106666666667 29.92795166666667
vertex 2.4498366666666667 22.250106666666667 29.44998
endloop
endfacet
facet normal 1 0 0
outer loop
vertex 2.4498366666666667 23.107116666666666 27.522635
vertex 2.4498366666666667 22.250106666666667 29.44998
vertex 2.4498366666666667 22.250106666666667 28.972008333333335
endloop
endfacet
facet normal 1 0 0
outer loop
vertex 2.4498366666666667 23.107116666666666 27.522635
vertex 2.4498366666666667 22.250106666666667 28.972008333333335
vertex 2.4498366666666667 22.250106666666667 28.512586666666667
endloop
endfacet
facet normal 1 0 0
outer loop
vertex 2.4498366666666667 23.107116666666666 27.522635
vertex 2.4498366666666667 22.250106666666667 28.512586666666667
vertex 2.4498366666666667 22.250106666666667 28.089028333333335
endloop
endfacet
facet normal 1 0 0
outer loop
vertex 2.4498366666666667 23.107116666666666 27.522635
vertex 2.4498366666666667 22.250106666666667 28.089028333333335
vertex 2.4498366666666667 22.250106666666667 27.71741
endloop
endfacet
facet normal 1 0 0
outer loop
vertex 2.4498366666666667 23.107116666666666 27.522635
vertex 2.4498366666666667 22.250106666666667 27.71741
vertex 2.4498366666666667 22.250106666666667 27.41319
endloop
endfacet
facet normal 0.9999999999999999 0 0
outer loop
vertex 2.4498366666666667 23.107116666666666 27.522635
vertex 2.4498366666666667 22.250106666666667 27.41319
vertex 2.4498366666666667 22.250106666666667 27.186261666666667
endloop
endfacet
facet normal 1 0 0
outer loop
vertex 2.4498366666666667 23.107116666666666 27.522635
vertex 2.4498366666666667 22.250106666666667 27.186261666666667
vertex 2.4498366666666667 22.250106666666667 27.047136666666667
endloop
endfacet
facet normal 1 0 0
outer loop
vertex 2.4498366666666667 23.107116666666666 27.522635
vertex 2.4498366666666667 22.250106666666667 27.047136666666667
vertex 2.4498366666666667 22.250106666666667 27.000143333333334
endloop
endfacet
facet normal 1 0 0
outer loop
vertex 2.4498366666666667 23.107116666666666 27.522635
vertex 2.4498366666666667 22.250106666666667 27.000143333333334
vertex 2.4498366666666667 22.250106666666667 22.000300000000003
endloop
endfacet
facet normal 1 0 0
outer loop
vertex 2.4498366666666667 23.107116666666666 27.522635
vertex 2.4498366666666667 22.250106666666667 22.000300000000003
vertex 2.4498366666666667 28.249795000000002 22.000300000000003
endloop
endfacet
facet normal 1 0 0
outer loop
vertex 2.4498366666666667 23.107116666666666 27.522635
vertex 2.4498366666666667 28.249795000000002 22.000300000000003
vertex 2.4498366666666667 28.249795000000002 30.000296666666667
endloop
endfacet
facet normal 1 0 0
outer loop
vertex 2.4498366666666667 23.107116666666666 27.522635
vertex 2.4498366666666667 28.249795000000002 30.000296666666667
vertex 2.4498366666666667 22.250106666666667 30.000296666666667
endloop
endfacet
endsolid JSCAD
