solid JSCAD
facet normal 0 1 0
outer loop
vertex 6.500201060547891 9.749949505399858 3.25003011318955
vertex 6.500201060547891 9.749949505399858 0
vertex -6.500201060547891 9.749949505399858 0
endloop
endfacet
facet normal 0 1 0
outer loop
vertex 6.500201060547891 9.749949505399858 3.25003011318955
vertex -6.500201060547891 9.749949505399858 0
vertex -6.500201060547891 9.749949505399858 3.25003011318955
endloop
endfacet
facet normal -1 0 0
outer loop
vertex -6.500201060547891 9.749949505399858 3.25003011318955
vertex -6.500201060547891 9.749949505399858 0
vertex -6.500201060547891 6.5000602263791 0
endloop
endfacet
facet normal -1 0 0
outer loop
vertex -6.500201060547891 9.749949505399858 3.25003011318955
vertex -6.500201060547891 6.5000602263791 0
vertex -6.500201060547891 6.5000602263791 3.25003011318955
endloop
endfacet
facet normal 1 0 0
outer loop
vertex 6.500201060547891 6.5000602263791 3.25003011318955
vertex 6.500201060547891 6.5000602263791 0
vertex 6.500201060547891 9.749949505399858 0
endloop
endfacet
facet normal 1 0 0
outer loop
vertex 6.500201060547891 6.5000602263791 3.25003011318955
vertex 6.500201060547891 9.749949505399858 0
vertex 6.500201060547891 9.749949505399858 3.25003011318955
endloop
endfacet
facet normal -1 0 0
outer loop
vertex -6.499919392210309 -6.5000602263791 3.25003011318955
vertex -6.499919392210309 -6.5000602263791 0
vertex -6.499919392210309 -9.749949505399858 0
endloop
endfacet
facet normal -1 0 0
outer loop
vertex -6.499919392210309 -6.5000602263791 3.25003011318955
vertex -6.499919392210309 -9.749949505399858 0
vertex -6.499919392210309 -9.749949505399858 3.25003011318955
endloop
endfacet
facet normal 0 -0.9999999999999999 0
outer loop
vertex -6.499919392210309 -9.749949505399858 3.25003011318955
vertex -6.499919392210309 -9.749949505399858 0
vertex 6.499919392210309 -9.749949505399858 0
endloop
endfacet
facet normal 0 -0.9999999999999999 0
outer loop
vertex -6.499919392210309 -9.749949505399858 3.25003011318955
vertex 6.499919392210309 -9.749949505399858 0
vertex 6.499919392210309 -9.749949505399858 3.25003011318955
endloop
endfacet
facet normal 1 0 0
outer loop
vertex 6.499919392210309 -9.749949505399858 3.25003011318955
vertex 6.499919392210309 -9.749949505399858 0
vertex 6.499919392210309 -6.5000602263791 0
endloop
endfacet
facet normal 1 0 0
outer loop
vertex 6.499919392210309 -9.749949505399858 3.25003011318955
vertex 6.499919392210309 -6.5000602263791 0
vertex 6.499919392210309 -6.5000602263791 3.25003011318955
endloop
endfacet
facet normal -1 0 0
outer loop
vertex -9.750090339568649 -1.6415630714277156 1.6250854736791704
vertex -9.750090339568649 -1.6749407694311789 3.25003011318955
vertex -9.750090339568649 0 3.25003011318955
endloop
endfacet
facet normal -1 0 0
outer loop
vertex -9.750090339568649 -1.6415630714277156 1.6250854736791704
vertex -9.750090339568649 0 3.25003011318955
vertex -9.750090339568649 0 0
endloop
endfacet
facet normal -0.9999999999999999 0 0
outer loop
vertex -9.750090339568649 -1.6415630714277156 1.6250854736791704
vertex -9.750090339568649 0 0
vertex -9.750090339568649 -1.6749407694311789 0
endloop
endfacet
facet normal -1 0 0
outer loop
vertex -9.750090339568649 -1.6415630714277156 1.6250854736791704
vertex -9.750090339568649 -1.6749407694311789 0
vertex -9.750090339568649 -3.249889279020759 0
endloop
endfacet
facet normal -1 0 0
outer loop
vertex -9.750090339568649 -1.6415630714277156 1.6250854736791704
vertex -9.750090339568649 -3.249889279020759 0
vertex -9.750090339568649 -3.249889279020759 3.25003011318955
endloop
endfacet
facet normal -1 0 0
outer loop
vertex -9.750090339568649 -1.6415630714277156 1.6250854736791704
vertex -9.750090339568649 -3.249889279020759 3.25003011318955
vertex -9.750090339568649 -1.6749407694311789 3.25003011318955
endloop
endfacet
facet normal 1 0 0
outer loop
vertex 9.750090339568649 -1.6415630714277156 1.6250854736791704
vertex 9.750090339568649 -1.6749407694311789 3.25003011318955
vertex 9.750090339568649 -3.249889279020759 3.25003011318955
endloop
endfacet
facet normal 1 0 0
outer loop
vertex 9.750090339568649 -1.6415630714277156 1.6250854736791704
vertex 9.750090339568649 -3.249889279020759 3.25003011318955
vertex 9.750090339568649 -3.249889279020759 0
endloop
endfacet
facet normal 1 0 0
outer loop
vertex 9.750090339568649 -1.6415630714277156 1.6250854736791704
vertex 9.750090339568649 -3.249889279020759 0
vertex 9.750090339568649 -1.6749407694311789 0
endloop
endfacet
facet normal 0.9999999999999999 0 0
outer loop
vertex 9.750090339568649 -1.6415630714277156 1.6250854736791704
vertex 9.750090339568649 -1.6749407694311789 0
vertex 9.750090339568649 0 0
endloop
endfacet
facet normal 1 0 0
outer loop
vertex 9.750090339568649 -1.6415630714277156 1.6250854736791704
vertex 9.750090339568649 0 0
vertex 9.750090339568649 0 3.25003011318955
endloop
endfacet
facet normal 1 0 0
outer loop
vertex 9.750090339568649 -1.6415630714277156 1.6250854736791704
vertex 9.750090339568649 0 3.25003011318955
vertex 9.750090339568649 -1.6749407694311789 3.25003011318955
endloop
endfacet
facet normal -1 0 0
outer loop
vertex -9.749949505399858 6.5000602263791 3.25003011318955
vertex -9.749949505399858 6.5000602263791 0
vertex -9.749949505399858 3.249889279020759 0
endloop
endfacet
facet normal -1 0 0
outer loop
vertex -9.749949505399858 6.5000602263791 3.25003011318955
vertex -9.749949505399858 3.249889279020759 0
vertex -9.749949505399858 3.249889279020759 3.25003011318955
endloop
endfacet
facet normal 1 0 0
outer loop
vertex 9.749949505399858 3.249889279020759 3.25003011318955
vertex 9.749949505399858 3.249889279020759 0
vertex 9.749949505399858 6.5000602263791 0
endloop
endfacet
facet normal 1 0 0
outer loop
vertex 9.749949505399858 3.249889279020759 3.25003011318955
vertex 9.749949505399858 6.5000602263791 0
vertex 9.749949505399858 6.5000602263791 3.25003011318955
endloop
endfacet
facet normal 0 1 0
outer loop
vertex -9.749808671231067 0 3.25003011318955
vertex -9.749808671231067 0 0
vertex -9.750090339568649 0 0
endloop
endfacet
facet normal 0 1 0
outer loop
vertex -9.749808671231067 0 3.25003011318955
vertex -9.750090339568649 0 0
vertex -9.750090339568649 0 3.25003011318955
endloop
endfacet
facet normal 0 1 0
outer loop
vertex 9.750090339568649 0 3.25003011318955
vertex 9.750090339568649 0 0
vertex 9.749808671231067 0 0
endloop
endfacet
facet normal 0 1 0
outer loop
vertex 9.750090339568649 0 3.25003011318955
vertex 9.749808671231067 0 0
vertex 9.749808671231067 0 3.25003011318955
endloop
endfacet
facet normal 0 -1 0
outer loop
vertex 9.749808671231067 -3.249889279020759 3.25003011318955
vertex 9.749808671231067 -3.249889279020759 0
vertex 9.750090339568649 -3.249889279020759 0
endloop
endfacet
facet normal 0 -1 0
outer loop
vertex 9.749808671231067 -3.249889279020759 3.25003011318955
vertex 9.750090339568649 -3.249889279020759 0
vertex 9.750090339568649 -3.249889279020759 3.25003011318955
endloop
endfacet
facet normal 0 -1 0
outer loop
vertex -9.750090339568649 -3.249889279020759 3.25003011318955
vertex -9.750090339568649 -3.249889279020759 0
vertex -9.749808671231067 -3.249889279020759 0
endloop
endfacet
facet normal 0 -1 0
outer loop
vertex -9.750090339568649 -3.249889279020759 3.25003011318955
vertex -9.749808671231067 -3.249889279020759 0
vertex -9.749808671231067 -3.249889279020759 3.25003011318955
endloop
endfacet
facet normal 0 -1 0
outer loop
vertex 9.749808671231067 3.249889279020759 3.25003011318955
vertex 9.749808671231067 3.249889279020759 0
vertex 9.749949505399858 3.249889279020759 0
endloop
endfacet
facet normal 0 -1 0
outer loop
vertex 9.749808671231067 3.249889279020759 3.25003011318955
vertex 9.749949505399858 3.249889279020759 0
vertex 9.749949505399858 3.249889279020759 3.25003011318955
endloop
endfacet
facet normal 0 -1 0
outer loop
vertex -9.749949505399858 3.249889279020759 3.25003011318955
vertex -9.749949505399858 3.249889279020759 0
vertex -9.749808671231067 3.249889279020759 0
endloop
endfacet
facet normal 0 -1 0
outer loop
vertex -9.749949505399858 3.249889279020759 3.25003011318955
vertex -9.749808671231067 3.249889279020759 0
vertex -9.749808671231067 3.249889279020759 3.25003011318955
endloop
endfacet
facet normal -1 0 0
outer loop
vertex -9.749808671231067 -3.249889279020759 3.25003011318955
vertex -9.749808671231067 -3.249889279020759 0
vertex -9.749808671231067 -6.5000602263791 0
endloop
endfacet
facet normal -1 0 0
outer loop
vertex -9.749808671231067 -3.249889279020759 3.25003011318955
vertex -9.749808671231067 -6.5000602263791 0
vertex -9.749808671231067 -6.5000602263791 3.25003011318955
endloop
endfacet
facet normal -1 0 0
outer loop
vertex -9.749808671231067 1.6415630714277156 1.6250854736791704
vertex -9.749808671231067 1.6749407694311789 3.25003011318955
vertex -9.749808671231067 3.249889279020759 3.25003011318955
endloop
endfacet
facet normal -1 0 0
outer loop
vertex -9.749808671231067 1.6415630714277156 1.6250854736791704
vertex -9.749808671231067 3.249889279020759 3.25003011318955
vertex -9.749808671231067 3.249889279020759 0
endloop
endfacet
facet normal -1 0 0
outer loop
vertex -9.749808671231067 1.6415630714277156 1.6250854736791704
vertex -9.749808671231067 3.249889279020759 0
vertex -9.749808671231067 1.6749407694311789 0
endloop
endfacet
facet normal -0.9999999999999999 0 0
outer loop
vertex -9.749808671231067 1.6415630714277156 1.6250854736791704
vertex -9.749808671231067 1.6749407694311789 0
vertex -9.749808671231067 0 0
endloop
endfacet
facet normal -1 0 0
outer loop
vertex -9.749808671231067 1.6415630714277156 1.6250854736791704
vertex -9.749808671231067 0 0
vertex -9.749808671231067 0 3.25003011318955
endloop
endfacet
facet normal -1 0 0
outer loop
vertex -9.749808671231067 1.6415630714277156 1.6250854736791704
vertex -9.749808671231067 0 3.25003011318955
vertex -9.749808671231067 1.6749407694311789 3.25003011318955
endloop
endfacet
facet normal 1 0 0
outer loop
vertex 9.749808671231067 1.6415630714277156 1.6250854736791704
vertex 9.749808671231067 1.6749407694311789 3.25003011318955
vertex 9.749808671231067 0 3.25003011318955
endloop
endfacet
facet normal 1 0 0
outer loop
vertex 9.749808671231067 1.6415630714277156 1.6250854736791704
vertex 9.749808671231067 0 3.25003011318955
vertex 9.749808671231067 0 0
endloop
endfacet
facet normal 0.9999999999999999 0 0
outer loop
vertex 9.749808671231067 1.6415630714277156 1.6250854736791704
vertex 9.749808671231067 0 0
vertex 9.749808671231067 1.6749407694311789 0
endloop
endfacet
facet normal 1 0 0
outer loop
vertex 9.749808671231067 1.6415630714277156 1.6250854736791704
vertex 9.749808671231067 1.6749407694311789 0
vertex 9.749808671231067 3.249889279020759 0
endloop
endfacet
facet normal 1 0 0
outer loop
vertex 9.749808671231067 1.6415630714277156 1.6250854736791704
vertex 9.749808671231067 3.249889279020759 0
vertex 9.749808671231067 3.249889279020759 3.25003011318955
endloop
endfacet
facet normal 1 0 0
outer loop
vertex 9.749808671231067 1.6415630714277156 1.6250854736791704
vertex 9.749808671231067 3.249889279020759 3.25003011318955
vertex 9.749808671231067 1.6749407694311789 3.25003011318955
endloop
endfacet
facet normal 1 0 0
outer loop
vertex 9.749808671231067 -6.5000602263791 3.25003011318955
vertex 9.749808671231067 -6.5000602263791 0
vertex 9.749808671231067 -3.249889279020759 0
endloop
endfacet
facet normal 1 0 0
outer loop
vertex 9.749808671231067 -6.5000602263791 3.25003011318955
vertex 9.749808671231067 -3.249889279020759 0
vertex 9.749808671231067 -3.249889279020759 3.25003011318955
endloop
endfacet
facet normal 0 1 0
outer loop
vertex -6.500201060547891 6.5000602263791 3.25003011318955
vertex -6.500201060547891 6.5000602263791 0
vertex -9.749949505399858 6.5000602263791 0
endloop
endfacet
facet normal 0 1 0
outer loop
vertex -6.500201060547891 6.5000602263791 3.25003011318955
vertex -9.749949505399858 6.5000602263791 0
vertex -9.749949505399858 6.5000602263791 3.25003011318955
endloop
endfacet
facet normal 0 1 0
outer loop
vertex 9.749949505399858 6.5000602263791 3.25003011318955
vertex 9.749949505399858 6.5000602263791 0
vertex 6.500201060547891 6.5000602263791 0
endloop
endfacet
facet normal 0 1 0
outer loop
vertex 9.749949505399858 6.5000602263791 3.25003011318955
vertex 6.500201060547891 6.5000602263791 0
vertex 6.500201060547891 6.5000602263791 3.25003011318955
endloop
endfacet
facet normal 0 -1 0
outer loop
vertex 6.499919392210309 -6.5000602263791 3.25003011318955
vertex 6.499919392210309 -6.5000602263791 0
vertex 9.749808671231067 -6.5000602263791 0
endloop
endfacet
facet normal 0 -1 0
outer loop
vertex 6.499919392210309 -6.5000602263791 3.25003011318955
vertex 9.749808671231067 -6.5000602263791 0
vertex 9.749808671231067 -6.5000602263791 3.25003011318955
endloop
endfacet
facet normal 0 -1 0
outer loop
vertex -9.749808671231067 -6.5000602263791 3.25003011318955
vertex -9.749808671231067 -6.5000602263791 0
vertex -6.499919392210309 -6.5000602263791 0
endloop
endfacet
facet normal 0 -1 0
outer loop
vertex -9.749808671231067 -6.5000602263791 3.25003011318955
vertex -6.499919392210309 -6.5000602263791 0
vertex -6.499919392210309 -6.5000602263791 3.25003011318955
endloop
endfacet
facet normal 0 0 0.9999999999999999
outer loop
vertex -6.500201060547891 9.749949505399858 3.25003011318955
vertex -6.500201060547891 6.5000602263791 3.25003011318955
vertex 6.500201060547891 6.5000602263791 3.25003011318955
endloop
endfacet
facet normal 0 0 0.9999999999999999
outer loop
vertex -6.500201060547891 9.749949505399858 3.25003011318955
vertex 6.500201060547891 6.5000602263791 3.25003011318955
vertex 6.500201060547891 9.749949505399858 3.25003011318955
endloop
endfacet
facet normal 0 0 0.9999999999999999
outer loop
vertex 0 4.874974752699929 3.25003011318955
vertex 6.500201060547891 6.5000602263791 3.25003011318955
vertex -6.500201060547891 6.5000602263791 3.25003011318955
endloop
endfacet
facet normal 0 0 1
outer loop
vertex 0 4.874974752699929 3.25003011318955
vertex -6.500201060547891 6.5000602263791 3.25003011318955
vertex -9.749949505399858 6.5000602263791 3.25003011318955
endloop
endfacet
facet normal 0 0 1
outer loop
vertex 0 4.874974752699929 3.25003011318955
vertex -9.749949505399858 6.5000602263791 3.25003011318955
vertex -9.749949505399858 3.249889279020759 3.25003011318955
endloop
endfacet
facet normal 0 0 0.9999999999999999
outer loop
vertex 0 4.874974752699929 3.25003011318955
vertex -9.749949505399858 3.249889279020759 3.25003011318955
vertex -9.749808671231067 3.249889279020759 3.25003011318955
endloop
endfacet
facet normal 0 0 1
outer loop
vertex 0 4.874974752699929 3.25003011318955
vertex -9.749808671231067 3.249889279020759 3.25003011318955
vertex 9.749808671231067 3.249889279020759 3.25003011318955
endloop
endfacet
facet normal 0 0 0.9999999999999999
outer loop
vertex 0 4.874974752699929 3.25003011318955
vertex 9.749808671231067 3.249889279020759 3.25003011318955
vertex 9.749949505399858 3.249889279020759 3.25003011318955
endloop
endfacet
facet normal 0 0 1
outer loop
vertex 0 4.874974752699929 3.25003011318955
vertex 9.749949505399858 3.249889279020759 3.25003011318955
vertex 9.749949505399858 6.5000602263791 3.25003011318955
endloop
endfacet
facet normal 0 0 1
outer loop
vertex 0 4.874974752699929 3.25003011318955
vertex 9.749949505399858 6.5000602263791 3.25003011318955
vertex 6.500201060547891 6.5000602263791 3.25003011318955
endloop
endfacet
facet normal 0 0 1
outer loop
vertex 0 2.199970550683969 3.25003011318955
vertex -9.749808671231067 3.249889279020759 3.25003011318955
vertex -9.749808671231067 1.6749407694311789 3.25003011318955
endloop
endfacet
facet normal 0 0 1
outer loop
vertex 0 2.199970550683969 3.25003011318955
vertex -9.749808671231067 1.6749407694311789 3.25003011318955
vertex -1.6749407694311789 1.6749407694311789 3.25003011318955
endloop
endfacet
facet normal 0 0 0.9999999999999999
outer loop
vertex 0 2.199970550683969 3.25003011318955
vertex -1.6749407694311789 1.6749407694311789 3.25003011318955
vertex 1.6749407694311789 1.6749407694311789 3.25003011318955
endloop
endfacet
facet normal 0 0 1
outer loop
vertex 0 2.199970550683969 3.25003011318955
vertex 1.6749407694311789 1.6749407694311789 3.25003011318955
vertex 9.749808671231067 1.6749407694311789 3.25003011318955
endloop
endfacet
facet normal 0 0 1
outer loop
vertex 0 2.199970550683969 3.25003011318955
vertex 9.749808671231067 1.6749407694311789 3.25003011318955
vertex 9.749808671231067 3.249889279020759 3.25003011318955
endloop
endfacet
facet normal 0 0 1
outer loop
vertex 0 2.199970550683969 3.25003011318955
vertex 9.749808671231067 3.249889279020759 3.25003011318955
vertex -9.749808671231067 3.249889279020759 3.25003011318955
endloop
endfacet
facet normal 0 0 1
outer loop
vertex 1.6749407694311789 1.6749407694311789 3.25003011318955
vertex 1.6749407694311789 0 3.25003011318955
vertex 9.749808671231067 0 3.25003011318955
endloop
endfacet
facet normal 0 0 1
outer loop
vertex 1.6749407694311789 1.6749407694311789 3.25003011318955
vertex 9.749808671231067 0 3.25003011318955
vertex 9.749808671231067 1.6749407694311789 3.25003011318955
endloop
endfacet
facet normal 0 0 1
outer loop
vertex -9.749808671231067 1.6749407694311789 3.25003011318955
vertex -9.749808671231067 0 3.25003011318955
vertex -1.6749407694311789 0 3.25003011318955
endloop
endfacet
facet normal 0 0 1
outer loop
vertex -9.749808671231067 1.6749407694311789 3.25003011318955
vertex -1.6749407694311789 0 3.25003011318955
vertex -1.6749407694311789 1.6749407694311789 3.25003011318955
endloop
endfacet
facet normal 0 0 1
outer loop
vertex 6.519917844178629 -0.6699481409387134 3.25003011318955
vertex 9.749808671231067 0 3.25003011318955
vertex 1.6749407694311789 0 3.25003011318955
endloop
endfacet
facet normal 0 0 1
outer loop
vertex 6.519917844178629 -0.6699481409387134 3.25003011318955
vertex 1.6749407694311789 0 3.25003011318955
vertex 1.6749407694311789 -1.6749407694311789 3.25003011318955
endloop
endfacet
facet normal 0 0 1
outer loop
vertex 6.519917844178629 -0.6699481409387134 3.25003011318955
vertex 1.6749407694311789 -1.6749407694311789 3.25003011318955
vertex 9.750090339568649 -1.6749407694311789 3.25003011318955
endloop
endfacet
facet normal 0 0 1
outer loop
vertex 6.519917844178629 -0.6699481409387134 3.25003011318955
vertex 9.750090339568649 -1.6749407694311789 3.25003011318955
vertex 9.750090339568649 0 3.25003011318955
endloop
endfacet
facet normal 0 0 1
outer loop
vertex 6.519917844178629 -0.6699481409387134 3.25003011318955
vertex 9.750090339568649 0 3.25003011318955
vertex 9.749808671231067 0 3.25003011318955
endloop
endfacet
facet normal 0 0 1
outer loop
vertex -6.519917844178629 -0.6699481409387134 3.25003011318955
vertex -9.749808671231067 0 3.25003011318955
vertex -9.750090339568649 0 3.25003011318955
endloop
endfacet
facet normal 0 0 1
outer loop
vertex -6.519917844178629 -0.6699481409387134 3.25003011318955
vertex -9.750090339568649 0 3.25003011318955
vertex -9.750090339568649 -1.6749407694311789 3.25003011318955
endloop
endfacet
facet normal 0 0 1
outer loop
vertex -6.519917844178629 -0.6699481409387134 3.25003011318955
vertex -9.750090339568649 -1.6749407694311789 3.25003011318955
vertex -1.6749407694311789 -1.6749407694311789 3.25003011318955
endloop
endfacet
facet normal 0 0 1
outer loop
vertex -6.519917844178629 -0.6699481409387134 3.25003011318955
vertex -1.6749407694311789 -1.6749407694311789 3.25003011318955
vertex -1.6749407694311789 0 3.25003011318955
endloop
endfacet
facet normal 0 0 1
outer loop
vertex -6.519917844178629 -0.6699481409387134 3.25003011318955
vertex -1.6749407694311789 0 3.25003011318955
vertex -9.749808671231067 0 3.25003011318955
endloop
endfacet
facet normal 0 0 0.9999999999999999
outer loop
vertex 0 -2.4624854413103643 3.25003011318955
vertex 1.6749407694311789 -1.6749407694311789 3.25003011318955
vertex -1.6749407694311789 -1.6749407694311789 3.25003011318955
endloop
endfacet
facet normal 0 0 1
outer loop
vertex 0 -2.4624854413103643 3.25003011318955
vertex -1.6749407694311789 -1.6749407694311789 3.25003011318955
vertex -9.750090339568649 -1.6749407694311789 3.25003011318955
endloop
endfacet
facet normal 0 0 1
outer loop
vertex 0 -2.4624854413103643 3.25003011318955
vertex -9.750090339568649 -1.6749407694311789 3.25003011318955
vertex -9.750090339568649 -3.249889279020759 3.25003011318955
endloop
endfacet
facet normal 0 0 1
outer loop
vertex 0 -2.4624854413103643 3.25003011318955
vertex -9.750090339568649 -3.249889279020759 3.25003011318955
vertex -9.749808671231067 -3.249889279020759 3.25003011318955
endloop
endfacet
facet normal 0 0 1
outer loop
vertex 0 -2.4624854413103643 3.25003011318955
vertex -9.749808671231067 -3.249889279020759 3.25003011318955
vertex 9.749808671231067 -3.249889279020759 3.25003011318955
endloop
endfacet
facet normal 0 0 1
outer loop
vertex 0 -2.4624854413103643 3.25003011318955
vertex 9.749808671231067 -3.249889279020759 3.25003011318955
vertex 9.750090339568649 -3.249889279020759 3.25003011318955
endloop
endfacet
facet normal 0 0 1
outer loop
vertex 0 -2.4624854413103643 3.25003011318955
vertex 9.750090339568649 -3.249889279020759 3.25003011318955
vertex 9.750090339568649 -1.6749407694311789 3.25003011318955
endloop
endfacet
facet normal 0 0 1
outer loop
vertex 0 -2.4624854413103643 3.25003011318955
vertex 9.750090339568649 -1.6749407694311789 3.25003011318955
vertex 1.6749407694311789 -1.6749407694311789 3.25003011318955
endloop
endfacet
facet normal 0 0 1
outer loop
vertex 0 -5.416622965870056 3.25003011318955
vertex -9.749808671231067 -3.249889279020759 3.25003011318955
vertex -9.749808671231067 -6.5000602263791 3.25003011318955
endloop
endfacet
facet normal 0 0 1
outer loop
vertex 0 -5.416622965870056 3.25003011318955
vertex -9.749808671231067 -6.5000602263791 3.25003011318955
vertex -6.499919392210309 -6.5000602263791 3.25003011318955
endloop
endfacet
facet normal 0 0 1
outer loop
vertex 0 -5.416622965870056 3.25003011318955
vertex -6.499919392210309 -6.5000602263791 3.25003011318955
vertex 6.499919392210309 -6.5000602263791 3.25003011318955
endloop
endfacet
facet normal 0 0 1
outer loop
vertex 0 -5.416622965870056 3.25003011318955
vertex 6.499919392210309 -6.5000602263791 3.25003011318955
vertex 9.749808671231067 -6.5000602263791 3.25003011318955
endloop
endfacet
facet normal 0 0 1
outer loop
vertex 0 -5.416622965870056 3.25003011318955
vertex 9.749808671231067 -6.5000602263791 3.25003011318955
vertex 9.749808671231067 -3.249889279020759 3.25003011318955
endloop
endfacet
facet normal 0 0 0.9999999999999999
outer loop
vertex 0 -5.416622965870056 3.25003011318955
vertex 9.749808671231067 -3.249889279020759 3.25003011318955
vertex -9.749808671231067 -3.249889279020759 3.25003011318955
endloop
endfacet
facet normal 0 0 1
outer loop
vertex -6.499919392210309 -6.5000602263791 3.25003011318955
vertex -6.499919392210309 -9.749949505399858 3.25003011318955
vertex 6.499919392210309 -9.749949505399858 3.25003011318955
endloop
endfacet
facet normal 0 0 1
outer loop
vertex -6.499919392210309 -6.5000602263791 3.25003011318955
vertex 6.499919392210309 -9.749949505399858 3.25003011318955
vertex 6.499919392210309 -6.5000602263791 3.25003011318955
endloop
endfacet
facet normal 0 0 -0.9999999999999999
outer loop
vertex 6.500201060547891 9.749949505399858 0
vertex 6.500201060547891 6.5000602263791 0
vertex -6.500201060547891 6.5000602263791 0
endloop
endfacet
facet normal 0 0 -0.9999999999999999
outer loop
vertex 6.500201060547891 9.749949505399858 0
vertex -6.500201060547891 6.5000602263791 0
vertex -6.500201060547891 9.749949505399858 0
endloop
endfacet
facet normal 0 0 -0.9999999999999999
outer loop
vertex 0 4.874974752699929 0
vertex -6.500201060547891 6.5000602263791 0
vertex 6.500201060547891 6.5000602263791 0
endloop
endfacet
facet normal 0 0 -1
outer loop
vertex 0 4.874974752699929 0
vertex 6.500201060547891 6.5000602263791 0
vertex 9.749949505399858 6.5000602263791 0
endloop
endfacet
facet normal 0 0 -1
outer loop
vertex 0 4.874974752699929 0
vertex 9.749949505399858 6.5000602263791 0
vertex 9.749949505399858 3.249889279020759 0
endloop
endfacet
facet normal 0 0 -0.9999999999999999
outer loop
vertex 0 4.874974752699929 0
vertex 9.749949505399858 3.249889279020759 0
vertex 9.749808671231067 3.249889279020759 0
endloop
endfacet
facet normal 0 0 -1
outer loop
vertex 0 4.874974752699929 0
vertex 9.749808671231067 3.249889279020759 0
vertex -9.749808671231067 3.249889279020759 0
endloop
endfacet
facet normal 0 0 -0.9999999999999999
outer loop
vertex 0 4.874974752699929 0
vertex -9.749808671231067 3.249889279020759 0
vertex -9.749949505399858 3.249889279020759 0
endloop
endfacet
facet normal 0 0 -1
outer loop
vertex 0 4.874974752699929 0
vertex -9.749949505399858 3.249889279020759 0
vertex -9.749949505399858 6.5000602263791 0
endloop
endfacet
facet normal 0 0 -1
outer loop
vertex 0 4.874974752699929 0
vertex -9.749949505399858 6.5000602263791 0
vertex -6.500201060547891 6.5000602263791 0
endloop
endfacet
facet normal 0 0 -1
outer loop
vertex 0 2.199970550683969 0
vertex 9.749808671231067 3.249889279020759 0
vertex 9.749808671231067 1.6749407694311789 0
endloop
endfacet
facet normal 0 0 -1
outer loop
vertex 0 2.199970550683969 0
vertex 9.749808671231067 1.6749407694311789 0
vertex 1.6749407694311789 1.6749407694311789 0
endloop
endfacet
facet normal 0 0 -0.9999999999999999
outer loop
vertex 0 2.199970550683969 0
vertex 1.6749407694311789 1.6749407694311789 0
vertex -1.6749407694311789 1.6749407694311789 0
endloop
endfacet
facet normal 0 0 -1
outer loop
vertex 0 2.199970550683969 0
vertex -1.6749407694311789 1.6749407694311789 0
vertex -9.749808671231067 1.6749407694311789 0
endloop
endfacet
facet normal 0 0 -1
outer loop
vertex 0 2.199970550683969 0
vertex -9.749808671231067 1.6749407694311789 0
vertex -9.749808671231067 3.249889279020759 0
endloop
endfacet
facet normal 0 0 -1
outer loop
vertex 0 2.199970550683969 0
vertex -9.749808671231067 3.249889279020759 0
vertex 9.749808671231067 3.249889279020759 0
endloop
endfacet
facet normal 0 0 -1
outer loop
vertex -1.6749407694311789 1.6749407694311789 0
vertex -1.6749407694311789 0 0
vertex -9.749808671231067 0 0
endloop
endfacet
facet normal 0 0 -1
outer loop
vertex -1.6749407694311789 1.6749407694311789 0
vertex -9.749808671231067 0 0
vertex -9.749808671231067 1.6749407694311789 0
endloop
endfacet
facet normal 0 0 -1
outer loop
vertex 9.749808671231067 1.6749407694311789 0
vertex 9.749808671231067 0 0
vertex 1.6749407694311789 0 0
endloop
endfacet
facet normal 0 0 -1
outer loop
vertex 9.749808671231067 1.6749407694311789 0
vertex 1.6749407694311789 0 0
vertex 1.6749407694311789 1.6749407694311789 0
endloop
endfacet
facet normal 0 0 -1
outer loop
vertex -6.519917844178629 -0.6699481409387134 0
vertex -9.749808671231067 0 0
vertex -1.6749407694311789 0 0
endloop
endfacet
facet normal 0 0 -1
outer loop
vertex -6.519917844178629 -0.6699481409387134 0
vertex -1.6749407694311789 0 0
vertex -1.6749407694311789 -1.6749407694311789 0
endloop
endfacet
facet normal 0 0 -1
outer loop
vertex -6.519917844178629 -0.6699481409387134 0
vertex -1.6749407694311789 -1.6749407694311789 0
vertex -9.750090339568649 -1.6749407694311789 0
endloop
endfacet
facet normal 0 0 -1
outer loop
vertex -6.519917844178629 -0.6699481409387134 0
vertex -9.750090339568649 -1.6749407694311789 0
vertex -9.750090339568649 0 0
endloop
endfacet
facet normal 0 0 -1
outer loop
vertex -6.519917844178629 -0.6699481409387134 0
vertex -9.750090339568649 0 0
vertex -9.749808671231067 0 0
endloop
endfacet
facet normal 0 0 -1
outer loop
vertex 6.519917844178629 -0.6699481409387134 0
vertex 9.749808671231067 0 0
vertex 9.750090339568649 0 0
endloop
endfacet
facet normal 0 0 -1
outer loop
vertex 6.519917844178629 -0.6699481409387134 0
vertex 9.750090339568649 0 0
vertex 9.750090339568649 -1.6749407694311789 0
endloop
endfacet
facet normal 0 0 -1
outer loop
vertex 6.519917844178629 -0.6699481409387134 0
vertex 9.750090339568649 -1.6749407694311789 0
vertex 1.6749407694311789 -1.6749407694311789 0
endloop
endfacet
facet normal 0 0 -1
outer loop
vertex 6.519917844178629 -0.6699481409387134 0
vertex 1.6749407694311789 -1.6749407694311789 0
vertex 1.6749407694311789 0 0
endloop
endfacet
facet normal 0 0 -1
outer loop
vertex 6.519917844178629 -0.6699481409387134 0
vertex 1.6749407694311789 0 0
vertex 9.749808671231067 0 0
endloop
endfacet
facet normal 0 0 -0.9999999999999999
outer loop
vertex 0 -2.4624854413103643 0
vertex -1.6749407694311789 -1.6749407694311789 0
vertex 1.6749407694311789 -1.6749407694311789 0
endloop
endfacet
facet normal 0 0 -1
outer loop
vertex 0 -2.4624854413103643 0
vertex 1.6749407694311789 -1.6749407694311789 0
vertex 9.750090339568649 -1.6749407694311789 0
endloop
endfacet
facet normal 0 0 -1
outer loop
vertex 0 -2.4624854413103643 0
vertex 9.750090339568649 -1.6749407694311789 0
vertex 9.750090339568649 -3.249889279020759 0
endloop
endfacet
facet normal 0 0 -1
outer loop
vertex 0 -2.4624854413103643 0
vertex 9.750090339568649 -3.249889279020759 0
vertex 9.749808671231067 -3.249889279020759 0
endloop
endfacet
facet normal 0 0 -1
outer loop
vertex 0 -2.4624854413103643 0
vertex 9.749808671231067 -3.249889279020759 0
vertex -9.749808671231067 -3.249889279020759 0
endloop
endfacet
facet normal 0 0 -1
outer loop
vertex 0 -2.4624854413103643 0
vertex -9.749808671231067 -3.249889279020759 0
vertex -9.750090339568649 -3.249889279020759 0
endloop
endfacet
facet normal 0 0 -1
outer loop
vertex 0 -2.4624854413103643 0
vertex -9.750090339568649 -3.249889279020759 0
vertex -9.750090339568649 -1.6749407694311789 0
endloop
endfacet
facet normal 0 0 -1
outer loop
vertex 0 -2.4624854413103643 0
vertex -9.750090339568649 -1.6749407694311789 0
vertex -1.6749407694311789 -1.6749407694311789 0
endloop
endfacet
facet normal 0 0 -1
outer loop
vertex 0 -5.416622965870056 0
vertex 9.749808671231067 -3.249889279020759 0
vertex 9.749808671231067 -6.5000602263791 0
endloop
endfacet
facet normal 0 0 -1
outer loop
vertex 0 -5.416622965870056 0
vertex 9.749808671231067 -6.5000602263791 0
vertex 6.499919392210309 -6.5000602263791 0
endloop
endfacet
facet normal 0 0 -1
outer loop
vertex 0 -5.416622965870056 0
vertex 6.499919392210309 -6.5000602263791 0
vertex -6.499919392210309 -6.5000602263791 0
endloop
endfacet
facet normal 0 0 -1
outer loop
vertex 0 -5.416622965870056 0
vertex -6.499919392210309 -6.5000602263791 0
vertex -9.749808671231067 -6.5000602263791 0
endloop
endfacet
facet normal 0 0 -1
outer loop
vertex 0 -5.416622965870056 0
vertex -9.749808671231067 -6.5000602263791 0
vertex -9.749808671231067 -3.249889279020759 0
endloop
endfacet
facet normal 0 0 -0.9999999999999999
outer loop
vertex 0 -5.416622965870056 0
vertex -9.749808671231067 -3.249889279020759 0
vertex 9.749808671231067 -3.249889279020759 0
endloop
endfacet
facet normal 0 0 -1
outer loop
vertex 6.499919392210309 -6.5000602263791 0
vertex 6.499919392210309 -9.749949505399858 0
vertex -6.499919392210309 -9.749949505399858 0
endloop
endfacet
facet normal 0 0 -1
outer loop
vertex 6.499919392210309 -6.5000602263791 0
vertex -6.499919392210309 -9.749949505399858 0
vertex -6.499919392210309 -6.5000602263791 0
endloop
endfacet
facet normal 0.9999999999999999 0 0
outer loop
vertex -1.6749407694311789 0 1.6250854736791704
vertex -1.6749407694311789 0 0
vertex -1.6749407694311789 1.6749407694311789 0
endloop
endfacet
facet normal 1 0 0
outer loop
vertex -1.6749407694311789 0 1.6250854736791704
vertex -1.6749407694311789 1.6749407694311789 0
vertex -1.6749407694311789 1.6749407694311789 3.25003011318955
endloop
endfacet
facet normal 1 0 0
outer loop
vertex -1.6749407694311789 0 1.6250854736791704
vertex -1.6749407694311789 1.6749407694311789 3.25003011318955
vertex -1.6749407694311789 0 3.25003011318955
endloop
endfacet
facet normal 1 0 0
outer loop
vertex -1.6749407694311789 0 1.6250854736791704
vertex -1.6749407694311789 0 3.25003011318955
vertex -1.6749407694311789 -1.6749407694311789 3.25003011318955
endloop
endfacet
facet normal 1 0 0
outer loop
vertex -1.6749407694311789 0 1.6250854736791704
vertex -1.6749407694311789 -1.6749407694311789 3.25003011318955
vertex -1.6749407694311789 -1.6749407694311789 0
endloop
endfacet
facet normal 0.9999999999999999 0 0
outer loop
vertex -1.6749407694311789 0 1.6250854736791704
vertex -1.6749407694311789 -1.6749407694311789 0
vertex -1.6749407694311789 0 0
endloop
endfacet
facet normal -1 0 0
outer loop
vertex 1.6749407694311789 0 1.6250854736791704
vertex 1.6749407694311789 -1.6749407694311789 3.25003011318955
vertex 1.6749407694311789 0 3.25003011318955
endloop
endfacet
facet normal -1 0 0
outer loop
vertex 1.6749407694311789 0 1.6250854736791704
vertex 1.6749407694311789 0 3.25003011318955
vertex 1.6749407694311789 1.6749407694311789 3.25003011318955
endloop
endfacet
facet normal -1 0 0
outer loop
vertex 1.6749407694311789 0 1.6250854736791704
vertex 1.6749407694311789 1.6749407694311789 3.25003011318955
vertex 1.6749407694311789 1.6749407694311789 0
endloop
endfacet
facet normal -0.9999999999999999 0 0
outer loop
vertex 1.6749407694311789 0 1.6250854736791704
vertex 1.6749407694311789 1.6749407694311789 0
vertex 1.6749407694311789 0 0
endloop
endfacet
facet normal -0.9999999999999999 0 0
outer loop
vertex 1.6749407694311789 0 1.6250854736791704
vertex 1.6749407694311789 0 0
vertex 1.6749407694311789 -1.6749407694311789 0
endloop
endfacet
facet normal -1 0 0
outer loop
vertex 1.6749407694311789 0 1.6250854736791704
vertex 1.6749407694311789 -1.6749407694311789 0
vertex 1.6749407694311789 -1.6749407694311789 3.25003011318955
endloop
endfacet
facet normal 0 1 0
outer loop
vertex -1.6749407694311789 -1.6749407694311789 3.25003011318955
vertex 1.6749407694311789 -1.6749407694311789 3.25003011318955
vertex 1.6749407694311789 -1.6749407694311789 0
endloop
endfacet
facet normal 0 1 0
outer loop
vertex -1.6749407694311789 -1.6749407694311789 3.25003011318955
vertex 1.6749407694311789 -1.6749407694311789 0
vertex -1.6749407694311789 -1.6749407694311789 0
endloop
endfacet
facet normal 0 -1 0
outer loop
vertex 1.6749407694311789 1.6749407694311789 0
vertex 1.6749407694311789 1.6749407694311789 3.25003011318955
vertex -1.6749407694311789 1.6749407694311789 3.25003011318955
endloop
endfacet
facet normal 0 -1 0
outer loop
vertex 1.6749407694311789 1.6749407694311789 0
vertex -1.6749407694311789 1.6749407694311789 3.25003011318955
vertex -1.6749407694311789 1.6749407694311789 0
endloop
endfacet
facet normal -1 0 0
outer loop
vertex -12.999997120367714 -3.250056154937143 6.500112309874286
vertex -12.999997120367714 -3.250056154937143 3.250056154937143
vertex -12.999997120367714 -6.499884810493429 3.250056154937143
endloop
endfacet
facet normal -1 0 0
outer loop
vertex -12.999997120367714 -3.250056154937143 6.500112309874286
vertex -12.999997120367714 -6.499884810493429 3.250056154937143
vertex -12.999997120367714 -6.499884810493429 6.500112309874286
endloop
endfacet
facet normal -1 0 0
outer loop
vertex -12.999997120367714 9.750168464811429 6.500112309874286
vertex -12.999997120367714 9.750168464811429 3.250056154937143
vertex -12.999997120367714 3.250056154937143 3.250056154937143
endloop
endfacet
facet normal -1 0 0
outer loop
vertex -12.999997120367714 9.750168464811429 6.500112309874286
vertex -12.999997120367714 3.250056154937143 3.250056154937143
vertex -12.999997120367714 3.250056154937143 6.500112309874286
endloop
endfacet
facet normal 1 0 0
outer loop
vertex 12.999997120367714 3.250056154937143 6.500112309874286
vertex 12.999997120367714 3.250056154937143 3.250056154937143
vertex 12.999997120367714 9.750168464811429 3.250056154937143
endloop
endfacet
facet normal 1 0 0
outer loop
vertex 12.999997120367714 3.250056154937143 6.500112309874286
vertex 12.999997120367714 9.750168464811429 3.250056154937143
vertex 12.999997120367714 9.750168464811429 6.500112309874286
endloop
endfacet
facet normal 1 0 0
outer loop
vertex 12.999997120367714 -6.499884810493429 6.500112309874286
vertex 12.999997120367714 -6.499884810493429 3.250056154937143
vertex 12.999997120367714 -3.250056154937143 3.250056154937143
endloop
endfacet
facet normal 1 0 0
outer loop
vertex 12.999997120367714 -6.499884810493429 6.500112309874286
vertex 12.999997120367714 -3.250056154937143 3.250056154937143
vertex 12.999997120367714 -3.250056154937143 6.500112309874286
endloop
endfacet
facet normal -1 0 0
outer loop
vertex -12.999769620986857 -6.499884810493429 6.500112309874286
vertex -12.999769620986857 -6.499884810493429 3.250056154937143
vertex -12.999769620986857 -9.750168464811429 3.250056154937143
endloop
endfacet
facet normal -1 0 0
outer loop
vertex -12.999769620986857 -6.499884810493429 6.500112309874286
vertex -12.999769620986857 -9.750168464811429 3.250056154937143
vertex -12.999769620986857 -9.750168464811429 6.500112309874286
endloop
endfacet
facet normal 1 0 0
outer loop
vertex 12.999769620986857 -9.750168464811429 6.500112309874286
vertex 12.999769620986857 -9.750168464811429 3.250056154937143
vertex 12.999769620986857 -6.499884810493429 3.250056154937143
endloop
endfacet
facet normal 1 0 0
outer loop
vertex 12.999769620986857 -9.750168464811429 6.500112309874286
vertex 12.999769620986857 -6.499884810493429 3.250056154937143
vertex 12.999769620986857 -6.499884810493429 6.500112309874286
endloop
endfacet
facet normal 0 1 0
outer loop
vertex -9.750168464811429 9.750168464811429 6.500112309874286
vertex -9.750168464811429 9.750168464811429 3.250056154937143
vertex -12.999997120367714 9.750168464811429 3.250056154937143
endloop
endfacet
facet normal 0 1 0
outer loop
vertex -9.750168464811429 9.750168464811429 6.500112309874286
vertex -12.999997120367714 9.750168464811429 3.250056154937143
vertex -12.999997120367714 9.750168464811429 6.500112309874286
endloop
endfacet
facet normal 0 1 0
outer loop
vertex 12.999997120367714 9.750168464811429 6.500112309874286
vertex 12.999997120367714 9.750168464811429 3.250056154937143
vertex 9.750168464811429 9.750168464811429 3.250056154937143
endloop
endfacet
facet normal 0 1 0
outer loop
vertex 12.999997120367714 9.750168464811429 6.500112309874286
vertex 9.750168464811429 9.750168464811429 3.250056154937143
vertex 9.750168464811429 9.750168464811429 6.500112309874286
endloop
endfacet
facet normal 0 -0.9999999999999999 0
outer loop
vertex 9.750168464811429 -9.750168464811429 6.500112309874286
vertex 9.750168464811429 -9.750168464811429 3.250056154937143
vertex 12.999769620986857 -9.750168464811429 3.250056154937143
endloop
endfacet
facet normal 0 -0.9999999999999999 0
outer loop
vertex 9.750168464811429 -9.750168464811429 6.500112309874286
vertex 12.999769620986857 -9.750168464811429 3.250056154937143
vertex 12.999769620986857 -9.750168464811429 6.500112309874286
endloop
endfacet
facet normal 0 -0.9999999999999999 0
outer loop
vertex -12.999769620986857 -9.750168464811429 6.500112309874286
vertex -12.999769620986857 -9.750168464811429 3.250056154937143
vertex -9.750168464811429 -9.750168464811429 3.250056154937143
endloop
endfacet
facet normal 0 -0.9999999999999999 0
outer loop
vertex -12.999769620986857 -9.750168464811429 6.500112309874286
vertex -9.750168464811429 -9.750168464811429 3.250056154937143
vertex -9.750168464811429 -9.750168464811429 6.500112309874286
endloop
endfacet
facet normal -1 0 0
outer loop
vertex -9.750168464811429 -9.750168464811429 6.500112309874286
vertex -9.750168464811429 -9.750168464811429 3.250056154937143
vertex -9.750168464811429 -12.999997120367714 3.250056154937143
endloop
endfacet
facet normal -1 0 0
outer loop
vertex -9.750168464811429 -9.750168464811429 6.500112309874286
vertex -9.750168464811429 -12.999997120367714 3.250056154937143
vertex -9.750168464811429 -12.999997120367714 6.500112309874286
endloop
endfacet
facet normal -1 0 0
outer loop
vertex -9.750168464811429 12.999997120367714 6.500112309874286
vertex -9.750168464811429 12.999997120367714 3.250056154937143
vertex -9.750168464811429 9.750168464811429 3.250056154937143
endloop
endfacet
facet normal -1 0 0
outer loop
vertex -9.750168464811429 12.999997120367714 6.500112309874286
vertex -9.750168464811429 9.750168464811429 3.250056154937143
vertex -9.750168464811429 9.750168464811429 6.500112309874286
endloop
endfacet
facet normal 1 0 0
outer loop
vertex 9.750168464811429 9.750168464811429 6.500112309874286
vertex 9.750168464811429 9.750168464811429 3.250056154937143
vertex 9.750168464811429 12.999997120367714 3.250056154937143
endloop
endfacet
facet normal 1 0 0
outer loop
vertex 9.750168464811429 9.750168464811429 6.500112309874286
vertex 9.750168464811429 12.999997120367714 3.250056154937143
vertex 9.750168464811429 12.999997120367714 6.500112309874286
endloop
endfacet
facet normal 1 0 0
outer loop
vertex 9.750168464811429 -12.999997120367714 6.500112309874286
vertex 9.750168464811429 -12.999997120367714 3.250056154937143
vertex 9.750168464811429 -9.750168464811429 3.250056154937143
endloop
endfacet
facet normal 1 0 0
outer loop
vertex 9.750168464811429 -12.999997120367714 6.500112309874286
vertex 9.750168464811429 -9.750168464811429 3.250056154937143
vertex 9.750168464811429 -9.750168464811429 6.500112309874286
endloop
endfacet
facet normal 0 -1 0
outer loop
vertex 3.250056154937143 -12.999997120367714 6.500112309874286
vertex 3.250056154937143 -12.999997120367714 3.250056154937143
vertex 9.750168464811429 -12.999997120367714 3.250056154937143
endloop
endfacet
facet normal 0 -1 0
outer loop
vertex 3.250056154937143 -12.999997120367714 6.500112309874286
vertex 9.750168464811429 -12.999997120367714 3.250056154937143
vertex 9.750168464811429 -12.999997120367714 6.500112309874286
endloop
endfacet
facet normal 0 -1 0
outer loop
vertex -9.750168464811429 -12.999997120367714 6.500112309874286
vertex -9.750168464811429 -12.999997120367714 3.250056154937143
vertex -3.250056154937143 -12.999997120367714 3.250056154937143
endloop
endfacet
facet normal 0 -1 0
outer loop
vertex -9.750168464811429 -12.999997120367714 6.500112309874286
vertex -3.250056154937143 -12.999997120367714 3.250056154937143
vertex -3.250056154937143 -12.999997120367714 6.500112309874286
endloop
endfacet
facet normal 0 1 0
outer loop
vertex -3.250056154937143 12.999997120367714 6.500112309874286
vertex -3.250056154937143 12.999997120367714 3.250056154937143
vertex -9.750168464811429 12.999997120367714 3.250056154937143
endloop
endfacet
facet normal 0 1 0
outer loop
vertex -3.250056154937143 12.999997120367714 6.500112309874286
vertex -9.750168464811429 12.999997120367714 3.250056154937143
vertex -9.750168464811429 12.999997120367714 6.500112309874286
endloop
endfacet
facet normal 0 1 0
outer loop
vertex 9.750168464811429 12.999997120367714 6.500112309874286
vertex 9.750168464811429 12.999997120367714 3.250056154937143
vertex 3.250056154937143 12.999997120367714 3.250056154937143
endloop
endfacet
facet normal 0 1 0
outer loop
vertex 9.750168464811429 12.999997120367714 6.500112309874286
vertex 3.250056154937143 12.999997120367714 3.250056154937143
vertex 3.250056154937143 12.999997120367714 6.500112309874286
endloop
endfacet
facet normal -1 0 0
outer loop
vertex -3.250056154937143 -12.999997120367714 6.500112309874286
vertex -3.250056154937143 -12.999997120367714 3.250056154937143
vertex -3.250056154937143 -16.250053275304857 3.250056154937143
endloop
endfacet
facet normal -1 0 0
outer loop
vertex -3.250056154937143 -12.999997120367714 6.500112309874286
vertex -3.250056154937143 -16.250053275304857 3.250056154937143
vertex -3.250056154937143 -16.250053275304857 6.500112309874286
endloop
endfacet
facet normal 0 -1 0
outer loop
vertex -3.250056154937143 -16.250053275304857 6.500112309874286
vertex -3.250056154937143 -16.250053275304857 3.250056154937143
vertex 3.250056154937143 -16.250053275304857 3.250056154937143
endloop
endfacet
facet normal 0 -1 0
outer loop
vertex -3.250056154937143 -16.250053275304857 6.500112309874286
vertex 3.250056154937143 -16.250053275304857 3.250056154937143
vertex 3.250056154937143 -16.250053275304857 6.500112309874286
endloop
endfacet
facet normal 1 0 0
outer loop
vertex 3.250056154937143 -16.250053275304857 6.500112309874286
vertex 3.250056154937143 -16.250053275304857 3.250056154937143
vertex 3.250056154937143 -12.999997120367714 3.250056154937143
endloop
endfacet
facet normal 1 0 0
outer loop
vertex 3.250056154937143 -16.250053275304857 6.500112309874286
vertex 3.250056154937143 -12.999997120367714 3.250056154937143
vertex 3.250056154937143 -12.999997120367714 6.500112309874286
endloop
endfacet
facet normal 0 1 0
outer loop
vertex 3.250056154937143 16.250053275304857 6.500112309874286
vertex 3.250056154937143 16.250053275304857 3.250056154937143
vertex -3.250056154937143 16.250053275304857 3.250056154937143
endloop
endfacet
facet normal 0 1 0
outer loop
vertex 3.250056154937143 16.250053275304857 6.500112309874286
vertex -3.250056154937143 16.250053275304857 3.250056154937143
vertex -3.250056154937143 16.250053275304857 6.500112309874286
endloop
endfacet
facet normal -1 0 0
outer loop
vertex -3.250056154937143 16.250053275304857 6.500112309874286
vertex -3.250056154937143 16.250053275304857 3.250056154937143
vertex -3.250056154937143 12.999997120367714 3.250056154937143
endloop
endfacet
facet normal -1 0 0
outer loop
vertex -3.250056154937143 16.250053275304857 6.500112309874286
vertex -3.250056154937143 12.999997120367714 3.250056154937143
vertex -3.250056154937143 12.999997120367714 6.500112309874286
endloop
endfacet
facet normal 1 0 0
outer loop
vertex 3.250056154937143 12.999997120367714 6.500112309874286
vertex 3.250056154937143 12.999997120367714 3.250056154937143
vertex 3.250056154937143 16.250053275304857 3.250056154937143
endloop
endfacet
facet normal 1 0 0
outer loop
vertex 3.250056154937143 12.999997120367714 6.500112309874286
vertex 3.250056154937143 16.250053275304857 3.250056154937143
vertex 3.250056154937143 16.250053275304857 6.500112309874286
endloop
endfacet
facet normal -1 0 0
outer loop
vertex -16.250053275304857 0 4.875084232405714
vertex -16.250053275304857 -1.6750779412573278 6.500112309874286
vertex -16.250053275304857 1.6750779412573278 6.500112309874286
endloop
endfacet
facet normal -1 0 0
outer loop
vertex -16.250053275304857 0 4.875084232405714
vertex -16.250053275304857 1.6750779412573278 6.500112309874286
vertex -16.250053275304857 3.250056154937143 6.500112309874286
endloop
endfacet
facet normal -1 0 0
outer loop
vertex -16.250053275304857 0 4.875084232405714
vertex -16.250053275304857 3.250056154937143 6.500112309874286
vertex -16.250053275304857 3.250056154937143 3.250056154937143
endloop
endfacet
facet normal -1 0 0
outer loop
vertex -16.250053275304857 0 4.875084232405714
vertex -16.250053275304857 3.250056154937143 3.250056154937143
vertex -16.250053275304857 1.6750779412573278 3.250056154937143
endloop
endfacet
facet normal -1 0 0
outer loop
vertex -16.250053275304857 0 4.875084232405714
vertex -16.250053275304857 1.6750779412573278 3.250056154937143
vertex -16.250053275304857 -1.6750779412573278 3.250056154937143
endloop
endfacet
facet normal -1 0 0
outer loop
vertex -16.250053275304857 0 4.875084232405714
vertex -16.250053275304857 -1.6750779412573278 3.250056154937143
vertex -16.250053275304857 -3.250056154937143 3.250056154937143
endloop
endfacet
facet normal -1 0 0
outer loop
vertex -16.250053275304857 0 4.875084232405714
vertex -16.250053275304857 -3.250056154937143 3.250056154937143
vertex -16.250053275304857 -3.250056154937143 6.500112309874286
endloop
endfacet
facet normal -1 0 0
outer loop
vertex -16.250053275304857 0 4.875084232405714
vertex -16.250053275304857 -3.250056154937143 6.500112309874286
vertex -16.250053275304857 -1.6750779412573278 6.500112309874286
endloop
endfacet
facet normal 1 0 0
outer loop
vertex 16.250053275304857 0 4.875084232405714
vertex 16.250053275304857 1.6750779412573278 6.500112309874286
vertex 16.250053275304857 -1.6750779412573278 6.500112309874286
endloop
endfacet
facet normal 1 0 0
outer loop
vertex 16.250053275304857 0 4.875084232405714
vertex 16.250053275304857 -1.6750779412573278 6.500112309874286
vertex 16.250053275304857 -3.250056154937143 6.500112309874286
endloop
endfacet
facet normal 1 0 0
outer loop
vertex 16.250053275304857 0 4.875084232405714
vertex 16.250053275304857 -3.250056154937143 6.500112309874286
vertex 16.250053275304857 -3.250056154937143 3.250056154937143
endloop
endfacet
facet normal 1 0 0
outer loop
vertex 16.250053275304857 0 4.875084232405714
vertex 16.250053275304857 -3.250056154937143 3.250056154937143
vertex 16.250053275304857 -1.6750779412573278 3.250056154937143
endloop
endfacet
facet normal 1 0 0
outer loop
vertex 16.250053275304857 0 4.875084232405714
vertex 16.250053275304857 -1.6750779412573278 3.250056154937143
vertex 16.250053275304857 1.6750779412573278 3.250056154937143
endloop
endfacet
facet normal 1 0 0
outer loop
vertex 16.250053275304857 0 4.875084232405714
vertex 16.250053275304857 1.6750779412573278 3.250056154937143
vertex 16.250053275304857 3.250056154937143 3.250056154937143
endloop
endfacet
facet normal 1 0 0
outer loop
vertex 16.250053275304857 0 4.875084232405714
vertex 16.250053275304857 3.250056154937143 3.250056154937143
vertex 16.250053275304857 3.250056154937143 6.500112309874286
endloop
endfacet
facet normal 1 0 0
outer loop
vertex 16.250053275304857 0 4.875084232405714
vertex 16.250053275304857 3.250056154937143 6.500112309874286
vertex 16.250053275304857 1.6750779412573278 6.500112309874286
endloop
endfacet
facet normal 0 -1 0
outer loop
vertex 12.999997120367714 -3.250056154937143 6.500112309874286
vertex 12.999997120367714 -3.250056154937143 3.250056154937143
vertex 16.250053275304857 -3.250056154937143 3.250056154937143
endloop
endfacet
facet normal 0 -1 0
outer loop
vertex 12.999997120367714 -3.250056154937143 6.500112309874286
vertex 16.250053275304857 -3.250056154937143 3.250056154937143
vertex 16.250053275304857 -3.250056154937143 6.500112309874286
endloop
endfacet
facet normal 0 -1 0
outer loop
vertex -16.250053275304857 -3.250056154937143 6.500112309874286
vertex -16.250053275304857 -3.250056154937143 3.250056154937143
vertex -12.999997120367714 -3.250056154937143 3.250056154937143
endloop
endfacet
facet normal 0 -1 0
outer loop
vertex -16.250053275304857 -3.250056154937143 6.500112309874286
vertex -12.999997120367714 -3.250056154937143 3.250056154937143
vertex -12.999997120367714 -3.250056154937143 6.500112309874286
endloop
endfacet
facet normal 0 1 0
outer loop
vertex -12.999997120367714 3.250056154937143 6.500112309874286
vertex -12.999997120367714 3.250056154937143 3.250056154937143
vertex -16.250053275304857 3.250056154937143 3.250056154937143
endloop
endfacet
facet normal 0 1 0
outer loop
vertex -12.999997120367714 3.250056154937143 6.500112309874286
vertex -16.250053275304857 3.250056154937143 3.250056154937143
vertex -16.250053275304857 3.250056154937143 6.500112309874286
endloop
endfacet
facet normal 0 1 0
outer loop
vertex 16.250053275304857 3.250056154937143 6.500112309874286
vertex 16.250053275304857 3.250056154937143 3.250056154937143
vertex 12.999997120367714 3.250056154937143 3.250056154937143
endloop
endfacet
facet normal 0 1 0
outer loop
vertex 16.250053275304857 3.250056154937143 6.500112309874286
vertex 12.999997120367714 3.250056154937143 3.250056154937143
vertex 12.999997120367714 3.250056154937143 6.500112309874286
endloop
endfacet
facet normal 0 -1 0
outer loop
vertex 12.999769620986857 -6.499884810493429 6.500112309874286
vertex 12.999769620986857 -6.499884810493429 3.250056154937143
vertex 12.999997120367714 -6.499884810493429 3.250056154937143
endloop
endfacet
facet normal 0 -1 0
outer loop
vertex 12.999769620986857 -6.499884810493429 6.500112309874286
vertex 12.999997120367714 -6.499884810493429 3.250056154937143
vertex 12.999997120367714 -6.499884810493429 6.500112309874286
endloop
endfacet
facet normal 0 -1 0
outer loop
vertex -12.999997120367714 -6.499884810493429 6.500112309874286
vertex -12.999997120367714 -6.499884810493429 3.250056154937143
vertex -12.999769620986857 -6.499884810493429 3.250056154937143
endloop
endfacet
facet normal 0 -1 0
outer loop
vertex -12.999997120367714 -6.499884810493429 6.500112309874286
vertex -12.999769620986857 -6.499884810493429 3.250056154937143
vertex -12.999769620986857 -6.499884810493429 6.500112309874286
endloop
endfacet
facet normal 0 0 1
outer loop
vertex -3.250056154937143 16.250053275304857 6.500112309874286
vertex -3.250056154937143 12.999997120367714 6.500112309874286
vertex 3.250056154937143 12.999997120367714 6.500112309874286
endloop
endfacet
facet normal 0 0 1
outer loop
vertex -3.250056154937143 16.250053275304857 6.500112309874286
vertex 3.250056154937143 12.999997120367714 6.500112309874286
vertex 3.250056154937143 16.250053275304857 6.500112309874286
endloop
endfacet
facet normal 0 0 1
outer loop
vertex 0 11.916645068722 6.500112309874286
vertex 3.250056154937143 12.999997120367714 6.500112309874286
vertex -3.250056154937143 12.999997120367714 6.500112309874286
endloop
endfacet
facet normal 0 0 0.9999999999999999
outer loop
vertex 0 11.916645068722 6.500112309874286
vertex -3.250056154937143 12.999997120367714 6.500112309874286
vertex -9.750168464811429 12.999997120367714 6.500112309874286
endloop
endfacet
facet normal 0 0 1
outer loop
vertex 0 11.916645068722 6.500112309874286
vertex -9.750168464811429 12.999997120367714 6.500112309874286
vertex -9.750168464811429 9.750168464811429 6.500112309874286
endloop
endfacet
facet normal 0 0 1
outer loop
vertex 0 11.916645068722 6.500112309874286
vertex -9.750168464811429 9.750168464811429 6.500112309874286
vertex 9.750168464811429 9.750168464811429 6.500112309874286
endloop
endfacet
facet normal 0 0 1
outer loop
vertex 0 11.916645068722 6.500112309874286
vertex 9.750168464811429 9.750168464811429 6.500112309874286
vertex 9.750168464811429 12.999997120367714 6.500112309874286
endloop
endfacet
facet normal 0 0 0.9999999999999999
outer loop
vertex 0 11.916645068722 6.500112309874286
vertex 9.750168464811429 12.999997120367714 6.500112309874286
vertex 3.250056154937143 12.999997120367714 6.500112309874286
endloop
endfacet
facet normal 0 0 1
outer loop
vertex 0 7.583464361520001 6.500112309874286
vertex 9.750168464811429 9.750168464811429 6.500112309874286
vertex -9.750168464811429 9.750168464811429 6.500112309874286
endloop
endfacet
facet normal 0 0 1
outer loop
vertex 0 7.583464361520001 6.500112309874286
vertex -9.750168464811429 9.750168464811429 6.500112309874286
vertex -12.999997120367714 9.750168464811429 6.500112309874286
endloop
endfacet
facet normal 0 0 0.9999999999999999
outer loop
vertex 0 7.583464361520001 6.500112309874286
vertex -12.999997120367714 9.750168464811429 6.500112309874286
vertex -12.999997120367714 3.250056154937143 6.500112309874286
endloop
endfacet
facet normal 0 0 1
outer loop
vertex 0 7.583464361520001 6.500112309874286
vertex -12.999997120367714 3.250056154937143 6.500112309874286
vertex 12.999997120367714 3.250056154937143 6.500112309874286
endloop
endfacet
facet normal 0 0 0.9999999999999999
outer loop
vertex 0 7.583464361520001 6.500112309874286
vertex 12.999997120367714 3.250056154937143 6.500112309874286
vertex 12.999997120367714 9.750168464811429 6.500112309874286
endloop
endfacet
facet normal 0 0 1
outer loop
vertex 0 7.583464361520001 6.500112309874286
vertex 12.999997120367714 9.750168464811429 6.500112309874286
vertex 9.750168464811429 9.750168464811429 6.500112309874286
endloop
endfacet
facet normal 0 0 1
outer loop
vertex 0 2.4626807977876646 6.500112309874286
vertex 12.999997120367714 3.250056154937143 6.500112309874286
vertex -12.999997120367714 3.250056154937143 6.500112309874286
endloop
endfacet
facet normal 0 0 1
outer loop
vertex 0 2.4626807977876646 6.500112309874286
vertex -12.999997120367714 3.250056154937143 6.500112309874286
vertex -16.250053275304857 3.250056154937143 6.500112309874286
endloop
endfacet
facet normal 0 0 1
outer loop
vertex 0 2.4626807977876646 6.500112309874286
vertex -16.250053275304857 3.250056154937143 6.500112309874286
vertex -16.250053275304857 1.6750779412573278 6.500112309874286
endloop
endfacet
facet normal 0 0 1
outer loop
vertex 0 2.4626807977876646 6.500112309874286
vertex -16.250053275304857 1.6750779412573278 6.500112309874286
vertex -1.6750779412573278 1.6750779412573278 6.500112309874286
endloop
endfacet
facet normal 0 0 0.9999999999999999
outer loop
vertex 0 2.4626807977876646 6.500112309874286
vertex -1.6750779412573278 1.6750779412573278 6.500112309874286
vertex 1.6750779412573278 1.6750779412573278 6.500112309874286
endloop
endfacet
facet normal 0 0 1
outer loop
vertex 0 2.4626807977876646 6.500112309874286
vertex 1.6750779412573278 1.6750779412573278 6.500112309874286
vertex 16.250053275304857 1.6750779412573278 6.500112309874286
endloop
endfacet
facet normal 0 0 1
outer loop
vertex 0 2.4626807977876646 6.500112309874286
vertex 16.250053275304857 1.6750779412573278 6.500112309874286
vertex 16.250053275304857 3.250056154937143 6.500112309874286
endloop
endfacet
facet normal 0 0 1
outer loop
vertex 0 2.4626807977876646 6.500112309874286
vertex 16.250053275304857 3.250056154937143 6.500112309874286
vertex 12.999997120367714 3.250056154937143 6.500112309874286
endloop
endfacet
facet normal 0 0 1
outer loop
vertex 1.6750779412573278 1.6750779412573278 6.500112309874286
vertex 1.6750779412573278 -1.6750779412573278 6.500112309874286
vertex 16.250053275304857 -1.6750779412573278 6.500112309874286
endloop
endfacet
facet normal 0 0 1
outer loop
vertex 1.6750779412573278 1.6750779412573278 6.500112309874286
vertex 16.250053275304857 -1.6750779412573278 6.500112309874286
vertex 16.250053275304857 1.6750779412573278 6.500112309874286
endloop
endfacet
facet normal 0 0 1
outer loop
vertex -16.250053275304857 1.6750779412573278 6.500112309874286
vertex -16.250053275304857 -1.6750779412573278 6.500112309874286
vertex -1.6750779412573278 -1.6750779412573278 6.500112309874286
endloop
endfacet
facet normal 0 0 1
outer loop
vertex -16.250053275304857 1.6750779412573278 6.500112309874286
vertex -1.6750779412573278 -1.6750779412573278 6.500112309874286
vertex -1.6750779412573278 1.6750779412573278 6.500112309874286
endloop
endfacet
facet normal 0 0 1
outer loop
vertex 0 -2.4624532984068064 6.500112309874286
vertex 1.6750779412573278 -1.6750779412573278 6.500112309874286
vertex -1.6750779412573278 -1.6750779412573278 6.500112309874286
endloop
endfacet
facet normal 0 0 0.9999999999999999
outer loop
vertex 0 -2.4624532984068064 6.500112309874286
vertex -1.6750779412573278 -1.6750779412573278 6.500112309874286
vertex -16.250053275304857 -1.6750779412573278 6.500112309874286
endloop
endfacet
facet normal 0 0 1
outer loop
vertex 0 -2.4624532984068064 6.500112309874286
vertex -16.250053275304857 -1.6750779412573278 6.500112309874286
vertex -16.250053275304857 -3.250056154937143 6.500112309874286
endloop
endfacet
facet normal 0 0 1
outer loop
vertex 0 -2.4624532984068064 6.500112309874286
vertex -16.250053275304857 -3.250056154937143 6.500112309874286
vertex -12.999997120367714 -3.250056154937143 6.500112309874286
endloop
endfacet
facet normal 0 0 1
outer loop
vertex 0 -2.4624532984068064 6.500112309874286
vertex -12.999997120367714 -3.250056154937143 6.500112309874286
vertex 12.999997120367714 -3.250056154937143 6.500112309874286
endloop
endfacet
facet normal 0 0 1
outer loop
vertex 0 -2.4624532984068064 6.500112309874286
vertex 12.999997120367714 -3.250056154937143 6.500112309874286
vertex 16.250053275304857 -3.250056154937143 6.500112309874286
endloop
endfacet
facet normal 0 0 1
outer loop
vertex 0 -2.4624532984068064 6.500112309874286
vertex 16.250053275304857 -3.250056154937143 6.500112309874286
vertex 16.250053275304857 -1.6750779412573278 6.500112309874286
endloop
endfacet
facet normal 0 0 0.9999999999999999
outer loop
vertex 0 -2.4624532984068064 6.500112309874286
vertex 16.250053275304857 -1.6750779412573278 6.500112309874286
vertex 1.6750779412573278 -1.6750779412573278 6.500112309874286
endloop
endfacet
facet normal 0 0 1
outer loop
vertex 0 -5.416532758847714 6.500112309874286
vertex -12.999997120367714 -3.250056154937143 6.500112309874286
vertex -12.999997120367714 -6.499884810493429 6.500112309874286
endloop
endfacet
facet normal 0 0 1
outer loop
vertex 0 -5.416532758847714 6.500112309874286
vertex -12.999997120367714 -6.499884810493429 6.500112309874286
vertex -12.999769620986857 -6.499884810493429 6.500112309874286
endloop
endfacet
facet normal 0 0 1
outer loop
vertex 0 -5.416532758847714 6.500112309874286
vertex -12.999769620986857 -6.499884810493429 6.500112309874286
vertex 12.999769620986857 -6.499884810493429 6.500112309874286
endloop
endfacet
facet normal 0 0 1
outer loop
vertex 0 -5.416532758847714 6.500112309874286
vertex 12.999769620986857 -6.499884810493429 6.500112309874286
vertex 12.999997120367714 -6.499884810493429 6.500112309874286
endloop
endfacet
facet normal 0 0 1
outer loop
vertex 0 -5.416532758847714 6.500112309874286
vertex 12.999997120367714 -6.499884810493429 6.500112309874286
vertex 12.999997120367714 -3.250056154937143 6.500112309874286
endloop
endfacet
facet normal 0 0 1
outer loop
vertex 0 -5.416532758847714 6.500112309874286
vertex 12.999997120367714 -3.250056154937143 6.500112309874286
vertex -12.999997120367714 -3.250056154937143 6.500112309874286
endloop
endfacet
facet normal 0 0 1
outer loop
vertex 0 -8.666816413165716 6.500112309874286
vertex -12.999769620986857 -6.499884810493429 6.500112309874286
vertex -12.999769620986857 -9.750168464811429 6.500112309874286
endloop
endfacet
facet normal 0 0 1
outer loop
vertex 0 -8.666816413165716 6.500112309874286
vertex -12.999769620986857 -9.750168464811429 6.500112309874286
vertex -9.750168464811429 -9.750168464811429 6.500112309874286
endloop
endfacet
facet normal 0 0 1
outer loop
vertex 0 -8.666816413165716 6.500112309874286
vertex -9.750168464811429 -9.750168464811429 6.500112309874286
vertex 9.750168464811429 -9.750168464811429 6.500112309874286
endloop
endfacet
facet normal 0 0 1
outer loop
vertex 0 -8.666816413165716 6.500112309874286
vertex 9.750168464811429 -9.750168464811429 6.500112309874286
vertex 12.999769620986857 -9.750168464811429 6.500112309874286
endloop
endfacet
facet normal 0 0 1
outer loop
vertex 0 -8.666816413165716 6.500112309874286
vertex 12.999769620986857 -9.750168464811429 6.500112309874286
vertex 12.999769620986857 -6.499884810493429 6.500112309874286
endloop
endfacet
facet normal 0 0 1
outer loop
vertex 0 -8.666816413165716 6.500112309874286
vertex 12.999769620986857 -6.499884810493429 6.500112309874286
vertex -12.999769620986857 -6.499884810493429 6.500112309874286
endloop
endfacet
facet normal 0 0 1
outer loop
vertex 0 -11.916645068722 6.500112309874286
vertex -9.750168464811429 -9.750168464811429 6.500112309874286
vertex -9.750168464811429 -12.999997120367714 6.500112309874286
endloop
endfacet
facet normal 0 0 0.9999999999999999
outer loop
vertex 0 -11.916645068722 6.500112309874286
vertex -9.750168464811429 -12.999997120367714 6.500112309874286
vertex -3.250056154937143 -12.999997120367714 6.500112309874286
endloop
endfacet
facet normal 0 0 1
outer loop
vertex 0 -11.916645068722 6.500112309874286
vertex -3.250056154937143 -12.999997120367714 6.500112309874286
vertex 3.250056154937143 -12.999997120367714 6.500112309874286
endloop
endfacet
facet normal 0 0 0.9999999999999999
outer loop
vertex 0 -11.916645068722 6.500112309874286
vertex 3.250056154937143 -12.999997120367714 6.500112309874286
vertex 9.750168464811429 -12.999997120367714 6.500112309874286
endloop
endfacet
facet normal 0 0 1
outer loop
vertex 0 -11.916645068722 6.500112309874286
vertex 9.750168464811429 -12.999997120367714 6.500112309874286
vertex 9.750168464811429 -9.750168464811429 6.500112309874286
endloop
endfacet
facet normal 0 0 1
outer loop
vertex 0 -11.916645068722 6.500112309874286
vertex 9.750168464811429 -9.750168464811429 6.500112309874286
vertex -9.750168464811429 -9.750168464811429 6.500112309874286
endloop
endfacet
facet normal 0 0 1
outer loop
vertex -3.250056154937143 -12.999997120367714 6.500112309874286
vertex -3.250056154937143 -16.250053275304857 6.500112309874286
vertex 3.250056154937143 -16.250053275304857 6.500112309874286
endloop
endfacet
facet normal 0 0 1
outer loop
vertex -3.250056154937143 -12.999997120367714 6.500112309874286
vertex 3.250056154937143 -16.250053275304857 6.500112309874286
vertex 3.250056154937143 -12.999997120367714 6.500112309874286
endloop
endfacet
facet normal 0 0 -1
outer loop
vertex 3.250056154937143 16.250053275304857 3.250056154937143
vertex 3.250056154937143 12.999997120367714 3.250056154937143
vertex -3.250056154937143 12.999997120367714 3.250056154937143
endloop
endfacet
facet normal 0 0 -1
outer loop
vertex 3.250056154937143 16.250053275304857 3.250056154937143
vertex -3.250056154937143 12.999997120367714 3.250056154937143
vertex -3.250056154937143 16.250053275304857 3.250056154937143
endloop
endfacet
facet normal 0 0 -1
outer loop
vertex 0 11.916645068722 3.250056154937143
vertex -3.250056154937143 12.999997120367714 3.250056154937143
vertex 3.250056154937143 12.999997120367714 3.250056154937143
endloop
endfacet
facet normal 0 0 -0.9999999999999999
outer loop
vertex 0 11.916645068722 3.250056154937143
vertex 3.250056154937143 12.999997120367714 3.250056154937143
vertex 9.750168464811429 12.999997120367714 3.250056154937143
endloop
endfacet
facet normal 0 0 -1
outer loop
vertex 0 11.916645068722 3.250056154937143
vertex 9.750168464811429 12.999997120367714 3.250056154937143
vertex 9.750168464811429 9.750168464811429 3.250056154937143
endloop
endfacet
facet normal 0 0 -1
outer loop
vertex 0 11.916645068722 3.250056154937143
vertex 9.750168464811429 9.750168464811429 3.250056154937143
vertex -9.750168464811429 9.750168464811429 3.250056154937143
endloop
endfacet
facet normal 0 0 -1
outer loop
vertex 0 11.916645068722 3.250056154937143
vertex -9.750168464811429 9.750168464811429 3.250056154937143
vertex -9.750168464811429 12.999997120367714 3.250056154937143
endloop
endfacet
facet normal 0 0 -0.9999999999999999
outer loop
vertex 0 11.916645068722 3.250056154937143
vertex -9.750168464811429 12.999997120367714 3.250056154937143
vertex -3.250056154937143 12.999997120367714 3.250056154937143
endloop
endfacet
facet normal 0 0 -1
outer loop
vertex 0 7.583464361520001 3.250056154937143
vertex -9.750168464811429 9.750168464811429 3.250056154937143
vertex 9.750168464811429 9.750168464811429 3.250056154937143
endloop
endfacet
facet normal 0 0 -1
outer loop
vertex 0 7.583464361520001 3.250056154937143
vertex 9.750168464811429 9.750168464811429 3.250056154937143
vertex 12.999997120367714 9.750168464811429 3.250056154937143
endloop
endfacet
facet normal 0 0 -0.9999999999999999
outer loop
vertex 0 7.583464361520001 3.250056154937143
vertex 12.999997120367714 9.750168464811429 3.250056154937143
vertex 12.999997120367714 3.250056154937143 3.250056154937143
endloop
endfacet
facet normal 0 0 -1
outer loop
vertex 0 7.583464361520001 3.250056154937143
vertex 12.999997120367714 3.250056154937143 3.250056154937143
vertex -12.999997120367714 3.250056154937143 3.250056154937143
endloop
endfacet
facet normal 0 0 -0.9999999999999999
outer loop
vertex 0 7.583464361520001 3.250056154937143
vertex -12.999997120367714 3.250056154937143 3.250056154937143
vertex -12.999997120367714 9.750168464811429 3.250056154937143
endloop
endfacet
facet normal 0 0 -1
outer loop
vertex 0 7.583464361520001 3.250056154937143
vertex -12.999997120367714 9.750168464811429 3.250056154937143
vertex -9.750168464811429 9.750168464811429 3.250056154937143
endloop
endfacet
facet normal 0 0 -1
outer loop
vertex 0 2.4626807977876646 3.250056154937143
vertex -12.999997120367714 3.250056154937143 3.250056154937143
vertex 12.999997120367714 3.250056154937143 3.250056154937143
endloop
endfacet
facet normal 0 0 -1
outer loop
vertex 0 2.4626807977876646 3.250056154937143
vertex 12.999997120367714 3.250056154937143 3.250056154937143
vertex 16.250053275304857 3.250056154937143 3.250056154937143
endloop
endfacet
facet normal 0 0 -1
outer loop
vertex 0 2.4626807977876646 3.250056154937143
vertex 16.250053275304857 3.250056154937143 3.250056154937143
vertex 16.250053275304857 1.6750779412573278 3.250056154937143
endloop
endfacet
facet normal 0 0 -1
outer loop
vertex 0 2.4626807977876646 3.250056154937143
vertex 16.250053275304857 1.6750779412573278 3.250056154937143
vertex 1.6750779412573278 1.6750779412573278 3.250056154937143
endloop
endfacet
facet normal 0 0 -0.9999999999999999
outer loop
vertex 0 2.4626807977876646 3.250056154937143
vertex 1.6750779412573278 1.6750779412573278 3.250056154937143
vertex -1.6750779412573278 1.6750779412573278 3.250056154937143
endloop
endfacet
facet normal 0 0 -1
outer loop
vertex 0 2.4626807977876646 3.250056154937143
vertex -1.6750779412573278 1.6750779412573278 3.250056154937143
vertex -16.250053275304857 1.6750779412573278 3.250056154937143
endloop
endfacet
facet normal 0 0 -1
outer loop
vertex 0 2.4626807977876646 3.250056154937143
vertex -16.250053275304857 1.6750779412573278 3.250056154937143
vertex -16.250053275304857 3.250056154937143 3.250056154937143
endloop
endfacet
facet normal 0 0 -1
outer loop
vertex 0 2.4626807977876646 3.250056154937143
vertex -16.250053275304857 3.250056154937143 3.250056154937143
vertex -12.999997120367714 3.250056154937143 3.250056154937143
endloop
endfacet
facet normal 0 0 -1
outer loop
vertex -1.6750779412573278 1.6750779412573278 3.250056154937143
vertex -1.6750779412573278 -1.6750779412573278 3.250056154937143
vertex -16.250053275304857 -1.6750779412573278 3.250056154937143
endloop
endfacet
facet normal 0 0 -1
outer loop
vertex -1.6750779412573278 1.6750779412573278 3.250056154937143
vertex -16.250053275304857 -1.6750779412573278 3.250056154937143
vertex -16.250053275304857 1.6750779412573278 3.250056154937143
endloop
endfacet
facet normal 0 0 -1
outer loop
vertex 16.250053275304857 1.6750779412573278 3.250056154937143
vertex 16.250053275304857 -1.6750779412573278 3.250056154937143
vertex 1.6750779412573278 -1.6750779412573278 3.250056154937143
endloop
endfacet
facet normal 0 0 -1
outer loop
vertex 16.250053275304857 1.6750779412573278 3.250056154937143
vertex 1.6750779412573278 -1.6750779412573278 3.250056154937143
vertex 1.6750779412573278 1.6750779412573278 3.250056154937143
endloop
endfacet
facet normal 0 0 -1
outer loop
vertex 0 -2.4624532984068064 3.250056154937143
vertex -1.6750779412573278 -1.6750779412573278 3.250056154937143
vertex 1.6750779412573278 -1.6750779412573278 3.250056154937143
endloop
endfacet
facet normal 0 0 -0.9999999999999999
outer loop
vertex 0 -2.4624532984068064 3.250056154937143
vertex 1.6750779412573278 -1.6750779412573278 3.250056154937143
vertex 16.250053275304857 -1.6750779412573278 3.250056154937143
endloop
endfacet
facet normal 0 0 -1
outer loop
vertex 0 -2.4624532984068064 3.250056154937143
vertex 16.250053275304857 -1.6750779412573278 3.250056154937143
vertex 16.250053275304857 -3.250056154937143 3.250056154937143
endloop
endfacet
facet normal 0 0 -1
outer loop
vertex 0 -2.4624532984068064 3.250056154937143
vertex 16.250053275304857 -3.250056154937143 3.250056154937143
vertex 12.999997120367714 -3.250056154937143 3.250056154937143
endloop
endfacet
facet normal 0 0 -1
outer loop
vertex 0 -2.4624532984068064 3.250056154937143
vertex 12.999997120367714 -3.250056154937143 3.250056154937143
vertex -12.999997120367714 -3.250056154937143 3.250056154937143
endloop
endfacet
facet normal 0 0 -1
outer loop
vertex 0 -2.4624532984068064 3.250056154937143
vertex -12.999997120367714 -3.250056154937143 3.250056154937143
vertex -16.250053275304857 -3.250056154937143 3.250056154937143
endloop
endfacet
facet normal 0 0 -1
outer loop
vertex 0 -2.4624532984068064 3.250056154937143
vertex -16.250053275304857 -3.250056154937143 3.250056154937143
vertex -16.250053275304857 -1.6750779412573278 3.250056154937143
endloop
endfacet
facet normal 0 0 -0.9999999999999999
outer loop
vertex 0 -2.4624532984068064 3.250056154937143
vertex -16.250053275304857 -1.6750779412573278 3.250056154937143
vertex -1.6750779412573278 -1.6750779412573278 3.250056154937143
endloop
endfacet
facet normal 0 0 -1
outer loop
vertex 0 -5.416532758847714 3.250056154937143
vertex 12.999997120367714 -3.250056154937143 3.250056154937143
vertex 12.999997120367714 -6.499884810493429 3.250056154937143
endloop
endfacet
facet normal 0 0 -1
outer loop
vertex 0 -5.416532758847714 3.250056154937143
vertex 12.999997120367714 -6.499884810493429 3.250056154937143
vertex 12.999769620986857 -6.499884810493429 3.250056154937143
endloop
endfacet
facet normal 0 0 -1
outer loop
vertex 0 -5.416532758847714 3.250056154937143
vertex 12.999769620986857 -6.499884810493429 3.250056154937143
vertex -12.999769620986857 -6.499884810493429 3.250056154937143
endloop
endfacet
facet normal 0 0 -1
outer loop
vertex 0 -5.416532758847714 3.250056154937143
vertex -12.999769620986857 -6.499884810493429 3.250056154937143
vertex -12.999997120367714 -6.499884810493429 3.250056154937143
endloop
endfacet
facet normal 0 0 -1
outer loop
vertex 0 -5.416532758847714 3.250056154937143
vertex -12.999997120367714 -6.499884810493429 3.250056154937143
vertex -12.999997120367714 -3.250056154937143 3.250056154937143
endloop
endfacet
facet normal 0 0 -1
outer loop
vertex 0 -5.416532758847714 3.250056154937143
vertex -12.999997120367714 -3.250056154937143 3.250056154937143
vertex 12.999997120367714 -3.250056154937143 3.250056154937143
endloop
endfacet
facet normal 0 0 -1
outer loop
vertex 0 -8.666816413165716 3.250056154937143
vertex 12.999769620986857 -6.499884810493429 3.250056154937143
vertex 12.999769620986857 -9.750168464811429 3.250056154937143
endloop
endfacet
facet normal 0 0 -1
outer loop
vertex 0 -8.666816413165716 3.250056154937143
vertex 12.999769620986857 -9.750168464811429 3.250056154937143
vertex 9.750168464811429 -9.750168464811429 3.250056154937143
endloop
endfacet
facet normal 0 0 -1
outer loop
vertex 0 -8.666816413165716 3.250056154937143
vertex 9.750168464811429 -9.750168464811429 3.250056154937143
vertex -9.750168464811429 -9.750168464811429 3.250056154937143
endloop
endfacet
facet normal 0 0 -1
outer loop
vertex 0 -8.666816413165716 3.250056154937143
vertex -9.750168464811429 -9.750168464811429 3.250056154937143
vertex -12.999769620986857 -9.750168464811429 3.250056154937143
endloop
endfacet
facet normal 0 0 -1
outer loop
vertex 0 -8.666816413165716 3.250056154937143
vertex -12.999769620986857 -9.750168464811429 3.250056154937143
vertex -12.999769620986857 -6.499884810493429 3.250056154937143
endloop
endfacet
facet normal 0 0 -1
outer loop
vertex 0 -8.666816413165716 3.250056154937143
vertex -12.999769620986857 -6.499884810493429 3.250056154937143
vertex 12.999769620986857 -6.499884810493429 3.250056154937143
endloop
endfacet
facet normal 0 0 -1
outer loop
vertex 0 -11.916645068722 3.250056154937143
vertex 9.750168464811429 -9.750168464811429 3.250056154937143
vertex 9.750168464811429 -12.999997120367714 3.250056154937143
endloop
endfacet
facet normal 0 0 -0.9999999999999999
outer loop
vertex 0 -11.916645068722 3.250056154937143
vertex 9.750168464811429 -12.999997120367714 3.250056154937143
vertex 3.250056154937143 -12.999997120367714 3.250056154937143
endloop
endfacet
facet normal 0 0 -1
outer loop
vertex 0 -11.916645068722 3.250056154937143
vertex 3.250056154937143 -12.999997120367714 3.250056154937143
vertex -3.250056154937143 -12.999997120367714 3.250056154937143
endloop
endfacet
facet normal 0 0 -0.9999999999999999
outer loop
vertex 0 -11.916645068722 3.250056154937143
vertex -3.250056154937143 -12.999997120367714 3.250056154937143
vertex -9.750168464811429 -12.999997120367714 3.250056154937143
endloop
endfacet
facet normal 0 0 -1
outer loop
vertex 0 -11.916645068722 3.250056154937143
vertex -9.750168464811429 -12.999997120367714 3.250056154937143
vertex -9.750168464811429 -9.750168464811429 3.250056154937143
endloop
endfacet
facet normal 0 0 -1
outer loop
vertex 0 -11.916645068722 3.250056154937143
vertex -9.750168464811429 -9.750168464811429 3.250056154937143
vertex 9.750168464811429 -9.750168464811429 3.250056154937143
endloop
endfacet
facet normal 0 0 -1
outer loop
vertex 3.250056154937143 -12.999997120367714 3.250056154937143
vertex 3.250056154937143 -16.250053275304857 3.250056154937143
vertex -3.250056154937143 -16.250053275304857 3.250056154937143
endloop
endfacet
facet normal 0 0 -1
outer loop
vertex 3.250056154937143 -12.999997120367714 3.250056154937143
vertex -3.250056154937143 -16.250053275304857 3.250056154937143
vertex -3.250056154937143 -12.999997120367714 3.250056154937143
endloop
endfacet
facet normal 1 0 0
outer loop
vertex -1.6750779412573278 1.6750779412573278 3.250056154937143
vertex -1.6750779412573278 1.6750779412573278 6.500112309874286
vertex -1.6750779412573278 -1.6750779412573278 6.500112309874286
endloop
endfacet
facet normal 1 0 0
outer loop
vertex -1.6750779412573278 1.6750779412573278 3.250056154937143
vertex -1.6750779412573278 -1.6750779412573278 6.500112309874286
vertex -1.6750779412573278 -1.6750779412573278 3.250056154937143
endloop
endfacet
facet normal -1 0 0
outer loop
vertex 1.6750779412573278 -1.6750779412573278 3.250056154937143
vertex 1.6750779412573278 -1.6750779412573278 6.500112309874286
vertex 1.6750779412573278 1.6750779412573278 6.500112309874286
endloop
endfacet
facet normal -1 0 0
outer loop
vertex 1.6750779412573278 -1.6750779412573278 3.250056154937143
vertex 1.6750779412573278 1.6750779412573278 6.500112309874286
vertex 1.6750779412573278 1.6750779412573278 3.250056154937143
endloop
endfacet
facet normal 0 1 0
outer loop
vertex -1.6750779412573278 -1.6750779412573278 3.250056154937143
vertex -1.6750779412573278 -1.6750779412573278 6.500112309874286
vertex 1.6750779412573278 -1.6750779412573278 6.500112309874286
endloop
endfacet
facet normal 0 1 0
outer loop
vertex -1.6750779412573278 -1.6750779412573278 3.250056154937143
vertex 1.6750779412573278 -1.6750779412573278 6.500112309874286
vertex 1.6750779412573278 -1.6750779412573278 3.250056154937143
endloop
endfacet
facet normal 0 -1 0
outer loop
vertex 1.6750779412573278 1.6750779412573278 3.250056154937143
vertex 1.6750779412573278 1.6750779412573278 6.500112309874286
vertex -1.6750779412573278 1.6750779412573278 6.500112309874286
endloop
endfacet
facet normal 0 -1 0
outer loop
vertex 1.6750779412573278 1.6750779412573278 3.250056154937143
vertex -1.6750779412573278 1.6750779412573278 6.500112309874286
vertex -1.6750779412573278 1.6750779412573278 3.250056154937143
endloop
endfacet
facet normal -1 0 0
outer loop
vertex -9.750004644344594 -13.000006192459459 9.750004644344594
vertex -9.750004644344594 -13.000006192459459 6.5000030962297295
vertex -9.750004644344594 -16.250007740574322 6.5000030962297295
endloop
endfacet
facet normal -1 0 0
outer loop
vertex -9.750004644344594 -13.000006192459459 9.750004644344594
vertex -9.750004644344594 -16.250007740574322 6.5000030962297295
vertex -9.750004644344594 -16.250007740574322 9.750004644344594
endloop
endfacet
facet normal 1 0 0
outer loop
vertex 9.750004644344594 -16.250007740574322 9.750004644344594
vertex 9.750004644344594 -16.250007740574322 6.5000030962297295
vertex 9.750004644344594 -13.000006192459459 6.5000030962297295
endloop
endfacet
facet normal 1 0 0
outer loop
vertex 9.750004644344594 -16.250007740574322 9.750004644344594
vertex 9.750004644344594 -13.000006192459459 6.5000030962297295
vertex 9.750004644344594 -13.000006192459459 9.750004644344594
endloop
endfacet
facet normal -1 0 0
outer loop
vertex -9.750004644344594 16.250007740574322 9.750004644344594
vertex -9.750004644344594 16.250007740574322 6.5000030962297295
vertex -9.750004644344594 13.000006192459459 6.5000030962297295
endloop
endfacet
facet normal -1 0 0
outer loop
vertex -9.750004644344594 16.250007740574322 9.750004644344594
vertex -9.750004644344594 13.000006192459459 6.5000030962297295
vertex -9.750004644344594 13.000006192459459 9.750004644344594
endloop
endfacet
facet normal 1 0 0
outer loop
vertex 9.750004644344594 13.000006192459459 9.750004644344594
vertex 9.750004644344594 13.000006192459459 6.5000030962297295
vertex 9.750004644344594 16.250007740574322 6.5000030962297295
endloop
endfacet
facet normal 1 0 0
outer loop
vertex 9.750004644344594 13.000006192459459 9.750004644344594
vertex 9.750004644344594 16.250007740574322 6.5000030962297295
vertex 9.750004644344594 16.250007740574322 9.750004644344594
endloop
endfacet
facet normal 0 -1 0
outer loop
vertex 3.2500015481148647 -16.250007740574322 9.750004644344594
vertex 3.2500015481148647 -16.250007740574322 6.5000030962297295
vertex 9.750004644344594 -16.250007740574322 6.5000030962297295
endloop
endfacet
facet normal 0 -1 0
outer loop
vertex 3.2500015481148647 -16.250007740574322 9.750004644344594
vertex 9.750004644344594 -16.250007740574322 6.5000030962297295
vertex 9.750004644344594 -16.250007740574322 9.750004644344594
endloop
endfacet
facet normal 0 -1 0
outer loop
vertex -9.750004644344594 -16.250007740574322 9.750004644344594
vertex -9.750004644344594 -16.250007740574322 6.5000030962297295
vertex -3.2500015481148647 -16.250007740574322 6.5000030962297295
endloop
endfacet
facet normal 0 -1 0
outer loop
vertex -9.750004644344594 -16.250007740574322 9.750004644344594
vertex -3.2500015481148647 -16.250007740574322 6.5000030962297295
vertex -3.2500015481148647 -16.250007740574322 9.750004644344594
endloop
endfacet
facet normal 0 1 0
outer loop
vertex -3.2500015481148647 16.250007740574322 9.750004644344594
vertex -3.2500015481148647 16.250007740574322 6.5000030962297295
vertex -9.750004644344594 16.250007740574322 6.5000030962297295
endloop
endfacet
facet normal 0 1 0
outer loop
vertex -3.2500015481148647 16.250007740574322 9.750004644344594
vertex -9.750004644344594 16.250007740574322 6.5000030962297295
vertex -9.750004644344594 16.250007740574322 9.750004644344594
endloop
endfacet
facet normal 0 1 0
outer loop
vertex 9.750004644344594 16.250007740574322 9.750004644344594
vertex 9.750004644344594 16.250007740574322 6.5000030962297295
vertex 3.2500015481148647 16.250007740574322 6.5000030962297295
endloop
endfacet
facet normal 0 1 0
outer loop
vertex 9.750004644344594 16.250007740574322 9.750004644344594
vertex 3.2500015481148647 16.250007740574322 6.5000030962297295
vertex 3.2500015481148647 16.250007740574322 9.750004644344594
endloop
endfacet
facet normal -1 0 0
outer loop
vertex -3.2500015481148647 -16.250007740574322 9.750004644344594
vertex -3.2500015481148647 -16.250007740574322 6.5000030962297295
vertex -3.2500015481148647 -19.50000928868919 6.5000030962297295
endloop
endfacet
facet normal -1 0 0
outer loop
vertex -3.2500015481148647 -16.250007740574322 9.750004644344594
vertex -3.2500015481148647 -19.50000928868919 6.5000030962297295
vertex -3.2500015481148647 -19.50000928868919 9.750004644344594
endloop
endfacet
facet normal 0 -1 0
outer loop
vertex -3.2500015481148647 -19.50000928868919 9.750004644344594
vertex -3.2500015481148647 -19.50000928868919 6.5000030962297295
vertex 3.2500015481148647 -19.50000928868919 6.5000030962297295
endloop
endfacet
facet normal 0 -1 0
outer loop
vertex -3.2500015481148647 -19.50000928868919 9.750004644344594
vertex 3.2500015481148647 -19.50000928868919 6.5000030962297295
vertex 3.2500015481148647 -19.50000928868919 9.750004644344594
endloop
endfacet
facet normal 1 0 0
outer loop
vertex 3.2500015481148647 -19.50000928868919 9.750004644344594
vertex 3.2500015481148647 -19.50000928868919 6.5000030962297295
vertex 3.2500015481148647 -16.250007740574322 6.5000030962297295
endloop
endfacet
facet normal 1 0 0
outer loop
vertex 3.2500015481148647 -19.50000928868919 9.750004644344594
vertex 3.2500015481148647 -16.250007740574322 6.5000030962297295
vertex 3.2500015481148647 -16.250007740574322 9.750004644344594
endloop
endfacet
facet normal 0 1 0
outer loop
vertex 3.2500015481148647 19.50000928868919 9.750004644344594
vertex 3.2500015481148647 19.50000928868919 6.5000030962297295
vertex -3.2500015481148647 19.50000928868919 6.5000030962297295
endloop
endfacet
facet normal 0 1 0
outer loop
vertex 3.2500015481148647 19.50000928868919 9.750004644344594
vertex -3.2500015481148647 19.50000928868919 6.5000030962297295
vertex -3.2500015481148647 19.50000928868919 9.750004644344594
endloop
endfacet
facet normal -1 0 0
outer loop
vertex -3.2500015481148647 19.50000928868919 9.750004644344594
vertex -3.2500015481148647 19.50000928868919 6.5000030962297295
vertex -3.2500015481148647 16.250007740574322 6.5000030962297295
endloop
endfacet
facet normal -1 0 0
outer loop
vertex -3.2500015481148647 19.50000928868919 9.750004644344594
vertex -3.2500015481148647 16.250007740574322 6.5000030962297295
vertex -3.2500015481148647 16.250007740574322 9.750004644344594
endloop
endfacet
facet normal 1 0 0
outer loop
vertex 3.2500015481148647 16.250007740574322 9.750004644344594
vertex 3.2500015481148647 16.250007740574322 6.5000030962297295
vertex 3.2500015481148647 19.50000928868919 6.5000030962297295
endloop
endfacet
facet normal 1 0 0
outer loop
vertex 3.2500015481148647 16.250007740574322 9.750004644344594
vertex 3.2500015481148647 19.50000928868919 6.5000030962297295
vertex 3.2500015481148647 19.50000928868919 9.750004644344594
endloop
endfacet
facet normal -1 0 0
outer loop
vertex -19.50000928868919 0 8.125003870287161
vertex -19.50000928868919 -1.6751049645908698 9.750004644344594
vertex -19.50000928868919 1.6751049645908698 9.750004644344594
endloop
endfacet
facet normal -0.9999999999999999 0 0
outer loop
vertex -19.50000928868919 0 8.125003870287161
vertex -19.50000928868919 1.6751049645908698 9.750004644344594
vertex -19.50000928868919 3.2500015481148647 9.750004644344594
endloop
endfacet
facet normal -1 0 0
outer loop
vertex -19.50000928868919 0 8.125003870287161
vertex -19.50000928868919 3.2500015481148647 9.750004644344594
vertex -19.50000928868919 3.2500015481148647 6.5000030962297295
endloop
endfacet
facet normal -1 0 0
outer loop
vertex -19.50000928868919 0 8.125003870287161
vertex -19.50000928868919 3.2500015481148647 6.5000030962297295
vertex -19.50000928868919 1.6751049645908698 6.5000030962297295
endloop
endfacet
facet normal -1 0 0
outer loop
vertex -19.50000928868919 0 8.125003870287161
vertex -19.50000928868919 1.6751049645908698 6.5000030962297295
vertex -19.50000928868919 -1.6751049645908698 6.5000030962297295
endloop
endfacet
facet normal -1 0 0
outer loop
vertex -19.50000928868919 0 8.125003870287161
vertex -19.50000928868919 -1.6751049645908698 6.5000030962297295
vertex -19.50000928868919 -3.2500015481148647 6.5000030962297295
endloop
endfacet
facet normal -1 0 0
outer loop
vertex -19.50000928868919 0 8.125003870287161
vertex -19.50000928868919 -3.2500015481148647 6.5000030962297295
vertex -19.50000928868919 -3.2500015481148647 9.750004644344594
endloop
endfacet
facet normal -0.9999999999999999 0 0
outer loop
vertex -19.50000928868919 0 8.125003870287161
vertex -19.50000928868919 -3.2500015481148647 9.750004644344594
vertex -19.50000928868919 -1.6751049645908698 9.750004644344594
endloop
endfacet
facet normal 1 0 0
outer loop
vertex 19.50000928868919 0 8.125003870287161
vertex 19.50000928868919 1.6751049645908698 9.750004644344594
vertex 19.50000928868919 -1.6751049645908698 9.750004644344594
endloop
endfacet
facet normal 0.9999999999999999 0 0
outer loop
vertex 19.50000928868919 0 8.125003870287161
vertex 19.50000928868919 -1.6751049645908698 9.750004644344594
vertex 19.50000928868919 -3.2500015481148647 9.750004644344594
endloop
endfacet
facet normal 1 0 0
outer loop
vertex 19.50000928868919 0 8.125003870287161
vertex 19.50000928868919 -3.2500015481148647 9.750004644344594
vertex 19.50000928868919 -3.2500015481148647 6.5000030962297295
endloop
endfacet
facet normal 1 0 0
outer loop
vertex 19.50000928868919 0 8.125003870287161
vertex 19.50000928868919 -3.2500015481148647 6.5000030962297295
vertex 19.50000928868919 -1.6751049645908698 6.5000030962297295
endloop
endfacet
facet normal 1 0 0
outer loop
vertex 19.50000928868919 0 8.125003870287161
vertex 19.50000928868919 -1.6751049645908698 6.5000030962297295
vertex 19.50000928868919 1.6751049645908698 6.5000030962297295
endloop
endfacet
facet normal 1 0 0
outer loop
vertex 19.50000928868919 0 8.125003870287161
vertex 19.50000928868919 1.6751049645908698 6.5000030962297295
vertex 19.50000928868919 3.2500015481148647 6.5000030962297295
endloop
endfacet
facet normal 1 0 0
outer loop
vertex 19.50000928868919 0 8.125003870287161
vertex 19.50000928868919 3.2500015481148647 6.5000030962297295
vertex 19.50000928868919 3.2500015481148647 9.750004644344594
endloop
endfacet
facet normal 0.9999999999999999 0 0
outer loop
vertex 19.50000928868919 0 8.125003870287161
vertex 19.50000928868919 3.2500015481148647 9.750004644344594
vertex 19.50000928868919 1.6751049645908698 9.750004644344594
endloop
endfacet
facet normal 0 1 0
outer loop
vertex -16.250007740574322 3.2500015481148647 9.750004644344594
vertex -16.250007740574322 3.2500015481148647 6.5000030962297295
vertex -19.50000928868919 3.2500015481148647 6.5000030962297295
endloop
endfacet
facet normal 0 1 0
outer loop
vertex -16.250007740574322 3.2500015481148647 9.750004644344594
vertex -19.50000928868919 3.2500015481148647 6.5000030962297295
vertex -19.50000928868919 3.2500015481148647 9.750004644344594
endloop
endfacet
facet normal 0 1 0
outer loop
vertex 19.50000928868919 3.2500015481148647 9.750004644344594
vertex 19.50000928868919 3.2500015481148647 6.5000030962297295
vertex 16.250007740574322 3.2500015481148647 6.5000030962297295
endloop
endfacet
facet normal 0 1 0
outer loop
vertex 19.50000928868919 3.2500015481148647 9.750004644344594
vertex 16.250007740574322 3.2500015481148647 6.5000030962297295
vertex 16.250007740574322 3.2500015481148647 9.750004644344594
endloop
endfacet
facet normal 0 -1 0
outer loop
vertex 16.250007740574322 -3.2500015481148647 9.750004644344594
vertex 16.250007740574322 -3.2500015481148647 6.5000030962297295
vertex 19.50000928868919 -3.2500015481148647 6.5000030962297295
endloop
endfacet
facet normal 0 -1 0
outer loop
vertex 16.250007740574322 -3.2500015481148647 9.750004644344594
vertex 19.50000928868919 -3.2500015481148647 6.5000030962297295
vertex 19.50000928868919 -3.2500015481148647 9.750004644344594
endloop
endfacet
facet normal 0 -1 0
outer loop
vertex -19.50000928868919 -3.2500015481148647 9.750004644344594
vertex -19.50000928868919 -3.2500015481148647 6.5000030962297295
vertex -16.250007740574322 -3.2500015481148647 6.5000030962297295
endloop
endfacet
facet normal 0 -1 0
outer loop
vertex -19.50000928868919 -3.2500015481148647 9.750004644344594
vertex -16.250007740574322 -3.2500015481148647 6.5000030962297295
vertex -16.250007740574322 -3.2500015481148647 9.750004644344594
endloop
endfacet
facet normal -1 0 0
outer loop
vertex -16.250007740574322 -3.2500015481148647 9.750004644344594
vertex -16.250007740574322 -3.2500015481148647 6.5000030962297295
vertex -16.250007740574322 -6.5000030962297295 6.5000030962297295
endloop
endfacet
facet normal -1 0 0
outer loop
vertex -16.250007740574322 -3.2500015481148647 9.750004644344594
vertex -16.250007740574322 -6.5000030962297295 6.5000030962297295
vertex -16.250007740574322 -6.5000030962297295 9.750004644344594
endloop
endfacet
facet normal -1 0 0
outer loop
vertex -16.250007740574322 9.750004644344594 9.750004644344594
vertex -16.250007740574322 9.750004644344594 6.5000030962297295
vertex -16.250007740574322 3.2500015481148647 6.5000030962297295
endloop
endfacet
facet normal -1 0 0
outer loop
vertex -16.250007740574322 9.750004644344594 9.750004644344594
vertex -16.250007740574322 3.2500015481148647 6.5000030962297295
vertex -16.250007740574322 3.2500015481148647 9.750004644344594
endloop
endfacet
facet normal 1 0 0
outer loop
vertex 16.250007740574322 3.2500015481148647 9.750004644344594
vertex 16.250007740574322 3.2500015481148647 6.5000030962297295
vertex 16.250007740574322 9.750004644344594 6.5000030962297295
endloop
endfacet
facet normal 1 0 0
outer loop
vertex 16.250007740574322 3.2500015481148647 9.750004644344594
vertex 16.250007740574322 9.750004644344594 6.5000030962297295
vertex 16.250007740574322 9.750004644344594 9.750004644344594
endloop
endfacet
facet normal 1 0 0
outer loop
vertex 16.250007740574322 -6.5000030962297295 9.750004644344594
vertex 16.250007740574322 -6.5000030962297295 6.5000030962297295
vertex 16.250007740574322 -3.2500015481148647 6.5000030962297295
endloop
endfacet
facet normal 1 0 0
outer loop
vertex 16.250007740574322 -6.5000030962297295 9.750004644344594
vertex 16.250007740574322 -3.2500015481148647 6.5000030962297295
vertex 16.250007740574322 -3.2500015481148647 9.750004644344594
endloop
endfacet
facet normal -1 0 0
outer loop
vertex -16.250007740574322 -6.5000030962297295 9.750004644344594
vertex -16.250007740574322 -6.5000030962297295 6.5000030962297295
vertex -16.250007740574322 -9.750004644344594 6.5000030962297295
endloop
endfacet
facet normal -1 0 0
outer loop
vertex -16.250007740574322 -6.5000030962297295 9.750004644344594
vertex -16.250007740574322 -9.750004644344594 6.5000030962297295
vertex -16.250007740574322 -9.750004644344594 9.750004644344594
endloop
endfacet
facet normal 1 0 0
outer loop
vertex 16.250007740574322 -9.750004644344594 9.750004644344594
vertex 16.250007740574322 -9.750004644344594 6.5000030962297295
vertex 16.250007740574322 -6.5000030962297295 6.5000030962297295
endloop
endfacet
facet normal 1 0 0
outer loop
vertex 16.250007740574322 -9.750004644344594 9.750004644344594
vertex 16.250007740574322 -6.5000030962297295 6.5000030962297295
vertex 16.250007740574322 -6.5000030962297295 9.750004644344594
endloop
endfacet
facet normal 0 1 0
outer loop
vertex -13.000006192459459 9.750004644344594 9.750004644344594
vertex -13.000006192459459 9.750004644344594 6.5000030962297295
vertex -16.250007740574322 9.750004644344594 6.5000030962297295
endloop
endfacet
facet normal 0 1 0
outer loop
vertex -13.000006192459459 9.750004644344594 9.750004644344594
vertex -16.250007740574322 9.750004644344594 6.5000030962297295
vertex -16.250007740574322 9.750004644344594 9.750004644344594
endloop
endfacet
facet normal 0 1 0
outer loop
vertex 16.250007740574322 9.750004644344594 9.750004644344594
vertex 16.250007740574322 9.750004644344594 6.5000030962297295
vertex 13.000006192459459 9.750004644344594 6.5000030962297295
endloop
endfacet
facet normal 0 1 0
outer loop
vertex 16.250007740574322 9.750004644344594 9.750004644344594
vertex 13.000006192459459 9.750004644344594 6.5000030962297295
vertex 13.000006192459459 9.750004644344594 9.750004644344594
endloop
endfacet
facet normal 0 -1 0
outer loop
vertex 13.000006192459459 -9.750004644344594 9.750004644344594
vertex 13.000006192459459 -9.750004644344594 6.5000030962297295
vertex 16.250007740574322 -9.750004644344594 6.5000030962297295
endloop
endfacet
facet normal 0 -1 0
outer loop
vertex 13.000006192459459 -9.750004644344594 9.750004644344594
vertex 16.250007740574322 -9.750004644344594 6.5000030962297295
vertex 16.250007740574322 -9.750004644344594 9.750004644344594
endloop
endfacet
facet normal 0 -1 0
outer loop
vertex -16.250007740574322 -9.750004644344594 9.750004644344594
vertex -16.250007740574322 -9.750004644344594 6.5000030962297295
vertex -13.000006192459459 -9.750004644344594 6.5000030962297295
endloop
endfacet
facet normal 0 -1 0
outer loop
vertex -16.250007740574322 -9.750004644344594 9.750004644344594
vertex -13.000006192459459 -9.750004644344594 6.5000030962297295
vertex -13.000006192459459 -9.750004644344594 9.750004644344594
endloop
endfacet
facet normal -1 0 0
outer loop
vertex -13.000006192459459 -9.750004644344594 9.750004644344594
vertex -13.000006192459459 -9.750004644344594 6.5000030962297295
vertex -13.000006192459459 -13.000006192459459 6.5000030962297295
endloop
endfacet
facet normal -1 0 0
outer loop
vertex -13.000006192459459 -9.750004644344594 9.750004644344594
vertex -13.000006192459459 -13.000006192459459 6.5000030962297295
vertex -13.000006192459459 -13.000006192459459 9.750004644344594
endloop
endfacet
facet normal -1 0 0
outer loop
vertex -13.000006192459459 13.000006192459459 9.750004644344594
vertex -13.000006192459459 13.000006192459459 6.5000030962297295
vertex -13.000006192459459 9.750004644344594 6.5000030962297295
endloop
endfacet
facet normal -1 0 0
outer loop
vertex -13.000006192459459 13.000006192459459 9.750004644344594
vertex -13.000006192459459 9.750004644344594 6.5000030962297295
vertex -13.000006192459459 9.750004644344594 9.750004644344594
endloop
endfacet
facet normal 1 0 0
outer loop
vertex 13.000006192459459 9.750004644344594 9.750004644344594
vertex 13.000006192459459 9.750004644344594 6.5000030962297295
vertex 13.000006192459459 13.000006192459459 6.5000030962297295
endloop
endfacet
facet normal 1 0 0
outer loop
vertex 13.000006192459459 9.750004644344594 9.750004644344594
vertex 13.000006192459459 13.000006192459459 6.5000030962297295
vertex 13.000006192459459 13.000006192459459 9.750004644344594
endloop
endfacet
facet normal 1 0 0
outer loop
vertex 13.000006192459459 -13.000006192459459 9.750004644344594
vertex 13.000006192459459 -13.000006192459459 6.5000030962297295
vertex 13.000006192459459 -9.750004644344594 6.5000030962297295
endloop
endfacet
facet normal 1 0 0
outer loop
vertex 13.000006192459459 -13.000006192459459 9.750004644344594
vertex 13.000006192459459 -9.750004644344594 6.5000030962297295
vertex 13.000006192459459 -9.750004644344594 9.750004644344594
endloop
endfacet
facet normal 0 1 0
outer loop
vertex -9.750004644344594 13.000006192459459 9.750004644344594
vertex -9.750004644344594 13.000006192459459 6.5000030962297295
vertex -13.000006192459459 13.000006192459459 6.5000030962297295
endloop
endfacet
facet normal 0 1 0
outer loop
vertex -9.750004644344594 13.000006192459459 9.750004644344594
vertex -13.000006192459459 13.000006192459459 6.5000030962297295
vertex -13.000006192459459 13.000006192459459 9.750004644344594
endloop
endfacet
facet normal 0 1 0
outer loop
vertex 13.000006192459459 13.000006192459459 9.750004644344594
vertex 13.000006192459459 13.000006192459459 6.5000030962297295
vertex 9.750004644344594 13.000006192459459 6.5000030962297295
endloop
endfacet
facet normal 0 1 0
outer loop
vertex 13.000006192459459 13.000006192459459 9.750004644344594
vertex 9.750004644344594 13.000006192459459 6.5000030962297295
vertex 9.750004644344594 13.000006192459459 9.750004644344594
endloop
endfacet
facet normal 0 -1 0
outer loop
vertex 9.750004644344594 -13.000006192459459 9.750004644344594
vertex 9.750004644344594 -13.000006192459459 6.5000030962297295
vertex 13.000006192459459 -13.000006192459459 6.5000030962297295
endloop
endfacet
facet normal 0 -1 0
outer loop
vertex 9.750004644344594 -13.000006192459459 9.750004644344594
vertex 13.000006192459459 -13.000006192459459 6.5000030962297295
vertex 13.000006192459459 -13.000006192459459 9.750004644344594
endloop
endfacet
facet normal 0 -1 0
outer loop
vertex -13.000006192459459 -13.000006192459459 9.750004644344594
vertex -13.000006192459459 -13.000006192459459 6.5000030962297295
vertex -9.750004644344594 -13.000006192459459 6.5000030962297295
endloop
endfacet
facet normal 0 -1 0
outer loop
vertex -13.000006192459459 -13.000006192459459 9.750004644344594
vertex -9.750004644344594 -13.000006192459459 6.5000030962297295
vertex -9.750004644344594 -13.000006192459459 9.750004644344594
endloop
endfacet
facet normal 0 0 1
outer loop
vertex -3.2500015481148647 19.50000928868919 9.750004644344594
vertex -3.2500015481148647 16.250007740574322 9.750004644344594
vertex 3.2500015481148647 16.250007740574322 9.750004644344594
endloop
endfacet
facet normal 0 0 1
outer loop
vertex -3.2500015481148647 19.50000928868919 9.750004644344594
vertex 3.2500015481148647 16.250007740574322 9.750004644344594
vertex 3.2500015481148647 19.50000928868919 9.750004644344594
endloop
endfacet
facet normal 0 0 1
outer loop
vertex 0 15.166673891202702 9.750004644344594
vertex 3.2500015481148647 16.250007740574322 9.750004644344594
vertex -3.2500015481148647 16.250007740574322 9.750004644344594
endloop
endfacet
facet normal 0 0 1
outer loop
vertex 0 15.166673891202702 9.750004644344594
vertex -3.2500015481148647 16.250007740574322 9.750004644344594
vertex -9.750004644344594 16.250007740574322 9.750004644344594
endloop
endfacet
facet normal 0 0 1
outer loop
vertex 0 15.166673891202702 9.750004644344594
vertex -9.750004644344594 16.250007740574322 9.750004644344594
vertex -9.750004644344594 13.000006192459459 9.750004644344594
endloop
endfacet
facet normal 0 0 1
outer loop
vertex 0 15.166673891202702 9.750004644344594
vertex -9.750004644344594 13.000006192459459 9.750004644344594
vertex 9.750004644344594 13.000006192459459 9.750004644344594
endloop
endfacet
facet normal 0 0 1
outer loop
vertex 0 15.166673891202702 9.750004644344594
vertex 9.750004644344594 13.000006192459459 9.750004644344594
vertex 9.750004644344594 16.250007740574322 9.750004644344594
endloop
endfacet
facet normal 0 0 1
outer loop
vertex 0 15.166673891202702 9.750004644344594
vertex 9.750004644344594 16.250007740574322 9.750004644344594
vertex 3.2500015481148647 16.250007740574322 9.750004644344594
endloop
endfacet
facet normal 0 0 1
outer loop
vertex 0 11.916672343087837 9.750004644344594
vertex 9.750004644344594 13.000006192459459 9.750004644344594
vertex -9.750004644344594 13.000006192459459 9.750004644344594
endloop
endfacet
facet normal 0 0 1
outer loop
vertex 0 11.916672343087837 9.750004644344594
vertex -9.750004644344594 13.000006192459459 9.750004644344594
vertex -13.000006192459459 13.000006192459459 9.750004644344594
endloop
endfacet
facet normal 0 0 1
outer loop
vertex 0 11.916672343087837 9.750004644344594
vertex -13.000006192459459 13.000006192459459 9.750004644344594
vertex -13.000006192459459 9.750004644344594 9.750004644344594
endloop
endfacet
facet normal 0 0 0.9999999999999999
outer loop
vertex 0 11.916672343087837 9.750004644344594
vertex -13.000006192459459 9.750004644344594 9.750004644344594
vertex 13.000006192459459 9.750004644344594 9.750004644344594
endloop
endfacet
facet normal 0 0 1
outer loop
vertex 0 11.916672343087837 9.750004644344594
vertex 13.000006192459459 9.750004644344594 9.750004644344594
vertex 13.000006192459459 13.000006192459459 9.750004644344594
endloop
endfacet
facet normal 0 0 1
outer loop
vertex 0 11.916672343087837 9.750004644344594
vertex 13.000006192459459 13.000006192459459 9.750004644344594
vertex 9.750004644344594 13.000006192459459 9.750004644344594
endloop
endfacet
facet normal 0 0 0.9999999999999999
outer loop
vertex 0 7.583336945601351 9.750004644344594
vertex 13.000006192459459 9.750004644344594 9.750004644344594
vertex -13.000006192459459 9.750004644344594 9.750004644344594
endloop
endfacet
facet normal 0 0 0.9999999999999999
outer loop
vertex 0 7.583336945601351 9.750004644344594
vertex -13.000006192459459 9.750004644344594 9.750004644344594
vertex -16.250007740574322 9.750004644344594 9.750004644344594
endloop
endfacet
facet normal 0 0 1
outer loop
vertex 0 7.583336945601351 9.750004644344594
vertex -16.250007740574322 9.750004644344594 9.750004644344594
vertex -16.250007740574322 3.2500015481148647 9.750004644344594
endloop
endfacet
facet normal 0 0 1
outer loop
vertex 0 7.583336945601351 9.750004644344594
vertex -16.250007740574322 3.2500015481148647 9.750004644344594
vertex 16.250007740574322 3.2500015481148647 9.750004644344594
endloop
endfacet
facet normal 0 0 1
outer loop
vertex 0 7.583336945601351 9.750004644344594
vertex 16.250007740574322 3.2500015481148647 9.750004644344594
vertex 16.250007740574322 9.750004644344594 9.750004644344594
endloop
endfacet
facet normal 0 0 0.9999999999999999
outer loop
vertex 0 7.583336945601351 9.750004644344594
vertex 16.250007740574322 9.750004644344594 9.750004644344594
vertex 13.000006192459459 9.750004644344594 9.750004644344594
endloop
endfacet
facet normal 0 0 1
outer loop
vertex 0 2.4626886730840387 9.750004644344594
vertex 16.250007740574322 3.2500015481148647 9.750004644344594
vertex -16.250007740574322 3.2500015481148647 9.750004644344594
endloop
endfacet
facet normal 0 0 1
outer loop
vertex 0 2.4626886730840387 9.750004644344594
vertex -16.250007740574322 3.2500015481148647 9.750004644344594
vertex -19.50000928868919 3.2500015481148647 9.750004644344594
endloop
endfacet
facet normal 0 0 1
outer loop
vertex 0 2.4626886730840387 9.750004644344594
vertex -19.50000928868919 3.2500015481148647 9.750004644344594
vertex -19.50000928868919 1.6751049645908698 9.750004644344594
endloop
endfacet
facet normal 0 0 1
outer loop
vertex 0 2.4626886730840387 9.750004644344594
vertex -19.50000928868919 1.6751049645908698 9.750004644344594
vertex -1.6751049645908698 1.6751049645908698 9.750004644344594
endloop
endfacet
facet normal 0 0 1
outer loop
vertex 0 2.4626886730840387 9.750004644344594
vertex -1.6751049645908698 1.6751049645908698 9.750004644344594
vertex 1.6751049645908698 1.6751049645908698 9.750004644344594
endloop
endfacet
facet normal 0 0 1
outer loop
vertex 0 2.4626886730840387 9.750004644344594
vertex 1.6751049645908698 1.6751049645908698 9.750004644344594
vertex 19.50000928868919 1.6751049645908698 9.750004644344594
endloop
endfacet
facet normal 0 0 1
outer loop
vertex 0 2.4626886730840387 9.750004644344594
vertex 19.50000928868919 1.6751049645908698 9.750004644344594
vertex 19.50000928868919 3.2500015481148647 9.750004644344594
endloop
endfacet
facet normal 0 0 1
outer loop
vertex 0 2.4626886730840387 9.750004644344594
vertex 19.50000928868919 3.2500015481148647 9.750004644344594
vertex 16.250007740574322 3.2500015481148647 9.750004644344594
endloop
endfacet
facet normal 0 0 1
outer loop
vertex 1.6751049645908698 1.6751049645908698 9.750004644344594
vertex 1.6751049645908698 -1.6751049645908698 9.750004644344594
vertex 19.50000928868919 -1.6751049645908698 9.750004644344594
endloop
endfacet
facet normal 0 0 1
outer loop
vertex 1.6751049645908698 1.6751049645908698 9.750004644344594
vertex 19.50000928868919 -1.6751049645908698 9.750004644344594
vertex 19.50000928868919 1.6751049645908698 9.750004644344594
endloop
endfacet
facet normal 0 0 1
outer loop
vertex -19.50000928868919 1.6751049645908698 9.750004644344594
vertex -19.50000928868919 -1.6751049645908698 9.750004644344594
vertex -1.6751049645908698 -1.6751049645908698 9.750004644344594
endloop
endfacet
facet normal 0 0 1
outer loop
vertex -19.50000928868919 1.6751049645908698 9.750004644344594
vertex -1.6751049645908698 -1.6751049645908698 9.750004644344594
vertex -1.6751049645908698 1.6751049645908698 9.750004644344594
endloop
endfacet
facet normal 0 0 0.9999999999999999
outer loop
vertex 0 -2.4624178396216956 9.750004644344594
vertex 1.6751049645908698 -1.6751049645908698 9.750004644344594
vertex -1.6751049645908698 -1.6751049645908698 9.750004644344594
endloop
endfacet
facet normal 0 0 1
outer loop
vertex 0 -2.4624178396216956 9.750004644344594
vertex -1.6751049645908698 -1.6751049645908698 9.750004644344594
vertex -19.50000928868919 -1.6751049645908698 9.750004644344594
endloop
endfacet
facet normal 0 0 0.9999999999999999
outer loop
vertex 0 -2.4624178396216956 9.750004644344594
vertex -19.50000928868919 -1.6751049645908698 9.750004644344594
vertex -19.50000928868919 -3.2500015481148647 9.750004644344594
endloop
endfacet
facet normal 0 0 0.9999999999999999
outer loop
vertex 0 -2.4624178396216956 9.750004644344594
vertex -19.50000928868919 -3.2500015481148647 9.750004644344594
vertex -16.250007740574322 -3.2500015481148647 9.750004644344594
endloop
endfacet
facet normal 0 0 1
outer loop
vertex 0 -2.4624178396216956 9.750004644344594
vertex -16.250007740574322 -3.2500015481148647 9.750004644344594
vertex 16.250007740574322 -3.2500015481148647 9.750004644344594
endloop
endfacet
facet normal 0 0 0.9999999999999999
outer loop
vertex 0 -2.4624178396216956 9.750004644344594
vertex 16.250007740574322 -3.2500015481148647 9.750004644344594
vertex 19.50000928868919 -3.2500015481148647 9.750004644344594
endloop
endfacet
facet normal 0 0 0.9999999999999999
outer loop
vertex 0 -2.4624178396216956 9.750004644344594
vertex 19.50000928868919 -3.2500015481148647 9.750004644344594
vertex 19.50000928868919 -1.6751049645908698 9.750004644344594
endloop
endfacet
facet normal 0 0 1
outer loop
vertex 0 -2.4624178396216956 9.750004644344594
vertex 19.50000928868919 -1.6751049645908698 9.750004644344594
vertex 1.6751049645908698 -1.6751049645908698 9.750004644344594
endloop
endfacet
facet normal 0 0 0.9999999999999999
outer loop
vertex -16.250007740574322 -3.2500015481148647 9.750004644344594
vertex -16.250007740574322 -6.5000030962297295 9.750004644344594
vertex 16.250007740574322 -6.5000030962297295 9.750004644344594
endloop
endfacet
facet normal 0 0 0.9999999999999999
outer loop
vertex -16.250007740574322 -3.2500015481148647 9.750004644344594
vertex 16.250007740574322 -6.5000030962297295 9.750004644344594
vertex 16.250007740574322 -3.2500015481148647 9.750004644344594
endloop
endfacet
facet normal 0 0 1
outer loop
vertex 0 -8.666670794972973 9.750004644344594
vertex -16.250007740574322 -6.5000030962297295 9.750004644344594
vertex -16.250007740574322 -9.750004644344594 9.750004644344594
endloop
endfacet
facet normal 0 0 0.9999999999999999
outer loop
vertex 0 -8.666670794972973 9.750004644344594
vertex -16.250007740574322 -9.750004644344594 9.750004644344594
vertex -13.000006192459459 -9.750004644344594 9.750004644344594
endloop
endfacet
facet normal 0 0 0.9999999999999999
outer loop
vertex 0 -8.666670794972973 9.750004644344594
vertex -13.000006192459459 -9.750004644344594 9.750004644344594
vertex 13.000006192459459 -9.750004644344594 9.750004644344594
endloop
endfacet
facet normal 0 0 0.9999999999999999
outer loop
vertex 0 -8.666670794972973 9.750004644344594
vertex 13.000006192459459 -9.750004644344594 9.750004644344594
vertex 16.250007740574322 -9.750004644344594 9.750004644344594
endloop
endfacet
facet normal 0 0 1
outer loop
vertex 0 -8.666670794972973 9.750004644344594
vertex 16.250007740574322 -9.750004644344594 9.750004644344594
vertex 16.250007740574322 -6.5000030962297295 9.750004644344594
endloop
endfacet
facet normal 0 0 1
outer loop
vertex 0 -8.666670794972973 9.750004644344594
vertex 16.250007740574322 -6.5000030962297295 9.750004644344594
vertex -16.250007740574322 -6.5000030962297295 9.750004644344594
endloop
endfacet
facet normal 0 0 1
outer loop
vertex 0 -11.916672343087837 9.750004644344594
vertex -13.000006192459459 -9.750004644344594 9.750004644344594
vertex -13.000006192459459 -13.000006192459459 9.750004644344594
endloop
endfacet
facet normal 0 0 1
outer loop
vertex 0 -11.916672343087837 9.750004644344594
vertex -13.000006192459459 -13.000006192459459 9.750004644344594
vertex -9.750004644344594 -13.000006192459459 9.750004644344594
endloop
endfacet
facet normal 0 0 1
outer loop
vertex 0 -11.916672343087837 9.750004644344594
vertex -9.750004644344594 -13.000006192459459 9.750004644344594
vertex 9.750004644344594 -13.000006192459459 9.750004644344594
endloop
endfacet
facet normal 0 0 1
outer loop
vertex 0 -11.916672343087837 9.750004644344594
vertex 9.750004644344594 -13.000006192459459 9.750004644344594
vertex 13.000006192459459 -13.000006192459459 9.750004644344594
endloop
endfacet
facet normal 0 0 1
outer loop
vertex 0 -11.916672343087837 9.750004644344594
vertex 13.000006192459459 -13.000006192459459 9.750004644344594
vertex 13.000006192459459 -9.750004644344594 9.750004644344594
endloop
endfacet
facet normal 0 0 0.9999999999999999
outer loop
vertex 0 -11.916672343087837 9.750004644344594
vertex 13.000006192459459 -9.750004644344594 9.750004644344594
vertex -13.000006192459459 -9.750004644344594 9.750004644344594
endloop
endfacet
facet normal 0 0 1
outer loop
vertex 0 -15.166673891202702 9.750004644344594
vertex -9.750004644344594 -13.000006192459459 9.750004644344594
vertex -9.750004644344594 -16.250007740574322 9.750004644344594
endloop
endfacet
facet normal 0 0 1
outer loop
vertex 0 -15.166673891202702 9.750004644344594
vertex -9.750004644344594 -16.250007740574322 9.750004644344594
vertex -3.2500015481148647 -16.250007740574322 9.750004644344594
endloop
endfacet
facet normal 0 0 1
outer loop
vertex 0 -15.166673891202702 9.750004644344594
vertex -3.2500015481148647 -16.250007740574322 9.750004644344594
vertex 3.2500015481148647 -16.250007740574322 9.750004644344594
endloop
endfacet
facet normal 0 0 1
outer loop
vertex 0 -15.166673891202702 9.750004644344594
vertex 3.2500015481148647 -16.250007740574322 9.750004644344594
vertex 9.750004644344594 -16.250007740574322 9.750004644344594
endloop
endfacet
facet normal 0 0 1
outer loop
vertex 0 -15.166673891202702 9.750004644344594
vertex 9.750004644344594 -16.250007740574322 9.750004644344594
vertex 9.750004644344594 -13.000006192459459 9.750004644344594
endloop
endfacet
facet normal 0 0 1
outer loop
vertex 0 -15.166673891202702 9.750004644344594
vertex 9.750004644344594 -13.000006192459459 9.750004644344594
vertex -9.750004644344594 -13.000006192459459 9.750004644344594
endloop
endfacet
facet normal 0 0 1
outer loop
vertex -3.2500015481148647 -16.250007740574322 9.750004644344594
vertex -3.2500015481148647 -19.50000928868919 9.750004644344594
vertex 3.2500015481148647 -19.50000928868919 9.750004644344594
endloop
endfacet
facet normal 0 0 1
outer loop
vertex -3.2500015481148647 -16.250007740574322 9.750004644344594
vertex 3.2500015481148647 -19.50000928868919 9.750004644344594
vertex 3.2500015481148647 -16.250007740574322 9.750004644344594
endloop
endfacet
facet normal 0 0 -1
outer loop
vertex 3.2500015481148647 19.50000928868919 6.5000030962297295
vertex 3.2500015481148647 16.250007740574322 6.5000030962297295
vertex -3.2500015481148647 16.250007740574322 6.5000030962297295
endloop
endfacet
facet normal 0 0 -1
outer loop
vertex 3.2500015481148647 19.50000928868919 6.5000030962297295
vertex -3.2500015481148647 16.250007740574322 6.5000030962297295
vertex -3.2500015481148647 19.50000928868919 6.5000030962297295
endloop
endfacet
facet normal 0 0 -1
outer loop
vertex 0 15.166673891202702 6.5000030962297295
vertex -3.2500015481148647 16.250007740574322 6.5000030962297295
vertex 3.2500015481148647 16.250007740574322 6.5000030962297295
endloop
endfacet
facet normal 0 0 -1
outer loop
vertex 0 15.166673891202702 6.5000030962297295
vertex 3.2500015481148647 16.250007740574322 6.5000030962297295
vertex 9.750004644344594 16.250007740574322 6.5000030962297295
endloop
endfacet
facet normal 0 0 -1
outer loop
vertex 0 15.166673891202702 6.5000030962297295
vertex 9.750004644344594 16.250007740574322 6.5000030962297295
vertex 9.750004644344594 13.000006192459459 6.5000030962297295
endloop
endfacet
facet normal 0 0 -1
outer loop
vertex 0 15.166673891202702 6.5000030962297295
vertex 9.750004644344594 13.000006192459459 6.5000030962297295
vertex -9.750004644344594 13.000006192459459 6.5000030962297295
endloop
endfacet
facet normal 0 0 -1
outer loop
vertex 0 15.166673891202702 6.5000030962297295
vertex -9.750004644344594 13.000006192459459 6.5000030962297295
vertex -9.750004644344594 16.250007740574322 6.5000030962297295
endloop
endfacet
facet normal 0 0 -1
outer loop
vertex 0 15.166673891202702 6.5000030962297295
vertex -9.750004644344594 16.250007740574322 6.5000030962297295
vertex -3.2500015481148647 16.250007740574322 6.5000030962297295
endloop
endfacet
facet normal 0 0 -1
outer loop
vertex 0 11.916672343087837 6.5000030962297295
vertex -9.750004644344594 13.000006192459459 6.5000030962297295
vertex 9.750004644344594 13.000006192459459 6.5000030962297295
endloop
endfacet
facet normal 0 0 -1
outer loop
vertex 0 11.916672343087837 6.5000030962297295
vertex 9.750004644344594 13.000006192459459 6.5000030962297295
vertex 13.000006192459459 13.000006192459459 6.5000030962297295
endloop
endfacet
facet normal 0 0 -1
outer loop
vertex 0 11.916672343087837 6.5000030962297295
vertex 13.000006192459459 13.000006192459459 6.5000030962297295
vertex 13.000006192459459 9.750004644344594 6.5000030962297295
endloop
endfacet
facet normal 0 0 -0.9999999999999999
outer loop
vertex 0 11.916672343087837 6.5000030962297295
vertex 13.000006192459459 9.750004644344594 6.5000030962297295
vertex -13.000006192459459 9.750004644344594 6.5000030962297295
endloop
endfacet
facet normal 0 0 -1
outer loop
vertex 0 11.916672343087837 6.5000030962297295
vertex -13.000006192459459 9.750004644344594 6.5000030962297295
vertex -13.000006192459459 13.000006192459459 6.5000030962297295
endloop
endfacet
facet normal 0 0 -1
outer loop
vertex 0 11.916672343087837 6.5000030962297295
vertex -13.000006192459459 13.000006192459459 6.5000030962297295
vertex -9.750004644344594 13.000006192459459 6.5000030962297295
endloop
endfacet
facet normal 0 0 -0.9999999999999999
outer loop
vertex 0 7.583336945601351 6.5000030962297295
vertex -13.000006192459459 9.750004644344594 6.5000030962297295
vertex 13.000006192459459 9.750004644344594 6.5000030962297295
endloop
endfacet
facet normal 0 0 -0.9999999999999999
outer loop
vertex 0 7.583336945601351 6.5000030962297295
vertex 13.000006192459459 9.750004644344594 6.5000030962297295
vertex 16.250007740574322 9.750004644344594 6.5000030962297295
endloop
endfacet
facet normal 0 0 -1
outer loop
vertex 0 7.583336945601351 6.5000030962297295
vertex 16.250007740574322 9.750004644344594 6.5000030962297295
vertex 16.250007740574322 3.2500015481148647 6.5000030962297295
endloop
endfacet
facet normal 0 0 -1
outer loop
vertex 0 7.583336945601351 6.5000030962297295
vertex 16.250007740574322 3.2500015481148647 6.5000030962297295
vertex -16.250007740574322 3.2500015481148647 6.5000030962297295
endloop
endfacet
facet normal 0 0 -1
outer loop
vertex 0 7.583336945601351 6.5000030962297295
vertex -16.250007740574322 3.2500015481148647 6.5000030962297295
vertex -16.250007740574322 9.750004644344594 6.5000030962297295
endloop
endfacet
facet normal 0 0 -0.9999999999999999
outer loop
vertex 0 7.583336945601351 6.5000030962297295
vertex -16.250007740574322 9.750004644344594 6.5000030962297295
vertex -13.000006192459459 9.750004644344594 6.5000030962297295
endloop
endfacet
facet normal 0 0 -1
outer loop
vertex 0 2.4626886730840387 6.5000030962297295
vertex -16.250007740574322 3.2500015481148647 6.5000030962297295
vertex 16.250007740574322 3.2500015481148647 6.5000030962297295
endloop
endfacet
facet normal 0 0 -1
outer loop
vertex 0 2.4626886730840387 6.5000030962297295
vertex 16.250007740574322 3.2500015481148647 6.5000030962297295
vertex 19.50000928868919 3.2500015481148647 6.5000030962297295
endloop
endfacet
facet normal 0 0 -1
outer loop
vertex 0 2.4626886730840387 6.5000030962297295
vertex 19.50000928868919 3.2500015481148647 6.5000030962297295
vertex 19.50000928868919 1.6751049645908698 6.5000030962297295
endloop
endfacet
facet normal 0 0 -1
outer loop
vertex 0 2.4626886730840387 6.5000030962297295
vertex 19.50000928868919 1.6751049645908698 6.5000030962297295
vertex 1.6751049645908698 1.6751049645908698 6.5000030962297295
endloop
endfacet
facet normal 0 0 -1
outer loop
vertex 0 2.4626886730840387 6.5000030962297295
vertex 1.6751049645908698 1.6751049645908698 6.5000030962297295
vertex -1.6751049645908698 1.6751049645908698 6.5000030962297295
endloop
endfacet
facet normal 0 0 -1
outer loop
vertex 0 2.4626886730840387 6.5000030962297295
vertex -1.6751049645908698 1.6751049645908698 6.5000030962297295
vertex -19.50000928868919 1.6751049645908698 6.5000030962297295
endloop
endfacet
facet normal 0 0 -1
outer loop
vertex 0 2.4626886730840387 6.5000030962297295
vertex -19.50000928868919 1.6751049645908698 6.5000030962297295
vertex -19.50000928868919 3.2500015481148647 6.5000030962297295
endloop
endfacet
facet normal 0 0 -1
outer loop
vertex 0 2.4626886730840387 6.5000030962297295
vertex -19.50000928868919 3.2500015481148647 6.5000030962297295
vertex -16.250007740574322 3.2500015481148647 6.5000030962297295
endloop
endfacet
facet normal 0 0 -1
outer loop
vertex -1.6751049645908698 1.6751049645908698 6.5000030962297295
vertex -1.6751049645908698 -1.6751049645908698 6.5000030962297295
vertex -19.50000928868919 -1.6751049645908698 6.5000030962297295
endloop
endfacet
facet normal 0 0 -1
outer loop
vertex -1.6751049645908698 1.6751049645908698 6.5000030962297295
vertex -19.50000928868919 -1.6751049645908698 6.5000030962297295
vertex -19.50000928868919 1.6751049645908698 6.5000030962297295
endloop
endfacet
facet normal 0 0 -1
outer loop
vertex 19.50000928868919 1.6751049645908698 6.5000030962297295
vertex 19.50000928868919 -1.6751049645908698 6.5000030962297295
vertex 1.6751049645908698 -1.6751049645908698 6.5000030962297295
endloop
endfacet
facet normal 0 0 -1
outer loop
vertex 19.50000928868919 1.6751049645908698 6.5000030962297295
vertex 1.6751049645908698 -1.6751049645908698 6.5000030962297295
vertex 1.6751049645908698 1.6751049645908698 6.5000030962297295
endloop
endfacet
facet normal 0 0 -0.9999999999999999
outer loop
vertex 0 -2.4624178396216956 6.5000030962297295
vertex -1.6751049645908698 -1.6751049645908698 6.5000030962297295
vertex 1.6751049645908698 -1.6751049645908698 6.5000030962297295
endloop
endfacet
facet normal 0 0 -1
outer loop
vertex 0 -2.4624178396216956 6.5000030962297295
vertex 1.6751049645908698 -1.6751049645908698 6.5000030962297295
vertex 19.50000928868919 -1.6751049645908698 6.5000030962297295
endloop
endfacet
facet normal 0 0 -0.9999999999999999
outer loop
vertex 0 -2.4624178396216956 6.5000030962297295
vertex 19.50000928868919 -1.6751049645908698 6.5000030962297295
vertex 19.50000928868919 -3.2500015481148647 6.5000030962297295
endloop
endfacet
facet normal 0 0 -0.9999999999999999
outer loop
vertex 0 -2.4624178396216956 6.5000030962297295
vertex 19.50000928868919 -3.2500015481148647 6.5000030962297295
vertex 16.250007740574322 -3.2500015481148647 6.5000030962297295
endloop
endfacet
facet normal 0 0 -1
outer loop
vertex 0 -2.4624178396216956 6.5000030962297295
vertex 16.250007740574322 -3.2500015481148647 6.5000030962297295
vertex -16.250007740574322 -3.2500015481148647 6.5000030962297295
endloop
endfacet
facet normal 0 0 -0.9999999999999999
outer loop
vertex 0 -2.4624178396216956 6.5000030962297295
vertex -16.250007740574322 -3.2500015481148647 6.5000030962297295
vertex -19.50000928868919 -3.2500015481148647 6.5000030962297295
endloop
endfacet
facet normal 0 0 -0.9999999999999999
outer loop
vertex 0 -2.4624178396216956 6.5000030962297295
vertex -19.50000928868919 -3.2500015481148647 6.5000030962297295
vertex -19.50000928868919 -1.6751049645908698 6.5000030962297295
endloop
endfacet
facet normal 0 0 -1
outer loop
vertex 0 -2.4624178396216956 6.5000030962297295
vertex -19.50000928868919 -1.6751049645908698 6.5000030962297295
vertex -1.6751049645908698 -1.6751049645908698 6.5000030962297295
endloop
endfacet
facet normal 0 0 -0.9999999999999999
outer loop
vertex 16.250007740574322 -3.2500015481148647 6.5000030962297295
vertex 16.250007740574322 -6.5000030962297295 6.5000030962297295
vertex -16.250007740574322 -6.5000030962297295 6.5000030962297295
endloop
endfacet
facet normal 0 0 -0.9999999999999999
outer loop
vertex 16.250007740574322 -3.2500015481148647 6.5000030962297295
vertex -16.250007740574322 -6.5000030962297295 6.5000030962297295
vertex -16.250007740574322 -3.2500015481148647 6.5000030962297295
endloop
endfacet
facet normal 0 0 -1
outer loop
vertex 0 -8.666670794972973 6.5000030962297295
vertex 16.250007740574322 -6.5000030962297295 6.5000030962297295
vertex 16.250007740574322 -9.750004644344594 6.5000030962297295
endloop
endfacet
facet normal 0 0 -0.9999999999999999
outer loop
vertex 0 -8.666670794972973 6.5000030962297295
vertex 16.250007740574322 -9.750004644344594 6.5000030962297295
vertex 13.000006192459459 -9.750004644344594 6.5000030962297295
endloop
endfacet
facet normal 0 0 -0.9999999999999999
outer loop
vertex 0 -8.666670794972973 6.5000030962297295
vertex 13.000006192459459 -9.750004644344594 6.5000030962297295
vertex -13.000006192459459 -9.750004644344594 6.5000030962297295
endloop
endfacet
facet normal 0 0 -0.9999999999999999
outer loop
vertex 0 -8.666670794972973 6.5000030962297295
vertex -13.000006192459459 -9.750004644344594 6.5000030962297295
vertex -16.250007740574322 -9.750004644344594 6.5000030962297295
endloop
endfacet
facet normal 0 0 -1
outer loop
vertex 0 -8.666670794972973 6.5000030962297295
vertex -16.250007740574322 -9.750004644344594 6.5000030962297295
vertex -16.250007740574322 -6.5000030962297295 6.5000030962297295
endloop
endfacet
facet normal 0 0 -1
outer loop
vertex 0 -8.666670794972973 6.5000030962297295
vertex -16.250007740574322 -6.5000030962297295 6.5000030962297295
vertex 16.250007740574322 -6.5000030962297295 6.5000030962297295
endloop
endfacet
facet normal 0 0 -1
outer loop
vertex 0 -11.916672343087837 6.5000030962297295
vertex 13.000006192459459 -9.750004644344594 6.5000030962297295
vertex 13.000006192459459 -13.000006192459459 6.5000030962297295
endloop
endfacet
facet normal 0 0 -1
outer loop
vertex 0 -11.916672343087837 6.5000030962297295
vertex 13.000006192459459 -13.000006192459459 6.5000030962297295
vertex 9.750004644344594 -13.000006192459459 6.5000030962297295
endloop
endfacet
facet normal 0 0 -1
outer loop
vertex 0 -11.916672343087837 6.5000030962297295
vertex 9.750004644344594 -13.000006192459459 6.5000030962297295
vertex -9.750004644344594 -13.000006192459459 6.5000030962297295
endloop
endfacet
facet normal 0 0 -1
outer loop
vertex 0 -11.916672343087837 6.5000030962297295
vertex -9.750004644344594 -13.000006192459459 6.5000030962297295
vertex -13.000006192459459 -13.000006192459459 6.5000030962297295
endloop
endfacet
facet normal 0 0 -1
outer loop
vertex 0 -11.916672343087837 6.5000030962297295
vertex -13.000006192459459 -13.000006192459459 6.5000030962297295
vertex -13.000006192459459 -9.750004644344594 6.5000030962297295
endloop
endfacet
facet normal 0 0 -0.9999999999999999
outer loop
vertex 0 -11.916672343087837 6.5000030962297295
vertex -13.000006192459459 -9.750004644344594 6.5000030962297295
vertex 13.000006192459459 -9.750004644344594 6.5000030962297295
endloop
endfacet
facet normal 0 0 -1
outer loop
vertex 0 -15.166673891202702 6.5000030962297295
vertex 9.750004644344594 -13.000006192459459 6.5000030962297295
vertex 9.750004644344594 -16.250007740574322 6.5000030962297295
endloop
endfacet
facet normal 0 0 -1
outer loop
vertex 0 -15.166673891202702 6.5000030962297295
vertex 9.750004644344594 -16.250007740574322 6.5000030962297295
vertex 3.2500015481148647 -16.250007740574322 6.5000030962297295
endloop
endfacet
facet normal 0 0 -1
outer loop
vertex 0 -15.166673891202702 6.5000030962297295
vertex 3.2500015481148647 -16.250007740574322 6.5000030962297295
vertex -3.2500015481148647 -16.250007740574322 6.5000030962297295
endloop
endfacet
facet normal 0 0 -1
outer loop
vertex 0 -15.166673891202702 6.5000030962297295
vertex -3.2500015481148647 -16.250007740574322 6.5000030962297295
vertex -9.750004644344594 -16.250007740574322 6.5000030962297295
endloop
endfacet
facet normal 0 0 -1
outer loop
vertex 0 -15.166673891202702 6.5000030962297295
vertex -9.750004644344594 -16.250007740574322 6.5000030962297295
vertex -9.750004644344594 -13.000006192459459 6.5000030962297295
endloop
endfacet
facet normal 0 0 -1
outer loop
vertex 0 -15.166673891202702 6.5000030962297295
vertex -9.750004644344594 -13.000006192459459 6.5000030962297295
vertex 9.750004644344594 -13.000006192459459 6.5000030962297295
endloop
endfacet
facet normal 0 0 -1
outer loop
vertex 3.2500015481148647 -16.250007740574322 6.5000030962297295
vertex 3.2500015481148647 -19.50000928868919 6.5000030962297295
vertex -3.2500015481148647 -19.50000928868919 6.5000030962297295
endloop
endfacet
facet normal 0 0 -1
outer loop
vertex 3.2500015481148647 -16.250007740574322 6.5000030962297295
vertex -3.2500015481148647 -19.50000928868919 6.5000030962297295
vertex -3.2500015481148647 -16.250007740574322 6.5000030962297295
endloop
endfacet
facet normal 1 0 0
outer loop
vertex -1.6751049645908698 1.6751049645908698 6.5000030962297295
vertex -1.6751049645908698 1.6751049645908698 9.750004644344594
vertex -1.6751049645908698 -1.6751049645908698 9.750004644344594
endloop
endfacet
facet normal 1 0 0
outer loop
vertex -1.6751049645908698 1.6751049645908698 6.5000030962297295
vertex -1.6751049645908698 -1.6751049645908698 9.750004644344594
vertex -1.6751049645908698 -1.6751049645908698 6.5000030962297295
endloop
endfacet
facet normal -1 0 0
outer loop
vertex 1.6751049645908698 -1.6751049645908698 6.5000030962297295
vertex 1.6751049645908698 -1.6751049645908698 9.750004644344594
vertex 1.6751049645908698 1.6751049645908698 9.750004644344594
endloop
endfacet
facet normal -1 0 0
outer loop
vertex 1.6751049645908698 -1.6751049645908698 6.5000030962297295
vertex 1.6751049645908698 1.6751049645908698 9.750004644344594
vertex 1.6751049645908698 1.6751049645908698 6.5000030962297295
endloop
endfacet
facet normal 0 1 0
outer loop
vertex -1.6751049645908698 -1.6751049645908698 6.5000030962297295
vertex -1.6751049645908698 -1.6751049645908698 9.750004644344594
vertex 1.6751049645908698 -1.6751049645908698 9.750004644344594
endloop
endfacet
facet normal 0 1 0
outer loop
vertex -1.6751049645908698 -1.6751049645908698 6.5000030962297295
vertex 1.6751049645908698 -1.6751049645908698 9.750004644344594
vertex 1.6751049645908698 -1.6751049645908698 6.5000030962297295
endloop
endfacet
facet normal 0 -1 0
outer loop
vertex 1.6751049645908698 1.6751049645908698 6.5000030962297295
vertex 1.6751049645908698 1.6751049645908698 9.750004644344594
vertex -1.6751049645908698 1.6751049645908698 9.750004644344594
endloop
endfacet
facet normal 0 -1 0
outer loop
vertex 1.6751049645908698 1.6751049645908698 6.5000030962297295
vertex -1.6751049645908698 1.6751049645908698 9.750004644344594
vertex -1.6751049645908698 1.6751049645908698 6.5000030962297295
endloop
endfacet
facet normal -1 0 0
outer loop
vertex -16.250056576478627 -9.750033945887177 13.000045261182903
vertex -16.250056576478627 -9.750033945887177 9.750033945887177
vertex -16.250056576478627 -13.000045261182903 9.750033945887177
endloop
endfacet
facet normal -1 0 0
outer loop
vertex -16.250056576478627 -9.750033945887177 13.000045261182903
vertex -16.250056576478627 -13.000045261182903 9.750033945887177
vertex -16.250056576478627 -13.000045261182903 13.000045261182903
endloop
endfacet
facet normal -1 0 0
outer loop
vertex -16.250056576478627 13.000045261182903 13.000045261182903
vertex -16.250056576478627 13.000045261182903 9.750033945887177
vertex -16.250056576478627 9.750033945887177 9.750033945887177
endloop
endfacet
facet normal -1 0 0
outer loop
vertex -16.250056576478627 13.000045261182903 13.000045261182903
vertex -16.250056576478627 9.750033945887177 9.750033945887177
vertex -16.250056576478627 9.750033945887177 13.000045261182903
endloop
endfacet
facet normal 1 0 0
outer loop
vertex 16.250056576478627 9.750033945887177 13.000045261182903
vertex 16.250056576478627 9.750033945887177 9.750033945887177
vertex 16.250056576478627 13.000045261182903 9.750033945887177
endloop
endfacet
facet normal 1 0 0
outer loop
vertex 16.250056576478627 9.750033945887177 13.000045261182903
vertex 16.250056576478627 13.000045261182903 9.750033945887177
vertex 16.250056576478627 13.000045261182903 13.000045261182903
endloop
endfacet
facet normal 1 0 0
outer loop
vertex 16.250056576478627 -13.000045261182903 13.000045261182903
vertex 16.250056576478627 -13.000045261182903 9.750033945887177
vertex 16.250056576478627 -9.750033945887177 9.750033945887177
endloop
endfacet
facet normal 1 0 0
outer loop
vertex 16.250056576478627 -13.000045261182903 13.000045261182903
vertex 16.250056576478627 -9.750033945887177 9.750033945887177
vertex 16.250056576478627 -9.750033945887177 13.000045261182903
endloop
endfacet
facet normal 0 1 0
outer loop
vertex -13.000045261182903 13.000045261182903 13.000045261182903
vertex -13.000045261182903 13.000045261182903 9.750033945887177
vertex -16.250056576478627 13.000045261182903 9.750033945887177
endloop
endfacet
facet normal 0 1 0
outer loop
vertex -13.000045261182903 13.000045261182903 13.000045261182903
vertex -16.250056576478627 13.000045261182903 9.750033945887177
vertex -16.250056576478627 13.000045261182903 13.000045261182903
endloop
endfacet
facet normal 0 1 0
outer loop
vertex 16.250056576478627 13.000045261182903 13.000045261182903
vertex 16.250056576478627 13.000045261182903 9.750033945887177
vertex 13.000045261182903 13.000045261182903 9.750033945887177
endloop
endfacet
facet normal 0 1 0
outer loop
vertex 16.250056576478627 13.000045261182903 13.000045261182903
vertex 13.000045261182903 13.000045261182903 9.750033945887177
vertex 13.000045261182903 13.000045261182903 13.000045261182903
endloop
endfacet
facet normal -1 0 0
outer loop
vertex -13.000045261182903 -13.000045261182903 13.000045261182903
vertex -13.000045261182903 -13.000045261182903 9.750033945887177
vertex -13.000045261182903 -16.250056576478627 9.750033945887177
endloop
endfacet
facet normal -1 0 0
outer loop
vertex -13.000045261182903 -13.000045261182903 13.000045261182903
vertex -13.000045261182903 -16.250056576478627 9.750033945887177
vertex -13.000045261182903 -16.250056576478627 13.000045261182903
endloop
endfacet
facet normal -1 0 0
outer loop
vertex -13.000045261182903 16.250056576478627 13.000045261182903
vertex -13.000045261182903 16.250056576478627 9.750033945887177
vertex -13.000045261182903 13.000045261182903 9.750033945887177
endloop
endfacet
facet normal -1 0 0
outer loop
vertex -13.000045261182903 16.250056576478627 13.000045261182903
vertex -13.000045261182903 13.000045261182903 9.750033945887177
vertex -13.000045261182903 13.000045261182903 13.000045261182903
endloop
endfacet
facet normal 1 0 0
outer loop
vertex 13.000045261182903 13.000045261182903 13.000045261182903
vertex 13.000045261182903 13.000045261182903 9.750033945887177
vertex 13.000045261182903 16.250056576478627 9.750033945887177
endloop
endfacet
facet normal 1 0 0
outer loop
vertex 13.000045261182903 13.000045261182903 13.000045261182903
vertex 13.000045261182903 16.250056576478627 9.750033945887177
vertex 13.000045261182903 16.250056576478627 13.000045261182903
endloop
endfacet
facet normal 1 0 0
outer loop
vertex 13.000045261182903 -16.250056576478627 13.000045261182903
vertex 13.000045261182903 -16.250056576478627 9.750033945887177
vertex 13.000045261182903 -13.000045261182903 9.750033945887177
endloop
endfacet
facet normal 1 0 0
outer loop
vertex 13.000045261182903 -16.250056576478627 13.000045261182903
vertex 13.000045261182903 -13.000045261182903 9.750033945887177
vertex 13.000045261182903 -13.000045261182903 13.000045261182903
endloop
endfacet
facet normal 0 -1 0
outer loop
vertex 9.750033945887177 -16.250056576478627 13.000045261182903
vertex 9.750033945887177 -16.250056576478627 9.750033945887177
vertex 13.000045261182903 -16.250056576478627 9.750033945887177
endloop
endfacet
facet normal 0 -1 0
outer loop
vertex 9.750033945887177 -16.250056576478627 13.000045261182903
vertex 13.000045261182903 -16.250056576478627 9.750033945887177
vertex 13.000045261182903 -16.250056576478627 13.000045261182903
endloop
endfacet
facet normal 0 -1 0
outer loop
vertex -13.000045261182903 -16.250056576478627 13.000045261182903
vertex -13.000045261182903 -16.250056576478627 9.750033945887177
vertex -9.750033945887177 -16.250056576478627 9.750033945887177
endloop
endfacet
facet normal 0 -1 0
outer loop
vertex -13.000045261182903 -16.250056576478627 13.000045261182903
vertex -9.750033945887177 -16.250056576478627 9.750033945887177
vertex -9.750033945887177 -16.250056576478627 13.000045261182903
endloop
endfacet
facet normal -1 0 0
outer loop
vertex -9.750033945887177 -16.250056576478627 13.000045261182903
vertex -9.750033945887177 -16.250056576478627 9.750033945887177
vertex -9.750033945887177 -19.500067891774354 9.750033945887177
endloop
endfacet
facet normal -1 0 0
outer loop
vertex -9.750033945887177 -16.250056576478627 13.000045261182903
vertex -9.750033945887177 -19.500067891774354 9.750033945887177
vertex -9.750033945887177 -19.500067891774354 13.000045261182903
endloop
endfacet
facet normal -1 0 0
outer loop
vertex -9.750033945887177 19.500067891774354 13.000045261182903
vertex -9.750033945887177 19.500067891774354 9.750033945887177
vertex -9.750033945887177 16.250056576478627 9.750033945887177
endloop
endfacet
facet normal -1 0 0
outer loop
vertex -9.750033945887177 19.500067891774354 13.000045261182903
vertex -9.750033945887177 16.250056576478627 9.750033945887177
vertex -9.750033945887177 16.250056576478627 13.000045261182903
endloop
endfacet
facet normal 0 -1 0
outer loop
vertex -9.750033945887177 -19.500067891774354 13.000045261182903
vertex -9.750033945887177 -19.500067891774354 9.750033945887177
vertex 9.750033945887177 -19.500067891774354 9.750033945887177
endloop
endfacet
facet normal 0 -1 0
outer loop
vertex -9.750033945887177 -19.500067891774354 13.000045261182903
vertex 9.750033945887177 -19.500067891774354 9.750033945887177
vertex 9.750033945887177 -19.500067891774354 13.000045261182903
endloop
endfacet
facet normal 1 0 0
outer loop
vertex 9.750033945887177 16.250056576478627 13.000045261182903
vertex 9.750033945887177 16.250056576478627 9.750033945887177
vertex 9.750033945887177 19.500067891774354 9.750033945887177
endloop
endfacet
facet normal 1 0 0
outer loop
vertex 9.750033945887177 16.250056576478627 13.000045261182903
vertex 9.750033945887177 19.500067891774354 9.750033945887177
vertex 9.750033945887177 19.500067891774354 13.000045261182903
endloop
endfacet
facet normal 1 0 0
outer loop
vertex 9.750033945887177 -19.500067891774354 13.000045261182903
vertex 9.750033945887177 -19.500067891774354 9.750033945887177
vertex 9.750033945887177 -16.250056576478627 9.750033945887177
endloop
endfacet
facet normal 1 0 0
outer loop
vertex 9.750033945887177 -19.500067891774354 13.000045261182903
vertex 9.750033945887177 -16.250056576478627 9.750033945887177
vertex 9.750033945887177 -16.250056576478627 13.000045261182903
endloop
endfacet
facet normal 0 1 0
outer loop
vertex -9.750033945887177 16.250056576478627 13.000045261182903
vertex -9.750033945887177 16.250056576478627 9.750033945887177
vertex -13.000045261182903 16.250056576478627 9.750033945887177
endloop
endfacet
facet normal 0 1 0
outer loop
vertex -9.750033945887177 16.250056576478627 13.000045261182903
vertex -13.000045261182903 16.250056576478627 9.750033945887177
vertex -13.000045261182903 16.250056576478627 13.000045261182903
endloop
endfacet
facet normal 0 1 0
outer loop
vertex 13.000045261182903 16.250056576478627 13.000045261182903
vertex 13.000045261182903 16.250056576478627 9.750033945887177
vertex 9.750033945887177 16.250056576478627 9.750033945887177
endloop
endfacet
facet normal 0 1 0
outer loop
vertex 13.000045261182903 16.250056576478627 13.000045261182903
vertex 9.750033945887177 16.250056576478627 9.750033945887177
vertex 9.750033945887177 16.250056576478627 13.000045261182903
endloop
endfacet
facet normal 0 1 0
outer loop
vertex 9.750033945887177 19.500067891774354 13.000045261182903
vertex 9.750033945887177 19.500067891774354 9.750033945887177
vertex -9.750033945887177 19.500067891774354 9.750033945887177
endloop
endfacet
facet normal 0 1 0
outer loop
vertex 9.750033945887177 19.500067891774354 13.000045261182903
vertex -9.750033945887177 19.500067891774354 9.750033945887177
vertex -9.750033945887177 19.500067891774354 13.000045261182903
endloop
endfacet
facet normal -1 0 0
outer loop
vertex -19.500067891774354 -3.2500113152957257 13.000045261182903
vertex -19.500067891774354 -3.2500113152957257 9.750033945887177
vertex -19.500067891774354 -9.750033945887177 9.750033945887177
endloop
endfacet
facet normal -1 0 0
outer loop
vertex -19.500067891774354 -3.2500113152957257 13.000045261182903
vertex -19.500067891774354 -9.750033945887177 9.750033945887177
vertex -19.500067891774354 -9.750033945887177 13.000045261182903
endloop
endfacet
facet normal -1 0 0
outer loop
vertex -19.500067891774354 1.6417973827768908 11.37503960353504
vertex -19.500067891774354 1.675109998758672 13.000045261182903
vertex -19.500067891774354 3.2500113152957257 13.000045261182903
endloop
endfacet
facet normal -1 0 0
outer loop
vertex -19.500067891774354 1.6417973827768908 11.37503960353504
vertex -19.500067891774354 3.2500113152957257 13.000045261182903
vertex -19.500067891774354 3.2500113152957257 9.750033945887177
endloop
endfacet
facet normal -1 0 0
outer loop
vertex -19.500067891774354 1.6417973827768908 11.37503960353504
vertex -19.500067891774354 3.2500113152957257 9.750033945887177
vertex -19.500067891774354 1.675109998758672 9.750033945887177
endloop
endfacet
facet normal -1 0 0
outer loop
vertex -19.500067891774354 1.6417973827768908 11.37503960353504
vertex -19.500067891774354 1.675109998758672 9.750033945887177
vertex -19.500067891774354 0 9.750033945887177
endloop
endfacet
facet normal -1 0 0
outer loop
vertex -19.500067891774354 1.6417973827768908 11.37503960353504
vertex -19.500067891774354 0 9.750033945887177
vertex -19.500067891774354 0 13.000045261182903
endloop
endfacet
facet normal -1 0 0
outer loop
vertex -19.500067891774354 1.6417973827768908 11.37503960353504
vertex -19.500067891774354 0 13.000045261182903
vertex -19.500067891774354 1.675109998758672 13.000045261182903
endloop
endfacet
facet normal -1 0 0
outer loop
vertex -19.500067891774354 9.750033945887177 13.000045261182903
vertex -19.500067891774354 9.750033945887177 9.750033945887177
vertex -19.500067891774354 6.5000226305914515 9.750033945887177
endloop
endfacet
facet normal -1 0 0
outer loop
vertex -19.500067891774354 9.750033945887177 13.000045261182903
vertex -19.500067891774354 6.5000226305914515 9.750033945887177
vertex -19.500067891774354 6.5000226305914515 13.000045261182903
endloop
endfacet
facet normal 1 0 0
outer loop
vertex 19.500067891774354 6.5000226305914515 13.000045261182903
vertex 19.500067891774354 6.5000226305914515 9.750033945887177
vertex 19.500067891774354 9.750033945887177 9.750033945887177
endloop
endfacet
facet normal 1 0 0
outer loop
vertex 19.500067891774354 6.5000226305914515 13.000045261182903
vertex 19.500067891774354 9.750033945887177 9.750033945887177
vertex 19.500067891774354 9.750033945887177 13.000045261182903
endloop
endfacet
facet normal 1 0 0
outer loop
vertex 19.500067891774354 1.6417973827768908 11.37503960353504
vertex 19.500067891774354 1.675109998758672 13.000045261182903
vertex 19.500067891774354 0 13.000045261182903
endloop
endfacet
facet normal 1 0 0
outer loop
vertex 19.500067891774354 1.6417973827768908 11.37503960353504
vertex 19.500067891774354 0 13.000045261182903
vertex 19.500067891774354 0 9.750033945887177
endloop
endfacet
facet normal 1 0 0
outer loop
vertex 19.500067891774354 1.6417973827768908 11.37503960353504
vertex 19.500067891774354 0 9.750033945887177
vertex 19.500067891774354 1.675109998758672 9.750033945887177
endloop
endfacet
facet normal 1 0 0
outer loop
vertex 19.500067891774354 1.6417973827768908 11.37503960353504
vertex 19.500067891774354 1.675109998758672 9.750033945887177
vertex 19.500067891774354 3.2500113152957257 9.750033945887177
endloop
endfacet
facet normal 1 0 0
outer loop
vertex 19.500067891774354 1.6417973827768908 11.37503960353504
vertex 19.500067891774354 3.2500113152957257 9.750033945887177
vertex 19.500067891774354 3.2500113152957257 13.000045261182903
endloop
endfacet
facet normal 1 0 0
outer loop
vertex 19.500067891774354 1.6417973827768908 11.37503960353504
vertex 19.500067891774354 3.2500113152957257 13.000045261182903
vertex 19.500067891774354 1.675109998758672 13.000045261182903
endloop
endfacet
facet normal 1 0 0
outer loop
vertex 19.500067891774354 -9.750033945887177 13.000045261182903
vertex 19.500067891774354 -9.750033945887177 9.750033945887177
vertex 19.500067891774354 -3.2500113152957257 9.750033945887177
endloop
endfacet
facet normal 1 0 0
outer loop
vertex 19.500067891774354 -9.750033945887177 13.000045261182903
vertex 19.500067891774354 -3.2500113152957257 9.750033945887177
vertex 19.500067891774354 -3.2500113152957257 13.000045261182903
endloop
endfacet
facet normal 0 1 0
outer loop
vertex -19.49979705749808 -3.2500113152957257 13.000045261182903
vertex -19.49979705749808 -3.2500113152957257 9.750033945887177
vertex -19.500067891774354 -3.2500113152957257 9.750033945887177
endloop
endfacet
facet normal 0 1 0
outer loop
vertex -19.49979705749808 -3.2500113152957257 13.000045261182903
vertex -19.500067891774354 -3.2500113152957257 9.750033945887177
vertex -19.500067891774354 -3.2500113152957257 13.000045261182903
endloop
endfacet
facet normal 0 1 0
outer loop
vertex 19.500067891774354 -3.2500113152957257 13.000045261182903
vertex 19.500067891774354 -3.2500113152957257 9.750033945887177
vertex 19.49979705749808 -3.2500113152957257 9.750033945887177
endloop
endfacet
facet normal 0 1 0
outer loop
vertex 19.500067891774354 -3.2500113152957257 13.000045261182903
vertex 19.49979705749808 -3.2500113152957257 9.750033945887177
vertex 19.49979705749808 -3.2500113152957257 13.000045261182903
endloop
endfacet
facet normal 0 -1 0
outer loop
vertex 16.250056576478627 -9.750033945887177 13.000045261182903
vertex 16.250056576478627 -9.750033945887177 9.750033945887177
vertex 19.500067891774354 -9.750033945887177 9.750033945887177
endloop
endfacet
facet normal 0 -1 0
outer loop
vertex 16.250056576478627 -9.750033945887177 13.000045261182903
vertex 19.500067891774354 -9.750033945887177 9.750033945887177
vertex 19.500067891774354 -9.750033945887177 13.000045261182903
endloop
endfacet
facet normal 0 -1 0
outer loop
vertex -19.500067891774354 -9.750033945887177 13.000045261182903
vertex -19.500067891774354 -9.750033945887177 9.750033945887177
vertex -16.250056576478627 -9.750033945887177 9.750033945887177
endloop
endfacet
facet normal 0 -1 0
outer loop
vertex -19.500067891774354 -9.750033945887177 13.000045261182903
vertex -16.250056576478627 -9.750033945887177 9.750033945887177
vertex -16.250056576478627 -9.750033945887177 13.000045261182903
endloop
endfacet
facet normal 0 -1 0
outer loop
vertex 19.49979705749808 6.5000226305914515 13.000045261182903
vertex 19.49979705749808 6.5000226305914515 9.750033945887177
vertex 19.500067891774354 6.5000226305914515 9.750033945887177
endloop
endfacet
facet normal 0 -1 0
outer loop
vertex 19.49979705749808 6.5000226305914515 13.000045261182903
vertex 19.500067891774354 6.5000226305914515 9.750033945887177
vertex 19.500067891774354 6.5000226305914515 13.000045261182903
endloop
endfacet
facet normal 0 -1 0
outer loop
vertex -19.500067891774354 6.5000226305914515 13.000045261182903
vertex -19.500067891774354 6.5000226305914515 9.750033945887177
vertex -19.49979705749808 6.5000226305914515 9.750033945887177
endloop
endfacet
facet normal 0 -1 0
outer loop
vertex -19.500067891774354 6.5000226305914515 13.000045261182903
vertex -19.49979705749808 6.5000226305914515 9.750033945887177
vertex -19.49979705749808 6.5000226305914515 13.000045261182903
endloop
endfacet
facet normal 0 -1 0
outer loop
vertex 19.49979705749808 0 13.000045261182903
vertex 19.49979705749808 0 9.750033945887177
vertex 19.500067891774354 0 9.750033945887177
endloop
endfacet
facet normal 0 -1 0
outer loop
vertex 19.49979705749808 0 13.000045261182903
vertex 19.500067891774354 0 9.750033945887177
vertex 19.500067891774354 0 13.000045261182903
endloop
endfacet
facet normal 0 -1 0
outer loop
vertex -19.500067891774354 0 13.000045261182903
vertex -19.500067891774354 0 9.750033945887177
vertex -19.49979705749808 0 9.750033945887177
endloop
endfacet
facet normal 0 -1 0
outer loop
vertex -19.500067891774354 0 13.000045261182903
vertex -19.49979705749808 0 9.750033945887177
vertex -19.49979705749808 0 13.000045261182903
endloop
endfacet
facet normal -1 0 0
outer loop
vertex -19.49979705749808 -1.6417973827768908 11.37503960353504
vertex -19.49979705749808 -1.675109998758672 13.000045261182903
vertex -19.49979705749808 0 13.000045261182903
endloop
endfacet
facet normal -1 0 0
outer loop
vertex -19.49979705749808 -1.6417973827768908 11.37503960353504
vertex -19.49979705749808 0 13.000045261182903
vertex -19.49979705749808 0 9.750033945887177
endloop
endfacet
facet normal -1 0 0
outer loop
vertex -19.49979705749808 -1.6417973827768908 11.37503960353504
vertex -19.49979705749808 0 9.750033945887177
vertex -19.49979705749808 -1.675109998758672 9.750033945887177
endloop
endfacet
facet normal -1 0 0
outer loop
vertex -19.49979705749808 -1.6417973827768908 11.37503960353504
vertex -19.49979705749808 -1.675109998758672 9.750033945887177
vertex -19.49979705749808 -3.2500113152957257 9.750033945887177
endloop
endfacet
facet normal -1 0 0
outer loop
vertex -19.49979705749808 -1.6417973827768908 11.37503960353504
vertex -19.49979705749808 -3.2500113152957257 9.750033945887177
vertex -19.49979705749808 -3.2500113152957257 13.000045261182903
endloop
endfacet
facet normal -1 0 0
outer loop
vertex -19.49979705749808 -1.6417973827768908 11.37503960353504
vertex -19.49979705749808 -3.2500113152957257 13.000045261182903
vertex -19.49979705749808 -1.675109998758672 13.000045261182903
endloop
endfacet
facet normal -1 0 0
outer loop
vertex -19.49979705749808 6.5000226305914515 13.000045261182903
vertex -19.49979705749808 6.5000226305914515 9.750033945887177
vertex -19.49979705749808 3.2500113152957257 9.750033945887177
endloop
endfacet
facet normal -1 0 0
outer loop
vertex -19.49979705749808 6.5000226305914515 13.000045261182903
vertex -19.49979705749808 3.2500113152957257 9.750033945887177
vertex -19.49979705749808 3.2500113152957257 13.000045261182903
endloop
endfacet
facet normal 1 0 0
outer loop
vertex 19.49979705749808 3.2500113152957257 13.000045261182903
vertex 19.49979705749808 3.2500113152957257 9.750033945887177
vertex 19.49979705749808 6.5000226305914515 9.750033945887177
endloop
endfacet
facet normal 1 0 0
outer loop
vertex 19.49979705749808 3.2500113152957257 13.000045261182903
vertex 19.49979705749808 6.5000226305914515 9.750033945887177
vertex 19.49979705749808 6.5000226305914515 13.000045261182903
endloop
endfacet
facet normal 1 0 0
outer loop
vertex 19.49979705749808 -1.6417973827768908 11.37503960353504
vertex 19.49979705749808 -1.675109998758672 13.000045261182903
vertex 19.49979705749808 -3.2500113152957257 13.000045261182903
endloop
endfacet
facet normal 1 0 0
outer loop
vertex 19.49979705749808 -1.6417973827768908 11.37503960353504
vertex 19.49979705749808 -3.2500113152957257 13.000045261182903
vertex 19.49979705749808 -3.2500113152957257 9.750033945887177
endloop
endfacet
facet normal 1 0 0
outer loop
vertex 19.49979705749808 -1.6417973827768908 11.37503960353504
vertex 19.49979705749808 -3.2500113152957257 9.750033945887177
vertex 19.49979705749808 -1.675109998758672 9.750033945887177
endloop
endfacet
facet normal 1 0 0
outer loop
vertex 19.49979705749808 -1.6417973827768908 11.37503960353504
vertex 19.49979705749808 -1.675109998758672 9.750033945887177
vertex 19.49979705749808 0 9.750033945887177
endloop
endfacet
facet normal 1 0 0
outer loop
vertex 19.49979705749808 -1.6417973827768908 11.37503960353504
vertex 19.49979705749808 0 9.750033945887177
vertex 19.49979705749808 0 13.000045261182903
endloop
endfacet
facet normal 1 0 0
outer loop
vertex 19.49979705749808 -1.6417973827768908 11.37503960353504
vertex 19.49979705749808 0 13.000045261182903
vertex 19.49979705749808 -1.675109998758672 13.000045261182903
endloop
endfacet
facet normal 0 1 0
outer loop
vertex -19.49979705749808 3.2500113152957257 13.000045261182903
vertex -19.49979705749808 3.2500113152957257 9.750033945887177
vertex -19.500067891774354 3.2500113152957257 9.750033945887177
endloop
endfacet
facet normal 0 1 0
outer loop
vertex -19.49979705749808 3.2500113152957257 13.000045261182903
vertex -19.500067891774354 3.2500113152957257 9.750033945887177
vertex -19.500067891774354 3.2500113152957257 13.000045261182903
endloop
endfacet
facet normal 0 1 0
outer loop
vertex 19.500067891774354 3.2500113152957257 13.000045261182903
vertex 19.500067891774354 3.2500113152957257 9.750033945887177
vertex 19.49979705749808 3.2500113152957257 9.750033945887177
endloop
endfacet
facet normal 0 1 0
outer loop
vertex 19.500067891774354 3.2500113152957257 13.000045261182903
vertex 19.49979705749808 3.2500113152957257 9.750033945887177
vertex 19.49979705749808 3.2500113152957257 13.000045261182903
endloop
endfacet
facet normal 0 -1 0
outer loop
vertex 13.000045261182903 -13.000045261182903 13.000045261182903
vertex 13.000045261182903 -13.000045261182903 9.750033945887177
vertex 16.250056576478627 -13.000045261182903 9.750033945887177
endloop
endfacet
facet normal 0 -1 0
outer loop
vertex 13.000045261182903 -13.000045261182903 13.000045261182903
vertex 16.250056576478627 -13.000045261182903 9.750033945887177
vertex 16.250056576478627 -13.000045261182903 13.000045261182903
endloop
endfacet
facet normal 0 -1 0
outer loop
vertex -16.250056576478627 -13.000045261182903 13.000045261182903
vertex -16.250056576478627 -13.000045261182903 9.750033945887177
vertex -13.000045261182903 -13.000045261182903 9.750033945887177
endloop
endfacet
facet normal 0 -1 0
outer loop
vertex -16.250056576478627 -13.000045261182903 13.000045261182903
vertex -13.000045261182903 -13.000045261182903 9.750033945887177
vertex -13.000045261182903 -13.000045261182903 13.000045261182903
endloop
endfacet
facet normal 0 1 0
outer loop
vertex -16.250056576478627 9.750033945887177 13.000045261182903
vertex -16.250056576478627 9.750033945887177 9.750033945887177
vertex -19.500067891774354 9.750033945887177 9.750033945887177
endloop
endfacet
facet normal 0 1 0
outer loop
vertex -16.250056576478627 9.750033945887177 13.000045261182903
vertex -19.500067891774354 9.750033945887177 9.750033945887177
vertex -19.500067891774354 9.750033945887177 13.000045261182903
endloop
endfacet
facet normal 0 1 0
outer loop
vertex 19.500067891774354 9.750033945887177 13.000045261182903
vertex 19.500067891774354 9.750033945887177 9.750033945887177
vertex 16.250056576478627 9.750033945887177 9.750033945887177
endloop
endfacet
facet normal 0 1 0
outer loop
vertex 19.500067891774354 9.750033945887177 13.000045261182903
vertex 16.250056576478627 9.750033945887177 9.750033945887177
vertex 16.250056576478627 9.750033945887177 13.000045261182903
endloop
endfacet
facet normal 0 0 1
outer loop
vertex -9.750033945887177 19.500067891774354 13.000045261182903
vertex -9.750033945887177 16.250056576478627 13.000045261182903
vertex 9.750033945887177 16.250056576478627 13.000045261182903
endloop
endfacet
facet normal 0 0 1
outer loop
vertex -9.750033945887177 19.500067891774354 13.000045261182903
vertex 9.750033945887177 16.250056576478627 13.000045261182903
vertex 9.750033945887177 19.500067891774354 13.000045261182903
endloop
endfacet
facet normal 0 0 1
outer loop
vertex 0 15.166719471380054 13.000045261182903
vertex 9.750033945887177 16.250056576478627 13.000045261182903
vertex -9.750033945887177 16.250056576478627 13.000045261182903
endloop
endfacet
facet normal 0 0 0.9999999999999999
outer loop
vertex 0 15.166719471380054 13.000045261182903
vertex -9.750033945887177 16.250056576478627 13.000045261182903
vertex -13.000045261182903 16.250056576478627 13.000045261182903
endloop
endfacet
facet normal 0 0 1
outer loop
vertex 0 15.166719471380054 13.000045261182903
vertex -13.000045261182903 16.250056576478627 13.000045261182903
vertex -13.000045261182903 13.000045261182903 13.000045261182903
endloop
endfacet
facet normal 0 0 1
outer loop
vertex 0 15.166719471380054 13.000045261182903
vertex -13.000045261182903 13.000045261182903 13.000045261182903
vertex 13.000045261182903 13.000045261182903 13.000045261182903
endloop
endfacet
facet normal 0 0 1
outer loop
vertex 0 15.166719471380054 13.000045261182903
vertex 13.000045261182903 13.000045261182903 13.000045261182903
vertex 13.000045261182903 16.250056576478627 13.000045261182903
endloop
endfacet
facet normal 0 0 0.9999999999999999
outer loop
vertex 0 15.166719471380054 13.000045261182903
vertex 13.000045261182903 16.250056576478627 13.000045261182903
vertex 9.750033945887177 16.250056576478627 13.000045261182903
endloop
endfacet
facet normal 0 0 1
outer loop
vertex 0 11.916708156084328 13.000045261182903
vertex 13.000045261182903 13.000045261182903 13.000045261182903
vertex -13.000045261182903 13.000045261182903 13.000045261182903
endloop
endfacet
facet normal 0 0 1
outer loop
vertex 0 11.916708156084328 13.000045261182903
vertex -13.000045261182903 13.000045261182903 13.000045261182903
vertex -16.250056576478627 13.000045261182903 13.000045261182903
endloop
endfacet
facet normal 0 0 1
outer loop
vertex 0 11.916708156084328 13.000045261182903
vertex -16.250056576478627 13.000045261182903 13.000045261182903
vertex -16.250056576478627 9.750033945887177 13.000045261182903
endloop
endfacet
facet normal 0 0 1
outer loop
vertex 0 11.916708156084328 13.000045261182903
vertex -16.250056576478627 9.750033945887177 13.000045261182903
vertex 16.250056576478627 9.750033945887177 13.000045261182903
endloop
endfacet
facet normal 0 0 1
outer loop
vertex 0 11.916708156084328 13.000045261182903
vertex 16.250056576478627 9.750033945887177 13.000045261182903
vertex 16.250056576478627 13.000045261182903 13.000045261182903
endloop
endfacet
facet normal 0 0 1
outer loop
vertex 0 11.916708156084328 13.000045261182903
vertex 16.250056576478627 13.000045261182903 13.000045261182903
vertex 13.000045261182903 13.000045261182903 13.000045261182903
endloop
endfacet
facet normal 0 0 1
outer loop
vertex 0 8.125028288239314 13.000045261182903
vertex 16.250056576478627 9.750033945887177 13.000045261182903
vertex -16.250056576478627 9.750033945887177 13.000045261182903
endloop
endfacet
facet normal 0 0 0.9999999999999999
outer loop
vertex 0 8.125028288239314 13.000045261182903
vertex -16.250056576478627 9.750033945887177 13.000045261182903
vertex -19.500067891774354 9.750033945887177 13.000045261182903
endloop
endfacet
facet normal 0 0 1
outer loop
vertex 0 8.125028288239314 13.000045261182903
vertex -19.500067891774354 9.750033945887177 13.000045261182903
vertex -19.500067891774354 6.5000226305914515 13.000045261182903
endloop
endfacet
facet normal 0 0 1
outer loop
vertex 0 8.125028288239314 13.000045261182903
vertex -19.500067891774354 6.5000226305914515 13.000045261182903
vertex -19.49979705749808 6.5000226305914515 13.000045261182903
endloop
endfacet
facet normal 0 0 1
outer loop
vertex 0 8.125028288239314 13.000045261182903
vertex -19.49979705749808 6.5000226305914515 13.000045261182903
vertex 19.49979705749808 6.5000226305914515 13.000045261182903
endloop
endfacet
facet normal 0 0 1
outer loop
vertex 0 8.125028288239314 13.000045261182903
vertex 19.49979705749808 6.5000226305914515 13.000045261182903
vertex 19.500067891774354 6.5000226305914515 13.000045261182903
endloop
endfacet
facet normal 0 0 1
outer loop
vertex 0 8.125028288239314 13.000045261182903
vertex 19.500067891774354 6.5000226305914515 13.000045261182903
vertex 19.500067891774354 9.750033945887177 13.000045261182903
endloop
endfacet
facet normal 0 0 0.9999999999999999
outer loop
vertex 0 8.125028288239314 13.000045261182903
vertex 19.500067891774354 9.750033945887177 13.000045261182903
vertex 16.250056576478627 9.750033945887177 13.000045261182903
endloop
endfacet
facet normal 0 0 1
outer loop
vertex -19.49979705749808 6.5000226305914515 13.000045261182903
vertex -19.49979705749808 3.2500113152957257 13.000045261182903
vertex 19.49979705749808 3.2500113152957257 13.000045261182903
endloop
endfacet
facet normal 0 0 1
outer loop
vertex -19.49979705749808 6.5000226305914515 13.000045261182903
vertex 19.49979705749808 3.2500113152957257 13.000045261182903
vertex 19.49979705749808 6.5000226305914515 13.000045261182903
endloop
endfacet
facet normal 0 0 0.9999999999999999
outer loop
vertex 0 2.4626960741653363 13.000045261182903
vertex 19.49979705749808 3.2500113152957257 13.000045261182903
vertex -19.49979705749808 3.2500113152957257 13.000045261182903
endloop
endfacet
facet normal 0 0 1
outer loop
vertex 0 2.4626960741653363 13.000045261182903
vertex -19.49979705749808 3.2500113152957257 13.000045261182903
vertex -19.500067891774354 3.2500113152957257 13.000045261182903
endloop
endfacet
facet normal 0 0 0.9999999999999999
outer loop
vertex 0 2.4626960741653363 13.000045261182903
vertex -19.500067891774354 3.2500113152957257 13.000045261182903
vertex -19.500067891774354 1.675109998758672 13.000045261182903
endloop
endfacet
facet normal 0 0 1
outer loop
vertex 0 2.4626960741653363 13.000045261182903
vertex -19.500067891774354 1.675109998758672 13.000045261182903
vertex -1.675109998758672 1.675109998758672 13.000045261182903
endloop
endfacet
facet normal 0 0 1
outer loop
vertex 0 2.4626960741653363 13.000045261182903
vertex -1.675109998758672 1.675109998758672 13.000045261182903
vertex 1.675109998758672 1.675109998758672 13.000045261182903
endloop
endfacet
facet normal 0 0 1
outer loop
vertex 0 2.4626960741653363 13.000045261182903
vertex 1.675109998758672 1.675109998758672 13.000045261182903
vertex 19.500067891774354 1.675109998758672 13.000045261182903
endloop
endfacet
facet normal 0 0 0.9999999999999999
outer loop
vertex 0 2.4626960741653363 13.000045261182903
vertex 19.500067891774354 1.675109998758672 13.000045261182903
vertex 19.500067891774354 3.2500113152957257 13.000045261182903
endloop
endfacet
facet normal 0 0 1
outer loop
vertex 0 2.4626960741653363 13.000045261182903
vertex 19.500067891774354 3.2500113152957257 13.000045261182903
vertex 19.49979705749808 3.2500113152957257 13.000045261182903
endloop
endfacet
facet normal 0 0 1
outer loop
vertex 12.370084734568081 0.6700439995034688 13.000045261182903
vertex 1.675109998758672 1.675109998758672 13.000045261182903
vertex 1.675109998758672 0 13.000045261182903
endloop
endfacet
facet normal 0 0 1
outer loop
vertex 12.370084734568081 0.6700439995034688 13.000045261182903
vertex 1.675109998758672 0 13.000045261182903
vertex 19.49979705749808 0 13.000045261182903
endloop
endfacet
facet normal 0 0 1
outer loop
vertex 12.370084734568081 0.6700439995034688 13.000045261182903
vertex 19.49979705749808 0 13.000045261182903
vertex 19.500067891774354 0 13.000045261182903
endloop
endfacet
facet normal 0 0 1
outer loop
vertex 12.370084734568081 0.6700439995034688 13.000045261182903
vertex 19.500067891774354 0 13.000045261182903
vertex 19.500067891774354 1.675109998758672 13.000045261182903
endloop
endfacet
facet normal 0 0 1
outer loop
vertex 12.370084734568081 0.6700439995034688 13.000045261182903
vertex 19.500067891774354 1.675109998758672 13.000045261182903
vertex 1.675109998758672 1.675109998758672 13.000045261182903
endloop
endfacet
facet normal 0 0 1
outer loop
vertex -12.370084734568081 0.6700439995034688 13.000045261182903
vertex -19.500067891774354 1.675109998758672 13.000045261182903
vertex -19.500067891774354 0 13.000045261182903
endloop
endfacet
facet normal 0 0 1
outer loop
vertex -12.370084734568081 0.6700439995034688 13.000045261182903
vertex -19.500067891774354 0 13.000045261182903
vertex -19.49979705749808 0 13.000045261182903
endloop
endfacet
facet normal 0 0 1
outer loop
vertex -12.370084734568081 0.6700439995034688 13.000045261182903
vertex -19.49979705749808 0 13.000045261182903
vertex -1.675109998758672 0 13.000045261182903
endloop
endfacet
facet normal 0 0 1
outer loop
vertex -12.370084734568081 0.6700439995034688 13.000045261182903
vertex -1.675109998758672 0 13.000045261182903
vertex -1.675109998758672 1.675109998758672 13.000045261182903
endloop
endfacet
facet normal 0 0 1
outer loop
vertex -12.370084734568081 0.6700439995034688 13.000045261182903
vertex -1.675109998758672 1.675109998758672 13.000045261182903
vertex -19.500067891774354 1.675109998758672 13.000045261182903
endloop
endfacet
facet normal 0 0 1
outer loop
vertex 1.675109998758672 0 13.000045261182903
vertex 1.675109998758672 -1.675109998758672 13.000045261182903
vertex 19.49979705749808 -1.675109998758672 13.000045261182903
endloop
endfacet
facet normal 0 0 1
outer loop
vertex 1.675109998758672 0 13.000045261182903
vertex 19.49979705749808 -1.675109998758672 13.000045261182903
vertex 19.49979705749808 0 13.000045261182903
endloop
endfacet
facet normal 0 0 1
outer loop
vertex -19.49979705749808 0 13.000045261182903
vertex -19.49979705749808 -1.675109998758672 13.000045261182903
vertex -1.675109998758672 -1.675109998758672 13.000045261182903
endloop
endfacet
facet normal 0 0 1
outer loop
vertex -19.49979705749808 0 13.000045261182903
vertex -1.675109998758672 -1.675109998758672 13.000045261182903
vertex -1.675109998758672 0 13.000045261182903
endloop
endfacet
facet normal 0 0 0.9999999999999999
outer loop
vertex 0 -2.1999868261789315 13.000045261182903
vertex 1.675109998758672 -1.675109998758672 13.000045261182903
vertex -1.675109998758672 -1.675109998758672 13.000045261182903
endloop
endfacet
facet normal 0 0 1
outer loop
vertex 0 -2.1999868261789315 13.000045261182903
vertex -1.675109998758672 -1.675109998758672 13.000045261182903
vertex -19.49979705749808 -1.675109998758672 13.000045261182903
endloop
endfacet
facet normal 0 0 1
outer loop
vertex 0 -2.1999868261789315 13.000045261182903
vertex -19.49979705749808 -1.675109998758672 13.000045261182903
vertex -19.49979705749808 -3.2500113152957257 13.000045261182903
endloop
endfacet
facet normal 0 0 1
outer loop
vertex 0 -2.1999868261789315 13.000045261182903
vertex -19.49979705749808 -3.2500113152957257 13.000045261182903
vertex 19.49979705749808 -3.2500113152957257 13.000045261182903
endloop
endfacet
facet normal 0 0 1
outer loop
vertex 0 -2.1999868261789315 13.000045261182903
vertex 19.49979705749808 -3.2500113152957257 13.000045261182903
vertex 19.49979705749808 -1.675109998758672 13.000045261182903
endloop
endfacet
facet normal 0 0 1
outer loop
vertex 0 -2.1999868261789315 13.000045261182903
vertex 19.49979705749808 -1.675109998758672 13.000045261182903
vertex 1.675109998758672 -1.675109998758672 13.000045261182903
endloop
endfacet
facet normal 0 0 1
outer loop
vertex 0 -6.5000226305914515 13.000045261182903
vertex 19.49979705749808 -3.2500113152957257 13.000045261182903
vertex -19.49979705749808 -3.2500113152957257 13.000045261182903
endloop
endfacet
facet normal 0 0 1
outer loop
vertex 0 -6.5000226305914515 13.000045261182903
vertex -19.49979705749808 -3.2500113152957257 13.000045261182903
vertex -19.500067891774354 -3.2500113152957257 13.000045261182903
endloop
endfacet
facet normal 0 0 1
outer loop
vertex 0 -6.5000226305914515 13.000045261182903
vertex -19.500067891774354 -3.2500113152957257 13.000045261182903
vertex -19.500067891774354 -9.750033945887177 13.000045261182903
endloop
endfacet
facet normal 0 0 1
outer loop
vertex 0 -6.5000226305914515 13.000045261182903
vertex -19.500067891774354 -9.750033945887177 13.000045261182903
vertex -16.250056576478627 -9.750033945887177 13.000045261182903
endloop
endfacet
facet normal 0 0 1
outer loop
vertex 0 -6.5000226305914515 13.000045261182903
vertex -16.250056576478627 -9.750033945887177 13.000045261182903
vertex 16.250056576478627 -9.750033945887177 13.000045261182903
endloop
endfacet
facet normal 0 0 1
outer loop
vertex 0 -6.5000226305914515 13.000045261182903
vertex 16.250056576478627 -9.750033945887177 13.000045261182903
vertex 19.500067891774354 -9.750033945887177 13.000045261182903
endloop
endfacet
facet normal 0 0 1
outer loop
vertex 0 -6.5000226305914515 13.000045261182903
vertex 19.500067891774354 -9.750033945887177 13.000045261182903
vertex 19.500067891774354 -3.2500113152957257 13.000045261182903
endloop
endfacet
facet normal 0 0 1
outer loop
vertex 0 -6.5000226305914515 13.000045261182903
vertex 19.500067891774354 -3.2500113152957257 13.000045261182903
vertex 19.49979705749808 -3.2500113152957257 13.000045261182903
endloop
endfacet
facet normal 0 0 1
outer loop
vertex 0 -11.916708156084328 13.000045261182903
vertex -16.250056576478627 -9.750033945887177 13.000045261182903
vertex -16.250056576478627 -13.000045261182903 13.000045261182903
endloop
endfacet
facet normal 0 0 1
outer loop
vertex 0 -11.916708156084328 13.000045261182903
vertex -16.250056576478627 -13.000045261182903 13.000045261182903
vertex -13.000045261182903 -13.000045261182903 13.000045261182903
endloop
endfacet
facet normal 0 0 1
outer loop
vertex 0 -11.916708156084328 13.000045261182903
vertex -13.000045261182903 -13.000045261182903 13.000045261182903
vertex 13.000045261182903 -13.000045261182903 13.000045261182903
endloop
endfacet
facet normal 0 0 1
outer loop
vertex 0 -11.916708156084328 13.000045261182903
vertex 13.000045261182903 -13.000045261182903 13.000045261182903
vertex 16.250056576478627 -13.000045261182903 13.000045261182903
endloop
endfacet
facet normal 0 0 1
outer loop
vertex 0 -11.916708156084328 13.000045261182903
vertex 16.250056576478627 -13.000045261182903 13.000045261182903
vertex 16.250056576478627 -9.750033945887177 13.000045261182903
endloop
endfacet
facet normal 0 0 1
outer loop
vertex 0 -11.916708156084328 13.000045261182903
vertex 16.250056576478627 -9.750033945887177 13.000045261182903
vertex -16.250056576478627 -9.750033945887177 13.000045261182903
endloop
endfacet
facet normal 0 0 1
outer loop
vertex 0 -15.166719471380054 13.000045261182903
vertex -13.000045261182903 -13.000045261182903 13.000045261182903
vertex -13.000045261182903 -16.250056576478627 13.000045261182903
endloop
endfacet
facet normal 0 0 0.9999999999999999
outer loop
vertex 0 -15.166719471380054 13.000045261182903
vertex -13.000045261182903 -16.250056576478627 13.000045261182903
vertex -9.750033945887177 -16.250056576478627 13.000045261182903
endloop
endfacet
facet normal 0 0 1
outer loop
vertex 0 -15.166719471380054 13.000045261182903
vertex -9.750033945887177 -16.250056576478627 13.000045261182903
vertex 9.750033945887177 -16.250056576478627 13.000045261182903
endloop
endfacet
facet normal 0 0 0.9999999999999999
outer loop
vertex 0 -15.166719471380054 13.000045261182903
vertex 9.750033945887177 -16.250056576478627 13.000045261182903
vertex 13.000045261182903 -16.250056576478627 13.000045261182903
endloop
endfacet
facet normal 0 0 1
outer loop
vertex 0 -15.166719471380054 13.000045261182903
vertex 13.000045261182903 -16.250056576478627 13.000045261182903
vertex 13.000045261182903 -13.000045261182903 13.000045261182903
endloop
endfacet
facet normal 0 0 1
outer loop
vertex 0 -15.166719471380054 13.000045261182903
vertex 13.000045261182903 -13.000045261182903 13.000045261182903
vertex -13.000045261182903 -13.000045261182903 13.000045261182903
endloop
endfacet
facet normal 0 0 1
outer loop
vertex -9.750033945887177 -16.250056576478627 13.000045261182903
vertex -9.750033945887177 -19.500067891774354 13.000045261182903
vertex 9.750033945887177 -19.500067891774354 13.000045261182903
endloop
endfacet
facet normal 0 0 1
outer loop
vertex -9.750033945887177 -16.250056576478627 13.000045261182903
vertex 9.750033945887177 -19.500067891774354 13.000045261182903
vertex 9.750033945887177 -16.250056576478627 13.000045261182903
endloop
endfacet
facet normal 0 0 -1
outer loop
vertex 9.750033945887177 19.500067891774354 9.750033945887177
vertex 9.750033945887177 16.250056576478627 9.750033945887177
vertex -9.750033945887177 16.250056576478627 9.750033945887177
endloop
endfacet
facet normal 0 0 -1
outer loop
vertex 9.750033945887177 19.500067891774354 9.750033945887177
vertex -9.750033945887177 16.250056576478627 9.750033945887177
vertex -9.750033945887177 19.500067891774354 9.750033945887177
endloop
endfacet
facet normal 0 0 -1
outer loop
vertex 0 15.166719471380054 9.750033945887177
vertex -9.750033945887177 16.250056576478627 9.750033945887177
vertex 9.750033945887177 16.250056576478627 9.750033945887177
endloop
endfacet
facet normal 0 0 -0.9999999999999999
outer loop
vertex 0 15.166719471380054 9.750033945887177
vertex 9.750033945887177 16.250056576478627 9.750033945887177
vertex 13.000045261182903 16.250056576478627 9.750033945887177
endloop
endfacet
facet normal 0 0 -1
outer loop
vertex 0 15.166719471380054 9.750033945887177
vertex 13.000045261182903 16.250056576478627 9.750033945887177
vertex 13.000045261182903 13.000045261182903 9.750033945887177
endloop
endfacet
facet normal 0 0 -1
outer loop
vertex 0 15.166719471380054 9.750033945887177
vertex 13.000045261182903 13.000045261182903 9.750033945887177
vertex -13.000045261182903 13.000045261182903 9.750033945887177
endloop
endfacet
facet normal 0 0 -1
outer loop
vertex 0 15.166719471380054 9.750033945887177
vertex -13.000045261182903 13.000045261182903 9.750033945887177
vertex -13.000045261182903 16.250056576478627 9.750033945887177
endloop
endfacet
facet normal 0 0 -0.9999999999999999
outer loop
vertex 0 15.166719471380054 9.750033945887177
vertex -13.000045261182903 16.250056576478627 9.750033945887177
vertex -9.750033945887177 16.250056576478627 9.750033945887177
endloop
endfacet
facet normal 0 0 -1
outer loop
vertex 0 11.916708156084328 9.750033945887177
vertex -13.000045261182903 13.000045261182903 9.750033945887177
vertex 13.000045261182903 13.000045261182903 9.750033945887177
endloop
endfacet
facet normal 0 0 -1
outer loop
vertex 0 11.916708156084328 9.750033945887177
vertex 13.000045261182903 13.000045261182903 9.750033945887177
vertex 16.250056576478627 13.000045261182903 9.750033945887177
endloop
endfacet
facet normal 0 0 -1
outer loop
vertex 0 11.916708156084328 9.750033945887177
vertex 16.250056576478627 13.000045261182903 9.750033945887177
vertex 16.250056576478627 9.750033945887177 9.750033945887177
endloop
endfacet
facet normal 0 0 -1
outer loop
vertex 0 11.916708156084328 9.750033945887177
vertex 16.250056576478627 9.750033945887177 9.750033945887177
vertex -16.250056576478627 9.750033945887177 9.750033945887177
endloop
endfacet
facet normal 0 0 -1
outer loop
vertex 0 11.916708156084328 9.750033945887177
vertex -16.250056576478627 9.750033945887177 9.750033945887177
vertex -16.250056576478627 13.000045261182903 9.750033945887177
endloop
endfacet
facet normal 0 0 -1
outer loop
vertex 0 11.916708156084328 9.750033945887177
vertex -16.250056576478627 13.000045261182903 9.750033945887177
vertex -13.000045261182903 13.000045261182903 9.750033945887177
endloop
endfacet
facet normal 0 0 -1
outer loop
vertex 0 8.125028288239314 9.750033945887177
vertex -16.250056576478627 9.750033945887177 9.750033945887177
vertex 16.250056576478627 9.750033945887177 9.750033945887177
endloop
endfacet
facet normal 0 0 -0.9999999999999999
outer loop
vertex 0 8.125028288239314 9.750033945887177
vertex 16.250056576478627 9.750033945887177 9.750033945887177
vertex 19.500067891774354 9.750033945887177 9.750033945887177
endloop
endfacet
facet normal 0 0 -1
outer loop
vertex 0 8.125028288239314 9.750033945887177
vertex 19.500067891774354 9.750033945887177 9.750033945887177
vertex 19.500067891774354 6.5000226305914515 9.750033945887177
endloop
endfacet
facet normal 0 0 -1
outer loop
vertex 0 8.125028288239314 9.750033945887177
vertex 19.500067891774354 6.5000226305914515 9.750033945887177
vertex 19.49979705749808 6.5000226305914515 9.750033945887177
endloop
endfacet
facet normal 0 0 -1
outer loop
vertex 0 8.125028288239314 9.750033945887177
vertex 19.49979705749808 6.5000226305914515 9.750033945887177
vertex -19.49979705749808 6.5000226305914515 9.750033945887177
endloop
endfacet
facet normal 0 0 -1
outer loop
vertex 0 8.125028288239314 9.750033945887177
vertex -19.49979705749808 6.5000226305914515 9.750033945887177
vertex -19.500067891774354 6.5000226305914515 9.750033945887177
endloop
endfacet
facet normal 0 0 -1
outer loop
vertex 0 8.125028288239314 9.750033945887177
vertex -19.500067891774354 6.5000226305914515 9.750033945887177
vertex -19.500067891774354 9.750033945887177 9.750033945887177
endloop
endfacet
facet normal 0 0 -0.9999999999999999
outer loop
vertex 0 8.125028288239314 9.750033945887177
vertex -19.500067891774354 9.750033945887177 9.750033945887177
vertex -16.250056576478627 9.750033945887177 9.750033945887177
endloop
endfacet
facet normal 0 0 -1
outer loop
vertex 19.49979705749808 6.5000226305914515 9.750033945887177
vertex 19.49979705749808 3.2500113152957257 9.750033945887177
vertex -19.49979705749808 3.2500113152957257 9.750033945887177
endloop
endfacet
facet normal 0 0 -1
outer loop
vertex 19.49979705749808 6.5000226305914515 9.750033945887177
vertex -19.49979705749808 3.2500113152957257 9.750033945887177
vertex -19.49979705749808 6.5000226305914515 9.750033945887177
endloop
endfacet
facet normal 0 0 -0.9999999999999999
outer loop
vertex 0 2.4626960741653363 9.750033945887177
vertex -19.49979705749808 3.2500113152957257 9.750033945887177
vertex 19.49979705749808 3.2500113152957257 9.750033945887177
endloop
endfacet
facet normal 0 0 -1
outer loop
vertex 0 2.4626960741653363 9.750033945887177
vertex 19.49979705749808 3.2500113152957257 9.750033945887177
vertex 19.500067891774354 3.2500113152957257 9.750033945887177
endloop
endfacet
facet normal 0 0 -0.9999999999999999
outer loop
vertex 0 2.4626960741653363 9.750033945887177
vertex 19.500067891774354 3.2500113152957257 9.750033945887177
vertex 19.500067891774354 1.675109998758672 9.750033945887177
endloop
endfacet
facet normal 0 0 -1
outer loop
vertex 0 2.4626960741653363 9.750033945887177
vertex 19.500067891774354 1.675109998758672 9.750033945887177
vertex 1.675109998758672 1.675109998758672 9.750033945887177
endloop
endfacet
facet normal 0 0 -1
outer loop
vertex 0 2.4626960741653363 9.750033945887177
vertex 1.675109998758672 1.675109998758672 9.750033945887177
vertex -1.675109998758672 1.675109998758672 9.750033945887177
endloop
endfacet
facet normal 0 0 -1
outer loop
vertex 0 2.4626960741653363 9.750033945887177
vertex -1.675109998758672 1.675109998758672 9.750033945887177
vertex -19.500067891774354 1.675109998758672 9.750033945887177
endloop
endfacet
facet normal 0 0 -0.9999999999999999
outer loop
vertex 0 2.4626960741653363 9.750033945887177
vertex -19.500067891774354 1.675109998758672 9.750033945887177
vertex -19.500067891774354 3.2500113152957257 9.750033945887177
endloop
endfacet
facet normal 0 0 -1
outer loop
vertex 0 2.4626960741653363 9.750033945887177
vertex -19.500067891774354 3.2500113152957257 9.750033945887177
vertex -19.49979705749808 3.2500113152957257 9.750033945887177
endloop
endfacet
facet normal 0 0 -1
outer loop
vertex -12.370084734568081 0.6700439995034688 9.750033945887177
vertex -1.675109998758672 1.675109998758672 9.750033945887177
vertex -1.675109998758672 0 9.750033945887177
endloop
endfacet
facet normal 0 0 -1
outer loop
vertex -12.370084734568081 0.6700439995034688 9.750033945887177
vertex -1.675109998758672 0 9.750033945887177
vertex -19.49979705749808 0 9.750033945887177
endloop
endfacet
facet normal 0 0 -1
outer loop
vertex -12.370084734568081 0.6700439995034688 9.750033945887177
vertex -19.49979705749808 0 9.750033945887177
vertex -19.500067891774354 0 9.750033945887177
endloop
endfacet
facet normal 0 0 -1
outer loop
vertex -12.370084734568081 0.6700439995034688 9.750033945887177
vertex -19.500067891774354 0 9.750033945887177
vertex -19.500067891774354 1.675109998758672 9.750033945887177
endloop
endfacet
facet normal 0 0 -1
outer loop
vertex -12.370084734568081 0.6700439995034688 9.750033945887177
vertex -19.500067891774354 1.675109998758672 9.750033945887177
vertex -1.675109998758672 1.675109998758672 9.750033945887177
endloop
endfacet
facet normal 0 0 -1
outer loop
vertex 12.370084734568081 0.6700439995034688 9.750033945887177
vertex 19.500067891774354 1.675109998758672 9.750033945887177
vertex 19.500067891774354 0 9.750033945887177
endloop
endfacet
facet normal 0 0 -1
outer loop
vertex 12.370084734568081 0.6700439995034688 9.750033945887177
vertex 19.500067891774354 0 9.750033945887177
vertex 19.49979705749808 0 9.750033945887177
endloop
endfacet
facet normal 0 0 -1
outer loop
vertex 12.370084734568081 0.6700439995034688 9.750033945887177
vertex 19.49979705749808 0 9.750033945887177
vertex 1.675109998758672 0 9.750033945887177
endloop
endfacet
facet normal 0 0 -1
outer loop
vertex 12.370084734568081 0.6700439995034688 9.750033945887177
vertex 1.675109998758672 0 9.750033945887177
vertex 1.675109998758672 1.675109998758672 9.750033945887177
endloop
endfacet
facet normal 0 0 -1
outer loop
vertex 12.370084734568081 0.6700439995034688 9.750033945887177
vertex 1.675109998758672 1.675109998758672 9.750033945887177
vertex 19.500067891774354 1.675109998758672 9.750033945887177
endloop
endfacet
facet normal 0 0 -1
outer loop
vertex -1.675109998758672 0 9.750033945887177
vertex -1.675109998758672 -1.675109998758672 9.750033945887177
vertex -19.49979705749808 -1.675109998758672 9.750033945887177
endloop
endfacet
facet normal 0 0 -1
outer loop
vertex -1.675109998758672 0 9.750033945887177
vertex -19.49979705749808 -1.675109998758672 9.750033945887177
vertex -19.49979705749808 0 9.750033945887177
endloop
endfacet
facet normal 0 0 -1
outer loop
vertex 19.49979705749808 0 9.750033945887177
vertex 19.49979705749808 -1.675109998758672 9.750033945887177
vertex 1.675109998758672 -1.675109998758672 9.750033945887177
endloop
endfacet
facet normal 0 0 -1
outer loop
vertex 19.49979705749808 0 9.750033945887177
vertex 1.675109998758672 -1.675109998758672 9.750033945887177
vertex 1.675109998758672 0 9.750033945887177
endloop
endfacet
facet normal 0 0 -0.9999999999999999
outer loop
vertex 0 -2.1999868261789315 9.750033945887177
vertex -1.675109998758672 -1.675109998758672 9.750033945887177
vertex 1.675109998758672 -1.675109998758672 9.750033945887177
endloop
endfacet
facet normal 0 0 -1
outer loop
vertex 0 -2.1999868261789315 9.750033945887177
vertex 1.675109998758672 -1.675109998758672 9.750033945887177
vertex 19.49979705749808 -1.675109998758672 9.750033945887177
endloop
endfacet
facet normal 0 0 -1
outer loop
vertex 0 -2.1999868261789315 9.750033945887177
vertex 19.49979705749808 -1.675109998758672 9.750033945887177
vertex 19.49979705749808 -3.2500113152957257 9.750033945887177
endloop
endfacet
facet normal 0 0 -1
outer loop
vertex 0 -2.1999868261789315 9.750033945887177
vertex 19.49979705749808 -3.2500113152957257 9.750033945887177
vertex -19.49979705749808 -3.2500113152957257 9.750033945887177
endloop
endfacet
facet normal 0 0 -1
outer loop
vertex 0 -2.1999868261789315 9.750033945887177
vertex -19.49979705749808 -3.2500113152957257 9.750033945887177
vertex -19.49979705749808 -1.675109998758672 9.750033945887177
endloop
endfacet
facet normal 0 0 -1
outer loop
vertex 0 -2.1999868261789315 9.750033945887177
vertex -19.49979705749808 -1.675109998758672 9.750033945887177
vertex -1.675109998758672 -1.675109998758672 9.750033945887177
endloop
endfacet
facet normal 0 0 -1
outer loop
vertex 0 -6.5000226305914515 9.750033945887177
vertex -19.49979705749808 -3.2500113152957257 9.750033945887177
vertex 19.49979705749808 -3.2500113152957257 9.750033945887177
endloop
endfacet
facet normal 0 0 -1
outer loop
vertex 0 -6.5000226305914515 9.750033945887177
vertex 19.49979705749808 -3.2500113152957257 9.750033945887177
vertex 19.500067891774354 -3.2500113152957257 9.750033945887177
endloop
endfacet
facet normal 0 0 -1
outer loop
vertex 0 -6.5000226305914515 9.750033945887177
vertex 19.500067891774354 -3.2500113152957257 9.750033945887177
vertex 19.500067891774354 -9.750033945887177 9.750033945887177
endloop
endfacet
facet normal 0 0 -1
outer loop
vertex 0 -6.5000226305914515 9.750033945887177
vertex 19.500067891774354 -9.750033945887177 9.750033945887177
vertex 16.250056576478627 -9.750033945887177 9.750033945887177
endloop
endfacet
facet normal 0 0 -1
outer loop
vertex 0 -6.5000226305914515 9.750033945887177
vertex 16.250056576478627 -9.750033945887177 9.750033945887177
vertex -16.250056576478627 -9.750033945887177 9.750033945887177
endloop
endfacet
facet normal 0 0 -1
outer loop
vertex 0 -6.5000226305914515 9.750033945887177
vertex -16.250056576478627 -9.750033945887177 9.750033945887177
vertex -19.500067891774354 -9.750033945887177 9.750033945887177
endloop
endfacet
facet normal 0 0 -1
outer loop
vertex 0 -6.5000226305914515 9.750033945887177
vertex -19.500067891774354 -9.750033945887177 9.750033945887177
vertex -19.500067891774354 -3.2500113152957257 9.750033945887177
endloop
endfacet
facet normal 0 0 -1
outer loop
vertex 0 -6.5000226305914515 9.750033945887177
vertex -19.500067891774354 -3.2500113152957257 9.750033945887177
vertex -19.49979705749808 -3.2500113152957257 9.750033945887177
endloop
endfacet
facet normal 0 0 -1
outer loop
vertex 0 -11.916708156084328 9.750033945887177
vertex 16.250056576478627 -9.750033945887177 9.750033945887177
vertex 16.250056576478627 -13.000045261182903 9.750033945887177
endloop
endfacet
facet normal 0 0 -1
outer loop
vertex 0 -11.916708156084328 9.750033945887177
vertex 16.250056576478627 -13.000045261182903 9.750033945887177
vertex 13.000045261182903 -13.000045261182903 9.750033945887177
endloop
endfacet
facet normal 0 0 -1
outer loop
vertex 0 -11.916708156084328 9.750033945887177
vertex 13.000045261182903 -13.000045261182903 9.750033945887177
vertex -13.000045261182903 -13.000045261182903 9.750033945887177
endloop
endfacet
facet normal 0 0 -1
outer loop
vertex 0 -11.916708156084328 9.750033945887177
vertex -13.000045261182903 -13.000045261182903 9.750033945887177
vertex -16.250056576478627 -13.000045261182903 9.750033945887177
endloop
endfacet
facet normal 0 0 -1
outer loop
vertex 0 -11.916708156084328 9.750033945887177
vertex -16.250056576478627 -13.000045261182903 9.750033945887177
vertex -16.250056576478627 -9.750033945887177 9.750033945887177
endloop
endfacet
facet normal 0 0 -1
outer loop
vertex 0 -11.916708156084328 9.750033945887177
vertex -16.250056576478627 -9.750033945887177 9.750033945887177
vertex 16.250056576478627 -9.750033945887177 9.750033945887177
endloop
endfacet
facet normal 0 0 -1
outer loop
vertex 0 -15.166719471380054 9.750033945887177
vertex 13.000045261182903 -13.000045261182903 9.750033945887177
vertex 13.000045261182903 -16.250056576478627 9.750033945887177
endloop
endfacet
facet normal 0 0 -0.9999999999999999
outer loop
vertex 0 -15.166719471380054 9.750033945887177
vertex 13.000045261182903 -16.250056576478627 9.750033945887177
vertex 9.750033945887177 -16.250056576478627 9.750033945887177
endloop
endfacet
facet normal 0 0 -1
outer loop
vertex 0 -15.166719471380054 9.750033945887177
vertex 9.750033945887177 -16.250056576478627 9.750033945887177
vertex -9.750033945887177 -16.250056576478627 9.750033945887177
endloop
endfacet
facet normal 0 0 -0.9999999999999999
outer loop
vertex 0 -15.166719471380054 9.750033945887177
vertex -9.750033945887177 -16.250056576478627 9.750033945887177
vertex -13.000045261182903 -16.250056576478627 9.750033945887177
endloop
endfacet
facet normal 0 0 -1
outer loop
vertex 0 -15.166719471380054 9.750033945887177
vertex -13.000045261182903 -16.250056576478627 9.750033945887177
vertex -13.000045261182903 -13.000045261182903 9.750033945887177
endloop
endfacet
facet normal 0 0 -1
outer loop
vertex 0 -15.166719471380054 9.750033945887177
vertex -13.000045261182903 -13.000045261182903 9.750033945887177
vertex 13.000045261182903 -13.000045261182903 9.750033945887177
endloop
endfacet
facet normal 0 0 -1
outer loop
vertex 9.750033945887177 -16.250056576478627 9.750033945887177
vertex 9.750033945887177 -19.500067891774354 9.750033945887177
vertex -9.750033945887177 -19.500067891774354 9.750033945887177
endloop
endfacet
facet normal 0 0 -1
outer loop
vertex 9.750033945887177 -16.250056576478627 9.750033945887177
vertex -9.750033945887177 -19.500067891774354 9.750033945887177
vertex -9.750033945887177 -16.250056576478627 9.750033945887177
endloop
endfacet
facet normal 1 0 0
outer loop
vertex -1.675109998758672 0 11.37503960353504
vertex -1.675109998758672 0 9.750033945887177
vertex -1.675109998758672 1.675109998758672 9.750033945887177
endloop
endfacet
facet normal 1 0 0
outer loop
vertex -1.675109998758672 0 11.37503960353504
vertex -1.675109998758672 1.675109998758672 9.750033945887177
vertex -1.675109998758672 1.675109998758672 13.000045261182903
endloop
endfacet
facet normal 1 0 0
outer loop
vertex -1.675109998758672 0 11.37503960353504
vertex -1.675109998758672 1.675109998758672 13.000045261182903
vertex -1.675109998758672 0 13.000045261182903
endloop
endfacet
facet normal 1 0 0
outer loop
vertex -1.675109998758672 0 11.37503960353504
vertex -1.675109998758672 0 13.000045261182903
vertex -1.675109998758672 -1.675109998758672 13.000045261182903
endloop
endfacet
facet normal 1 0 0
outer loop
vertex -1.675109998758672 0 11.37503960353504
vertex -1.675109998758672 -1.675109998758672 13.000045261182903
vertex -1.675109998758672 -1.675109998758672 9.750033945887177
endloop
endfacet
facet normal 1 0 0
outer loop
vertex -1.675109998758672 0 11.37503960353504
vertex -1.675109998758672 -1.675109998758672 9.750033945887177
vertex -1.675109998758672 0 9.750033945887177
endloop
endfacet
facet normal -1 0 0
outer loop
vertex 1.675109998758672 0 11.37503960353504
vertex 1.675109998758672 0 9.750033945887177
vertex 1.675109998758672 -1.675109998758672 9.750033945887177
endloop
endfacet
facet normal -1 0 0
outer loop
vertex 1.675109998758672 0 11.37503960353504
vertex 1.675109998758672 -1.675109998758672 9.750033945887177
vertex 1.675109998758672 -1.675109998758672 13.000045261182903
endloop
endfacet
facet normal -1 0 0
outer loop
vertex 1.675109998758672 0 11.37503960353504
vertex 1.675109998758672 -1.675109998758672 13.000045261182903
vertex 1.675109998758672 0 13.000045261182903
endloop
endfacet
facet normal -1 0 0
outer loop
vertex 1.675109998758672 0 11.37503960353504
vertex 1.675109998758672 0 13.000045261182903
vertex 1.675109998758672 1.675109998758672 13.000045261182903
endloop
endfacet
facet normal -1 0 0
outer loop
vertex 1.675109998758672 0 11.37503960353504
vertex 1.675109998758672 1.675109998758672 13.000045261182903
vertex 1.675109998758672 1.675109998758672 9.750033945887177
endloop
endfacet
facet normal -1 0 0
outer loop
vertex 1.675109998758672 0 11.37503960353504
vertex 1.675109998758672 1.675109998758672 9.750033945887177
vertex 1.675109998758672 0 9.750033945887177
endloop
endfacet
facet normal 0 1 0
outer loop
vertex -1.675109998758672 -1.675109998758672 9.750033945887177
vertex -1.675109998758672 -1.675109998758672 13.000045261182903
vertex 1.675109998758672 -1.675109998758672 13.000045261182903
endloop
endfacet
facet normal 0 1 0
outer loop
vertex -1.675109998758672 -1.675109998758672 9.750033945887177
vertex 1.675109998758672 -1.675109998758672 13.000045261182903
vertex 1.675109998758672 -1.675109998758672 9.750033945887177
endloop
endfacet
facet normal 0 -1 0
outer loop
vertex 1.675109998758672 1.675109998758672 9.750033945887177
vertex 1.675109998758672 1.675109998758672 13.000045261182903
vertex -1.675109998758672 1.675109998758672 13.000045261182903
endloop
endfacet
facet normal 0 -1 0
outer loop
vertex 1.675109998758672 1.675109998758672 9.750033945887177
vertex -1.675109998758672 1.675109998758672 13.000045261182903
vertex -1.675109998758672 1.675109998758672 9.750033945887177
endloop
endfacet
facet normal -1 0 0
outer loop
vertex -6.500110214914715 -19.500016477986538 16.249961370529178
vertex -6.500110214914715 -19.500016477986538 12.999906263071821
vertex -6.500110214914715 -22.750071585443894 12.999906263071821
endloop
endfacet
facet normal -1 0 0
outer loop
vertex -6.500110214914715 -19.500016477986538 16.249961370529178
vertex -6.500110214914715 -22.750071585443894 12.999906263071821
vertex -6.500110214914715 -22.750071585443894 16.249961370529178
endloop
endfacet
facet normal -1 0 0
outer loop
vertex -6.500110214914715 22.750071585443894 16.249961370529178
vertex -6.500110214914715 22.750071585443894 12.999906263071821
vertex -6.500110214914715 19.500016477986538 12.999906263071821
endloop
endfacet
facet normal -1 0 0
outer loop
vertex -6.500110214914715 22.750071585443894 16.249961370529178
vertex -6.500110214914715 19.500016477986538 12.999906263071821
vertex -6.500110214914715 19.500016477986538 16.249961370529178
endloop
endfacet
facet normal 0 -1 0
outer loop
vertex -6.500110214914715 -22.750071585443894 16.249961370529178
vertex -6.500110214914715 -22.750071585443894 12.999906263071821
vertex 6.500110214914715 -22.750071585443894 12.999906263071821
endloop
endfacet
facet normal 0 -1 0
outer loop
vertex -6.500110214914715 -22.750071585443894 16.249961370529178
vertex 6.500110214914715 -22.750071585443894 12.999906263071821
vertex 6.500110214914715 -22.750071585443894 16.249961370529178
endloop
endfacet
facet normal 1 0 0
outer loop
vertex 6.500110214914715 19.500016477986538 16.249961370529178
vertex 6.500110214914715 19.500016477986538 12.999906263071821
vertex 6.500110214914715 22.750071585443894 12.999906263071821
endloop
endfacet
facet normal 1 0 0
outer loop
vertex 6.500110214914715 19.500016477986538 16.249961370529178
vertex 6.500110214914715 22.750071585443894 12.999906263071821
vertex 6.500110214914715 22.750071585443894 16.249961370529178
endloop
endfacet
facet normal 1 0 0
outer loop
vertex 6.500110214914715 -22.750071585443894 16.249961370529178
vertex 6.500110214914715 -22.750071585443894 12.999906263071821
vertex 6.500110214914715 -19.500016477986538 12.999906263071821
endloop
endfacet
facet normal 1 0 0
outer loop
vertex 6.500110214914715 -22.750071585443894 16.249961370529178
vertex 6.500110214914715 -19.500016477986538 12.999906263071821
vertex 6.500110214914715 -19.500016477986538 16.249961370529178
endloop
endfacet
facet normal 0 1 0
outer loop
vertex 6.500110214914715 22.750071585443894 16.249961370529178
vertex 6.500110214914715 22.750071585443894 12.999906263071821
vertex -6.500110214914715 22.750071585443894 12.999906263071821
endloop
endfacet
facet normal 0 1 0
outer loop
vertex 6.500110214914715 22.750071585443894 16.249961370529178
vertex -6.500110214914715 22.750071585443894 12.999906263071821
vertex -6.500110214914715 22.750071585443894 16.249961370529178
endloop
endfacet
facet normal -1 0 0
outer loop
vertex -22.750071585443894 0 14.625090900179305
vertex -22.750071585443894 -1.675137151567195 16.249961370529178
vertex -22.750071585443894 1.675137151567195 16.249961370529178
endloop
endfacet
facet normal -1 0 0
outer loop
vertex -22.750071585443894 0 14.625090900179305
vertex -22.750071585443894 1.675137151567195 16.249961370529178
vertex -22.750071585443894 6.500110214914715 16.249961370529178
endloop
endfacet
facet normal -1 0 0
outer loop
vertex -22.750071585443894 0 14.625090900179305
vertex -22.750071585443894 6.500110214914715 16.249961370529178
vertex -22.750071585443894 6.500110214914715 12.999906263071821
endloop
endfacet
facet normal -1 0 0
outer loop
vertex -22.750071585443894 0 14.625090900179305
vertex -22.750071585443894 6.500110214914715 12.999906263071821
vertex -22.750071585443894 1.675137151567195 12.999906263071821
endloop
endfacet
facet normal -1 0 0
outer loop
vertex -22.750071585443894 0 14.625090900179305
vertex -22.750071585443894 1.675137151567195 12.999906263071821
vertex -22.750071585443894 -1.675137151567195 12.999906263071821
endloop
endfacet
facet normal -1 0 0
outer loop
vertex -22.750071585443894 0 14.625090900179305
vertex -22.750071585443894 -1.675137151567195 12.999906263071821
vertex -22.750071585443894 -6.500110214914715 12.999906263071821
endloop
endfacet
facet normal -1 0 0
outer loop
vertex -22.750071585443894 0 14.625090900179305
vertex -22.750071585443894 -6.500110214914715 12.999906263071821
vertex -22.750071585443894 -6.500110214914715 16.249961370529178
endloop
endfacet
facet normal -1 0 0
outer loop
vertex -22.750071585443894 0 14.625090900179305
vertex -22.750071585443894 -6.500110214914715 16.249961370529178
vertex -22.750071585443894 -1.675137151567195 16.249961370529178
endloop
endfacet
facet normal 1 0 0
outer loop
vertex 22.750071585443894 0 14.625090900179305
vertex 22.750071585443894 1.675137151567195 16.249961370529178
vertex 22.750071585443894 -1.675137151567195 16.249961370529178
endloop
endfacet
facet normal 1 0 0
outer loop
vertex 22.750071585443894 0 14.625090900179305
vertex 22.750071585443894 -1.675137151567195 16.249961370529178
vertex 22.750071585443894 -6.500110214914715 16.249961370529178
endloop
endfacet
facet normal 1 0 0
outer loop
vertex 22.750071585443894 0 14.625090900179305
vertex 22.750071585443894 -6.500110214914715 16.249961370529178
vertex 22.750071585443894 -6.500110214914715 12.999906263071821
endloop
endfacet
facet normal 1 0 0
outer loop
vertex 22.750071585443894 0 14.625090900179305
vertex 22.750071585443894 -6.500110214914715 12.999906263071821
vertex 22.750071585443894 -1.675137151567195 12.999906263071821
endloop
endfacet
facet normal 1 0 0
outer loop
vertex 22.750071585443894 0 14.625090900179305
vertex 22.750071585443894 -1.675137151567195 12.999906263071821
vertex 22.750071585443894 1.675137151567195 12.999906263071821
endloop
endfacet
facet normal 1 0 0
outer loop
vertex 22.750071585443894 0 14.625090900179305
vertex 22.750071585443894 1.675137151567195 12.999906263071821
vertex 22.750071585443894 6.500110214914715 12.999906263071821
endloop
endfacet
facet normal 1 0 0
outer loop
vertex 22.750071585443894 0 14.625090900179305
vertex 22.750071585443894 6.500110214914715 12.999906263071821
vertex 22.750071585443894 6.500110214914715 16.249961370529178
endloop
endfacet
facet normal 1 0 0
outer loop
vertex 22.750071585443894 0 14.625090900179305
vertex 22.750071585443894 6.500110214914715 16.249961370529178
vertex 22.750071585443894 1.675137151567195 16.249961370529178
endloop
endfacet
facet normal 0 1 0
outer loop
vertex -19.500016477986538 6.500110214914715 16.249961370529178
vertex -19.500016477986538 6.500110214914715 12.999906263071821
vertex -22.750071585443894 6.500110214914715 12.999906263071821
endloop
endfacet
facet normal 0 1 0
outer loop
vertex -19.500016477986538 6.500110214914715 16.249961370529178
vertex -22.750071585443894 6.500110214914715 12.999906263071821
vertex -22.750071585443894 6.500110214914715 16.249961370529178
endloop
endfacet
facet normal 0 1 0
outer loop
vertex 22.750071585443894 6.500110214914715 16.249961370529178
vertex 22.750071585443894 6.500110214914715 12.999906263071821
vertex 19.500016477986538 6.500110214914715 12.999906263071821
endloop
endfacet
facet normal 0 1 0
outer loop
vertex 22.750071585443894 6.500110214914715 16.249961370529178
vertex 19.500016477986538 6.500110214914715 12.999906263071821
vertex 19.500016477986538 6.500110214914715 16.249961370529178
endloop
endfacet
facet normal 0 -0.9999999999999999 0
outer loop
vertex 19.500330644744146 -6.500110214914715 16.249961370529178
vertex 19.500330644744146 -6.500110214914715 12.999906263071821
vertex 22.750071585443894 -6.500110214914715 12.999906263071821
endloop
endfacet
facet normal 0 -0.9999999999999999 0
outer loop
vertex 19.500330644744146 -6.500110214914715 16.249961370529178
vertex 22.750071585443894 -6.500110214914715 12.999906263071821
vertex 22.750071585443894 -6.500110214914715 16.249961370529178
endloop
endfacet
facet normal 0 -0.9999999999999999 0
outer loop
vertex -22.750071585443894 -6.500110214914715 16.249961370529178
vertex -22.750071585443894 -6.500110214914715 12.999906263071821
vertex -19.500330644744146 -6.500110214914715 12.999906263071821
endloop
endfacet
facet normal 0 -0.9999999999999999 0
outer loop
vertex -22.750071585443894 -6.500110214914715 16.249961370529178
vertex -19.500330644744146 -6.500110214914715 12.999906263071821
vertex -19.500330644744146 -6.500110214914715 16.249961370529178
endloop
endfacet
facet normal -1 0 0
outer loop
vertex -19.500330644744146 -6.500110214914715 16.249961370529178
vertex -19.500330644744146 -6.500110214914715 12.999906263071821
vertex -19.500330644744146 -9.750165322372073 12.999906263071821
endloop
endfacet
facet normal -1 0 0
outer loop
vertex -19.500330644744146 -6.500110214914715 16.249961370529178
vertex -19.500330644744146 -9.750165322372073 12.999906263071821
vertex -19.500330644744146 -9.750165322372073 16.249961370529178
endloop
endfacet
facet normal 1 0 0
outer loop
vertex 19.500330644744146 -9.750165322372073 16.249961370529178
vertex 19.500330644744146 -9.750165322372073 12.999906263071821
vertex 19.500330644744146 -6.500110214914715 12.999906263071821
endloop
endfacet
facet normal 1 0 0
outer loop
vertex 19.500330644744146 -9.750165322372073 16.249961370529178
vertex 19.500330644744146 -6.500110214914715 12.999906263071821
vertex 19.500330644744146 -6.500110214914715 16.249961370529178
endloop
endfacet
facet normal -0.9999999999999999 0 0
outer loop
vertex -19.500016477986538 -9.750165322372073 16.249961370529178
vertex -19.500016477986538 -9.750165322372073 12.999906263071821
vertex -19.500016477986538 -12.999906263071821 12.999906263071821
endloop
endfacet
facet normal -0.9999999999999999 0 0
outer loop
vertex -19.500016477986538 -9.750165322372073 16.249961370529178
vertex -19.500016477986538 -12.999906263071821 12.999906263071821
vertex -19.500016477986538 -12.999906263071821 16.249961370529178
endloop
endfacet
facet normal -1 0 0
outer loop
vertex -19.500016477986538 12.999906263071821 16.249961370529178
vertex -19.500016477986538 12.999906263071821 12.999906263071821
vertex -19.500016477986538 6.500110214914715 12.999906263071821
endloop
endfacet
facet normal -1 0 0
outer loop
vertex -19.500016477986538 12.999906263071821 16.249961370529178
vertex -19.500016477986538 6.500110214914715 12.999906263071821
vertex -19.500016477986538 6.500110214914715 16.249961370529178
endloop
endfacet
facet normal 1 0 0
outer loop
vertex 19.500016477986538 6.500110214914715 16.249961370529178
vertex 19.500016477986538 6.500110214914715 12.999906263071821
vertex 19.500016477986538 12.999906263071821 12.999906263071821
endloop
endfacet
facet normal 1 0 0
outer loop
vertex 19.500016477986538 6.500110214914715 16.249961370529178
vertex 19.500016477986538 12.999906263071821 12.999906263071821
vertex 19.500016477986538 12.999906263071821 16.249961370529178
endloop
endfacet
facet normal 0.9999999999999999 0 0
outer loop
vertex 19.500016477986538 -12.999906263071821 16.249961370529178
vertex 19.500016477986538 -12.999906263071821 12.999906263071821
vertex 19.500016477986538 -9.750165322372073 12.999906263071821
endloop
endfacet
facet normal 0.9999999999999999 0 0
outer loop
vertex 19.500016477986538 -12.999906263071821 16.249961370529178
vertex 19.500016477986538 -9.750165322372073 12.999906263071821
vertex 19.500016477986538 -9.750165322372073 16.249961370529178
endloop
endfacet
facet normal 0 -1 0
outer loop
vertex 19.500016477986538 -9.750165322372073 16.249961370529178
vertex 19.500016477986538 -9.750165322372073 12.999906263071821
vertex 19.500330644744146 -9.750165322372073 12.999906263071821
endloop
endfacet
facet normal 0 -1 0
outer loop
vertex 19.500016477986538 -9.750165322372073 16.249961370529178
vertex 19.500330644744146 -9.750165322372073 12.999906263071821
vertex 19.500330644744146 -9.750165322372073 16.249961370529178
endloop
endfacet
facet normal 0 -1 0
outer loop
vertex -19.500330644744146 -9.750165322372073 16.249961370529178
vertex -19.500330644744146 -9.750165322372073 12.999906263071821
vertex -19.500016477986538 -9.750165322372073 12.999906263071821
endloop
endfacet
facet normal 0 -1 0
outer loop
vertex -19.500330644744146 -9.750165322372073 16.249961370529178
vertex -19.500016477986538 -9.750165322372073 12.999906263071821
vertex -19.500016477986538 -9.750165322372073 16.249961370529178
endloop
endfacet
facet normal 0 1 0
outer loop
vertex -16.249961370529178 12.999906263071821 16.249961370529178
vertex -16.249961370529178 12.999906263071821 12.999906263071821
vertex -19.500016477986538 12.999906263071821 12.999906263071821
endloop
endfacet
facet normal 0 1 0
outer loop
vertex -16.249961370529178 12.999906263071821 16.249961370529178
vertex -19.500016477986538 12.999906263071821 12.999906263071821
vertex -19.500016477986538 12.999906263071821 16.249961370529178
endloop
endfacet
facet normal 0 1 0
outer loop
vertex 19.500016477986538 12.999906263071821 16.249961370529178
vertex 19.500016477986538 12.999906263071821 12.999906263071821
vertex 16.249961370529178 12.999906263071821 12.999906263071821
endloop
endfacet
facet normal 0 1 0
outer loop
vertex 19.500016477986538 12.999906263071821 16.249961370529178
vertex 16.249961370529178 12.999906263071821 12.999906263071821
vertex 16.249961370529178 12.999906263071821 16.249961370529178
endloop
endfacet
facet normal 0 -1 0
outer loop
vertex 16.249961370529178 -12.999906263071821 16.249961370529178
vertex 16.249961370529178 -12.999906263071821 12.999906263071821
vertex 19.500016477986538 -12.999906263071821 12.999906263071821
endloop
endfacet
facet normal 0 -1 0
outer loop
vertex 16.249961370529178 -12.999906263071821 16.249961370529178
vertex 19.500016477986538 -12.999906263071821 12.999906263071821
vertex 19.500016477986538 -12.999906263071821 16.249961370529178
endloop
endfacet
facet normal 0 -1 0
outer loop
vertex -19.500016477986538 -12.999906263071821 16.249961370529178
vertex -19.500016477986538 -12.999906263071821 12.999906263071821
vertex -16.249961370529178 -12.999906263071821 12.999906263071821
endloop
endfacet
facet normal 0 -1 0
outer loop
vertex -19.500016477986538 -12.999906263071821 16.249961370529178
vertex -16.249961370529178 -12.999906263071821 12.999906263071821
vertex -16.249961370529178 -12.999906263071821 16.249961370529178
endloop
endfacet
facet normal -1 0 0
outer loop
vertex -16.249961370529178 -12.999906263071821 16.249961370529178
vertex -16.249961370529178 -12.999906263071821 12.999906263071821
vertex -16.249961370529178 -16.249961370529178 12.999906263071821
endloop
endfacet
facet normal -1 0 0
outer loop
vertex -16.249961370529178 -12.999906263071821 16.249961370529178
vertex -16.249961370529178 -16.249961370529178 12.999906263071821
vertex -16.249961370529178 -16.249961370529178 16.249961370529178
endloop
endfacet
facet normal -1 0 0
outer loop
vertex -16.249961370529178 16.249961370529178 16.249961370529178
vertex -16.249961370529178 16.249961370529178 12.999906263071821
vertex -16.249961370529178 12.999906263071821 12.999906263071821
endloop
endfacet
facet normal -1 0 0
outer loop
vertex -16.249961370529178 16.249961370529178 16.249961370529178
vertex -16.249961370529178 12.999906263071821 12.999906263071821
vertex -16.249961370529178 12.999906263071821 16.249961370529178
endloop
endfacet
facet normal 1 0 0
outer loop
vertex 16.249961370529178 12.999906263071821 16.249961370529178
vertex 16.249961370529178 12.999906263071821 12.999906263071821
vertex 16.249961370529178 16.249961370529178 12.999906263071821
endloop
endfacet
facet normal 1 0 0
outer loop
vertex 16.249961370529178 12.999906263071821 16.249961370529178
vertex 16.249961370529178 16.249961370529178 12.999906263071821
vertex 16.249961370529178 16.249961370529178 16.249961370529178
endloop
endfacet
facet normal 1 0 0
outer loop
vertex 16.249961370529178 -16.249961370529178 16.249961370529178
vertex 16.249961370529178 -16.249961370529178 12.999906263071821
vertex 16.249961370529178 -12.999906263071821 12.999906263071821
endloop
endfacet
facet normal 1 0 0
outer loop
vertex 16.249961370529178 -16.249961370529178 16.249961370529178
vertex 16.249961370529178 -12.999906263071821 12.999906263071821
vertex 16.249961370529178 -12.999906263071821 16.249961370529178
endloop
endfacet
facet normal 0 -0.9999999999999999 0
outer loop
vertex 13.00022042982943 -16.249961370529178 16.249961370529178
vertex 13.00022042982943 -16.249961370529178 12.999906263071821
vertex 16.249961370529178 -16.249961370529178 12.999906263071821
endloop
endfacet
facet normal 0 -0.9999999999999999 0
outer loop
vertex 13.00022042982943 -16.249961370529178 16.249961370529178
vertex 16.249961370529178 -16.249961370529178 12.999906263071821
vertex 16.249961370529178 -16.249961370529178 16.249961370529178
endloop
endfacet
facet normal 0 -0.9999999999999999 0
outer loop
vertex -16.249961370529178 -16.249961370529178 16.249961370529178
vertex -16.249961370529178 -16.249961370529178 12.999906263071821
vertex -13.00022042982943 -16.249961370529178 12.999906263071821
endloop
endfacet
facet normal 0 -0.9999999999999999 0
outer loop
vertex -16.249961370529178 -16.249961370529178 16.249961370529178
vertex -13.00022042982943 -16.249961370529178 12.999906263071821
vertex -13.00022042982943 -16.249961370529178 16.249961370529178
endloop
endfacet
facet normal 0 1 0
outer loop
vertex -12.999906263071821 16.249961370529178 16.249961370529178
vertex -12.999906263071821 16.249961370529178 12.999906263071821
vertex -16.249961370529178 16.249961370529178 12.999906263071821
endloop
endfacet
facet normal 0 1 0
outer loop
vertex -12.999906263071821 16.249961370529178 16.249961370529178
vertex -16.249961370529178 16.249961370529178 12.999906263071821
vertex -16.249961370529178 16.249961370529178 16.249961370529178
endloop
endfacet
facet normal 0 1 0
outer loop
vertex 16.249961370529178 16.249961370529178 16.249961370529178
vertex 16.249961370529178 16.249961370529178 12.999906263071821
vertex 12.999906263071821 16.249961370529178 12.999906263071821
endloop
endfacet
facet normal 0 1 0
outer loop
vertex 16.249961370529178 16.249961370529178 16.249961370529178
vertex 12.999906263071821 16.249961370529178 12.999906263071821
vertex 12.999906263071821 16.249961370529178 16.249961370529178
endloop
endfacet
facet normal -1 0 0
outer loop
vertex -13.00022042982943 -16.249961370529178 16.249961370529178
vertex -13.00022042982943 -16.249961370529178 12.999906263071821
vertex -13.00022042982943 -19.500016477986538 12.999906263071821
endloop
endfacet
facet normal -1 0 0
outer loop
vertex -13.00022042982943 -16.249961370529178 16.249961370529178
vertex -13.00022042982943 -19.500016477986538 12.999906263071821
vertex -13.00022042982943 -19.500016477986538 16.249961370529178
endloop
endfacet
facet normal 1 0 0
outer loop
vertex 13.00022042982943 -19.500016477986538 16.249961370529178
vertex 13.00022042982943 -19.500016477986538 12.999906263071821
vertex 13.00022042982943 -16.249961370529178 12.999906263071821
endloop
endfacet
facet normal 1 0 0
outer loop
vertex 13.00022042982943 -19.500016477986538 16.249961370529178
vertex 13.00022042982943 -16.249961370529178 12.999906263071821
vertex 13.00022042982943 -16.249961370529178 16.249961370529178
endloop
endfacet
facet normal -1 0 0
outer loop
vertex -12.999906263071821 19.500016477986538 16.249961370529178
vertex -12.999906263071821 19.500016477986538 12.999906263071821
vertex -12.999906263071821 16.249961370529178 12.999906263071821
endloop
endfacet
facet normal -1 0 0
outer loop
vertex -12.999906263071821 19.500016477986538 16.249961370529178
vertex -12.999906263071821 16.249961370529178 12.999906263071821
vertex -12.999906263071821 16.249961370529178 16.249961370529178
endloop
endfacet
facet normal 1 0 0
outer loop
vertex 12.999906263071821 16.249961370529178 16.249961370529178
vertex 12.999906263071821 16.249961370529178 12.999906263071821
vertex 12.999906263071821 19.500016477986538 12.999906263071821
endloop
endfacet
facet normal 1 0 0
outer loop
vertex 12.999906263071821 16.249961370529178 16.249961370529178
vertex 12.999906263071821 19.500016477986538 12.999906263071821
vertex 12.999906263071821 19.500016477986538 16.249961370529178
endloop
endfacet
facet normal 0 -1 0
outer loop
vertex 6.500110214914715 -19.500016477986538 16.249961370529178
vertex 6.500110214914715 -19.500016477986538 12.999906263071821
vertex 13.00022042982943 -19.500016477986538 12.999906263071821
endloop
endfacet
facet normal 0 -1 0
outer loop
vertex 6.500110214914715 -19.500016477986538 16.249961370529178
vertex 13.00022042982943 -19.500016477986538 12.999906263071821
vertex 13.00022042982943 -19.500016477986538 16.249961370529178
endloop
endfacet
facet normal 0 -1 0
outer loop
vertex -13.00022042982943 -19.500016477986538 16.249961370529178
vertex -13.00022042982943 -19.500016477986538 12.999906263071821
vertex -6.500110214914715 -19.500016477986538 12.999906263071821
endloop
endfacet
facet normal 0 -1 0
outer loop
vertex -13.00022042982943 -19.500016477986538 16.249961370529178
vertex -6.500110214914715 -19.500016477986538 12.999906263071821
vertex -6.500110214914715 -19.500016477986538 16.249961370529178
endloop
endfacet
facet normal 0 1 0
outer loop
vertex -6.500110214914715 19.500016477986538 16.249961370529178
vertex -6.500110214914715 19.500016477986538 12.999906263071821
vertex -12.999906263071821 19.500016477986538 12.999906263071821
endloop
endfacet
facet normal 0 1 0
outer loop
vertex -6.500110214914715 19.500016477986538 16.249961370529178
vertex -12.999906263071821 19.500016477986538 12.999906263071821
vertex -12.999906263071821 19.500016477986538 16.249961370529178
endloop
endfacet
facet normal 0 1 0
outer loop
vertex 12.999906263071821 19.500016477986538 16.249961370529178
vertex 12.999906263071821 19.500016477986538 12.999906263071821
vertex 6.500110214914715 19.500016477986538 12.999906263071821
endloop
endfacet
facet normal 0 1 0
outer loop
vertex 12.999906263071821 19.500016477986538 16.249961370529178
vertex 6.500110214914715 19.500016477986538 12.999906263071821
vertex 6.500110214914715 19.500016477986538 16.249961370529178
endloop
endfacet
facet normal 0 0 1
outer loop
vertex -6.500110214914715 22.750071585443894 16.249961370529178
vertex -6.500110214914715 19.500016477986538 16.249961370529178
vertex 6.500110214914715 19.500016477986538 16.249961370529178
endloop
endfacet
facet normal 0 0 1
outer loop
vertex -6.500110214914715 22.750071585443894 16.249961370529178
vertex 6.500110214914715 19.500016477986538 16.249961370529178
vertex 6.500110214914715 22.750071585443894 16.249961370529178
endloop
endfacet
facet normal 0 0 1
outer loop
vertex 0 18.416769497753286 16.249961370529178
vertex 6.500110214914715 19.500016477986538 16.249961370529178
vertex -6.500110214914715 19.500016477986538 16.249961370529178
endloop
endfacet
facet normal 0 0 0.9999999999999999
outer loop
vertex 0 18.416769497753286 16.249961370529178
vertex -6.500110214914715 19.500016477986538 16.249961370529178
vertex -12.999906263071821 19.500016477986538 16.249961370529178
endloop
endfacet
facet normal 0 0 1
outer loop
vertex 0 18.416769497753286 16.249961370529178
vertex -12.999906263071821 19.500016477986538 16.249961370529178
vertex -12.999906263071821 16.249961370529178 16.249961370529178
endloop
endfacet
facet normal 0 0 1
outer loop
vertex 0 18.416769497753286 16.249961370529178
vertex -12.999906263071821 16.249961370529178 16.249961370529178
vertex 12.999906263071821 16.249961370529178 16.249961370529178
endloop
endfacet
facet normal 0 0 1
outer loop
vertex 0 18.416769497753286 16.249961370529178
vertex 12.999906263071821 16.249961370529178 16.249961370529178
vertex 12.999906263071821 19.500016477986538 16.249961370529178
endloop
endfacet
facet normal 0 0 0.9999999999999999
outer loop
vertex 0 18.416769497753286 16.249961370529178
vertex 12.999906263071821 19.500016477986538 16.249961370529178
vertex 6.500110214914715 19.500016477986538 16.249961370529178
endloop
endfacet
facet normal 0 0 1
outer loop
vertex 0 15.16671439029593 16.249961370529178
vertex 12.999906263071821 16.249961370529178 16.249961370529178
vertex -12.999906263071821 16.249961370529178 16.249961370529178
endloop
endfacet
facet normal 0 0 1
outer loop
vertex 0 15.16671439029593 16.249961370529178
vertex -12.999906263071821 16.249961370529178 16.249961370529178
vertex -16.249961370529178 16.249961370529178 16.249961370529178
endloop
endfacet
facet normal 0 0 0.9999999999999999
outer loop
vertex 0 15.16671439029593 16.249961370529178
vertex -16.249961370529178 16.249961370529178 16.249961370529178
vertex -16.249961370529178 12.999906263071821 16.249961370529178
endloop
endfacet
facet normal 0 0 1
outer loop
vertex 0 15.16671439029593 16.249961370529178
vertex -16.249961370529178 12.999906263071821 16.249961370529178
vertex 16.249961370529178 12.999906263071821 16.249961370529178
endloop
endfacet
facet normal 0 0 0.9999999999999999
outer loop
vertex 0 15.16671439029593 16.249961370529178
vertex 16.249961370529178 12.999906263071821 16.249961370529178
vertex 16.249961370529178 16.249961370529178 16.249961370529178
endloop
endfacet
facet normal 0 0 1
outer loop
vertex 0 15.16671439029593 16.249961370529178
vertex 16.249961370529178 16.249961370529178 16.249961370529178
vertex 12.999906263071821 16.249961370529178 16.249961370529178
endloop
endfacet
facet normal 0 0 1
outer loop
vertex 0 10.833412302605323 16.249961370529178
vertex 16.249961370529178 12.999906263071821 16.249961370529178
vertex -16.249961370529178 12.999906263071821 16.249961370529178
endloop
endfacet
facet normal 0 0 1
outer loop
vertex 0 10.833412302605323 16.249961370529178
vertex -16.249961370529178 12.999906263071821 16.249961370529178
vertex -19.500016477986538 12.999906263071821 16.249961370529178
endloop
endfacet
facet normal 0 0 1
outer loop
vertex 0 10.833412302605323 16.249961370529178
vertex -19.500016477986538 12.999906263071821 16.249961370529178
vertex -19.500016477986538 6.500110214914715 16.249961370529178
endloop
endfacet
facet normal 0 0 1
outer loop
vertex 0 10.833412302605323 16.249961370529178
vertex -19.500016477986538 6.500110214914715 16.249961370529178
vertex 19.500016477986538 6.500110214914715 16.249961370529178
endloop
endfacet
facet normal 0 0 1
outer loop
vertex 0 10.833412302605323 16.249961370529178
vertex 19.500016477986538 6.500110214914715 16.249961370529178
vertex 19.500016477986538 12.999906263071821 16.249961370529178
endloop
endfacet
facet normal 0 0 1
outer loop
vertex 0 10.833412302605323 16.249961370529178
vertex 19.500016477986538 12.999906263071821 16.249961370529178
vertex 16.249961370529178 12.999906263071821 16.249961370529178
endloop
endfacet
facet normal 0 0 1
outer loop
vertex 0 4.087623683240955 16.249961370529178
vertex 19.500016477986538 6.500110214914715 16.249961370529178
vertex -19.500016477986538 6.500110214914715 16.249961370529178
endloop
endfacet
facet normal 0 0 1
outer loop
vertex 0 4.087623683240955 16.249961370529178
vertex -19.500016477986538 6.500110214914715 16.249961370529178
vertex -22.750071585443894 6.500110214914715 16.249961370529178
endloop
endfacet
facet normal 0 0 1
outer loop
vertex 0 4.087623683240955 16.249961370529178
vertex -22.750071585443894 6.500110214914715 16.249961370529178
vertex -22.750071585443894 1.675137151567195 16.249961370529178
endloop
endfacet
facet normal 0 0 0.9999999999999999
outer loop
vertex 0 4.087623683240955 16.249961370529178
vertex -22.750071585443894 1.675137151567195 16.249961370529178
vertex -1.675137151567195 1.675137151567195 16.249961370529178
endloop
endfacet
facet normal 0 0 1
outer loop
vertex 0 4.087623683240955 16.249961370529178
vertex -1.675137151567195 1.675137151567195 16.249961370529178
vertex 1.675137151567195 1.675137151567195 16.249961370529178
endloop
endfacet
facet normal 0 0 0.9999999999999999
outer loop
vertex 0 4.087623683240955 16.249961370529178
vertex 1.675137151567195 1.675137151567195 16.249961370529178
vertex 22.750071585443894 1.675137151567195 16.249961370529178
endloop
endfacet
facet normal 0 0 1
outer loop
vertex 0 4.087623683240955 16.249961370529178
vertex 22.750071585443894 1.675137151567195 16.249961370529178
vertex 22.750071585443894 6.500110214914715 16.249961370529178
endloop
endfacet
facet normal 0 0 1
outer loop
vertex 0 4.087623683240955 16.249961370529178
vertex 22.750071585443894 6.500110214914715 16.249961370529178
vertex 19.500016477986538 6.500110214914715 16.249961370529178
endloop
endfacet
facet normal 0 0 1
outer loop
vertex 1.675137151567195 1.675137151567195 16.249961370529178
vertex 1.675137151567195 -1.675137151567195 16.249961370529178
vertex 22.750071585443894 -1.675137151567195 16.249961370529178
endloop
endfacet
facet normal 0 0 1
outer loop
vertex 1.675137151567195 1.675137151567195 16.249961370529178
vertex 22.750071585443894 -1.675137151567195 16.249961370529178
vertex 22.750071585443894 1.675137151567195 16.249961370529178
endloop
endfacet
facet normal 0 0 1
outer loop
vertex -22.750071585443894 1.675137151567195 16.249961370529178
vertex -22.750071585443894 -1.675137151567195 16.249961370529178
vertex -1.675137151567195 -1.675137151567195 16.249961370529178
endloop
endfacet
facet normal 0 0 1
outer loop
vertex -22.750071585443894 1.675137151567195 16.249961370529178
vertex -1.675137151567195 -1.675137151567195 16.249961370529178
vertex -1.675137151567195 1.675137151567195 16.249961370529178
endloop
endfacet
facet normal 0 0 1
outer loop
vertex 0 -4.087623683240955 16.249961370529178
vertex 1.675137151567195 -1.675137151567195 16.249961370529178
vertex -1.675137151567195 -1.675137151567195 16.249961370529178
endloop
endfacet
facet normal 0 0 0.9999999999999999
outer loop
vertex 0 -4.087623683240955 16.249961370529178
vertex -1.675137151567195 -1.675137151567195 16.249961370529178
vertex -22.750071585443894 -1.675137151567195 16.249961370529178
endloop
endfacet
facet normal 0 0 1
outer loop
vertex 0 -4.087623683240955 16.249961370529178
vertex -22.750071585443894 -1.675137151567195 16.249961370529178
vertex -22.750071585443894 -6.500110214914715 16.249961370529178
endloop
endfacet
facet normal 0 0 1
outer loop
vertex 0 -4.087623683240955 16.249961370529178
vertex -22.750071585443894 -6.500110214914715 16.249961370529178
vertex -19.500330644744146 -6.500110214914715 16.249961370529178
endloop
endfacet
facet normal 0 0 0.9999999999999999
outer loop
vertex 0 -4.087623683240955 16.249961370529178
vertex -19.500330644744146 -6.500110214914715 16.249961370529178
vertex 19.500330644744146 -6.500110214914715 16.249961370529178
endloop
endfacet
facet normal 0 0 1
outer loop
vertex 0 -4.087623683240955 16.249961370529178
vertex 19.500330644744146 -6.500110214914715 16.249961370529178
vertex 22.750071585443894 -6.500110214914715 16.249961370529178
endloop
endfacet
facet normal 0 0 1
outer loop
vertex 0 -4.087623683240955 16.249961370529178
vertex 22.750071585443894 -6.500110214914715 16.249961370529178
vertex 22.750071585443894 -1.675137151567195 16.249961370529178
endloop
endfacet
facet normal 0 0 0.9999999999999999
outer loop
vertex 0 -4.087623683240955 16.249961370529178
vertex 22.750071585443894 -1.675137151567195 16.249961370529178
vertex 1.675137151567195 -1.675137151567195 16.249961370529178
endloop
endfacet
facet normal 0 0 1
outer loop
vertex 0 -8.666918342138823 16.249961370529178
vertex -19.500330644744146 -6.500110214914715 16.249961370529178
vertex -19.500330644744146 -9.750165322372073 16.249961370529178
endloop
endfacet
facet normal 0 0 1
outer loop
vertex 0 -8.666918342138823 16.249961370529178
vertex -19.500330644744146 -9.750165322372073 16.249961370529178
vertex -19.500016477986538 -9.750165322372073 16.249961370529178
endloop
endfacet
facet normal 0 0 1
outer loop
vertex 0 -8.666918342138823 16.249961370529178
vertex -19.500016477986538 -9.750165322372073 16.249961370529178
vertex 19.500016477986538 -9.750165322372073 16.249961370529178
endloop
endfacet
facet normal 0 0 1
outer loop
vertex 0 -8.666918342138823 16.249961370529178
vertex 19.500016477986538 -9.750165322372073 16.249961370529178
vertex 19.500330644744146 -9.750165322372073 16.249961370529178
endloop
endfacet
facet normal 0 0 1
outer loop
vertex 0 -8.666918342138823 16.249961370529178
vertex 19.500330644744146 -9.750165322372073 16.249961370529178
vertex 19.500330644744146 -6.500110214914715 16.249961370529178
endloop
endfacet
facet normal 0 0 1
outer loop
vertex 0 -8.666918342138823 16.249961370529178
vertex 19.500330644744146 -6.500110214914715 16.249961370529178
vertex -19.500330644744146 -6.500110214914715 16.249961370529178
endloop
endfacet
facet normal 0 0 1
outer loop
vertex 0 -11.916659282838571 16.249961370529178
vertex -19.500016477986538 -9.750165322372073 16.249961370529178
vertex -19.500016477986538 -12.999906263071821 16.249961370529178
endloop
endfacet
facet normal 0 0 1
outer loop
vertex 0 -11.916659282838571 16.249961370529178
vertex -19.500016477986538 -12.999906263071821 16.249961370529178
vertex -16.249961370529178 -12.999906263071821 16.249961370529178
endloop
endfacet
facet normal 0 0 1
outer loop
vertex 0 -11.916659282838571 16.249961370529178
vertex -16.249961370529178 -12.999906263071821 16.249961370529178
vertex 16.249961370529178 -12.999906263071821 16.249961370529178
endloop
endfacet
facet normal 0 0 1
outer loop
vertex 0 -11.916659282838571 16.249961370529178
vertex 16.249961370529178 -12.999906263071821 16.249961370529178
vertex 19.500016477986538 -12.999906263071821 16.249961370529178
endloop
endfacet
facet normal 0 0 1
outer loop
vertex 0 -11.916659282838571 16.249961370529178
vertex 19.500016477986538 -12.999906263071821 16.249961370529178
vertex 19.500016477986538 -9.750165322372073 16.249961370529178
endloop
endfacet
facet normal 0 0 1
outer loop
vertex 0 -11.916659282838571 16.249961370529178
vertex 19.500016477986538 -9.750165322372073 16.249961370529178
vertex -19.500016477986538 -9.750165322372073 16.249961370529178
endloop
endfacet
facet normal 0 0 0.9999999999999999
outer loop
vertex 0 -15.16671439029593 16.249961370529178
vertex -16.249961370529178 -12.999906263071821 16.249961370529178
vertex -16.249961370529178 -16.249961370529178 16.249961370529178
endloop
endfacet
facet normal 0 0 1
outer loop
vertex 0 -15.16671439029593 16.249961370529178
vertex -16.249961370529178 -16.249961370529178 16.249961370529178
vertex -13.00022042982943 -16.249961370529178 16.249961370529178
endloop
endfacet
facet normal 0 0 1
outer loop
vertex 0 -15.16671439029593 16.249961370529178
vertex -13.00022042982943 -16.249961370529178 16.249961370529178
vertex 13.00022042982943 -16.249961370529178 16.249961370529178
endloop
endfacet
facet normal 0 0 1
outer loop
vertex 0 -15.16671439029593 16.249961370529178
vertex 13.00022042982943 -16.249961370529178 16.249961370529178
vertex 16.249961370529178 -16.249961370529178 16.249961370529178
endloop
endfacet
facet normal 0 0 0.9999999999999999
outer loop
vertex 0 -15.16671439029593 16.249961370529178
vertex 16.249961370529178 -16.249961370529178 16.249961370529178
vertex 16.249961370529178 -12.999906263071821 16.249961370529178
endloop
endfacet
facet normal 0 0 1
outer loop
vertex 0 -15.16671439029593 16.249961370529178
vertex 16.249961370529178 -12.999906263071821 16.249961370529178
vertex -16.249961370529178 -12.999906263071821 16.249961370529178
endloop
endfacet
facet normal 0 0 1
outer loop
vertex 0 -18.416769497753286 16.249961370529178
vertex -13.00022042982943 -16.249961370529178 16.249961370529178
vertex -13.00022042982943 -19.500016477986538 16.249961370529178
endloop
endfacet
facet normal 0 0 1
outer loop
vertex 0 -18.416769497753286 16.249961370529178
vertex -13.00022042982943 -19.500016477986538 16.249961370529178
vertex -6.500110214914715 -19.500016477986538 16.249961370529178
endloop
endfacet
facet normal 0 0 1
outer loop
vertex 0 -18.416769497753286 16.249961370529178
vertex -6.500110214914715 -19.500016477986538 16.249961370529178
vertex 6.500110214914715 -19.500016477986538 16.249961370529178
endloop
endfacet
facet normal 0 0 1
outer loop
vertex 0 -18.416769497753286 16.249961370529178
vertex 6.500110214914715 -19.500016477986538 16.249961370529178
vertex 13.00022042982943 -19.500016477986538 16.249961370529178
endloop
endfacet
facet normal 0 0 1
outer loop
vertex 0 -18.416769497753286 16.249961370529178
vertex 13.00022042982943 -19.500016477986538 16.249961370529178
vertex 13.00022042982943 -16.249961370529178 16.249961370529178
endloop
endfacet
facet normal 0 0 0.9999999999999999
outer loop
vertex 0 -18.416769497753286 16.249961370529178
vertex 13.00022042982943 -16.249961370529178 16.249961370529178
vertex -13.00022042982943 -16.249961370529178 16.249961370529178
endloop
endfacet
facet normal 0 0 1
outer loop
vertex -6.500110214914715 -19.500016477986538 16.249961370529178
vertex -6.500110214914715 -22.750071585443894 16.249961370529178
vertex 6.500110214914715 -22.750071585443894 16.249961370529178
endloop
endfacet
facet normal 0 0 1
outer loop
vertex -6.500110214914715 -19.500016477986538 16.249961370529178
vertex 6.500110214914715 -22.750071585443894 16.249961370529178
vertex 6.500110214914715 -19.500016477986538 16.249961370529178
endloop
endfacet
facet normal 0 0 -1
outer loop
vertex 6.500110214914715 22.750071585443894 12.999906263071821
vertex 6.500110214914715 19.500016477986538 12.999906263071821
vertex -6.500110214914715 19.500016477986538 12.999906263071821
endloop
endfacet
facet normal 0 0 -1
outer loop
vertex 6.500110214914715 22.750071585443894 12.999906263071821
vertex -6.500110214914715 19.500016477986538 12.999906263071821
vertex -6.500110214914715 22.750071585443894 12.999906263071821
endloop
endfacet
facet normal 0 0 -1
outer loop
vertex 0 18.416769497753286 12.999906263071821
vertex -6.500110214914715 19.500016477986538 12.999906263071821
vertex 6.500110214914715 19.500016477986538 12.999906263071821
endloop
endfacet
facet normal 0 0 -0.9999999999999999
outer loop
vertex 0 18.416769497753286 12.999906263071821
vertex 6.500110214914715 19.500016477986538 12.999906263071821
vertex 12.999906263071821 19.500016477986538 12.999906263071821
endloop
endfacet
facet normal 0 0 -1
outer loop
vertex 0 18.416769497753286 12.999906263071821
vertex 12.999906263071821 19.500016477986538 12.999906263071821
vertex 12.999906263071821 16.249961370529178 12.999906263071821
endloop
endfacet
facet normal 0 0 -1
outer loop
vertex 0 18.416769497753286 12.999906263071821
vertex 12.999906263071821 16.249961370529178 12.999906263071821
vertex -12.999906263071821 16.249961370529178 12.999906263071821
endloop
endfacet
facet normal 0 0 -1
outer loop
vertex 0 18.416769497753286 12.999906263071821
vertex -12.999906263071821 16.249961370529178 12.999906263071821
vertex -12.999906263071821 19.500016477986538 12.999906263071821
endloop
endfacet
facet normal 0 0 -0.9999999999999999
outer loop
vertex 0 18.416769497753286 12.999906263071821
vertex -12.999906263071821 19.500016477986538 12.999906263071821
vertex -6.500110214914715 19.500016477986538 12.999906263071821
endloop
endfacet
facet normal 0 0 -1
outer loop
vertex 0 15.16671439029593 12.999906263071821
vertex -12.999906263071821 16.249961370529178 12.999906263071821
vertex 12.999906263071821 16.249961370529178 12.999906263071821
endloop
endfacet
facet normal 0 0 -1
outer loop
vertex 0 15.16671439029593 12.999906263071821
vertex 12.999906263071821 16.249961370529178 12.999906263071821
vertex 16.249961370529178 16.249961370529178 12.999906263071821
endloop
endfacet
facet normal 0 0 -0.9999999999999999
outer loop
vertex 0 15.16671439029593 12.999906263071821
vertex 16.249961370529178 16.249961370529178 12.999906263071821
vertex 16.249961370529178 12.999906263071821 12.999906263071821
endloop
endfacet
facet normal 0 0 -1
outer loop
vertex 0 15.16671439029593 12.999906263071821
vertex 16.249961370529178 12.999906263071821 12.999906263071821
vertex -16.249961370529178 12.999906263071821 12.999906263071821
endloop
endfacet
facet normal 0 0 -0.9999999999999999
outer loop
vertex 0 15.16671439029593 12.999906263071821
vertex -16.249961370529178 12.999906263071821 12.999906263071821
vertex -16.249961370529178 16.249961370529178 12.999906263071821
endloop
endfacet
facet normal 0 0 -1
outer loop
vertex 0 15.16671439029593 12.999906263071821
vertex -16.249961370529178 16.249961370529178 12.999906263071821
vertex -12.999906263071821 16.249961370529178 12.999906263071821
endloop
endfacet
facet normal 0 0 -1
outer loop
vertex 0 10.833412302605323 12.999906263071821
vertex -16.249961370529178 12.999906263071821 12.999906263071821
vertex 16.249961370529178 12.999906263071821 12.999906263071821
endloop
endfacet
facet normal 0 0 -1
outer loop
vertex 0 10.833412302605323 12.999906263071821
vertex 16.249961370529178 12.999906263071821 12.999906263071821
vertex 19.500016477986538 12.999906263071821 12.999906263071821
endloop
endfacet
facet normal 0 0 -1
outer loop
vertex 0 10.833412302605323 12.999906263071821
vertex 19.500016477986538 12.999906263071821 12.999906263071821
vertex 19.500016477986538 6.500110214914715 12.999906263071821
endloop
endfacet
facet normal 0 0 -1
outer loop
vertex 0 10.833412302605323 12.999906263071821
vertex 19.500016477986538 6.500110214914715 12.999906263071821
vertex -19.500016477986538 6.500110214914715 12.999906263071821
endloop
endfacet
facet normal 0 0 -1
outer loop
vertex 0 10.833412302605323 12.999906263071821
vertex -19.500016477986538 6.500110214914715 12.999906263071821
vertex -19.500016477986538 12.999906263071821 12.999906263071821
endloop
endfacet
facet normal 0 0 -1
outer loop
vertex 0 10.833412302605323 12.999906263071821
vertex -19.500016477986538 12.999906263071821 12.999906263071821
vertex -16.249961370529178 12.999906263071821 12.999906263071821
endloop
endfacet
facet normal 0 0 -1
outer loop
vertex 0 4.087623683240955 12.999906263071821
vertex -19.500016477986538 6.500110214914715 12.999906263071821
vertex 19.500016477986538 6.500110214914715 12.999906263071821
endloop
endfacet
facet normal 0 0 -1
outer loop
vertex 0 4.087623683240955 12.999906263071821
vertex 19.500016477986538 6.500110214914715 12.999906263071821
vertex 22.750071585443894 6.500110214914715 12.999906263071821
endloop
endfacet
facet normal 0 0 -1
outer loop
vertex 0 4.087623683240955 12.999906263071821
vertex 22.750071585443894 6.500110214914715 12.999906263071821
vertex 22.750071585443894 1.675137151567195 12.999906263071821
endloop
endfacet
facet normal 0 0 -0.9999999999999999
outer loop
vertex 0 4.087623683240955 12.999906263071821
vertex 22.750071585443894 1.675137151567195 12.999906263071821
vertex 1.675137151567195 1.675137151567195 12.999906263071821
endloop
endfacet
facet normal 0 0 -1
outer loop
vertex 0 4.087623683240955 12.999906263071821
vertex 1.675137151567195 1.675137151567195 12.999906263071821
vertex -1.675137151567195 1.675137151567195 12.999906263071821
endloop
endfacet
facet normal 0 0 -0.9999999999999999
outer loop
vertex 0 4.087623683240955 12.999906263071821
vertex -1.675137151567195 1.675137151567195 12.999906263071821
vertex -22.750071585443894 1.675137151567195 12.999906263071821
endloop
endfacet
facet normal 0 0 -1
outer loop
vertex 0 4.087623683240955 12.999906263071821
vertex -22.750071585443894 1.675137151567195 12.999906263071821
vertex -22.750071585443894 6.500110214914715 12.999906263071821
endloop
endfacet
facet normal 0 0 -1
outer loop
vertex 0 4.087623683240955 12.999906263071821
vertex -22.750071585443894 6.500110214914715 12.999906263071821
vertex -19.500016477986538 6.500110214914715 12.999906263071821
endloop
endfacet
facet normal 0 0 -1
outer loop
vertex -1.675137151567195 1.675137151567195 12.999906263071821
vertex -1.675137151567195 -1.675137151567195 12.999906263071821
vertex -22.750071585443894 -1.675137151567195 12.999906263071821
endloop
endfacet
facet normal 0 0 -1
outer loop
vertex -1.675137151567195 1.675137151567195 12.999906263071821
vertex -22.750071585443894 -1.675137151567195 12.999906263071821
vertex -22.750071585443894 1.675137151567195 12.999906263071821
endloop
endfacet
facet normal 0 0 -1
outer loop
vertex 22.750071585443894 1.675137151567195 12.999906263071821
vertex 22.750071585443894 -1.675137151567195 12.999906263071821
vertex 1.675137151567195 -1.675137151567195 12.999906263071821
endloop
endfacet
facet normal 0 0 -1
outer loop
vertex 22.750071585443894 1.675137151567195 12.999906263071821
vertex 1.675137151567195 -1.675137151567195 12.999906263071821
vertex 1.675137151567195 1.675137151567195 12.999906263071821
endloop
endfacet
facet normal 0 0 -1
outer loop
vertex 0 -4.087623683240955 12.999906263071821
vertex -1.675137151567195 -1.675137151567195 12.999906263071821
vertex 1.675137151567195 -1.675137151567195 12.999906263071821
endloop
endfacet
facet normal 0 0 -0.9999999999999999
outer loop
vertex 0 -4.087623683240955 12.999906263071821
vertex 1.675137151567195 -1.675137151567195 12.999906263071821
vertex 22.750071585443894 -1.675137151567195 12.999906263071821
endloop
endfacet
facet normal 0 0 -1
outer loop
vertex 0 -4.087623683240955 12.999906263071821
vertex 22.750071585443894 -1.675137151567195 12.999906263071821
vertex 22.750071585443894 -6.500110214914715 12.999906263071821
endloop
endfacet
facet normal 0 0 -1
outer loop
vertex 0 -4.087623683240955 12.999906263071821
vertex 22.750071585443894 -6.500110214914715 12.999906263071821
vertex 19.500330644744146 -6.500110214914715 12.999906263071821
endloop
endfacet
facet normal 0 0 -0.9999999999999999
outer loop
vertex 0 -4.087623683240955 12.999906263071821
vertex 19.500330644744146 -6.500110214914715 12.999906263071821
vertex -19.500330644744146 -6.500110214914715 12.999906263071821
endloop
endfacet
facet normal 0 0 -1
outer loop
vertex 0 -4.087623683240955 12.999906263071821
vertex -19.500330644744146 -6.500110214914715 12.999906263071821
vertex -22.750071585443894 -6.500110214914715 12.999906263071821
endloop
endfacet
facet normal 0 0 -1
outer loop
vertex 0 -4.087623683240955 12.999906263071821
vertex -22.750071585443894 -6.500110214914715 12.999906263071821
vertex -22.750071585443894 -1.675137151567195 12.999906263071821
endloop
endfacet
facet normal 0 0 -0.9999999999999999
outer loop
vertex 0 -4.087623683240955 12.999906263071821
vertex -22.750071585443894 -1.675137151567195 12.999906263071821
vertex -1.675137151567195 -1.675137151567195 12.999906263071821
endloop
endfacet
facet normal 0 0 -1
outer loop
vertex 0 -8.666918342138823 12.999906263071821
vertex 19.500330644744146 -6.500110214914715 12.999906263071821
vertex 19.500330644744146 -9.750165322372073 12.999906263071821
endloop
endfacet
facet normal 0 0 -1
outer loop
vertex 0 -8.666918342138823 12.999906263071821
vertex 19.500330644744146 -9.750165322372073 12.999906263071821
vertex 19.500016477986538 -9.750165322372073 12.999906263071821
endloop
endfacet
facet normal 0 0 -1
outer loop
vertex 0 -8.666918342138823 12.999906263071821
vertex 19.500016477986538 -9.750165322372073 12.999906263071821
vertex -19.500016477986538 -9.750165322372073 12.999906263071821
endloop
endfacet
facet normal 0 0 -1
outer loop
vertex 0 -8.666918342138823 12.999906263071821
vertex -19.500016477986538 -9.750165322372073 12.999906263071821
vertex -19.500330644744146 -9.750165322372073 12.999906263071821
endloop
endfacet
facet normal 0 0 -1
outer loop
vertex 0 -8.666918342138823 12.999906263071821
vertex -19.500330644744146 -9.750165322372073 12.999906263071821
vertex -19.500330644744146 -6.500110214914715 12.999906263071821
endloop
endfacet
facet normal 0 0 -1
outer loop
vertex 0 -8.666918342138823 12.999906263071821
vertex -19.500330644744146 -6.500110214914715 12.999906263071821
vertex 19.500330644744146 -6.500110214914715 12.999906263071821
endloop
endfacet
facet normal 0 0 -1
outer loop
vertex 0 -11.916659282838571 12.999906263071821
vertex 19.500016477986538 -9.750165322372073 12.999906263071821
vertex 19.500016477986538 -12.999906263071821 12.999906263071821
endloop
endfacet
facet normal 0 0 -1
outer loop
vertex 0 -11.916659282838571 12.999906263071821
vertex 19.500016477986538 -12.999906263071821 12.999906263071821
vertex 16.249961370529178 -12.999906263071821 12.999906263071821
endloop
endfacet
facet normal 0 0 -1
outer loop
vertex 0 -11.916659282838571 12.999906263071821
vertex 16.249961370529178 -12.999906263071821 12.999906263071821
vertex -16.249961370529178 -12.999906263071821 12.999906263071821
endloop
endfacet
facet normal 0 0 -1
outer loop
vertex 0 -11.916659282838571 12.999906263071821
vertex -16.249961370529178 -12.999906263071821 12.999906263071821
vertex -19.500016477986538 -12.999906263071821 12.999906263071821
endloop
endfacet
facet normal 0 0 -1
outer loop
vertex 0 -11.916659282838571 12.999906263071821
vertex -19.500016477986538 -12.999906263071821 12.999906263071821
vertex -19.500016477986538 -9.750165322372073 12.999906263071821
endloop
endfacet
facet normal 0 0 -1
outer loop
vertex 0 -11.916659282838571 12.999906263071821
vertex -19.500016477986538 -9.750165322372073 12.999906263071821
vertex 19.500016477986538 -9.750165322372073 12.999906263071821
endloop
endfacet
facet normal 0 0 -0.9999999999999999
outer loop
vertex 0 -15.16671439029593 12.999906263071821
vertex 16.249961370529178 -12.999906263071821 12.999906263071821
vertex 16.249961370529178 -16.249961370529178 12.999906263071821
endloop
endfacet
facet normal 0 0 -1
outer loop
vertex 0 -15.16671439029593 12.999906263071821
vertex 16.249961370529178 -16.249961370529178 12.999906263071821
vertex 13.00022042982943 -16.249961370529178 12.999906263071821
endloop
endfacet
facet normal 0 0 -1
outer loop
vertex 0 -15.16671439029593 12.999906263071821
vertex 13.00022042982943 -16.249961370529178 12.999906263071821
vertex -13.00022042982943 -16.249961370529178 12.999906263071821
endloop
endfacet
facet normal 0 0 -1
outer loop
vertex 0 -15.16671439029593 12.999906263071821
vertex -13.00022042982943 -16.249961370529178 12.999906263071821
vertex -16.249961370529178 -16.249961370529178 12.999906263071821
endloop
endfacet
facet normal 0 0 -0.9999999999999999
outer loop
vertex 0 -15.16671439029593 12.999906263071821
vertex -16.249961370529178 -16.249961370529178 12.999906263071821
vertex -16.249961370529178 -12.999906263071821 12.999906263071821
endloop
endfacet
facet normal 0 0 -1
outer loop
vertex 0 -15.16671439029593 12.999906263071821
vertex -16.249961370529178 -12.999906263071821 12.999906263071821
vertex 16.249961370529178 -12.999906263071821 12.999906263071821
endloop
endfacet
facet normal 0 0 -1
outer loop
vertex 0 -18.416769497753286 12.999906263071821
vertex 13.00022042982943 -16.249961370529178 12.999906263071821
vertex 13.00022042982943 -19.500016477986538 12.999906263071821
endloop
endfacet
facet normal 0 0 -1
outer loop
vertex 0 -18.416769497753286 12.999906263071821
vertex 13.00022042982943 -19.500016477986538 12.999906263071821
vertex 6.500110214914715 -19.500016477986538 12.999906263071821
endloop
endfacet
facet normal 0 0 -1
outer loop
vertex 0 -18.416769497753286 12.999906263071821
vertex 6.500110214914715 -19.500016477986538 12.999906263071821
vertex -6.500110214914715 -19.500016477986538 12.999906263071821
endloop
endfacet
facet normal 0 0 -1
outer loop
vertex 0 -18.416769497753286 12.999906263071821
vertex -6.500110214914715 -19.500016477986538 12.999906263071821
vertex -13.00022042982943 -19.500016477986538 12.999906263071821
endloop
endfacet
facet normal 0 0 -1
outer loop
vertex 0 -18.416769497753286 12.999906263071821
vertex -13.00022042982943 -19.500016477986538 12.999906263071821
vertex -13.00022042982943 -16.249961370529178 12.999906263071821
endloop
endfacet
facet normal 0 0 -0.9999999999999999
outer loop
vertex 0 -18.416769497753286 12.999906263071821
vertex -13.00022042982943 -16.249961370529178 12.999906263071821
vertex 13.00022042982943 -16.249961370529178 12.999906263071821
endloop
endfacet
facet normal 0 0 -1
outer loop
vertex 6.500110214914715 -19.500016477986538 12.999906263071821
vertex 6.500110214914715 -22.750071585443894 12.999906263071821
vertex -6.500110214914715 -22.750071585443894 12.999906263071821
endloop
endfacet
facet normal 0 0 -1
outer loop
vertex 6.500110214914715 -19.500016477986538 12.999906263071821
vertex -6.500110214914715 -22.750071585443894 12.999906263071821
vertex -6.500110214914715 -19.500016477986538 12.999906263071821
endloop
endfacet
facet normal 0.9999999999999999 0 0
outer loop
vertex -1.675137151567195 1.675137151567195 12.999906263071821
vertex -1.675137151567195 1.675137151567195 16.249961370529178
vertex -1.675137151567195 -1.675137151567195 16.249961370529178
endloop
endfacet
facet normal 0.9999999999999999 0 0
outer loop
vertex -1.675137151567195 1.675137151567195 12.999906263071821
vertex -1.675137151567195 -1.675137151567195 16.249961370529178
vertex -1.675137151567195 -1.675137151567195 12.999906263071821
endloop
endfacet
facet normal -0.9999999999999999 0 0
outer loop
vertex 1.675137151567195 -1.675137151567195 12.999906263071821
vertex 1.675137151567195 -1.675137151567195 16.249961370529178
vertex 1.675137151567195 1.675137151567195 16.249961370529178
endloop
endfacet
facet normal -0.9999999999999999 0 0
outer loop
vertex 1.675137151567195 -1.675137151567195 12.999906263071821
vertex 1.675137151567195 1.675137151567195 16.249961370529178
vertex 1.675137151567195 1.675137151567195 12.999906263071821
endloop
endfacet
facet normal 0 0.9999999999999999 0
outer loop
vertex -1.675137151567195 -1.675137151567195 12.999906263071821
vertex -1.675137151567195 -1.675137151567195 16.249961370529178
vertex 1.675137151567195 -1.675137151567195 16.249961370529178
endloop
endfacet
facet normal 0 0.9999999999999999 0
outer loop
vertex -1.675137151567195 -1.675137151567195 12.999906263071821
vertex 1.675137151567195 -1.675137151567195 16.249961370529178
vertex 1.675137151567195 -1.675137151567195 12.999906263071821
endloop
endfacet
facet normal 0 -0.9999999999999999 0
outer loop
vertex 1.675137151567195 1.675137151567195 12.999906263071821
vertex 1.675137151567195 1.675137151567195 16.249961370529178
vertex -1.675137151567195 1.675137151567195 16.249961370529178
endloop
endfacet
facet normal 0 -0.9999999999999999 0
outer loop
vertex 1.675137151567195 1.675137151567195 12.999906263071821
vertex -1.675137151567195 1.675137151567195 16.249961370529178
vertex -1.675137151567195 1.675137151567195 12.999906263071821
endloop
endfacet
facet normal -1 0 0
outer loop
vertex -9.75017260141259 -19.50003103583303 19.50003103583303
vertex -9.75017260141259 -19.50003103583303 16.249973502028833
vertex -9.75017260141259 -22.750088569637224 16.249973502028833
endloop
endfacet
facet normal -1 0 0
outer loop
vertex -9.75017260141259 -19.50003103583303 19.50003103583303
vertex -9.75017260141259 -22.750088569637224 16.249973502028833
vertex -9.75017260141259 -22.750088569637224 19.50003103583303
endloop
endfacet
facet normal -1 0 0
outer loop
vertex -9.75017260141259 22.750088569637224 19.50003103583303
vertex -9.75017260141259 22.750088569637224 16.249973502028833
vertex -9.75017260141259 19.50003103583303 16.249973502028833
endloop
endfacet
facet normal -1 0 0
outer loop
vertex -9.75017260141259 22.750088569637224 19.50003103583303
vertex -9.75017260141259 19.50003103583303 16.249973502028833
vertex -9.75017260141259 19.50003103583303 19.50003103583303
endloop
endfacet
facet normal 0 -0.9999999999999999 0
outer loop
vertex -9.75017260141259 -22.750088569637224 19.50003103583303
vertex -9.75017260141259 -22.750088569637224 16.249973502028833
vertex 9.75017260141259 -22.750088569637224 16.249973502028833
endloop
endfacet
facet normal 0 -0.9999999999999999 0
outer loop
vertex -9.75017260141259 -22.750088569637224 19.50003103583303
vertex 9.75017260141259 -22.750088569637224 16.249973502028833
vertex 9.75017260141259 -22.750088569637224 19.50003103583303
endloop
endfacet
facet normal 1 0 0
outer loop
vertex 9.75017260141259 19.50003103583303 19.50003103583303
vertex 9.75017260141259 19.50003103583303 16.249973502028833
vertex 9.75017260141259 22.750088569637224 16.249973502028833
endloop
endfacet
facet normal 1 0 0
outer loop
vertex 9.75017260141259 19.50003103583303 19.50003103583303
vertex 9.75017260141259 22.750088569637224 16.249973502028833
vertex 9.75017260141259 22.750088569637224 19.50003103583303
endloop
endfacet
facet normal 1 0 0
outer loop
vertex 9.75017260141259 -22.750088569637224 19.50003103583303
vertex 9.75017260141259 -22.750088569637224 16.249973502028833
vertex 9.75017260141259 -19.50003103583303 16.249973502028833
endloop
endfacet
facet normal 1 0 0
outer loop
vertex 9.75017260141259 -22.750088569637224 19.50003103583303
vertex 9.75017260141259 -19.50003103583303 16.249973502028833
vertex 9.75017260141259 -19.50003103583303 19.50003103583303
endloop
endfacet
facet normal 0 0.9999999999999999 0
outer loop
vertex 9.75017260141259 22.750088569637224 19.50003103583303
vertex 9.75017260141259 22.750088569637224 16.249973502028833
vertex -9.75017260141259 22.750088569637224 16.249973502028833
endloop
endfacet
facet normal 0 0.9999999999999999 0
outer loop
vertex 9.75017260141259 22.750088569637224 19.50003103583303
vertex -9.75017260141259 22.750088569637224 16.249973502028833
vertex -9.75017260141259 22.750088569637224 19.50003103583303
endloop
endfacet
facet normal -1 0 0
outer loop
vertex -22.750088569637224 -3.250057533804197 19.50003103583303
vertex -22.750088569637224 -3.250057533804197 16.249973502028833
vertex -22.750088569637224 -9.75017260141259 16.249973502028833
endloop
endfacet
facet normal -1 0 0
outer loop
vertex -22.750088569637224 -3.250057533804197 19.50003103583303
vertex -22.750088569637224 -9.75017260141259 16.249973502028833
vertex -22.750088569637224 -9.75017260141259 19.50003103583303
endloop
endfacet
facet normal -0.9999999999999999 0 0
outer loop
vertex -22.750088569637224 2.7250844899195363 17.875159352427005
vertex -22.750088569637224 1.6751384021502151 19.50003103583303
vertex -22.750088569637224 6.500115067608394 19.50003103583303
endloop
endfacet
facet normal -1 0 0
outer loop
vertex -22.750088569637224 2.7250844899195363 17.875159352427005
vertex -22.750088569637224 6.500115067608394 19.50003103583303
vertex -22.750088569637224 6.500115067608394 16.249973502028833
endloop
endfacet
facet normal -1 0 0
outer loop
vertex -22.750088569637224 2.7250844899195363 17.875159352427005
vertex -22.750088569637224 6.500115067608394 16.249973502028833
vertex -22.750088569637224 1.6751384021502151 16.249973502028833
endloop
endfacet
facet normal -1 0 0
outer loop
vertex -22.750088569637224 2.7250844899195363 17.875159352427005
vertex -22.750088569637224 1.6751384021502151 16.249973502028833
vertex -22.750088569637224 0 16.249973502028833
endloop
endfacet
facet normal -1 0 0
outer loop
vertex -22.750088569637224 2.7250844899195363 17.875159352427005
vertex -22.750088569637224 0 16.249973502028833
vertex -22.750088569637224 0 19.50003103583303
endloop
endfacet
facet normal -0.9999999999999999 0 0
outer loop
vertex -22.750088569637224 2.7250844899195363 17.875159352427005
vertex -22.750088569637224 0 19.50003103583303
vertex -22.750088569637224 1.6751384021502151 19.50003103583303
endloop
endfacet
facet normal 0.9999999999999999 0 0
outer loop
vertex 22.750088569637224 2.7250844899195363 17.875159352427005
vertex 22.750088569637224 1.6751384021502151 19.50003103583303
vertex 22.750088569637224 0 19.50003103583303
endloop
endfacet
facet normal 1 0 0
outer loop
vertex 22.750088569637224 2.7250844899195363 17.875159352427005
vertex 22.750088569637224 0 19.50003103583303
vertex 22.750088569637224 0 16.249973502028833
endloop
endfacet
facet normal 1 0 0
outer loop
vertex 22.750088569637224 2.7250844899195363 17.875159352427005
vertex 22.750088569637224 0 16.249973502028833
vertex 22.750088569637224 1.6751384021502151 16.249973502028833
endloop
endfacet
facet normal 1 0 0
outer loop
vertex 22.750088569637224 2.7250844899195363 17.875159352427005
vertex 22.750088569637224 1.6751384021502151 16.249973502028833
vertex 22.750088569637224 6.500115067608394 16.249973502028833
endloop
endfacet
facet normal 1 0 0
outer loop
vertex 22.750088569637224 2.7250844899195363 17.875159352427005
vertex 22.750088569637224 6.500115067608394 16.249973502028833
vertex 22.750088569637224 6.500115067608394 19.50003103583303
endloop
endfacet
facet normal 0.9999999999999999 0 0
outer loop
vertex 22.750088569637224 2.7250844899195363 17.875159352427005
vertex 22.750088569637224 6.500115067608394 19.50003103583303
vertex 22.750088569637224 1.6751384021502151 19.50003103583303
endloop
endfacet
facet normal 1 0 0
outer loop
vertex 22.750088569637224 -9.75017260141259 19.50003103583303
vertex 22.750088569637224 -9.75017260141259 16.249973502028833
vertex 22.750088569637224 -3.250057533804197 16.249973502028833
endloop
endfacet
facet normal 1 0 0
outer loop
vertex 22.750088569637224 -9.75017260141259 19.50003103583303
vertex 22.750088569637224 -3.250057533804197 16.249973502028833
vertex 22.750088569637224 -3.250057533804197 19.50003103583303
endloop
endfacet
facet normal 0 -1 0
outer loop
vertex 19.50003103583303 -9.75017260141259 19.50003103583303
vertex 19.50003103583303 -9.75017260141259 16.249973502028833
vertex 22.750088569637224 -9.75017260141259 16.249973502028833
endloop
endfacet
facet normal 0 -1 0
outer loop
vertex 19.50003103583303 -9.75017260141259 19.50003103583303
vertex 22.750088569637224 -9.75017260141259 16.249973502028833
vertex 22.750088569637224 -9.75017260141259 19.50003103583303
endloop
endfacet
facet normal 0 -1 0
outer loop
vertex -22.750088569637224 -9.75017260141259 19.50003103583303
vertex -22.750088569637224 -9.75017260141259 16.249973502028833
vertex -19.50003103583303 -9.75017260141259 16.249973502028833
endloop
endfacet
facet normal 0 -1 0
outer loop
vertex -22.750088569637224 -9.75017260141259 19.50003103583303
vertex -19.50003103583303 -9.75017260141259 16.249973502028833
vertex -19.50003103583303 -9.75017260141259 19.50003103583303
endloop
endfacet
facet normal 0 -1 0
outer loop
vertex 22.749774402645073 0 19.50003103583303
vertex 22.749774402645073 0 16.249973502028833
vertex 22.750088569637224 0 16.249973502028833
endloop
endfacet
facet normal 0 -1 0
outer loop
vertex 22.749774402645073 0 19.50003103583303
vertex 22.750088569637224 0 16.249973502028833
vertex 22.750088569637224 0 19.50003103583303
endloop
endfacet
facet normal 0 -1 0
outer loop
vertex -22.750088569637224 0 19.50003103583303
vertex -22.750088569637224 0 16.249973502028833
vertex -22.749774402645073 0 16.249973502028833
endloop
endfacet
facet normal 0 -1 0
outer loop
vertex -22.750088569637224 0 19.50003103583303
vertex -22.749774402645073 0 16.249973502028833
vertex -22.749774402645073 0 19.50003103583303
endloop
endfacet
facet normal 0 1 0
outer loop
vertex -22.749774402645073 6.500115067608394 19.50003103583303
vertex -22.749774402645073 6.500115067608394 16.249973502028833
vertex -22.750088569637224 6.500115067608394 16.249973502028833
endloop
endfacet
facet normal 0 1 0
outer loop
vertex -22.749774402645073 6.500115067608394 19.50003103583303
vertex -22.750088569637224 6.500115067608394 16.249973502028833
vertex -22.750088569637224 6.500115067608394 19.50003103583303
endloop
endfacet
facet normal 0 1 0
outer loop
vertex 22.750088569637224 6.500115067608394 19.50003103583303
vertex 22.750088569637224 6.500115067608394 16.249973502028833
vertex 22.749774402645073 6.500115067608394 16.249973502028833
endloop
endfacet
facet normal 0 1 0
outer loop
vertex 22.750088569637224 6.500115067608394 19.50003103583303
vertex 22.749774402645073 6.500115067608394 16.249973502028833
vertex 22.749774402645073 6.500115067608394 19.50003103583303
endloop
endfacet
facet normal 0 1 0
outer loop
vertex -22.749774402645073 -3.250057533804197 19.50003103583303
vertex -22.749774402645073 -3.250057533804197 16.249973502028833
vertex -22.750088569637224 -3.250057533804197 16.249973502028833
endloop
endfacet
facet normal 0 1 0
outer loop
vertex -22.749774402645073 -3.250057533804197 19.50003103583303
vertex -22.750088569637224 -3.250057533804197 16.249973502028833
vertex -22.750088569637224 -3.250057533804197 19.50003103583303
endloop
endfacet
facet normal 0 1 0
outer loop
vertex 22.750088569637224 -3.250057533804197 19.50003103583303
vertex 22.750088569637224 -3.250057533804197 16.249973502028833
vertex 22.749774402645073 -3.250057533804197 16.249973502028833
endloop
endfacet
facet normal 0 1 0
outer loop
vertex 22.750088569637224 -3.250057533804197 19.50003103583303
vertex 22.749774402645073 -3.250057533804197 16.249973502028833
vertex 22.749774402645073 -3.250057533804197 19.50003103583303
endloop
endfacet
facet normal -0.9999999999999999 0 0
outer loop
vertex -22.749774402645073 -1.6418367009821877 17.875159352427005
vertex -22.749774402645073 -1.6751384021502151 19.50003103583303
vertex -22.749774402645073 0 19.50003103583303
endloop
endfacet
facet normal -1 0 0
outer loop
vertex -22.749774402645073 -1.6418367009821877 17.875159352427005
vertex -22.749774402645073 0 19.50003103583303
vertex -22.749774402645073 0 16.249973502028833
endloop
endfacet
facet normal -1 0 0
outer loop
vertex -22.749774402645073 -1.6418367009821877 17.875159352427005
vertex -22.749774402645073 0 16.249973502028833
vertex -22.749774402645073 -1.6751384021502151 16.249973502028833
endloop
endfacet
facet normal -1 0 0
outer loop
vertex -22.749774402645073 -1.6418367009821877 17.875159352427005
vertex -22.749774402645073 -1.6751384021502151 16.249973502028833
vertex -22.749774402645073 -3.250057533804197 16.249973502028833
endloop
endfacet
facet normal -1 0 0
outer loop
vertex -22.749774402645073 -1.6418367009821877 17.875159352427005
vertex -22.749774402645073 -3.250057533804197 16.249973502028833
vertex -22.749774402645073 -3.250057533804197 19.50003103583303
endloop
endfacet
facet normal -1 0 0
outer loop
vertex -22.749774402645073 -1.6418367009821877 17.875159352427005
vertex -22.749774402645073 -3.250057533804197 19.50003103583303
vertex -22.749774402645073 -1.6751384021502151 19.50003103583303
endloop
endfacet
facet normal -1 0 0
outer loop
vertex -22.749774402645073 9.75017260141259 19.50003103583303
vertex -22.749774402645073 9.75017260141259 16.249973502028833
vertex -22.749774402645073 6.500115067608394 16.249973502028833
endloop
endfacet
facet normal -1 0 0
outer loop
vertex -22.749774402645073 9.75017260141259 19.50003103583303
vertex -22.749774402645073 6.500115067608394 16.249973502028833
vertex -22.749774402645073 6.500115067608394 19.50003103583303
endloop
endfacet
facet normal 1 0 0
outer loop
vertex 22.749774402645073 6.500115067608394 19.50003103583303
vertex 22.749774402645073 6.500115067608394 16.249973502028833
vertex 22.749774402645073 9.75017260141259 16.249973502028833
endloop
endfacet
facet normal 1 0 0
outer loop
vertex 22.749774402645073 6.500115067608394 19.50003103583303
vertex 22.749774402645073 9.75017260141259 16.249973502028833
vertex 22.749774402645073 9.75017260141259 19.50003103583303
endloop
endfacet
facet normal 1 0 0
outer loop
vertex 22.749774402645073 -1.6418367009821877 17.875159352427005
vertex 22.749774402645073 -1.6751384021502151 19.50003103583303
vertex 22.749774402645073 -3.250057533804197 19.50003103583303
endloop
endfacet
facet normal 1 0 0
outer loop
vertex 22.749774402645073 -1.6418367009821877 17.875159352427005
vertex 22.749774402645073 -3.250057533804197 19.50003103583303
vertex 22.749774402645073 -3.250057533804197 16.249973502028833
endloop
endfacet
facet normal 1 0 0
outer loop
vertex 22.749774402645073 -1.6418367009821877 17.875159352427005
vertex 22.749774402645073 -3.250057533804197 16.249973502028833
vertex 22.749774402645073 -1.6751384021502151 16.249973502028833
endloop
endfacet
facet normal 1 0 0
outer loop
vertex 22.749774402645073 -1.6418367009821877 17.875159352427005
vertex 22.749774402645073 -1.6751384021502151 16.249973502028833
vertex 22.749774402645073 0 16.249973502028833
endloop
endfacet
facet normal 1 0 0
outer loop
vertex 22.749774402645073 -1.6418367009821877 17.875159352427005
vertex 22.749774402645073 0 16.249973502028833
vertex 22.749774402645073 0 19.50003103583303
endloop
endfacet
facet normal 0.9999999999999999 0 0
outer loop
vertex 22.749774402645073 -1.6418367009821877 17.875159352427005
vertex 22.749774402645073 0 19.50003103583303
vertex 22.749774402645073 -1.6751384021502151 19.50003103583303
endloop
endfacet
facet normal 0 1 0
outer loop
vertex -19.50003103583303 9.75017260141259 19.50003103583303
vertex -19.50003103583303 9.75017260141259 16.249973502028833
vertex -22.749774402645073 9.75017260141259 16.249973502028833
endloop
endfacet
facet normal 0 1 0
outer loop
vertex -19.50003103583303 9.75017260141259 19.50003103583303
vertex -22.749774402645073 9.75017260141259 16.249973502028833
vertex -22.749774402645073 9.75017260141259 19.50003103583303
endloop
endfacet
facet normal 0 1 0
outer loop
vertex 22.749774402645073 9.75017260141259 19.50003103583303
vertex 22.749774402645073 9.75017260141259 16.249973502028833
vertex 19.50003103583303 9.75017260141259 16.249973502028833
endloop
endfacet
facet normal 0 1 0
outer loop
vertex 22.749774402645073 9.75017260141259 19.50003103583303
vertex 19.50003103583303 9.75017260141259 16.249973502028833
vertex 19.50003103583303 9.75017260141259 19.50003103583303
endloop
endfacet
facet normal -1 0 0
outer loop
vertex -19.50003103583303 -9.75017260141259 19.50003103583303
vertex -19.50003103583303 -9.75017260141259 16.249973502028833
vertex -19.50003103583303 -12.999915968224636 16.249973502028833
endloop
endfacet
facet normal -1 0 0
outer loop
vertex -19.50003103583303 -9.75017260141259 19.50003103583303
vertex -19.50003103583303 -12.999915968224636 16.249973502028833
vertex -19.50003103583303 -12.999915968224636 19.50003103583303
endloop
endfacet
facet normal -1 0 0
outer loop
vertex -19.50003103583303 12.999915968224636 19.50003103583303
vertex -19.50003103583303 12.999915968224636 16.249973502028833
vertex -19.50003103583303 9.75017260141259 16.249973502028833
endloop
endfacet
facet normal -1 0 0
outer loop
vertex -19.50003103583303 12.999915968224636 19.50003103583303
vertex -19.50003103583303 9.75017260141259 16.249973502028833
vertex -19.50003103583303 9.75017260141259 19.50003103583303
endloop
endfacet
facet normal 1 0 0
outer loop
vertex 19.50003103583303 9.75017260141259 19.50003103583303
vertex 19.50003103583303 9.75017260141259 16.249973502028833
vertex 19.50003103583303 12.999915968224636 16.249973502028833
endloop
endfacet
facet normal 1 0 0
outer loop
vertex 19.50003103583303 9.75017260141259 19.50003103583303
vertex 19.50003103583303 12.999915968224636 16.249973502028833
vertex 19.50003103583303 12.999915968224636 19.50003103583303
endloop
endfacet
facet normal 1 0 0
outer loop
vertex 19.50003103583303 -12.999915968224636 19.50003103583303
vertex 19.50003103583303 -12.999915968224636 16.249973502028833
vertex 19.50003103583303 -9.75017260141259 16.249973502028833
endloop
endfacet
facet normal 1 0 0
outer loop
vertex 19.50003103583303 -12.999915968224636 19.50003103583303
vertex 19.50003103583303 -9.75017260141259 16.249973502028833
vertex 19.50003103583303 -9.75017260141259 19.50003103583303
endloop
endfacet
facet normal 0 1 0
outer loop
vertex -16.249973502028833 12.999915968224636 19.50003103583303
vertex -16.249973502028833 12.999915968224636 16.249973502028833
vertex -19.50003103583303 12.999915968224636 16.249973502028833
endloop
endfacet
facet normal 0 1 0
outer loop
vertex -16.249973502028833 12.999915968224636 19.50003103583303
vertex -19.50003103583303 12.999915968224636 16.249973502028833
vertex -19.50003103583303 12.999915968224636 19.50003103583303
endloop
endfacet
facet normal 0 1 0
outer loop
vertex 19.50003103583303 12.999915968224636 19.50003103583303
vertex 19.50003103583303 12.999915968224636 16.249973502028833
vertex 16.249973502028833 12.999915968224636 16.249973502028833
endloop
endfacet
facet normal 0 1 0
outer loop
vertex 19.50003103583303 12.999915968224636 19.50003103583303
vertex 16.249973502028833 12.999915968224636 16.249973502028833
vertex 16.249973502028833 12.999915968224636 19.50003103583303
endloop
endfacet
facet normal 0 -1 0
outer loop
vertex 16.249973502028833 -12.999915968224636 19.50003103583303
vertex 16.249973502028833 -12.999915968224636 16.249973502028833
vertex 19.50003103583303 -12.999915968224636 16.249973502028833
endloop
endfacet
facet normal 0 -1 0
outer loop
vertex 16.249973502028833 -12.999915968224636 19.50003103583303
vertex 19.50003103583303 -12.999915968224636 16.249973502028833
vertex 19.50003103583303 -12.999915968224636 19.50003103583303
endloop
endfacet
facet normal 0 -1 0
outer loop
vertex -19.50003103583303 -12.999915968224636 19.50003103583303
vertex -19.50003103583303 -12.999915968224636 16.249973502028833
vertex -16.249973502028833 -12.999915968224636 16.249973502028833
endloop
endfacet
facet normal 0 -1 0
outer loop
vertex -19.50003103583303 -12.999915968224636 19.50003103583303
vertex -16.249973502028833 -12.999915968224636 16.249973502028833
vertex -16.249973502028833 -12.999915968224636 19.50003103583303
endloop
endfacet
facet normal -0.9999999999999999 0 0
outer loop
vertex -16.249973502028833 -12.999915968224636 19.50003103583303
vertex -16.249973502028833 -12.999915968224636 16.249973502028833
vertex -16.249973502028833 -16.249973502028833 16.249973502028833
endloop
endfacet
facet normal -0.9999999999999999 0 0
outer loop
vertex -16.249973502028833 -12.999915968224636 19.50003103583303
vertex -16.249973502028833 -16.249973502028833 16.249973502028833
vertex -16.249973502028833 -16.249973502028833 19.50003103583303
endloop
endfacet
facet normal -0.9999999999999999 0 0
outer loop
vertex -16.249973502028833 16.249973502028833 19.50003103583303
vertex -16.249973502028833 16.249973502028833 16.249973502028833
vertex -16.249973502028833 12.999915968224636 16.249973502028833
endloop
endfacet
facet normal -0.9999999999999999 0 0
outer loop
vertex -16.249973502028833 16.249973502028833 19.50003103583303
vertex -16.249973502028833 12.999915968224636 16.249973502028833
vertex -16.249973502028833 12.999915968224636 19.50003103583303
endloop
endfacet
facet normal 0.9999999999999999 0 0
outer loop
vertex 16.249973502028833 12.999915968224636 19.50003103583303
vertex 16.249973502028833 12.999915968224636 16.249973502028833
vertex 16.249973502028833 16.249973502028833 16.249973502028833
endloop
endfacet
facet normal 0.9999999999999999 0 0
outer loop
vertex 16.249973502028833 12.999915968224636 19.50003103583303
vertex 16.249973502028833 16.249973502028833 16.249973502028833
vertex 16.249973502028833 16.249973502028833 19.50003103583303
endloop
endfacet
facet normal 0.9999999999999999 0 0
outer loop
vertex 16.249973502028833 -16.249973502028833 19.50003103583303
vertex 16.249973502028833 -16.249973502028833 16.249973502028833
vertex 16.249973502028833 -12.999915968224636 16.249973502028833
endloop
endfacet
facet normal 0.9999999999999999 0 0
outer loop
vertex 16.249973502028833 -16.249973502028833 19.50003103583303
vertex 16.249973502028833 -12.999915968224636 16.249973502028833
vertex 16.249973502028833 -12.999915968224636 19.50003103583303
endloop
endfacet
facet normal 0 -0.9999999999999999 0
outer loop
vertex 12.999915968224636 -16.249973502028833 19.50003103583303
vertex 12.999915968224636 -16.249973502028833 16.249973502028833
vertex 16.249973502028833 -16.249973502028833 16.249973502028833
endloop
endfacet
facet normal 0 -0.9999999999999999 0
outer loop
vertex 12.999915968224636 -16.249973502028833 19.50003103583303
vertex 16.249973502028833 -16.249973502028833 16.249973502028833
vertex 16.249973502028833 -16.249973502028833 19.50003103583303
endloop
endfacet
facet normal 0 -0.9999999999999999 0
outer loop
vertex -16.249973502028833 -16.249973502028833 19.50003103583303
vertex -16.249973502028833 -16.249973502028833 16.249973502028833
vertex -12.999915968224636 -16.249973502028833 16.249973502028833
endloop
endfacet
facet normal 0 -0.9999999999999999 0
outer loop
vertex -16.249973502028833 -16.249973502028833 19.50003103583303
vertex -12.999915968224636 -16.249973502028833 16.249973502028833
vertex -12.999915968224636 -16.249973502028833 19.50003103583303
endloop
endfacet
facet normal 0 0.9999999999999999 0
outer loop
vertex -12.999915968224636 16.249973502028833 19.50003103583303
vertex -12.999915968224636 16.249973502028833 16.249973502028833
vertex -16.249973502028833 16.249973502028833 16.249973502028833
endloop
endfacet
facet normal 0 0.9999999999999999 0
outer loop
vertex -12.999915968224636 16.249973502028833 19.50003103583303
vertex -16.249973502028833 16.249973502028833 16.249973502028833
vertex -16.249973502028833 16.249973502028833 19.50003103583303
endloop
endfacet
facet normal 0 0.9999999999999999 0
outer loop
vertex 16.249973502028833 16.249973502028833 19.50003103583303
vertex 16.249973502028833 16.249973502028833 16.249973502028833
vertex 12.999915968224636 16.249973502028833 16.249973502028833
endloop
endfacet
facet normal 0 0.9999999999999999 0
outer loop
vertex 16.249973502028833 16.249973502028833 19.50003103583303
vertex 12.999915968224636 16.249973502028833 16.249973502028833
vertex 12.999915968224636 16.249973502028833 19.50003103583303
endloop
endfacet
facet normal -1 0 0
outer loop
vertex -12.999915968224636 -16.249973502028833 19.50003103583303
vertex -12.999915968224636 -16.249973502028833 16.249973502028833
vertex -12.999915968224636 -19.50003103583303 16.249973502028833
endloop
endfacet
facet normal -1 0 0
outer loop
vertex -12.999915968224636 -16.249973502028833 19.50003103583303
vertex -12.999915968224636 -19.50003103583303 16.249973502028833
vertex -12.999915968224636 -19.50003103583303 19.50003103583303
endloop
endfacet
facet normal -1 0 0
outer loop
vertex -12.999915968224636 19.50003103583303 19.50003103583303
vertex -12.999915968224636 19.50003103583303 16.249973502028833
vertex -12.999915968224636 16.249973502028833 16.249973502028833
endloop
endfacet
facet normal -1 0 0
outer loop
vertex -12.999915968224636 19.50003103583303 19.50003103583303
vertex -12.999915968224636 16.249973502028833 16.249973502028833
vertex -12.999915968224636 16.249973502028833 19.50003103583303
endloop
endfacet
facet normal 1 0 0
outer loop
vertex 12.999915968224636 16.249973502028833 19.50003103583303
vertex 12.999915968224636 16.249973502028833 16.249973502028833
vertex 12.999915968224636 19.50003103583303 16.249973502028833
endloop
endfacet
facet normal 1 0 0
outer loop
vertex 12.999915968224636 16.249973502028833 19.50003103583303
vertex 12.999915968224636 19.50003103583303 16.249973502028833
vertex 12.999915968224636 19.50003103583303 19.50003103583303
endloop
endfacet
facet normal 1 0 0
outer loop
vertex 12.999915968224636 -19.50003103583303 19.50003103583303
vertex 12.999915968224636 -19.50003103583303 16.249973502028833
vertex 12.999915968224636 -16.249973502028833 16.249973502028833
endloop
endfacet
facet normal 1 0 0
outer loop
vertex 12.999915968224636 -19.50003103583303 19.50003103583303
vertex 12.999915968224636 -16.249973502028833 16.249973502028833
vertex 12.999915968224636 -16.249973502028833 19.50003103583303
endloop
endfacet
facet normal 0 -1 0
outer loop
vertex 9.75017260141259 -19.50003103583303 19.50003103583303
vertex 9.75017260141259 -19.50003103583303 16.249973502028833
vertex 12.999915968224636 -19.50003103583303 16.249973502028833
endloop
endfacet
facet normal 0 -1 0
outer loop
vertex 9.75017260141259 -19.50003103583303 19.50003103583303
vertex 12.999915968224636 -19.50003103583303 16.249973502028833
vertex 12.999915968224636 -19.50003103583303 19.50003103583303
endloop
endfacet
facet normal 0 -1 0
outer loop
vertex -12.999915968224636 -19.50003103583303 19.50003103583303
vertex -12.999915968224636 -19.50003103583303 16.249973502028833
vertex -9.75017260141259 -19.50003103583303 16.249973502028833
endloop
endfacet
facet normal 0 -1 0
outer loop
vertex -12.999915968224636 -19.50003103583303 19.50003103583303
vertex -9.75017260141259 -19.50003103583303 16.249973502028833
vertex -9.75017260141259 -19.50003103583303 19.50003103583303
endloop
endfacet
facet normal 0 1 0
outer loop
vertex -9.75017260141259 19.50003103583303 19.50003103583303
vertex -9.75017260141259 19.50003103583303 16.249973502028833
vertex -12.999915968224636 19.50003103583303 16.249973502028833
endloop
endfacet
facet normal 0 1 0
outer loop
vertex -9.75017260141259 19.50003103583303 19.50003103583303
vertex -12.999915968224636 19.50003103583303 16.249973502028833
vertex -12.999915968224636 19.50003103583303 19.50003103583303
endloop
endfacet
facet normal 0 1 0
outer loop
vertex 12.999915968224636 19.50003103583303 19.50003103583303
vertex 12.999915968224636 19.50003103583303 16.249973502028833
vertex 9.75017260141259 19.50003103583303 16.249973502028833
endloop
endfacet
facet normal 0 1 0
outer loop
vertex 12.999915968224636 19.50003103583303 19.50003103583303
vertex 9.75017260141259 19.50003103583303 16.249973502028833
vertex 9.75017260141259 19.50003103583303 19.50003103583303
endloop
endfacet
facet normal 0 0 0.9999999999999999
outer loop
vertex -9.75017260141259 22.750088569637224 19.50003103583303
vertex -9.75017260141259 19.50003103583303 19.50003103583303
vertex 9.75017260141259 19.50003103583303 19.50003103583303
endloop
endfacet
facet normal 0 0 0.9999999999999999
outer loop
vertex -9.75017260141259 22.750088569637224 19.50003103583303
vertex 9.75017260141259 19.50003103583303 19.50003103583303
vertex 9.75017260141259 22.750088569637224 19.50003103583303
endloop
endfacet
facet normal 0 0 0.9999999999999999
outer loop
vertex 0 18.41678324689568 19.50003103583303
vertex 9.75017260141259 19.50003103583303 19.50003103583303
vertex -9.75017260141259 19.50003103583303 19.50003103583303
endloop
endfacet
facet normal 0 0 1
outer loop
vertex 0 18.41678324689568 19.50003103583303
vertex -9.75017260141259 19.50003103583303 19.50003103583303
vertex -12.999915968224636 19.50003103583303 19.50003103583303
endloop
endfacet
facet normal 0 0 1
outer loop
vertex 0 18.41678324689568 19.50003103583303
vertex -12.999915968224636 19.50003103583303 19.50003103583303
vertex -12.999915968224636 16.249973502028833 19.50003103583303
endloop
endfacet
facet normal 0 0 1
outer loop
vertex 0 18.41678324689568 19.50003103583303
vertex -12.999915968224636 16.249973502028833 19.50003103583303
vertex 12.999915968224636 16.249973502028833 19.50003103583303
endloop
endfacet
facet normal 0 0 1
outer loop
vertex 0 18.41678324689568 19.50003103583303
vertex 12.999915968224636 16.249973502028833 19.50003103583303
vertex 12.999915968224636 19.50003103583303 19.50003103583303
endloop
endfacet
facet normal 0 0 1
outer loop
vertex 0 18.41678324689568 19.50003103583303
vertex 12.999915968224636 19.50003103583303 19.50003103583303
vertex 9.75017260141259 19.50003103583303 19.50003103583303
endloop
endfacet
facet normal 0 0 0.9999999999999999
outer loop
vertex 0 15.166725713091484 19.50003103583303
vertex 12.999915968224636 16.249973502028833 19.50003103583303
vertex -12.999915968224636 16.249973502028833 19.50003103583303
endloop
endfacet
facet normal 0 0 1
outer loop
vertex 0 15.166725713091484 19.50003103583303
vertex -12.999915968224636 16.249973502028833 19.50003103583303
vertex -16.249973502028833 16.249973502028833 19.50003103583303
endloop
endfacet
facet normal 0 0 1
outer loop
vertex 0 15.166725713091484 19.50003103583303
vertex -16.249973502028833 16.249973502028833 19.50003103583303
vertex -16.249973502028833 12.999915968224636 19.50003103583303
endloop
endfacet
facet normal 0 0 1
outer loop
vertex 0 15.166725713091484 19.50003103583303
vertex -16.249973502028833 12.999915968224636 19.50003103583303
vertex 16.249973502028833 12.999915968224636 19.50003103583303
endloop
endfacet
facet normal 0 0 1
outer loop
vertex 0 15.166725713091484 19.50003103583303
vertex 16.249973502028833 12.999915968224636 19.50003103583303
vertex 16.249973502028833 16.249973502028833 19.50003103583303
endloop
endfacet
facet normal 0 0 1
outer loop
vertex 0 15.166725713091484 19.50003103583303
vertex 16.249973502028833 16.249973502028833 19.50003103583303
vertex 12.999915968224636 16.249973502028833 19.50003103583303
endloop
endfacet
facet normal 0 0 1
outer loop
vertex 0 11.916668179287287 19.50003103583303
vertex 16.249973502028833 12.999915968224636 19.50003103583303
vertex -16.249973502028833 12.999915968224636 19.50003103583303
endloop
endfacet
facet normal 0 0 1
outer loop
vertex 0 11.916668179287287 19.50003103583303
vertex -16.249973502028833 12.999915968224636 19.50003103583303
vertex -19.50003103583303 12.999915968224636 19.50003103583303
endloop
endfacet
facet normal 0 0 0.9999999999999999
outer loop
vertex 0 11.916668179287287 19.50003103583303
vertex -19.50003103583303 12.999915968224636 19.50003103583303
vertex -19.50003103583303 9.75017260141259 19.50003103583303
endloop
endfacet
facet normal 0 0 0.9999999999999999
outer loop
vertex 0 11.916668179287287 19.50003103583303
vertex -19.50003103583303 9.75017260141259 19.50003103583303
vertex 19.50003103583303 9.75017260141259 19.50003103583303
endloop
endfacet
facet normal 0 0 0.9999999999999999
outer loop
vertex 0 11.916668179287287 19.50003103583303
vertex 19.50003103583303 9.75017260141259 19.50003103583303
vertex 19.50003103583303 12.999915968224636 19.50003103583303
endloop
endfacet
facet normal 0 0 1
outer loop
vertex 0 11.916668179287287 19.50003103583303
vertex 19.50003103583303 12.999915968224636 19.50003103583303
vertex 16.249973502028833 12.999915968224636 19.50003103583303
endloop
endfacet
facet normal 0 0 1
outer loop
vertex 0 8.66692481247524 19.50003103583303
vertex 19.50003103583303 9.75017260141259 19.50003103583303
vertex -19.50003103583303 9.75017260141259 19.50003103583303
endloop
endfacet
facet normal 0 0 1
outer loop
vertex 0 8.66692481247524 19.50003103583303
vertex -19.50003103583303 9.75017260141259 19.50003103583303
vertex -22.749774402645073 9.75017260141259 19.50003103583303
endloop
endfacet
facet normal 0 0 1
outer loop
vertex 0 8.66692481247524 19.50003103583303
vertex -22.749774402645073 9.75017260141259 19.50003103583303
vertex -22.749774402645073 6.500115067608394 19.50003103583303
endloop
endfacet
facet normal 0 0 1
outer loop
vertex 0 8.66692481247524 19.50003103583303
vertex -22.749774402645073 6.500115067608394 19.50003103583303
vertex 22.749774402645073 6.500115067608394 19.50003103583303
endloop
endfacet
facet normal 0 0 1
outer loop
vertex 0 8.66692481247524 19.50003103583303
vertex 22.749774402645073 6.500115067608394 19.50003103583303
vertex 22.749774402645073 9.75017260141259 19.50003103583303
endloop
endfacet
facet normal 0 0 1
outer loop
vertex 0 8.66692481247524 19.50003103583303
vertex 22.749774402645073 9.75017260141259 19.50003103583303
vertex 19.50003103583303 9.75017260141259 19.50003103583303
endloop
endfacet
facet normal 0 0 1
outer loop
vertex 0 4.087626734879304 19.50003103583303
vertex 22.749774402645073 6.500115067608394 19.50003103583303
vertex -22.749774402645073 6.500115067608394 19.50003103583303
endloop
endfacet
facet normal 0 0 1
outer loop
vertex 0 4.087626734879304 19.50003103583303
vertex -22.749774402645073 6.500115067608394 19.50003103583303
vertex -22.750088569637224 6.500115067608394 19.50003103583303
endloop
endfacet
facet normal 0 0 1
outer loop
vertex 0 4.087626734879304 19.50003103583303
vertex -22.750088569637224 6.500115067608394 19.50003103583303
vertex -22.750088569637224 1.6751384021502151 19.50003103583303
endloop
endfacet
facet normal 0 0 0.9999999999999999
outer loop
vertex 0 4.087626734879304 19.50003103583303
vertex -22.750088569637224 1.6751384021502151 19.50003103583303
vertex -1.6751384021502151 1.6751384021502151 19.50003103583303
endloop
endfacet
facet normal 0 0 1
outer loop
vertex 0 4.087626734879304 19.50003103583303
vertex -1.6751384021502151 1.6751384021502151 19.50003103583303
vertex 1.6751384021502151 1.6751384021502151 19.50003103583303
endloop
endfacet
facet normal 0 0 0.9999999999999999
outer loop
vertex 0 4.087626734879304 19.50003103583303
vertex 1.6751384021502151 1.6751384021502151 19.50003103583303
vertex 22.750088569637224 1.6751384021502151 19.50003103583303
endloop
endfacet
facet normal 0 0 1
outer loop
vertex 0 4.087626734879304 19.50003103583303
vertex 22.750088569637224 1.6751384021502151 19.50003103583303
vertex 22.750088569637224 6.500115067608394 19.50003103583303
endloop
endfacet
facet normal 0 0 1
outer loop
vertex 0 4.087626734879304 19.50003103583303
vertex 22.750088569637224 6.500115067608394 19.50003103583303
vertex 22.749774402645073 6.500115067608394 19.50003103583303
endloop
endfacet
facet normal 0 0 1
outer loop
vertex 14.32004566924399 0.6701181942585164 19.50003103583303
vertex 1.6751384021502151 1.6751384021502151 19.50003103583303
vertex 1.6751384021502151 0 19.50003103583303
endloop
endfacet
facet normal 0 0 1
outer loop
vertex 14.32004566924399 0.6701181942585164 19.50003103583303
vertex 1.6751384021502151 0 19.50003103583303
vertex 22.749774402645073 0 19.50003103583303
endloop
endfacet
facet normal 0 0 1
outer loop
vertex 14.32004566924399 0.6701181942585164 19.50003103583303
vertex 22.749774402645073 0 19.50003103583303
vertex 22.750088569637224 0 19.50003103583303
endloop
endfacet
facet normal 0 0 1
outer loop
vertex 14.32004566924399 0.6701181942585164 19.50003103583303
vertex 22.750088569637224 0 19.50003103583303
vertex 22.750088569637224 1.6751384021502151 19.50003103583303
endloop
endfacet
facet normal 0 0 1
outer loop
vertex 14.32004566924399 0.6701181942585164 19.50003103583303
vertex 22.750088569637224 1.6751384021502151 19.50003103583303
vertex 1.6751384021502151 1.6751384021502151 19.50003103583303
endloop
endfacet
facet normal 0 0 1
outer loop
vertex -14.32004566924399 0.6701181942585164 19.50003103583303
vertex -22.750088569637224 1.6751384021502151 19.50003103583303
vertex -22.750088569637224 0 19.50003103583303
endloop
endfacet
facet normal 0 0 1
outer loop
vertex -14.32004566924399 0.6701181942585164 19.50003103583303
vertex -22.750088569637224 0 19.50003103583303
vertex -22.749774402645073 0 19.50003103583303
endloop
endfacet
facet normal 0 0 1
outer loop
vertex -14.32004566924399 0.6701181942585164 19.50003103583303
vertex -22.749774402645073 0 19.50003103583303
vertex -1.6751384021502151 0 19.50003103583303
endloop
endfacet
facet normal 0 0 1
outer loop
vertex -14.32004566924399 0.6701181942585164 19.50003103583303
vertex -1.6751384021502151 0 19.50003103583303
vertex -1.6751384021502151 1.6751384021502151 19.50003103583303
endloop
endfacet
facet normal 0 0 1
outer loop
vertex -14.32004566924399 0.6701181942585164 19.50003103583303
vertex -1.6751384021502151 1.6751384021502151 19.50003103583303
vertex -22.750088569637224 1.6751384021502151 19.50003103583303
endloop
endfacet
facet normal 0 0 1
outer loop
vertex 1.6751384021502151 0 19.50003103583303
vertex 1.6751384021502151 -1.6751384021502151 19.50003103583303
vertex 22.749774402645073 -1.6751384021502151 19.50003103583303
endloop
endfacet
facet normal 0 0 1
outer loop
vertex 1.6751384021502151 0 19.50003103583303
vertex 22.749774402645073 -1.6751384021502151 19.50003103583303
vertex 22.749774402645073 0 19.50003103583303
endloop
endfacet
facet normal 0 0 1
outer loop
vertex -22.749774402645073 0 19.50003103583303
vertex -22.749774402645073 -1.6751384021502151 19.50003103583303
vertex -1.6751384021502151 -1.6751384021502151 19.50003103583303
endloop
endfacet
facet normal 0 0 1
outer loop
vertex -22.749774402645073 0 19.50003103583303
vertex -1.6751384021502151 -1.6751384021502151 19.50003103583303
vertex -1.6751384021502151 0 19.50003103583303
endloop
endfacet
facet normal 0 0 1
outer loop
vertex 0 -2.200111446034876 19.50003103583303
vertex 1.6751384021502151 -1.6751384021502151 19.50003103583303
vertex -1.6751384021502151 -1.6751384021502151 19.50003103583303
endloop
endfacet
facet normal 0 0 1
outer loop
vertex 0 -2.200111446034876 19.50003103583303
vertex -1.6751384021502151 -1.6751384021502151 19.50003103583303
vertex -22.749774402645073 -1.6751384021502151 19.50003103583303
endloop
endfacet
facet normal 0 0 1
outer loop
vertex 0 -2.200111446034876 19.50003103583303
vertex -22.749774402645073 -1.6751384021502151 19.50003103583303
vertex -22.749774402645073 -3.250057533804197 19.50003103583303
endloop
endfacet
facet normal 0 0 1
outer loop
vertex 0 -2.200111446034876 19.50003103583303
vertex -22.749774402645073 -3.250057533804197 19.50003103583303
vertex 22.749774402645073 -3.250057533804197 19.50003103583303
endloop
endfacet
facet normal 0 0 1
outer loop
vertex 0 -2.200111446034876 19.50003103583303
vertex 22.749774402645073 -3.250057533804197 19.50003103583303
vertex 22.749774402645073 -1.6751384021502151 19.50003103583303
endloop
endfacet
facet normal 0 0 1
outer loop
vertex 0 -2.200111446034876 19.50003103583303
vertex 22.749774402645073 -1.6751384021502151 19.50003103583303
vertex 1.6751384021502151 -1.6751384021502151 19.50003103583303
endloop
endfacet
facet normal 0 0 1
outer loop
vertex 0 -6.500115067608394 19.50003103583303
vertex 22.749774402645073 -3.250057533804197 19.50003103583303
vertex -22.749774402645073 -3.250057533804197 19.50003103583303
endloop
endfacet
facet normal 0 0 1
outer loop
vertex 0 -6.500115067608394 19.50003103583303
vertex -22.749774402645073 -3.250057533804197 19.50003103583303
vertex -22.750088569637224 -3.250057533804197 19.50003103583303
endloop
endfacet
facet normal 0 0 1
outer loop
vertex 0 -6.500115067608394 19.50003103583303
vertex -22.750088569637224 -3.250057533804197 19.50003103583303
vertex -22.750088569637224 -9.75017260141259 19.50003103583303
endloop
endfacet
facet normal 0 0 1
outer loop
vertex 0 -6.500115067608394 19.50003103583303
vertex -22.750088569637224 -9.75017260141259 19.50003103583303
vertex -19.50003103583303 -9.75017260141259 19.50003103583303
endloop
endfacet
facet normal 0 0 0.9999999999999999
outer loop
vertex 0 -6.500115067608394 19.50003103583303
vertex -19.50003103583303 -9.75017260141259 19.50003103583303
vertex 19.50003103583303 -9.75017260141259 19.50003103583303
endloop
endfacet
facet normal 0 0 1
outer loop
vertex 0 -6.500115067608394 19.50003103583303
vertex 19.50003103583303 -9.75017260141259 19.50003103583303
vertex 22.750088569637224 -9.75017260141259 19.50003103583303
endloop
endfacet
facet normal 0 0 1
outer loop
vertex 0 -6.500115067608394 19.50003103583303
vertex 22.750088569637224 -9.75017260141259 19.50003103583303
vertex 22.750088569637224 -3.250057533804197 19.50003103583303
endloop
endfacet
facet normal 0 0 1
outer loop
vertex 0 -6.500115067608394 19.50003103583303
vertex 22.750088569637224 -3.250057533804197 19.50003103583303
vertex 22.749774402645073 -3.250057533804197 19.50003103583303
endloop
endfacet
facet normal 0 0 0.9999999999999999
outer loop
vertex 0 -11.916668179287287 19.50003103583303
vertex -19.50003103583303 -9.75017260141259 19.50003103583303
vertex -19.50003103583303 -12.999915968224636 19.50003103583303
endloop
endfacet
facet normal 0 0 1
outer loop
vertex 0 -11.916668179287287 19.50003103583303
vertex -19.50003103583303 -12.999915968224636 19.50003103583303
vertex -16.249973502028833 -12.999915968224636 19.50003103583303
endloop
endfacet
facet normal 0 0 1
outer loop
vertex 0 -11.916668179287287 19.50003103583303
vertex -16.249973502028833 -12.999915968224636 19.50003103583303
vertex 16.249973502028833 -12.999915968224636 19.50003103583303
endloop
endfacet
facet normal 0 0 1
outer loop
vertex 0 -11.916668179287287 19.50003103583303
vertex 16.249973502028833 -12.999915968224636 19.50003103583303
vertex 19.50003103583303 -12.999915968224636 19.50003103583303
endloop
endfacet
facet normal 0 0 0.9999999999999999
outer loop
vertex 0 -11.916668179287287 19.50003103583303
vertex 19.50003103583303 -12.999915968224636 19.50003103583303
vertex 19.50003103583303 -9.75017260141259 19.50003103583303
endloop
endfacet
facet normal 0 0 0.9999999999999999
outer loop
vertex 0 -11.916668179287287 19.50003103583303
vertex 19.50003103583303 -9.75017260141259 19.50003103583303
vertex -19.50003103583303 -9.75017260141259 19.50003103583303
endloop
endfacet
facet normal 0 0 1
outer loop
vertex 0 -15.166725713091484 19.50003103583303
vertex -16.249973502028833 -12.999915968224636 19.50003103583303
vertex -16.249973502028833 -16.249973502028833 19.50003103583303
endloop
endfacet
facet normal 0 0 1
outer loop
vertex 0 -15.166725713091484 19.50003103583303
vertex -16.249973502028833 -16.249973502028833 19.50003103583303
vertex -12.999915968224636 -16.249973502028833 19.50003103583303
endloop
endfacet
facet normal 0 0 0.9999999999999999
outer loop
vertex 0 -15.166725713091484 19.50003103583303
vertex -12.999915968224636 -16.249973502028833 19.50003103583303
vertex 12.999915968224636 -16.249973502028833 19.50003103583303
endloop
endfacet
facet normal 0 0 1
outer loop
vertex 0 -15.166725713091484 19.50003103583303
vertex 12.999915968224636 -16.249973502028833 19.50003103583303
vertex 16.249973502028833 -16.249973502028833 19.50003103583303
endloop
endfacet
facet normal 0 0 1
outer loop
vertex 0 -15.166725713091484 19.50003103583303
vertex 16.249973502028833 -16.249973502028833 19.50003103583303
vertex 16.249973502028833 -12.999915968224636 19.50003103583303
endloop
endfacet
facet normal 0 0 1
outer loop
vertex 0 -15.166725713091484 19.50003103583303
vertex 16.249973502028833 -12.999915968224636 19.50003103583303
vertex -16.249973502028833 -12.999915968224636 19.50003103583303
endloop
endfacet
facet normal 0 0 1
outer loop
vertex 0 -18.41678324689568 19.50003103583303
vertex -12.999915968224636 -16.249973502028833 19.50003103583303
vertex -12.999915968224636 -19.50003103583303 19.50003103583303
endloop
endfacet
facet normal 0 0 1
outer loop
vertex 0 -18.41678324689568 19.50003103583303
vertex -12.999915968224636 -19.50003103583303 19.50003103583303
vertex -9.75017260141259 -19.50003103583303 19.50003103583303
endloop
endfacet
facet normal 0 0 0.9999999999999999
outer loop
vertex 0 -18.41678324689568 19.50003103583303
vertex -9.75017260141259 -19.50003103583303 19.50003103583303
vertex 9.75017260141259 -19.50003103583303 19.50003103583303
endloop
endfacet
facet normal 0 0 1
outer loop
vertex 0 -18.41678324689568 19.50003103583303
vertex 9.75017260141259 -19.50003103583303 19.50003103583303
vertex 12.999915968224636 -19.50003103583303 19.50003103583303
endloop
endfacet
facet normal 0 0 1
outer loop
vertex 0 -18.41678324689568 19.50003103583303
vertex 12.999915968224636 -19.50003103583303 19.50003103583303
vertex 12.999915968224636 -16.249973502028833 19.50003103583303
endloop
endfacet
facet normal 0 0 1
outer loop
vertex 0 -18.41678324689568 19.50003103583303
vertex 12.999915968224636 -16.249973502028833 19.50003103583303
vertex -12.999915968224636 -16.249973502028833 19.50003103583303
endloop
endfacet
facet normal 0 0 0.9999999999999999
outer loop
vertex -9.75017260141259 -19.50003103583303 19.50003103583303
vertex -9.75017260141259 -22.750088569637224 19.50003103583303
vertex 9.75017260141259 -22.750088569637224 19.50003103583303
endloop
endfacet
facet normal 0 0 0.9999999999999999
outer loop
vertex -9.75017260141259 -19.50003103583303 19.50003103583303
vertex 9.75017260141259 -22.750088569637224 19.50003103583303
vertex 9.75017260141259 -19.50003103583303 19.50003103583303
endloop
endfacet
facet normal 0 0 -0.9999999999999999
outer loop
vertex 9.75017260141259 22.750088569637224 16.249973502028833
vertex 9.75017260141259 19.50003103583303 16.249973502028833
vertex -9.75017260141259 19.50003103583303 16.249973502028833
endloop
endfacet
facet normal 0 0 -0.9999999999999999
outer loop
vertex 9.75017260141259 22.750088569637224 16.249973502028833
vertex -9.75017260141259 19.50003103583303 16.249973502028833
vertex -9.75017260141259 22.750088569637224 16.249973502028833
endloop
endfacet
facet normal 0 0 -0.9999999999999999
outer loop
vertex 0 18.41678324689568 16.249973502028833
vertex -9.75017260141259 19.50003103583303 16.249973502028833
vertex 9.75017260141259 19.50003103583303 16.249973502028833
endloop
endfacet
facet normal 0 0 -1
outer loop
vertex 0 18.41678324689568 16.249973502028833
vertex 9.75017260141259 19.50003103583303 16.249973502028833
vertex 12.999915968224636 19.50003103583303 16.249973502028833
endloop
endfacet
facet normal 0 0 -1
outer loop
vertex 0 18.41678324689568 16.249973502028833
vertex 12.999915968224636 19.50003103583303 16.249973502028833
vertex 12.999915968224636 16.249973502028833 16.249973502028833
endloop
endfacet
facet normal 0 0 -1
outer loop
vertex 0 18.41678324689568 16.249973502028833
vertex 12.999915968224636 16.249973502028833 16.249973502028833
vertex -12.999915968224636 16.249973502028833 16.249973502028833
endloop
endfacet
facet normal 0 0 -1
outer loop
vertex 0 18.41678324689568 16.249973502028833
vertex -12.999915968224636 16.249973502028833 16.249973502028833
vertex -12.999915968224636 19.50003103583303 16.249973502028833
endloop
endfacet
facet normal 0 0 -1
outer loop
vertex 0 18.41678324689568 16.249973502028833
vertex -12.999915968224636 19.50003103583303 16.249973502028833
vertex -9.75017260141259 19.50003103583303 16.249973502028833
endloop
endfacet
facet normal 0 0 -0.9999999999999999
outer loop
vertex 0 15.166725713091484 16.249973502028833
vertex -12.999915968224636 16.249973502028833 16.249973502028833
vertex 12.999915968224636 16.249973502028833 16.249973502028833
endloop
endfacet
facet normal 0 0 -1
outer loop
vertex 0 15.166725713091484 16.249973502028833
vertex 12.999915968224636 16.249973502028833 16.249973502028833
vertex 16.249973502028833 16.249973502028833 16.249973502028833
endloop
endfacet
facet normal 0 0 -1
outer loop
vertex 0 15.166725713091484 16.249973502028833
vertex 16.249973502028833 16.249973502028833 16.249973502028833
vertex 16.249973502028833 12.999915968224636 16.249973502028833
endloop
endfacet
facet normal 0 0 -1
outer loop
vertex 0 15.166725713091484 16.249973502028833
vertex 16.249973502028833 12.999915968224636 16.249973502028833
vertex -16.249973502028833 12.999915968224636 16.249973502028833
endloop
endfacet
facet normal 0 0 -1
outer loop
vertex 0 15.166725713091484 16.249973502028833
vertex -16.249973502028833 12.999915968224636 16.249973502028833
vertex -16.249973502028833 16.249973502028833 16.249973502028833
endloop
endfacet
facet normal 0 0 -1
outer loop
vertex 0 15.166725713091484 16.249973502028833
vertex -16.249973502028833 16.249973502028833 16.249973502028833
vertex -12.999915968224636 16.249973502028833 16.249973502028833
endloop
endfacet
facet normal 0 0 -1
outer loop
vertex 0 11.916668179287287 16.249973502028833
vertex -16.249973502028833 12.999915968224636 16.249973502028833
vertex 16.249973502028833 12.999915968224636 16.249973502028833
endloop
endfacet
facet normal 0 0 -1
outer loop
vertex 0 11.916668179287287 16.249973502028833
vertex 16.249973502028833 12.999915968224636 16.249973502028833
vertex 19.50003103583303 12.999915968224636 16.249973502028833
endloop
endfacet
facet normal 0 0 -0.9999999999999999
outer loop
vertex 0 11.916668179287287 16.249973502028833
vertex 19.50003103583303 12.999915968224636 16.249973502028833
vertex 19.50003103583303 9.75017260141259 16.249973502028833
endloop
endfacet
facet normal 0 0 -0.9999999999999999
outer loop
vertex 0 11.916668179287287 16.249973502028833
vertex 19.50003103583303 9.75017260141259 16.249973502028833
vertex -19.50003103583303 9.75017260141259 16.249973502028833
endloop
endfacet
facet normal 0 0 -0.9999999999999999
outer loop
vertex 0 11.916668179287287 16.249973502028833
vertex -19.50003103583303 9.75017260141259 16.249973502028833
vertex -19.50003103583303 12.999915968224636 16.249973502028833
endloop
endfacet
facet normal 0 0 -1
outer loop
vertex 0 11.916668179287287 16.249973502028833
vertex -19.50003103583303 12.999915968224636 16.249973502028833
vertex -16.249973502028833 12.999915968224636 16.249973502028833
endloop
endfacet
facet normal 0 0 -1
outer loop
vertex 0 8.66692481247524 16.249973502028833
vertex -19.50003103583303 9.75017260141259 16.249973502028833
vertex 19.50003103583303 9.75017260141259 16.249973502028833
endloop
endfacet
facet normal 0 0 -1
outer loop
vertex 0 8.66692481247524 16.249973502028833
vertex 19.50003103583303 9.75017260141259 16.249973502028833
vertex 22.749774402645073 9.75017260141259 16.249973502028833
endloop
endfacet
facet normal 0 0 -1
outer loop
vertex 0 8.66692481247524 16.249973502028833
vertex 22.749774402645073 9.75017260141259 16.249973502028833
vertex 22.749774402645073 6.500115067608394 16.249973502028833
endloop
endfacet
facet normal 0 0 -1
outer loop
vertex 0 8.66692481247524 16.249973502028833
vertex 22.749774402645073 6.500115067608394 16.249973502028833
vertex -22.749774402645073 6.500115067608394 16.249973502028833
endloop
endfacet
facet normal 0 0 -1
outer loop
vertex 0 8.66692481247524 16.249973502028833
vertex -22.749774402645073 6.500115067608394 16.249973502028833
vertex -22.749774402645073 9.75017260141259 16.249973502028833
endloop
endfacet
facet normal 0 0 -1
outer loop
vertex 0 8.66692481247524 16.249973502028833
vertex -22.749774402645073 9.75017260141259 16.249973502028833
vertex -19.50003103583303 9.75017260141259 16.249973502028833
endloop
endfacet
facet normal 0 0 -1
outer loop
vertex 0 4.087626734879304 16.249973502028833
vertex -22.749774402645073 6.500115067608394 16.249973502028833
vertex 22.749774402645073 6.500115067608394 16.249973502028833
endloop
endfacet
facet normal 0 0 -1
outer loop
vertex 0 4.087626734879304 16.249973502028833
vertex 22.749774402645073 6.500115067608394 16.249973502028833
vertex 22.750088569637224 6.500115067608394 16.249973502028833
endloop
endfacet
facet normal 0 0 -1
outer loop
vertex 0 4.087626734879304 16.249973502028833
vertex 22.750088569637224 6.500115067608394 16.249973502028833
vertex 22.750088569637224 1.6751384021502151 16.249973502028833
endloop
endfacet
facet normal 0 0 -0.9999999999999999
outer loop
vertex 0 4.087626734879304 16.249973502028833
vertex 22.750088569637224 1.6751384021502151 16.249973502028833
vertex 1.6751384021502151 1.6751384021502151 16.249973502028833
endloop
endfacet
facet normal 0 0 -1
outer loop
vertex 0 4.087626734879304 16.249973502028833
vertex 1.6751384021502151 1.6751384021502151 16.249973502028833
vertex -1.6751384021502151 1.6751384021502151 16.249973502028833
endloop
endfacet
facet normal 0 0 -0.9999999999999999
outer loop
vertex 0 4.087626734879304 16.249973502028833
vertex -1.6751384021502151 1.6751384021502151 16.249973502028833
vertex -22.750088569637224 1.6751384021502151 16.249973502028833
endloop
endfacet
facet normal 0 0 -1
outer loop
vertex 0 4.087626734879304 16.249973502028833
vertex -22.750088569637224 1.6751384021502151 16.249973502028833
vertex -22.750088569637224 6.500115067608394 16.249973502028833
endloop
endfacet
facet normal 0 0 -1
outer loop
vertex 0 4.087626734879304 16.249973502028833
vertex -22.750088569637224 6.500115067608394 16.249973502028833
vertex -22.749774402645073 6.500115067608394 16.249973502028833
endloop
endfacet
facet normal 0 0 -1
outer loop
vertex -14.32004566924399 0.6701181942585164 16.249973502028833
vertex -1.6751384021502151 1.6751384021502151 16.249973502028833
vertex -1.6751384021502151 0 16.249973502028833
endloop
endfacet
facet normal 0 0 -1
outer loop
vertex -14.32004566924399 0.6701181942585164 16.249973502028833
vertex -1.6751384021502151 0 16.249973502028833
vertex -22.749774402645073 0 16.249973502028833
endloop
endfacet
facet normal 0 0 -1
outer loop
vertex -14.32004566924399 0.6701181942585164 16.249973502028833
vertex -22.749774402645073 0 16.249973502028833
vertex -22.750088569637224 0 16.249973502028833
endloop
endfacet
facet normal 0 0 -1
outer loop
vertex -14.32004566924399 0.6701181942585164 16.249973502028833
vertex -22.750088569637224 0 16.249973502028833
vertex -22.750088569637224 1.6751384021502151 16.249973502028833
endloop
endfacet
facet normal 0 0 -1
outer loop
vertex -14.32004566924399 0.6701181942585164 16.249973502028833
vertex -22.750088569637224 1.6751384021502151 16.249973502028833
vertex -1.6751384021502151 1.6751384021502151 16.249973502028833
endloop
endfacet
facet normal 0 0 -1
outer loop
vertex 14.32004566924399 0.6701181942585164 16.249973502028833
vertex 22.750088569637224 1.6751384021502151 16.249973502028833
vertex 22.750088569637224 0 16.249973502028833
endloop
endfacet
facet normal 0 0 -1
outer loop
vertex 14.32004566924399 0.6701181942585164 16.249973502028833
vertex 22.750088569637224 0 16.249973502028833
vertex 22.749774402645073 0 16.249973502028833
endloop
endfacet
facet normal 0 0 -1
outer loop
vertex 14.32004566924399 0.6701181942585164 16.249973502028833
vertex 22.749774402645073 0 16.249973502028833
vertex 1.6751384021502151 0 16.249973502028833
endloop
endfacet
facet normal 0 0 -1
outer loop
vertex 14.32004566924399 0.6701181942585164 16.249973502028833
vertex 1.6751384021502151 0 16.249973502028833
vertex 1.6751384021502151 1.6751384021502151 16.249973502028833
endloop
endfacet
facet normal 0 0 -1
outer loop
vertex 14.32004566924399 0.6701181942585164 16.249973502028833
vertex 1.6751384021502151 1.6751384021502151 16.249973502028833
vertex 22.750088569637224 1.6751384021502151 16.249973502028833
endloop
endfacet
facet normal 0 0 -1
outer loop
vertex -1.6751384021502151 0 16.249973502028833
vertex -1.6751384021502151 -1.6751384021502151 16.249973502028833
vertex -22.749774402645073 -1.6751384021502151 16.249973502028833
endloop
endfacet
facet normal 0 0 -1
outer loop
vertex -1.6751384021502151 0 16.249973502028833
vertex -22.749774402645073 -1.6751384021502151 16.249973502028833
vertex -22.749774402645073 0 16.249973502028833
endloop
endfacet
facet normal 0 0 -1
outer loop
vertex 22.749774402645073 0 16.249973502028833
vertex 22.749774402645073 -1.6751384021502151 16.249973502028833
vertex 1.6751384021502151 -1.6751384021502151 16.249973502028833
endloop
endfacet
facet normal 0 0 -1
outer loop
vertex 22.749774402645073 0 16.249973502028833
vertex 1.6751384021502151 -1.6751384021502151 16.249973502028833
vertex 1.6751384021502151 0 16.249973502028833
endloop
endfacet
facet normal 0 0 -1
outer loop
vertex 0 -2.200111446034876 16.249973502028833
vertex -1.6751384021502151 -1.6751384021502151 16.249973502028833
vertex 1.6751384021502151 -1.6751384021502151 16.249973502028833
endloop
endfacet
facet normal 0 0 -1
outer loop
vertex 0 -2.200111446034876 16.249973502028833
vertex 1.6751384021502151 -1.6751384021502151 16.249973502028833
vertex 22.749774402645073 -1.6751384021502151 16.249973502028833
endloop
endfacet
facet normal 0 0 -1
outer loop
vertex 0 -2.200111446034876 16.249973502028833
vertex 22.749774402645073 -1.6751384021502151 16.249973502028833
vertex 22.749774402645073 -3.250057533804197 16.249973502028833
endloop
endfacet
facet normal 0 0 -1
outer loop
vertex 0 -2.200111446034876 16.249973502028833
vertex 22.749774402645073 -3.250057533804197 16.249973502028833
vertex -22.749774402645073 -3.250057533804197 16.249973502028833
endloop
endfacet
facet normal 0 0 -1
outer loop
vertex 0 -2.200111446034876 16.249973502028833
vertex -22.749774402645073 -3.250057533804197 16.249973502028833
vertex -22.749774402645073 -1.6751384021502151 16.249973502028833
endloop
endfacet
facet normal 0 0 -1
outer loop
vertex 0 -2.200111446034876 16.249973502028833
vertex -22.749774402645073 -1.6751384021502151 16.249973502028833
vertex -1.6751384021502151 -1.6751384021502151 16.249973502028833
endloop
endfacet
facet normal 0 0 -1
outer loop
vertex 0 -6.500115067608394 16.249973502028833
vertex -22.749774402645073 -3.250057533804197 16.249973502028833
vertex 22.749774402645073 -3.250057533804197 16.249973502028833
endloop
endfacet
facet normal 0 0 -1
outer loop
vertex 0 -6.500115067608394 16.249973502028833
vertex 22.749774402645073 -3.250057533804197 16.249973502028833
vertex 22.750088569637224 -3.250057533804197 16.249973502028833
endloop
endfacet
facet normal 0 0 -1
outer loop
vertex 0 -6.500115067608394 16.249973502028833
vertex 22.750088569637224 -3.250057533804197 16.249973502028833
vertex 22.750088569637224 -9.75017260141259 16.249973502028833
endloop
endfacet
facet normal 0 0 -1
outer loop
vertex 0 -6.500115067608394 16.249973502028833
vertex 22.750088569637224 -9.75017260141259 16.249973502028833
vertex 19.50003103583303 -9.75017260141259 16.249973502028833
endloop
endfacet
facet normal 0 0 -0.9999999999999999
outer loop
vertex 0 -6.500115067608394 16.249973502028833
vertex 19.50003103583303 -9.75017260141259 16.249973502028833
vertex -19.50003103583303 -9.75017260141259 16.249973502028833
endloop
endfacet
facet normal 0 0 -1
outer loop
vertex 0 -6.500115067608394 16.249973502028833
vertex -19.50003103583303 -9.75017260141259 16.249973502028833
vertex -22.750088569637224 -9.75017260141259 16.249973502028833
endloop
endfacet
facet normal 0 0 -1
outer loop
vertex 0 -6.500115067608394 16.249973502028833
vertex -22.750088569637224 -9.75017260141259 16.249973502028833
vertex -22.750088569637224 -3.250057533804197 16.249973502028833
endloop
endfacet
facet normal 0 0 -1
outer loop
vertex 0 -6.500115067608394 16.249973502028833
vertex -22.750088569637224 -3.250057533804197 16.249973502028833
vertex -22.749774402645073 -3.250057533804197 16.249973502028833
endloop
endfacet
facet normal 0 0 -0.9999999999999999
outer loop
vertex 0 -11.916668179287287 16.249973502028833
vertex 19.50003103583303 -9.75017260141259 16.249973502028833
vertex 19.50003103583303 -12.999915968224636 16.249973502028833
endloop
endfacet
facet normal 0 0 -1
outer loop
vertex 0 -11.916668179287287 16.249973502028833
vertex 19.50003103583303 -12.999915968224636 16.249973502028833
vertex 16.249973502028833 -12.999915968224636 16.249973502028833
endloop
endfacet
facet normal 0 0 -1
outer loop
vertex 0 -11.916668179287287 16.249973502028833
vertex 16.249973502028833 -12.999915968224636 16.249973502028833
vertex -16.249973502028833 -12.999915968224636 16.249973502028833
endloop
endfacet
facet normal 0 0 -1
outer loop
vertex 0 -11.916668179287287 16.249973502028833
vertex -16.249973502028833 -12.999915968224636 16.249973502028833
vertex -19.50003103583303 -12.999915968224636 16.249973502028833
endloop
endfacet
facet normal 0 0 -0.9999999999999999
outer loop
vertex 0 -11.916668179287287 16.249973502028833
vertex -19.50003103583303 -12.999915968224636 16.249973502028833
vertex -19.50003103583303 -9.75017260141259 16.249973502028833
endloop
endfacet
facet normal 0 0 -0.9999999999999999
outer loop
vertex 0 -11.916668179287287 16.249973502028833
vertex -19.50003103583303 -9.75017260141259 16.249973502028833
vertex 19.50003103583303 -9.75017260141259 16.249973502028833
endloop
endfacet
facet normal 0 0 -1
outer loop
vertex 0 -15.166725713091484 16.249973502028833
vertex 16.249973502028833 -12.999915968224636 16.249973502028833
vertex 16.249973502028833 -16.249973502028833 16.249973502028833
endloop
endfacet
facet normal 0 0 -1
outer loop
vertex 0 -15.166725713091484 16.249973502028833
vertex 16.249973502028833 -16.249973502028833 16.249973502028833
vertex 12.999915968224636 -16.249973502028833 16.249973502028833
endloop
endfacet
facet normal 0 0 -0.9999999999999999
outer loop
vertex 0 -15.166725713091484 16.249973502028833
vertex 12.999915968224636 -16.249973502028833 16.249973502028833
vertex -12.999915968224636 -16.249973502028833 16.249973502028833
endloop
endfacet
facet normal 0 0 -1
outer loop
vertex 0 -15.166725713091484 16.249973502028833
vertex -12.999915968224636 -16.249973502028833 16.249973502028833
vertex -16.249973502028833 -16.249973502028833 16.249973502028833
endloop
endfacet
facet normal 0 0 -1
outer loop
vertex 0 -15.166725713091484 16.249973502028833
vertex -16.249973502028833 -16.249973502028833 16.249973502028833
vertex -16.249973502028833 -12.999915968224636 16.249973502028833
endloop
endfacet
facet normal 0 0 -1
outer loop
vertex 0 -15.166725713091484 16.249973502028833
vertex -16.249973502028833 -12.999915968224636 16.249973502028833
vertex 16.249973502028833 -12.999915968224636 16.249973502028833
endloop
endfacet
facet normal 0 0 -1
outer loop
vertex 0 -18.41678324689568 16.249973502028833
vertex 12.999915968224636 -16.249973502028833 16.249973502028833
vertex 12.999915968224636 -19.50003103583303 16.249973502028833
endloop
endfacet
facet normal 0 0 -1
outer loop
vertex 0 -18.41678324689568 16.249973502028833
vertex 12.999915968224636 -19.50003103583303 16.249973502028833
vertex 9.75017260141259 -19.50003103583303 16.249973502028833
endloop
endfacet
facet normal 0 0 -0.9999999999999999
outer loop
vertex 0 -18.41678324689568 16.249973502028833
vertex 9.75017260141259 -19.50003103583303 16.249973502028833
vertex -9.75017260141259 -19.50003103583303 16.249973502028833
endloop
endfacet
facet normal 0 0 -1
outer loop
vertex 0 -18.41678324689568 16.249973502028833
vertex -9.75017260141259 -19.50003103583303 16.249973502028833
vertex -12.999915968224636 -19.50003103583303 16.249973502028833
endloop
endfacet
facet normal 0 0 -1
outer loop
vertex 0 -18.41678324689568 16.249973502028833
vertex -12.999915968224636 -19.50003103583303 16.249973502028833
vertex -12.999915968224636 -16.249973502028833 16.249973502028833
endloop
endfacet
facet normal 0 0 -1
outer loop
vertex 0 -18.41678324689568 16.249973502028833
vertex -12.999915968224636 -16.249973502028833 16.249973502028833
vertex 12.999915968224636 -16.249973502028833 16.249973502028833
endloop
endfacet
facet normal 0 0 -0.9999999999999999
outer loop
vertex 9.75017260141259 -19.50003103583303 16.249973502028833
vertex 9.75017260141259 -22.750088569637224 16.249973502028833
vertex -9.75017260141259 -22.750088569637224 16.249973502028833
endloop
endfacet
facet normal 0 0 -0.9999999999999999
outer loop
vertex 9.75017260141259 -19.50003103583303 16.249973502028833
vertex -9.75017260141259 -22.750088569637224 16.249973502028833
vertex -9.75017260141259 -19.50003103583303 16.249973502028833
endloop
endfacet
facet normal 1 0 0
outer loop
vertex -1.6751384021502151 0 17.875159352427005
vertex -1.6751384021502151 0 16.249973502028833
vertex -1.6751384021502151 1.6751384021502151 16.249973502028833
endloop
endfacet
facet normal 0.9999999999999999 0 0
outer loop
vertex -1.6751384021502151 0 17.875159352427005
vertex -1.6751384021502151 1.6751384021502151 16.249973502028833
vertex -1.6751384021502151 1.6751384021502151 19.50003103583303
endloop
endfacet
facet normal 0.9999999999999999 0 0
outer loop
vertex -1.6751384021502151 0 17.875159352427005
vertex -1.6751384021502151 1.6751384021502151 19.50003103583303
vertex -1.6751384021502151 0 19.50003103583303
endloop
endfacet
facet normal 0.9999999999999999 0 0
outer loop
vertex -1.6751384021502151 0 17.875159352427005
vertex -1.6751384021502151 0 19.50003103583303
vertex -1.6751384021502151 -1.6751384021502151 19.50003103583303
endloop
endfacet
facet normal 0.9999999999999999 0 0
outer loop
vertex -1.6751384021502151 0 17.875159352427005
vertex -1.6751384021502151 -1.6751384021502151 19.50003103583303
vertex -1.6751384021502151 -1.6751384021502151 16.249973502028833
endloop
endfacet
facet normal 1 0 0
outer loop
vertex -1.6751384021502151 0 17.875159352427005
vertex -1.6751384021502151 -1.6751384021502151 16.249973502028833
vertex -1.6751384021502151 0 16.249973502028833
endloop
endfacet
facet normal -1 0 0
outer loop
vertex 1.6751384021502151 0 17.875159352427005
vertex 1.6751384021502151 0 16.249973502028833
vertex 1.6751384021502151 -1.6751384021502151 16.249973502028833
endloop
endfacet
facet normal -0.9999999999999999 0 0
outer loop
vertex 1.6751384021502151 0 17.875159352427005
vertex 1.6751384021502151 -1.6751384021502151 16.249973502028833
vertex 1.6751384021502151 -1.6751384021502151 19.50003103583303
endloop
endfacet
facet normal -0.9999999999999999 0 0
outer loop
vertex 1.6751384021502151 0 17.875159352427005
vertex 1.6751384021502151 -1.6751384021502151 19.50003103583303
vertex 1.6751384021502151 0 19.50003103583303
endloop
endfacet
facet normal -0.9999999999999999 0 0
outer loop
vertex 1.6751384021502151 0 17.875159352427005
vertex 1.6751384021502151 0 19.50003103583303
vertex 1.6751384021502151 1.6751384021502151 19.50003103583303
endloop
endfacet
facet normal -0.9999999999999999 0 0
outer loop
vertex 1.6751384021502151 0 17.875159352427005
vertex 1.6751384021502151 1.6751384021502151 19.50003103583303
vertex 1.6751384021502151 1.6751384021502151 16.249973502028833
endloop
endfacet
facet normal -1 0 0
outer loop
vertex 1.6751384021502151 0 17.875159352427005
vertex 1.6751384021502151 1.6751384021502151 16.249973502028833
vertex 1.6751384021502151 0 16.249973502028833
endloop
endfacet
facet normal 0 1 0
outer loop
vertex -1.6751384021502151 -1.6751384021502151 16.249973502028833
vertex -1.6751384021502151 -1.6751384021502151 19.50003103583303
vertex 1.6751384021502151 -1.6751384021502151 19.50003103583303
endloop
endfacet
facet normal 0 1 0
outer loop
vertex -1.6751384021502151 -1.6751384021502151 16.249973502028833
vertex 1.6751384021502151 -1.6751384021502151 19.50003103583303
vertex 1.6751384021502151 -1.6751384021502151 16.249973502028833
endloop
endfacet
facet normal 0 -1 0
outer loop
vertex 1.6751384021502151 1.6751384021502151 16.249973502028833
vertex 1.6751384021502151 1.6751384021502151 19.50003103583303
vertex -1.6751384021502151 1.6751384021502151 19.50003103583303
endloop
endfacet
facet normal 0 -1 0
outer loop
vertex 1.6751384021502151 1.6751384021502151 16.249973502028833
vertex -1.6751384021502151 1.6751384021502151 19.50003103583303
vertex -1.6751384021502151 1.6751384021502151 16.249973502028833
endloop
endfacet
facet normal -1 0 0
outer loop
vertex -9.75017260141259 -19.50003103583303 22.750088569637224
vertex -9.75017260141259 -19.50003103583303 19.50003103583303
vertex -9.75017260141259 -22.750088569637224 19.50003103583303
endloop
endfacet
facet normal -1 0 0
outer loop
vertex -9.75017260141259 -19.50003103583303 22.750088569637224
vertex -9.75017260141259 -22.750088569637224 19.50003103583303
vertex -9.75017260141259 -22.750088569637224 22.750088569637224
endloop
endfacet
facet normal -1 0 0
outer loop
vertex -9.75017260141259 22.750088569637224 22.750088569637224
vertex -9.75017260141259 22.750088569637224 19.50003103583303
vertex -9.75017260141259 19.50003103583303 19.50003103583303
endloop
endfacet
facet normal -1 0 0
outer loop
vertex -9.75017260141259 22.750088569637224 22.750088569637224
vertex -9.75017260141259 19.50003103583303 19.50003103583303
vertex -9.75017260141259 19.50003103583303 22.750088569637224
endloop
endfacet
facet normal 0 -0.9999999999999999 0
outer loop
vertex -9.75017260141259 -22.750088569637224 22.750088569637224
vertex -9.75017260141259 -22.750088569637224 19.50003103583303
vertex 9.75017260141259 -22.750088569637224 19.50003103583303
endloop
endfacet
facet normal 0 -0.9999999999999999 0
outer loop
vertex -9.75017260141259 -22.750088569637224 22.750088569637224
vertex 9.75017260141259 -22.750088569637224 19.50003103583303
vertex 9.75017260141259 -22.750088569637224 22.750088569637224
endloop
endfacet
facet normal 1 0 0
outer loop
vertex 9.75017260141259 19.50003103583303 22.750088569637224
vertex 9.75017260141259 19.50003103583303 19.50003103583303
vertex 9.75017260141259 22.750088569637224 19.50003103583303
endloop
endfacet
facet normal 1 0 0
outer loop
vertex 9.75017260141259 19.50003103583303 22.750088569637224
vertex 9.75017260141259 22.750088569637224 19.50003103583303
vertex 9.75017260141259 22.750088569637224 22.750088569637224
endloop
endfacet
facet normal 1 0 0
outer loop
vertex 9.75017260141259 -22.750088569637224 22.750088569637224
vertex 9.75017260141259 -22.750088569637224 19.50003103583303
vertex 9.75017260141259 -19.50003103583303 19.50003103583303
endloop
endfacet
facet normal 1 0 0
outer loop
vertex 9.75017260141259 -22.750088569637224 22.750088569637224
vertex 9.75017260141259 -19.50003103583303 19.50003103583303
vertex 9.75017260141259 -19.50003103583303 22.750088569637224
endloop
endfacet
facet normal 0 0.9999999999999999 0
outer loop
vertex 9.75017260141259 22.750088569637224 22.750088569637224
vertex 9.75017260141259 22.750088569637224 19.50003103583303
vertex -9.75017260141259 22.750088569637224 19.50003103583303
endloop
endfacet
facet normal 0 0.9999999999999999 0
outer loop
vertex 9.75017260141259 22.750088569637224 22.750088569637224
vertex -9.75017260141259 22.750088569637224 19.50003103583303
vertex -9.75017260141259 22.750088569637224 22.750088569637224
endloop
endfacet
facet normal -1 0 0
outer loop
vertex -22.750088569637224 -3.250057533804197 22.750088569637224
vertex -22.750088569637224 -3.250057533804197 19.50003103583303
vertex -22.750088569637224 -9.75017260141259 19.50003103583303
endloop
endfacet
facet normal -1 0 0
outer loop
vertex -22.750088569637224 -3.250057533804197 22.750088569637224
vertex -22.750088569637224 -9.75017260141259 19.50003103583303
vertex -22.750088569637224 -9.75017260141259 22.750088569637224
endloop
endfacet
facet normal -1 0 0
outer loop
vertex -22.750088569637224 2.7250844899195363 21.125216886231204
vertex -22.750088569637224 1.6751384021502151 22.750088569637224
vertex -22.750088569637224 6.500115067608394 22.750088569637224
endloop
endfacet
facet normal -1 0 0
outer loop
vertex -22.750088569637224 2.7250844899195363 21.125216886231204
vertex -22.750088569637224 6.500115067608394 22.750088569637224
vertex -22.750088569637224 6.500115067608394 19.50003103583303
endloop
endfacet
facet normal -1 0 0
outer loop
vertex -22.750088569637224 2.7250844899195363 21.125216886231204
vertex -22.750088569637224 6.500115067608394 19.50003103583303
vertex -22.750088569637224 1.6751384021502151 19.50003103583303
endloop
endfacet
facet normal -1 0 0
outer loop
vertex -22.750088569637224 2.7250844899195363 21.125216886231204
vertex -22.750088569637224 1.6751384021502151 19.50003103583303
vertex -22.750088569637224 0 19.50003103583303
endloop
endfacet
facet normal -1 0 0
outer loop
vertex -22.750088569637224 2.7250844899195363 21.125216886231204
vertex -22.750088569637224 0 19.50003103583303
vertex -22.750088569637224 0 22.750088569637224
endloop
endfacet
facet normal -1 0 0
outer loop
vertex -22.750088569637224 2.7250844899195363 21.125216886231204
vertex -22.750088569637224 0 22.750088569637224
vertex -22.750088569637224 1.6751384021502151 22.750088569637224
endloop
endfacet
facet normal 1 0 0
outer loop
vertex 22.750088569637224 2.7250844899195363 21.125216886231204
vertex 22.750088569637224 1.6751384021502151 22.750088569637224
vertex 22.750088569637224 0 22.750088569637224
endloop
endfacet
facet normal 1 0 0
outer loop
vertex 22.750088569637224 2.7250844899195363 21.125216886231204
vertex 22.750088569637224 0 22.750088569637224
vertex 22.750088569637224 0 19.50003103583303
endloop
endfacet
facet normal 1 0 0
outer loop
vertex 22.750088569637224 2.7250844899195363 21.125216886231204
vertex 22.750088569637224 0 19.50003103583303
vertex 22.750088569637224 1.6751384021502151 19.50003103583303
endloop
endfacet
facet normal 1 0 0
outer loop
vertex 22.750088569637224 2.7250844899195363 21.125216886231204
vertex 22.750088569637224 1.6751384021502151 19.50003103583303
vertex 22.750088569637224 6.500115067608394 19.50003103583303
endloop
endfacet
facet normal 1 0 0
outer loop
vertex 22.750088569637224 2.7250844899195363 21.125216886231204
vertex 22.750088569637224 6.500115067608394 19.50003103583303
vertex 22.750088569637224 6.500115067608394 22.750088569637224
endloop
endfacet
facet normal 1 0 0
outer loop
vertex 22.750088569637224 2.7250844899195363 21.125216886231204
vertex 22.750088569637224 6.500115067608394 22.750088569637224
vertex 22.750088569637224 1.6751384021502151 22.750088569637224
endloop
endfacet
facet normal 1 0 0
outer loop
vertex 22.750088569637224 -9.75017260141259 22.750088569637224
vertex 22.750088569637224 -9.75017260141259 19.50003103583303
vertex 22.750088569637224 -3.250057533804197 19.50003103583303
endloop
endfacet
facet normal 1 0 0
outer loop
vertex 22.750088569637224 -9.75017260141259 22.750088569637224
vertex 22.750088569637224 -3.250057533804197 19.50003103583303
vertex 22.750088569637224 -3.250057533804197 22.750088569637224
endloop
endfacet
facet normal 0 -1 0
outer loop
vertex 19.50003103583303 -9.75017260141259 22.750088569637224
vertex 19.50003103583303 -9.75017260141259 19.50003103583303
vertex 22.750088569637224 -9.75017260141259 19.50003103583303
endloop
endfacet
facet normal 0 -1 0
outer loop
vertex 19.50003103583303 -9.75017260141259 22.750088569637224
vertex 22.750088569637224 -9.75017260141259 19.50003103583303
vertex 22.750088569637224 -9.75017260141259 22.750088569637224
endloop
endfacet
facet normal 0 -1 0
outer loop
vertex -22.750088569637224 -9.75017260141259 22.750088569637224
vertex -22.750088569637224 -9.75017260141259 19.50003103583303
vertex -19.50003103583303 -9.75017260141259 19.50003103583303
endloop
endfacet
facet normal 0 -1 0
outer loop
vertex -22.750088569637224 -9.75017260141259 22.750088569637224
vertex -19.50003103583303 -9.75017260141259 19.50003103583303
vertex -19.50003103583303 -9.75017260141259 22.750088569637224
endloop
endfacet
facet normal 0 -1 0
outer loop
vertex 22.749774402645073 0 22.750088569637224
vertex 22.749774402645073 0 19.50003103583303
vertex 22.750088569637224 0 19.50003103583303
endloop
endfacet
facet normal 0 -1 0
outer loop
vertex 22.749774402645073 0 22.750088569637224
vertex 22.750088569637224 0 19.50003103583303
vertex 22.750088569637224 0 22.750088569637224
endloop
endfacet
facet normal 0 -1 0
outer loop
vertex -22.750088569637224 0 22.750088569637224
vertex -22.750088569637224 0 19.50003103583303
vertex -22.749774402645073 0 19.50003103583303
endloop
endfacet
facet normal 0 -1 0
outer loop
vertex -22.750088569637224 0 22.750088569637224
vertex -22.749774402645073 0 19.50003103583303
vertex -22.749774402645073 0 22.750088569637224
endloop
endfacet
facet normal 0 1 0
outer loop
vertex -22.749774402645073 6.500115067608394 22.750088569637224
vertex -22.749774402645073 6.500115067608394 19.50003103583303
vertex -22.750088569637224 6.500115067608394 19.50003103583303
endloop
endfacet
facet normal 0 1 0
outer loop
vertex -22.749774402645073 6.500115067608394 22.750088569637224
vertex -22.750088569637224 6.500115067608394 19.50003103583303
vertex -22.750088569637224 6.500115067608394 22.750088569637224
endloop
endfacet
facet normal 0 1 0
outer loop
vertex 22.750088569637224 6.500115067608394 22.750088569637224
vertex 22.750088569637224 6.500115067608394 19.50003103583303
vertex 22.749774402645073 6.500115067608394 19.50003103583303
endloop
endfacet
facet normal 0 1 0
outer loop
vertex 22.750088569637224 6.500115067608394 22.750088569637224
vertex 22.749774402645073 6.500115067608394 19.50003103583303
vertex 22.749774402645073 6.500115067608394 22.750088569637224
endloop
endfacet
facet normal 0 1 0
outer loop
vertex -22.749774402645073 -3.250057533804197 22.750088569637224
vertex -22.749774402645073 -3.250057533804197 19.50003103583303
vertex -22.750088569637224 -3.250057533804197 19.50003103583303
endloop
endfacet
facet normal 0 1 0
outer loop
vertex -22.749774402645073 -3.250057533804197 22.750088569637224
vertex -22.750088569637224 -3.250057533804197 19.50003103583303
vertex -22.750088569637224 -3.250057533804197 22.750088569637224
endloop
endfacet
facet normal 0 1 0
outer loop
vertex 22.750088569637224 -3.250057533804197 22.750088569637224
vertex 22.750088569637224 -3.250057533804197 19.50003103583303
vertex 22.749774402645073 -3.250057533804197 19.50003103583303
endloop
endfacet
facet normal 0 1 0
outer loop
vertex 22.750088569637224 -3.250057533804197 22.750088569637224
vertex 22.749774402645073 -3.250057533804197 19.50003103583303
vertex 22.749774402645073 -3.250057533804197 22.750088569637224
endloop
endfacet
facet normal -1 0 0
outer loop
vertex -22.749774402645073 -1.6418367009821877 21.125216886231204
vertex -22.749774402645073 -1.6751384021502151 22.750088569637224
vertex -22.749774402645073 0 22.750088569637224
endloop
endfacet
facet normal -1 0 0
outer loop
vertex -22.749774402645073 -1.6418367009821877 21.125216886231204
vertex -22.749774402645073 0 22.750088569637224
vertex -22.749774402645073 0 19.50003103583303
endloop
endfacet
facet normal -1 0 0
outer loop
vertex -22.749774402645073 -1.6418367009821877 21.125216886231204
vertex -22.749774402645073 0 19.50003103583303
vertex -22.749774402645073 -1.6751384021502151 19.50003103583303
endloop
endfacet
facet normal -0.9999999999999999 0 0
outer loop
vertex -22.749774402645073 -1.6418367009821877 21.125216886231204
vertex -22.749774402645073 -1.6751384021502151 19.50003103583303
vertex -22.749774402645073 -3.250057533804197 19.50003103583303
endloop
endfacet
facet normal -1 0 0
outer loop
vertex -22.749774402645073 -1.6418367009821877 21.125216886231204
vertex -22.749774402645073 -3.250057533804197 19.50003103583303
vertex -22.749774402645073 -3.250057533804197 22.750088569637224
endloop
endfacet
facet normal -1 0 0
outer loop
vertex -22.749774402645073 -1.6418367009821877 21.125216886231204
vertex -22.749774402645073 -3.250057533804197 22.750088569637224
vertex -22.749774402645073 -1.6751384021502151 22.750088569637224
endloop
endfacet
facet normal -1 0 0
outer loop
vertex -22.749774402645073 9.75017260141259 22.750088569637224
vertex -22.749774402645073 9.75017260141259 19.50003103583303
vertex -22.749774402645073 6.500115067608394 19.50003103583303
endloop
endfacet
facet normal -1 0 0
outer loop
vertex -22.749774402645073 9.75017260141259 22.750088569637224
vertex -22.749774402645073 6.500115067608394 19.50003103583303
vertex -22.749774402645073 6.500115067608394 22.750088569637224
endloop
endfacet
facet normal 1 0 0
outer loop
vertex 22.749774402645073 6.500115067608394 22.750088569637224
vertex 22.749774402645073 6.500115067608394 19.50003103583303
vertex 22.749774402645073 9.75017260141259 19.50003103583303
endloop
endfacet
facet normal 1 0 0
outer loop
vertex 22.749774402645073 6.500115067608394 22.750088569637224
vertex 22.749774402645073 9.75017260141259 19.50003103583303
vertex 22.749774402645073 9.75017260141259 22.750088569637224
endloop
endfacet
facet normal 1 0 0
outer loop
vertex 22.749774402645073 -1.6418367009821877 21.125216886231204
vertex 22.749774402645073 -1.6751384021502151 22.750088569637224
vertex 22.749774402645073 -3.250057533804197 22.750088569637224
endloop
endfacet
facet normal 1 0 0
outer loop
vertex 22.749774402645073 -1.6418367009821877 21.125216886231204
vertex 22.749774402645073 -3.250057533804197 22.750088569637224
vertex 22.749774402645073 -3.250057533804197 19.50003103583303
endloop
endfacet
facet normal 0.9999999999999999 0 0
outer loop
vertex 22.749774402645073 -1.6418367009821877 21.125216886231204
vertex 22.749774402645073 -3.250057533804197 19.50003103583303
vertex 22.749774402645073 -1.6751384021502151 19.50003103583303
endloop
endfacet
facet normal 1 0 0
outer loop
vertex 22.749774402645073 -1.6418367009821877 21.125216886231204
vertex 22.749774402645073 -1.6751384021502151 19.50003103583303
vertex 22.749774402645073 0 19.50003103583303
endloop
endfacet
facet normal 1 0 0
outer loop
vertex 22.749774402645073 -1.6418367009821877 21.125216886231204
vertex 22.749774402645073 0 19.50003103583303
vertex 22.749774402645073 0 22.750088569637224
endloop
endfacet
facet normal 1 0 0
outer loop
vertex 22.749774402645073 -1.6418367009821877 21.125216886231204
vertex 22.749774402645073 0 22.750088569637224
vertex 22.749774402645073 -1.6751384021502151 22.750088569637224
endloop
endfacet
facet normal 0 1 0
outer loop
vertex -19.50003103583303 9.75017260141259 22.750088569637224
vertex -19.50003103583303 9.75017260141259 19.50003103583303
vertex -22.749774402645073 9.75017260141259 19.50003103583303
endloop
endfacet
facet normal 0 1 0
outer loop
vertex -19.50003103583303 9.75017260141259 22.750088569637224
vertex -22.749774402645073 9.75017260141259 19.50003103583303
vertex -22.749774402645073 9.75017260141259 22.750088569637224
endloop
endfacet
facet normal 0 1 0
outer loop
vertex 22.749774402645073 9.75017260141259 22.750088569637224
vertex 22.749774402645073 9.75017260141259 19.50003103583303
vertex 19.50003103583303 9.75017260141259 19.50003103583303
endloop
endfacet
facet normal 0 1 0
outer loop
vertex 22.749774402645073 9.75017260141259 22.750088569637224
vertex 19.50003103583303 9.75017260141259 19.50003103583303
vertex 19.50003103583303 9.75017260141259 22.750088569637224
endloop
endfacet
facet normal -0.9999999999999999 0 0
outer loop
vertex -19.50003103583303 -9.75017260141259 22.750088569637224
vertex -19.50003103583303 -9.75017260141259 19.50003103583303
vertex -19.50003103583303 -16.249973502028833 19.50003103583303
endloop
endfacet
facet normal -0.9999999999999999 0 0
outer loop
vertex -19.50003103583303 -9.75017260141259 22.750088569637224
vertex -19.50003103583303 -16.249973502028833 19.50003103583303
vertex -19.50003103583303 -16.249973502028833 22.750088569637224
endloop
endfacet
facet normal -0.9999999999999999 0 0
outer loop
vertex -19.50003103583303 16.249973502028833 22.750088569637224
vertex -19.50003103583303 16.249973502028833 19.50003103583303
vertex -19.50003103583303 9.75017260141259 19.50003103583303
endloop
endfacet
facet normal -0.9999999999999999 0 0
outer loop
vertex -19.50003103583303 16.249973502028833 22.750088569637224
vertex -19.50003103583303 9.75017260141259 19.50003103583303
vertex -19.50003103583303 9.75017260141259 22.750088569637224
endloop
endfacet
facet normal 0.9999999999999999 0 0
outer loop
vertex 19.50003103583303 9.75017260141259 22.750088569637224
vertex 19.50003103583303 9.75017260141259 19.50003103583303
vertex 19.50003103583303 16.249973502028833 19.50003103583303
endloop
endfacet
facet normal 0.9999999999999999 0 0
outer loop
vertex 19.50003103583303 9.75017260141259 22.750088569637224
vertex 19.50003103583303 16.249973502028833 19.50003103583303
vertex 19.50003103583303 16.249973502028833 22.750088569637224
endloop
endfacet
facet normal 0.9999999999999999 0 0
outer loop
vertex 19.50003103583303 -16.249973502028833 22.750088569637224
vertex 19.50003103583303 -16.249973502028833 19.50003103583303
vertex 19.50003103583303 -9.75017260141259 19.50003103583303
endloop
endfacet
facet normal 0.9999999999999999 0 0
outer loop
vertex 19.50003103583303 -16.249973502028833 22.750088569637224
vertex 19.50003103583303 -9.75017260141259 19.50003103583303
vertex 19.50003103583303 -9.75017260141259 22.750088569637224
endloop
endfacet
facet normal 0 1 0
outer loop
vertex -16.249973502028833 16.249973502028833 22.750088569637224
vertex -16.249973502028833 16.249973502028833 19.50003103583303
vertex -19.50003103583303 16.249973502028833 19.50003103583303
endloop
endfacet
facet normal 0 1 0
outer loop
vertex -16.249973502028833 16.249973502028833 22.750088569637224
vertex -19.50003103583303 16.249973502028833 19.50003103583303
vertex -19.50003103583303 16.249973502028833 22.750088569637224
endloop
endfacet
facet normal 0 1 0
outer loop
vertex 19.50003103583303 16.249973502028833 22.750088569637224
vertex 19.50003103583303 16.249973502028833 19.50003103583303
vertex 16.249973502028833 16.249973502028833 19.50003103583303
endloop
endfacet
facet normal 0 1 0
outer loop
vertex 19.50003103583303 16.249973502028833 22.750088569637224
vertex 16.249973502028833 16.249973502028833 19.50003103583303
vertex 16.249973502028833 16.249973502028833 22.750088569637224
endloop
endfacet
facet normal 0 -1 0
outer loop
vertex 16.249973502028833 -16.249973502028833 22.750088569637224
vertex 16.249973502028833 -16.249973502028833 19.50003103583303
vertex 19.50003103583303 -16.249973502028833 19.50003103583303
endloop
endfacet
facet normal 0 -1 0
outer loop
vertex 16.249973502028833 -16.249973502028833 22.750088569637224
vertex 19.50003103583303 -16.249973502028833 19.50003103583303
vertex 19.50003103583303 -16.249973502028833 22.750088569637224
endloop
endfacet
facet normal 0 -1 0
outer loop
vertex -19.50003103583303 -16.249973502028833 22.750088569637224
vertex -19.50003103583303 -16.249973502028833 19.50003103583303
vertex -16.249973502028833 -16.249973502028833 19.50003103583303
endloop
endfacet
facet normal 0 -1 0
outer loop
vertex -19.50003103583303 -16.249973502028833 22.750088569637224
vertex -16.249973502028833 -16.249973502028833 19.50003103583303
vertex -16.249973502028833 -16.249973502028833 22.750088569637224
endloop
endfacet
facet normal -1 0 0
outer loop
vertex -16.249973502028833 -16.249973502028833 22.750088569637224
vertex -16.249973502028833 -16.249973502028833 19.50003103583303
vertex -16.249973502028833 -19.50003103583303 19.50003103583303
endloop
endfacet
facet normal -1 0 0
outer loop
vertex -16.249973502028833 -16.249973502028833 22.750088569637224
vertex -16.249973502028833 -19.50003103583303 19.50003103583303
vertex -16.249973502028833 -19.50003103583303 22.750088569637224
endloop
endfacet
facet normal -1 0 0
outer loop
vertex -16.249973502028833 19.50003103583303 22.750088569637224
vertex -16.249973502028833 19.50003103583303 19.50003103583303
vertex -16.249973502028833 16.249973502028833 19.50003103583303
endloop
endfacet
facet normal -1 0 0
outer loop
vertex -16.249973502028833 19.50003103583303 22.750088569637224
vertex -16.249973502028833 16.249973502028833 19.50003103583303
vertex -16.249973502028833 16.249973502028833 22.750088569637224
endloop
endfacet
facet normal 1 0 0
outer loop
vertex 16.249973502028833 16.249973502028833 22.750088569637224
vertex 16.249973502028833 16.249973502028833 19.50003103583303
vertex 16.249973502028833 19.50003103583303 19.50003103583303
endloop
endfacet
facet normal 1 0 0
outer loop
vertex 16.249973502028833 16.249973502028833 22.750088569637224
vertex 16.249973502028833 19.50003103583303 19.50003103583303
vertex 16.249973502028833 19.50003103583303 22.750088569637224
endloop
endfacet
facet normal 1 0 0
outer loop
vertex 16.249973502028833 -19.50003103583303 22.750088569637224
vertex 16.249973502028833 -19.50003103583303 19.50003103583303
vertex 16.249973502028833 -16.249973502028833 19.50003103583303
endloop
endfacet
facet normal 1 0 0
outer loop
vertex 16.249973502028833 -19.50003103583303 22.750088569637224
vertex 16.249973502028833 -16.249973502028833 19.50003103583303
vertex 16.249973502028833 -16.249973502028833 22.750088569637224
endloop
endfacet
facet normal 0 -0.9999999999999999 0
outer loop
vertex 9.75017260141259 -19.50003103583303 22.750088569637224
vertex 9.75017260141259 -19.50003103583303 19.50003103583303
vertex 16.249973502028833 -19.50003103583303 19.50003103583303
endloop
endfacet
facet normal 0 -0.9999999999999999 0
outer loop
vertex 9.75017260141259 -19.50003103583303 22.750088569637224
vertex 16.249973502028833 -19.50003103583303 19.50003103583303
vertex 16.249973502028833 -19.50003103583303 22.750088569637224
endloop
endfacet
facet normal 0 -0.9999999999999999 0
outer loop
vertex -16.249973502028833 -19.50003103583303 22.750088569637224
vertex -16.249973502028833 -19.50003103583303 19.50003103583303
vertex -9.75017260141259 -19.50003103583303 19.50003103583303
endloop
endfacet
facet normal 0 -0.9999999999999999 0
outer loop
vertex -16.249973502028833 -19.50003103583303 22.750088569637224
vertex -9.75017260141259 -19.50003103583303 19.50003103583303
vertex -9.75017260141259 -19.50003103583303 22.750088569637224
endloop
endfacet
facet normal 0 0.9999999999999999 0
outer loop
vertex -9.75017260141259 19.50003103583303 22.750088569637224
vertex -9.75017260141259 19.50003103583303 19.50003103583303
vertex -16.249973502028833 19.50003103583303 19.50003103583303
endloop
endfacet
facet normal 0 0.9999999999999999 0
outer loop
vertex -9.75017260141259 19.50003103583303 22.750088569637224
vertex -16.249973502028833 19.50003103583303 19.50003103583303
vertex -16.249973502028833 19.50003103583303 22.750088569637224
endloop
endfacet
facet normal 0 0.9999999999999999 0
outer loop
vertex 16.249973502028833 19.50003103583303 22.750088569637224
vertex 16.249973502028833 19.50003103583303 19.50003103583303
vertex 9.75017260141259 19.50003103583303 19.50003103583303
endloop
endfacet
facet normal 0 0.9999999999999999 0
outer loop
vertex 16.249973502028833 19.50003103583303 22.750088569637224
vertex 9.75017260141259 19.50003103583303 19.50003103583303
vertex 9.75017260141259 19.50003103583303 22.750088569637224
endloop
endfacet
facet normal 0 0 0.9999999999999999
outer loop
vertex -9.75017260141259 22.750088569637224 22.750088569637224
vertex -9.75017260141259 19.50003103583303 22.750088569637224
vertex 9.75017260141259 19.50003103583303 22.750088569637224
endloop
endfacet
facet normal 0 0 0.9999999999999999
outer loop
vertex -9.75017260141259 22.750088569637224 22.750088569637224
vertex 9.75017260141259 19.50003103583303 22.750088569637224
vertex 9.75017260141259 22.750088569637224 22.750088569637224
endloop
endfacet
facet normal 0 0 0.9999999999999999
outer loop
vertex 0 18.41678324689568 22.750088569637224
vertex 9.75017260141259 19.50003103583303 22.750088569637224
vertex -9.75017260141259 19.50003103583303 22.750088569637224
endloop
endfacet
facet normal 0 0 1
outer loop
vertex 0 18.41678324689568 22.750088569637224
vertex -9.75017260141259 19.50003103583303 22.750088569637224
vertex -16.249973502028833 19.50003103583303 22.750088569637224
endloop
endfacet
facet normal 0 0 1
outer loop
vertex 0 18.41678324689568 22.750088569637224
vertex -16.249973502028833 19.50003103583303 22.750088569637224
vertex -16.249973502028833 16.249973502028833 22.750088569637224
endloop
endfacet
facet normal 0 0 1
outer loop
vertex 0 18.41678324689568 22.750088569637224
vertex -16.249973502028833 16.249973502028833 22.750088569637224
vertex 16.249973502028833 16.249973502028833 22.750088569637224
endloop
endfacet
facet normal 0 0 1
outer loop
vertex 0 18.41678324689568 22.750088569637224
vertex 16.249973502028833 16.249973502028833 22.750088569637224
vertex 16.249973502028833 19.50003103583303 22.750088569637224
endloop
endfacet
facet normal 0 0 1
outer loop
vertex 0 18.41678324689568 22.750088569637224
vertex 16.249973502028833 19.50003103583303 22.750088569637224
vertex 9.75017260141259 19.50003103583303 22.750088569637224
endloop
endfacet
facet normal 0 0 1
outer loop
vertex 0 14.083477924154135 22.750088569637224
vertex 16.249973502028833 16.249973502028833 22.750088569637224
vertex -16.249973502028833 16.249973502028833 22.750088569637224
endloop
endfacet
facet normal 0 0 1
outer loop
vertex 0 14.083477924154135 22.750088569637224
vertex -16.249973502028833 16.249973502028833 22.750088569637224
vertex -19.50003103583303 16.249973502028833 22.750088569637224
endloop
endfacet
facet normal 0 0 1
outer loop
vertex 0 14.083477924154135 22.750088569637224
vertex -19.50003103583303 16.249973502028833 22.750088569637224
vertex -19.50003103583303 9.75017260141259 22.750088569637224
endloop
endfacet
facet normal 0 0 0.9999999999999999
outer loop
vertex 0 14.083477924154135 22.750088569637224
vertex -19.50003103583303 9.75017260141259 22.750088569637224
vertex 19.50003103583303 9.75017260141259 22.750088569637224
endloop
endfacet
facet normal 0 0 1
outer loop
vertex 0 14.083477924154135 22.750088569637224
vertex 19.50003103583303 9.75017260141259 22.750088569637224
vertex 19.50003103583303 16.249973502028833 22.750088569637224
endloop
endfacet
facet normal 0 0 1
outer loop
vertex 0 14.083477924154135 22.750088569637224
vertex 19.50003103583303 16.249973502028833 22.750088569637224
vertex 16.249973502028833 16.249973502028833 22.750088569637224
endloop
endfacet
facet normal 0 0 1
outer loop
vertex 0 8.66692481247524 22.750088569637224
vertex 19.50003103583303 9.75017260141259 22.750088569637224
vertex -19.50003103583303 9.75017260141259 22.750088569637224
endloop
endfacet
facet normal 0 0 1
outer loop
vertex 0 8.66692481247524 22.750088569637224
vertex -19.50003103583303 9.75017260141259 22.750088569637224
vertex -22.749774402645073 9.75017260141259 22.750088569637224
endloop
endfacet
facet normal 0 0 1
outer loop
vertex 0 8.66692481247524 22.750088569637224
vertex -22.749774402645073 9.75017260141259 22.750088569637224
vertex -22.749774402645073 6.500115067608394 22.750088569637224
endloop
endfacet
facet normal 0 0 1
outer loop
vertex 0 8.66692481247524 22.750088569637224
vertex -22.749774402645073 6.500115067608394 22.750088569637224
vertex 22.749774402645073 6.500115067608394 22.750088569637224
endloop
endfacet
facet normal 0 0 1
outer loop
vertex 0 8.66692481247524 22.750088569637224
vertex 22.749774402645073 6.500115067608394 22.750088569637224
vertex 22.749774402645073 9.75017260141259 22.750088569637224
endloop
endfacet
facet normal 0 0 1
outer loop
vertex 0 8.66692481247524 22.750088569637224
vertex 22.749774402645073 9.75017260141259 22.750088569637224
vertex 19.50003103583303 9.75017260141259 22.750088569637224
endloop
endfacet
facet normal 0 0 1
outer loop
vertex 0 4.087626734879304 22.750088569637224
vertex 22.749774402645073 6.500115067608394 22.750088569637224
vertex -22.749774402645073 6.500115067608394 22.750088569637224
endloop
endfacet
facet normal 0 0 1
outer loop
vertex 0 4.087626734879304 22.750088569637224
vertex -22.749774402645073 6.500115067608394 22.750088569637224
vertex -22.750088569637224 6.500115067608394 22.750088569637224
endloop
endfacet
facet normal 0 0 1
outer loop
vertex 0 4.087626734879304 22.750088569637224
vertex -22.750088569637224 6.500115067608394 22.750088569637224
vertex -22.750088569637224 1.6751384021502151 22.750088569637224
endloop
endfacet
facet normal 0 0 0.9999999999999999
outer loop
vertex 0 4.087626734879304 22.750088569637224
vertex -22.750088569637224 1.6751384021502151 22.750088569637224
vertex -1.6751384021502151 1.6751384021502151 22.750088569637224
endloop
endfacet
facet normal 0 0 1
outer loop
vertex 0 4.087626734879304 22.750088569637224
vertex -1.6751384021502151 1.6751384021502151 22.750088569637224
vertex 1.6751384021502151 1.6751384021502151 22.750088569637224
endloop
endfacet
facet normal 0 0 0.9999999999999999
outer loop
vertex 0 4.087626734879304 22.750088569637224
vertex 1.6751384021502151 1.6751384021502151 22.750088569637224
vertex 22.750088569637224 1.6751384021502151 22.750088569637224
endloop
endfacet
facet normal 0 0 1
outer loop
vertex 0 4.087626734879304 22.750088569637224
vertex 22.750088569637224 1.6751384021502151 22.750088569637224
vertex 22.750088569637224 6.500115067608394 22.750088569637224
endloop
endfacet
facet normal 0 0 1
outer loop
vertex 0 4.087626734879304 22.750088569637224
vertex 22.750088569637224 6.500115067608394 22.750088569637224
vertex 22.749774402645073 6.500115067608394 22.750088569637224
endloop
endfacet
facet normal 0 0 1
outer loop
vertex 14.32004566924399 0.6701181942585164 22.750088569637224
vertex 1.6751384021502151 1.6751384021502151 22.750088569637224
vertex 1.6751384021502151 0 22.750088569637224
endloop
endfacet
facet normal 0 0 1
outer loop
vertex 14.32004566924399 0.6701181942585164 22.750088569637224
vertex 1.6751384021502151 0 22.750088569637224
vertex 22.749774402645073 0 22.750088569637224
endloop
endfacet
facet normal 0 0 1
outer loop
vertex 14.32004566924399 0.6701181942585164 22.750088569637224
vertex 22.749774402645073 0 22.750088569637224
vertex 22.750088569637224 0 22.750088569637224
endloop
endfacet
facet normal 0 0 1
outer loop
vertex 14.32004566924399 0.6701181942585164 22.750088569637224
vertex 22.750088569637224 0 22.750088569637224
vertex 22.750088569637224 1.6751384021502151 22.750088569637224
endloop
endfacet
facet normal 0 0 1
outer loop
vertex 14.32004566924399 0.6701181942585164 22.750088569637224
vertex 22.750088569637224 1.6751384021502151 22.750088569637224
vertex 1.6751384021502151 1.6751384021502151 22.750088569637224
endloop
endfacet
facet normal 0 0 1
outer loop
vertex -14.32004566924399 0.6701181942585164 22.750088569637224
vertex -22.750088569637224 1.6751384021502151 22.750088569637224
vertex -22.750088569637224 0 22.750088569637224
endloop
endfacet
facet normal 0 0 1
outer loop
vertex -14.32004566924399 0.6701181942585164 22.750088569637224
vertex -22.750088569637224 0 22.750088569637224
vertex -22.749774402645073 0 22.750088569637224
endloop
endfacet
facet normal 0 0 1
outer loop
vertex -14.32004566924399 0.6701181942585164 22.750088569637224
vertex -22.749774402645073 0 22.750088569637224
vertex -1.6751384021502151 0 22.750088569637224
endloop
endfacet
facet normal 0 0 1
outer loop
vertex -14.32004566924399 0.6701181942585164 22.750088569637224
vertex -1.6751384021502151 0 22.750088569637224
vertex -1.6751384021502151 1.6751384021502151 22.750088569637224
endloop
endfacet
facet normal 0 0 1
outer loop
vertex -14.32004566924399 0.6701181942585164 22.750088569637224
vertex -1.6751384021502151 1.6751384021502151 22.750088569637224
vertex -22.750088569637224 1.6751384021502151 22.750088569637224
endloop
endfacet
facet normal 0 0 1
outer loop
vertex 1.6751384021502151 0 22.750088569637224
vertex 1.6751384021502151 -1.6751384021502151 22.750088569637224
vertex 22.749774402645073 -1.6751384021502151 22.750088569637224
endloop
endfacet
facet normal 0 0 1
outer loop
vertex 1.6751384021502151 0 22.750088569637224
vertex 22.749774402645073 -1.6751384021502151 22.750088569637224
vertex 22.749774402645073 0 22.750088569637224
endloop
endfacet
facet normal 0 0 1
outer loop
vertex -22.749774402645073 0 22.750088569637224
vertex -22.749774402645073 -1.6751384021502151 22.750088569637224
vertex -1.6751384021502151 -1.6751384021502151 22.750088569637224
endloop
endfacet
facet normal 0 0 1
outer loop
vertex -22.749774402645073 0 22.750088569637224
vertex -1.6751384021502151 -1.6751384021502151 22.750088569637224
vertex -1.6751384021502151 0 22.750088569637224
endloop
endfacet
facet normal 0 0 1
outer loop
vertex 0 -2.200111446034876 22.750088569637224
vertex 1.6751384021502151 -1.6751384021502151 22.750088569637224
vertex -1.6751384021502151 -1.6751384021502151 22.750088569637224
endloop
endfacet
facet normal 0 0 1
outer loop
vertex 0 -2.200111446034876 22.750088569637224
vertex -1.6751384021502151 -1.6751384021502151 22.750088569637224
vertex -22.749774402645073 -1.6751384021502151 22.750088569637224
endloop
endfacet
facet normal 0 0 1
outer loop
vertex 0 -2.200111446034876 22.750088569637224
vertex -22.749774402645073 -1.6751384021502151 22.750088569637224
vertex -22.749774402645073 -3.250057533804197 22.750088569637224
endloop
endfacet
facet normal 0 0 1
outer loop
vertex 0 -2.200111446034876 22.750088569637224
vertex -22.749774402645073 -3.250057533804197 22.750088569637224
vertex 22.749774402645073 -3.250057533804197 22.750088569637224
endloop
endfacet
facet normal 0 0 1
outer loop
vertex 0 -2.200111446034876 22.750088569637224
vertex 22.749774402645073 -3.250057533804197 22.750088569637224
vertex 22.749774402645073 -1.6751384021502151 22.750088569637224
endloop
endfacet
facet normal 0 0 1
outer loop
vertex 0 -2.200111446034876 22.750088569637224
vertex 22.749774402645073 -1.6751384021502151 22.750088569637224
vertex 1.6751384021502151 -1.6751384021502151 22.750088569637224
endloop
endfacet
facet normal 0 0 1
outer loop
vertex 0 -6.500115067608394 22.750088569637224
vertex 22.749774402645073 -3.250057533804197 22.750088569637224
vertex -22.749774402645073 -3.250057533804197 22.750088569637224
endloop
endfacet
facet normal 0 0 1
outer loop
vertex 0 -6.500115067608394 22.750088569637224
vertex -22.749774402645073 -3.250057533804197 22.750088569637224
vertex -22.750088569637224 -3.250057533804197 22.750088569637224
endloop
endfacet
facet normal 0 0 1
outer loop
vertex 0 -6.500115067608394 22.750088569637224
vertex -22.750088569637224 -3.250057533804197 22.750088569637224
vertex -22.750088569637224 -9.75017260141259 22.750088569637224
endloop
endfacet
facet normal 0 0 1
outer loop
vertex 0 -6.500115067608394 22.750088569637224
vertex -22.750088569637224 -9.75017260141259 22.750088569637224
vertex -19.50003103583303 -9.75017260141259 22.750088569637224
endloop
endfacet
facet normal 0 0 0.9999999999999999
outer loop
vertex 0 -6.500115067608394 22.750088569637224
vertex -19.50003103583303 -9.75017260141259 22.750088569637224
vertex 19.50003103583303 -9.75017260141259 22.750088569637224
endloop
endfacet
facet normal 0 0 1
outer loop
vertex 0 -6.500115067608394 22.750088569637224
vertex 19.50003103583303 -9.75017260141259 22.750088569637224
vertex 22.750088569637224 -9.75017260141259 22.750088569637224
endloop
endfacet
facet normal 0 0 1
outer loop
vertex 0 -6.500115067608394 22.750088569637224
vertex 22.750088569637224 -9.75017260141259 22.750088569637224
vertex 22.750088569637224 -3.250057533804197 22.750088569637224
endloop
endfacet
facet normal 0 0 1
outer loop
vertex 0 -6.500115067608394 22.750088569637224
vertex 22.750088569637224 -3.250057533804197 22.750088569637224
vertex 22.749774402645073 -3.250057533804197 22.750088569637224
endloop
endfacet
facet normal 0 0 1
outer loop
vertex 0 -14.083477924154135 22.750088569637224
vertex -19.50003103583303 -9.75017260141259 22.750088569637224
vertex -19.50003103583303 -16.249973502028833 22.750088569637224
endloop
endfacet
facet normal 0 0 1
outer loop
vertex 0 -14.083477924154135 22.750088569637224
vertex -19.50003103583303 -16.249973502028833 22.750088569637224
vertex -16.249973502028833 -16.249973502028833 22.750088569637224
endloop
endfacet
facet normal 0 0 1
outer loop
vertex 0 -14.083477924154135 22.750088569637224
vertex -16.249973502028833 -16.249973502028833 22.750088569637224
vertex 16.249973502028833 -16.249973502028833 22.750088569637224
endloop
endfacet
facet normal 0 0 1
outer loop
vertex 0 -14.083477924154135 22.750088569637224
vertex 16.249973502028833 -16.249973502028833 22.750088569637224
vertex 19.50003103583303 -16.249973502028833 22.750088569637224
endloop
endfacet
facet normal 0 0 1
outer loop
vertex 0 -14.083477924154135 22.750088569637224
vertex 19.50003103583303 -16.249973502028833 22.750088569637224
vertex 19.50003103583303 -9.75017260141259 22.750088569637224
endloop
endfacet
facet normal 0 0 0.9999999999999999
outer loop
vertex 0 -14.083477924154135 22.750088569637224
vertex 19.50003103583303 -9.75017260141259 22.750088569637224
vertex -19.50003103583303 -9.75017260141259 22.750088569637224
endloop
endfacet
facet normal 0 0 1
outer loop
vertex 0 -18.41678324689568 22.750088569637224
vertex -16.249973502028833 -16.249973502028833 22.750088569637224
vertex -16.249973502028833 -19.50003103583303 22.750088569637224
endloop
endfacet
facet normal 0 0 1
outer loop
vertex 0 -18.41678324689568 22.750088569637224
vertex -16.249973502028833 -19.50003103583303 22.750088569637224
vertex -9.75017260141259 -19.50003103583303 22.750088569637224
endloop
endfacet
facet normal 0 0 0.9999999999999999
outer loop
vertex 0 -18.41678324689568 22.750088569637224
vertex -9.75017260141259 -19.50003103583303 22.750088569637224
vertex 9.75017260141259 -19.50003103583303 22.750088569637224
endloop
endfacet
facet normal 0 0 1
outer loop
vertex 0 -18.41678324689568 22.750088569637224
vertex 9.75017260141259 -19.50003103583303 22.750088569637224
vertex 16.249973502028833 -19.50003103583303 22.750088569637224
endloop
endfacet
facet normal 0 0 1
outer loop
vertex 0 -18.41678324689568 22.750088569637224
vertex 16.249973502028833 -19.50003103583303 22.750088569637224
vertex 16.249973502028833 -16.249973502028833 22.750088569637224
endloop
endfacet
facet normal 0 0 1
outer loop
vertex 0 -18.41678324689568 22.750088569637224
vertex 16.249973502028833 -16.249973502028833 22.750088569637224
vertex -16.249973502028833 -16.249973502028833 22.750088569637224
endloop
endfacet
facet normal 0 0 0.9999999999999999
outer loop
vertex -9.75017260141259 -19.50003103583303 22.750088569637224
vertex -9.75017260141259 -22.750088569637224 22.750088569637224
vertex 9.75017260141259 -22.750088569637224 22.750088569637224
endloop
endfacet
facet normal 0 0 0.9999999999999999
outer loop
vertex -9.75017260141259 -19.50003103583303 22.750088569637224
vertex 9.75017260141259 -22.750088569637224 22.750088569637224
vertex 9.75017260141259 -19.50003103583303 22.750088569637224
endloop
endfacet
facet normal 0 0 -0.9999999999999999
outer loop
vertex 9.75017260141259 22.750088569637224 19.50003103583303
vertex 9.75017260141259 19.50003103583303 19.50003103583303
vertex -9.75017260141259 19.50003103583303 19.50003103583303
endloop
endfacet
facet normal 0 0 -0.9999999999999999
outer loop
vertex 9.75017260141259 22.750088569637224 19.50003103583303
vertex -9.75017260141259 19.50003103583303 19.50003103583303
vertex -9.75017260141259 22.750088569637224 19.50003103583303
endloop
endfacet
facet normal 0 0 -0.9999999999999999
outer loop
vertex 0 18.41678324689568 19.50003103583303
vertex -9.75017260141259 19.50003103583303 19.50003103583303
vertex 9.75017260141259 19.50003103583303 19.50003103583303
endloop
endfacet
facet normal 0 0 -1
outer loop
vertex 0 18.41678324689568 19.50003103583303
vertex 9.75017260141259 19.50003103583303 19.50003103583303
vertex 16.249973502028833 19.50003103583303 19.50003103583303
endloop
endfacet
facet normal 0 0 -1
outer loop
vertex 0 18.41678324689568 19.50003103583303
vertex 16.249973502028833 19.50003103583303 19.50003103583303
vertex 16.249973502028833 16.249973502028833 19.50003103583303
endloop
endfacet
facet normal 0 0 -1
outer loop
vertex 0 18.41678324689568 19.50003103583303
vertex 16.249973502028833 16.249973502028833 19.50003103583303
vertex -16.249973502028833 16.249973502028833 19.50003103583303
endloop
endfacet
facet normal 0 0 -1
outer loop
vertex 0 18.41678324689568 19.50003103583303
vertex -16.249973502028833 16.249973502028833 19.50003103583303
vertex -16.249973502028833 19.50003103583303 19.50003103583303
endloop
endfacet
facet normal 0 0 -1
outer loop
vertex 0 18.41678324689568 19.50003103583303
vertex -16.249973502028833 19.50003103583303 19.50003103583303
vertex -9.75017260141259 19.50003103583303 19.50003103583303
endloop
endfacet
facet normal 0 0 -1
outer loop
vertex 0 14.083477924154135 19.50003103583303
vertex -16.249973502028833 16.249973502028833 19.50003103583303
vertex 16.249973502028833 16.249973502028833 19.50003103583303
endloop
endfacet
facet normal 0 0 -1
outer loop
vertex 0 14.083477924154135 19.50003103583303
vertex 16.249973502028833 16.249973502028833 19.50003103583303
vertex 19.50003103583303 16.249973502028833 19.50003103583303
endloop
endfacet
facet normal 0 0 -1
outer loop
vertex 0 14.083477924154135 19.50003103583303
vertex 19.50003103583303 16.249973502028833 19.50003103583303
vertex 19.50003103583303 9.75017260141259 19.50003103583303
endloop
endfacet
facet normal 0 0 -0.9999999999999999
outer loop
vertex 0 14.083477924154135 19.50003103583303
vertex 19.50003103583303 9.75017260141259 19.50003103583303
vertex -19.50003103583303 9.75017260141259 19.50003103583303
endloop
endfacet
facet normal 0 0 -1
outer loop
vertex 0 14.083477924154135 19.50003103583303
vertex -19.50003103583303 9.75017260141259 19.50003103583303
vertex -19.50003103583303 16.249973502028833 19.50003103583303
endloop
endfacet
facet normal 0 0 -1
outer loop
vertex 0 14.083477924154135 19.50003103583303
vertex -19.50003103583303 16.249973502028833 19.50003103583303
vertex -16.249973502028833 16.249973502028833 19.50003103583303
endloop
endfacet
facet normal 0 0 -1
outer loop
vertex 0 8.66692481247524 19.50003103583303
vertex -19.50003103583303 9.75017260141259 19.50003103583303
vertex 19.50003103583303 9.75017260141259 19.50003103583303
endloop
endfacet
facet normal 0 0 -1
outer loop
vertex 0 8.66692481247524 19.50003103583303
vertex 19.50003103583303 9.75017260141259 19.50003103583303
vertex 22.749774402645073 9.75017260141259 19.50003103583303
endloop
endfacet
facet normal 0 0 -1
outer loop
vertex 0 8.66692481247524 19.50003103583303
vertex 22.749774402645073 9.75017260141259 19.50003103583303
vertex 22.749774402645073 6.500115067608394 19.50003103583303
endloop
endfacet
facet normal 0 0 -1
outer loop
vertex 0 8.66692481247524 19.50003103583303
vertex 22.749774402645073 6.500115067608394 19.50003103583303
vertex -22.749774402645073 6.500115067608394 19.50003103583303
endloop
endfacet
facet normal 0 0 -1
outer loop
vertex 0 8.66692481247524 19.50003103583303
vertex -22.749774402645073 6.500115067608394 19.50003103583303
vertex -22.749774402645073 9.75017260141259 19.50003103583303
endloop
endfacet
facet normal 0 0 -1
outer loop
vertex 0 8.66692481247524 19.50003103583303
vertex -22.749774402645073 9.75017260141259 19.50003103583303
vertex -19.50003103583303 9.75017260141259 19.50003103583303
endloop
endfacet
facet normal 0 0 -1
outer loop
vertex 0 4.087626734879304 19.50003103583303
vertex -22.749774402645073 6.500115067608394 19.50003103583303
vertex 22.749774402645073 6.500115067608394 19.50003103583303
endloop
endfacet
facet normal 0 0 -1
outer loop
vertex 0 4.087626734879304 19.50003103583303
vertex 22.749774402645073 6.500115067608394 19.50003103583303
vertex 22.750088569637224 6.500115067608394 19.50003103583303
endloop
endfacet
facet normal 0 0 -1
outer loop
vertex 0 4.087626734879304 19.50003103583303
vertex 22.750088569637224 6.500115067608394 19.50003103583303
vertex 22.750088569637224 1.6751384021502151 19.50003103583303
endloop
endfacet
facet normal 0 0 -0.9999999999999999
outer loop
vertex 0 4.087626734879304 19.50003103583303
vertex 22.750088569637224 1.6751384021502151 19.50003103583303
vertex 1.6751384021502151 1.6751384021502151 19.50003103583303
endloop
endfacet
facet normal 0 0 -1
outer loop
vertex 0 4.087626734879304 19.50003103583303
vertex 1.6751384021502151 1.6751384021502151 19.50003103583303
vertex -1.6751384021502151 1.6751384021502151 19.50003103583303
endloop
endfacet
facet normal 0 0 -0.9999999999999999
outer loop
vertex 0 4.087626734879304 19.50003103583303
vertex -1.6751384021502151 1.6751384021502151 19.50003103583303
vertex -22.750088569637224 1.6751384021502151 19.50003103583303
endloop
endfacet
facet normal 0 0 -1
outer loop
vertex 0 4.087626734879304 19.50003103583303
vertex -22.750088569637224 1.6751384021502151 19.50003103583303
vertex -22.750088569637224 6.500115067608394 19.50003103583303
endloop
endfacet
facet normal 0 0 -1
outer loop
vertex 0 4.087626734879304 19.50003103583303
vertex -22.750088569637224 6.500115067608394 19.50003103583303
vertex -22.749774402645073 6.500115067608394 19.50003103583303
endloop
endfacet
facet normal 0 0 -1
outer loop
vertex -14.32004566924399 0.6701181942585164 19.50003103583303
vertex -1.6751384021502151 1.6751384021502151 19.50003103583303
vertex -1.6751384021502151 0 19.50003103583303
endloop
endfacet
facet normal 0 0 -1
outer loop
vertex -14.32004566924399 0.6701181942585164 19.50003103583303
vertex -1.6751384021502151 0 19.50003103583303
vertex -22.749774402645073 0 19.50003103583303
endloop
endfacet
facet normal 0 0 -1
outer loop
vertex -14.32004566924399 0.6701181942585164 19.50003103583303
vertex -22.749774402645073 0 19.50003103583303
vertex -22.750088569637224 0 19.50003103583303
endloop
endfacet
facet normal 0 0 -1
outer loop
vertex -14.32004566924399 0.6701181942585164 19.50003103583303
vertex -22.750088569637224 0 19.50003103583303
vertex -22.750088569637224 1.6751384021502151 19.50003103583303
endloop
endfacet
facet normal 0 0 -1
outer loop
vertex -14.32004566924399 0.6701181942585164 19.50003103583303
vertex -22.750088569637224 1.6751384021502151 19.50003103583303
vertex -1.6751384021502151 1.6751384021502151 19.50003103583303
endloop
endfacet
facet normal 0 0 -1
outer loop
vertex 14.32004566924399 0.6701181942585164 19.50003103583303
vertex 22.750088569637224 1.6751384021502151 19.50003103583303
vertex 22.750088569637224 0 19.50003103583303
endloop
endfacet
facet normal 0 0 -1
outer loop
vertex 14.32004566924399 0.6701181942585164 19.50003103583303
vertex 22.750088569637224 0 19.50003103583303
vertex 22.749774402645073 0 19.50003103583303
endloop
endfacet
facet normal 0 0 -1
outer loop
vertex 14.32004566924399 0.6701181942585164 19.50003103583303
vertex 22.749774402645073 0 19.50003103583303
vertex 1.6751384021502151 0 19.50003103583303
endloop
endfacet
facet normal 0 0 -1
outer loop
vertex 14.32004566924399 0.6701181942585164 19.50003103583303
vertex 1.6751384021502151 0 19.50003103583303
vertex 1.6751384021502151 1.6751384021502151 19.50003103583303
endloop
endfacet
facet normal 0 0 -1
outer loop
vertex 14.32004566924399 0.6701181942585164 19.50003103583303
vertex 1.6751384021502151 1.6751384021502151 19.50003103583303
vertex 22.750088569637224 1.6751384021502151 19.50003103583303
endloop
endfacet
facet normal 0 0 -1
outer loop
vertex -1.6751384021502151 0 19.50003103583303
vertex -1.6751384021502151 -1.6751384021502151 19.50003103583303
vertex -22.749774402645073 -1.6751384021502151 19.50003103583303
endloop
endfacet
facet normal 0 0 -1
outer loop
vertex -1.6751384021502151 0 19.50003103583303
vertex -22.749774402645073 -1.6751384021502151 19.50003103583303
vertex -22.749774402645073 0 19.50003103583303
endloop
endfacet
facet normal 0 0 -1
outer loop
vertex 22.749774402645073 0 19.50003103583303
vertex 22.749774402645073 -1.6751384021502151 19.50003103583303
vertex 1.6751384021502151 -1.6751384021502151 19.50003103583303
endloop
endfacet
facet normal 0 0 -1
outer loop
vertex 22.749774402645073 0 19.50003103583303
vertex 1.6751384021502151 -1.6751384021502151 19.50003103583303
vertex 1.6751384021502151 0 19.50003103583303
endloop
endfacet
facet normal 0 0 -1
outer loop
vertex 0 -2.200111446034876 19.50003103583303
vertex -1.6751384021502151 -1.6751384021502151 19.50003103583303
vertex 1.6751384021502151 -1.6751384021502151 19.50003103583303
endloop
endfacet
facet normal 0 0 -1
outer loop
vertex 0 -2.200111446034876 19.50003103583303
vertex 1.6751384021502151 -1.6751384021502151 19.50003103583303
vertex 22.749774402645073 -1.6751384021502151 19.50003103583303
endloop
endfacet
facet normal 0 0 -1
outer loop
vertex 0 -2.200111446034876 19.50003103583303
vertex 22.749774402645073 -1.6751384021502151 19.50003103583303
vertex 22.749774402645073 -3.250057533804197 19.50003103583303
endloop
endfacet
facet normal 0 0 -1
outer loop
vertex 0 -2.200111446034876 19.50003103583303
vertex 22.749774402645073 -3.250057533804197 19.50003103583303
vertex -22.749774402645073 -3.250057533804197 19.50003103583303
endloop
endfacet
facet normal 0 0 -1
outer loop
vertex 0 -2.200111446034876 19.50003103583303
vertex -22.749774402645073 -3.250057533804197 19.50003103583303
vertex -22.749774402645073 -1.6751384021502151 19.50003103583303
endloop
endfacet
facet normal 0 0 -1
outer loop
vertex 0 -2.200111446034876 19.50003103583303
vertex -22.749774402645073 -1.6751384021502151 19.50003103583303
vertex -1.6751384021502151 -1.6751384021502151 19.50003103583303
endloop
endfacet
facet normal 0 0 -1
outer loop
vertex 0 -6.500115067608394 19.50003103583303
vertex -22.749774402645073 -3.250057533804197 19.50003103583303
vertex 22.749774402645073 -3.250057533804197 19.50003103583303
endloop
endfacet
facet normal 0 0 -1
outer loop
vertex 0 -6.500115067608394 19.50003103583303
vertex 22.749774402645073 -3.250057533804197 19.50003103583303
vertex 22.750088569637224 -3.250057533804197 19.50003103583303
endloop
endfacet
facet normal 0 0 -1
outer loop
vertex 0 -6.500115067608394 19.50003103583303
vertex 22.750088569637224 -3.250057533804197 19.50003103583303
vertex 22.750088569637224 -9.75017260141259 19.50003103583303
endloop
endfacet
facet normal 0 0 -1
outer loop
vertex 0 -6.500115067608394 19.50003103583303
vertex 22.750088569637224 -9.75017260141259 19.50003103583303
vertex 19.50003103583303 -9.75017260141259 19.50003103583303
endloop
endfacet
facet normal 0 0 -0.9999999999999999
outer loop
vertex 0 -6.500115067608394 19.50003103583303
vertex 19.50003103583303 -9.75017260141259 19.50003103583303
vertex -19.50003103583303 -9.75017260141259 19.50003103583303
endloop
endfacet
facet normal 0 0 -1
outer loop
vertex 0 -6.500115067608394 19.50003103583303
vertex -19.50003103583303 -9.75017260141259 19.50003103583303
vertex -22.750088569637224 -9.75017260141259 19.50003103583303
endloop
endfacet
facet normal 0 0 -1
outer loop
vertex 0 -6.500115067608394 19.50003103583303
vertex -22.750088569637224 -9.75017260141259 19.50003103583303
vertex -22.750088569637224 -3.250057533804197 19.50003103583303
endloop
endfacet
facet normal 0 0 -1
outer loop
vertex 0 -6.500115067608394 19.50003103583303
vertex -22.750088569637224 -3.250057533804197 19.50003103583303
vertex -22.749774402645073 -3.250057533804197 19.50003103583303
endloop
endfacet
facet normal 0 0 -1
outer loop
vertex 0 -14.083477924154135 19.50003103583303
vertex 19.50003103583303 -9.75017260141259 19.50003103583303
vertex 19.50003103583303 -16.249973502028833 19.50003103583303
endloop
endfacet
facet normal 0 0 -1
outer loop
vertex 0 -14.083477924154135 19.50003103583303
vertex 19.50003103583303 -16.249973502028833 19.50003103583303
vertex 16.249973502028833 -16.249973502028833 19.50003103583303
endloop
endfacet
facet normal 0 0 -1
outer loop
vertex 0 -14.083477924154135 19.50003103583303
vertex 16.249973502028833 -16.249973502028833 19.50003103583303
vertex -16.249973502028833 -16.249973502028833 19.50003103583303
endloop
endfacet
facet normal 0 0 -1
outer loop
vertex 0 -14.083477924154135 19.50003103583303
vertex -16.249973502028833 -16.249973502028833 19.50003103583303
vertex -19.50003103583303 -16.249973502028833 19.50003103583303
endloop
endfacet
facet normal 0 0 -1
outer loop
vertex 0 -14.083477924154135 19.50003103583303
vertex -19.50003103583303 -16.249973502028833 19.50003103583303
vertex -19.50003103583303 -9.75017260141259 19.50003103583303
endloop
endfacet
facet normal 0 0 -0.9999999999999999
outer loop
vertex 0 -14.083477924154135 19.50003103583303
vertex -19.50003103583303 -9.75017260141259 19.50003103583303
vertex 19.50003103583303 -9.75017260141259 19.50003103583303
endloop
endfacet
facet normal 0 0 -1
outer loop
vertex 0 -18.41678324689568 19.50003103583303
vertex 16.249973502028833 -16.249973502028833 19.50003103583303
vertex 16.249973502028833 -19.50003103583303 19.50003103583303
endloop
endfacet
facet normal 0 0 -1
outer loop
vertex 0 -18.41678324689568 19.50003103583303
vertex 16.249973502028833 -19.50003103583303 19.50003103583303
vertex 9.75017260141259 -19.50003103583303 19.50003103583303
endloop
endfacet
facet normal 0 0 -0.9999999999999999
outer loop
vertex 0 -18.41678324689568 19.50003103583303
vertex 9.75017260141259 -19.50003103583303 19.50003103583303
vertex -9.75017260141259 -19.50003103583303 19.50003103583303
endloop
endfacet
facet normal 0 0 -1
outer loop
vertex 0 -18.41678324689568 19.50003103583303
vertex -9.75017260141259 -19.50003103583303 19.50003103583303
vertex -16.249973502028833 -19.50003103583303 19.50003103583303
endloop
endfacet
facet normal 0 0 -1
outer loop
vertex 0 -18.41678324689568 19.50003103583303
vertex -16.249973502028833 -19.50003103583303 19.50003103583303
vertex -16.249973502028833 -16.249973502028833 19.50003103583303
endloop
endfacet
facet normal 0 0 -1
outer loop
vertex 0 -18.41678324689568 19.50003103583303
vertex -16.249973502028833 -16.249973502028833 19.50003103583303
vertex 16.249973502028833 -16.249973502028833 19.50003103583303
endloop
endfacet
facet normal 0 0 -0.9999999999999999
outer loop
vertex 9.75017260141259 -19.50003103583303 19.50003103583303
vertex 9.75017260141259 -22.750088569637224 19.50003103583303
vertex -9.75017260141259 -22.750088569637224 19.50003103583303
endloop
endfacet
facet normal 0 0 -0.9999999999999999
outer loop
vertex 9.75017260141259 -19.50003103583303 19.50003103583303
vertex -9.75017260141259 -22.750088569637224 19.50003103583303
vertex -9.75017260141259 -19.50003103583303 19.50003103583303
endloop
endfacet
facet normal 1 0 0
outer loop
vertex -1.6751384021502151 0 21.125216886231204
vertex -1.6751384021502151 0 19.50003103583303
vertex -1.6751384021502151 1.6751384021502151 19.50003103583303
endloop
endfacet
facet normal 0.9999999999999999 0 0
outer loop
vertex -1.6751384021502151 0 21.125216886231204
vertex -1.6751384021502151 1.6751384021502151 19.50003103583303
vertex -1.6751384021502151 1.6751384021502151 22.750088569637224
endloop
endfacet
facet normal 1 0 0
outer loop
vertex -1.6751384021502151 0 21.125216886231204
vertex -1.6751384021502151 1.6751384021502151 22.750088569637224
vertex -1.6751384021502151 0 22.750088569637224
endloop
endfacet
facet normal 1 0 0
outer loop
vertex -1.6751384021502151 0 21.125216886231204
vertex -1.6751384021502151 0 22.750088569637224
vertex -1.6751384021502151 -1.6751384021502151 22.750088569637224
endloop
endfacet
facet normal 0.9999999999999999 0 0
outer loop
vertex -1.6751384021502151 0 21.125216886231204
vertex -1.6751384021502151 -1.6751384021502151 22.750088569637224
vertex -1.6751384021502151 -1.6751384021502151 19.50003103583303
endloop
endfacet
facet normal 1 0 0
outer loop
vertex -1.6751384021502151 0 21.125216886231204
vertex -1.6751384021502151 -1.6751384021502151 19.50003103583303
vertex -1.6751384021502151 0 19.50003103583303
endloop
endfacet
facet normal -1 0 0
outer loop
vertex 1.6751384021502151 0 21.125216886231204
vertex 1.6751384021502151 0 19.50003103583303
vertex 1.6751384021502151 -1.6751384021502151 19.50003103583303
endloop
endfacet
facet normal -0.9999999999999999 0 0
outer loop
vertex 1.6751384021502151 0 21.125216886231204
vertex 1.6751384021502151 -1.6751384021502151 19.50003103583303
vertex 1.6751384021502151 -1.6751384021502151 22.750088569637224
endloop
endfacet
facet normal -1 0 0
outer loop
vertex 1.6751384021502151 0 21.125216886231204
vertex 1.6751384021502151 -1.6751384021502151 22.750088569637224
vertex 1.6751384021502151 0 22.750088569637224
endloop
endfacet
facet normal -1 0 0
outer loop
vertex 1.6751384021502151 0 21.125216886231204
vertex 1.6751384021502151 0 22.750088569637224
vertex 1.6751384021502151 1.6751384021502151 22.750088569637224
endloop
endfacet
facet normal -0.9999999999999999 0 0
outer loop
vertex 1.6751384021502151 0 21.125216886231204
vertex 1.6751384021502151 1.6751384021502151 22.750088569637224
vertex 1.6751384021502151 1.6751384021502151 19.50003103583303
endloop
endfacet
facet normal -1 0 0
outer loop
vertex 1.6751384021502151 0 21.125216886231204
vertex 1.6751384021502151 1.6751384021502151 19.50003103583303
vertex 1.6751384021502151 0 19.50003103583303
endloop
endfacet
facet normal 0 1 0
outer loop
vertex -1.6751384021502151 -1.6751384021502151 19.50003103583303
vertex -1.6751384021502151 -1.6751384021502151 22.750088569637224
vertex 1.6751384021502151 -1.6751384021502151 22.750088569637224
endloop
endfacet
facet normal 0 1 0
outer loop
vertex -1.6751384021502151 -1.6751384021502151 19.50003103583303
vertex 1.6751384021502151 -1.6751384021502151 22.750088569637224
vertex 1.6751384021502151 -1.6751384021502151 19.50003103583303
endloop
endfacet
facet normal 0 -1 0
outer loop
vertex 1.6751384021502151 1.6751384021502151 19.50003103583303
vertex 1.6751384021502151 1.6751384021502151 22.750088569637224
vertex -1.6751384021502151 1.6751384021502151 22.750088569637224
endloop
endfacet
facet normal 0 -1 0
outer loop
vertex 1.6751384021502151 1.6751384021502151 19.50003103583303
vertex -1.6751384021502151 1.6751384021502151 22.750088569637224
vertex -1.6751384021502151 1.6751384021502151 19.50003103583303
endloop
endfacet
facet normal -1 0 0
outer loop
vertex -9.75017260141259 -19.50003103583303 26.000146103441423
vertex -9.75017260141259 -19.50003103583303 22.750088569637224
vertex -9.75017260141259 -22.750088569637224 22.750088569637224
endloop
endfacet
facet normal -1 0 0
outer loop
vertex -9.75017260141259 -19.50003103583303 26.000146103441423
vertex -9.75017260141259 -22.750088569637224 22.750088569637224
vertex -9.75017260141259 -22.750088569637224 26.000146103441423
endloop
endfacet
facet normal -1 0 0
outer loop
vertex -9.75017260141259 22.750088569637224 26.000146103441423
vertex -9.75017260141259 22.750088569637224 22.750088569637224
vertex -9.75017260141259 19.50003103583303 22.750088569637224
endloop
endfacet
facet normal -1 0 0
outer loop
vertex -9.75017260141259 22.750088569637224 26.000146103441423
vertex -9.75017260141259 19.50003103583303 22.750088569637224
vertex -9.75017260141259 19.50003103583303 26.000146103441423
endloop
endfacet
facet normal 0 -1 0
outer loop
vertex -9.75017260141259 -22.750088569637224 26.000146103441423
vertex -9.75017260141259 -22.750088569637224 22.750088569637224
vertex 9.75017260141259 -22.750088569637224 22.750088569637224
endloop
endfacet
facet normal 0 -1 0
outer loop
vertex -9.75017260141259 -22.750088569637224 26.000146103441423
vertex 9.75017260141259 -22.750088569637224 22.750088569637224
vertex 9.75017260141259 -22.750088569637224 26.000146103441423
endloop
endfacet
facet normal 1 0 0
outer loop
vertex 9.75017260141259 19.50003103583303 26.000146103441423
vertex 9.75017260141259 19.50003103583303 22.750088569637224
vertex 9.75017260141259 22.750088569637224 22.750088569637224
endloop
endfacet
facet normal 1 0 0
outer loop
vertex 9.75017260141259 19.50003103583303 26.000146103441423
vertex 9.75017260141259 22.750088569637224 22.750088569637224
vertex 9.75017260141259 22.750088569637224 26.000146103441423
endloop
endfacet
facet normal 1 0 0
outer loop
vertex 9.75017260141259 -22.750088569637224 26.000146103441423
vertex 9.75017260141259 -22.750088569637224 22.750088569637224
vertex 9.75017260141259 -19.50003103583303 22.750088569637224
endloop
endfacet
facet normal 1 0 0
outer loop
vertex 9.75017260141259 -22.750088569637224 26.000146103441423
vertex 9.75017260141259 -19.50003103583303 22.750088569637224
vertex 9.75017260141259 -19.50003103583303 26.000146103441423
endloop
endfacet
facet normal 0 1 0
outer loop
vertex 9.75017260141259 22.750088569637224 26.000146103441423
vertex 9.75017260141259 22.750088569637224 22.750088569637224
vertex -9.75017260141259 22.750088569637224 22.750088569637224
endloop
endfacet
facet normal 0 1 0
outer loop
vertex 9.75017260141259 22.750088569637224 26.000146103441423
vertex -9.75017260141259 22.750088569637224 22.750088569637224
vertex -9.75017260141259 22.750088569637224 26.000146103441423
endloop
endfacet
facet normal -1 0 0
outer loop
vertex -22.750088569637224 -3.250057533804197 26.000146103441423
vertex -22.750088569637224 -3.250057533804197 22.750088569637224
vertex -22.750088569637224 -9.75017260141259 22.750088569637224
endloop
endfacet
facet normal -1 0 0
outer loop
vertex -22.750088569637224 -3.250057533804197 26.000146103441423
vertex -22.750088569637224 -9.75017260141259 22.750088569637224
vertex -22.750088569637224 -9.75017260141259 26.000146103441423
endloop
endfacet
facet normal -0.9999999999999999 0 0
outer loop
vertex -22.750088569637224 2.7250844899195363 24.3752744200354
vertex -22.750088569637224 1.6751384021502151 26.000146103441423
vertex -22.750088569637224 6.500115067608394 26.000146103441423
endloop
endfacet
facet normal -1 0 0
outer loop
vertex -22.750088569637224 2.7250844899195363 24.3752744200354
vertex -22.750088569637224 6.500115067608394 26.000146103441423
vertex -22.750088569637224 6.500115067608394 22.750088569637224
endloop
endfacet
facet normal -1 0 0
outer loop
vertex -22.750088569637224 2.7250844899195363 24.3752744200354
vertex -22.750088569637224 6.500115067608394 22.750088569637224
vertex -22.750088569637224 1.6751384021502151 22.750088569637224
endloop
endfacet
facet normal -1 0 0
outer loop
vertex -22.750088569637224 2.7250844899195363 24.3752744200354
vertex -22.750088569637224 1.6751384021502151 22.750088569637224
vertex -22.750088569637224 0 22.750088569637224
endloop
endfacet
facet normal -1 0 0
outer loop
vertex -22.750088569637224 2.7250844899195363 24.3752744200354
vertex -22.750088569637224 0 22.750088569637224
vertex -22.750088569637224 0 26.000146103441423
endloop
endfacet
facet normal -0.9999999999999999 0 0
outer loop
vertex -22.750088569637224 2.7250844899195363 24.3752744200354
vertex -22.750088569637224 0 26.000146103441423
vertex -22.750088569637224 1.6751384021502151 26.000146103441423
endloop
endfacet
facet normal 0.9999999999999999 0 0
outer loop
vertex 22.750088569637224 2.7250844899195363 24.3752744200354
vertex 22.750088569637224 1.6751384021502151 26.000146103441423
vertex 22.750088569637224 0 26.000146103441423
endloop
endfacet
facet normal 1 0 0
outer loop
vertex 22.750088569637224 2.7250844899195363 24.3752744200354
vertex 22.750088569637224 0 26.000146103441423
vertex 22.750088569637224 0 22.750088569637224
endloop
endfacet
facet normal 1 0 0
outer loop
vertex 22.750088569637224 2.7250844899195363 24.3752744200354
vertex 22.750088569637224 0 22.750088569637224
vertex 22.750088569637224 1.6751384021502151 22.750088569637224
endloop
endfacet
facet normal 1 0 0
outer loop
vertex 22.750088569637224 2.7250844899195363 24.3752744200354
vertex 22.750088569637224 1.6751384021502151 22.750088569637224
vertex 22.750088569637224 6.500115067608394 22.750088569637224
endloop
endfacet
facet normal 1 0 0
outer loop
vertex 22.750088569637224 2.7250844899195363 24.3752744200354
vertex 22.750088569637224 6.500115067608394 22.750088569637224
vertex 22.750088569637224 6.500115067608394 26.000146103441423
endloop
endfacet
facet normal 0.9999999999999999 0 0
outer loop
vertex 22.750088569637224 2.7250844899195363 24.3752744200354
vertex 22.750088569637224 6.500115067608394 26.000146103441423
vertex 22.750088569637224 1.6751384021502151 26.000146103441423
endloop
endfacet
facet normal 1 0 0
outer loop
vertex 22.750088569637224 -9.75017260141259 26.000146103441423
vertex 22.750088569637224 -9.75017260141259 22.750088569637224
vertex 22.750088569637224 -3.250057533804197 22.750088569637224
endloop
endfacet
facet normal 1 0 0
outer loop
vertex 22.750088569637224 -9.75017260141259 26.000146103441423
vertex 22.750088569637224 -3.250057533804197 22.750088569637224
vertex 22.750088569637224 -3.250057533804197 26.000146103441423
endloop
endfacet
facet normal 0 -1 0
outer loop
vertex 19.50003103583303 -9.75017260141259 26.000146103441423
vertex 19.50003103583303 -9.75017260141259 22.750088569637224
vertex 22.750088569637224 -9.75017260141259 22.750088569637224
endloop
endfacet
facet normal 0 -1 0
outer loop
vertex 19.50003103583303 -9.75017260141259 26.000146103441423
vertex 22.750088569637224 -9.75017260141259 22.750088569637224
vertex 22.750088569637224 -9.75017260141259 26.000146103441423
endloop
endfacet
facet normal 0 -1 0
outer loop
vertex -22.750088569637224 -9.75017260141259 26.000146103441423
vertex -22.750088569637224 -9.75017260141259 22.750088569637224
vertex -19.50003103583303 -9.75017260141259 22.750088569637224
endloop
endfacet
facet normal 0 -1 0
outer loop
vertex -22.750088569637224 -9.75017260141259 26.000146103441423
vertex -19.50003103583303 -9.75017260141259 22.750088569637224
vertex -19.50003103583303 -9.75017260141259 26.000146103441423
endloop
endfacet
facet normal 0 -1 0
outer loop
vertex 22.749774402645073 0 26.000146103441423
vertex 22.749774402645073 0 22.750088569637224
vertex 22.750088569637224 0 22.750088569637224
endloop
endfacet
facet normal 0 -1 0
outer loop
vertex 22.749774402645073 0 26.000146103441423
vertex 22.750088569637224 0 22.750088569637224
vertex 22.750088569637224 0 26.000146103441423
endloop
endfacet
facet normal 0 -1 0
outer loop
vertex -22.750088569637224 0 26.000146103441423
vertex -22.750088569637224 0 22.750088569637224
vertex -22.749774402645073 0 22.750088569637224
endloop
endfacet
facet normal 0 -1 0
outer loop
vertex -22.750088569637224 0 26.000146103441423
vertex -22.749774402645073 0 22.750088569637224
vertex -22.749774402645073 0 26.000146103441423
endloop
endfacet
facet normal 0 1 0
outer loop
vertex -22.749774402645073 6.500115067608394 26.000146103441423
vertex -22.749774402645073 6.500115067608394 22.750088569637224
vertex -22.750088569637224 6.500115067608394 22.750088569637224
endloop
endfacet
facet normal 0 1 0
outer loop
vertex -22.749774402645073 6.500115067608394 26.000146103441423
vertex -22.750088569637224 6.500115067608394 22.750088569637224
vertex -22.750088569637224 6.500115067608394 26.000146103441423
endloop
endfacet
facet normal 0 1 0
outer loop
vertex 22.750088569637224 6.500115067608394 26.000146103441423
vertex 22.750088569637224 6.500115067608394 22.750088569637224
vertex 22.749774402645073 6.500115067608394 22.750088569637224
endloop
endfacet
facet normal 0 1 0
outer loop
vertex 22.750088569637224 6.500115067608394 26.000146103441423
vertex 22.749774402645073 6.500115067608394 22.750088569637224
vertex 22.749774402645073 6.500115067608394 26.000146103441423
endloop
endfacet
facet normal 0 1 0
outer loop
vertex -22.749774402645073 -3.250057533804197 26.000146103441423
vertex -22.749774402645073 -3.250057533804197 22.750088569637224
vertex -22.750088569637224 -3.250057533804197 22.750088569637224
endloop
endfacet
facet normal 0 1 0
outer loop
vertex -22.749774402645073 -3.250057533804197 26.000146103441423
vertex -22.750088569637224 -3.250057533804197 22.750088569637224
vertex -22.750088569637224 -3.250057533804197 26.000146103441423
endloop
endfacet
facet normal 0 1 0
outer loop
vertex 22.750088569637224 -3.250057533804197 26.000146103441423
vertex 22.750088569637224 -3.250057533804197 22.750088569637224
vertex 22.749774402645073 -3.250057533804197 22.750088569637224
endloop
endfacet
facet normal 0 1 0
outer loop
vertex 22.750088569637224 -3.250057533804197 26.000146103441423
vertex 22.749774402645073 -3.250057533804197 22.750088569637224
vertex 22.749774402645073 -3.250057533804197 26.000146103441423
endloop
endfacet
facet normal -0.9999999999999999 0 0
outer loop
vertex -22.749774402645073 -1.6418367009821877 24.3752744200354
vertex -22.749774402645073 -1.6751384021502151 26.000146103441423
vertex -22.749774402645073 0 26.000146103441423
endloop
endfacet
facet normal -1 0 0
outer loop
vertex -22.749774402645073 -1.6418367009821877 24.3752744200354
vertex -22.749774402645073 0 26.000146103441423
vertex -22.749774402645073 0 22.750088569637224
endloop
endfacet
facet normal -1 0 0
outer loop
vertex -22.749774402645073 -1.6418367009821877 24.3752744200354
vertex -22.749774402645073 0 22.750088569637224
vertex -22.749774402645073 -1.6751384021502151 22.750088569637224
endloop
endfacet
facet normal -0.9999999999999999 0 0
outer loop
vertex -22.749774402645073 -1.6418367009821877 24.3752744200354
vertex -22.749774402645073 -1.6751384021502151 22.750088569637224
vertex -22.749774402645073 -3.250057533804197 22.750088569637224
endloop
endfacet
facet normal -1 0 0
outer loop
vertex -22.749774402645073 -1.6418367009821877 24.3752744200354
vertex -22.749774402645073 -3.250057533804197 22.750088569637224
vertex -22.749774402645073 -3.250057533804197 26.000146103441423
endloop
endfacet
facet normal -1 0 0
outer loop
vertex -22.749774402645073 -1.6418367009821877 24.3752744200354
vertex -22.749774402645073 -3.250057533804197 26.000146103441423
vertex -22.749774402645073 -1.6751384021502151 26.000146103441423
endloop
endfacet
facet normal -1 0 0
outer loop
vertex -22.749774402645073 9.75017260141259 26.000146103441423
vertex -22.749774402645073 9.75017260141259 22.750088569637224
vertex -22.749774402645073 6.500115067608394 22.750088569637224
endloop
endfacet
facet normal -1 0 0
outer loop
vertex -22.749774402645073 9.75017260141259 26.000146103441423
vertex -22.749774402645073 6.500115067608394 22.750088569637224
vertex -22.749774402645073 6.500115067608394 26.000146103441423
endloop
endfacet
facet normal 1 0 0
outer loop
vertex 22.749774402645073 6.500115067608394 26.000146103441423
vertex 22.749774402645073 6.500115067608394 22.750088569637224
vertex 22.749774402645073 9.75017260141259 22.750088569637224
endloop
endfacet
facet normal 1 0 0
outer loop
vertex 22.749774402645073 6.500115067608394 26.000146103441423
vertex 22.749774402645073 9.75017260141259 22.750088569637224
vertex 22.749774402645073 9.75017260141259 26.000146103441423
endloop
endfacet
facet normal 1 0 0
outer loop
vertex 22.749774402645073 -1.6418367009821877 24.3752744200354
vertex 22.749774402645073 -1.6751384021502151 26.000146103441423
vertex 22.749774402645073 -3.250057533804197 26.000146103441423
endloop
endfacet
facet normal 1 0 0
outer loop
vertex 22.749774402645073 -1.6418367009821877 24.3752744200354
vertex 22.749774402645073 -3.250057533804197 26.000146103441423
vertex 22.749774402645073 -3.250057533804197 22.750088569637224
endloop
endfacet
facet normal 0.9999999999999999 0 0
outer loop
vertex 22.749774402645073 -1.6418367009821877 24.3752744200354
vertex 22.749774402645073 -3.250057533804197 22.750088569637224
vertex 22.749774402645073 -1.6751384021502151 22.750088569637224
endloop
endfacet
facet normal 1 0 0
outer loop
vertex 22.749774402645073 -1.6418367009821877 24.3752744200354
vertex 22.749774402645073 -1.6751384021502151 22.750088569637224
vertex 22.749774402645073 0 22.750088569637224
endloop
endfacet
facet normal 1 0 0
outer loop
vertex 22.749774402645073 -1.6418367009821877 24.3752744200354
vertex 22.749774402645073 0 22.750088569637224
vertex 22.749774402645073 0 26.000146103441423
endloop
endfacet
facet normal 0.9999999999999999 0 0
outer loop
vertex 22.749774402645073 -1.6418367009821877 24.3752744200354
vertex 22.749774402645073 0 26.000146103441423
vertex 22.749774402645073 -1.6751384021502151 26.000146103441423
endloop
endfacet
facet normal 0 1 0
outer loop
vertex -19.50003103583303 9.75017260141259 26.000146103441423
vertex -19.50003103583303 9.75017260141259 22.750088569637224
vertex -22.749774402645073 9.75017260141259 22.750088569637224
endloop
endfacet
facet normal 0 1 0
outer loop
vertex -19.50003103583303 9.75017260141259 26.000146103441423
vertex -22.749774402645073 9.75017260141259 22.750088569637224
vertex -22.749774402645073 9.75017260141259 26.000146103441423
endloop
endfacet
facet normal 0 1 0
outer loop
vertex 22.749774402645073 9.75017260141259 26.000146103441423
vertex 22.749774402645073 9.75017260141259 22.750088569637224
vertex 19.50003103583303 9.75017260141259 22.750088569637224
endloop
endfacet
facet normal 0 1 0
outer loop
vertex 22.749774402645073 9.75017260141259 26.000146103441423
vertex 19.50003103583303 9.75017260141259 22.750088569637224
vertex 19.50003103583303 9.75017260141259 26.000146103441423
endloop
endfacet
facet normal -0.9999999999999999 0 0
outer loop
vertex -19.50003103583303 -9.75017260141259 26.000146103441423
vertex -19.50003103583303 -9.75017260141259 22.750088569637224
vertex -19.50003103583303 -16.249973502028833 22.750088569637224
endloop
endfacet
facet normal -0.9999999999999999 0 0
outer loop
vertex -19.50003103583303 -9.75017260141259 26.000146103441423
vertex -19.50003103583303 -16.249973502028833 22.750088569637224
vertex -19.50003103583303 -16.249973502028833 26.000146103441423
endloop
endfacet
facet normal -0.9999999999999999 0 0
outer loop
vertex -19.50003103583303 16.249973502028833 26.000146103441423
vertex -19.50003103583303 16.249973502028833 22.750088569637224
vertex -19.50003103583303 9.75017260141259 22.750088569637224
endloop
endfacet
facet normal -0.9999999999999999 0 0
outer loop
vertex -19.50003103583303 16.249973502028833 26.000146103441423
vertex -19.50003103583303 9.75017260141259 22.750088569637224
vertex -19.50003103583303 9.75017260141259 26.000146103441423
endloop
endfacet
facet normal 0.9999999999999999 0 0
outer loop
vertex 19.50003103583303 9.75017260141259 26.000146103441423
vertex 19.50003103583303 9.75017260141259 22.750088569637224
vertex 19.50003103583303 16.249973502028833 22.750088569637224
endloop
endfacet
facet normal 0.9999999999999999 0 0
outer loop
vertex 19.50003103583303 9.75017260141259 26.000146103441423
vertex 19.50003103583303 16.249973502028833 22.750088569637224
vertex 19.50003103583303 16.249973502028833 26.000146103441423
endloop
endfacet
facet normal 0.9999999999999999 0 0
outer loop
vertex 19.50003103583303 -16.249973502028833 26.000146103441423
vertex 19.50003103583303 -16.249973502028833 22.750088569637224
vertex 19.50003103583303 -9.75017260141259 22.750088569637224
endloop
endfacet
facet normal 0.9999999999999999 0 0
outer loop
vertex 19.50003103583303 -16.249973502028833 26.000146103441423
vertex 19.50003103583303 -9.75017260141259 22.750088569637224
vertex 19.50003103583303 -9.75017260141259 26.000146103441423
endloop
endfacet
facet normal 0 1 0
outer loop
vertex -16.249973502028833 16.249973502028833 26.000146103441423
vertex -16.249973502028833 16.249973502028833 22.750088569637224
vertex -19.50003103583303 16.249973502028833 22.750088569637224
endloop
endfacet
facet normal 0 1 0
outer loop
vertex -16.249973502028833 16.249973502028833 26.000146103441423
vertex -19.50003103583303 16.249973502028833 22.750088569637224
vertex -19.50003103583303 16.249973502028833 26.000146103441423
endloop
endfacet
facet normal 0 1 0
outer loop
vertex 19.50003103583303 16.249973502028833 26.000146103441423
vertex 19.50003103583303 16.249973502028833 22.750088569637224
vertex 16.249973502028833 16.249973502028833 22.750088569637224
endloop
endfacet
facet normal 0 1 0
outer loop
vertex 19.50003103583303 16.249973502028833 26.000146103441423
vertex 16.249973502028833 16.249973502028833 22.750088569637224
vertex 16.249973502028833 16.249973502028833 26.000146103441423
endloop
endfacet
facet normal 0 -1 0
outer loop
vertex 16.249973502028833 -16.249973502028833 26.000146103441423
vertex 16.249973502028833 -16.249973502028833 22.750088569637224
vertex 19.50003103583303 -16.249973502028833 22.750088569637224
endloop
endfacet
facet normal 0 -1 0
outer loop
vertex 16.249973502028833 -16.249973502028833 26.000146103441423
vertex 19.50003103583303 -16.249973502028833 22.750088569637224
vertex 19.50003103583303 -16.249973502028833 26.000146103441423
endloop
endfacet
facet normal 0 -1 0
outer loop
vertex -19.50003103583303 -16.249973502028833 26.000146103441423
vertex -19.50003103583303 -16.249973502028833 22.750088569637224
vertex -16.249973502028833 -16.249973502028833 22.750088569637224
endloop
endfacet
facet normal 0 -1 0
outer loop
vertex -19.50003103583303 -16.249973502028833 26.000146103441423
vertex -16.249973502028833 -16.249973502028833 22.750088569637224
vertex -16.249973502028833 -16.249973502028833 26.000146103441423
endloop
endfacet
facet normal -1 0 0
outer loop
vertex -16.249973502028833 -16.249973502028833 26.000146103441423
vertex -16.249973502028833 -16.249973502028833 22.750088569637224
vertex -16.249973502028833 -19.50003103583303 22.750088569637224
endloop
endfacet
facet normal -1 0 0
outer loop
vertex -16.249973502028833 -16.249973502028833 26.000146103441423
vertex -16.249973502028833 -19.50003103583303 22.750088569637224
vertex -16.249973502028833 -19.50003103583303 26.000146103441423
endloop
endfacet
facet normal -1 0 0
outer loop
vertex -16.249973502028833 19.50003103583303 26.000146103441423
vertex -16.249973502028833 19.50003103583303 22.750088569637224
vertex -16.249973502028833 16.249973502028833 22.750088569637224
endloop
endfacet
facet normal -1 0 0
outer loop
vertex -16.249973502028833 19.50003103583303 26.000146103441423
vertex -16.249973502028833 16.249973502028833 22.750088569637224
vertex -16.249973502028833 16.249973502028833 26.000146103441423
endloop
endfacet
facet normal 1 0 0
outer loop
vertex 16.249973502028833 16.249973502028833 26.000146103441423
vertex 16.249973502028833 16.249973502028833 22.750088569637224
vertex 16.249973502028833 19.50003103583303 22.750088569637224
endloop
endfacet
facet normal 1 0 0
outer loop
vertex 16.249973502028833 16.249973502028833 26.000146103441423
vertex 16.249973502028833 19.50003103583303 22.750088569637224
vertex 16.249973502028833 19.50003103583303 26.000146103441423
endloop
endfacet
facet normal 1 0 0
outer loop
vertex 16.249973502028833 -19.50003103583303 26.000146103441423
vertex 16.249973502028833 -19.50003103583303 22.750088569637224
vertex 16.249973502028833 -16.249973502028833 22.750088569637224
endloop
endfacet
facet normal 1 0 0
outer loop
vertex 16.249973502028833 -19.50003103583303 26.000146103441423
vertex 16.249973502028833 -16.249973502028833 22.750088569637224
vertex 16.249973502028833 -16.249973502028833 26.000146103441423
endloop
endfacet
facet normal 0 -0.9999999999999999 0
outer loop
vertex 9.75017260141259 -19.50003103583303 26.000146103441423
vertex 9.75017260141259 -19.50003103583303 22.750088569637224
vertex 16.249973502028833 -19.50003103583303 22.750088569637224
endloop
endfacet
facet normal 0 -0.9999999999999999 0
outer loop
vertex 9.75017260141259 -19.50003103583303 26.000146103441423
vertex 16.249973502028833 -19.50003103583303 22.750088569637224
vertex 16.249973502028833 -19.50003103583303 26.000146103441423
endloop
endfacet
facet normal 0 -0.9999999999999999 0
outer loop
vertex -16.249973502028833 -19.50003103583303 26.000146103441423
vertex -16.249973502028833 -19.50003103583303 22.750088569637224
vertex -9.75017260141259 -19.50003103583303 22.750088569637224
endloop
endfacet
facet normal 0 -0.9999999999999999 0
outer loop
vertex -16.249973502028833 -19.50003103583303 26.000146103441423
vertex -9.75017260141259 -19.50003103583303 22.750088569637224
vertex -9.75017260141259 -19.50003103583303 26.000146103441423
endloop
endfacet
facet normal 0 0.9999999999999999 0
outer loop
vertex -9.75017260141259 19.50003103583303 26.000146103441423
vertex -9.75017260141259 19.50003103583303 22.750088569637224
vertex -16.249973502028833 19.50003103583303 22.750088569637224
endloop
endfacet
facet normal 0 0.9999999999999999 0
outer loop
vertex -9.75017260141259 19.50003103583303 26.000146103441423
vertex -16.249973502028833 19.50003103583303 22.750088569637224
vertex -16.249973502028833 19.50003103583303 26.000146103441423
endloop
endfacet
facet normal 0 0.9999999999999999 0
outer loop
vertex 16.249973502028833 19.50003103583303 26.000146103441423
vertex 16.249973502028833 19.50003103583303 22.750088569637224
vertex 9.75017260141259 19.50003103583303 22.750088569637224
endloop
endfacet
facet normal 0 0.9999999999999999 0
outer loop
vertex 16.249973502028833 19.50003103583303 26.000146103441423
vertex 9.75017260141259 19.50003103583303 22.750088569637224
vertex 9.75017260141259 19.50003103583303 26.000146103441423
endloop
endfacet
facet normal 0 0 0.9999999999999999
outer loop
vertex -9.75017260141259 22.750088569637224 26.000146103441423
vertex -9.75017260141259 19.50003103583303 26.000146103441423
vertex 9.75017260141259 19.50003103583303 26.000146103441423
endloop
endfacet
facet normal 0 0 0.9999999999999999
outer loop
vertex -9.75017260141259 22.750088569637224 26.000146103441423
vertex 9.75017260141259 19.50003103583303 26.000146103441423
vertex 9.75017260141259 22.750088569637224 26.000146103441423
endloop
endfacet
facet normal 0 0 0.9999999999999999
outer loop
vertex 0 18.41678324689568 26.000146103441423
vertex 9.75017260141259 19.50003103583303 26.000146103441423
vertex -9.75017260141259 19.50003103583303 26.000146103441423
endloop
endfacet
facet normal 0 0 1
outer loop
vertex 0 18.41678324689568 26.000146103441423
vertex -9.75017260141259 19.50003103583303 26.000146103441423
vertex -16.249973502028833 19.50003103583303 26.000146103441423
endloop
endfacet
facet normal 0 0 1
outer loop
vertex 0 18.41678324689568 26.000146103441423
vertex -16.249973502028833 19.50003103583303 26.000146103441423
vertex -16.249973502028833 16.249973502028833 26.000146103441423
endloop
endfacet
facet normal 0 0 1
outer loop
vertex 0 18.41678324689568 26.000146103441423
vertex -16.249973502028833 16.249973502028833 26.000146103441423
vertex 16.249973502028833 16.249973502028833 26.000146103441423
endloop
endfacet
facet normal 0 0 1
outer loop
vertex 0 18.41678324689568 26.000146103441423
vertex 16.249973502028833 16.249973502028833 26.000146103441423
vertex 16.249973502028833 19.50003103583303 26.000146103441423
endloop
endfacet
facet normal 0 0 1
outer loop
vertex 0 18.41678324689568 26.000146103441423
vertex 16.249973502028833 19.50003103583303 26.000146103441423
vertex 9.75017260141259 19.50003103583303 26.000146103441423
endloop
endfacet
facet normal 0 0 1
outer loop
vertex 0 14.083477924154135 26.000146103441423
vertex 16.249973502028833 16.249973502028833 26.000146103441423
vertex -16.249973502028833 16.249973502028833 26.000146103441423
endloop
endfacet
facet normal 0 0 1
outer loop
vertex 0 14.083477924154135 26.000146103441423
vertex -16.249973502028833 16.249973502028833 26.000146103441423
vertex -19.50003103583303 16.249973502028833 26.000146103441423
endloop
endfacet
facet normal 0 0 1
outer loop
vertex 0 14.083477924154135 26.000146103441423
vertex -19.50003103583303 16.249973502028833 26.000146103441423
vertex -19.50003103583303 9.75017260141259 26.000146103441423
endloop
endfacet
facet normal 0 0 0.9999999999999999
outer loop
vertex 0 14.083477924154135 26.000146103441423
vertex -19.50003103583303 9.75017260141259 26.000146103441423
vertex 19.50003103583303 9.75017260141259 26.000146103441423
endloop
endfacet
facet normal 0 0 1
outer loop
vertex 0 14.083477924154135 26.000146103441423
vertex 19.50003103583303 9.75017260141259 26.000146103441423
vertex 19.50003103583303 16.249973502028833 26.000146103441423
endloop
endfacet
facet normal 0 0 1
outer loop
vertex 0 14.083477924154135 26.000146103441423
vertex 19.50003103583303 16.249973502028833 26.000146103441423
vertex 16.249973502028833 16.249973502028833 26.000146103441423
endloop
endfacet
facet normal 0 0 1
outer loop
vertex 0 8.66692481247524 26.000146103441423
vertex 19.50003103583303 9.75017260141259 26.000146103441423
vertex -19.50003103583303 9.75017260141259 26.000146103441423
endloop
endfacet
facet normal 0 0 1
outer loop
vertex 0 8.66692481247524 26.000146103441423
vertex -19.50003103583303 9.75017260141259 26.000146103441423
vertex -22.749774402645073 9.75017260141259 26.000146103441423
endloop
endfacet
facet normal 0 0 1
outer loop
vertex 0 8.66692481247524 26.000146103441423
vertex -22.749774402645073 9.75017260141259 26.000146103441423
vertex -22.749774402645073 6.500115067608394 26.000146103441423
endloop
endfacet
facet normal 0 0 1
outer loop
vertex 0 8.66692481247524 26.000146103441423
vertex -22.749774402645073 6.500115067608394 26.000146103441423
vertex 22.749774402645073 6.500115067608394 26.000146103441423
endloop
endfacet
facet normal 0 0 1
outer loop
vertex 0 8.66692481247524 26.000146103441423
vertex 22.749774402645073 6.500115067608394 26.000146103441423
vertex 22.749774402645073 9.75017260141259 26.000146103441423
endloop
endfacet
facet normal 0 0 1
outer loop
vertex 0 8.66692481247524 26.000146103441423
vertex 22.749774402645073 9.75017260141259 26.000146103441423
vertex 19.50003103583303 9.75017260141259 26.000146103441423
endloop
endfacet
facet normal 0 0 1
outer loop
vertex 0 4.087626734879304 26.000146103441423
vertex 22.749774402645073 6.500115067608394 26.000146103441423
vertex -22.749774402645073 6.500115067608394 26.000146103441423
endloop
endfacet
facet normal 0 0 1
outer loop
vertex 0 4.087626734879304 26.000146103441423
vertex -22.749774402645073 6.500115067608394 26.000146103441423
vertex -22.750088569637224 6.500115067608394 26.000146103441423
endloop
endfacet
facet normal 0 0 1
outer loop
vertex 0 4.087626734879304 26.000146103441423
vertex -22.750088569637224 6.500115067608394 26.000146103441423
vertex -22.750088569637224 1.6751384021502151 26.000146103441423
endloop
endfacet
facet normal 0 0 0.9999999999999999
outer loop
vertex 0 4.087626734879304 26.000146103441423
vertex -22.750088569637224 1.6751384021502151 26.000146103441423
vertex -1.6751384021502151 1.6751384021502151 26.000146103441423
endloop
endfacet
facet normal 0 0 1
outer loop
vertex 0 4.087626734879304 26.000146103441423
vertex -1.6751384021502151 1.6751384021502151 26.000146103441423
vertex 1.6751384021502151 1.6751384021502151 26.000146103441423
endloop
endfacet
facet normal 0 0 0.9999999999999999
outer loop
vertex 0 4.087626734879304 26.000146103441423
vertex 1.6751384021502151 1.6751384021502151 26.000146103441423
vertex 22.750088569637224 1.6751384021502151 26.000146103441423
endloop
endfacet
facet normal 0 0 1
outer loop
vertex 0 4.087626734879304 26.000146103441423
vertex 22.750088569637224 1.6751384021502151 26.000146103441423
vertex 22.750088569637224 6.500115067608394 26.000146103441423
endloop
endfacet
facet normal 0 0 1
outer loop
vertex 0 4.087626734879304 26.000146103441423
vertex 22.750088569637224 6.500115067608394 26.000146103441423
vertex 22.749774402645073 6.500115067608394 26.000146103441423
endloop
endfacet
facet normal 0 0 1
outer loop
vertex 14.32004566924399 0.6701181942585164 26.000146103441423
vertex 1.6751384021502151 1.6751384021502151 26.000146103441423
vertex 1.6751384021502151 0 26.000146103441423
endloop
endfacet
facet normal 0 0 1
outer loop
vertex 14.32004566924399 0.6701181942585164 26.000146103441423
vertex 1.6751384021502151 0 26.000146103441423
vertex 22.749774402645073 0 26.000146103441423
endloop
endfacet
facet normal 0 0 1
outer loop
vertex 14.32004566924399 0.6701181942585164 26.000146103441423
vertex 22.749774402645073 0 26.000146103441423
vertex 22.750088569637224 0 26.000146103441423
endloop
endfacet
facet normal 0 0 1
outer loop
vertex 14.32004566924399 0.6701181942585164 26.000146103441423
vertex 22.750088569637224 0 26.000146103441423
vertex 22.750088569637224 1.6751384021502151 26.000146103441423
endloop
endfacet
facet normal 0 0 1
outer loop
vertex 14.32004566924399 0.6701181942585164 26.000146103441423
vertex 22.750088569637224 1.6751384021502151 26.000146103441423
vertex 1.6751384021502151 1.6751384021502151 26.000146103441423
endloop
endfacet
facet normal 0 0 1
outer loop
vertex -14.32004566924399 0.6701181942585164 26.000146103441423
vertex -22.750088569637224 1.6751384021502151 26.000146103441423
vertex -22.750088569637224 0 26.000146103441423
endloop
endfacet
facet normal 0 0 1
outer loop
vertex -14.32004566924399 0.6701181942585164 26.000146103441423
vertex -22.750088569637224 0 26.000146103441423
vertex -22.749774402645073 0 26.000146103441423
endloop
endfacet
facet normal 0 0 1
outer loop
vertex -14.32004566924399 0.6701181942585164 26.000146103441423
vertex -22.749774402645073 0 26.000146103441423
vertex -1.6751384021502151 0 26.000146103441423
endloop
endfacet
facet normal 0 0 1
outer loop
vertex -14.32004566924399 0.6701181942585164 26.000146103441423
vertex -1.6751384021502151 0 26.000146103441423
vertex -1.6751384021502151 1.6751384021502151 26.000146103441423
endloop
endfacet
facet normal 0 0 1
outer loop
vertex -14.32004566924399 0.6701181942585164 26.000146103441423
vertex -1.6751384021502151 1.6751384021502151 26.000146103441423
vertex -22.750088569637224 1.6751384021502151 26.000146103441423
endloop
endfacet
facet normal 0 0 1
outer loop
vertex 1.6751384021502151 0 26.000146103441423
vertex 1.6751384021502151 -1.6751384021502151 26.000146103441423
vertex 22.749774402645073 -1.6751384021502151 26.000146103441423
endloop
endfacet
facet normal 0 0 1
outer loop
vertex 1.6751384021502151 0 26.000146103441423
vertex 22.749774402645073 -1.6751384021502151 26.000146103441423
vertex 22.749774402645073 0 26.000146103441423
endloop
endfacet
facet normal 0 0 1
outer loop
vertex -22.749774402645073 0 26.000146103441423
vertex -22.749774402645073 -1.6751384021502151 26.000146103441423
vertex -1.6751384021502151 -1.6751384021502151 26.000146103441423
endloop
endfacet
facet normal 0 0 1
outer loop
vertex -22.749774402645073 0 26.000146103441423
vertex -1.6751384021502151 -1.6751384021502151 26.000146103441423
vertex -1.6751384021502151 0 26.000146103441423
endloop
endfacet
facet normal 0 0 1
outer loop
vertex 0 -2.200111446034876 26.000146103441423
vertex 1.6751384021502151 -1.6751384021502151 26.000146103441423
vertex -1.6751384021502151 -1.6751384021502151 26.000146103441423
endloop
endfacet
facet normal 0 0 1
outer loop
vertex 0 -2.200111446034876 26.000146103441423
vertex -1.6751384021502151 -1.6751384021502151 26.000146103441423
vertex -22.749774402645073 -1.6751384021502151 26.000146103441423
endloop
endfacet
facet normal 0 0 1
outer loop
vertex 0 -2.200111446034876 26.000146103441423
vertex -22.749774402645073 -1.6751384021502151 26.000146103441423
vertex -22.749774402645073 -3.250057533804197 26.000146103441423
endloop
endfacet
facet normal 0 0 1
outer loop
vertex 0 -2.200111446034876 26.000146103441423
vertex -22.749774402645073 -3.250057533804197 26.000146103441423
vertex 22.749774402645073 -3.250057533804197 26.000146103441423
endloop
endfacet
facet normal 0 0 1
outer loop
vertex 0 -2.200111446034876 26.000146103441423
vertex 22.749774402645073 -3.250057533804197 26.000146103441423
vertex 22.749774402645073 -1.6751384021502151 26.000146103441423
endloop
endfacet
facet normal 0 0 1
outer loop
vertex 0 -2.200111446034876 26.000146103441423
vertex 22.749774402645073 -1.6751384021502151 26.000146103441423
vertex 1.6751384021502151 -1.6751384021502151 26.000146103441423
endloop
endfacet
facet normal 0 0 1
outer loop
vertex 0 -6.500115067608394 26.000146103441423
vertex 22.749774402645073 -3.250057533804197 26.000146103441423
vertex -22.749774402645073 -3.250057533804197 26.000146103441423
endloop
endfacet
facet normal 0 0 1
outer loop
vertex 0 -6.500115067608394 26.000146103441423
vertex -22.749774402645073 -3.250057533804197 26.000146103441423
vertex -22.750088569637224 -3.250057533804197 26.000146103441423
endloop
endfacet
facet normal 0 0 1
outer loop
vertex 0 -6.500115067608394 26.000146103441423
vertex -22.750088569637224 -3.250057533804197 26.000146103441423
vertex -22.750088569637224 -9.75017260141259 26.000146103441423
endloop
endfacet
facet normal 0 0 1
outer loop
vertex 0 -6.500115067608394 26.000146103441423
vertex -22.750088569637224 -9.75017260141259 26.000146103441423
vertex -19.50003103583303 -9.75017260141259 26.000146103441423
endloop
endfacet
facet normal 0 0 0.9999999999999999
outer loop
vertex 0 -6.500115067608394 26.000146103441423
vertex -19.50003103583303 -9.75017260141259 26.000146103441423
vertex 19.50003103583303 -9.75017260141259 26.000146103441423
endloop
endfacet
facet normal 0 0 1
outer loop
vertex 0 -6.500115067608394 26.000146103441423
vertex 19.50003103583303 -9.75017260141259 26.000146103441423
vertex 22.750088569637224 -9.75017260141259 26.000146103441423
endloop
endfacet
facet normal 0 0 1
outer loop
vertex 0 -6.500115067608394 26.000146103441423
vertex 22.750088569637224 -9.75017260141259 26.000146103441423
vertex 22.750088569637224 -3.250057533804197 26.000146103441423
endloop
endfacet
facet normal 0 0 1
outer loop
vertex 0 -6.500115067608394 26.000146103441423
vertex 22.750088569637224 -3.250057533804197 26.000146103441423
vertex 22.749774402645073 -3.250057533804197 26.000146103441423
endloop
endfacet
facet normal 0 0 1
outer loop
vertex 0 -14.083477924154135 26.000146103441423
vertex -19.50003103583303 -9.75017260141259 26.000146103441423
vertex -19.50003103583303 -16.249973502028833 26.000146103441423
endloop
endfacet
facet normal 0 0 1
outer loop
vertex 0 -14.083477924154135 26.000146103441423
vertex -19.50003103583303 -16.249973502028833 26.000146103441423
vertex -16.249973502028833 -16.249973502028833 26.000146103441423
endloop
endfacet
facet normal 0 0 1
outer loop
vertex 0 -14.083477924154135 26.000146103441423
vertex -16.249973502028833 -16.249973502028833 26.000146103441423
vertex 16.249973502028833 -16.249973502028833 26.000146103441423
endloop
endfacet
facet normal 0 0 1
outer loop
vertex 0 -14.083477924154135 26.000146103441423
vertex 16.249973502028833 -16.249973502028833 26.000146103441423
vertex 19.50003103583303 -16.249973502028833 26.000146103441423
endloop
endfacet
facet normal 0 0 1
outer loop
vertex 0 -14.083477924154135 26.000146103441423
vertex 19.50003103583303 -16.249973502028833 26.000146103441423
vertex 19.50003103583303 -9.75017260141259 26.000146103441423
endloop
endfacet
facet normal 0 0 0.9999999999999999
outer loop
vertex 0 -14.083477924154135 26.000146103441423
vertex 19.50003103583303 -9.75017260141259 26.000146103441423
vertex -19.50003103583303 -9.75017260141259 26.000146103441423
endloop
endfacet
facet normal 0 0 1
outer loop
vertex 0 -18.41678324689568 26.000146103441423
vertex -16.249973502028833 -16.249973502028833 26.000146103441423
vertex -16.249973502028833 -19.50003103583303 26.000146103441423
endloop
endfacet
facet normal 0 0 1
outer loop
vertex 0 -18.41678324689568 26.000146103441423
vertex -16.249973502028833 -19.50003103583303 26.000146103441423
vertex -9.75017260141259 -19.50003103583303 26.000146103441423
endloop
endfacet
facet normal 0 0 0.9999999999999999
outer loop
vertex 0 -18.41678324689568 26.000146103441423
vertex -9.75017260141259 -19.50003103583303 26.000146103441423
vertex 9.75017260141259 -19.50003103583303 26.000146103441423
endloop
endfacet
facet normal 0 0 1
outer loop
vertex 0 -18.41678324689568 26.000146103441423
vertex 9.75017260141259 -19.50003103583303 26.000146103441423
vertex 16.249973502028833 -19.50003103583303 26.000146103441423
endloop
endfacet
facet normal 0 0 1
outer loop
vertex 0 -18.41678324689568 26.000146103441423
vertex 16.249973502028833 -19.50003103583303 26.000146103441423
vertex 16.249973502028833 -16.249973502028833 26.000146103441423
endloop
endfacet
facet normal 0 0 1
outer loop
vertex 0 -18.41678324689568 26.000146103441423
vertex 16.249973502028833 -16.249973502028833 26.000146103441423
vertex -16.249973502028833 -16.249973502028833 26.000146103441423
endloop
endfacet
facet normal 0 0 0.9999999999999999
outer loop
vertex -9.75017260141259 -19.50003103583303 26.000146103441423
vertex -9.75017260141259 -22.750088569637224 26.000146103441423
vertex 9.75017260141259 -22.750088569637224 26.000146103441423
endloop
endfacet
facet normal 0 0 0.9999999999999999
outer loop
vertex -9.75017260141259 -19.50003103583303 26.000146103441423
vertex 9.75017260141259 -22.750088569637224 26.000146103441423
vertex 9.75017260141259 -19.50003103583303 26.000146103441423
endloop
endfacet
facet normal 0 0 -0.9999999999999999
outer loop
vertex 9.75017260141259 22.750088569637224 22.750088569637224
vertex 9.75017260141259 19.50003103583303 22.750088569637224
vertex -9.75017260141259 19.50003103583303 22.750088569637224
endloop
endfacet
facet normal 0 0 -0.9999999999999999
outer loop
vertex 9.75017260141259 22.750088569637224 22.750088569637224
vertex -9.75017260141259 19.50003103583303 22.750088569637224
vertex -9.75017260141259 22.750088569637224 22.750088569637224
endloop
endfacet
facet normal 0 0 -0.9999999999999999
outer loop
vertex 0 18.41678324689568 22.750088569637224
vertex -9.75017260141259 19.50003103583303 22.750088569637224
vertex 9.75017260141259 19.50003103583303 22.750088569637224
endloop
endfacet
facet normal 0 0 -1
outer loop
vertex 0 18.41678324689568 22.750088569637224
vertex 9.75017260141259 19.50003103583303 22.750088569637224
vertex 16.249973502028833 19.50003103583303 22.750088569637224
endloop
endfacet
facet normal 0 0 -1
outer loop
vertex 0 18.41678324689568 22.750088569637224
vertex 16.249973502028833 19.50003103583303 22.750088569637224
vertex 16.249973502028833 16.249973502028833 22.750088569637224
endloop
endfacet
facet normal 0 0 -1
outer loop
vertex 0 18.41678324689568 22.750088569637224
vertex 16.249973502028833 16.249973502028833 22.750088569637224
vertex -16.249973502028833 16.249973502028833 22.750088569637224
endloop
endfacet
facet normal 0 0 -1
outer loop
vertex 0 18.41678324689568 22.750088569637224
vertex -16.249973502028833 16.249973502028833 22.750088569637224
vertex -16.249973502028833 19.50003103583303 22.750088569637224
endloop
endfacet
facet normal 0 0 -1
outer loop
vertex 0 18.41678324689568 22.750088569637224
vertex -16.249973502028833 19.50003103583303 22.750088569637224
vertex -9.75017260141259 19.50003103583303 22.750088569637224
endloop
endfacet
facet normal 0 0 -1
outer loop
vertex 0 14.083477924154135 22.750088569637224
vertex -16.249973502028833 16.249973502028833 22.750088569637224
vertex 16.249973502028833 16.249973502028833 22.750088569637224
endloop
endfacet
facet normal 0 0 -1
outer loop
vertex 0 14.083477924154135 22.750088569637224
vertex 16.249973502028833 16.249973502028833 22.750088569637224
vertex 19.50003103583303 16.249973502028833 22.750088569637224
endloop
endfacet
facet normal 0 0 -1
outer loop
vertex 0 14.083477924154135 22.750088569637224
vertex 19.50003103583303 16.249973502028833 22.750088569637224
vertex 19.50003103583303 9.75017260141259 22.750088569637224
endloop
endfacet
facet normal 0 0 -0.9999999999999999
outer loop
vertex 0 14.083477924154135 22.750088569637224
vertex 19.50003103583303 9.75017260141259 22.750088569637224
vertex -19.50003103583303 9.75017260141259 22.750088569637224
endloop
endfacet
facet normal 0 0 -1
outer loop
vertex 0 14.083477924154135 22.750088569637224
vertex -19.50003103583303 9.75017260141259 22.750088569637224
vertex -19.50003103583303 16.249973502028833 22.750088569637224
endloop
endfacet
facet normal 0 0 -1
outer loop
vertex 0 14.083477924154135 22.750088569637224
vertex -19.50003103583303 16.249973502028833 22.750088569637224
vertex -16.249973502028833 16.249973502028833 22.750088569637224
endloop
endfacet
facet normal 0 0 -1
outer loop
vertex 0 8.66692481247524 22.750088569637224
vertex -19.50003103583303 9.75017260141259 22.750088569637224
vertex 19.50003103583303 9.75017260141259 22.750088569637224
endloop
endfacet
facet normal 0 0 -1
outer loop
vertex 0 8.66692481247524 22.750088569637224
vertex 19.50003103583303 9.75017260141259 22.750088569637224
vertex 22.749774402645073 9.75017260141259 22.750088569637224
endloop
endfacet
facet normal 0 0 -1
outer loop
vertex 0 8.66692481247524 22.750088569637224
vertex 22.749774402645073 9.75017260141259 22.750088569637224
vertex 22.749774402645073 6.500115067608394 22.750088569637224
endloop
endfacet
facet normal 0 0 -1
outer loop
vertex 0 8.66692481247524 22.750088569637224
vertex 22.749774402645073 6.500115067608394 22.750088569637224
vertex -22.749774402645073 6.500115067608394 22.750088569637224
endloop
endfacet
facet normal 0 0 -1
outer loop
vertex 0 8.66692481247524 22.750088569637224
vertex -22.749774402645073 6.500115067608394 22.750088569637224
vertex -22.749774402645073 9.75017260141259 22.750088569637224
endloop
endfacet
facet normal 0 0 -1
outer loop
vertex 0 8.66692481247524 22.750088569637224
vertex -22.749774402645073 9.75017260141259 22.750088569637224
vertex -19.50003103583303 9.75017260141259 22.750088569637224
endloop
endfacet
facet normal 0 0 -1
outer loop
vertex 0 4.087626734879304 22.750088569637224
vertex -22.749774402645073 6.500115067608394 22.750088569637224
vertex 22.749774402645073 6.500115067608394 22.750088569637224
endloop
endfacet
facet normal 0 0 -1
outer loop
vertex 0 4.087626734879304 22.750088569637224
vertex 22.749774402645073 6.500115067608394 22.750088569637224
vertex 22.750088569637224 6.500115067608394 22.750088569637224
endloop
endfacet
facet normal 0 0 -1
outer loop
vertex 0 4.087626734879304 22.750088569637224
vertex 22.750088569637224 6.500115067608394 22.750088569637224
vertex 22.750088569637224 1.6751384021502151 22.750088569637224
endloop
endfacet
facet normal 0 0 -0.9999999999999999
outer loop
vertex 0 4.087626734879304 22.750088569637224
vertex 22.750088569637224 1.6751384021502151 22.750088569637224
vertex 1.6751384021502151 1.6751384021502151 22.750088569637224
endloop
endfacet
facet normal 0 0 -1
outer loop
vertex 0 4.087626734879304 22.750088569637224
vertex 1.6751384021502151 1.6751384021502151 22.750088569637224
vertex -1.6751384021502151 1.6751384021502151 22.750088569637224
endloop
endfacet
facet normal 0 0 -0.9999999999999999
outer loop
vertex 0 4.087626734879304 22.750088569637224
vertex -1.6751384021502151 1.6751384021502151 22.750088569637224
vertex -22.750088569637224 1.6751384021502151 22.750088569637224
endloop
endfacet
facet normal 0 0 -1
outer loop
vertex 0 4.087626734879304 22.750088569637224
vertex -22.750088569637224 1.6751384021502151 22.750088569637224
vertex -22.750088569637224 6.500115067608394 22.750088569637224
endloop
endfacet
facet normal 0 0 -1
outer loop
vertex 0 4.087626734879304 22.750088569637224
vertex -22.750088569637224 6.500115067608394 22.750088569637224
vertex -22.749774402645073 6.500115067608394 22.750088569637224
endloop
endfacet
facet normal 0 0 -1
outer loop
vertex -14.32004566924399 0.6701181942585164 22.750088569637224
vertex -1.6751384021502151 1.6751384021502151 22.750088569637224
vertex -1.6751384021502151 0 22.750088569637224
endloop
endfacet
facet normal 0 0 -1
outer loop
vertex -14.32004566924399 0.6701181942585164 22.750088569637224
vertex -1.6751384021502151 0 22.750088569637224
vertex -22.749774402645073 0 22.750088569637224
endloop
endfacet
facet normal 0 0 -1
outer loop
vertex -14.32004566924399 0.6701181942585164 22.750088569637224
vertex -22.749774402645073 0 22.750088569637224
vertex -22.750088569637224 0 22.750088569637224
endloop
endfacet
facet normal 0 0 -1
outer loop
vertex -14.32004566924399 0.6701181942585164 22.750088569637224
vertex -22.750088569637224 0 22.750088569637224
vertex -22.750088569637224 1.6751384021502151 22.750088569637224
endloop
endfacet
facet normal 0 0 -1
outer loop
vertex -14.32004566924399 0.6701181942585164 22.750088569637224
vertex -22.750088569637224 1.6751384021502151 22.750088569637224
vertex -1.6751384021502151 1.6751384021502151 22.750088569637224
endloop
endfacet
facet normal 0 0 -1
outer loop
vertex 14.32004566924399 0.6701181942585164 22.750088569637224
vertex 22.750088569637224 1.6751384021502151 22.750088569637224
vertex 22.750088569637224 0 22.750088569637224
endloop
endfacet
facet normal 0 0 -1
outer loop
vertex 14.32004566924399 0.6701181942585164 22.750088569637224
vertex 22.750088569637224 0 22.750088569637224
vertex 22.749774402645073 0 22.750088569637224
endloop
endfacet
facet normal 0 0 -1
outer loop
vertex 14.32004566924399 0.6701181942585164 22.750088569637224
vertex 22.749774402645073 0 22.750088569637224
vertex 1.6751384021502151 0 22.750088569637224
endloop
endfacet
facet normal 0 0 -1
outer loop
vertex 14.32004566924399 0.6701181942585164 22.750088569637224
vertex 1.6751384021502151 0 22.750088569637224
vertex 1.6751384021502151 1.6751384021502151 22.750088569637224
endloop
endfacet
facet normal 0 0 -1
outer loop
vertex 14.32004566924399 0.6701181942585164 22.750088569637224
vertex 1.6751384021502151 1.6751384021502151 22.750088569637224
vertex 22.750088569637224 1.6751384021502151 22.750088569637224
endloop
endfacet
facet normal 0 0 -1
outer loop
vertex -1.6751384021502151 0 22.750088569637224
vertex -1.6751384021502151 -1.6751384021502151 22.750088569637224
vertex -22.749774402645073 -1.6751384021502151 22.750088569637224
endloop
endfacet
facet normal 0 0 -1
outer loop
vertex -1.6751384021502151 0 22.750088569637224
vertex -22.749774402645073 -1.6751384021502151 22.750088569637224
vertex -22.749774402645073 0 22.750088569637224
endloop
endfacet
facet normal 0 0 -1
outer loop
vertex 22.749774402645073 0 22.750088569637224
vertex 22.749774402645073 -1.6751384021502151 22.750088569637224
vertex 1.6751384021502151 -1.6751384021502151 22.750088569637224
endloop
endfacet
facet normal 0 0 -1
outer loop
vertex 22.749774402645073 0 22.750088569637224
vertex 1.6751384021502151 -1.6751384021502151 22.750088569637224
vertex 1.6751384021502151 0 22.750088569637224
endloop
endfacet
facet normal 0 0 -1
outer loop
vertex 0 -2.200111446034876 22.750088569637224
vertex -1.6751384021502151 -1.6751384021502151 22.750088569637224
vertex 1.6751384021502151 -1.6751384021502151 22.750088569637224
endloop
endfacet
facet normal 0 0 -1
outer loop
vertex 0 -2.200111446034876 22.750088569637224
vertex 1.6751384021502151 -1.6751384021502151 22.750088569637224
vertex 22.749774402645073 -1.6751384021502151 22.750088569637224
endloop
endfacet
facet normal 0 0 -1
outer loop
vertex 0 -2.200111446034876 22.750088569637224
vertex 22.749774402645073 -1.6751384021502151 22.750088569637224
vertex 22.749774402645073 -3.250057533804197 22.750088569637224
endloop
endfacet
facet normal 0 0 -1
outer loop
vertex 0 -2.200111446034876 22.750088569637224
vertex 22.749774402645073 -3.250057533804197 22.750088569637224
vertex -22.749774402645073 -3.250057533804197 22.750088569637224
endloop
endfacet
facet normal 0 0 -1
outer loop
vertex 0 -2.200111446034876 22.750088569637224
vertex -22.749774402645073 -3.250057533804197 22.750088569637224
vertex -22.749774402645073 -1.6751384021502151 22.750088569637224
endloop
endfacet
facet normal 0 0 -1
outer loop
vertex 0 -2.200111446034876 22.750088569637224
vertex -22.749774402645073 -1.6751384021502151 22.750088569637224
vertex -1.6751384021502151 -1.6751384021502151 22.750088569637224
endloop
endfacet
facet normal 0 0 -1
outer loop
vertex 0 -6.500115067608394 22.750088569637224
vertex -22.749774402645073 -3.250057533804197 22.750088569637224
vertex 22.749774402645073 -3.250057533804197 22.750088569637224
endloop
endfacet
facet normal 0 0 -1
outer loop
vertex 0 -6.500115067608394 22.750088569637224
vertex 22.749774402645073 -3.250057533804197 22.750088569637224
vertex 22.750088569637224 -3.250057533804197 22.750088569637224
endloop
endfacet
facet normal 0 0 -1
outer loop
vertex 0 -6.500115067608394 22.750088569637224
vertex 22.750088569637224 -3.250057533804197 22.750088569637224
vertex 22.750088569637224 -9.75017260141259 22.750088569637224
endloop
endfacet
facet normal 0 0 -1
outer loop
vertex 0 -6.500115067608394 22.750088569637224
vertex 22.750088569637224 -9.75017260141259 22.750088569637224
vertex 19.50003103583303 -9.75017260141259 22.750088569637224
endloop
endfacet
facet normal 0 0 -0.9999999999999999
outer loop
vertex 0 -6.500115067608394 22.750088569637224
vertex 19.50003103583303 -9.75017260141259 22.750088569637224
vertex -19.50003103583303 -9.75017260141259 22.750088569637224
endloop
endfacet
facet normal 0 0 -1
outer loop
vertex 0 -6.500115067608394 22.750088569637224
vertex -19.50003103583303 -9.75017260141259 22.750088569637224
vertex -22.750088569637224 -9.75017260141259 22.750088569637224
endloop
endfacet
facet normal 0 0 -1
outer loop
vertex 0 -6.500115067608394 22.750088569637224
vertex -22.750088569637224 -9.75017260141259 22.750088569637224
vertex -22.750088569637224 -3.250057533804197 22.750088569637224
endloop
endfacet
facet normal 0 0 -1
outer loop
vertex 0 -6.500115067608394 22.750088569637224
vertex -22.750088569637224 -3.250057533804197 22.750088569637224
vertex -22.749774402645073 -3.250057533804197 22.750088569637224
endloop
endfacet
facet normal 0 0 -1
outer loop
vertex 0 -14.083477924154135 22.750088569637224
vertex 19.50003103583303 -9.75017260141259 22.750088569637224
vertex 19.50003103583303 -16.249973502028833 22.750088569637224
endloop
endfacet
facet normal 0 0 -1
outer loop
vertex 0 -14.083477924154135 22.750088569637224
vertex 19.50003103583303 -16.249973502028833 22.750088569637224
vertex 16.249973502028833 -16.249973502028833 22.750088569637224
endloop
endfacet
facet normal 0 0 -1
outer loop
vertex 0 -14.083477924154135 22.750088569637224
vertex 16.249973502028833 -16.249973502028833 22.750088569637224
vertex -16.249973502028833 -16.249973502028833 22.750088569637224
endloop
endfacet
facet normal 0 0 -1
outer loop
vertex 0 -14.083477924154135 22.750088569637224
vertex -16.249973502028833 -16.249973502028833 22.750088569637224
vertex -19.50003103583303 -16.249973502028833 22.750088569637224
endloop
endfacet
facet normal 0 0 -1
outer loop
vertex 0 -14.083477924154135 22.750088569637224
vertex -19.50003103583303 -16.249973502028833 22.750088569637224
vertex -19.50003103583303 -9.75017260141259 22.750088569637224
endloop
endfacet
facet normal 0 0 -0.9999999999999999
outer loop
vertex 0 -14.083477924154135 22.750088569637224
vertex -19.50003103583303 -9.75017260141259 22.750088569637224
vertex 19.50003103583303 -9.75017260141259 22.750088569637224
endloop
endfacet
facet normal 0 0 -1
outer loop
vertex 0 -18.41678324689568 22.750088569637224
vertex 16.249973502028833 -16.249973502028833 22.750088569637224
vertex 16.249973502028833 -19.50003103583303 22.750088569637224
endloop
endfacet
facet normal 0 0 -1
outer loop
vertex 0 -18.41678324689568 22.750088569637224
vertex 16.249973502028833 -19.50003103583303 22.750088569637224
vertex 9.75017260141259 -19.50003103583303 22.750088569637224
endloop
endfacet
facet normal 0 0 -0.9999999999999999
outer loop
vertex 0 -18.41678324689568 22.750088569637224
vertex 9.75017260141259 -19.50003103583303 22.750088569637224
vertex -9.75017260141259 -19.50003103583303 22.750088569637224
endloop
endfacet
facet normal 0 0 -1
outer loop
vertex 0 -18.41678324689568 22.750088569637224
vertex -9.75017260141259 -19.50003103583303 22.750088569637224
vertex -16.249973502028833 -19.50003103583303 22.750088569637224
endloop
endfacet
facet normal 0 0 -1
outer loop
vertex 0 -18.41678324689568 22.750088569637224
vertex -16.249973502028833 -19.50003103583303 22.750088569637224
vertex -16.249973502028833 -16.249973502028833 22.750088569637224
endloop
endfacet
facet normal 0 0 -1
outer loop
vertex 0 -18.41678324689568 22.750088569637224
vertex -16.249973502028833 -16.249973502028833 22.750088569637224
vertex 16.249973502028833 -16.249973502028833 22.750088569637224
endloop
endfacet
facet normal 0 0 -0.9999999999999999
outer loop
vertex 9.75017260141259 -19.50003103583303 22.750088569637224
vertex 9.75017260141259 -22.750088569637224 22.750088569637224
vertex -9.75017260141259 -22.750088569637224 22.750088569637224
endloop
endfacet
facet normal 0 0 -0.9999999999999999
outer loop
vertex 9.75017260141259 -19.50003103583303 22.750088569637224
vertex -9.75017260141259 -22.750088569637224 22.750088569637224
vertex -9.75017260141259 -19.50003103583303 22.750088569637224
endloop
endfacet
facet normal 1 0 0
outer loop
vertex -1.6751384021502151 0 24.3752744200354
vertex -1.6751384021502151 0 22.750088569637224
vertex -1.6751384021502151 1.6751384021502151 22.750088569637224
endloop
endfacet
facet normal 1 0 0
outer loop
vertex -1.6751384021502151 0 24.3752744200354
vertex -1.6751384021502151 1.6751384021502151 22.750088569637224
vertex -1.6751384021502151 1.6751384021502151 26.000146103441423
endloop
endfacet
facet normal 0.9999999999999999 0 0
outer loop
vertex -1.6751384021502151 0 24.3752744200354
vertex -1.6751384021502151 1.6751384021502151 26.000146103441423
vertex -1.6751384021502151 0 26.000146103441423
endloop
endfacet
facet normal 0.9999999999999999 0 0
outer loop
vertex -1.6751384021502151 0 24.3752744200354
vertex -1.6751384021502151 0 26.000146103441423
vertex -1.6751384021502151 -1.6751384021502151 26.000146103441423
endloop
endfacet
facet normal 1 0 0
outer loop
vertex -1.6751384021502151 0 24.3752744200354
vertex -1.6751384021502151 -1.6751384021502151 26.000146103441423
vertex -1.6751384021502151 -1.6751384021502151 22.750088569637224
endloop
endfacet
facet normal 1 0 0
outer loop
vertex -1.6751384021502151 0 24.3752744200354
vertex -1.6751384021502151 -1.6751384021502151 22.750088569637224
vertex -1.6751384021502151 0 22.750088569637224
endloop
endfacet
facet normal -1 0 0
outer loop
vertex 1.6751384021502151 0 24.3752744200354
vertex 1.6751384021502151 0 22.750088569637224
vertex 1.6751384021502151 -1.6751384021502151 22.750088569637224
endloop
endfacet
facet normal -1 0 0
outer loop
vertex 1.6751384021502151 0 24.3752744200354
vertex 1.6751384021502151 -1.6751384021502151 22.750088569637224
vertex 1.6751384021502151 -1.6751384021502151 26.000146103441423
endloop
endfacet
facet normal -0.9999999999999999 0 0
outer loop
vertex 1.6751384021502151 0 24.3752744200354
vertex 1.6751384021502151 -1.6751384021502151 26.000146103441423
vertex 1.6751384021502151 0 26.000146103441423
endloop
endfacet
facet normal -0.9999999999999999 0 0
outer loop
vertex 1.6751384021502151 0 24.3752744200354
vertex 1.6751384021502151 0 26.000146103441423
vertex 1.6751384021502151 1.6751384021502151 26.000146103441423
endloop
endfacet
facet normal -1 0 0
outer loop
vertex 1.6751384021502151 0 24.3752744200354
vertex 1.6751384021502151 1.6751384021502151 26.000146103441423
vertex 1.6751384021502151 1.6751384021502151 22.750088569637224
endloop
endfacet
facet normal -1 0 0
outer loop
vertex 1.6751384021502151 0 24.3752744200354
vertex 1.6751384021502151 1.6751384021502151 22.750088569637224
vertex 1.6751384021502151 0 22.750088569637224
endloop
endfacet
facet normal 0 1 0
outer loop
vertex -1.6751384021502151 -1.6751384021502151 22.750088569637224
vertex -1.6751384021502151 -1.6751384021502151 26.000146103441423
vertex 1.6751384021502151 -1.6751384021502151 26.000146103441423
endloop
endfacet
facet normal 0 1 0
outer loop
vertex -1.6751384021502151 -1.6751384021502151 22.750088569637224
vertex 1.6751384021502151 -1.6751384021502151 26.000146103441423
vertex 1.6751384021502151 -1.6751384021502151 22.750088569637224
endloop
endfacet
facet normal 0 -1 0
outer loop
vertex 1.6751384021502151 1.6751384021502151 22.750088569637224
vertex 1.6751384021502151 1.6751384021502151 26.000146103441423
vertex -1.6751384021502151 1.6751384021502151 26.000146103441423
endloop
endfacet
facet normal 0 -1 0
outer loop
vertex 1.6751384021502151 1.6751384021502151 22.750088569637224
vertex -1.6751384021502151 1.6751384021502151 26.000146103441423
vertex -1.6751384021502151 1.6751384021502151 22.750088569637224
endloop
endfacet
facet normal -1 0 0
outer loop
vertex -9.75017260141259 -19.50003103583303 29.249889470253468
vertex -9.75017260141259 -19.50003103583303 26.000146103441423
vertex -9.75017260141259 -22.750088569637224 26.000146103441423
endloop
endfacet
facet normal -1 0 0
outer loop
vertex -9.75017260141259 -19.50003103583303 29.249889470253468
vertex -9.75017260141259 -22.750088569637224 26.000146103441423
vertex -9.75017260141259 -22.750088569637224 29.249889470253468
endloop
endfacet
facet normal -1 0 0
outer loop
vertex -9.75017260141259 22.750088569637224 29.249889470253468
vertex -9.75017260141259 22.750088569637224 26.000146103441423
vertex -9.75017260141259 19.50003103583303 26.000146103441423
endloop
endfacet
facet normal -1 0 0
outer loop
vertex -9.75017260141259 22.750088569637224 29.249889470253468
vertex -9.75017260141259 19.50003103583303 26.000146103441423
vertex -9.75017260141259 19.50003103583303 29.249889470253468
endloop
endfacet
facet normal 0 -1 0
outer loop
vertex -9.75017260141259 -22.750088569637224 29.249889470253468
vertex -9.75017260141259 -22.750088569637224 26.000146103441423
vertex 9.75017260141259 -22.750088569637224 26.000146103441423
endloop
endfacet
facet normal 0 -1 0
outer loop
vertex -9.75017260141259 -22.750088569637224 29.249889470253468
vertex 9.75017260141259 -22.750088569637224 26.000146103441423
vertex 9.75017260141259 -22.750088569637224 29.249889470253468
endloop
endfacet
facet normal 1 0 0
outer loop
vertex 9.75017260141259 19.50003103583303 29.249889470253468
vertex 9.75017260141259 19.50003103583303 26.000146103441423
vertex 9.75017260141259 22.750088569637224 26.000146103441423
endloop
endfacet
facet normal 1 0 0
outer loop
vertex 9.75017260141259 19.50003103583303 29.249889470253468
vertex 9.75017260141259 22.750088569637224 26.000146103441423
vertex 9.75017260141259 22.750088569637224 29.249889470253468
endloop
endfacet
facet normal 1 0 0
outer loop
vertex 9.75017260141259 -22.750088569637224 29.249889470253468
vertex 9.75017260141259 -22.750088569637224 26.000146103441423
vertex 9.75017260141259 -19.50003103583303 26.000146103441423
endloop
endfacet
facet normal 1 0 0
outer loop
vertex 9.75017260141259 -22.750088569637224 29.249889470253468
vertex 9.75017260141259 -19.50003103583303 26.000146103441423
vertex 9.75017260141259 -19.50003103583303 29.249889470253468
endloop
endfacet
facet normal 0 1 0
outer loop
vertex 9.75017260141259 22.750088569637224 29.249889470253468
vertex 9.75017260141259 22.750088569637224 26.000146103441423
vertex -9.75017260141259 22.750088569637224 26.000146103441423
endloop
endfacet
facet normal 0 1 0
outer loop
vertex 9.75017260141259 22.750088569637224 29.249889470253468
vertex -9.75017260141259 22.750088569637224 26.000146103441423
vertex -9.75017260141259 22.750088569637224 29.249889470253468
endloop
endfacet
facet normal -0.9999999999999999 0 0
outer loop
vertex -22.750088569637224 -3.250057533804197 29.249889470253468
vertex -22.750088569637224 -3.250057533804197 26.000146103441423
vertex -22.750088569637224 -9.75017260141259 26.000146103441423
endloop
endfacet
facet normal -0.9999999999999999 0 0
outer loop
vertex -22.750088569637224 -3.250057533804197 29.249889470253468
vertex -22.750088569637224 -9.75017260141259 26.000146103441423
vertex -22.750088569637224 -9.75017260141259 29.249889470253468
endloop
endfacet
facet normal -0.9999999999999999 0 0
outer loop
vertex -22.750088569637224 2.7250844899195363 27.625017786847444
vertex -22.750088569637224 1.6751384021502151 29.249889470253468
vertex -22.750088569637224 6.500115067608394 29.249889470253468
endloop
endfacet
facet normal -1 0 0
outer loop
vertex -22.750088569637224 2.7250844899195363 27.625017786847444
vertex -22.750088569637224 6.500115067608394 29.249889470253468
vertex -22.750088569637224 6.500115067608394 26.000146103441423
endloop
endfacet
facet normal -1 0 0
outer loop
vertex -22.750088569637224 2.7250844899195363 27.625017786847444
vertex -22.750088569637224 6.500115067608394 26.000146103441423
vertex -22.750088569637224 1.6751384021502151 26.000146103441423
endloop
endfacet
facet normal -1 0 0
outer loop
vertex -22.750088569637224 2.7250844899195363 27.625017786847444
vertex -22.750088569637224 1.6751384021502151 26.000146103441423
vertex -22.750088569637224 0 26.000146103441423
endloop
endfacet
facet normal -1 0 0
outer loop
vertex -22.750088569637224 2.7250844899195363 27.625017786847444
vertex -22.750088569637224 0 26.000146103441423
vertex -22.750088569637224 0 29.249889470253468
endloop
endfacet
facet normal -0.9999999999999999 0 0
outer loop
vertex -22.750088569637224 2.7250844899195363 27.625017786847444
vertex -22.750088569637224 0 29.249889470253468
vertex -22.750088569637224 1.6751384021502151 29.249889470253468
endloop
endfacet
facet normal 0.9999999999999999 0 0
outer loop
vertex 22.750088569637224 2.7250844899195363 27.625017786847444
vertex 22.750088569637224 1.6751384021502151 29.249889470253468
vertex 22.750088569637224 0 29.249889470253468
endloop
endfacet
facet normal 1 0 0
outer loop
vertex 22.750088569637224 2.7250844899195363 27.625017786847444
vertex 22.750088569637224 0 29.249889470253468
vertex 22.750088569637224 0 26.000146103441423
endloop
endfacet
facet normal 1 0 0
outer loop
vertex 22.750088569637224 2.7250844899195363 27.625017786847444
vertex 22.750088569637224 0 26.000146103441423
vertex 22.750088569637224 1.6751384021502151 26.000146103441423
endloop
endfacet
facet normal 1 0 0
outer loop
vertex 22.750088569637224 2.7250844899195363 27.625017786847444
vertex 22.750088569637224 1.6751384021502151 26.000146103441423
vertex 22.750088569637224 6.500115067608394 26.000146103441423
endloop
endfacet
facet normal 1 0 0
outer loop
vertex 22.750088569637224 2.7250844899195363 27.625017786847444
vertex 22.750088569637224 6.500115067608394 26.000146103441423
vertex 22.750088569637224 6.500115067608394 29.249889470253468
endloop
endfacet
facet normal 0.9999999999999999 0 0
outer loop
vertex 22.750088569637224 2.7250844899195363 27.625017786847444
vertex 22.750088569637224 6.500115067608394 29.249889470253468
vertex 22.750088569637224 1.6751384021502151 29.249889470253468
endloop
endfacet
facet normal 0.9999999999999999 0 0
outer loop
vertex 22.750088569637224 -9.75017260141259 29.249889470253468
vertex 22.750088569637224 -9.75017260141259 26.000146103441423
vertex 22.750088569637224 -3.250057533804197 26.000146103441423
endloop
endfacet
facet normal 0.9999999999999999 0 0
outer loop
vertex 22.750088569637224 -9.75017260141259 29.249889470253468
vertex 22.750088569637224 -3.250057533804197 26.000146103441423
vertex 22.750088569637224 -3.250057533804197 29.249889470253468
endloop
endfacet
facet normal 0 -1 0
outer loop
vertex 19.50003103583303 -9.75017260141259 29.249889470253468
vertex 19.50003103583303 -9.75017260141259 26.000146103441423
vertex 22.750088569637224 -9.75017260141259 26.000146103441423
endloop
endfacet
facet normal 0 -1 0
outer loop
vertex 19.50003103583303 -9.75017260141259 29.249889470253468
vertex 22.750088569637224 -9.75017260141259 26.000146103441423
vertex 22.750088569637224 -9.75017260141259 29.249889470253468
endloop
endfacet
facet normal 0 -1 0
outer loop
vertex -22.750088569637224 -9.75017260141259 29.249889470253468
vertex -22.750088569637224 -9.75017260141259 26.000146103441423
vertex -19.50003103583303 -9.75017260141259 26.000146103441423
endloop
endfacet
facet normal 0 -1 0
outer loop
vertex -22.750088569637224 -9.75017260141259 29.249889470253468
vertex -19.50003103583303 -9.75017260141259 26.000146103441423
vertex -19.50003103583303 -9.75017260141259 29.249889470253468
endloop
endfacet
facet normal 0 -1 0
outer loop
vertex 22.749774402645073 0 29.249889470253468
vertex 22.749774402645073 0 26.000146103441423
vertex 22.750088569637224 0 26.000146103441423
endloop
endfacet
facet normal 0 -1 0
outer loop
vertex 22.749774402645073 0 29.249889470253468
vertex 22.750088569637224 0 26.000146103441423
vertex 22.750088569637224 0 29.249889470253468
endloop
endfacet
facet normal 0 -1 0
outer loop
vertex -22.750088569637224 0 29.249889470253468
vertex -22.750088569637224 0 26.000146103441423
vertex -22.749774402645073 0 26.000146103441423
endloop
endfacet
facet normal 0 -1 0
outer loop
vertex -22.750088569637224 0 29.249889470253468
vertex -22.749774402645073 0 26.000146103441423
vertex -22.749774402645073 0 29.249889470253468
endloop
endfacet
facet normal 0 1 0
outer loop
vertex -22.749774402645073 6.500115067608394 29.249889470253468
vertex -22.749774402645073 6.500115067608394 26.000146103441423
vertex -22.750088569637224 6.500115067608394 26.000146103441423
endloop
endfacet
facet normal 0 1 0
outer loop
vertex -22.749774402645073 6.500115067608394 29.249889470253468
vertex -22.750088569637224 6.500115067608394 26.000146103441423
vertex -22.750088569637224 6.500115067608394 29.249889470253468
endloop
endfacet
facet normal 0 1 0
outer loop
vertex 22.750088569637224 6.500115067608394 29.249889470253468
vertex 22.750088569637224 6.500115067608394 26.000146103441423
vertex 22.749774402645073 6.500115067608394 26.000146103441423
endloop
endfacet
facet normal 0 1 0
outer loop
vertex 22.750088569637224 6.500115067608394 29.249889470253468
vertex 22.749774402645073 6.500115067608394 26.000146103441423
vertex 22.749774402645073 6.500115067608394 29.249889470253468
endloop
endfacet
facet normal 0 1 0
outer loop
vertex -22.749774402645073 -3.250057533804197 29.249889470253468
vertex -22.749774402645073 -3.250057533804197 26.000146103441423
vertex -22.750088569637224 -3.250057533804197 26.000146103441423
endloop
endfacet
facet normal 0 1 0
outer loop
vertex -22.749774402645073 -3.250057533804197 29.249889470253468
vertex -22.750088569637224 -3.250057533804197 26.000146103441423
vertex -22.750088569637224 -3.250057533804197 29.249889470253468
endloop
endfacet
facet normal 0 1 0
outer loop
vertex 22.750088569637224 -3.250057533804197 29.249889470253468
vertex 22.750088569637224 -3.250057533804197 26.000146103441423
vertex 22.749774402645073 -3.250057533804197 26.000146103441423
endloop
endfacet
facet normal 0 1 0
outer loop
vertex 22.750088569637224 -3.250057533804197 29.249889470253468
vertex 22.749774402645073 -3.250057533804197 26.000146103441423
vertex 22.749774402645073 -3.250057533804197 29.249889470253468
endloop
endfacet
facet normal -0.9999999999999999 0 0
outer loop
vertex -22.749774402645073 -1.6418367009821877 27.625017786847444
vertex -22.749774402645073 -1.6751384021502151 29.249889470253468
vertex -22.749774402645073 0 29.249889470253468
endloop
endfacet
facet normal -1 0 0
outer loop
vertex -22.749774402645073 -1.6418367009821877 27.625017786847444
vertex -22.749774402645073 0 29.249889470253468
vertex -22.749774402645073 0 26.000146103441423
endloop
endfacet
facet normal -1 0 0
outer loop
vertex -22.749774402645073 -1.6418367009821877 27.625017786847444
vertex -22.749774402645073 0 26.000146103441423
vertex -22.749774402645073 -1.6751384021502151 26.000146103441423
endloop
endfacet
facet normal -1 0 0
outer loop
vertex -22.749774402645073 -1.6418367009821877 27.625017786847444
vertex -22.749774402645073 -1.6751384021502151 26.000146103441423
vertex -22.749774402645073 -3.250057533804197 26.000146103441423
endloop
endfacet
facet normal -1 0 0
outer loop
vertex -22.749774402645073 -1.6418367009821877 27.625017786847444
vertex -22.749774402645073 -3.250057533804197 26.000146103441423
vertex -22.749774402645073 -3.250057533804197 29.249889470253468
endloop
endfacet
facet normal -1 0 0
outer loop
vertex -22.749774402645073 -1.6418367009821877 27.625017786847444
vertex -22.749774402645073 -3.250057533804197 29.249889470253468
vertex -22.749774402645073 -1.6751384021502151 29.249889470253468
endloop
endfacet
facet normal -0.9999999999999999 0 0
outer loop
vertex -22.749774402645073 9.75017260141259 29.249889470253468
vertex -22.749774402645073 9.75017260141259 26.000146103441423
vertex -22.749774402645073 6.500115067608394 26.000146103441423
endloop
endfacet
facet normal -0.9999999999999999 0 0
outer loop
vertex -22.749774402645073 9.75017260141259 29.249889470253468
vertex -22.749774402645073 6.500115067608394 26.000146103441423
vertex -22.749774402645073 6.500115067608394 29.249889470253468
endloop
endfacet
facet normal 0.9999999999999999 0 0
outer loop
vertex 22.749774402645073 6.500115067608394 29.249889470253468
vertex 22.749774402645073 6.500115067608394 26.000146103441423
vertex 22.749774402645073 9.75017260141259 26.000146103441423
endloop
endfacet
facet normal 0.9999999999999999 0 0
outer loop
vertex 22.749774402645073 6.500115067608394 29.249889470253468
vertex 22.749774402645073 9.75017260141259 26.000146103441423
vertex 22.749774402645073 9.75017260141259 29.249889470253468
endloop
endfacet
facet normal 1 0 0
outer loop
vertex 22.749774402645073 -1.6418367009821877 27.625017786847444
vertex 22.749774402645073 -1.6751384021502151 29.249889470253468
vertex 22.749774402645073 -3.250057533804197 29.249889470253468
endloop
endfacet
facet normal 1 0 0
outer loop
vertex 22.749774402645073 -1.6418367009821877 27.625017786847444
vertex 22.749774402645073 -3.250057533804197 29.249889470253468
vertex 22.749774402645073 -3.250057533804197 26.000146103441423
endloop
endfacet
facet normal 1 0 0
outer loop
vertex 22.749774402645073 -1.6418367009821877 27.625017786847444
vertex 22.749774402645073 -3.250057533804197 26.000146103441423
vertex 22.749774402645073 -1.6751384021502151 26.000146103441423
endloop
endfacet
facet normal 1 0 0
outer loop
vertex 22.749774402645073 -1.6418367009821877 27.625017786847444
vertex 22.749774402645073 -1.6751384021502151 26.000146103441423
vertex 22.749774402645073 0 26.000146103441423
endloop
endfacet
facet normal 1 0 0
outer loop
vertex 22.749774402645073 -1.6418367009821877 27.625017786847444
vertex 22.749774402645073 0 26.000146103441423
vertex 22.749774402645073 0 29.249889470253468
endloop
endfacet
facet normal 0.9999999999999999 0 0
outer loop
vertex 22.749774402645073 -1.6418367009821877 27.625017786847444
vertex 22.749774402645073 0 29.249889470253468
vertex 22.749774402645073 -1.6751384021502151 29.249889470253468
endloop
endfacet
facet normal 0 1 0
outer loop
vertex -19.50003103583303 9.75017260141259 29.249889470253468
vertex -19.50003103583303 9.75017260141259 26.000146103441423
vertex -22.749774402645073 9.75017260141259 26.000146103441423
endloop
endfacet
facet normal 0 1 0
outer loop
vertex -19.50003103583303 9.75017260141259 29.249889470253468
vertex -22.749774402645073 9.75017260141259 26.000146103441423
vertex -22.749774402645073 9.75017260141259 29.249889470253468
endloop
endfacet
facet normal 0 1 0
outer loop
vertex 22.749774402645073 9.75017260141259 29.249889470253468
vertex 22.749774402645073 9.75017260141259 26.000146103441423
vertex 19.50003103583303 9.75017260141259 26.000146103441423
endloop
endfacet
facet normal 0 1 0
outer loop
vertex 22.749774402645073 9.75017260141259 29.249889470253468
vertex 19.50003103583303 9.75017260141259 26.000146103441423
vertex 19.50003103583303 9.75017260141259 29.249889470253468
endloop
endfacet
facet normal -1 0 0
outer loop
vertex -19.50003103583303 -9.75017260141259 29.249889470253468
vertex -19.50003103583303 -9.75017260141259 26.000146103441423
vertex -19.50003103583303 -12.999915968224636 26.000146103441423
endloop
endfacet
facet normal -1 0 0
outer loop
vertex -19.50003103583303 -9.75017260141259 29.249889470253468
vertex -19.50003103583303 -12.999915968224636 26.000146103441423
vertex -19.50003103583303 -12.999915968224636 29.249889470253468
endloop
endfacet
facet normal -1 0 0
outer loop
vertex -19.50003103583303 12.999915968224636 29.249889470253468
vertex -19.50003103583303 12.999915968224636 26.000146103441423
vertex -19.50003103583303 9.75017260141259 26.000146103441423
endloop
endfacet
facet normal -1 0 0
outer loop
vertex -19.50003103583303 12.999915968224636 29.249889470253468
vertex -19.50003103583303 9.75017260141259 26.000146103441423
vertex -19.50003103583303 9.75017260141259 29.249889470253468
endloop
endfacet
facet normal 1 0 0
outer loop
vertex 19.50003103583303 9.75017260141259 29.249889470253468
vertex 19.50003103583303 9.75017260141259 26.000146103441423
vertex 19.50003103583303 12.999915968224636 26.000146103441423
endloop
endfacet
facet normal 1 0 0
outer loop
vertex 19.50003103583303 9.75017260141259 29.249889470253468
vertex 19.50003103583303 12.999915968224636 26.000146103441423
vertex 19.50003103583303 12.999915968224636 29.249889470253468
endloop
endfacet
facet normal 1 0 0
outer loop
vertex 19.50003103583303 -12.999915968224636 29.249889470253468
vertex 19.50003103583303 -12.999915968224636 26.000146103441423
vertex 19.50003103583303 -9.75017260141259 26.000146103441423
endloop
endfacet
facet normal 1 0 0
outer loop
vertex 19.50003103583303 -12.999915968224636 29.249889470253468
vertex 19.50003103583303 -9.75017260141259 26.000146103441423
vertex 19.50003103583303 -9.75017260141259 29.249889470253468
endloop
endfacet
facet normal 0 1 0
outer loop
vertex -16.249973502028833 12.999915968224636 29.249889470253468
vertex -16.249973502028833 12.999915968224636 26.000146103441423
vertex -19.50003103583303 12.999915968224636 26.000146103441423
endloop
endfacet
facet normal 0 1 0
outer loop
vertex -16.249973502028833 12.999915968224636 29.249889470253468
vertex -19.50003103583303 12.999915968224636 26.000146103441423
vertex -19.50003103583303 12.999915968224636 29.249889470253468
endloop
endfacet
facet normal 0 1 0
outer loop
vertex 19.50003103583303 12.999915968224636 29.249889470253468
vertex 19.50003103583303 12.999915968224636 26.000146103441423
vertex 16.249973502028833 12.999915968224636 26.000146103441423
endloop
endfacet
facet normal 0 1 0
outer loop
vertex 19.50003103583303 12.999915968224636 29.249889470253468
vertex 16.249973502028833 12.999915968224636 26.000146103441423
vertex 16.249973502028833 12.999915968224636 29.249889470253468
endloop
endfacet
facet normal 0 -1 0
outer loop
vertex 16.249973502028833 -12.999915968224636 29.249889470253468
vertex 16.249973502028833 -12.999915968224636 26.000146103441423
vertex 19.50003103583303 -12.999915968224636 26.000146103441423
endloop
endfacet
facet normal 0 -1 0
outer loop
vertex 16.249973502028833 -12.999915968224636 29.249889470253468
vertex 19.50003103583303 -12.999915968224636 26.000146103441423
vertex 19.50003103583303 -12.999915968224636 29.249889470253468
endloop
endfacet
facet normal 0 -1 0
outer loop
vertex -19.50003103583303 -12.999915968224636 29.249889470253468
vertex -19.50003103583303 -12.999915968224636 26.000146103441423
vertex -16.249973502028833 -12.999915968224636 26.000146103441423
endloop
endfacet
facet normal 0 -1 0
outer loop
vertex -19.50003103583303 -12.999915968224636 29.249889470253468
vertex -16.249973502028833 -12.999915968224636 26.000146103441423
vertex -16.249973502028833 -12.999915968224636 29.249889470253468
endloop
endfacet
facet normal -1 0 0
outer loop
vertex -16.249973502028833 -12.999915968224636 29.249889470253468
vertex -16.249973502028833 -12.999915968224636 26.000146103441423
vertex -16.249973502028833 -16.249973502028833 26.000146103441423
endloop
endfacet
facet normal -1 0 0
outer loop
vertex -16.249973502028833 -12.999915968224636 29.249889470253468
vertex -16.249973502028833 -16.249973502028833 26.000146103441423
vertex -16.249973502028833 -16.249973502028833 29.249889470253468
endloop
endfacet
facet normal -1 0 0
outer loop
vertex -16.249973502028833 16.249973502028833 29.249889470253468
vertex -16.249973502028833 16.249973502028833 26.000146103441423
vertex -16.249973502028833 12.999915968224636 26.000146103441423
endloop
endfacet
facet normal -1 0 0
outer loop
vertex -16.249973502028833 16.249973502028833 29.249889470253468
vertex -16.249973502028833 12.999915968224636 26.000146103441423
vertex -16.249973502028833 12.999915968224636 29.249889470253468
endloop
endfacet
facet normal 1 0 0
outer loop
vertex 16.249973502028833 12.999915968224636 29.249889470253468
vertex 16.249973502028833 12.999915968224636 26.000146103441423
vertex 16.249973502028833 16.249973502028833 26.000146103441423
endloop
endfacet
facet normal 1 0 0
outer loop
vertex 16.249973502028833 12.999915968224636 29.249889470253468
vertex 16.249973502028833 16.249973502028833 26.000146103441423
vertex 16.249973502028833 16.249973502028833 29.249889470253468
endloop
endfacet
facet normal 1 0 0
outer loop
vertex 16.249973502028833 -16.249973502028833 29.249889470253468
vertex 16.249973502028833 -16.249973502028833 26.000146103441423
vertex 16.249973502028833 -12.999915968224636 26.000146103441423
endloop
endfacet
facet normal 1 0 0
outer loop
vertex 16.249973502028833 -16.249973502028833 29.249889470253468
vertex 16.249973502028833 -12.999915968224636 26.000146103441423
vertex 16.249973502028833 -12.999915968224636 29.249889470253468
endloop
endfacet
facet normal 0 -1 0
outer loop
vertex 12.999915968224636 -16.249973502028833 29.249889470253468
vertex 12.999915968224636 -16.249973502028833 26.000146103441423
vertex 16.249973502028833 -16.249973502028833 26.000146103441423
endloop
endfacet
facet normal 0 -1 0
outer loop
vertex 12.999915968224636 -16.249973502028833 29.249889470253468
vertex 16.249973502028833 -16.249973502028833 26.000146103441423
vertex 16.249973502028833 -16.249973502028833 29.249889470253468
endloop
endfacet
facet normal 0 -1 0
outer loop
vertex -16.249973502028833 -16.249973502028833 29.249889470253468
vertex -16.249973502028833 -16.249973502028833 26.000146103441423
vertex -12.999915968224636 -16.249973502028833 26.000146103441423
endloop
endfacet
facet normal 0 -1 0
outer loop
vertex -16.249973502028833 -16.249973502028833 29.249889470253468
vertex -12.999915968224636 -16.249973502028833 26.000146103441423
vertex -12.999915968224636 -16.249973502028833 29.249889470253468
endloop
endfacet
facet normal 0 1 0
outer loop
vertex -12.999915968224636 16.249973502028833 29.249889470253468
vertex -12.999915968224636 16.249973502028833 26.000146103441423
vertex -16.249973502028833 16.249973502028833 26.000146103441423
endloop
endfacet
facet normal 0 1 0
outer loop
vertex -12.999915968224636 16.249973502028833 29.249889470253468
vertex -16.249973502028833 16.249973502028833 26.000146103441423
vertex -16.249973502028833 16.249973502028833 29.249889470253468
endloop
endfacet
facet normal 0 1 0
outer loop
vertex 16.249973502028833 16.249973502028833 29.249889470253468
vertex 16.249973502028833 16.249973502028833 26.000146103441423
vertex 12.999915968224636 16.249973502028833 26.000146103441423
endloop
endfacet
facet normal 0 1 0
outer loop
vertex 16.249973502028833 16.249973502028833 29.249889470253468
vertex 12.999915968224636 16.249973502028833 26.000146103441423
vertex 12.999915968224636 16.249973502028833 29.249889470253468
endloop
endfacet
facet normal -1 0 0
outer loop
vertex -12.999915968224636 -16.249973502028833 29.249889470253468
vertex -12.999915968224636 -16.249973502028833 26.000146103441423
vertex -12.999915968224636 -19.50003103583303 26.000146103441423
endloop
endfacet
facet normal -1 0 0
outer loop
vertex -12.999915968224636 -16.249973502028833 29.249889470253468
vertex -12.999915968224636 -19.50003103583303 26.000146103441423
vertex -12.999915968224636 -19.50003103583303 29.249889470253468
endloop
endfacet
facet normal -1 0 0
outer loop
vertex -12.999915968224636 19.50003103583303 29.249889470253468
vertex -12.999915968224636 19.50003103583303 26.000146103441423
vertex -12.999915968224636 16.249973502028833 26.000146103441423
endloop
endfacet
facet normal -1 0 0
outer loop
vertex -12.999915968224636 19.50003103583303 29.249889470253468
vertex -12.999915968224636 16.249973502028833 26.000146103441423
vertex -12.999915968224636 16.249973502028833 29.249889470253468
endloop
endfacet
facet normal 1 0 0
outer loop
vertex 12.999915968224636 16.249973502028833 29.249889470253468
vertex 12.999915968224636 16.249973502028833 26.000146103441423
vertex 12.999915968224636 19.50003103583303 26.000146103441423
endloop
endfacet
facet normal 1 0 0
outer loop
vertex 12.999915968224636 16.249973502028833 29.249889470253468
vertex 12.999915968224636 19.50003103583303 26.000146103441423
vertex 12.999915968224636 19.50003103583303 29.249889470253468
endloop
endfacet
facet normal 1 0 0
outer loop
vertex 12.999915968224636 -19.50003103583303 29.249889470253468
vertex 12.999915968224636 -19.50003103583303 26.000146103441423
vertex 12.999915968224636 -16.249973502028833 26.000146103441423
endloop
endfacet
facet normal 1 0 0
outer loop
vertex 12.999915968224636 -19.50003103583303 29.249889470253468
vertex 12.999915968224636 -16.249973502028833 26.000146103441423
vertex 12.999915968224636 -16.249973502028833 29.249889470253468
endloop
endfacet
facet normal 0 -1 0
outer loop
vertex 9.75017260141259 -19.50003103583303 29.249889470253468
vertex 9.75017260141259 -19.50003103583303 26.000146103441423
vertex 12.999915968224636 -19.50003103583303 26.000146103441423
endloop
endfacet
facet normal 0 -1 0
outer loop
vertex 9.75017260141259 -19.50003103583303 29.249889470253468
vertex 12.999915968224636 -19.50003103583303 26.000146103441423
vertex 12.999915968224636 -19.50003103583303 29.249889470253468
endloop
endfacet
facet normal 0 -1 0
outer loop
vertex -12.999915968224636 -19.50003103583303 29.249889470253468
vertex -12.999915968224636 -19.50003103583303 26.000146103441423
vertex -9.75017260141259 -19.50003103583303 26.000146103441423
endloop
endfacet
facet normal 0 -1 0
outer loop
vertex -12.999915968224636 -19.50003103583303 29.249889470253468
vertex -9.75017260141259 -19.50003103583303 26.000146103441423
vertex -9.75017260141259 -19.50003103583303 29.249889470253468
endloop
endfacet
facet normal 0 1 0
outer loop
vertex -9.75017260141259 19.50003103583303 29.249889470253468
vertex -9.75017260141259 19.50003103583303 26.000146103441423
vertex -12.999915968224636 19.50003103583303 26.000146103441423
endloop
endfacet
facet normal 0 1 0
outer loop
vertex -9.75017260141259 19.50003103583303 29.249889470253468
vertex -12.999915968224636 19.50003103583303 26.000146103441423
vertex -12.999915968224636 19.50003103583303 29.249889470253468
endloop
endfacet
facet normal 0 1 0
outer loop
vertex 12.999915968224636 19.50003103583303 29.249889470253468
vertex 12.999915968224636 19.50003103583303 26.000146103441423
vertex 9.75017260141259 19.50003103583303 26.000146103441423
endloop
endfacet
facet normal 0 1 0
outer loop
vertex 12.999915968224636 19.50003103583303 29.249889470253468
vertex 9.75017260141259 19.50003103583303 26.000146103441423
vertex 9.75017260141259 19.50003103583303 29.249889470253468
endloop
endfacet
facet normal 0 0 0.9999999999999999
outer loop
vertex -9.75017260141259 22.750088569637224 29.249889470253468
vertex -9.75017260141259 19.50003103583303 29.249889470253468
vertex 9.75017260141259 19.50003103583303 29.249889470253468
endloop
endfacet
facet normal 0 0 0.9999999999999999
outer loop
vertex -9.75017260141259 22.750088569637224 29.249889470253468
vertex 9.75017260141259 19.50003103583303 29.249889470253468
vertex 9.75017260141259 22.750088569637224 29.249889470253468
endloop
endfacet
facet normal 0 0 0.9999999999999999
outer loop
vertex 0 18.41678324689568 29.249889470253468
vertex 9.75017260141259 19.50003103583303 29.249889470253468
vertex -9.75017260141259 19.50003103583303 29.249889470253468
endloop
endfacet
facet normal 0 0 1
outer loop
vertex 0 18.41678324689568 29.249889470253468
vertex -9.75017260141259 19.50003103583303 29.249889470253468
vertex -12.999915968224636 19.50003103583303 29.249889470253468
endloop
endfacet
facet normal 0 0 1
outer loop
vertex 0 18.41678324689568 29.249889470253468
vertex -12.999915968224636 19.50003103583303 29.249889470253468
vertex -12.999915968224636 16.249973502028833 29.249889470253468
endloop
endfacet
facet normal 0 0 1
outer loop
vertex 0 18.41678324689568 29.249889470253468
vertex -12.999915968224636 16.249973502028833 29.249889470253468
vertex 12.999915968224636 16.249973502028833 29.249889470253468
endloop
endfacet
facet normal 0 0 1
outer loop
vertex 0 18.41678324689568 29.249889470253468
vertex 12.999915968224636 16.249973502028833 29.249889470253468
vertex 12.999915968224636 19.50003103583303 29.249889470253468
endloop
endfacet
facet normal 0 0 1
outer loop
vertex 0 18.41678324689568 29.249889470253468
vertex 12.999915968224636 19.50003103583303 29.249889470253468
vertex 9.75017260141259 19.50003103583303 29.249889470253468
endloop
endfacet
facet normal 0 0 0.9999999999999999
outer loop
vertex 0 15.166725713091484 29.249889470253468
vertex 12.999915968224636 16.249973502028833 29.249889470253468
vertex -12.999915968224636 16.249973502028833 29.249889470253468
endloop
endfacet
facet normal 0 0 1
outer loop
vertex 0 15.166725713091484 29.249889470253468
vertex -12.999915968224636 16.249973502028833 29.249889470253468
vertex -16.249973502028833 16.249973502028833 29.249889470253468
endloop
endfacet
facet normal 0 0 1
outer loop
vertex 0 15.166725713091484 29.249889470253468
vertex -16.249973502028833 16.249973502028833 29.249889470253468
vertex -16.249973502028833 12.999915968224636 29.249889470253468
endloop
endfacet
facet normal 0 0 1
outer loop
vertex 0 15.166725713091484 29.249889470253468
vertex -16.249973502028833 12.999915968224636 29.249889470253468
vertex 16.249973502028833 12.999915968224636 29.249889470253468
endloop
endfacet
facet normal 0 0 1
outer loop
vertex 0 15.166725713091484 29.249889470253468
vertex 16.249973502028833 12.999915968224636 29.249889470253468
vertex 16.249973502028833 16.249973502028833 29.249889470253468
endloop
endfacet
facet normal 0 0 1
outer loop
vertex 0 15.166725713091484 29.249889470253468
vertex 16.249973502028833 16.249973502028833 29.249889470253468
vertex 12.999915968224636 16.249973502028833 29.249889470253468
endloop
endfacet
facet normal 0 0 1
outer loop
vertex 0 11.916668179287287 29.249889470253468
vertex 16.249973502028833 12.999915968224636 29.249889470253468
vertex -16.249973502028833 12.999915968224636 29.249889470253468
endloop
endfacet
facet normal 0 0 1
outer loop
vertex 0 11.916668179287287 29.249889470253468
vertex -16.249973502028833 12.999915968224636 29.249889470253468
vertex -19.50003103583303 12.999915968224636 29.249889470253468
endloop
endfacet
facet normal 0 0 0.9999999999999999
outer loop
vertex 0 11.916668179287287 29.249889470253468
vertex -19.50003103583303 12.999915968224636 29.249889470253468
vertex -19.50003103583303 9.75017260141259 29.249889470253468
endloop
endfacet
facet normal 0 0 0.9999999999999999
outer loop
vertex 0 11.916668179287287 29.249889470253468
vertex -19.50003103583303 9.75017260141259 29.249889470253468
vertex 19.50003103583303 9.75017260141259 29.249889470253468
endloop
endfacet
facet normal 0 0 0.9999999999999999
outer loop
vertex 0 11.916668179287287 29.249889470253468
vertex 19.50003103583303 9.75017260141259 29.249889470253468
vertex 19.50003103583303 12.999915968224636 29.249889470253468
endloop
endfacet
facet normal 0 0 1
outer loop
vertex 0 11.916668179287287 29.249889470253468
vertex 19.50003103583303 12.999915968224636 29.249889470253468
vertex 16.249973502028833 12.999915968224636 29.249889470253468
endloop
endfacet
facet normal 0 0 1
outer loop
vertex 0 8.66692481247524 29.249889470253468
vertex 19.50003103583303 9.75017260141259 29.249889470253468
vertex -19.50003103583303 9.75017260141259 29.249889470253468
endloop
endfacet
facet normal 0 0 1
outer loop
vertex 0 8.66692481247524 29.249889470253468
vertex -19.50003103583303 9.75017260141259 29.249889470253468
vertex -22.749774402645073 9.75017260141259 29.249889470253468
endloop
endfacet
facet normal 0 0 1
outer loop
vertex 0 8.66692481247524 29.249889470253468
vertex -22.749774402645073 9.75017260141259 29.249889470253468
vertex -22.749774402645073 6.500115067608394 29.249889470253468
endloop
endfacet
facet normal 0 0 1
outer loop
vertex 0 8.66692481247524 29.249889470253468
vertex -22.749774402645073 6.500115067608394 29.249889470253468
vertex 22.749774402645073 6.500115067608394 29.249889470253468
endloop
endfacet
facet normal 0 0 1
outer loop
vertex 0 8.66692481247524 29.249889470253468
vertex 22.749774402645073 6.500115067608394 29.249889470253468
vertex 22.749774402645073 9.75017260141259 29.249889470253468
endloop
endfacet
facet normal 0 0 1
outer loop
vertex 0 8.66692481247524 29.249889470253468
vertex 22.749774402645073 9.75017260141259 29.249889470253468
vertex 19.50003103583303 9.75017260141259 29.249889470253468
endloop
endfacet
facet normal 0 0 1
outer loop
vertex 0 4.087626734879304 29.249889470253468
vertex 22.749774402645073 6.500115067608394 29.249889470253468
vertex -22.749774402645073 6.500115067608394 29.249889470253468
endloop
endfacet
facet normal 0 0 1
outer loop
vertex 0 4.087626734879304 29.249889470253468
vertex -22.749774402645073 6.500115067608394 29.249889470253468
vertex -22.750088569637224 6.500115067608394 29.249889470253468
endloop
endfacet
facet normal 0 0 1
outer loop
vertex 0 4.087626734879304 29.249889470253468
vertex -22.750088569637224 6.500115067608394 29.249889470253468
vertex -22.750088569637224 1.6751384021502151 29.249889470253468
endloop
endfacet
facet normal 0 0 0.9999999999999999
outer loop
vertex 0 4.087626734879304 29.249889470253468
vertex -22.750088569637224 1.6751384021502151 29.249889470253468
vertex -1.6751384021502151 1.6751384021502151 29.249889470253468
endloop
endfacet
facet normal 0 0 1
outer loop
vertex 0 4.087626734879304 29.249889470253468
vertex -1.6751384021502151 1.6751384021502151 29.249889470253468
vertex 1.6751384021502151 1.6751384021502151 29.249889470253468
endloop
endfacet
facet normal 0 0 0.9999999999999999
outer loop
vertex 0 4.087626734879304 29.249889470253468
vertex 1.6751384021502151 1.6751384021502151 29.249889470253468
vertex 22.750088569637224 1.6751384021502151 29.249889470253468
endloop
endfacet
facet normal 0 0 1
outer loop
vertex 0 4.087626734879304 29.249889470253468
vertex 22.750088569637224 1.6751384021502151 29.249889470253468
vertex 22.750088569637224 6.500115067608394 29.249889470253468
endloop
endfacet
facet normal 0 0 1
outer loop
vertex 0 4.087626734879304 29.249889470253468
vertex 22.750088569637224 6.500115067608394 29.249889470253468
vertex 22.749774402645073 6.500115067608394 29.249889470253468
endloop
endfacet
facet normal 0 0 1
outer loop
vertex 14.32004566924399 0.6701181942585164 29.249889470253468
vertex 1.6751384021502151 1.6751384021502151 29.249889470253468
vertex 1.6751384021502151 0 29.249889470253468
endloop
endfacet
facet normal 0 0 1
outer loop
vertex 14.32004566924399 0.6701181942585164 29.249889470253468
vertex 1.6751384021502151 0 29.249889470253468
vertex 22.749774402645073 0 29.249889470253468
endloop
endfacet
facet normal 0 0 1
outer loop
vertex 14.32004566924399 0.6701181942585164 29.249889470253468
vertex 22.749774402645073 0 29.249889470253468
vertex 22.750088569637224 0 29.249889470253468
endloop
endfacet
facet normal 0 0 1
outer loop
vertex 14.32004566924399 0.6701181942585164 29.249889470253468
vertex 22.750088569637224 0 29.249889470253468
vertex 22.750088569637224 1.6751384021502151 29.249889470253468
endloop
endfacet
facet normal 0 0 1
outer loop
vertex 14.32004566924399 0.6701181942585164 29.249889470253468
vertex 22.750088569637224 1.6751384021502151 29.249889470253468
vertex 1.6751384021502151 1.6751384021502151 29.249889470253468
endloop
endfacet
facet normal 0 0 1
outer loop
vertex -14.32004566924399 0.6701181942585164 29.249889470253468
vertex -22.750088569637224 1.6751384021502151 29.249889470253468
vertex -22.750088569637224 0 29.249889470253468
endloop
endfacet
facet normal 0 0 1
outer loop
vertex -14.32004566924399 0.6701181942585164 29.249889470253468
vertex -22.750088569637224 0 29.249889470253468
vertex -22.749774402645073 0 29.249889470253468
endloop
endfacet
facet normal 0 0 1
outer loop
vertex -14.32004566924399 0.6701181942585164 29.249889470253468
vertex -22.749774402645073 0 29.249889470253468
vertex -1.6751384021502151 0 29.249889470253468
endloop
endfacet
facet normal 0 0 1
outer loop
vertex -14.32004566924399 0.6701181942585164 29.249889470253468
vertex -1.6751384021502151 0 29.249889470253468
vertex -1.6751384021502151 1.6751384021502151 29.249889470253468
endloop
endfacet
facet normal 0 0 1
outer loop
vertex -14.32004566924399 0.6701181942585164 29.249889470253468
vertex -1.6751384021502151 1.6751384021502151 29.249889470253468
vertex -22.750088569637224 1.6751384021502151 29.249889470253468
endloop
endfacet
facet normal 0 0 1
outer loop
vertex 1.6751384021502151 0 29.249889470253468
vertex 1.6751384021502151 -1.6751384021502151 29.249889470253468
vertex 22.749774402645073 -1.6751384021502151 29.249889470253468
endloop
endfacet
facet normal 0 0 1
outer loop
vertex 1.6751384021502151 0 29.249889470253468
vertex 22.749774402645073 -1.6751384021502151 29.249889470253468
vertex 22.749774402645073 0 29.249889470253468
endloop
endfacet
facet normal 0 0 1
outer loop
vertex -22.749774402645073 0 29.249889470253468
vertex -22.749774402645073 -1.6751384021502151 29.249889470253468
vertex -1.6751384021502151 -1.6751384021502151 29.249889470253468
endloop
endfacet
facet normal 0 0 1
outer loop
vertex -22.749774402645073 0 29.249889470253468
vertex -1.6751384021502151 -1.6751384021502151 29.249889470253468
vertex -1.6751384021502151 0 29.249889470253468
endloop
endfacet
facet normal 0 0 1
outer loop
vertex 0 -2.200111446034876 29.249889470253468
vertex 1.6751384021502151 -1.6751384021502151 29.249889470253468
vertex -1.6751384021502151 -1.6751384021502151 29.249889470253468
endloop
endfacet
facet normal 0 0 1
outer loop
vertex 0 -2.200111446034876 29.249889470253468
vertex -1.6751384021502151 -1.6751384021502151 29.249889470253468
vertex -22.749774402645073 -1.6751384021502151 29.249889470253468
endloop
endfacet
facet normal 0 0 1
outer loop
vertex 0 -2.200111446034876 29.249889470253468
vertex -22.749774402645073 -1.6751384021502151 29.249889470253468
vertex -22.749774402645073 -3.250057533804197 29.249889470253468
endloop
endfacet
facet normal 0 0 1
outer loop
vertex 0 -2.200111446034876 29.249889470253468
vertex -22.749774402645073 -3.250057533804197 29.249889470253468
vertex 22.749774402645073 -3.250057533804197 29.249889470253468
endloop
endfacet
facet normal 0 0 1
outer loop
vertex 0 -2.200111446034876 29.249889470253468
vertex 22.749774402645073 -3.250057533804197 29.249889470253468
vertex 22.749774402645073 -1.6751384021502151 29.249889470253468
endloop
endfacet
facet normal 0 0 1
outer loop
vertex 0 -2.200111446034876 29.249889470253468
vertex 22.749774402645073 -1.6751384021502151 29.249889470253468
vertex 1.6751384021502151 -1.6751384021502151 29.249889470253468
endloop
endfacet
facet normal 0 0 1
outer loop
vertex 0 -6.500115067608394 29.249889470253468
vertex 22.749774402645073 -3.250057533804197 29.249889470253468
vertex -22.749774402645073 -3.250057533804197 29.249889470253468
endloop
endfacet
facet normal 0 0 1
outer loop
vertex 0 -6.500115067608394 29.249889470253468
vertex -22.749774402645073 -3.250057533804197 29.249889470253468
vertex -22.750088569637224 -3.250057533804197 29.249889470253468
endloop
endfacet
facet normal 0 0 1
outer loop
vertex 0 -6.500115067608394 29.249889470253468
vertex -22.750088569637224 -3.250057533804197 29.249889470253468
vertex -22.750088569637224 -9.75017260141259 29.249889470253468
endloop
endfacet
facet normal 0 0 1
outer loop
vertex 0 -6.500115067608394 29.249889470253468
vertex -22.750088569637224 -9.75017260141259 29.249889470253468
vertex -19.50003103583303 -9.75017260141259 29.249889470253468
endloop
endfacet
facet normal 0 0 0.9999999999999999
outer loop
vertex 0 -6.500115067608394 29.249889470253468
vertex -19.50003103583303 -9.75017260141259 29.249889470253468
vertex 19.50003103583303 -9.75017260141259 29.249889470253468
endloop
endfacet
facet normal 0 0 1
outer loop
vertex 0 -6.500115067608394 29.249889470253468
vertex 19.50003103583303 -9.75017260141259 29.249889470253468
vertex 22.750088569637224 -9.75017260141259 29.249889470253468
endloop
endfacet
facet normal 0 0 1
outer loop
vertex 0 -6.500115067608394 29.249889470253468
vertex 22.750088569637224 -9.75017260141259 29.249889470253468
vertex 22.750088569637224 -3.250057533804197 29.249889470253468
endloop
endfacet
facet normal 0 0 1
outer loop
vertex 0 -6.500115067608394 29.249889470253468
vertex 22.750088569637224 -3.250057533804197 29.249889470253468
vertex 22.749774402645073 -3.250057533804197 29.249889470253468
endloop
endfacet
facet normal 0 0 0.9999999999999999
outer loop
vertex 0 -11.916668179287287 29.249889470253468
vertex -19.50003103583303 -9.75017260141259 29.249889470253468
vertex -19.50003103583303 -12.999915968224636 29.249889470253468
endloop
endfacet
facet normal 0 0 1
outer loop
vertex 0 -11.916668179287287 29.249889470253468
vertex -19.50003103583303 -12.999915968224636 29.249889470253468
vertex -16.249973502028833 -12.999915968224636 29.249889470253468
endloop
endfacet
facet normal 0 0 1
outer loop
vertex 0 -11.916668179287287 29.249889470253468
vertex -16.249973502028833 -12.999915968224636 29.249889470253468
vertex 16.249973502028833 -12.999915968224636 29.249889470253468
endloop
endfacet
facet normal 0 0 1
outer loop
vertex 0 -11.916668179287287 29.249889470253468
vertex 16.249973502028833 -12.999915968224636 29.249889470253468
vertex 19.50003103583303 -12.999915968224636 29.249889470253468
endloop
endfacet
facet normal 0 0 0.9999999999999999
outer loop
vertex 0 -11.916668179287287 29.249889470253468
vertex 19.50003103583303 -12.999915968224636 29.249889470253468
vertex 19.50003103583303 -9.75017260141259 29.249889470253468
endloop
endfacet
facet normal 0 0 0.9999999999999999
outer loop
vertex 0 -11.916668179287287 29.249889470253468
vertex 19.50003103583303 -9.75017260141259 29.249889470253468
vertex -19.50003103583303 -9.75017260141259 29.249889470253468
endloop
endfacet
facet normal 0 0 1
outer loop
vertex 0 -15.166725713091484 29.249889470253468
vertex -16.249973502028833 -12.999915968224636 29.249889470253468
vertex -16.249973502028833 -16.249973502028833 29.249889470253468
endloop
endfacet
facet normal 0 0 1
outer loop
vertex 0 -15.166725713091484 29.249889470253468
vertex -16.249973502028833 -16.249973502028833 29.249889470253468
vertex -12.999915968224636 -16.249973502028833 29.249889470253468
endloop
endfacet
facet normal 0 0 0.9999999999999999
outer loop
vertex 0 -15.166725713091484 29.249889470253468
vertex -12.999915968224636 -16.249973502028833 29.249889470253468
vertex 12.999915968224636 -16.249973502028833 29.249889470253468
endloop
endfacet
facet normal 0 0 1
outer loop
vertex 0 -15.166725713091484 29.249889470253468
vertex 12.999915968224636 -16.249973502028833 29.249889470253468
vertex 16.249973502028833 -16.249973502028833 29.249889470253468
endloop
endfacet
facet normal 0 0 1
outer loop
vertex 0 -15.166725713091484 29.249889470253468
vertex 16.249973502028833 -16.249973502028833 29.249889470253468
vertex 16.249973502028833 -12.999915968224636 29.249889470253468
endloop
endfacet
facet normal 0 0 1
outer loop
vertex 0 -15.166725713091484 29.249889470253468
vertex 16.249973502028833 -12.999915968224636 29.249889470253468
vertex -16.249973502028833 -12.999915968224636 29.249889470253468
endloop
endfacet
facet normal 0 0 1
outer loop
vertex 0 -18.41678324689568 29.249889470253468
vertex -12.999915968224636 -16.249973502028833 29.249889470253468
vertex -12.999915968224636 -19.50003103583303 29.249889470253468
endloop
endfacet
facet normal 0 0 1
outer loop
vertex 0 -18.41678324689568 29.249889470253468
vertex -12.999915968224636 -19.50003103583303 29.249889470253468
vertex -9.75017260141259 -19.50003103583303 29.249889470253468
endloop
endfacet
facet normal 0 0 0.9999999999999999
outer loop
vertex 0 -18.41678324689568 29.249889470253468
vertex -9.75017260141259 -19.50003103583303 29.249889470253468
vertex 9.75017260141259 -19.50003103583303 29.249889470253468
endloop
endfacet
facet normal 0 0 1
outer loop
vertex 0 -18.41678324689568 29.249889470253468
vertex 9.75017260141259 -19.50003103583303 29.249889470253468
vertex 12.999915968224636 -19.50003103583303 29.249889470253468
endloop
endfacet
facet normal 0 0 1
outer loop
vertex 0 -18.41678324689568 29.249889470253468
vertex 12.999915968224636 -19.50003103583303 29.249889470253468
vertex 12.999915968224636 -16.249973502028833 29.249889470253468
endloop
endfacet
facet normal 0 0 1
outer loop
vertex 0 -18.41678324689568 29.249889470253468
vertex 12.999915968224636 -16.249973502028833 29.249889470253468
vertex -12.999915968224636 -16.249973502028833 29.249889470253468
endloop
endfacet
facet normal 0 0 0.9999999999999999
outer loop
vertex -9.75017260141259 -19.50003103583303 29.249889470253468
vertex -9.75017260141259 -22.750088569637224 29.249889470253468
vertex 9.75017260141259 -22.750088569637224 29.249889470253468
endloop
endfacet
facet normal 0 0 0.9999999999999999
outer loop
vertex -9.75017260141259 -19.50003103583303 29.249889470253468
vertex 9.75017260141259 -22.750088569637224 29.249889470253468
vertex 9.75017260141259 -19.50003103583303 29.249889470253468
endloop
endfacet
facet normal 0 0 -0.9999999999999999
outer loop
vertex 9.75017260141259 22.750088569637224 26.000146103441423
vertex 9.75017260141259 19.50003103583303 26.000146103441423
vertex -9.75017260141259 19.50003103583303 26.000146103441423
endloop
endfacet
facet normal 0 0 -0.9999999999999999
outer loop
vertex 9.75017260141259 22.750088569637224 26.000146103441423
vertex -9.75017260141259 19.50003103583303 26.000146103441423
vertex -9.75017260141259 22.750088569637224 26.000146103441423
endloop
endfacet
facet normal 0 0 -0.9999999999999999
outer loop
vertex 0 18.41678324689568 26.000146103441423
vertex -9.75017260141259 19.50003103583303 26.000146103441423
vertex 9.75017260141259 19.50003103583303 26.000146103441423
endloop
endfacet
facet normal 0 0 -1
outer loop
vertex 0 18.41678324689568 26.000146103441423
vertex 9.75017260141259 19.50003103583303 26.000146103441423
vertex 12.999915968224636 19.50003103583303 26.000146103441423
endloop
endfacet
facet normal 0 0 -1
outer loop
vertex 0 18.41678324689568 26.000146103441423
vertex 12.999915968224636 19.50003103583303 26.000146103441423
vertex 12.999915968224636 16.249973502028833 26.000146103441423
endloop
endfacet
facet normal 0 0 -1
outer loop
vertex 0 18.41678324689568 26.000146103441423
vertex 12.999915968224636 16.249973502028833 26.000146103441423
vertex -12.999915968224636 16.249973502028833 26.000146103441423
endloop
endfacet
facet normal 0 0 -1
outer loop
vertex 0 18.41678324689568 26.000146103441423
vertex -12.999915968224636 16.249973502028833 26.000146103441423
vertex -12.999915968224636 19.50003103583303 26.000146103441423
endloop
endfacet
facet normal 0 0 -1
outer loop
vertex 0 18.41678324689568 26.000146103441423
vertex -12.999915968224636 19.50003103583303 26.000146103441423
vertex -9.75017260141259 19.50003103583303 26.000146103441423
endloop
endfacet
facet normal 0 0 -0.9999999999999999
outer loop
vertex 0 15.166725713091484 26.000146103441423
vertex -12.999915968224636 16.249973502028833 26.000146103441423
vertex 12.999915968224636 16.249973502028833 26.000146103441423
endloop
endfacet
facet normal 0 0 -1
outer loop
vertex 0 15.166725713091484 26.000146103441423
vertex 12.999915968224636 16.249973502028833 26.000146103441423
vertex 16.249973502028833 16.249973502028833 26.000146103441423
endloop
endfacet
facet normal 0 0 -1
outer loop
vertex 0 15.166725713091484 26.000146103441423
vertex 16.249973502028833 16.249973502028833 26.000146103441423
vertex 16.249973502028833 12.999915968224636 26.000146103441423
endloop
endfacet
facet normal 0 0 -1
outer loop
vertex 0 15.166725713091484 26.000146103441423
vertex 16.249973502028833 12.999915968224636 26.000146103441423
vertex -16.249973502028833 12.999915968224636 26.000146103441423
endloop
endfacet
facet normal 0 0 -1
outer loop
vertex 0 15.166725713091484 26.000146103441423
vertex -16.249973502028833 12.999915968224636 26.000146103441423
vertex -16.249973502028833 16.249973502028833 26.000146103441423
endloop
endfacet
facet normal 0 0 -1
outer loop
vertex 0 15.166725713091484 26.000146103441423
vertex -16.249973502028833 16.249973502028833 26.000146103441423
vertex -12.999915968224636 16.249973502028833 26.000146103441423
endloop
endfacet
facet normal 0 0 -1
outer loop
vertex 0 11.916668179287287 26.000146103441423
vertex -16.249973502028833 12.999915968224636 26.000146103441423
vertex 16.249973502028833 12.999915968224636 26.000146103441423
endloop
endfacet
facet normal 0 0 -1
outer loop
vertex 0 11.916668179287287 26.000146103441423
vertex 16.249973502028833 12.999915968224636 26.000146103441423
vertex 19.50003103583303 12.999915968224636 26.000146103441423
endloop
endfacet
facet normal 0 0 -0.9999999999999999
outer loop
vertex 0 11.916668179287287 26.000146103441423
vertex 19.50003103583303 12.999915968224636 26.000146103441423
vertex 19.50003103583303 9.75017260141259 26.000146103441423
endloop
endfacet
facet normal 0 0 -0.9999999999999999
outer loop
vertex 0 11.916668179287287 26.000146103441423
vertex 19.50003103583303 9.75017260141259 26.000146103441423
vertex -19.50003103583303 9.75017260141259 26.000146103441423
endloop
endfacet
facet normal 0 0 -0.9999999999999999
outer loop
vertex 0 11.916668179287287 26.000146103441423
vertex -19.50003103583303 9.75017260141259 26.000146103441423
vertex -19.50003103583303 12.999915968224636 26.000146103441423
endloop
endfacet
facet normal 0 0 -1
outer loop
vertex 0 11.916668179287287 26.000146103441423
vertex -19.50003103583303 12.999915968224636 26.000146103441423
vertex -16.249973502028833 12.999915968224636 26.000146103441423
endloop
endfacet
facet normal 0 0 -1
outer loop
vertex 0 8.66692481247524 26.000146103441423
vertex -19.50003103583303 9.75017260141259 26.000146103441423
vertex 19.50003103583303 9.75017260141259 26.000146103441423
endloop
endfacet
facet normal 0 0 -1
outer loop
vertex 0 8.66692481247524 26.000146103441423
vertex 19.50003103583303 9.75017260141259 26.000146103441423
vertex 22.749774402645073 9.75017260141259 26.000146103441423
endloop
endfacet
facet normal 0 0 -1
outer loop
vertex 0 8.66692481247524 26.000146103441423
vertex 22.749774402645073 9.75017260141259 26.000146103441423
vertex 22.749774402645073 6.500115067608394 26.000146103441423
endloop
endfacet
facet normal 0 0 -1
outer loop
vertex 0 8.66692481247524 26.000146103441423
vertex 22.749774402645073 6.500115067608394 26.000146103441423
vertex -22.749774402645073 6.500115067608394 26.000146103441423
endloop
endfacet
facet normal 0 0 -1
outer loop
vertex 0 8.66692481247524 26.000146103441423
vertex -22.749774402645073 6.500115067608394 26.000146103441423
vertex -22.749774402645073 9.75017260141259 26.000146103441423
endloop
endfacet
facet normal 0 0 -1
outer loop
vertex 0 8.66692481247524 26.000146103441423
vertex -22.749774402645073 9.75017260141259 26.000146103441423
vertex -19.50003103583303 9.75017260141259 26.000146103441423
endloop
endfacet
facet normal 0 0 -1
outer loop
vertex 0 4.087626734879304 26.000146103441423
vertex -22.749774402645073 6.500115067608394 26.000146103441423
vertex 22.749774402645073 6.500115067608394 26.000146103441423
endloop
endfacet
facet normal 0 0 -1
outer loop
vertex 0 4.087626734879304 26.000146103441423
vertex 22.749774402645073 6.500115067608394 26.000146103441423
vertex 22.750088569637224 6.500115067608394 26.000146103441423
endloop
endfacet
facet normal 0 0 -1
outer loop
vertex 0 4.087626734879304 26.000146103441423
vertex 22.750088569637224 6.500115067608394 26.000146103441423
vertex 22.750088569637224 1.6751384021502151 26.000146103441423
endloop
endfacet
facet normal 0 0 -0.9999999999999999
outer loop
vertex 0 4.087626734879304 26.000146103441423
vertex 22.750088569637224 1.6751384021502151 26.000146103441423
vertex 1.6751384021502151 1.6751384021502151 26.000146103441423
endloop
endfacet
facet normal 0 0 -1
outer loop
vertex 0 4.087626734879304 26.000146103441423
vertex 1.6751384021502151 1.6751384021502151 26.000146103441423
vertex -1.6751384021502151 1.6751384021502151 26.000146103441423
endloop
endfacet
facet normal 0 0 -0.9999999999999999
outer loop
vertex 0 4.087626734879304 26.000146103441423
vertex -1.6751384021502151 1.6751384021502151 26.000146103441423
vertex -22.750088569637224 1.6751384021502151 26.000146103441423
endloop
endfacet
facet normal 0 0 -1
outer loop
vertex 0 4.087626734879304 26.000146103441423
vertex -22.750088569637224 1.6751384021502151 26.000146103441423
vertex -22.750088569637224 6.500115067608394 26.000146103441423
endloop
endfacet
facet normal 0 0 -1
outer loop
vertex 0 4.087626734879304 26.000146103441423
vertex -22.750088569637224 6.500115067608394 26.000146103441423
vertex -22.749774402645073 6.500115067608394 26.000146103441423
endloop
endfacet
facet normal 0 0 -1
outer loop
vertex -14.32004566924399 0.6701181942585164 26.000146103441423
vertex -1.6751384021502151 1.6751384021502151 26.000146103441423
vertex -1.6751384021502151 0 26.000146103441423
endloop
endfacet
facet normal 0 0 -1
outer loop
vertex -14.32004566924399 0.6701181942585164 26.000146103441423
vertex -1.6751384021502151 0 26.000146103441423
vertex -22.749774402645073 0 26.000146103441423
endloop
endfacet
facet normal 0 0 -1
outer loop
vertex -14.32004566924399 0.6701181942585164 26.000146103441423
vertex -22.749774402645073 0 26.000146103441423
vertex -22.750088569637224 0 26.000146103441423
endloop
endfacet
facet normal 0 0 -1
outer loop
vertex -14.32004566924399 0.6701181942585164 26.000146103441423
vertex -22.750088569637224 0 26.000146103441423
vertex -22.750088569637224 1.6751384021502151 26.000146103441423
endloop
endfacet
facet normal 0 0 -1
outer loop
vertex -14.32004566924399 0.6701181942585164 26.000146103441423
vertex -22.750088569637224 1.6751384021502151 26.000146103441423
vertex -1.6751384021502151 1.6751384021502151 26.000146103441423
endloop
endfacet
facet normal 0 0 -1
outer loop
vertex 14.32004566924399 0.6701181942585164 26.000146103441423
vertex 22.750088569637224 1.6751384021502151 26.000146103441423
vertex 22.750088569637224 0 26.000146103441423
endloop
endfacet
facet normal 0 0 -1
outer loop
vertex 14.32004566924399 0.6701181942585164 26.000146103441423
vertex 22.750088569637224 0 26.000146103441423
vertex 22.749774402645073 0 26.000146103441423
endloop
endfacet
facet normal 0 0 -1
outer loop
vertex 14.32004566924399 0.6701181942585164 26.000146103441423
vertex 22.749774402645073 0 26.000146103441423
vertex 1.6751384021502151 0 26.000146103441423
endloop
endfacet
facet normal 0 0 -1
outer loop
vertex 14.32004566924399 0.6701181942585164 26.000146103441423
vertex 1.6751384021502151 0 26.000146103441423
vertex 1.6751384021502151 1.6751384021502151 26.000146103441423
endloop
endfacet
facet normal 0 0 -1
outer loop
vertex 14.32004566924399 0.6701181942585164 26.000146103441423
vertex 1.6751384021502151 1.6751384021502151 26.000146103441423
vertex 22.750088569637224 1.6751384021502151 26.000146103441423
endloop
endfacet
facet normal 0 0 -1
outer loop
vertex -1.6751384021502151 0 26.000146103441423
vertex -1.6751384021502151 -1.6751384021502151 26.000146103441423
vertex -22.749774402645073 -1.6751384021502151 26.000146103441423
endloop
endfacet
facet normal 0 0 -1
outer loop
vertex -1.6751384021502151 0 26.000146103441423
vertex -22.749774402645073 -1.6751384021502151 26.000146103441423
vertex -22.749774402645073 0 26.000146103441423
endloop
endfacet
facet normal 0 0 -1
outer loop
vertex 22.749774402645073 0 26.000146103441423
vertex 22.749774402645073 -1.6751384021502151 26.000146103441423
vertex 1.6751384021502151 -1.6751384021502151 26.000146103441423
endloop
endfacet
facet normal 0 0 -1
outer loop
vertex 22.749774402645073 0 26.000146103441423
vertex 1.6751384021502151 -1.6751384021502151 26.000146103441423
vertex 1.6751384021502151 0 26.000146103441423
endloop
endfacet
facet normal 0 0 -1
outer loop
vertex 0 -2.200111446034876 26.000146103441423
vertex -1.6751384021502151 -1.6751384021502151 26.000146103441423
vertex 1.6751384021502151 -1.6751384021502151 26.000146103441423
endloop
endfacet
facet normal 0 0 -1
outer loop
vertex 0 -2.200111446034876 26.000146103441423
vertex 1.6751384021502151 -1.6751384021502151 26.000146103441423
vertex 22.749774402645073 -1.6751384021502151 26.000146103441423
endloop
endfacet
facet normal 0 0 -1
outer loop
vertex 0 -2.200111446034876 26.000146103441423
vertex 22.749774402645073 -1.6751384021502151 26.000146103441423
vertex 22.749774402645073 -3.250057533804197 26.000146103441423
endloop
endfacet
facet normal 0 0 -1
outer loop
vertex 0 -2.200111446034876 26.000146103441423
vertex 22.749774402645073 -3.250057533804197 26.000146103441423
vertex -22.749774402645073 -3.250057533804197 26.000146103441423
endloop
endfacet
facet normal 0 0 -1
outer loop
vertex 0 -2.200111446034876 26.000146103441423
vertex -22.749774402645073 -3.250057533804197 26.000146103441423
vertex -22.749774402645073 -1.6751384021502151 26.000146103441423
endloop
endfacet
facet normal 0 0 -1
outer loop
vertex 0 -2.200111446034876 26.000146103441423
vertex -22.749774402645073 -1.6751384021502151 26.000146103441423
vertex -1.6751384021502151 -1.6751384021502151 26.000146103441423
endloop
endfacet
facet normal 0 0 -1
outer loop
vertex 0 -6.500115067608394 26.000146103441423
vertex -22.749774402645073 -3.250057533804197 26.000146103441423
vertex 22.749774402645073 -3.250057533804197 26.000146103441423
endloop
endfacet
facet normal 0 0 -1
outer loop
vertex 0 -6.500115067608394 26.000146103441423
vertex 22.749774402645073 -3.250057533804197 26.000146103441423
vertex 22.750088569637224 -3.250057533804197 26.000146103441423
endloop
endfacet
facet normal 0 0 -1
outer loop
vertex 0 -6.500115067608394 26.000146103441423
vertex 22.750088569637224 -3.250057533804197 26.000146103441423
vertex 22.750088569637224 -9.75017260141259 26.000146103441423
endloop
endfacet
facet normal 0 0 -1
outer loop
vertex 0 -6.500115067608394 26.000146103441423
vertex 22.750088569637224 -9.75017260141259 26.000146103441423
vertex 19.50003103583303 -9.75017260141259 26.000146103441423
endloop
endfacet
facet normal 0 0 -0.9999999999999999
outer loop
vertex 0 -6.500115067608394 26.000146103441423
vertex 19.50003103583303 -9.75017260141259 26.000146103441423
vertex -19.50003103583303 -9.75017260141259 26.000146103441423
endloop
endfacet
facet normal 0 0 -1
outer loop
vertex 0 -6.500115067608394 26.000146103441423
vertex -19.50003103583303 -9.75017260141259 26.000146103441423
vertex -22.750088569637224 -9.75017260141259 26.000146103441423
endloop
endfacet
facet normal 0 0 -1
outer loop
vertex 0 -6.500115067608394 26.000146103441423
vertex -22.750088569637224 -9.75017260141259 26.000146103441423
vertex -22.750088569637224 -3.250057533804197 26.000146103441423
endloop
endfacet
facet normal 0 0 -1
outer loop
vertex 0 -6.500115067608394 26.000146103441423
vertex -22.750088569637224 -3.250057533804197 26.000146103441423
vertex -22.749774402645073 -3.250057533804197 26.000146103441423
endloop
endfacet
facet normal 0 0 -0.9999999999999999
outer loop
vertex 0 -11.916668179287287 26.000146103441423
vertex 19.50003103583303 -9.75017260141259 26.000146103441423
vertex 19.50003103583303 -12.999915968224636 26.000146103441423
endloop
endfacet
facet normal 0 0 -1
outer loop
vertex 0 -11.916668179287287 26.000146103441423
vertex 19.50003103583303 -12.999915968224636 26.000146103441423
vertex 16.249973502028833 -12.999915968224636 26.000146103441423
endloop
endfacet
facet normal 0 0 -1
outer loop
vertex 0 -11.916668179287287 26.000146103441423
vertex 16.249973502028833 -12.999915968224636 26.000146103441423
vertex -16.249973502028833 -12.999915968224636 26.000146103441423
endloop
endfacet
facet normal 0 0 -1
outer loop
vertex 0 -11.916668179287287 26.000146103441423
vertex -16.249973502028833 -12.999915968224636 26.000146103441423
vertex -19.50003103583303 -12.999915968224636 26.000146103441423
endloop
endfacet
facet normal 0 0 -0.9999999999999999
outer loop
vertex 0 -11.916668179287287 26.000146103441423
vertex -19.50003103583303 -12.999915968224636 26.000146103441423
vertex -19.50003103583303 -9.75017260141259 26.000146103441423
endloop
endfacet
facet normal 0 0 -0.9999999999999999
outer loop
vertex 0 -11.916668179287287 26.000146103441423
vertex -19.50003103583303 -9.75017260141259 26.000146103441423
vertex 19.50003103583303 -9.75017260141259 26.000146103441423
endloop
endfacet
facet normal 0 0 -1
outer loop
vertex 0 -15.166725713091484 26.000146103441423
vertex 16.249973502028833 -12.999915968224636 26.000146103441423
vertex 16.249973502028833 -16.249973502028833 26.000146103441423
endloop
endfacet
facet normal 0 0 -1
outer loop
vertex 0 -15.166725713091484 26.000146103441423
vertex 16.249973502028833 -16.249973502028833 26.000146103441423
vertex 12.999915968224636 -16.249973502028833 26.000146103441423
endloop
endfacet
facet normal 0 0 -0.9999999999999999
outer loop
vertex 0 -15.166725713091484 26.000146103441423
vertex 12.999915968224636 -16.249973502028833 26.000146103441423
vertex -12.999915968224636 -16.249973502028833 26.000146103441423
endloop
endfacet
facet normal 0 0 -1
outer loop
vertex 0 -15.166725713091484 26.000146103441423
vertex -12.999915968224636 -16.249973502028833 26.000146103441423
vertex -16.249973502028833 -16.249973502028833 26.000146103441423
endloop
endfacet
facet normal 0 0 -1
outer loop
vertex 0 -15.166725713091484 26.000146103441423
vertex -16.249973502028833 -16.249973502028833 26.000146103441423
vertex -16.249973502028833 -12.999915968224636 26.000146103441423
endloop
endfacet
facet normal 0 0 -1
outer loop
vertex 0 -15.166725713091484 26.000146103441423
vertex -16.249973502028833 -12.999915968224636 26.000146103441423
vertex 16.249973502028833 -12.999915968224636 26.000146103441423
endloop
endfacet
facet normal 0 0 -1
outer loop
vertex 0 -18.41678324689568 26.000146103441423
vertex 12.999915968224636 -16.249973502028833 26.000146103441423
vertex 12.999915968224636 -19.50003103583303 26.000146103441423
endloop
endfacet
facet normal 0 0 -1
outer loop
vertex 0 -18.41678324689568 26.000146103441423
vertex 12.999915968224636 -19.50003103583303 26.000146103441423
vertex 9.75017260141259 -19.50003103583303 26.000146103441423
endloop
endfacet
facet normal 0 0 -0.9999999999999999
outer loop
vertex 0 -18.41678324689568 26.000146103441423
vertex 9.75017260141259 -19.50003103583303 26.000146103441423
vertex -9.75017260141259 -19.50003103583303 26.000146103441423
endloop
endfacet
facet normal 0 0 -1
outer loop
vertex 0 -18.41678324689568 26.000146103441423
vertex -9.75017260141259 -19.50003103583303 26.000146103441423
vertex -12.999915968224636 -19.50003103583303 26.000146103441423
endloop
endfacet
facet normal 0 0 -1
outer loop
vertex 0 -18.41678324689568 26.000146103441423
vertex -12.999915968224636 -19.50003103583303 26.000146103441423
vertex -12.999915968224636 -16.249973502028833 26.000146103441423
endloop
endfacet
facet normal 0 0 -1
outer loop
vertex 0 -18.41678324689568 26.000146103441423
vertex -12.999915968224636 -16.249973502028833 26.000146103441423
vertex 12.999915968224636 -16.249973502028833 26.000146103441423
endloop
endfacet
facet normal 0 0 -0.9999999999999999
outer loop
vertex 9.75017260141259 -19.50003103583303 26.000146103441423
vertex 9.75017260141259 -22.750088569637224 26.000146103441423
vertex -9.75017260141259 -22.750088569637224 26.000146103441423
endloop
endfacet
facet normal 0 0 -0.9999999999999999
outer loop
vertex 9.75017260141259 -19.50003103583303 26.000146103441423
vertex -9.75017260141259 -22.750088569637224 26.000146103441423
vertex -9.75017260141259 -19.50003103583303 26.000146103441423
endloop
endfacet
facet normal 1 0 0
outer loop
vertex -1.6751384021502151 0 27.625017786847444
vertex -1.6751384021502151 0 26.000146103441423
vertex -1.6751384021502151 1.6751384021502151 26.000146103441423
endloop
endfacet
facet normal 1 0 0
outer loop
vertex -1.6751384021502151 0 27.625017786847444
vertex -1.6751384021502151 1.6751384021502151 26.000146103441423
vertex -1.6751384021502151 1.6751384021502151 29.249889470253468
endloop
endfacet
facet normal 0.9999999999999999 0 0
outer loop
vertex -1.6751384021502151 0 27.625017786847444
vertex -1.6751384021502151 1.6751384021502151 29.249889470253468
vertex -1.6751384021502151 0 29.249889470253468
endloop
endfacet
facet normal 0.9999999999999999 0 0
outer loop
vertex -1.6751384021502151 0 27.625017786847444
vertex -1.6751384021502151 0 29.249889470253468
vertex -1.6751384021502151 -1.6751384021502151 29.249889470253468
endloop
endfacet
facet normal 1 0 0
outer loop
vertex -1.6751384021502151 0 27.625017786847444
vertex -1.6751384021502151 -1.6751384021502151 29.249889470253468
vertex -1.6751384021502151 -1.6751384021502151 26.000146103441423
endloop
endfacet
facet normal 1 0 0
outer loop
vertex -1.6751384021502151 0 27.625017786847444
vertex -1.6751384021502151 -1.6751384021502151 26.000146103441423
vertex -1.6751384021502151 0 26.000146103441423
endloop
endfacet
facet normal -1 0 0
outer loop
vertex 1.6751384021502151 0 27.625017786847444
vertex 1.6751384021502151 0 26.000146103441423
vertex 1.6751384021502151 -1.6751384021502151 26.000146103441423
endloop
endfacet
facet normal -1 0 0
outer loop
vertex 1.6751384021502151 0 27.625017786847444
vertex 1.6751384021502151 -1.6751384021502151 26.000146103441423
vertex 1.6751384021502151 -1.6751384021502151 29.249889470253468
endloop
endfacet
facet normal -0.9999999999999999 0 0
outer loop
vertex 1.6751384021502151 0 27.625017786847444
vertex 1.6751384021502151 -1.6751384021502151 29.249889470253468
vertex 1.6751384021502151 0 29.249889470253468
endloop
endfacet
facet normal -0.9999999999999999 0 0
outer loop
vertex 1.6751384021502151 0 27.625017786847444
vertex 1.6751384021502151 0 29.249889470253468
vertex 1.6751384021502151 1.6751384021502151 29.249889470253468
endloop
endfacet
facet normal -1 0 0
outer loop
vertex 1.6751384021502151 0 27.625017786847444
vertex 1.6751384021502151 1.6751384021502151 29.249889470253468
vertex 1.6751384021502151 1.6751384021502151 26.000146103441423
endloop
endfacet
facet normal -1 0 0
outer loop
vertex 1.6751384021502151 0 27.625017786847444
vertex 1.6751384021502151 1.6751384021502151 26.000146103441423
vertex 1.6751384021502151 0 26.000146103441423
endloop
endfacet
facet normal 0 1 0
outer loop
vertex -1.6751384021502151 -1.6751384021502151 26.000146103441423
vertex -1.6751384021502151 -1.6751384021502151 29.249889470253468
vertex 1.6751384021502151 -1.6751384021502151 29.249889470253468
endloop
endfacet
facet normal 0 1 0
outer loop
vertex -1.6751384021502151 -1.6751384021502151 26.000146103441423
vertex 1.6751384021502151 -1.6751384021502151 29.249889470253468
vertex 1.6751384021502151 -1.6751384021502151 26.000146103441423
endloop
endfacet
facet normal 0 -1 0
outer loop
vertex 1.6751384021502151 1.6751384021502151 26.000146103441423
vertex 1.6751384021502151 1.6751384021502151 29.249889470253468
vertex -1.6751384021502151 1.6751384021502151 29.249889470253468
endloop
endfacet
facet normal 0 -1 0
outer loop
vertex 1.6751384021502151 1.6751384021502151 26.000146103441423
vertex -1.6751384021502151 1.6751384021502151 29.249889470253468
vertex -1.6751384021502151 1.6751384021502151 26.000146103441423
endloop
endfacet
facet normal -1 0 0
outer loop
vertex -22.750071585443894 0 30.875052270708483
vertex -22.750071585443894 -1.675137151567195 32.499922741058356
vertex -22.750071585443894 1.675137151567195 32.499922741058356
endloop
endfacet
facet normal -1 0 0
outer loop
vertex -22.750071585443894 0 30.875052270708483
vertex -22.750071585443894 1.675137151567195 32.499922741058356
vertex -22.750071585443894 6.500110214914715 32.499922741058356
endloop
endfacet
facet normal -0.9999999999999999 0 0
outer loop
vertex -22.750071585443894 0 30.875052270708483
vertex -22.750071585443894 6.500110214914715 32.499922741058356
vertex -22.750071585443894 6.500110214914715 29.249867633601003
endloop
endfacet
facet normal -1 0 0
outer loop
vertex -22.750071585443894 0 30.875052270708483
vertex -22.750071585443894 6.500110214914715 29.249867633601003
vertex -22.750071585443894 1.675137151567195 29.249867633601003
endloop
endfacet
facet normal -1 0 0
outer loop
vertex -22.750071585443894 0 30.875052270708483
vertex -22.750071585443894 1.675137151567195 29.249867633601003
vertex -22.750071585443894 -1.675137151567195 29.249867633601003
endloop
endfacet
facet normal -1 0 0
outer loop
vertex -22.750071585443894 0 30.875052270708483
vertex -22.750071585443894 -1.675137151567195 29.249867633601003
vertex -22.750071585443894 -6.500110214914715 29.249867633601003
endloop
endfacet
facet normal -0.9999999999999999 0 0
outer loop
vertex -22.750071585443894 0 30.875052270708483
vertex -22.750071585443894 -6.500110214914715 29.249867633601003
vertex -22.750071585443894 -6.500110214914715 32.499922741058356
endloop
endfacet
facet normal -1 0 0
outer loop
vertex -22.750071585443894 0 30.875052270708483
vertex -22.750071585443894 -6.500110214914715 32.499922741058356
vertex -22.750071585443894 -1.675137151567195 32.499922741058356
endloop
endfacet
facet normal 1 0 0
outer loop
vertex 22.750071585443894 0 30.875052270708483
vertex 22.750071585443894 1.675137151567195 32.499922741058356
vertex 22.750071585443894 -1.675137151567195 32.499922741058356
endloop
endfacet
facet normal 1 0 0
outer loop
vertex 22.750071585443894 0 30.875052270708483
vertex 22.750071585443894 -1.675137151567195 32.499922741058356
vertex 22.750071585443894 -6.500110214914715 32.499922741058356
endloop
endfacet
facet normal 0.9999999999999999 0 0
outer loop
vertex 22.750071585443894 0 30.875052270708483
vertex 22.750071585443894 -6.500110214914715 32.499922741058356
vertex 22.750071585443894 -6.500110214914715 29.249867633601003
endloop
endfacet
facet normal 1 0 0
outer loop
vertex 22.750071585443894 0 30.875052270708483
vertex 22.750071585443894 -6.500110214914715 29.249867633601003
vertex 22.750071585443894 -1.675137151567195 29.249867633601003
endloop
endfacet
facet normal 1 0 0
outer loop
vertex 22.750071585443894 0 30.875052270708483
vertex 22.750071585443894 -1.675137151567195 29.249867633601003
vertex 22.750071585443894 1.675137151567195 29.249867633601003
endloop
endfacet
facet normal 1 0 0
outer loop
vertex 22.750071585443894 0 30.875052270708483
vertex 22.750071585443894 1.675137151567195 29.249867633601003
vertex 22.750071585443894 6.500110214914715 29.249867633601003
endloop
endfacet
facet normal 0.9999999999999999 0 0
outer loop
vertex 22.750071585443894 0 30.875052270708483
vertex 22.750071585443894 6.500110214914715 29.249867633601003
vertex 22.750071585443894 6.500110214914715 32.499922741058356
endloop
endfacet
facet normal 1 0 0
outer loop
vertex 22.750071585443894 0 30.875052270708483
vertex 22.750071585443894 6.500110214914715 32.499922741058356
vertex 22.750071585443894 1.675137151567195 32.499922741058356
endloop
endfacet
facet normal 0 1 0
outer loop
vertex -19.500016477986538 6.500110214914715 32.499922741058356
vertex -19.500016477986538 6.500110214914715 29.249867633601003
vertex -22.750071585443894 6.500110214914715 29.249867633601003
endloop
endfacet
facet normal 0 1 0
outer loop
vertex -19.500016477986538 6.500110214914715 32.499922741058356
vertex -22.750071585443894 6.500110214914715 29.249867633601003
vertex -22.750071585443894 6.500110214914715 32.499922741058356
endloop
endfacet
facet normal 0 1 0
outer loop
vertex 22.750071585443894 6.500110214914715 32.499922741058356
vertex 22.750071585443894 6.500110214914715 29.249867633601003
vertex 19.500016477986538 6.500110214914715 29.249867633601003
endloop
endfacet
facet normal 0 1 0
outer loop
vertex 22.750071585443894 6.500110214914715 32.499922741058356
vertex 19.500016477986538 6.500110214914715 29.249867633601003
vertex 19.500016477986538 6.500110214914715 32.499922741058356
endloop
endfacet
facet normal 0 -1 0
outer loop
vertex 19.500330644744146 -6.500110214914715 32.499922741058356
vertex 19.500330644744146 -6.500110214914715 29.249867633601003
vertex 22.750071585443894 -6.500110214914715 29.249867633601003
endloop
endfacet
facet normal 0 -1 0
outer loop
vertex 19.500330644744146 -6.500110214914715 32.499922741058356
vertex 22.750071585443894 -6.500110214914715 29.249867633601003
vertex 22.750071585443894 -6.500110214914715 32.499922741058356
endloop
endfacet
facet normal 0 -1 0
outer loop
vertex -22.750071585443894 -6.500110214914715 32.499922741058356
vertex -22.750071585443894 -6.500110214914715 29.249867633601003
vertex -19.500330644744146 -6.500110214914715 29.249867633601003
endloop
endfacet
facet normal 0 -1 0
outer loop
vertex -22.750071585443894 -6.500110214914715 32.499922741058356
vertex -19.500330644744146 -6.500110214914715 29.249867633601003
vertex -19.500330644744146 -6.500110214914715 32.499922741058356
endloop
endfacet
facet normal -1 0 0
outer loop
vertex -19.500330644744146 -6.500110214914715 32.499922741058356
vertex -19.500330644744146 -6.500110214914715 29.249867633601003
vertex -19.500330644744146 -9.750165322372073 29.249867633601003
endloop
endfacet
facet normal -1 0 0
outer loop
vertex -19.500330644744146 -6.500110214914715 32.499922741058356
vertex -19.500330644744146 -9.750165322372073 29.249867633601003
vertex -19.500330644744146 -9.750165322372073 32.499922741058356
endloop
endfacet
facet normal 1 0 0
outer loop
vertex 19.500330644744146 -9.750165322372073 32.499922741058356
vertex 19.500330644744146 -9.750165322372073 29.249867633601003
vertex 19.500330644744146 -6.500110214914715 29.249867633601003
endloop
endfacet
facet normal 1 0 0
outer loop
vertex 19.500330644744146 -9.750165322372073 32.499922741058356
vertex 19.500330644744146 -6.500110214914715 29.249867633601003
vertex 19.500330644744146 -6.500110214914715 32.499922741058356
endloop
endfacet
facet normal -1 0 0
outer loop
vertex -19.500016477986538 -9.750165322372073 32.499922741058356
vertex -19.500016477986538 -9.750165322372073 29.249867633601003
vertex -19.500016477986538 -12.999906263071821 29.249867633601003
endloop
endfacet
facet normal -1 0 0
outer loop
vertex -19.500016477986538 -9.750165322372073 32.499922741058356
vertex -19.500016477986538 -12.999906263071821 29.249867633601003
vertex -19.500016477986538 -12.999906263071821 32.499922741058356
endloop
endfacet
facet normal -1 0 0
outer loop
vertex -19.500016477986538 12.999906263071821 32.499922741058356
vertex -19.500016477986538 12.999906263071821 29.249867633601003
vertex -19.500016477986538 6.500110214914715 29.249867633601003
endloop
endfacet
facet normal -1 0 0
outer loop
vertex -19.500016477986538 12.999906263071821 32.499922741058356
vertex -19.500016477986538 6.500110214914715 29.249867633601003
vertex -19.500016477986538 6.500110214914715 32.499922741058356
endloop
endfacet
facet normal 1 0 0
outer loop
vertex 19.500016477986538 6.500110214914715 32.499922741058356
vertex 19.500016477986538 6.500110214914715 29.249867633601003
vertex 19.500016477986538 12.999906263071821 29.249867633601003
endloop
endfacet
facet normal 1 0 0
outer loop
vertex 19.500016477986538 6.500110214914715 32.499922741058356
vertex 19.500016477986538 12.999906263071821 29.249867633601003
vertex 19.500016477986538 12.999906263071821 32.499922741058356
endloop
endfacet
facet normal 1 0 0
outer loop
vertex 19.500016477986538 -12.999906263071821 32.499922741058356
vertex 19.500016477986538 -12.999906263071821 29.249867633601003
vertex 19.500016477986538 -9.750165322372073 29.249867633601003
endloop
endfacet
facet normal 1 0 0
outer loop
vertex 19.500016477986538 -12.999906263071821 32.499922741058356
vertex 19.500016477986538 -9.750165322372073 29.249867633601003
vertex 19.500016477986538 -9.750165322372073 32.499922741058356
endloop
endfacet
facet normal 0 -1 0
outer loop
vertex 19.500016477986538 -9.750165322372073 32.499922741058356
vertex 19.500016477986538 -9.750165322372073 29.249867633601003
vertex 19.500330644744146 -9.750165322372073 29.249867633601003
endloop
endfacet
facet normal 0 -1 0
outer loop
vertex 19.500016477986538 -9.750165322372073 32.499922741058356
vertex 19.500330644744146 -9.750165322372073 29.249867633601003
vertex 19.500330644744146 -9.750165322372073 32.499922741058356
endloop
endfacet
facet normal 0 -1 0
outer loop
vertex -19.500330644744146 -9.750165322372073 32.499922741058356
vertex -19.500330644744146 -9.750165322372073 29.249867633601003
vertex -19.500016477986538 -9.750165322372073 29.249867633601003
endloop
endfacet
facet normal 0 -1 0
outer loop
vertex -19.500330644744146 -9.750165322372073 32.499922741058356
vertex -19.500016477986538 -9.750165322372073 29.249867633601003
vertex -19.500016477986538 -9.750165322372073 32.499922741058356
endloop
endfacet
facet normal 0 -1 0
outer loop
vertex 16.249961370529178 -12.999906263071821 32.499922741058356
vertex 16.249961370529178 -12.999906263071821 29.249867633601003
vertex 19.500016477986538 -12.999906263071821 29.249867633601003
endloop
endfacet
facet normal 0 -1 0
outer loop
vertex 16.249961370529178 -12.999906263071821 32.499922741058356
vertex 19.500016477986538 -12.999906263071821 29.249867633601003
vertex 19.500016477986538 -12.999906263071821 32.499922741058356
endloop
endfacet
facet normal 0 -1 0
outer loop
vertex -19.500016477986538 -12.999906263071821 32.499922741058356
vertex -19.500016477986538 -12.999906263071821 29.249867633601003
vertex -16.249961370529178 -12.999906263071821 29.249867633601003
endloop
endfacet
facet normal 0 -1 0
outer loop
vertex -19.500016477986538 -12.999906263071821 32.499922741058356
vertex -16.249961370529178 -12.999906263071821 29.249867633601003
vertex -16.249961370529178 -12.999906263071821 32.499922741058356
endloop
endfacet
facet normal 0 1 0
outer loop
vertex -16.249961370529178 12.999906263071821 32.499922741058356
vertex -16.249961370529178 12.999906263071821 29.249867633601003
vertex -19.500016477986538 12.999906263071821 29.249867633601003
endloop
endfacet
facet normal 0 1 0
outer loop
vertex -16.249961370529178 12.999906263071821 32.499922741058356
vertex -19.500016477986538 12.999906263071821 29.249867633601003
vertex -19.500016477986538 12.999906263071821 32.499922741058356
endloop
endfacet
facet normal 0 1 0
outer loop
vertex 19.500016477986538 12.999906263071821 32.499922741058356
vertex 19.500016477986538 12.999906263071821 29.249867633601003
vertex 16.249961370529178 12.999906263071821 29.249867633601003
endloop
endfacet
facet normal 0 1 0
outer loop
vertex 19.500016477986538 12.999906263071821 32.499922741058356
vertex 16.249961370529178 12.999906263071821 29.249867633601003
vertex 16.249961370529178 12.999906263071821 32.499922741058356
endloop
endfacet
facet normal -1 0 0
outer loop
vertex -16.249961370529178 -12.999906263071821 32.499922741058356
vertex -16.249961370529178 -12.999906263071821 29.249867633601003
vertex -16.249961370529178 -16.249961370529178 29.249867633601003
endloop
endfacet
facet normal -1 0 0
outer loop
vertex -16.249961370529178 -12.999906263071821 32.499922741058356
vertex -16.249961370529178 -16.249961370529178 29.249867633601003
vertex -16.249961370529178 -16.249961370529178 32.499922741058356
endloop
endfacet
facet normal -1 0 0
outer loop
vertex -16.249961370529178 16.249961370529178 32.499922741058356
vertex -16.249961370529178 16.249961370529178 29.249867633601003
vertex -16.249961370529178 12.999906263071821 29.249867633601003
endloop
endfacet
facet normal -1 0 0
outer loop
vertex -16.249961370529178 16.249961370529178 32.499922741058356
vertex -16.249961370529178 12.999906263071821 29.249867633601003
vertex -16.249961370529178 12.999906263071821 32.499922741058356
endloop
endfacet
facet normal 1 0 0
outer loop
vertex 16.249961370529178 12.999906263071821 32.499922741058356
vertex 16.249961370529178 12.999906263071821 29.249867633601003
vertex 16.249961370529178 16.249961370529178 29.249867633601003
endloop
endfacet
facet normal 1 0 0
outer loop
vertex 16.249961370529178 12.999906263071821 32.499922741058356
vertex 16.249961370529178 16.249961370529178 29.249867633601003
vertex 16.249961370529178 16.249961370529178 32.499922741058356
endloop
endfacet
facet normal 1 0 0
outer loop
vertex 16.249961370529178 -16.249961370529178 32.499922741058356
vertex 16.249961370529178 -16.249961370529178 29.249867633601003
vertex 16.249961370529178 -12.999906263071821 29.249867633601003
endloop
endfacet
facet normal 1 0 0
outer loop
vertex 16.249961370529178 -16.249961370529178 32.499922741058356
vertex 16.249961370529178 -12.999906263071821 29.249867633601003
vertex 16.249961370529178 -12.999906263071821 32.499922741058356
endloop
endfacet
facet normal 0 -1 0
outer loop
vertex 13.00022042982943 -16.249961370529178 32.499922741058356
vertex 13.00022042982943 -16.249961370529178 29.249867633601003
vertex 16.249961370529178 -16.249961370529178 29.249867633601003
endloop
endfacet
facet normal 0 -1 0
outer loop
vertex 13.00022042982943 -16.249961370529178 32.499922741058356
vertex 16.249961370529178 -16.249961370529178 29.249867633601003
vertex 16.249961370529178 -16.249961370529178 32.499922741058356
endloop
endfacet
facet normal 0 -1 0
outer loop
vertex -16.249961370529178 -16.249961370529178 32.499922741058356
vertex -16.249961370529178 -16.249961370529178 29.249867633601003
vertex -13.00022042982943 -16.249961370529178 29.249867633601003
endloop
endfacet
facet normal 0 -1 0
outer loop
vertex -16.249961370529178 -16.249961370529178 32.499922741058356
vertex -13.00022042982943 -16.249961370529178 29.249867633601003
vertex -13.00022042982943 -16.249961370529178 32.499922741058356
endloop
endfacet
facet normal 0 1 0
outer loop
vertex -12.999906263071821 16.249961370529178 32.499922741058356
vertex -12.999906263071821 16.249961370529178 29.249867633601003
vertex -16.249961370529178 16.249961370529178 29.249867633601003
endloop
endfacet
facet normal 0 1 0
outer loop
vertex -12.999906263071821 16.249961370529178 32.499922741058356
vertex -16.249961370529178 16.249961370529178 29.249867633601003
vertex -16.249961370529178 16.249961370529178 32.499922741058356
endloop
endfacet
facet normal 0 1 0
outer loop
vertex 16.249961370529178 16.249961370529178 32.499922741058356
vertex 16.249961370529178 16.249961370529178 29.249867633601003
vertex 12.999906263071821 16.249961370529178 29.249867633601003
endloop
endfacet
facet normal 0 1 0
outer loop
vertex 16.249961370529178 16.249961370529178 32.499922741058356
vertex 12.999906263071821 16.249961370529178 29.249867633601003
vertex 12.999906263071821 16.249961370529178 32.499922741058356
endloop
endfacet
facet normal -1 0 0
outer loop
vertex -13.00022042982943 -16.249961370529178 32.499922741058356
vertex -13.00022042982943 -16.249961370529178 29.249867633601003
vertex -13.00022042982943 -19.500016477986538 29.249867633601003
endloop
endfacet
facet normal -1 0 0
outer loop
vertex -13.00022042982943 -16.249961370529178 32.499922741058356
vertex -13.00022042982943 -19.500016477986538 29.249867633601003
vertex -13.00022042982943 -19.500016477986538 32.499922741058356
endloop
endfacet
facet normal 1 0 0
outer loop
vertex 13.00022042982943 -19.500016477986538 32.499922741058356
vertex 13.00022042982943 -19.500016477986538 29.249867633601003
vertex 13.00022042982943 -16.249961370529178 29.249867633601003
endloop
endfacet
facet normal 1 0 0
outer loop
vertex 13.00022042982943 -19.500016477986538 32.499922741058356
vertex 13.00022042982943 -16.249961370529178 29.249867633601003
vertex 13.00022042982943 -16.249961370529178 32.499922741058356
endloop
endfacet
facet normal -1 0 0
outer loop
vertex -12.999906263071821 19.500016477986538 32.499922741058356
vertex -12.999906263071821 19.500016477986538 29.249867633601003
vertex -12.999906263071821 16.249961370529178 29.249867633601003
endloop
endfacet
facet normal -1 0 0
outer loop
vertex -12.999906263071821 19.500016477986538 32.499922741058356
vertex -12.999906263071821 16.249961370529178 29.249867633601003
vertex -12.999906263071821 16.249961370529178 32.499922741058356
endloop
endfacet
facet normal 1 0 0
outer loop
vertex 12.999906263071821 16.249961370529178 32.499922741058356
vertex 12.999906263071821 16.249961370529178 29.249867633601003
vertex 12.999906263071821 19.500016477986538 29.249867633601003
endloop
endfacet
facet normal 1 0 0
outer loop
vertex 12.999906263071821 16.249961370529178 32.499922741058356
vertex 12.999906263071821 19.500016477986538 29.249867633601003
vertex 12.999906263071821 19.500016477986538 32.499922741058356
endloop
endfacet
facet normal 0 -1 0
outer loop
vertex 6.500110214914715 -19.500016477986538 32.499922741058356
vertex 6.500110214914715 -19.500016477986538 29.249867633601003
vertex 13.00022042982943 -19.500016477986538 29.249867633601003
endloop
endfacet
facet normal 0 -1 0
outer loop
vertex 6.500110214914715 -19.500016477986538 32.499922741058356
vertex 13.00022042982943 -19.500016477986538 29.249867633601003
vertex 13.00022042982943 -19.500016477986538 32.499922741058356
endloop
endfacet
facet normal 0 -1 0
outer loop
vertex -13.00022042982943 -19.500016477986538 32.499922741058356
vertex -13.00022042982943 -19.500016477986538 29.249867633601003
vertex -6.500110214914715 -19.500016477986538 29.249867633601003
endloop
endfacet
facet normal 0 -1 0
outer loop
vertex -13.00022042982943 -19.500016477986538 32.499922741058356
vertex -6.500110214914715 -19.500016477986538 29.249867633601003
vertex -6.500110214914715 -19.500016477986538 32.499922741058356
endloop
endfacet
facet normal 0 1 0
outer loop
vertex -6.500110214914715 19.500016477986538 32.499922741058356
vertex -6.500110214914715 19.500016477986538 29.249867633601003
vertex -12.999906263071821 19.500016477986538 29.249867633601003
endloop
endfacet
facet normal 0 1 0
outer loop
vertex -6.500110214914715 19.500016477986538 32.499922741058356
vertex -12.999906263071821 19.500016477986538 29.249867633601003
vertex -12.999906263071821 19.500016477986538 32.499922741058356
endloop
endfacet
facet normal 0 1 0
outer loop
vertex 12.999906263071821 19.500016477986538 32.499922741058356
vertex 12.999906263071821 19.500016477986538 29.249867633601003
vertex 6.500110214914715 19.500016477986538 29.249867633601003
endloop
endfacet
facet normal 0 1 0
outer loop
vertex 12.999906263071821 19.500016477986538 32.499922741058356
vertex 6.500110214914715 19.500016477986538 29.249867633601003
vertex 6.500110214914715 19.500016477986538 32.499922741058356
endloop
endfacet
facet normal -1 0 0
outer loop
vertex -6.500110214914715 -19.500016477986538 32.499922741058356
vertex -6.500110214914715 -19.500016477986538 29.249867633601003
vertex -6.500110214914715 -22.750071585443894 29.249867633601003
endloop
endfacet
facet normal -1 0 0
outer loop
vertex -6.500110214914715 -19.500016477986538 32.499922741058356
vertex -6.500110214914715 -22.750071585443894 29.249867633601003
vertex -6.500110214914715 -22.750071585443894 32.499922741058356
endloop
endfacet
facet normal -1 0 0
outer loop
vertex -6.500110214914715 22.750071585443894 32.499922741058356
vertex -6.500110214914715 22.750071585443894 29.249867633601003
vertex -6.500110214914715 19.500016477986538 29.249867633601003
endloop
endfacet
facet normal -1 0 0
outer loop
vertex -6.500110214914715 22.750071585443894 32.499922741058356
vertex -6.500110214914715 19.500016477986538 29.249867633601003
vertex -6.500110214914715 19.500016477986538 32.499922741058356
endloop
endfacet
facet normal 0 -1 0
outer loop
vertex -6.500110214914715 -22.750071585443894 32.499922741058356
vertex -6.500110214914715 -22.750071585443894 29.249867633601003
vertex 6.500110214914715 -22.750071585443894 29.249867633601003
endloop
endfacet
facet normal 0 -1 0
outer loop
vertex -6.500110214914715 -22.750071585443894 32.499922741058356
vertex 6.500110214914715 -22.750071585443894 29.249867633601003
vertex 6.500110214914715 -22.750071585443894 32.499922741058356
endloop
endfacet
facet normal 1 0 0
outer loop
vertex 6.500110214914715 19.500016477986538 32.499922741058356
vertex 6.500110214914715 19.500016477986538 29.249867633601003
vertex 6.500110214914715 22.750071585443894 29.249867633601003
endloop
endfacet
facet normal 1 0 0
outer loop
vertex 6.500110214914715 19.500016477986538 32.499922741058356
vertex 6.500110214914715 22.750071585443894 29.249867633601003
vertex 6.500110214914715 22.750071585443894 32.499922741058356
endloop
endfacet
facet normal 1 0 0
outer loop
vertex 6.500110214914715 -22.750071585443894 32.499922741058356
vertex 6.500110214914715 -22.750071585443894 29.249867633601003
vertex 6.500110214914715 -19.500016477986538 29.249867633601003
endloop
endfacet
facet normal 1 0 0
outer loop
vertex 6.500110214914715 -22.750071585443894 32.499922741058356
vertex 6.500110214914715 -19.500016477986538 29.249867633601003
vertex 6.500110214914715 -19.500016477986538 32.499922741058356
endloop
endfacet
facet normal 0 1 0
outer loop
vertex 6.500110214914715 22.750071585443894 32.499922741058356
vertex 6.500110214914715 22.750071585443894 29.249867633601003
vertex -6.500110214914715 22.750071585443894 29.249867633601003
endloop
endfacet
facet normal 0 1 0
outer loop
vertex 6.500110214914715 22.750071585443894 32.499922741058356
vertex -6.500110214914715 22.750071585443894 29.249867633601003
vertex -6.500110214914715 22.750071585443894 32.499922741058356
endloop
endfacet
facet normal 0 0 1
outer loop
vertex -6.500110214914715 22.750071585443894 32.499922741058356
vertex -6.500110214914715 19.500016477986538 32.499922741058356
vertex 6.500110214914715 19.500016477986538 32.499922741058356
endloop
endfacet
facet normal 0 0 1
outer loop
vertex -6.500110214914715 22.750071585443894 32.499922741058356
vertex 6.500110214914715 19.500016477986538 32.499922741058356
vertex 6.500110214914715 22.750071585443894 32.499922741058356
endloop
endfacet
facet normal 0 0 1
outer loop
vertex 0 18.416769497753286 32.499922741058356
vertex 6.500110214914715 19.500016477986538 32.499922741058356
vertex -6.500110214914715 19.500016477986538 32.499922741058356
endloop
endfacet
facet normal 0 0 0.9999999999999999
outer loop
vertex 0 18.416769497753286 32.499922741058356
vertex -6.500110214914715 19.500016477986538 32.499922741058356
vertex -12.999906263071821 19.500016477986538 32.499922741058356
endloop
endfacet
facet normal 0 0 1
outer loop
vertex 0 18.416769497753286 32.499922741058356
vertex -12.999906263071821 19.500016477986538 32.499922741058356
vertex -12.999906263071821 16.249961370529178 32.499922741058356
endloop
endfacet
facet normal 0 0 1
outer loop
vertex 0 18.416769497753286 32.499922741058356
vertex -12.999906263071821 16.249961370529178 32.499922741058356
vertex 12.999906263071821 16.249961370529178 32.499922741058356
endloop
endfacet
facet normal 0 0 1
outer loop
vertex 0 18.416769497753286 32.499922741058356
vertex 12.999906263071821 16.249961370529178 32.499922741058356
vertex 12.999906263071821 19.500016477986538 32.499922741058356
endloop
endfacet
facet normal 0 0 0.9999999999999999
outer loop
vertex 0 18.416769497753286 32.499922741058356
vertex 12.999906263071821 19.500016477986538 32.499922741058356
vertex 6.500110214914715 19.500016477986538 32.499922741058356
endloop
endfacet
facet normal 0 0 1
outer loop
vertex 0 15.16671439029593 32.499922741058356
vertex 12.999906263071821 16.249961370529178 32.499922741058356
vertex -12.999906263071821 16.249961370529178 32.499922741058356
endloop
endfacet
facet normal 0 0 1
outer loop
vertex 0 15.16671439029593 32.499922741058356
vertex -12.999906263071821 16.249961370529178 32.499922741058356
vertex -16.249961370529178 16.249961370529178 32.499922741058356
endloop
endfacet
facet normal 0 0 0.9999999999999999
outer loop
vertex 0 15.16671439029593 32.499922741058356
vertex -16.249961370529178 16.249961370529178 32.499922741058356
vertex -16.249961370529178 12.999906263071821 32.499922741058356
endloop
endfacet
facet normal 0 0 1
outer loop
vertex 0 15.16671439029593 32.499922741058356
vertex -16.249961370529178 12.999906263071821 32.499922741058356
vertex 16.249961370529178 12.999906263071821 32.499922741058356
endloop
endfacet
facet normal 0 0 0.9999999999999999
outer loop
vertex 0 15.16671439029593 32.499922741058356
vertex 16.249961370529178 12.999906263071821 32.499922741058356
vertex 16.249961370529178 16.249961370529178 32.499922741058356
endloop
endfacet
facet normal 0 0 1
outer loop
vertex 0 15.16671439029593 32.499922741058356
vertex 16.249961370529178 16.249961370529178 32.499922741058356
vertex 12.999906263071821 16.249961370529178 32.499922741058356
endloop
endfacet
facet normal 0 0 1
outer loop
vertex 0 10.833412302605323 32.499922741058356
vertex 16.249961370529178 12.999906263071821 32.499922741058356
vertex -16.249961370529178 12.999906263071821 32.499922741058356
endloop
endfacet
facet normal 0 0 1
outer loop
vertex 0 10.833412302605323 32.499922741058356
vertex -16.249961370529178 12.999906263071821 32.499922741058356
vertex -19.500016477986538 12.999906263071821 32.499922741058356
endloop
endfacet
facet normal 0 0 1
outer loop
vertex 0 10.833412302605323 32.499922741058356
vertex -19.500016477986538 12.999906263071821 32.499922741058356
vertex -19.500016477986538 6.500110214914715 32.499922741058356
endloop
endfacet
facet normal 0 0 1
outer loop
vertex 0 10.833412302605323 32.499922741058356
vertex -19.500016477986538 6.500110214914715 32.499922741058356
vertex 19.500016477986538 6.500110214914715 32.499922741058356
endloop
endfacet
facet normal 0 0 1
outer loop
vertex 0 10.833412302605323 32.499922741058356
vertex 19.500016477986538 6.500110214914715 32.499922741058356
vertex 19.500016477986538 12.999906263071821 32.499922741058356
endloop
endfacet
facet normal 0 0 1
outer loop
vertex 0 10.833412302605323 32.499922741058356
vertex 19.500016477986538 12.999906263071821 32.499922741058356
vertex 16.249961370529178 12.999906263071821 32.499922741058356
endloop
endfacet
facet normal 0 0 1
outer loop
vertex 0 4.087623683240955 32.499922741058356
vertex 19.500016477986538 6.500110214914715 32.499922741058356
vertex -19.500016477986538 6.500110214914715 32.499922741058356
endloop
endfacet
facet normal 0 0 1
outer loop
vertex 0 4.087623683240955 32.499922741058356
vertex -19.500016477986538 6.500110214914715 32.499922741058356
vertex -22.750071585443894 6.500110214914715 32.499922741058356
endloop
endfacet
facet normal 0 0 1
outer loop
vertex 0 4.087623683240955 32.499922741058356
vertex -22.750071585443894 6.500110214914715 32.499922741058356
vertex -22.750071585443894 1.675137151567195 32.499922741058356
endloop
endfacet
facet normal 0 0 0.9999999999999999
outer loop
vertex 0 4.087623683240955 32.499922741058356
vertex -22.750071585443894 1.675137151567195 32.499922741058356
vertex -1.675137151567195 1.675137151567195 32.499922741058356
endloop
endfacet
facet normal 0 0 1
outer loop
vertex 0 4.087623683240955 32.499922741058356
vertex -1.675137151567195 1.675137151567195 32.499922741058356
vertex 1.675137151567195 1.675137151567195 32.499922741058356
endloop
endfacet
facet normal 0 0 0.9999999999999999
outer loop
vertex 0 4.087623683240955 32.499922741058356
vertex 1.675137151567195 1.675137151567195 32.499922741058356
vertex 22.750071585443894 1.675137151567195 32.499922741058356
endloop
endfacet
facet normal 0 0 1
outer loop
vertex 0 4.087623683240955 32.499922741058356
vertex 22.750071585443894 1.675137151567195 32.499922741058356
vertex 22.750071585443894 6.500110214914715 32.499922741058356
endloop
endfacet
facet normal 0 0 1
outer loop
vertex 0 4.087623683240955 32.499922741058356
vertex 22.750071585443894 6.500110214914715 32.499922741058356
vertex 19.500016477986538 6.500110214914715 32.499922741058356
endloop
endfacet
facet normal 0 0 1
outer loop
vertex 1.675137151567195 1.675137151567195 32.499922741058356
vertex 1.675137151567195 -1.675137151567195 32.499922741058356
vertex 22.750071585443894 -1.675137151567195 32.499922741058356
endloop
endfacet
facet normal 0 0 1
outer loop
vertex 1.675137151567195 1.675137151567195 32.499922741058356
vertex 22.750071585443894 -1.675137151567195 32.499922741058356
vertex 22.750071585443894 1.675137151567195 32.499922741058356
endloop
endfacet
facet normal 0 0 1
outer loop
vertex -22.750071585443894 1.675137151567195 32.499922741058356
vertex -22.750071585443894 -1.675137151567195 32.499922741058356
vertex -1.675137151567195 -1.675137151567195 32.499922741058356
endloop
endfacet
facet normal 0 0 1
outer loop
vertex -22.750071585443894 1.675137151567195 32.499922741058356
vertex -1.675137151567195 -1.675137151567195 32.499922741058356
vertex -1.675137151567195 1.675137151567195 32.499922741058356
endloop
endfacet
facet normal 0 0 1
outer loop
vertex 0 -4.087623683240955 32.499922741058356
vertex 1.675137151567195 -1.675137151567195 32.499922741058356
vertex -1.675137151567195 -1.675137151567195 32.499922741058356
endloop
endfacet
facet normal 0 0 0.9999999999999999
outer loop
vertex 0 -4.087623683240955 32.499922741058356
vertex -1.675137151567195 -1.675137151567195 32.499922741058356
vertex -22.750071585443894 -1.675137151567195 32.499922741058356
endloop
endfacet
facet normal 0 0 1
outer loop
vertex 0 -4.087623683240955 32.499922741058356
vertex -22.750071585443894 -1.675137151567195 32.499922741058356
vertex -22.750071585443894 -6.500110214914715 32.499922741058356
endloop
endfacet
facet normal 0 0 1
outer loop
vertex 0 -4.087623683240955 32.499922741058356
vertex -22.750071585443894 -6.500110214914715 32.499922741058356
vertex -19.500330644744146 -6.500110214914715 32.499922741058356
endloop
endfacet
facet normal 0 0 0.9999999999999999
outer loop
vertex 0 -4.087623683240955 32.499922741058356
vertex -19.500330644744146 -6.500110214914715 32.499922741058356
vertex 19.500330644744146 -6.500110214914715 32.499922741058356
endloop
endfacet
facet normal 0 0 1
outer loop
vertex 0 -4.087623683240955 32.499922741058356
vertex 19.500330644744146 -6.500110214914715 32.499922741058356
vertex 22.750071585443894 -6.500110214914715 32.499922741058356
endloop
endfacet
facet normal 0 0 1
outer loop
vertex 0 -4.087623683240955 32.499922741058356
vertex 22.750071585443894 -6.500110214914715 32.499922741058356
vertex 22.750071585443894 -1.675137151567195 32.499922741058356
endloop
endfacet
facet normal 0 0 0.9999999999999999
outer loop
vertex 0 -4.087623683240955 32.499922741058356
vertex 22.750071585443894 -1.675137151567195 32.499922741058356
vertex 1.675137151567195 -1.675137151567195 32.499922741058356
endloop
endfacet
facet normal 0 0 1
outer loop
vertex 0 -8.666918342138823 32.499922741058356
vertex -19.500330644744146 -6.500110214914715 32.499922741058356
vertex -19.500330644744146 -9.750165322372073 32.499922741058356
endloop
endfacet
facet normal 0 0 1
outer loop
vertex 0 -8.666918342138823 32.499922741058356
vertex -19.500330644744146 -9.750165322372073 32.499922741058356
vertex -19.500016477986538 -9.750165322372073 32.499922741058356
endloop
endfacet
facet normal 0 0 1
outer loop
vertex 0 -8.666918342138823 32.499922741058356
vertex -19.500016477986538 -9.750165322372073 32.499922741058356
vertex 19.500016477986538 -9.750165322372073 32.499922741058356
endloop
endfacet
facet normal 0 0 1
outer loop
vertex 0 -8.666918342138823 32.499922741058356
vertex 19.500016477986538 -9.750165322372073 32.499922741058356
vertex 19.500330644744146 -9.750165322372073 32.499922741058356
endloop
endfacet
facet normal 0 0 1
outer loop
vertex 0 -8.666918342138823 32.499922741058356
vertex 19.500330644744146 -9.750165322372073 32.499922741058356
vertex 19.500330644744146 -6.500110214914715 32.499922741058356
endloop
endfacet
facet normal 0 0 1
outer loop
vertex 0 -8.666918342138823 32.499922741058356
vertex 19.500330644744146 -6.500110214914715 32.499922741058356
vertex -19.500330644744146 -6.500110214914715 32.499922741058356
endloop
endfacet
facet normal 0 0 1
outer loop
vertex 0 -11.916659282838571 32.499922741058356
vertex -19.500016477986538 -9.750165322372073 32.499922741058356
vertex -19.500016477986538 -12.999906263071821 32.499922741058356
endloop
endfacet
facet normal 0 0 1
outer loop
vertex 0 -11.916659282838571 32.499922741058356
vertex -19.500016477986538 -12.999906263071821 32.499922741058356
vertex -16.249961370529178 -12.999906263071821 32.499922741058356
endloop
endfacet
facet normal 0 0 1
outer loop
vertex 0 -11.916659282838571 32.499922741058356
vertex -16.249961370529178 -12.999906263071821 32.499922741058356
vertex 16.249961370529178 -12.999906263071821 32.499922741058356
endloop
endfacet
facet normal 0 0 1
outer loop
vertex 0 -11.916659282838571 32.499922741058356
vertex 16.249961370529178 -12.999906263071821 32.499922741058356
vertex 19.500016477986538 -12.999906263071821 32.499922741058356
endloop
endfacet
facet normal 0 0 1
outer loop
vertex 0 -11.916659282838571 32.499922741058356
vertex 19.500016477986538 -12.999906263071821 32.499922741058356
vertex 19.500016477986538 -9.750165322372073 32.499922741058356
endloop
endfacet
facet normal 0 0 1
outer loop
vertex 0 -11.916659282838571 32.499922741058356
vertex 19.500016477986538 -9.750165322372073 32.499922741058356
vertex -19.500016477986538 -9.750165322372073 32.499922741058356
endloop
endfacet
facet normal 0 0 0.9999999999999999
outer loop
vertex 0 -15.16671439029593 32.499922741058356
vertex -16.249961370529178 -12.999906263071821 32.499922741058356
vertex -16.249961370529178 -16.249961370529178 32.499922741058356
endloop
endfacet
facet normal 0 0 1
outer loop
vertex 0 -15.16671439029593 32.499922741058356
vertex -16.249961370529178 -16.249961370529178 32.499922741058356
vertex -13.00022042982943 -16.249961370529178 32.499922741058356
endloop
endfacet
facet normal 0 0 1
outer loop
vertex 0 -15.16671439029593 32.499922741058356
vertex -13.00022042982943 -16.249961370529178 32.499922741058356
vertex 13.00022042982943 -16.249961370529178 32.499922741058356
endloop
endfacet
facet normal 0 0 1
outer loop
vertex 0 -15.16671439029593 32.499922741058356
vertex 13.00022042982943 -16.249961370529178 32.499922741058356
vertex 16.249961370529178 -16.249961370529178 32.499922741058356
endloop
endfacet
facet normal 0 0 0.9999999999999999
outer loop
vertex 0 -15.16671439029593 32.499922741058356
vertex 16.249961370529178 -16.249961370529178 32.499922741058356
vertex 16.249961370529178 -12.999906263071821 32.499922741058356
endloop
endfacet
facet normal 0 0 1
outer loop
vertex 0 -15.16671439029593 32.499922741058356
vertex 16.249961370529178 -12.999906263071821 32.499922741058356
vertex -16.249961370529178 -12.999906263071821 32.499922741058356
endloop
endfacet
facet normal 0 0 1
outer loop
vertex 0 -18.416769497753286 32.499922741058356
vertex -13.00022042982943 -16.249961370529178 32.499922741058356
vertex -13.00022042982943 -19.500016477986538 32.499922741058356
endloop
endfacet
facet normal 0 0 1
outer loop
vertex 0 -18.416769497753286 32.499922741058356
vertex -13.00022042982943 -19.500016477986538 32.499922741058356
vertex -6.500110214914715 -19.500016477986538 32.499922741058356
endloop
endfacet
facet normal 0 0 1
outer loop
vertex 0 -18.416769497753286 32.499922741058356
vertex -6.500110214914715 -19.500016477986538 32.499922741058356
vertex 6.500110214914715 -19.500016477986538 32.499922741058356
endloop
endfacet
facet normal 0 0 1
outer loop
vertex 0 -18.416769497753286 32.499922741058356
vertex 6.500110214914715 -19.500016477986538 32.499922741058356
vertex 13.00022042982943 -19.500016477986538 32.499922741058356
endloop
endfacet
facet normal 0 0 1
outer loop
vertex 0 -18.416769497753286 32.499922741058356
vertex 13.00022042982943 -19.500016477986538 32.499922741058356
vertex 13.00022042982943 -16.249961370529178 32.499922741058356
endloop
endfacet
facet normal 0 0 0.9999999999999999
outer loop
vertex 0 -18.416769497753286 32.499922741058356
vertex 13.00022042982943 -16.249961370529178 32.499922741058356
vertex -13.00022042982943 -16.249961370529178 32.499922741058356
endloop
endfacet
facet normal 0 0 1
outer loop
vertex -6.500110214914715 -19.500016477986538 32.499922741058356
vertex -6.500110214914715 -22.750071585443894 32.499922741058356
vertex 6.500110214914715 -22.750071585443894 32.499922741058356
endloop
endfacet
facet normal 0 0 1
outer loop
vertex -6.500110214914715 -19.500016477986538 32.499922741058356
vertex 6.500110214914715 -22.750071585443894 32.499922741058356
vertex 6.500110214914715 -19.500016477986538 32.499922741058356
endloop
endfacet
facet normal 0 0 -1
outer loop
vertex 6.500110214914715 22.750071585443894 29.249867633601003
vertex 6.500110214914715 19.500016477986538 29.249867633601003
vertex -6.500110214914715 19.500016477986538 29.249867633601003
endloop
endfacet
facet normal 0 0 -1
outer loop
vertex 6.500110214914715 22.750071585443894 29.249867633601003
vertex -6.500110214914715 19.500016477986538 29.249867633601003
vertex -6.500110214914715 22.750071585443894 29.249867633601003
endloop
endfacet
facet normal 0 0 -1
outer loop
vertex 0 18.416769497753286 29.249867633601003
vertex -6.500110214914715 19.500016477986538 29.249867633601003
vertex 6.500110214914715 19.500016477986538 29.249867633601003
endloop
endfacet
facet normal 0 0 -0.9999999999999999
outer loop
vertex 0 18.416769497753286 29.249867633601003
vertex 6.500110214914715 19.500016477986538 29.249867633601003
vertex 12.999906263071821 19.500016477986538 29.249867633601003
endloop
endfacet
facet normal 0 0 -1
outer loop
vertex 0 18.416769497753286 29.249867633601003
vertex 12.999906263071821 19.500016477986538 29.249867633601003
vertex 12.999906263071821 16.249961370529178 29.249867633601003
endloop
endfacet
facet normal 0 0 -1
outer loop
vertex 0 18.416769497753286 29.249867633601003
vertex 12.999906263071821 16.249961370529178 29.249867633601003
vertex -12.999906263071821 16.249961370529178 29.249867633601003
endloop
endfacet
facet normal 0 0 -1
outer loop
vertex 0 18.416769497753286 29.249867633601003
vertex -12.999906263071821 16.249961370529178 29.249867633601003
vertex -12.999906263071821 19.500016477986538 29.249867633601003
endloop
endfacet
facet normal 0 0 -0.9999999999999999
outer loop
vertex 0 18.416769497753286 29.249867633601003
vertex -12.999906263071821 19.500016477986538 29.249867633601003
vertex -6.500110214914715 19.500016477986538 29.249867633601003
endloop
endfacet
facet normal 0 0 -1
outer loop
vertex 0 15.16671439029593 29.249867633601003
vertex -12.999906263071821 16.249961370529178 29.249867633601003
vertex 12.999906263071821 16.249961370529178 29.249867633601003
endloop
endfacet
facet normal 0 0 -1
outer loop
vertex 0 15.16671439029593 29.249867633601003
vertex 12.999906263071821 16.249961370529178 29.249867633601003
vertex 16.249961370529178 16.249961370529178 29.249867633601003
endloop
endfacet
facet normal 0 0 -0.9999999999999999
outer loop
vertex 0 15.16671439029593 29.249867633601003
vertex 16.249961370529178 16.249961370529178 29.249867633601003
vertex 16.249961370529178 12.999906263071821 29.249867633601003
endloop
endfacet
facet normal 0 0 -1
outer loop
vertex 0 15.16671439029593 29.249867633601003
vertex 16.249961370529178 12.999906263071821 29.249867633601003
vertex -16.249961370529178 12.999906263071821 29.249867633601003
endloop
endfacet
facet normal 0 0 -0.9999999999999999
outer loop
vertex 0 15.16671439029593 29.249867633601003
vertex -16.249961370529178 12.999906263071821 29.249867633601003
vertex -16.249961370529178 16.249961370529178 29.249867633601003
endloop
endfacet
facet normal 0 0 -1
outer loop
vertex 0 15.16671439029593 29.249867633601003
vertex -16.249961370529178 16.249961370529178 29.249867633601003
vertex -12.999906263071821 16.249961370529178 29.249867633601003
endloop
endfacet
facet normal 0 0 -1
outer loop
vertex 0 10.833412302605323 29.249867633601003
vertex -16.249961370529178 12.999906263071821 29.249867633601003
vertex 16.249961370529178 12.999906263071821 29.249867633601003
endloop
endfacet
facet normal 0 0 -1
outer loop
vertex 0 10.833412302605323 29.249867633601003
vertex 16.249961370529178 12.999906263071821 29.249867633601003
vertex 19.500016477986538 12.999906263071821 29.249867633601003
endloop
endfacet
facet normal 0 0 -1
outer loop
vertex 0 10.833412302605323 29.249867633601003
vertex 19.500016477986538 12.999906263071821 29.249867633601003
vertex 19.500016477986538 6.500110214914715 29.249867633601003
endloop
endfacet
facet normal 0 0 -1
outer loop
vertex 0 10.833412302605323 29.249867633601003
vertex 19.500016477986538 6.500110214914715 29.249867633601003
vertex -19.500016477986538 6.500110214914715 29.249867633601003
endloop
endfacet
facet normal 0 0 -1
outer loop
vertex 0 10.833412302605323 29.249867633601003
vertex -19.500016477986538 6.500110214914715 29.249867633601003
vertex -19.500016477986538 12.999906263071821 29.249867633601003
endloop
endfacet
facet normal 0 0 -1
outer loop
vertex 0 10.833412302605323 29.249867633601003
vertex -19.500016477986538 12.999906263071821 29.249867633601003
vertex -16.249961370529178 12.999906263071821 29.249867633601003
endloop
endfacet
facet normal 0 0 -1
outer loop
vertex 0 4.087623683240955 29.249867633601003
vertex -19.500016477986538 6.500110214914715 29.249867633601003
vertex 19.500016477986538 6.500110214914715 29.249867633601003
endloop
endfacet
facet normal 0 0 -1
outer loop
vertex 0 4.087623683240955 29.249867633601003
vertex 19.500016477986538 6.500110214914715 29.249867633601003
vertex 22.750071585443894 6.500110214914715 29.249867633601003
endloop
endfacet
facet normal 0 0 -1
outer loop
vertex 0 4.087623683240955 29.249867633601003
vertex 22.750071585443894 6.500110214914715 29.249867633601003
vertex 22.750071585443894 1.675137151567195 29.249867633601003
endloop
endfacet
facet normal 0 0 -0.9999999999999999
outer loop
vertex 0 4.087623683240955 29.249867633601003
vertex 22.750071585443894 1.675137151567195 29.249867633601003
vertex 1.675137151567195 1.675137151567195 29.249867633601003
endloop
endfacet
facet normal 0 0 -1
outer loop
vertex 0 4.087623683240955 29.249867633601003
vertex 1.675137151567195 1.675137151567195 29.249867633601003
vertex -1.675137151567195 1.675137151567195 29.249867633601003
endloop
endfacet
facet normal 0 0 -0.9999999999999999
outer loop
vertex 0 4.087623683240955 29.249867633601003
vertex -1.675137151567195 1.675137151567195 29.249867633601003
vertex -22.750071585443894 1.675137151567195 29.249867633601003
endloop
endfacet
facet normal 0 0 -1
outer loop
vertex 0 4.087623683240955 29.249867633601003
vertex -22.750071585443894 1.675137151567195 29.249867633601003
vertex -22.750071585443894 6.500110214914715 29.249867633601003
endloop
endfacet
facet normal 0 0 -1
outer loop
vertex 0 4.087623683240955 29.249867633601003
vertex -22.750071585443894 6.500110214914715 29.249867633601003
vertex -19.500016477986538 6.500110214914715 29.249867633601003
endloop
endfacet
facet normal 0 0 -1
outer loop
vertex -1.675137151567195 1.675137151567195 29.249867633601003
vertex -1.675137151567195 -1.675137151567195 29.249867633601003
vertex -22.750071585443894 -1.675137151567195 29.249867633601003
endloop
endfacet
facet normal 0 0 -1
outer loop
vertex -1.675137151567195 1.675137151567195 29.249867633601003
vertex -22.750071585443894 -1.675137151567195 29.249867633601003
vertex -22.750071585443894 1.675137151567195 29.249867633601003
endloop
endfacet
facet normal 0 0 -1
outer loop
vertex 22.750071585443894 1.675137151567195 29.249867633601003
vertex 22.750071585443894 -1.675137151567195 29.249867633601003
vertex 1.675137151567195 -1.675137151567195 29.249867633601003
endloop
endfacet
facet normal 0 0 -1
outer loop
vertex 22.750071585443894 1.675137151567195 29.249867633601003
vertex 1.675137151567195 -1.675137151567195 29.249867633601003
vertex 1.675137151567195 1.675137151567195 29.249867633601003
endloop
endfacet
facet normal 0 0 -1
outer loop
vertex 0 -4.087623683240955 29.249867633601003
vertex -1.675137151567195 -1.675137151567195 29.249867633601003
vertex 1.675137151567195 -1.675137151567195 29.249867633601003
endloop
endfacet
facet normal 0 0 -0.9999999999999999
outer loop
vertex 0 -4.087623683240955 29.249867633601003
vertex 1.675137151567195 -1.675137151567195 29.249867633601003
vertex 22.750071585443894 -1.675137151567195 29.249867633601003
endloop
endfacet
facet normal 0 0 -1
outer loop
vertex 0 -4.087623683240955 29.249867633601003
vertex 22.750071585443894 -1.675137151567195 29.249867633601003
vertex 22.750071585443894 -6.500110214914715 29.249867633601003
endloop
endfacet
facet normal 0 0 -1
outer loop
vertex 0 -4.087623683240955 29.249867633601003
vertex 22.750071585443894 -6.500110214914715 29.249867633601003
vertex 19.500330644744146 -6.500110214914715 29.249867633601003
endloop
endfacet
facet normal 0 0 -0.9999999999999999
outer loop
vertex 0 -4.087623683240955 29.249867633601003
vertex 19.500330644744146 -6.500110214914715 29.249867633601003
vertex -19.500330644744146 -6.500110214914715 29.249867633601003
endloop
endfacet
facet normal 0 0 -1
outer loop
vertex 0 -4.087623683240955 29.249867633601003
vertex -19.500330644744146 -6.500110214914715 29.249867633601003
vertex -22.750071585443894 -6.500110214914715 29.249867633601003
endloop
endfacet
facet normal 0 0 -1
outer loop
vertex 0 -4.087623683240955 29.249867633601003
vertex -22.750071585443894 -6.500110214914715 29.249867633601003
vertex -22.750071585443894 -1.675137151567195 29.249867633601003
endloop
endfacet
facet normal 0 0 -0.9999999999999999
outer loop
vertex 0 -4.087623683240955 29.249867633601003
vertex -22.750071585443894 -1.675137151567195 29.249867633601003
vertex -1.675137151567195 -1.675137151567195 29.249867633601003
endloop
endfacet
facet normal 0 0 -1
outer loop
vertex 0 -8.666918342138823 29.249867633601003
vertex 19.500330644744146 -6.500110214914715 29.249867633601003
vertex 19.500330644744146 -9.750165322372073 29.249867633601003
endloop
endfacet
facet normal 0 0 -1
outer loop
vertex 0 -8.666918342138823 29.249867633601003
vertex 19.500330644744146 -9.750165322372073 29.249867633601003
vertex 19.500016477986538 -9.750165322372073 29.249867633601003
endloop
endfacet
facet normal 0 0 -1
outer loop
vertex 0 -8.666918342138823 29.249867633601003
vertex 19.500016477986538 -9.750165322372073 29.249867633601003
vertex -19.500016477986538 -9.750165322372073 29.249867633601003
endloop
endfacet
facet normal 0 0 -1
outer loop
vertex 0 -8.666918342138823 29.249867633601003
vertex -19.500016477986538 -9.750165322372073 29.249867633601003
vertex -19.500330644744146 -9.750165322372073 29.249867633601003
endloop
endfacet
facet normal 0 0 -1
outer loop
vertex 0 -8.666918342138823 29.249867633601003
vertex -19.500330644744146 -9.750165322372073 29.249867633601003
vertex -19.500330644744146 -6.500110214914715 29.249867633601003
endloop
endfacet
facet normal 0 0 -1
outer loop
vertex 0 -8.666918342138823 29.249867633601003
vertex -19.500330644744146 -6.500110214914715 29.249867633601003
vertex 19.500330644744146 -6.500110214914715 29.249867633601003
endloop
endfacet
facet normal 0 0 -1
outer loop
vertex 0 -11.916659282838571 29.249867633601003
vertex 19.500016477986538 -9.750165322372073 29.249867633601003
vertex 19.500016477986538 -12.999906263071821 29.249867633601003
endloop
endfacet
facet normal 0 0 -1
outer loop
vertex 0 -11.916659282838571 29.249867633601003
vertex 19.500016477986538 -12.999906263071821 29.249867633601003
vertex 16.249961370529178 -12.999906263071821 29.249867633601003
endloop
endfacet
facet normal 0 0 -1
outer loop
vertex 0 -11.916659282838571 29.249867633601003
vertex 16.249961370529178 -12.999906263071821 29.249867633601003
vertex -16.249961370529178 -12.999906263071821 29.249867633601003
endloop
endfacet
facet normal 0 0 -1
outer loop
vertex 0 -11.916659282838571 29.249867633601003
vertex -16.249961370529178 -12.999906263071821 29.249867633601003
vertex -19.500016477986538 -12.999906263071821 29.249867633601003
endloop
endfacet
facet normal 0 0 -1
outer loop
vertex 0 -11.916659282838571 29.249867633601003
vertex -19.500016477986538 -12.999906263071821 29.249867633601003
vertex -19.500016477986538 -9.750165322372073 29.249867633601003
endloop
endfacet
facet normal 0 0 -1
outer loop
vertex 0 -11.916659282838571 29.249867633601003
vertex -19.500016477986538 -9.750165322372073 29.249867633601003
vertex 19.500016477986538 -9.750165322372073 29.249867633601003
endloop
endfacet
facet normal 0 0 -0.9999999999999999
outer loop
vertex 0 -15.16671439029593 29.249867633601003
vertex 16.249961370529178 -12.999906263071821 29.249867633601003
vertex 16.249961370529178 -16.249961370529178 29.249867633601003
endloop
endfacet
facet normal 0 0 -1
outer loop
vertex 0 -15.16671439029593 29.249867633601003
vertex 16.249961370529178 -16.249961370529178 29.249867633601003
vertex 13.00022042982943 -16.249961370529178 29.249867633601003
endloop
endfacet
facet normal 0 0 -1
outer loop
vertex 0 -15.16671439029593 29.249867633601003
vertex 13.00022042982943 -16.249961370529178 29.249867633601003
vertex -13.00022042982943 -16.249961370529178 29.249867633601003
endloop
endfacet
facet normal 0 0 -1
outer loop
vertex 0 -15.16671439029593 29.249867633601003
vertex -13.00022042982943 -16.249961370529178 29.249867633601003
vertex -16.249961370529178 -16.249961370529178 29.249867633601003
endloop
endfacet
facet normal 0 0 -0.9999999999999999
outer loop
vertex 0 -15.16671439029593 29.249867633601003
vertex -16.249961370529178 -16.249961370529178 29.249867633601003
vertex -16.249961370529178 -12.999906263071821 29.249867633601003
endloop
endfacet
facet normal 0 0 -1
outer loop
vertex 0 -15.16671439029593 29.249867633601003
vertex -16.249961370529178 -12.999906263071821 29.249867633601003
vertex 16.249961370529178 -12.999906263071821 29.249867633601003
endloop
endfacet
facet normal 0 0 -1
outer loop
vertex 0 -18.416769497753286 29.249867633601003
vertex 13.00022042982943 -16.249961370529178 29.249867633601003
vertex 13.00022042982943 -19.500016477986538 29.249867633601003
endloop
endfacet
facet normal 0 0 -1
outer loop
vertex 0 -18.416769497753286 29.249867633601003
vertex 13.00022042982943 -19.500016477986538 29.249867633601003
vertex 6.500110214914715 -19.500016477986538 29.249867633601003
endloop
endfacet
facet normal 0 0 -1
outer loop
vertex 0 -18.416769497753286 29.249867633601003
vertex 6.500110214914715 -19.500016477986538 29.249867633601003
vertex -6.500110214914715 -19.500016477986538 29.249867633601003
endloop
endfacet
facet normal 0 0 -1
outer loop
vertex 0 -18.416769497753286 29.249867633601003
vertex -6.500110214914715 -19.500016477986538 29.249867633601003
vertex -13.00022042982943 -19.500016477986538 29.249867633601003
endloop
endfacet
facet normal 0 0 -1
outer loop
vertex 0 -18.416769497753286 29.249867633601003
vertex -13.00022042982943 -19.500016477986538 29.249867633601003
vertex -13.00022042982943 -16.249961370529178 29.249867633601003
endloop
endfacet
facet normal 0 0 -0.9999999999999999
outer loop
vertex 0 -18.416769497753286 29.249867633601003
vertex -13.00022042982943 -16.249961370529178 29.249867633601003
vertex 13.00022042982943 -16.249961370529178 29.249867633601003
endloop
endfacet
facet normal 0 0 -1
outer loop
vertex 6.500110214914715 -19.500016477986538 29.249867633601003
vertex 6.500110214914715 -22.750071585443894 29.249867633601003
vertex -6.500110214914715 -22.750071585443894 29.249867633601003
endloop
endfacet
facet normal 0 0 -1
outer loop
vertex 6.500110214914715 -19.500016477986538 29.249867633601003
vertex -6.500110214914715 -22.750071585443894 29.249867633601003
vertex -6.500110214914715 -19.500016477986538 29.249867633601003
endloop
endfacet
facet normal 1 0 0
outer loop
vertex -1.675137151567195 1.675137151567195 29.249867633601003
vertex -1.675137151567195 1.675137151567195 32.499922741058356
vertex -1.675137151567195 -1.675137151567195 32.499922741058356
endloop
endfacet
facet normal 1 0 0
outer loop
vertex -1.675137151567195 1.675137151567195 29.249867633601003
vertex -1.675137151567195 -1.675137151567195 32.499922741058356
vertex -1.675137151567195 -1.675137151567195 29.249867633601003
endloop
endfacet
facet normal -1 0 0
outer loop
vertex 1.675137151567195 -1.675137151567195 29.249867633601003
vertex 1.675137151567195 -1.675137151567195 32.499922741058356
vertex 1.675137151567195 1.675137151567195 32.499922741058356
endloop
endfacet
facet normal -1 0 0
outer loop
vertex 1.675137151567195 -1.675137151567195 29.249867633601003
vertex 1.675137151567195 1.675137151567195 32.499922741058356
vertex 1.675137151567195 1.675137151567195 29.249867633601003
endloop
endfacet
facet normal 0 1 0
outer loop
vertex -1.675137151567195 -1.675137151567195 29.249867633601003
vertex -1.675137151567195 -1.675137151567195 32.499922741058356
vertex 1.675137151567195 -1.675137151567195 32.499922741058356
endloop
endfacet
facet normal 0 1 0
outer loop
vertex -1.675137151567195 -1.675137151567195 29.249867633601003
vertex 1.675137151567195 -1.675137151567195 32.499922741058356
vertex 1.675137151567195 -1.675137151567195 29.249867633601003
endloop
endfacet
facet normal 0 -1 0
outer loop
vertex 1.675137151567195 1.675137151567195 29.249867633601003
vertex 1.675137151567195 1.675137151567195 32.499922741058356
vertex -1.675137151567195 1.675137151567195 32.499922741058356
endloop
endfacet
facet normal 0 -1 0
outer loop
vertex 1.675137151567195 1.675137151567195 29.249867633601003
vertex -1.675137151567195 1.675137151567195 32.499922741058356
vertex -1.675137151567195 1.675137151567195 29.249867633601003
endloop
endfacet
facet normal -1 0 0
outer loop
vertex -16.250056576478627 -9.750033945887177 35.750124468252984
vertex -16.250056576478627 -9.750033945887177 32.500113152957255
vertex -16.250056576478627 -13.000045261182903 32.500113152957255
endloop
endfacet
facet normal -1 0 0
outer loop
vertex -16.250056576478627 -9.750033945887177 35.750124468252984
vertex -16.250056576478627 -13.000045261182903 32.500113152957255
vertex -16.250056576478627 -13.000045261182903 35.750124468252984
endloop
endfacet
facet normal -1 0 0
outer loop
vertex -16.250056576478627 13.000045261182903 35.750124468252984
vertex -16.250056576478627 13.000045261182903 32.500113152957255
vertex -16.250056576478627 9.750033945887177 32.500113152957255
endloop
endfacet
facet normal -1 0 0
outer loop
vertex -16.250056576478627 13.000045261182903 35.750124468252984
vertex -16.250056576478627 9.750033945887177 32.500113152957255
vertex -16.250056576478627 9.750033945887177 35.750124468252984
endloop
endfacet
facet normal 1 0 0
outer loop
vertex 16.250056576478627 9.750033945887177 35.750124468252984
vertex 16.250056576478627 9.750033945887177 32.500113152957255
vertex 16.250056576478627 13.000045261182903 32.500113152957255
endloop
endfacet
facet normal 1 0 0
outer loop
vertex 16.250056576478627 9.750033945887177 35.750124468252984
vertex 16.250056576478627 13.000045261182903 32.500113152957255
vertex 16.250056576478627 13.000045261182903 35.750124468252984
endloop
endfacet
facet normal 1 0 0
outer loop
vertex 16.250056576478627 -13.000045261182903 35.750124468252984
vertex 16.250056576478627 -13.000045261182903 32.500113152957255
vertex 16.250056576478627 -9.750033945887177 32.500113152957255
endloop
endfacet
facet normal 1 0 0
outer loop
vertex 16.250056576478627 -13.000045261182903 35.750124468252984
vertex 16.250056576478627 -9.750033945887177 32.500113152957255
vertex 16.250056576478627 -9.750033945887177 35.750124468252984
endloop
endfacet
facet normal 0 1 0
outer loop
vertex -13.000045261182903 13.000045261182903 35.750124468252984
vertex -13.000045261182903 13.000045261182903 32.500113152957255
vertex -16.250056576478627 13.000045261182903 32.500113152957255
endloop
endfacet
facet normal 0 1 0
outer loop
vertex -13.000045261182903 13.000045261182903 35.750124468252984
vertex -16.250056576478627 13.000045261182903 32.500113152957255
vertex -16.250056576478627 13.000045261182903 35.750124468252984
endloop
endfacet
facet normal 0 1 0
outer loop
vertex 16.250056576478627 13.000045261182903 35.750124468252984
vertex 16.250056576478627 13.000045261182903 32.500113152957255
vertex 13.000045261182903 13.000045261182903 32.500113152957255
endloop
endfacet
facet normal 0 1 0
outer loop
vertex 16.250056576478627 13.000045261182903 35.750124468252984
vertex 13.000045261182903 13.000045261182903 32.500113152957255
vertex 13.000045261182903 13.000045261182903 35.750124468252984
endloop
endfacet
facet normal -1 0 0
outer loop
vertex -13.000045261182903 -13.000045261182903 35.750124468252984
vertex -13.000045261182903 -13.000045261182903 32.500113152957255
vertex -13.000045261182903 -16.250056576478627 32.500113152957255
endloop
endfacet
facet normal -1 0 0
outer loop
vertex -13.000045261182903 -13.000045261182903 35.750124468252984
vertex -13.000045261182903 -16.250056576478627 32.500113152957255
vertex -13.000045261182903 -16.250056576478627 35.750124468252984
endloop
endfacet
facet normal -1 0 0
outer loop
vertex -13.000045261182903 16.250056576478627 35.750124468252984
vertex -13.000045261182903 16.250056576478627 32.500113152957255
vertex -13.000045261182903 13.000045261182903 32.500113152957255
endloop
endfacet
facet normal -1 0 0
outer loop
vertex -13.000045261182903 16.250056576478627 35.750124468252984
vertex -13.000045261182903 13.000045261182903 32.500113152957255
vertex -13.000045261182903 13.000045261182903 35.750124468252984
endloop
endfacet
facet normal 1 0 0
outer loop
vertex 13.000045261182903 13.000045261182903 35.750124468252984
vertex 13.000045261182903 13.000045261182903 32.500113152957255
vertex 13.000045261182903 16.250056576478627 32.500113152957255
endloop
endfacet
facet normal 1 0 0
outer loop
vertex 13.000045261182903 13.000045261182903 35.750124468252984
vertex 13.000045261182903 16.250056576478627 32.500113152957255
vertex 13.000045261182903 16.250056576478627 35.750124468252984
endloop
endfacet
facet normal 1 0 0
outer loop
vertex 13.000045261182903 -16.250056576478627 35.750124468252984
vertex 13.000045261182903 -16.250056576478627 32.500113152957255
vertex 13.000045261182903 -13.000045261182903 32.500113152957255
endloop
endfacet
facet normal 1 0 0
outer loop
vertex 13.000045261182903 -16.250056576478627 35.750124468252984
vertex 13.000045261182903 -13.000045261182903 32.500113152957255
vertex 13.000045261182903 -13.000045261182903 35.750124468252984
endloop
endfacet
facet normal 0 -1 0
outer loop
vertex 9.750033945887177 -16.250056576478627 35.750124468252984
vertex 9.750033945887177 -16.250056576478627 32.500113152957255
vertex 13.000045261182903 -16.250056576478627 32.500113152957255
endloop
endfacet
facet normal 0 -1 0
outer loop
vertex 9.750033945887177 -16.250056576478627 35.750124468252984
vertex 13.000045261182903 -16.250056576478627 32.500113152957255
vertex 13.000045261182903 -16.250056576478627 35.750124468252984
endloop
endfacet
facet normal 0 -1 0
outer loop
vertex -13.000045261182903 -16.250056576478627 35.750124468252984
vertex -13.000045261182903 -16.250056576478627 32.500113152957255
vertex -9.750033945887177 -16.250056576478627 32.500113152957255
endloop
endfacet
facet normal 0 -1 0
outer loop
vertex -13.000045261182903 -16.250056576478627 35.750124468252984
vertex -9.750033945887177 -16.250056576478627 32.500113152957255
vertex -9.750033945887177 -16.250056576478627 35.750124468252984
endloop
endfacet
facet normal -1 0 0
outer loop
vertex -9.750033945887177 -16.250056576478627 35.750124468252984
vertex -9.750033945887177 -16.250056576478627 32.500113152957255
vertex -9.750033945887177 -19.500067891774354 32.500113152957255
endloop
endfacet
facet normal -1 0 0
outer loop
vertex -9.750033945887177 -16.250056576478627 35.750124468252984
vertex -9.750033945887177 -19.500067891774354 32.500113152957255
vertex -9.750033945887177 -19.500067891774354 35.750124468252984
endloop
endfacet
facet normal -1 0 0
outer loop
vertex -9.750033945887177 19.500067891774354 35.750124468252984
vertex -9.750033945887177 19.500067891774354 32.500113152957255
vertex -9.750033945887177 16.250056576478627 32.500113152957255
endloop
endfacet
facet normal -1 0 0
outer loop
vertex -9.750033945887177 19.500067891774354 35.750124468252984
vertex -9.750033945887177 16.250056576478627 32.500113152957255
vertex -9.750033945887177 16.250056576478627 35.750124468252984
endloop
endfacet
facet normal 0 -1 0
outer loop
vertex -9.750033945887177 -19.500067891774354 35.750124468252984
vertex -9.750033945887177 -19.500067891774354 32.500113152957255
vertex 9.750033945887177 -19.500067891774354 32.500113152957255
endloop
endfacet
facet normal 0 -1 0
outer loop
vertex -9.750033945887177 -19.500067891774354 35.750124468252984
vertex 9.750033945887177 -19.500067891774354 32.500113152957255
vertex 9.750033945887177 -19.500067891774354 35.750124468252984
endloop
endfacet
facet normal 1 0 0
outer loop
vertex 9.750033945887177 16.250056576478627 35.750124468252984
vertex 9.750033945887177 16.250056576478627 32.500113152957255
vertex 9.750033945887177 19.500067891774354 32.500113152957255
endloop
endfacet
facet normal 1 0 0
outer loop
vertex 9.750033945887177 16.250056576478627 35.750124468252984
vertex 9.750033945887177 19.500067891774354 32.500113152957255
vertex 9.750033945887177 19.500067891774354 35.750124468252984
endloop
endfacet
facet normal 1 0 0
outer loop
vertex 9.750033945887177 -19.500067891774354 35.750124468252984
vertex 9.750033945887177 -19.500067891774354 32.500113152957255
vertex 9.750033945887177 -16.250056576478627 32.500113152957255
endloop
endfacet
facet normal 1 0 0
outer loop
vertex 9.750033945887177 -19.500067891774354 35.750124468252984
vertex 9.750033945887177 -16.250056576478627 32.500113152957255
vertex 9.750033945887177 -16.250056576478627 35.750124468252984
endloop
endfacet
facet normal 0 1 0
outer loop
vertex -9.750033945887177 16.250056576478627 35.750124468252984
vertex -9.750033945887177 16.250056576478627 32.500113152957255
vertex -13.000045261182903 16.250056576478627 32.500113152957255
endloop
endfacet
facet normal 0 1 0
outer loop
vertex -9.750033945887177 16.250056576478627 35.750124468252984
vertex -13.000045261182903 16.250056576478627 32.500113152957255
vertex -13.000045261182903 16.250056576478627 35.750124468252984
endloop
endfacet
facet normal 0 1 0
outer loop
vertex 13.000045261182903 16.250056576478627 35.750124468252984
vertex 13.000045261182903 16.250056576478627 32.500113152957255
vertex 9.750033945887177 16.250056576478627 32.500113152957255
endloop
endfacet
facet normal 0 1 0
outer loop
vertex 13.000045261182903 16.250056576478627 35.750124468252984
vertex 9.750033945887177 16.250056576478627 32.500113152957255
vertex 9.750033945887177 16.250056576478627 35.750124468252984
endloop
endfacet
facet normal 0 1 0
outer loop
vertex 9.750033945887177 19.500067891774354 35.750124468252984
vertex 9.750033945887177 19.500067891774354 32.500113152957255
vertex -9.750033945887177 19.500067891774354 32.500113152957255
endloop
endfacet
facet normal 0 1 0
outer loop
vertex 9.750033945887177 19.500067891774354 35.750124468252984
vertex -9.750033945887177 19.500067891774354 32.500113152957255
vertex -9.750033945887177 19.500067891774354 35.750124468252984
endloop
endfacet
facet normal -1 0 0
outer loop
vertex -19.500067891774354 -3.2500113152957257 35.750124468252984
vertex -19.500067891774354 -3.2500113152957257 32.500113152957255
vertex -19.500067891774354 -9.750033945887177 32.500113152957255
endloop
endfacet
facet normal -1 0 0
outer loop
vertex -19.500067891774354 -3.2500113152957257 35.750124468252984
vertex -19.500067891774354 -9.750033945887177 32.500113152957255
vertex -19.500067891774354 -9.750033945887177 35.750124468252984
endloop
endfacet
facet normal -0.9999999999999999 0 0
outer loop
vertex -19.500067891774354 1.6417973827768908 34.125118810605116
vertex -19.500067891774354 1.675109998758672 35.750124468252984
vertex -19.500067891774354 3.2500113152957257 35.750124468252984
endloop
endfacet
facet normal -1 0 0
outer loop
vertex -19.500067891774354 1.6417973827768908 34.125118810605116
vertex -19.500067891774354 3.2500113152957257 35.750124468252984
vertex -19.500067891774354 3.2500113152957257 32.500113152957255
endloop
endfacet
facet normal -1 0 0
outer loop
vertex -19.500067891774354 1.6417973827768908 34.125118810605116
vertex -19.500067891774354 3.2500113152957257 32.500113152957255
vertex -19.500067891774354 1.675109998758672 32.500113152957255
endloop
endfacet
facet normal -1 0 0
outer loop
vertex -19.500067891774354 1.6417973827768908 34.125118810605116
vertex -19.500067891774354 1.675109998758672 32.500113152957255
vertex -19.500067891774354 0 32.500113152957255
endloop
endfacet
facet normal -1 0 0
outer loop
vertex -19.500067891774354 1.6417973827768908 34.125118810605116
vertex -19.500067891774354 0 32.500113152957255
vertex -19.500067891774354 0 35.750124468252984
endloop
endfacet
facet normal -1 0 0
outer loop
vertex -19.500067891774354 1.6417973827768908 34.125118810605116
vertex -19.500067891774354 0 35.750124468252984
vertex -19.500067891774354 1.675109998758672 35.750124468252984
endloop
endfacet
facet normal -1 0 0
outer loop
vertex -19.500067891774354 9.750033945887177 35.750124468252984
vertex -19.500067891774354 9.750033945887177 32.500113152957255
vertex -19.500067891774354 6.5000226305914515 32.500113152957255
endloop
endfacet
facet normal -1 0 0
outer loop
vertex -19.500067891774354 9.750033945887177 35.750124468252984
vertex -19.500067891774354 6.5000226305914515 32.500113152957255
vertex -19.500067891774354 6.5000226305914515 35.750124468252984
endloop
endfacet
facet normal 1 0 0
outer loop
vertex 19.500067891774354 6.5000226305914515 35.750124468252984
vertex 19.500067891774354 6.5000226305914515 32.500113152957255
vertex 19.500067891774354 9.750033945887177 32.500113152957255
endloop
endfacet
facet normal 1 0 0
outer loop
vertex 19.500067891774354 6.5000226305914515 35.750124468252984
vertex 19.500067891774354 9.750033945887177 32.500113152957255
vertex 19.500067891774354 9.750033945887177 35.750124468252984
endloop
endfacet
facet normal 1 0 0
outer loop
vertex 19.500067891774354 1.6417973827768908 34.125118810605116
vertex 19.500067891774354 1.675109998758672 35.750124468252984
vertex 19.500067891774354 0 35.750124468252984
endloop
endfacet
facet normal 1 0 0
outer loop
vertex 19.500067891774354 1.6417973827768908 34.125118810605116
vertex 19.500067891774354 0 35.750124468252984
vertex 19.500067891774354 0 32.500113152957255
endloop
endfacet
facet normal 1 0 0
outer loop
vertex 19.500067891774354 1.6417973827768908 34.125118810605116
vertex 19.500067891774354 0 32.500113152957255
vertex 19.500067891774354 1.675109998758672 32.500113152957255
endloop
endfacet
facet normal 1 0 0
outer loop
vertex 19.500067891774354 1.6417973827768908 34.125118810605116
vertex 19.500067891774354 1.675109998758672 32.500113152957255
vertex 19.500067891774354 3.2500113152957257 32.500113152957255
endloop
endfacet
facet normal 1 0 0
outer loop
vertex 19.500067891774354 1.6417973827768908 34.125118810605116
vertex 19.500067891774354 3.2500113152957257 32.500113152957255
vertex 19.500067891774354 3.2500113152957257 35.750124468252984
endloop
endfacet
facet normal 0.9999999999999999 0 0
outer loop
vertex 19.500067891774354 1.6417973827768908 34.125118810605116
vertex 19.500067891774354 3.2500113152957257 35.750124468252984
vertex 19.500067891774354 1.675109998758672 35.750124468252984
endloop
endfacet
facet normal 1 0 0
outer loop
vertex 19.500067891774354 -9.750033945887177 35.750124468252984
vertex 19.500067891774354 -9.750033945887177 32.500113152957255
vertex 19.500067891774354 -3.2500113152957257 32.500113152957255
endloop
endfacet
facet normal 1 0 0
outer loop
vertex 19.500067891774354 -9.750033945887177 35.750124468252984
vertex 19.500067891774354 -3.2500113152957257 32.500113152957255
vertex 19.500067891774354 -3.2500113152957257 35.750124468252984
endloop
endfacet
facet normal 0 1 0
outer loop
vertex -19.49979705749808 -3.2500113152957257 35.750124468252984
vertex -19.49979705749808 -3.2500113152957257 32.500113152957255
vertex -19.500067891774354 -3.2500113152957257 32.500113152957255
endloop
endfacet
facet normal 0 1 0
outer loop
vertex -19.49979705749808 -3.2500113152957257 35.750124468252984
vertex -19.500067891774354 -3.2500113152957257 32.500113152957255
vertex -19.500067891774354 -3.2500113152957257 35.750124468252984
endloop
endfacet
facet normal 0 1 0
outer loop
vertex 19.500067891774354 -3.2500113152957257 35.750124468252984
vertex 19.500067891774354 -3.2500113152957257 32.500113152957255
vertex 19.49979705749808 -3.2500113152957257 32.500113152957255
endloop
endfacet
facet normal 0 1 0
outer loop
vertex 19.500067891774354 -3.2500113152957257 35.750124468252984
vertex 19.49979705749808 -3.2500113152957257 32.500113152957255
vertex 19.49979705749808 -3.2500113152957257 35.750124468252984
endloop
endfacet
facet normal 0 -1 0
outer loop
vertex 16.250056576478627 -9.750033945887177 35.750124468252984
vertex 16.250056576478627 -9.750033945887177 32.500113152957255
vertex 19.500067891774354 -9.750033945887177 32.500113152957255
endloop
endfacet
facet normal 0 -1 0
outer loop
vertex 16.250056576478627 -9.750033945887177 35.750124468252984
vertex 19.500067891774354 -9.750033945887177 32.500113152957255
vertex 19.500067891774354 -9.750033945887177 35.750124468252984
endloop
endfacet
facet normal 0 -1 0
outer loop
vertex -19.500067891774354 -9.750033945887177 35.750124468252984
vertex -19.500067891774354 -9.750033945887177 32.500113152957255
vertex -16.250056576478627 -9.750033945887177 32.500113152957255
endloop
endfacet
facet normal 0 -1 0
outer loop
vertex -19.500067891774354 -9.750033945887177 35.750124468252984
vertex -16.250056576478627 -9.750033945887177 32.500113152957255
vertex -16.250056576478627 -9.750033945887177 35.750124468252984
endloop
endfacet
facet normal 0 -1 0
outer loop
vertex 19.49979705749808 6.5000226305914515 35.750124468252984
vertex 19.49979705749808 6.5000226305914515 32.500113152957255
vertex 19.500067891774354 6.5000226305914515 32.500113152957255
endloop
endfacet
facet normal 0 -1 0
outer loop
vertex 19.49979705749808 6.5000226305914515 35.750124468252984
vertex 19.500067891774354 6.5000226305914515 32.500113152957255
vertex 19.500067891774354 6.5000226305914515 35.750124468252984
endloop
endfacet
facet normal 0 -1 0
outer loop
vertex -19.500067891774354 6.5000226305914515 35.750124468252984
vertex -19.500067891774354 6.5000226305914515 32.500113152957255
vertex -19.49979705749808 6.5000226305914515 32.500113152957255
endloop
endfacet
facet normal 0 -1 0
outer loop
vertex -19.500067891774354 6.5000226305914515 35.750124468252984
vertex -19.49979705749808 6.5000226305914515 32.500113152957255
vertex -19.49979705749808 6.5000226305914515 35.750124468252984
endloop
endfacet
facet normal 0 -1 0
outer loop
vertex 19.49979705749808 0 35.750124468252984
vertex 19.49979705749808 0 32.500113152957255
vertex 19.500067891774354 0 32.500113152957255
endloop
endfacet
facet normal 0 -1 0
outer loop
vertex 19.49979705749808 0 35.750124468252984
vertex 19.500067891774354 0 32.500113152957255
vertex 19.500067891774354 0 35.750124468252984
endloop
endfacet
facet normal 0 -1 0
outer loop
vertex -19.500067891774354 0 35.750124468252984
vertex -19.500067891774354 0 32.500113152957255
vertex -19.49979705749808 0 32.500113152957255
endloop
endfacet
facet normal 0 -1 0
outer loop
vertex -19.500067891774354 0 35.750124468252984
vertex -19.49979705749808 0 32.500113152957255
vertex -19.49979705749808 0 35.750124468252984
endloop
endfacet
facet normal -1 0 0
outer loop
vertex -19.49979705749808 -1.6417973827768908 34.125118810605116
vertex -19.49979705749808 -1.675109998758672 35.750124468252984
vertex -19.49979705749808 0 35.750124468252984
endloop
endfacet
facet normal -1 0 0
outer loop
vertex -19.49979705749808 -1.6417973827768908 34.125118810605116
vertex -19.49979705749808 0 35.750124468252984
vertex -19.49979705749808 0 32.500113152957255
endloop
endfacet
facet normal -1 0 0
outer loop
vertex -19.49979705749808 -1.6417973827768908 34.125118810605116
vertex -19.49979705749808 0 32.500113152957255
vertex -19.49979705749808 -1.675109998758672 32.500113152957255
endloop
endfacet
facet normal -1 0 0
outer loop
vertex -19.49979705749808 -1.6417973827768908 34.125118810605116
vertex -19.49979705749808 -1.675109998758672 32.500113152957255
vertex -19.49979705749808 -3.2500113152957257 32.500113152957255
endloop
endfacet
facet normal -1 0 0
outer loop
vertex -19.49979705749808 -1.6417973827768908 34.125118810605116
vertex -19.49979705749808 -3.2500113152957257 32.500113152957255
vertex -19.49979705749808 -3.2500113152957257 35.750124468252984
endloop
endfacet
facet normal -0.9999999999999999 0 0
outer loop
vertex -19.49979705749808 -1.6417973827768908 34.125118810605116
vertex -19.49979705749808 -3.2500113152957257 35.750124468252984
vertex -19.49979705749808 -1.675109998758672 35.750124468252984
endloop
endfacet
facet normal -1 0 0
outer loop
vertex -19.49979705749808 6.5000226305914515 35.750124468252984
vertex -19.49979705749808 6.5000226305914515 32.500113152957255
vertex -19.49979705749808 3.2500113152957257 32.500113152957255
endloop
endfacet
facet normal -1 0 0
outer loop
vertex -19.49979705749808 6.5000226305914515 35.750124468252984
vertex -19.49979705749808 3.2500113152957257 32.500113152957255
vertex -19.49979705749808 3.2500113152957257 35.750124468252984
endloop
endfacet
facet normal 1 0 0
outer loop
vertex 19.49979705749808 3.2500113152957257 35.750124468252984
vertex 19.49979705749808 3.2500113152957257 32.500113152957255
vertex 19.49979705749808 6.5000226305914515 32.500113152957255
endloop
endfacet
facet normal 1 0 0
outer loop
vertex 19.49979705749808 3.2500113152957257 35.750124468252984
vertex 19.49979705749808 6.5000226305914515 32.500113152957255
vertex 19.49979705749808 6.5000226305914515 35.750124468252984
endloop
endfacet
facet normal 0.9999999999999999 0 0
outer loop
vertex 19.49979705749808 -1.6417973827768908 34.125118810605116
vertex 19.49979705749808 -1.675109998758672 35.750124468252984
vertex 19.49979705749808 -3.2500113152957257 35.750124468252984
endloop
endfacet
facet normal 1 0 0
outer loop
vertex 19.49979705749808 -1.6417973827768908 34.125118810605116
vertex 19.49979705749808 -3.2500113152957257 35.750124468252984
vertex 19.49979705749808 -3.2500113152957257 32.500113152957255
endloop
endfacet
facet normal 1 0 0
outer loop
vertex 19.49979705749808 -1.6417973827768908 34.125118810605116
vertex 19.49979705749808 -3.2500113152957257 32.500113152957255
vertex 19.49979705749808 -1.675109998758672 32.500113152957255
endloop
endfacet
facet normal 1 0 0
outer loop
vertex 19.49979705749808 -1.6417973827768908 34.125118810605116
vertex 19.49979705749808 -1.675109998758672 32.500113152957255
vertex 19.49979705749808 0 32.500113152957255
endloop
endfacet
facet normal 1 0 0
outer loop
vertex 19.49979705749808 -1.6417973827768908 34.125118810605116
vertex 19.49979705749808 0 32.500113152957255
vertex 19.49979705749808 0 35.750124468252984
endloop
endfacet
facet normal 1 0 0
outer loop
vertex 19.49979705749808 -1.6417973827768908 34.125118810605116
vertex 19.49979705749808 0 35.750124468252984
vertex 19.49979705749808 -1.675109998758672 35.750124468252984
endloop
endfacet
facet normal 0 1 0
outer loop
vertex -19.49979705749808 3.2500113152957257 35.750124468252984
vertex -19.49979705749808 3.2500113152957257 32.500113152957255
vertex -19.500067891774354 3.2500113152957257 32.500113152957255
endloop
endfacet
facet normal 0 1 0
outer loop
vertex -19.49979705749808 3.2500113152957257 35.750124468252984
vertex -19.500067891774354 3.2500113152957257 32.500113152957255
vertex -19.500067891774354 3.2500113152957257 35.750124468252984
endloop
endfacet
facet normal 0 1 0
outer loop
vertex 19.500067891774354 3.2500113152957257 35.750124468252984
vertex 19.500067891774354 3.2500113152957257 32.500113152957255
vertex 19.49979705749808 3.2500113152957257 32.500113152957255
endloop
endfacet
facet normal 0 1 0
outer loop
vertex 19.500067891774354 3.2500113152957257 35.750124468252984
vertex 19.49979705749808 3.2500113152957257 32.500113152957255
vertex 19.49979705749808 3.2500113152957257 35.750124468252984
endloop
endfacet
facet normal 0 -1 0
outer loop
vertex 13.000045261182903 -13.000045261182903 35.750124468252984
vertex 13.000045261182903 -13.000045261182903 32.500113152957255
vertex 16.250056576478627 -13.000045261182903 32.500113152957255
endloop
endfacet
facet normal 0 -1 0
outer loop
vertex 13.000045261182903 -13.000045261182903 35.750124468252984
vertex 16.250056576478627 -13.000045261182903 32.500113152957255
vertex 16.250056576478627 -13.000045261182903 35.750124468252984
endloop
endfacet
facet normal 0 -1 0
outer loop
vertex -16.250056576478627 -13.000045261182903 35.750124468252984
vertex -16.250056576478627 -13.000045261182903 32.500113152957255
vertex -13.000045261182903 -13.000045261182903 32.500113152957255
endloop
endfacet
facet normal 0 -1 0
outer loop
vertex -16.250056576478627 -13.000045261182903 35.750124468252984
vertex -13.000045261182903 -13.000045261182903 32.500113152957255
vertex -13.000045261182903 -13.000045261182903 35.750124468252984
endloop
endfacet
facet normal 0 1 0
outer loop
vertex -16.250056576478627 9.750033945887177 35.750124468252984
vertex -16.250056576478627 9.750033945887177 32.500113152957255
vertex -19.500067891774354 9.750033945887177 32.500113152957255
endloop
endfacet
facet normal 0 1 0
outer loop
vertex -16.250056576478627 9.750033945887177 35.750124468252984
vertex -19.500067891774354 9.750033945887177 32.500113152957255
vertex -19.500067891774354 9.750033945887177 35.750124468252984
endloop
endfacet
facet normal 0 1 0
outer loop
vertex 19.500067891774354 9.750033945887177 35.750124468252984
vertex 19.500067891774354 9.750033945887177 32.500113152957255
vertex 16.250056576478627 9.750033945887177 32.500113152957255
endloop
endfacet
facet normal 0 1 0
outer loop
vertex 19.500067891774354 9.750033945887177 35.750124468252984
vertex 16.250056576478627 9.750033945887177 32.500113152957255
vertex 16.250056576478627 9.750033945887177 35.750124468252984
endloop
endfacet
facet normal 0 0 1
outer loop
vertex -9.750033945887177 19.500067891774354 35.750124468252984
vertex -9.750033945887177 16.250056576478627 35.750124468252984
vertex 9.750033945887177 16.250056576478627 35.750124468252984
endloop
endfacet
facet normal 0 0 1
outer loop
vertex -9.750033945887177 19.500067891774354 35.750124468252984
vertex 9.750033945887177 16.250056576478627 35.750124468252984
vertex 9.750033945887177 19.500067891774354 35.750124468252984
endloop
endfacet
facet normal 0 0 1
outer loop
vertex 0 15.166719471380054 35.750124468252984
vertex 9.750033945887177 16.250056576478627 35.750124468252984
vertex -9.750033945887177 16.250056576478627 35.750124468252984
endloop
endfacet
facet normal 0 0 0.9999999999999999
outer loop
vertex 0 15.166719471380054 35.750124468252984
vertex -9.750033945887177 16.250056576478627 35.750124468252984
vertex -13.000045261182903 16.250056576478627 35.750124468252984
endloop
endfacet
facet normal 0 0 1
outer loop
vertex 0 15.166719471380054 35.750124468252984
vertex -13.000045261182903 16.250056576478627 35.750124468252984
vertex -13.000045261182903 13.000045261182903 35.750124468252984
endloop
endfacet
facet normal 0 0 1
outer loop
vertex 0 15.166719471380054 35.750124468252984
vertex -13.000045261182903 13.000045261182903 35.750124468252984
vertex 13.000045261182903 13.000045261182903 35.750124468252984
endloop
endfacet
facet normal 0 0 1
outer loop
vertex 0 15.166719471380054 35.750124468252984
vertex 13.000045261182903 13.000045261182903 35.750124468252984
vertex 13.000045261182903 16.250056576478627 35.750124468252984
endloop
endfacet
facet normal 0 0 0.9999999999999999
outer loop
vertex 0 15.166719471380054 35.750124468252984
vertex 13.000045261182903 16.250056576478627 35.750124468252984
vertex 9.750033945887177 16.250056576478627 35.750124468252984
endloop
endfacet
facet normal 0 0 1
outer loop
vertex 0 11.916708156084328 35.750124468252984
vertex 13.000045261182903 13.000045261182903 35.750124468252984
vertex -13.000045261182903 13.000045261182903 35.750124468252984
endloop
endfacet
facet normal 0 0 1
outer loop
vertex 0 11.916708156084328 35.750124468252984
vertex -13.000045261182903 13.000045261182903 35.750124468252984
vertex -16.250056576478627 13.000045261182903 35.750124468252984
endloop
endfacet
facet normal 0 0 1
outer loop
vertex 0 11.916708156084328 35.750124468252984
vertex -16.250056576478627 13.000045261182903 35.750124468252984
vertex -16.250056576478627 9.750033945887177 35.750124468252984
endloop
endfacet
facet normal 0 0 1
outer loop
vertex 0 11.916708156084328 35.750124468252984
vertex -16.250056576478627 9.750033945887177 35.750124468252984
vertex 16.250056576478627 9.750033945887177 35.750124468252984
endloop
endfacet
facet normal 0 0 1
outer loop
vertex 0 11.916708156084328 35.750124468252984
vertex 16.250056576478627 9.750033945887177 35.750124468252984
vertex 16.250056576478627 13.000045261182903 35.750124468252984
endloop
endfacet
facet normal 0 0 1
outer loop
vertex 0 11.916708156084328 35.750124468252984
vertex 16.250056576478627 13.000045261182903 35.750124468252984
vertex 13.000045261182903 13.000045261182903 35.750124468252984
endloop
endfacet
facet normal 0 0 1
outer loop
vertex 0 8.125028288239314 35.750124468252984
vertex 16.250056576478627 9.750033945887177 35.750124468252984
vertex -16.250056576478627 9.750033945887177 35.750124468252984
endloop
endfacet
facet normal 0 0 0.9999999999999999
outer loop
vertex 0 8.125028288239314 35.750124468252984
vertex -16.250056576478627 9.750033945887177 35.750124468252984
vertex -19.500067891774354 9.750033945887177 35.750124468252984
endloop
endfacet
facet normal 0 0 1
outer loop
vertex 0 8.125028288239314 35.750124468252984
vertex -19.500067891774354 9.750033945887177 35.750124468252984
vertex -19.500067891774354 6.5000226305914515 35.750124468252984
endloop
endfacet
facet normal 0 0 1
outer loop
vertex 0 8.125028288239314 35.750124468252984
vertex -19.500067891774354 6.5000226305914515 35.750124468252984
vertex -19.49979705749808 6.5000226305914515 35.750124468252984
endloop
endfacet
facet normal 0 0 1
outer loop
vertex 0 8.125028288239314 35.750124468252984
vertex -19.49979705749808 6.5000226305914515 35.750124468252984
vertex 19.49979705749808 6.5000226305914515 35.750124468252984
endloop
endfacet
facet normal 0 0 1
outer loop
vertex 0 8.125028288239314 35.750124468252984
vertex 19.49979705749808 6.5000226305914515 35.750124468252984
vertex 19.500067891774354 6.5000226305914515 35.750124468252984
endloop
endfacet
facet normal 0 0 1
outer loop
vertex 0 8.125028288239314 35.750124468252984
vertex 19.500067891774354 6.5000226305914515 35.750124468252984
vertex 19.500067891774354 9.750033945887177 35.750124468252984
endloop
endfacet
facet normal 0 0 0.9999999999999999
outer loop
vertex 0 8.125028288239314 35.750124468252984
vertex 19.500067891774354 9.750033945887177 35.750124468252984
vertex 16.250056576478627 9.750033945887177 35.750124468252984
endloop
endfacet
facet normal 0 0 1
outer loop
vertex -19.49979705749808 6.5000226305914515 35.750124468252984
vertex -19.49979705749808 3.2500113152957257 35.750124468252984
vertex 19.49979705749808 3.2500113152957257 35.750124468252984
endloop
endfacet
facet normal 0 0 1
outer loop
vertex -19.49979705749808 6.5000226305914515 35.750124468252984
vertex 19.49979705749808 3.2500113152957257 35.750124468252984
vertex 19.49979705749808 6.5000226305914515 35.750124468252984
endloop
endfacet
facet normal 0 0 0.9999999999999999
outer loop
vertex 0 2.4626960741653363 35.750124468252984
vertex 19.49979705749808 3.2500113152957257 35.750124468252984
vertex -19.49979705749808 3.2500113152957257 35.750124468252984
endloop
endfacet
facet normal 0 0 1
outer loop
vertex 0 2.4626960741653363 35.750124468252984
vertex -19.49979705749808 3.2500113152957257 35.750124468252984
vertex -19.500067891774354 3.2500113152957257 35.750124468252984
endloop
endfacet
facet normal 0 0 0.9999999999999999
outer loop
vertex 0 2.4626960741653363 35.750124468252984
vertex -19.500067891774354 3.2500113152957257 35.750124468252984
vertex -19.500067891774354 1.675109998758672 35.750124468252984
endloop
endfacet
facet normal 0 0 1
outer loop
vertex 0 2.4626960741653363 35.750124468252984
vertex -19.500067891774354 1.675109998758672 35.750124468252984
vertex -1.675109998758672 1.675109998758672 35.750124468252984
endloop
endfacet
facet normal 0 0 1
outer loop
vertex 0 2.4626960741653363 35.750124468252984
vertex -1.675109998758672 1.675109998758672 35.750124468252984
vertex 1.675109998758672 1.675109998758672 35.750124468252984
endloop
endfacet
facet normal 0 0 1
outer loop
vertex 0 2.4626960741653363 35.750124468252984
vertex 1.675109998758672 1.675109998758672 35.750124468252984
vertex 19.500067891774354 1.675109998758672 35.750124468252984
endloop
endfacet
facet normal 0 0 0.9999999999999999
outer loop
vertex 0 2.4626960741653363 35.750124468252984
vertex 19.500067891774354 1.675109998758672 35.750124468252984
vertex 19.500067891774354 3.2500113152957257 35.750124468252984
endloop
endfacet
facet normal 0 0 1
outer loop
vertex 0 2.4626960741653363 35.750124468252984
vertex 19.500067891774354 3.2500113152957257 35.750124468252984
vertex 19.49979705749808 3.2500113152957257 35.750124468252984
endloop
endfacet
facet normal 0 0 1
outer loop
vertex 12.370084734568081 0.6700439995034688 35.750124468252984
vertex 1.675109998758672 1.675109998758672 35.750124468252984
vertex 1.675109998758672 0 35.750124468252984
endloop
endfacet
facet normal 0 0 1
outer loop
vertex 12.370084734568081 0.6700439995034688 35.750124468252984
vertex 1.675109998758672 0 35.750124468252984
vertex 19.49979705749808 0 35.750124468252984
endloop
endfacet
facet normal 0 0 1
outer loop
vertex 12.370084734568081 0.6700439995034688 35.750124468252984
vertex 19.49979705749808 0 35.750124468252984
vertex 19.500067891774354 0 35.750124468252984
endloop
endfacet
facet normal 0 0 1
outer loop
vertex 12.370084734568081 0.6700439995034688 35.750124468252984
vertex 19.500067891774354 0 35.750124468252984
vertex 19.500067891774354 1.675109998758672 35.750124468252984
endloop
endfacet
facet normal 0 0 1
outer loop
vertex 12.370084734568081 0.6700439995034688 35.750124468252984
vertex 19.500067891774354 1.675109998758672 35.750124468252984
vertex 1.675109998758672 1.675109998758672 35.750124468252984
endloop
endfacet
facet normal 0 0 1
outer loop
vertex -12.370084734568081 0.6700439995034688 35.750124468252984
vertex -19.500067891774354 1.675109998758672 35.750124468252984
vertex -19.500067891774354 0 35.750124468252984
endloop
endfacet
facet normal 0 0 1
outer loop
vertex -12.370084734568081 0.6700439995034688 35.750124468252984
vertex -19.500067891774354 0 35.750124468252984
vertex -19.49979705749808 0 35.750124468252984
endloop
endfacet
facet normal 0 0 1
outer loop
vertex -12.370084734568081 0.6700439995034688 35.750124468252984
vertex -19.49979705749808 0 35.750124468252984
vertex -1.675109998758672 0 35.750124468252984
endloop
endfacet
facet normal 0 0 1
outer loop
vertex -12.370084734568081 0.6700439995034688 35.750124468252984
vertex -1.675109998758672 0 35.750124468252984
vertex -1.675109998758672 1.675109998758672 35.750124468252984
endloop
endfacet
facet normal 0 0 1
outer loop
vertex -12.370084734568081 0.6700439995034688 35.750124468252984
vertex -1.675109998758672 1.675109998758672 35.750124468252984
vertex -19.500067891774354 1.675109998758672 35.750124468252984
endloop
endfacet
facet normal 0 0 1
outer loop
vertex 1.675109998758672 0 35.750124468252984
vertex 1.675109998758672 -1.675109998758672 35.750124468252984
vertex 19.49979705749808 -1.675109998758672 35.750124468252984
endloop
endfacet
facet normal 0 0 1
outer loop
vertex 1.675109998758672 0 35.750124468252984
vertex 19.49979705749808 -1.675109998758672 35.750124468252984
vertex 19.49979705749808 0 35.750124468252984
endloop
endfacet
facet normal 0 0 1
outer loop
vertex -19.49979705749808 0 35.750124468252984
vertex -19.49979705749808 -1.675109998758672 35.750124468252984
vertex -1.675109998758672 -1.675109998758672 35.750124468252984
endloop
endfacet
facet normal 0 0 1
outer loop
vertex -19.49979705749808 0 35.750124468252984
vertex -1.675109998758672 -1.675109998758672 35.750124468252984
vertex -1.675109998758672 0 35.750124468252984
endloop
endfacet
facet normal 0 0 0.9999999999999999
outer loop
vertex 0 -2.1999868261789315 35.750124468252984
vertex 1.675109998758672 -1.675109998758672 35.750124468252984
vertex -1.675109998758672 -1.675109998758672 35.750124468252984
endloop
endfacet
facet normal 0 0 1
outer loop
vertex 0 -2.1999868261789315 35.750124468252984
vertex -1.675109998758672 -1.675109998758672 35.750124468252984
vertex -19.49979705749808 -1.675109998758672 35.750124468252984
endloop
endfacet
facet normal 0 0 1
outer loop
vertex 0 -2.1999868261789315 35.750124468252984
vertex -19.49979705749808 -1.675109998758672 35.750124468252984
vertex -19.49979705749808 -3.2500113152957257 35.750124468252984
endloop
endfacet
facet normal 0 0 1
outer loop
vertex 0 -2.1999868261789315 35.750124468252984
vertex -19.49979705749808 -3.2500113152957257 35.750124468252984
vertex 19.49979705749808 -3.2500113152957257 35.750124468252984
endloop
endfacet
facet normal 0 0 1
outer loop
vertex 0 -2.1999868261789315 35.750124468252984
vertex 19.49979705749808 -3.2500113152957257 35.750124468252984
vertex 19.49979705749808 -1.675109998758672 35.750124468252984
endloop
endfacet
facet normal 0 0 1
outer loop
vertex 0 -2.1999868261789315 35.750124468252984
vertex 19.49979705749808 -1.675109998758672 35.750124468252984
vertex 1.675109998758672 -1.675109998758672 35.750124468252984
endloop
endfacet
facet normal 0 0 1
outer loop
vertex 0 -6.5000226305914515 35.750124468252984
vertex 19.49979705749808 -3.2500113152957257 35.750124468252984
vertex -19.49979705749808 -3.2500113152957257 35.750124468252984
endloop
endfacet
facet normal 0 0 1
outer loop
vertex 0 -6.5000226305914515 35.750124468252984
vertex -19.49979705749808 -3.2500113152957257 35.750124468252984
vertex -19.500067891774354 -3.2500113152957257 35.750124468252984
endloop
endfacet
facet normal 0 0 1
outer loop
vertex 0 -6.5000226305914515 35.750124468252984
vertex -19.500067891774354 -3.2500113152957257 35.750124468252984
vertex -19.500067891774354 -9.750033945887177 35.750124468252984
endloop
endfacet
facet normal 0 0 1
outer loop
vertex 0 -6.5000226305914515 35.750124468252984
vertex -19.500067891774354 -9.750033945887177 35.750124468252984
vertex -16.250056576478627 -9.750033945887177 35.750124468252984
endloop
endfacet
facet normal 0 0 1
outer loop
vertex 0 -6.5000226305914515 35.750124468252984
vertex -16.250056576478627 -9.750033945887177 35.750124468252984
vertex 16.250056576478627 -9.750033945887177 35.750124468252984
endloop
endfacet
facet normal 0 0 1
outer loop
vertex 0 -6.5000226305914515 35.750124468252984
vertex 16.250056576478627 -9.750033945887177 35.750124468252984
vertex 19.500067891774354 -9.750033945887177 35.750124468252984
endloop
endfacet
facet normal 0 0 1
outer loop
vertex 0 -6.5000226305914515 35.750124468252984
vertex 19.500067891774354 -9.750033945887177 35.750124468252984
vertex 19.500067891774354 -3.2500113152957257 35.750124468252984
endloop
endfacet
facet normal 0 0 1
outer loop
vertex 0 -6.5000226305914515 35.750124468252984
vertex 19.500067891774354 -3.2500113152957257 35.750124468252984
vertex 19.49979705749808 -3.2500113152957257 35.750124468252984
endloop
endfacet
facet normal 0 0 1
outer loop
vertex 0 -11.916708156084328 35.750124468252984
vertex -16.250056576478627 -9.750033945887177 35.750124468252984
vertex -16.250056576478627 -13.000045261182903 35.750124468252984
endloop
endfacet
facet normal 0 0 1
outer loop
vertex 0 -11.916708156084328 35.750124468252984
vertex -16.250056576478627 -13.000045261182903 35.750124468252984
vertex -13.000045261182903 -13.000045261182903 35.750124468252984
endloop
endfacet
facet normal 0 0 1
outer loop
vertex 0 -11.916708156084328 35.750124468252984
vertex -13.000045261182903 -13.000045261182903 35.750124468252984
vertex 13.000045261182903 -13.000045261182903 35.750124468252984
endloop
endfacet
facet normal 0 0 1
outer loop
vertex 0 -11.916708156084328 35.750124468252984
vertex 13.000045261182903 -13.000045261182903 35.750124468252984
vertex 16.250056576478627 -13.000045261182903 35.750124468252984
endloop
endfacet
facet normal 0 0 1
outer loop
vertex 0 -11.916708156084328 35.750124468252984
vertex 16.250056576478627 -13.000045261182903 35.750124468252984
vertex 16.250056576478627 -9.750033945887177 35.750124468252984
endloop
endfacet
facet normal 0 0 1
outer loop
vertex 0 -11.916708156084328 35.750124468252984
vertex 16.250056576478627 -9.750033945887177 35.750124468252984
vertex -16.250056576478627 -9.750033945887177 35.750124468252984
endloop
endfacet
facet normal 0 0 1
outer loop
vertex 0 -15.166719471380054 35.750124468252984
vertex -13.000045261182903 -13.000045261182903 35.750124468252984
vertex -13.000045261182903 -16.250056576478627 35.750124468252984
endloop
endfacet
facet normal 0 0 0.9999999999999999
outer loop
vertex 0 -15.166719471380054 35.750124468252984
vertex -13.000045261182903 -16.250056576478627 35.750124468252984
vertex -9.750033945887177 -16.250056576478627 35.750124468252984
endloop
endfacet
facet normal 0 0 1
outer loop
vertex 0 -15.166719471380054 35.750124468252984
vertex -9.750033945887177 -16.250056576478627 35.750124468252984
vertex 9.750033945887177 -16.250056576478627 35.750124468252984
endloop
endfacet
facet normal 0 0 0.9999999999999999
outer loop
vertex 0 -15.166719471380054 35.750124468252984
vertex 9.750033945887177 -16.250056576478627 35.750124468252984
vertex 13.000045261182903 -16.250056576478627 35.750124468252984
endloop
endfacet
facet normal 0 0 1
outer loop
vertex 0 -15.166719471380054 35.750124468252984
vertex 13.000045261182903 -16.250056576478627 35.750124468252984
vertex 13.000045261182903 -13.000045261182903 35.750124468252984
endloop
endfacet
facet normal 0 0 1
outer loop
vertex 0 -15.166719471380054 35.750124468252984
vertex 13.000045261182903 -13.000045261182903 35.750124468252984
vertex -13.000045261182903 -13.000045261182903 35.750124468252984
endloop
endfacet
facet normal 0 0 1
outer loop
vertex -9.750033945887177 -16.250056576478627 35.750124468252984
vertex -9.750033945887177 -19.500067891774354 35.750124468252984
vertex 9.750033945887177 -19.500067891774354 35.750124468252984
endloop
endfacet
facet normal 0 0 1
outer loop
vertex -9.750033945887177 -16.250056576478627 35.750124468252984
vertex 9.750033945887177 -19.500067891774354 35.750124468252984
vertex 9.750033945887177 -16.250056576478627 35.750124468252984
endloop
endfacet
facet normal 0 0 -1
outer loop
vertex 9.750033945887177 19.500067891774354 32.500113152957255
vertex 9.750033945887177 16.250056576478627 32.500113152957255
vertex -9.750033945887177 16.250056576478627 32.500113152957255
endloop
endfacet
facet normal 0 0 -1
outer loop
vertex 9.750033945887177 19.500067891774354 32.500113152957255
vertex -9.750033945887177 16.250056576478627 32.500113152957255
vertex -9.750033945887177 19.500067891774354 32.500113152957255
endloop
endfacet
facet normal 0 0 -1
outer loop
vertex 0 15.166719471380054 32.500113152957255
vertex -9.750033945887177 16.250056576478627 32.500113152957255
vertex 9.750033945887177 16.250056576478627 32.500113152957255
endloop
endfacet
facet normal 0 0 -0.9999999999999999
outer loop
vertex 0 15.166719471380054 32.500113152957255
vertex 9.750033945887177 16.250056576478627 32.500113152957255
vertex 13.000045261182903 16.250056576478627 32.500113152957255
endloop
endfacet
facet normal 0 0 -1
outer loop
vertex 0 15.166719471380054 32.500113152957255
vertex 13.000045261182903 16.250056576478627 32.500113152957255
vertex 13.000045261182903 13.000045261182903 32.500113152957255
endloop
endfacet
facet normal 0 0 -1
outer loop
vertex 0 15.166719471380054 32.500113152957255
vertex 13.000045261182903 13.000045261182903 32.500113152957255
vertex -13.000045261182903 13.000045261182903 32.500113152957255
endloop
endfacet
facet normal 0 0 -1
outer loop
vertex 0 15.166719471380054 32.500113152957255
vertex -13.000045261182903 13.000045261182903 32.500113152957255
vertex -13.000045261182903 16.250056576478627 32.500113152957255
endloop
endfacet
facet normal 0 0 -0.9999999999999999
outer loop
vertex 0 15.166719471380054 32.500113152957255
vertex -13.000045261182903 16.250056576478627 32.500113152957255
vertex -9.750033945887177 16.250056576478627 32.500113152957255
endloop
endfacet
facet normal 0 0 -1
outer loop
vertex 0 11.916708156084328 32.500113152957255
vertex -13.000045261182903 13.000045261182903 32.500113152957255
vertex 13.000045261182903 13.000045261182903 32.500113152957255
endloop
endfacet
facet normal 0 0 -1
outer loop
vertex 0 11.916708156084328 32.500113152957255
vertex 13.000045261182903 13.000045261182903 32.500113152957255
vertex 16.250056576478627 13.000045261182903 32.500113152957255
endloop
endfacet
facet normal 0 0 -1
outer loop
vertex 0 11.916708156084328 32.500113152957255
vertex 16.250056576478627 13.000045261182903 32.500113152957255
vertex 16.250056576478627 9.750033945887177 32.500113152957255
endloop
endfacet
facet normal 0 0 -1
outer loop
vertex 0 11.916708156084328 32.500113152957255
vertex 16.250056576478627 9.750033945887177 32.500113152957255
vertex -16.250056576478627 9.750033945887177 32.500113152957255
endloop
endfacet
facet normal 0 0 -1
outer loop
vertex 0 11.916708156084328 32.500113152957255
vertex -16.250056576478627 9.750033945887177 32.500113152957255
vertex -16.250056576478627 13.000045261182903 32.500113152957255
endloop
endfacet
facet normal 0 0 -1
outer loop
vertex 0 11.916708156084328 32.500113152957255
vertex -16.250056576478627 13.000045261182903 32.500113152957255
vertex -13.000045261182903 13.000045261182903 32.500113152957255
endloop
endfacet
facet normal 0 0 -1
outer loop
vertex 0 8.125028288239314 32.500113152957255
vertex -16.250056576478627 9.750033945887177 32.500113152957255
vertex 16.250056576478627 9.750033945887177 32.500113152957255
endloop
endfacet
facet normal 0 0 -0.9999999999999999
outer loop
vertex 0 8.125028288239314 32.500113152957255
vertex 16.250056576478627 9.750033945887177 32.500113152957255
vertex 19.500067891774354 9.750033945887177 32.500113152957255
endloop
endfacet
facet normal 0 0 -1
outer loop
vertex 0 8.125028288239314 32.500113152957255
vertex 19.500067891774354 9.750033945887177 32.500113152957255
vertex 19.500067891774354 6.5000226305914515 32.500113152957255
endloop
endfacet
facet normal 0 0 -1
outer loop
vertex 0 8.125028288239314 32.500113152957255
vertex 19.500067891774354 6.5000226305914515 32.500113152957255
vertex 19.49979705749808 6.5000226305914515 32.500113152957255
endloop
endfacet
facet normal 0 0 -1
outer loop
vertex 0 8.125028288239314 32.500113152957255
vertex 19.49979705749808 6.5000226305914515 32.500113152957255
vertex -19.49979705749808 6.5000226305914515 32.500113152957255
endloop
endfacet
facet normal 0 0 -1
outer loop
vertex 0 8.125028288239314 32.500113152957255
vertex -19.49979705749808 6.5000226305914515 32.500113152957255
vertex -19.500067891774354 6.5000226305914515 32.500113152957255
endloop
endfacet
facet normal 0 0 -1
outer loop
vertex 0 8.125028288239314 32.500113152957255
vertex -19.500067891774354 6.5000226305914515 32.500113152957255
vertex -19.500067891774354 9.750033945887177 32.500113152957255
endloop
endfacet
facet normal 0 0 -0.9999999999999999
outer loop
vertex 0 8.125028288239314 32.500113152957255
vertex -19.500067891774354 9.750033945887177 32.500113152957255
vertex -16.250056576478627 9.750033945887177 32.500113152957255
endloop
endfacet
facet normal 0 0 -1
outer loop
vertex 19.49979705749808 6.5000226305914515 32.500113152957255
vertex 19.49979705749808 3.2500113152957257 32.500113152957255
vertex -19.49979705749808 3.2500113152957257 32.500113152957255
endloop
endfacet
facet normal 0 0 -1
outer loop
vertex 19.49979705749808 6.5000226305914515 32.500113152957255
vertex -19.49979705749808 3.2500113152957257 32.500113152957255
vertex -19.49979705749808 6.5000226305914515 32.500113152957255
endloop
endfacet
facet normal 0 0 -0.9999999999999999
outer loop
vertex 0 2.4626960741653363 32.500113152957255
vertex -19.49979705749808 3.2500113152957257 32.500113152957255
vertex 19.49979705749808 3.2500113152957257 32.500113152957255
endloop
endfacet
facet normal 0 0 -1
outer loop
vertex 0 2.4626960741653363 32.500113152957255
vertex 19.49979705749808 3.2500113152957257 32.500113152957255
vertex 19.500067891774354 3.2500113152957257 32.500113152957255
endloop
endfacet
facet normal 0 0 -0.9999999999999999
outer loop
vertex 0 2.4626960741653363 32.500113152957255
vertex 19.500067891774354 3.2500113152957257 32.500113152957255
vertex 19.500067891774354 1.675109998758672 32.500113152957255
endloop
endfacet
facet normal 0 0 -1
outer loop
vertex 0 2.4626960741653363 32.500113152957255
vertex 19.500067891774354 1.675109998758672 32.500113152957255
vertex 1.675109998758672 1.675109998758672 32.500113152957255
endloop
endfacet
facet normal 0 0 -1
outer loop
vertex 0 2.4626960741653363 32.500113152957255
vertex 1.675109998758672 1.675109998758672 32.500113152957255
vertex -1.675109998758672 1.675109998758672 32.500113152957255
endloop
endfacet
facet normal 0 0 -1
outer loop
vertex 0 2.4626960741653363 32.500113152957255
vertex -1.675109998758672 1.675109998758672 32.500113152957255
vertex -19.500067891774354 1.675109998758672 32.500113152957255
endloop
endfacet
facet normal 0 0 -0.9999999999999999
outer loop
vertex 0 2.4626960741653363 32.500113152957255
vertex -19.500067891774354 1.675109998758672 32.500113152957255
vertex -19.500067891774354 3.2500113152957257 32.500113152957255
endloop
endfacet
facet normal 0 0 -1
outer loop
vertex 0 2.4626960741653363 32.500113152957255
vertex -19.500067891774354 3.2500113152957257 32.500113152957255
vertex -19.49979705749808 3.2500113152957257 32.500113152957255
endloop
endfacet
facet normal 0 0 -1
outer loop
vertex -12.370084734568081 0.6700439995034688 32.500113152957255
vertex -1.675109998758672 1.675109998758672 32.500113152957255
vertex -1.675109998758672 0 32.500113152957255
endloop
endfacet
facet normal 0 0 -1
outer loop
vertex -12.370084734568081 0.6700439995034688 32.500113152957255
vertex -1.675109998758672 0 32.500113152957255
vertex -19.49979705749808 0 32.500113152957255
endloop
endfacet
facet normal 0 0 -1
outer loop
vertex -12.370084734568081 0.6700439995034688 32.500113152957255
vertex -19.49979705749808 0 32.500113152957255
vertex -19.500067891774354 0 32.500113152957255
endloop
endfacet
facet normal 0 0 -1
outer loop
vertex -12.370084734568081 0.6700439995034688 32.500113152957255
vertex -19.500067891774354 0 32.500113152957255
vertex -19.500067891774354 1.675109998758672 32.500113152957255
endloop
endfacet
facet normal 0 0 -1
outer loop
vertex -12.370084734568081 0.6700439995034688 32.500113152957255
vertex -19.500067891774354 1.675109998758672 32.500113152957255
vertex -1.675109998758672 1.675109998758672 32.500113152957255
endloop
endfacet
facet normal 0 0 -1
outer loop
vertex 12.370084734568081 0.6700439995034688 32.500113152957255
vertex 19.500067891774354 1.675109998758672 32.500113152957255
vertex 19.500067891774354 0 32.500113152957255
endloop
endfacet
facet normal 0 0 -1
outer loop
vertex 12.370084734568081 0.6700439995034688 32.500113152957255
vertex 19.500067891774354 0 32.500113152957255
vertex 19.49979705749808 0 32.500113152957255
endloop
endfacet
facet normal 0 0 -1
outer loop
vertex 12.370084734568081 0.6700439995034688 32.500113152957255
vertex 19.49979705749808 0 32.500113152957255
vertex 1.675109998758672 0 32.500113152957255
endloop
endfacet
facet normal 0 0 -1
outer loop
vertex 12.370084734568081 0.6700439995034688 32.500113152957255
vertex 1.675109998758672 0 32.500113152957255
vertex 1.675109998758672 1.675109998758672 32.500113152957255
endloop
endfacet
facet normal 0 0 -1
outer loop
vertex 12.370084734568081 0.6700439995034688 32.500113152957255
vertex 1.675109998758672 1.675109998758672 32.500113152957255
vertex 19.500067891774354 1.675109998758672 32.500113152957255
endloop
endfacet
facet normal 0 0 -1
outer loop
vertex -1.675109998758672 0 32.500113152957255
vertex -1.675109998758672 -1.675109998758672 32.500113152957255
vertex -19.49979705749808 -1.675109998758672 32.500113152957255
endloop
endfacet
facet normal 0 0 -1
outer loop
vertex -1.675109998758672 0 32.500113152957255
vertex -19.49979705749808 -1.675109998758672 32.500113152957255
vertex -19.49979705749808 0 32.500113152957255
endloop
endfacet
facet normal 0 0 -1
outer loop
vertex 19.49979705749808 0 32.500113152957255
vertex 19.49979705749808 -1.675109998758672 32.500113152957255
vertex 1.675109998758672 -1.675109998758672 32.500113152957255
endloop
endfacet
facet normal 0 0 -1
outer loop
vertex 19.49979705749808 0 32.500113152957255
vertex 1.675109998758672 -1.675109998758672 32.500113152957255
vertex 1.675109998758672 0 32.500113152957255
endloop
endfacet
facet normal 0 0 -0.9999999999999999
outer loop
vertex 0 -2.1999868261789315 32.500113152957255
vertex -1.675109998758672 -1.675109998758672 32.500113152957255
vertex 1.675109998758672 -1.675109998758672 32.500113152957255
endloop
endfacet
facet normal 0 0 -1
outer loop
vertex 0 -2.1999868261789315 32.500113152957255
vertex 1.675109998758672 -1.675109998758672 32.500113152957255
vertex 19.49979705749808 -1.675109998758672 32.500113152957255
endloop
endfacet
facet normal 0 0 -1
outer loop
vertex 0 -2.1999868261789315 32.500113152957255
vertex 19.49979705749808 -1.675109998758672 32.500113152957255
vertex 19.49979705749808 -3.2500113152957257 32.500113152957255
endloop
endfacet
facet normal 0 0 -1
outer loop
vertex 0 -2.1999868261789315 32.500113152957255
vertex 19.49979705749808 -3.2500113152957257 32.500113152957255
vertex -19.49979705749808 -3.2500113152957257 32.500113152957255
endloop
endfacet
facet normal 0 0 -1
outer loop
vertex 0 -2.1999868261789315 32.500113152957255
vertex -19.49979705749808 -3.2500113152957257 32.500113152957255
vertex -19.49979705749808 -1.675109998758672 32.500113152957255
endloop
endfacet
facet normal 0 0 -1
outer loop
vertex 0 -2.1999868261789315 32.500113152957255
vertex -19.49979705749808 -1.675109998758672 32.500113152957255
vertex -1.675109998758672 -1.675109998758672 32.500113152957255
endloop
endfacet
facet normal 0 0 -1
outer loop
vertex 0 -6.5000226305914515 32.500113152957255
vertex -19.49979705749808 -3.2500113152957257 32.500113152957255
vertex 19.49979705749808 -3.2500113152957257 32.500113152957255
endloop
endfacet
facet normal 0 0 -1
outer loop
vertex 0 -6.5000226305914515 32.500113152957255
vertex 19.49979705749808 -3.2500113152957257 32.500113152957255
vertex 19.500067891774354 -3.2500113152957257 32.500113152957255
endloop
endfacet
facet normal 0 0 -1
outer loop
vertex 0 -6.5000226305914515 32.500113152957255
vertex 19.500067891774354 -3.2500113152957257 32.500113152957255
vertex 19.500067891774354 -9.750033945887177 32.500113152957255
endloop
endfacet
facet normal 0 0 -1
outer loop
vertex 0 -6.5000226305914515 32.500113152957255
vertex 19.500067891774354 -9.750033945887177 32.500113152957255
vertex 16.250056576478627 -9.750033945887177 32.500113152957255
endloop
endfacet
facet normal 0 0 -1
outer loop
vertex 0 -6.5000226305914515 32.500113152957255
vertex 16.250056576478627 -9.750033945887177 32.500113152957255
vertex -16.250056576478627 -9.750033945887177 32.500113152957255
endloop
endfacet
facet normal 0 0 -1
outer loop
vertex 0 -6.5000226305914515 32.500113152957255
vertex -16.250056576478627 -9.750033945887177 32.500113152957255
vertex -19.500067891774354 -9.750033945887177 32.500113152957255
endloop
endfacet
facet normal 0 0 -1
outer loop
vertex 0 -6.5000226305914515 32.500113152957255
vertex -19.500067891774354 -9.750033945887177 32.500113152957255
vertex -19.500067891774354 -3.2500113152957257 32.500113152957255
endloop
endfacet
facet normal 0 0 -1
outer loop
vertex 0 -6.5000226305914515 32.500113152957255
vertex -19.500067891774354 -3.2500113152957257 32.500113152957255
vertex -19.49979705749808 -3.2500113152957257 32.500113152957255
endloop
endfacet
facet normal 0 0 -1
outer loop
vertex 0 -11.916708156084328 32.500113152957255
vertex 16.250056576478627 -9.750033945887177 32.500113152957255
vertex 16.250056576478627 -13.000045261182903 32.500113152957255
endloop
endfacet
facet normal 0 0 -1
outer loop
vertex 0 -11.916708156084328 32.500113152957255
vertex 16.250056576478627 -13.000045261182903 32.500113152957255
vertex 13.000045261182903 -13.000045261182903 32.500113152957255
endloop
endfacet
facet normal 0 0 -1
outer loop
vertex 0 -11.916708156084328 32.500113152957255
vertex 13.000045261182903 -13.000045261182903 32.500113152957255
vertex -13.000045261182903 -13.000045261182903 32.500113152957255
endloop
endfacet
facet normal 0 0 -1
outer loop
vertex 0 -11.916708156084328 32.500113152957255
vertex -13.000045261182903 -13.000045261182903 32.500113152957255
vertex -16.250056576478627 -13.000045261182903 32.500113152957255
endloop
endfacet
facet normal 0 0 -1
outer loop
vertex 0 -11.916708156084328 32.500113152957255
vertex -16.250056576478627 -13.000045261182903 32.500113152957255
vertex -16.250056576478627 -9.750033945887177 32.500113152957255
endloop
endfacet
facet normal 0 0 -1
outer loop
vertex 0 -11.916708156084328 32.500113152957255
vertex -16.250056576478627 -9.750033945887177 32.500113152957255
vertex 16.250056576478627 -9.750033945887177 32.500113152957255
endloop
endfacet
facet normal 0 0 -1
outer loop
vertex 0 -15.166719471380054 32.500113152957255
vertex 13.000045261182903 -13.000045261182903 32.500113152957255
vertex 13.000045261182903 -16.250056576478627 32.500113152957255
endloop
endfacet
facet normal 0 0 -0.9999999999999999
outer loop
vertex 0 -15.166719471380054 32.500113152957255
vertex 13.000045261182903 -16.250056576478627 32.500113152957255
vertex 9.750033945887177 -16.250056576478627 32.500113152957255
endloop
endfacet
facet normal 0 0 -1
outer loop
vertex 0 -15.166719471380054 32.500113152957255
vertex 9.750033945887177 -16.250056576478627 32.500113152957255
vertex -9.750033945887177 -16.250056576478627 32.500113152957255
endloop
endfacet
facet normal 0 0 -0.9999999999999999
outer loop
vertex 0 -15.166719471380054 32.500113152957255
vertex -9.750033945887177 -16.250056576478627 32.500113152957255
vertex -13.000045261182903 -16.250056576478627 32.500113152957255
endloop
endfacet
facet normal 0 0 -1
outer loop
vertex 0 -15.166719471380054 32.500113152957255
vertex -13.000045261182903 -16.250056576478627 32.500113152957255
vertex -13.000045261182903 -13.000045261182903 32.500113152957255
endloop
endfacet
facet normal 0 0 -1
outer loop
vertex 0 -15.166719471380054 32.500113152957255
vertex -13.000045261182903 -13.000045261182903 32.500113152957255
vertex 13.000045261182903 -13.000045261182903 32.500113152957255
endloop
endfacet
facet normal 0 0 -1
outer loop
vertex 9.750033945887177 -16.250056576478627 32.500113152957255
vertex 9.750033945887177 -19.500067891774354 32.500113152957255
vertex -9.750033945887177 -19.500067891774354 32.500113152957255
endloop
endfacet
facet normal 0 0 -1
outer loop
vertex 9.750033945887177 -16.250056576478627 32.500113152957255
vertex -9.750033945887177 -19.500067891774354 32.500113152957255
vertex -9.750033945887177 -16.250056576478627 32.500113152957255
endloop
endfacet
facet normal 1 0 0
outer loop
vertex -1.675109998758672 0 34.125118810605116
vertex -1.675109998758672 0 32.500113152957255
vertex -1.675109998758672 1.675109998758672 32.500113152957255
endloop
endfacet
facet normal 1 0 0
outer loop
vertex -1.675109998758672 0 34.125118810605116
vertex -1.675109998758672 1.675109998758672 32.500113152957255
vertex -1.675109998758672 1.675109998758672 35.750124468252984
endloop
endfacet
facet normal 1 0 0
outer loop
vertex -1.675109998758672 0 34.125118810605116
vertex -1.675109998758672 1.675109998758672 35.750124468252984
vertex -1.675109998758672 0 35.750124468252984
endloop
endfacet
facet normal 1 0 0
outer loop
vertex -1.675109998758672 0 34.125118810605116
vertex -1.675109998758672 0 35.750124468252984
vertex -1.675109998758672 -1.675109998758672 35.750124468252984
endloop
endfacet
facet normal 1 0 0
outer loop
vertex -1.675109998758672 0 34.125118810605116
vertex -1.675109998758672 -1.675109998758672 35.750124468252984
vertex -1.675109998758672 -1.675109998758672 32.500113152957255
endloop
endfacet
facet normal 1 0 0
outer loop
vertex -1.675109998758672 0 34.125118810605116
vertex -1.675109998758672 -1.675109998758672 32.500113152957255
vertex -1.675109998758672 0 32.500113152957255
endloop
endfacet
facet normal -1 0 0
outer loop
vertex 1.675109998758672 0 34.125118810605116
vertex 1.675109998758672 0 32.500113152957255
vertex 1.675109998758672 -1.675109998758672 32.500113152957255
endloop
endfacet
facet normal -1 0 0
outer loop
vertex 1.675109998758672 0 34.125118810605116
vertex 1.675109998758672 -1.675109998758672 32.500113152957255
vertex 1.675109998758672 -1.675109998758672 35.750124468252984
endloop
endfacet
facet normal -1 0 0
outer loop
vertex 1.675109998758672 0 34.125118810605116
vertex 1.675109998758672 -1.675109998758672 35.750124468252984
vertex 1.675109998758672 0 35.750124468252984
endloop
endfacet
facet normal -1 0 0
outer loop
vertex 1.675109998758672 0 34.125118810605116
vertex 1.675109998758672 0 35.750124468252984
vertex 1.675109998758672 1.675109998758672 35.750124468252984
endloop
endfacet
facet normal -1 0 0
outer loop
vertex 1.675109998758672 0 34.125118810605116
vertex 1.675109998758672 1.675109998758672 35.750124468252984
vertex 1.675109998758672 1.675109998758672 32.500113152957255
endloop
endfacet
facet normal -1 0 0
outer loop
vertex 1.675109998758672 0 34.125118810605116
vertex 1.675109998758672 1.675109998758672 32.500113152957255
vertex 1.675109998758672 0 32.500113152957255
endloop
endfacet
facet normal 0 1 0
outer loop
vertex -1.675109998758672 -1.675109998758672 32.500113152957255
vertex -1.675109998758672 -1.675109998758672 35.750124468252984
vertex 1.675109998758672 -1.675109998758672 35.750124468252984
endloop
endfacet
facet normal 0 1 0
outer loop
vertex -1.675109998758672 -1.675109998758672 32.500113152957255
vertex 1.675109998758672 -1.675109998758672 35.750124468252984
vertex 1.675109998758672 -1.675109998758672 32.500113152957255
endloop
endfacet
facet normal 0 -1 0
outer loop
vertex 1.675109998758672 1.675109998758672 32.500113152957255
vertex 1.675109998758672 1.675109998758672 35.750124468252984
vertex -1.675109998758672 1.675109998758672 35.750124468252984
endloop
endfacet
facet normal 0 -1 0
outer loop
vertex 1.675109998758672 1.675109998758672 32.500113152957255
vertex -1.675109998758672 1.675109998758672 35.750124468252984
vertex -1.675109998758672 1.675109998758672 32.500113152957255
endloop
endfacet
facet normal 1 0 0
outer loop
vertex 19.50000928868919 0 37.375017803320944
vertex 19.50000928868919 1.6751049645908698 39.00001857737838
vertex 19.50000928868919 -1.6751049645908698 39.00001857737838
endloop
endfacet
facet normal 0.9999999999999999 0 0
outer loop
vertex 19.50000928868919 0 37.375017803320944
vertex 19.50000928868919 -1.6751049645908698 39.00001857737838
vertex 19.50000928868919 -3.2500015481148647 39.00001857737838
endloop
endfacet
facet normal 1 0 0
outer loop
vertex 19.50000928868919 0 37.375017803320944
vertex 19.50000928868919 -3.2500015481148647 39.00001857737838
vertex 19.50000928868919 -3.2500015481148647 35.75001702926351
endloop
endfacet
facet normal 0.9999999999999999 0 0
outer loop
vertex 19.50000928868919 0 37.375017803320944
vertex 19.50000928868919 -3.2500015481148647 35.75001702926351
vertex 19.50000928868919 -1.6751049645908698 35.75001702926351
endloop
endfacet
facet normal 1 0 0
outer loop
vertex 19.50000928868919 0 37.375017803320944
vertex 19.50000928868919 -1.6751049645908698 35.75001702926351
vertex 19.50000928868919 1.6751049645908698 35.75001702926351
endloop
endfacet
facet normal 0.9999999999999999 0 0
outer loop
vertex 19.50000928868919 0 37.375017803320944
vertex 19.50000928868919 1.6751049645908698 35.75001702926351
vertex 19.50000928868919 3.2500015481148647 35.75001702926351
endloop
endfacet
facet normal 1 0 0
outer loop
vertex 19.50000928868919 0 37.375017803320944
vertex 19.50000928868919 3.2500015481148647 35.75001702926351
vertex 19.50000928868919 3.2500015481148647 39.00001857737838
endloop
endfacet
facet normal 0.9999999999999999 0 0
outer loop
vertex 19.50000928868919 0 37.375017803320944
vertex 19.50000928868919 3.2500015481148647 39.00001857737838
vertex 19.50000928868919 1.6751049645908698 39.00001857737838
endloop
endfacet
facet normal -1 0 0
outer loop
vertex -19.50000928868919 0 37.375017803320944
vertex -19.50000928868919 -1.6751049645908698 39.00001857737838
vertex -19.50000928868919 1.6751049645908698 39.00001857737838
endloop
endfacet
facet normal -0.9999999999999999 0 0
outer loop
vertex -19.50000928868919 0 37.375017803320944
vertex -19.50000928868919 1.6751049645908698 39.00001857737838
vertex -19.50000928868919 3.2500015481148647 39.00001857737838
endloop
endfacet
facet normal -1 0 0
outer loop
vertex -19.50000928868919 0 37.375017803320944
vertex -19.50000928868919 3.2500015481148647 39.00001857737838
vertex -19.50000928868919 3.2500015481148647 35.75001702926351
endloop
endfacet
facet normal -0.9999999999999999 0 0
outer loop
vertex -19.50000928868919 0 37.375017803320944
vertex -19.50000928868919 3.2500015481148647 35.75001702926351
vertex -19.50000928868919 1.6751049645908698 35.75001702926351
endloop
endfacet
facet normal -1 0 0
outer loop
vertex -19.50000928868919 0 37.375017803320944
vertex -19.50000928868919 1.6751049645908698 35.75001702926351
vertex -19.50000928868919 -1.6751049645908698 35.75001702926351
endloop
endfacet
facet normal -0.9999999999999999 0 0
outer loop
vertex -19.50000928868919 0 37.375017803320944
vertex -19.50000928868919 -1.6751049645908698 35.75001702926351
vertex -19.50000928868919 -3.2500015481148647 35.75001702926351
endloop
endfacet
facet normal -1 0 0
outer loop
vertex -19.50000928868919 0 37.375017803320944
vertex -19.50000928868919 -3.2500015481148647 35.75001702926351
vertex -19.50000928868919 -3.2500015481148647 39.00001857737838
endloop
endfacet
facet normal -0.9999999999999999 0 0
outer loop
vertex -19.50000928868919 0 37.375017803320944
vertex -19.50000928868919 -3.2500015481148647 39.00001857737838
vertex -19.50000928868919 -1.6751049645908698 39.00001857737838
endloop
endfacet
facet normal 0 -1 0
outer loop
vertex 16.250007740574322 -3.2500015481148647 39.00001857737838
vertex 16.250007740574322 -3.2500015481148647 35.75001702926351
vertex 19.50000928868919 -3.2500015481148647 35.75001702926351
endloop
endfacet
facet normal 0 -1 0
outer loop
vertex 16.250007740574322 -3.2500015481148647 39.00001857737838
vertex 19.50000928868919 -3.2500015481148647 35.75001702926351
vertex 19.50000928868919 -3.2500015481148647 39.00001857737838
endloop
endfacet
facet normal 0 -1 0
outer loop
vertex -19.50000928868919 -3.2500015481148647 39.00001857737838
vertex -19.50000928868919 -3.2500015481148647 35.75001702926351
vertex -16.250007740574322 -3.2500015481148647 35.75001702926351
endloop
endfacet
facet normal 0 -1 0
outer loop
vertex -19.50000928868919 -3.2500015481148647 39.00001857737838
vertex -16.250007740574322 -3.2500015481148647 35.75001702926351
vertex -16.250007740574322 -3.2500015481148647 39.00001857737838
endloop
endfacet
facet normal 0 1 0
outer loop
vertex -16.250007740574322 3.2500015481148647 39.00001857737838
vertex -16.250007740574322 3.2500015481148647 35.75001702926351
vertex -19.50000928868919 3.2500015481148647 35.75001702926351
endloop
endfacet
facet normal 0 1 0
outer loop
vertex -16.250007740574322 3.2500015481148647 39.00001857737838
vertex -19.50000928868919 3.2500015481148647 35.75001702926351
vertex -19.50000928868919 3.2500015481148647 39.00001857737838
endloop
endfacet
facet normal 0 1 0
outer loop
vertex 19.50000928868919 3.2500015481148647 39.00001857737838
vertex 19.50000928868919 3.2500015481148647 35.75001702926351
vertex 16.250007740574322 3.2500015481148647 35.75001702926351
endloop
endfacet
facet normal 0 1 0
outer loop
vertex 19.50000928868919 3.2500015481148647 39.00001857737838
vertex 16.250007740574322 3.2500015481148647 35.75001702926351
vertex 16.250007740574322 3.2500015481148647 39.00001857737838
endloop
endfacet
facet normal -1 0 0
outer loop
vertex -16.250007740574322 -3.2500015481148647 39.00001857737838
vertex -16.250007740574322 -3.2500015481148647 35.75001702926351
vertex -16.250007740574322 -6.5000030962297295 35.75001702926351
endloop
endfacet
facet normal -1 0 0
outer loop
vertex -16.250007740574322 -3.2500015481148647 39.00001857737838
vertex -16.250007740574322 -6.5000030962297295 35.75001702926351
vertex -16.250007740574322 -6.5000030962297295 39.00001857737838
endloop
endfacet
facet normal -1 0 0
outer loop
vertex -16.250007740574322 9.750004644344594 39.00001857737838
vertex -16.250007740574322 9.750004644344594 35.75001702926351
vertex -16.250007740574322 3.2500015481148647 35.75001702926351
endloop
endfacet
facet normal -1 0 0
outer loop
vertex -16.250007740574322 9.750004644344594 39.00001857737838
vertex -16.250007740574322 3.2500015481148647 35.75001702926351
vertex -16.250007740574322 3.2500015481148647 39.00001857737838
endloop
endfacet
facet normal 1 0 0
outer loop
vertex 16.250007740574322 3.2500015481148647 39.00001857737838
vertex 16.250007740574322 3.2500015481148647 35.75001702926351
vertex 16.250007740574322 9.750004644344594 35.75001702926351
endloop
endfacet
facet normal 1 0 0
outer loop
vertex 16.250007740574322 3.2500015481148647 39.00001857737838
vertex 16.250007740574322 9.750004644344594 35.75001702926351
vertex 16.250007740574322 9.750004644344594 39.00001857737838
endloop
endfacet
facet normal 1 0 0
outer loop
vertex 16.250007740574322 -6.5000030962297295 39.00001857737838
vertex 16.250007740574322 -6.5000030962297295 35.75001702926351
vertex 16.250007740574322 -3.2500015481148647 35.75001702926351
endloop
endfacet
facet normal 1 0 0
outer loop
vertex 16.250007740574322 -6.5000030962297295 39.00001857737838
vertex 16.250007740574322 -3.2500015481148647 35.75001702926351
vertex 16.250007740574322 -3.2500015481148647 39.00001857737838
endloop
endfacet
facet normal -1 0 0
outer loop
vertex -16.250007740574322 -6.5000030962297295 39.00001857737838
vertex -16.250007740574322 -6.5000030962297295 35.75001702926351
vertex -16.250007740574322 -9.750004644344594 35.75001702926351
endloop
endfacet
facet normal -1 0 0
outer loop
vertex -16.250007740574322 -6.5000030962297295 39.00001857737838
vertex -16.250007740574322 -9.750004644344594 35.75001702926351
vertex -16.250007740574322 -9.750004644344594 39.00001857737838
endloop
endfacet
facet normal 1 0 0
outer loop
vertex 16.250007740574322 -9.750004644344594 39.00001857737838
vertex 16.250007740574322 -9.750004644344594 35.75001702926351
vertex 16.250007740574322 -6.5000030962297295 35.75001702926351
endloop
endfacet
facet normal 1 0 0
outer loop
vertex 16.250007740574322 -9.750004644344594 39.00001857737838
vertex 16.250007740574322 -6.5000030962297295 35.75001702926351
vertex 16.250007740574322 -6.5000030962297295 39.00001857737838
endloop
endfacet
facet normal 0 1 0
outer loop
vertex -13.000006192459459 9.750004644344594 39.00001857737838
vertex -13.000006192459459 9.750004644344594 35.75001702926351
vertex -16.250007740574322 9.750004644344594 35.75001702926351
endloop
endfacet
facet normal 0 1 0
outer loop
vertex -13.000006192459459 9.750004644344594 39.00001857737838
vertex -16.250007740574322 9.750004644344594 35.75001702926351
vertex -16.250007740574322 9.750004644344594 39.00001857737838
endloop
endfacet
facet normal 0 1 0
outer loop
vertex 16.250007740574322 9.750004644344594 39.00001857737838
vertex 16.250007740574322 9.750004644344594 35.75001702926351
vertex 13.000006192459459 9.750004644344594 35.75001702926351
endloop
endfacet
facet normal 0 1 0
outer loop
vertex 16.250007740574322 9.750004644344594 39.00001857737838
vertex 13.000006192459459 9.750004644344594 35.75001702926351
vertex 13.000006192459459 9.750004644344594 39.00001857737838
endloop
endfacet
facet normal 0 -1 0
outer loop
vertex 13.000006192459459 -9.750004644344594 39.00001857737838
vertex 13.000006192459459 -9.750004644344594 35.75001702926351
vertex 16.250007740574322 -9.750004644344594 35.75001702926351
endloop
endfacet
facet normal 0 -1 0
outer loop
vertex 13.000006192459459 -9.750004644344594 39.00001857737838
vertex 16.250007740574322 -9.750004644344594 35.75001702926351
vertex 16.250007740574322 -9.750004644344594 39.00001857737838
endloop
endfacet
facet normal 0 -1 0
outer loop
vertex -16.250007740574322 -9.750004644344594 39.00001857737838
vertex -16.250007740574322 -9.750004644344594 35.75001702926351
vertex -13.000006192459459 -9.750004644344594 35.75001702926351
endloop
endfacet
facet normal 0 -1 0
outer loop
vertex -16.250007740574322 -9.750004644344594 39.00001857737838
vertex -13.000006192459459 -9.750004644344594 35.75001702926351
vertex -13.000006192459459 -9.750004644344594 39.00001857737838
endloop
endfacet
facet normal -1 0 0
outer loop
vertex -13.000006192459459 -9.750004644344594 39.00001857737838
vertex -13.000006192459459 -9.750004644344594 35.75001702926351
vertex -13.000006192459459 -13.000006192459459 35.75001702926351
endloop
endfacet
facet normal -1 0 0
outer loop
vertex -13.000006192459459 -9.750004644344594 39.00001857737838
vertex -13.000006192459459 -13.000006192459459 35.75001702926351
vertex -13.000006192459459 -13.000006192459459 39.00001857737838
endloop
endfacet
facet normal -1 0 0
outer loop
vertex -13.000006192459459 13.000006192459459 39.00001857737838
vertex -13.000006192459459 13.000006192459459 35.75001702926351
vertex -13.000006192459459 9.750004644344594 35.75001702926351
endloop
endfacet
facet normal -1 0 0
outer loop
vertex -13.000006192459459 13.000006192459459 39.00001857737838
vertex -13.000006192459459 9.750004644344594 35.75001702926351
vertex -13.000006192459459 9.750004644344594 39.00001857737838
endloop
endfacet
facet normal 1 0 0
outer loop
vertex 13.000006192459459 9.750004644344594 39.00001857737838
vertex 13.000006192459459 9.750004644344594 35.75001702926351
vertex 13.000006192459459 13.000006192459459 35.75001702926351
endloop
endfacet
facet normal 1 0 0
outer loop
vertex 13.000006192459459 9.750004644344594 39.00001857737838
vertex 13.000006192459459 13.000006192459459 35.75001702926351
vertex 13.000006192459459 13.000006192459459 39.00001857737838
endloop
endfacet
facet normal 1 0 0
outer loop
vertex 13.000006192459459 -13.000006192459459 39.00001857737838
vertex 13.000006192459459 -13.000006192459459 35.75001702926351
vertex 13.000006192459459 -9.750004644344594 35.75001702926351
endloop
endfacet
facet normal 1 0 0
outer loop
vertex 13.000006192459459 -13.000006192459459 39.00001857737838
vertex 13.000006192459459 -9.750004644344594 35.75001702926351
vertex 13.000006192459459 -9.750004644344594 39.00001857737838
endloop
endfacet
facet normal 0 -1 0
outer loop
vertex 9.750004644344594 -13.000006192459459 39.00001857737838
vertex 9.750004644344594 -13.000006192459459 35.75001702926351
vertex 13.000006192459459 -13.000006192459459 35.75001702926351
endloop
endfacet
facet normal 0 -1 0
outer loop
vertex 9.750004644344594 -13.000006192459459 39.00001857737838
vertex 13.000006192459459 -13.000006192459459 35.75001702926351
vertex 13.000006192459459 -13.000006192459459 39.00001857737838
endloop
endfacet
facet normal 0 -1 0
outer loop
vertex -13.000006192459459 -13.000006192459459 39.00001857737838
vertex -13.000006192459459 -13.000006192459459 35.75001702926351
vertex -9.750004644344594 -13.000006192459459 35.75001702926351
endloop
endfacet
facet normal 0 -1 0
outer loop
vertex -13.000006192459459 -13.000006192459459 39.00001857737838
vertex -9.750004644344594 -13.000006192459459 35.75001702926351
vertex -9.750004644344594 -13.000006192459459 39.00001857737838
endloop
endfacet
facet normal 0 1 0
outer loop
vertex -9.750004644344594 13.000006192459459 39.00001857737838
vertex -9.750004644344594 13.000006192459459 35.75001702926351
vertex -13.000006192459459 13.000006192459459 35.75001702926351
endloop
endfacet
facet normal 0 1 0
outer loop
vertex -9.750004644344594 13.000006192459459 39.00001857737838
vertex -13.000006192459459 13.000006192459459 35.75001702926351
vertex -13.000006192459459 13.000006192459459 39.00001857737838
endloop
endfacet
facet normal 0 1 0
outer loop
vertex 13.000006192459459 13.000006192459459 39.00001857737838
vertex 13.000006192459459 13.000006192459459 35.75001702926351
vertex 9.750004644344594 13.000006192459459 35.75001702926351
endloop
endfacet
facet normal 0 1 0
outer loop
vertex 13.000006192459459 13.000006192459459 39.00001857737838
vertex 9.750004644344594 13.000006192459459 35.75001702926351
vertex 9.750004644344594 13.000006192459459 39.00001857737838
endloop
endfacet
facet normal -1 0 0
outer loop
vertex -9.750004644344594 -13.000006192459459 39.00001857737838
vertex -9.750004644344594 -13.000006192459459 35.75001702926351
vertex -9.750004644344594 -16.250007740574322 35.75001702926351
endloop
endfacet
facet normal -1 0 0
outer loop
vertex -9.750004644344594 -13.000006192459459 39.00001857737838
vertex -9.750004644344594 -16.250007740574322 35.75001702926351
vertex -9.750004644344594 -16.250007740574322 39.00001857737838
endloop
endfacet
facet normal 1 0 0
outer loop
vertex 9.750004644344594 -16.250007740574322 39.00001857737838
vertex 9.750004644344594 -16.250007740574322 35.75001702926351
vertex 9.750004644344594 -13.000006192459459 35.75001702926351
endloop
endfacet
facet normal 1 0 0
outer loop
vertex 9.750004644344594 -16.250007740574322 39.00001857737838
vertex 9.750004644344594 -13.000006192459459 35.75001702926351
vertex 9.750004644344594 -13.000006192459459 39.00001857737838
endloop
endfacet
facet normal -1 0 0
outer loop
vertex -9.750004644344594 16.250007740574322 39.00001857737838
vertex -9.750004644344594 16.250007740574322 35.75001702926351
vertex -9.750004644344594 13.000006192459459 35.75001702926351
endloop
endfacet
facet normal -1 0 0
outer loop
vertex -9.750004644344594 16.250007740574322 39.00001857737838
vertex -9.750004644344594 13.000006192459459 35.75001702926351
vertex -9.750004644344594 13.000006192459459 39.00001857737838
endloop
endfacet
facet normal 1 0 0
outer loop
vertex 9.750004644344594 13.000006192459459 39.00001857737838
vertex 9.750004644344594 13.000006192459459 35.75001702926351
vertex 9.750004644344594 16.250007740574322 35.75001702926351
endloop
endfacet
facet normal 1 0 0
outer loop
vertex 9.750004644344594 13.000006192459459 39.00001857737838
vertex 9.750004644344594 16.250007740574322 35.75001702926351
vertex 9.750004644344594 16.250007740574322 39.00001857737838
endloop
endfacet
facet normal 0 -1 0
outer loop
vertex 3.2500015481148647 -16.250007740574322 39.00001857737838
vertex 3.2500015481148647 -16.250007740574322 35.75001702926351
vertex 9.750004644344594 -16.250007740574322 35.75001702926351
endloop
endfacet
facet normal 0 -1 0
outer loop
vertex 3.2500015481148647 -16.250007740574322 39.00001857737838
vertex 9.750004644344594 -16.250007740574322 35.75001702926351
vertex 9.750004644344594 -16.250007740574322 39.00001857737838
endloop
endfacet
facet normal 0 -1 0
outer loop
vertex -9.750004644344594 -16.250007740574322 39.00001857737838
vertex -9.750004644344594 -16.250007740574322 35.75001702926351
vertex -3.2500015481148647 -16.250007740574322 35.75001702926351
endloop
endfacet
facet normal 0 -1 0
outer loop
vertex -9.750004644344594 -16.250007740574322 39.00001857737838
vertex -3.2500015481148647 -16.250007740574322 35.75001702926351
vertex -3.2500015481148647 -16.250007740574322 39.00001857737838
endloop
endfacet
facet normal 0 1 0
outer loop
vertex -3.2500015481148647 16.250007740574322 39.00001857737838
vertex -3.2500015481148647 16.250007740574322 35.75001702926351
vertex -9.750004644344594 16.250007740574322 35.75001702926351
endloop
endfacet
facet normal 0 1 0
outer loop
vertex -3.2500015481148647 16.250007740574322 39.00001857737838
vertex -9.750004644344594 16.250007740574322 35.75001702926351
vertex -9.750004644344594 16.250007740574322 39.00001857737838
endloop
endfacet
facet normal 0 1 0
outer loop
vertex 9.750004644344594 16.250007740574322 39.00001857737838
vertex 9.750004644344594 16.250007740574322 35.75001702926351
vertex 3.2500015481148647 16.250007740574322 35.75001702926351
endloop
endfacet
facet normal 0 1 0
outer loop
vertex 9.750004644344594 16.250007740574322 39.00001857737838
vertex 3.2500015481148647 16.250007740574322 35.75001702926351
vertex 3.2500015481148647 16.250007740574322 39.00001857737838
endloop
endfacet
facet normal -1 0 0
outer loop
vertex -3.2500015481148647 -16.250007740574322 39.00001857737838
vertex -3.2500015481148647 -16.250007740574322 35.75001702926351
vertex -3.2500015481148647 -19.50000928868919 35.75001702926351
endloop
endfacet
facet normal -1 0 0
outer loop
vertex -3.2500015481148647 -16.250007740574322 39.00001857737838
vertex -3.2500015481148647 -19.50000928868919 35.75001702926351
vertex -3.2500015481148647 -19.50000928868919 39.00001857737838
endloop
endfacet
facet normal 0 -1 0
outer loop
vertex -3.2500015481148647 -19.50000928868919 39.00001857737838
vertex -3.2500015481148647 -19.50000928868919 35.75001702926351
vertex 3.2500015481148647 -19.50000928868919 35.75001702926351
endloop
endfacet
facet normal 0 -1 0
outer loop
vertex -3.2500015481148647 -19.50000928868919 39.00001857737838
vertex 3.2500015481148647 -19.50000928868919 35.75001702926351
vertex 3.2500015481148647 -19.50000928868919 39.00001857737838
endloop
endfacet
facet normal 1 0 0
outer loop
vertex 3.2500015481148647 -19.50000928868919 39.00001857737838
vertex 3.2500015481148647 -19.50000928868919 35.75001702926351
vertex 3.2500015481148647 -16.250007740574322 35.75001702926351
endloop
endfacet
facet normal 1 0 0
outer loop
vertex 3.2500015481148647 -19.50000928868919 39.00001857737838
vertex 3.2500015481148647 -16.250007740574322 35.75001702926351
vertex 3.2500015481148647 -16.250007740574322 39.00001857737838
endloop
endfacet
facet normal 0 1 0
outer loop
vertex 3.2500015481148647 19.50000928868919 39.00001857737838
vertex 3.2500015481148647 19.50000928868919 35.75001702926351
vertex -3.2500015481148647 19.50000928868919 35.75001702926351
endloop
endfacet
facet normal 0 1 0
outer loop
vertex 3.2500015481148647 19.50000928868919 39.00001857737838
vertex -3.2500015481148647 19.50000928868919 35.75001702926351
vertex -3.2500015481148647 19.50000928868919 39.00001857737838
endloop
endfacet
facet normal -1 0 0
outer loop
vertex -3.2500015481148647 19.50000928868919 39.00001857737838
vertex -3.2500015481148647 19.50000928868919 35.75001702926351
vertex -3.2500015481148647 16.250007740574322 35.75001702926351
endloop
endfacet
facet normal -1 0 0
outer loop
vertex -3.2500015481148647 19.50000928868919 39.00001857737838
vertex -3.2500015481148647 16.250007740574322 35.75001702926351
vertex -3.2500015481148647 16.250007740574322 39.00001857737838
endloop
endfacet
facet normal 1 0 0
outer loop
vertex 3.2500015481148647 16.250007740574322 39.00001857737838
vertex 3.2500015481148647 16.250007740574322 35.75001702926351
vertex 3.2500015481148647 19.50000928868919 35.75001702926351
endloop
endfacet
facet normal 1 0 0
outer loop
vertex 3.2500015481148647 16.250007740574322 39.00001857737838
vertex 3.2500015481148647 19.50000928868919 35.75001702926351
vertex 3.2500015481148647 19.50000928868919 39.00001857737838
endloop
endfacet
facet normal 0 0 1
outer loop
vertex -3.2500015481148647 19.50000928868919 39.00001857737838
vertex -3.2500015481148647 16.250007740574322 39.00001857737838
vertex 3.2500015481148647 16.250007740574322 39.00001857737838
endloop
endfacet
facet normal 0 0 1
outer loop
vertex -3.2500015481148647 19.50000928868919 39.00001857737838
vertex 3.2500015481148647 16.250007740574322 39.00001857737838
vertex 3.2500015481148647 19.50000928868919 39.00001857737838
endloop
endfacet
facet normal 0 0 1
outer loop
vertex 0 15.166673891202702 39.00001857737838
vertex 3.2500015481148647 16.250007740574322 39.00001857737838
vertex -3.2500015481148647 16.250007740574322 39.00001857737838
endloop
endfacet
facet normal 0 0 1
outer loop
vertex 0 15.166673891202702 39.00001857737838
vertex -3.2500015481148647 16.250007740574322 39.00001857737838
vertex -9.750004644344594 16.250007740574322 39.00001857737838
endloop
endfacet
facet normal 0 0 1
outer loop
vertex 0 15.166673891202702 39.00001857737838
vertex -9.750004644344594 16.250007740574322 39.00001857737838
vertex -9.750004644344594 13.000006192459459 39.00001857737838
endloop
endfacet
facet normal 0 0 1
outer loop
vertex 0 15.166673891202702 39.00001857737838
vertex -9.750004644344594 13.000006192459459 39.00001857737838
vertex 9.750004644344594 13.000006192459459 39.00001857737838
endloop
endfacet
facet normal 0 0 1
outer loop
vertex 0 15.166673891202702 39.00001857737838
vertex 9.750004644344594 13.000006192459459 39.00001857737838
vertex 9.750004644344594 16.250007740574322 39.00001857737838
endloop
endfacet
facet normal 0 0 1
outer loop
vertex 0 15.166673891202702 39.00001857737838
vertex 9.750004644344594 16.250007740574322 39.00001857737838
vertex 3.2500015481148647 16.250007740574322 39.00001857737838
endloop
endfacet
facet normal 0 0 1
outer loop
vertex 0 11.916672343087837 39.00001857737838
vertex 9.750004644344594 13.000006192459459 39.00001857737838
vertex -9.750004644344594 13.000006192459459 39.00001857737838
endloop
endfacet
facet normal 0 0 1
outer loop
vertex 0 11.916672343087837 39.00001857737838
vertex -9.750004644344594 13.000006192459459 39.00001857737838
vertex -13.000006192459459 13.000006192459459 39.00001857737838
endloop
endfacet
facet normal 0 0 1
outer loop
vertex 0 11.916672343087837 39.00001857737838
vertex -13.000006192459459 13.000006192459459 39.00001857737838
vertex -13.000006192459459 9.750004644344594 39.00001857737838
endloop
endfacet
facet normal 0 0 0.9999999999999999
outer loop
vertex 0 11.916672343087837 39.00001857737838
vertex -13.000006192459459 9.750004644344594 39.00001857737838
vertex 13.000006192459459 9.750004644344594 39.00001857737838
endloop
endfacet
facet normal 0 0 1
outer loop
vertex 0 11.916672343087837 39.00001857737838
vertex 13.000006192459459 9.750004644344594 39.00001857737838
vertex 13.000006192459459 13.000006192459459 39.00001857737838
endloop
endfacet
facet normal 0 0 1
outer loop
vertex 0 11.916672343087837 39.00001857737838
vertex 13.000006192459459 13.000006192459459 39.00001857737838
vertex 9.750004644344594 13.000006192459459 39.00001857737838
endloop
endfacet
facet normal 0 0 0.9999999999999999
outer loop
vertex 0 7.583336945601351 39.00001857737838
vertex 13.000006192459459 9.750004644344594 39.00001857737838
vertex -13.000006192459459 9.750004644344594 39.00001857737838
endloop
endfacet
facet normal 0 0 0.9999999999999999
outer loop
vertex 0 7.583336945601351 39.00001857737838
vertex -13.000006192459459 9.750004644344594 39.00001857737838
vertex -16.250007740574322 9.750004644344594 39.00001857737838
endloop
endfacet
facet normal 0 0 1
outer loop
vertex 0 7.583336945601351 39.00001857737838
vertex -16.250007740574322 9.750004644344594 39.00001857737838
vertex -16.250007740574322 3.2500015481148647 39.00001857737838
endloop
endfacet
facet normal 0 0 1
outer loop
vertex 0 7.583336945601351 39.00001857737838
vertex -16.250007740574322 3.2500015481148647 39.00001857737838
vertex 16.250007740574322 3.2500015481148647 39.00001857737838
endloop
endfacet
facet normal 0 0 1
outer loop
vertex 0 7.583336945601351 39.00001857737838
vertex 16.250007740574322 3.2500015481148647 39.00001857737838
vertex 16.250007740574322 9.750004644344594 39.00001857737838
endloop
endfacet
facet normal 0 0 0.9999999999999999
outer loop
vertex 0 7.583336945601351 39.00001857737838
vertex 16.250007740574322 9.750004644344594 39.00001857737838
vertex 13.000006192459459 9.750004644344594 39.00001857737838
endloop
endfacet
facet normal 0 0 1
outer loop
vertex 0 2.4626886730840387 39.00001857737838
vertex 16.250007740574322 3.2500015481148647 39.00001857737838
vertex -16.250007740574322 3.2500015481148647 39.00001857737838
endloop
endfacet
facet normal 0 0 1
outer loop
vertex 0 2.4626886730840387 39.00001857737838
vertex -16.250007740574322 3.2500015481148647 39.00001857737838
vertex -19.50000928868919 3.2500015481148647 39.00001857737838
endloop
endfacet
facet normal 0 0 1
outer loop
vertex 0 2.4626886730840387 39.00001857737838
vertex -19.50000928868919 3.2500015481148647 39.00001857737838
vertex -19.50000928868919 1.6751049645908698 39.00001857737838
endloop
endfacet
facet normal 0 0 1
outer loop
vertex 0 2.4626886730840387 39.00001857737838
vertex -19.50000928868919 1.6751049645908698 39.00001857737838
vertex -1.6751049645908698 1.6751049645908698 39.00001857737838
endloop
endfacet
facet normal 0 0 1
outer loop
vertex 0 2.4626886730840387 39.00001857737838
vertex -1.6751049645908698 1.6751049645908698 39.00001857737838
vertex 1.6751049645908698 1.6751049645908698 39.00001857737838
endloop
endfacet
facet normal 0 0 1
outer loop
vertex 0 2.4626886730840387 39.00001857737838
vertex 1.6751049645908698 1.6751049645908698 39.00001857737838
vertex 19.50000928868919 1.6751049645908698 39.00001857737838
endloop
endfacet
facet normal 0 0 1
outer loop
vertex 0 2.4626886730840387 39.00001857737838
vertex 19.50000928868919 1.6751049645908698 39.00001857737838
vertex 19.50000928868919 3.2500015481148647 39.00001857737838
endloop
endfacet
facet normal 0 0 1
outer loop
vertex 0 2.4626886730840387 39.00001857737838
vertex 19.50000928868919 3.2500015481148647 39.00001857737838
vertex 16.250007740574322 3.2500015481148647 39.00001857737838
endloop
endfacet
facet normal 0 0 1
outer loop
vertex 1.6751049645908698 1.6751049645908698 39.00001857737838
vertex 1.6751049645908698 -1.6751049645908698 39.00001857737838
vertex 19.50000928868919 -1.6751049645908698 39.00001857737838
endloop
endfacet
facet normal 0 0 1
outer loop
vertex 1.6751049645908698 1.6751049645908698 39.00001857737838
vertex 19.50000928868919 -1.6751049645908698 39.00001857737838
vertex 19.50000928868919 1.6751049645908698 39.00001857737838
endloop
endfacet
facet normal 0 0 1
outer loop
vertex -19.50000928868919 1.6751049645908698 39.00001857737838
vertex -19.50000928868919 -1.6751049645908698 39.00001857737838
vertex -1.6751049645908698 -1.6751049645908698 39.00001857737838
endloop
endfacet
facet normal 0 0 1
outer loop
vertex -19.50000928868919 1.6751049645908698 39.00001857737838
vertex -1.6751049645908698 -1.6751049645908698 39.00001857737838
vertex -1.6751049645908698 1.6751049645908698 39.00001857737838
endloop
endfacet
facet normal 0 0 0.9999999999999999
outer loop
vertex 0 -2.4624178396216956 39.00001857737838
vertex 1.6751049645908698 -1.6751049645908698 39.00001857737838
vertex -1.6751049645908698 -1.6751049645908698 39.00001857737838
endloop
endfacet
facet normal 0 0 1
outer loop
vertex 0 -2.4624178396216956 39.00001857737838
vertex -1.6751049645908698 -1.6751049645908698 39.00001857737838
vertex -19.50000928868919 -1.6751049645908698 39.00001857737838
endloop
endfacet
facet normal 0 0 0.9999999999999999
outer loop
vertex 0 -2.4624178396216956 39.00001857737838
vertex -19.50000928868919 -1.6751049645908698 39.00001857737838
vertex -19.50000928868919 -3.2500015481148647 39.00001857737838
endloop
endfacet
facet normal 0 0 0.9999999999999999
outer loop
vertex 0 -2.4624178396216956 39.00001857737838
vertex -19.50000928868919 -3.2500015481148647 39.00001857737838
vertex -16.250007740574322 -3.2500015481148647 39.00001857737838
endloop
endfacet
facet normal 0 0 1
outer loop
vertex 0 -2.4624178396216956 39.00001857737838
vertex -16.250007740574322 -3.2500015481148647 39.00001857737838
vertex 16.250007740574322 -3.2500015481148647 39.00001857737838
endloop
endfacet
facet normal 0 0 0.9999999999999999
outer loop
vertex 0 -2.4624178396216956 39.00001857737838
vertex 16.250007740574322 -3.2500015481148647 39.00001857737838
vertex 19.50000928868919 -3.2500015481148647 39.00001857737838
endloop
endfacet
facet normal 0 0 0.9999999999999999
outer loop
vertex 0 -2.4624178396216956 39.00001857737838
vertex 19.50000928868919 -3.2500015481148647 39.00001857737838
vertex 19.50000928868919 -1.6751049645908698 39.00001857737838
endloop
endfacet
facet normal 0 0 1
outer loop
vertex 0 -2.4624178396216956 39.00001857737838
vertex 19.50000928868919 -1.6751049645908698 39.00001857737838
vertex 1.6751049645908698 -1.6751049645908698 39.00001857737838
endloop
endfacet
facet normal 0 0 0.9999999999999999
outer loop
vertex -16.250007740574322 -3.2500015481148647 39.00001857737838
vertex -16.250007740574322 -6.5000030962297295 39.00001857737838
vertex 16.250007740574322 -6.5000030962297295 39.00001857737838
endloop
endfacet
facet normal 0 0 0.9999999999999999
outer loop
vertex -16.250007740574322 -3.2500015481148647 39.00001857737838
vertex 16.250007740574322 -6.5000030962297295 39.00001857737838
vertex 16.250007740574322 -3.2500015481148647 39.00001857737838
endloop
endfacet
facet normal 0 0 1
outer loop
vertex 0 -8.666670794972973 39.00001857737838
vertex -16.250007740574322 -6.5000030962297295 39.00001857737838
vertex -16.250007740574322 -9.750004644344594 39.00001857737838
endloop
endfacet
facet normal 0 0 0.9999999999999999
outer loop
vertex 0 -8.666670794972973 39.00001857737838
vertex -16.250007740574322 -9.750004644344594 39.00001857737838
vertex -13.000006192459459 -9.750004644344594 39.00001857737838
endloop
endfacet
facet normal 0 0 0.9999999999999999
outer loop
vertex 0 -8.666670794972973 39.00001857737838
vertex -13.000006192459459 -9.750004644344594 39.00001857737838
vertex 13.000006192459459 -9.750004644344594 39.00001857737838
endloop
endfacet
facet normal 0 0 0.9999999999999999
outer loop
vertex 0 -8.666670794972973 39.00001857737838
vertex 13.000006192459459 -9.750004644344594 39.00001857737838
vertex 16.250007740574322 -9.750004644344594 39.00001857737838
endloop
endfacet
facet normal 0 0 1
outer loop
vertex 0 -8.666670794972973 39.00001857737838
vertex 16.250007740574322 -9.750004644344594 39.00001857737838
vertex 16.250007740574322 -6.5000030962297295 39.00001857737838
endloop
endfacet
facet normal 0 0 1
outer loop
vertex 0 -8.666670794972973 39.00001857737838
vertex 16.250007740574322 -6.5000030962297295 39.00001857737838
vertex -16.250007740574322 -6.5000030962297295 39.00001857737838
endloop
endfacet
facet normal 0 0 1
outer loop
vertex 0 -11.916672343087837 39.00001857737838
vertex -13.000006192459459 -9.750004644344594 39.00001857737838
vertex -13.000006192459459 -13.000006192459459 39.00001857737838
endloop
endfacet
facet normal 0 0 1
outer loop
vertex 0 -11.916672343087837 39.00001857737838
vertex -13.000006192459459 -13.000006192459459 39.00001857737838
vertex -9.750004644344594 -13.000006192459459 39.00001857737838
endloop
endfacet
facet normal 0 0 1
outer loop
vertex 0 -11.916672343087837 39.00001857737838
vertex -9.750004644344594 -13.000006192459459 39.00001857737838
vertex 9.750004644344594 -13.000006192459459 39.00001857737838
endloop
endfacet
facet normal 0 0 1
outer loop
vertex 0 -11.916672343087837 39.00001857737838
vertex 9.750004644344594 -13.000006192459459 39.00001857737838
vertex 13.000006192459459 -13.000006192459459 39.00001857737838
endloop
endfacet
facet normal 0 0 1
outer loop
vertex 0 -11.916672343087837 39.00001857737838
vertex 13.000006192459459 -13.000006192459459 39.00001857737838
vertex 13.000006192459459 -9.750004644344594 39.00001857737838
endloop
endfacet
facet normal 0 0 0.9999999999999999
outer loop
vertex 0 -11.916672343087837 39.00001857737838
vertex 13.000006192459459 -9.750004644344594 39.00001857737838
vertex -13.000006192459459 -9.750004644344594 39.00001857737838
endloop
endfacet
facet normal 0 0 1
outer loop
vertex 0 -15.166673891202702 39.00001857737838
vertex -9.750004644344594 -13.000006192459459 39.00001857737838
vertex -9.750004644344594 -16.250007740574322 39.00001857737838
endloop
endfacet
facet normal 0 0 1
outer loop
vertex 0 -15.166673891202702 39.00001857737838
vertex -9.750004644344594 -16.250007740574322 39.00001857737838
vertex -3.2500015481148647 -16.250007740574322 39.00001857737838
endloop
endfacet
facet normal 0 0 1
outer loop
vertex 0 -15.166673891202702 39.00001857737838
vertex -3.2500015481148647 -16.250007740574322 39.00001857737838
vertex 3.2500015481148647 -16.250007740574322 39.00001857737838
endloop
endfacet
facet normal 0 0 1
outer loop
vertex 0 -15.166673891202702 39.00001857737838
vertex 3.2500015481148647 -16.250007740574322 39.00001857737838
vertex 9.750004644344594 -16.250007740574322 39.00001857737838
endloop
endfacet
facet normal 0 0 1
outer loop
vertex 0 -15.166673891202702 39.00001857737838
vertex 9.750004644344594 -16.250007740574322 39.00001857737838
vertex 9.750004644344594 -13.000006192459459 39.00001857737838
endloop
endfacet
facet normal 0 0 1
outer loop
vertex 0 -15.166673891202702 39.00001857737838
vertex 9.750004644344594 -13.000006192459459 39.00001857737838
vertex -9.750004644344594 -13.000006192459459 39.00001857737838
endloop
endfacet
facet normal 0 0 1
outer loop
vertex -3.2500015481148647 -16.250007740574322 39.00001857737838
vertex -3.2500015481148647 -19.50000928868919 39.00001857737838
vertex 3.2500015481148647 -19.50000928868919 39.00001857737838
endloop
endfacet
facet normal 0 0 1
outer loop
vertex -3.2500015481148647 -16.250007740574322 39.00001857737838
vertex 3.2500015481148647 -19.50000928868919 39.00001857737838
vertex 3.2500015481148647 -16.250007740574322 39.00001857737838
endloop
endfacet
facet normal 0 0 -1
outer loop
vertex 3.2500015481148647 19.50000928868919 35.75001702926351
vertex 3.2500015481148647 16.250007740574322 35.75001702926351
vertex -3.2500015481148647 16.250007740574322 35.75001702926351
endloop
endfacet
facet normal 0 0 -1
outer loop
vertex 3.2500015481148647 19.50000928868919 35.75001702926351
vertex -3.2500015481148647 16.250007740574322 35.75001702926351
vertex -3.2500015481148647 19.50000928868919 35.75001702926351
endloop
endfacet
facet normal 0 0 -1
outer loop
vertex 0 15.166673891202702 35.75001702926351
vertex -3.2500015481148647 16.250007740574322 35.75001702926351
vertex 3.2500015481148647 16.250007740574322 35.75001702926351
endloop
endfacet
facet normal 0 0 -1
outer loop
vertex 0 15.166673891202702 35.75001702926351
vertex 3.2500015481148647 16.250007740574322 35.75001702926351
vertex 9.750004644344594 16.250007740574322 35.75001702926351
endloop
endfacet
facet normal 0 0 -1
outer loop
vertex 0 15.166673891202702 35.75001702926351
vertex 9.750004644344594 16.250007740574322 35.75001702926351
vertex 9.750004644344594 13.000006192459459 35.75001702926351
endloop
endfacet
facet normal 0 0 -1
outer loop
vertex 0 15.166673891202702 35.75001702926351
vertex 9.750004644344594 13.000006192459459 35.75001702926351
vertex -9.750004644344594 13.000006192459459 35.75001702926351
endloop
endfacet
facet normal 0 0 -1
outer loop
vertex 0 15.166673891202702 35.75001702926351
vertex -9.750004644344594 13.000006192459459 35.75001702926351
vertex -9.750004644344594 16.250007740574322 35.75001702926351
endloop
endfacet
facet normal 0 0 -1
outer loop
vertex 0 15.166673891202702 35.75001702926351
vertex -9.750004644344594 16.250007740574322 35.75001702926351
vertex -3.2500015481148647 16.250007740574322 35.75001702926351
endloop
endfacet
facet normal 0 0 -1
outer loop
vertex 0 11.916672343087837 35.75001702926351
vertex -9.750004644344594 13.000006192459459 35.75001702926351
vertex 9.750004644344594 13.000006192459459 35.75001702926351
endloop
endfacet
facet normal 0 0 -1
outer loop
vertex 0 11.916672343087837 35.75001702926351
vertex 9.750004644344594 13.000006192459459 35.75001702926351
vertex 13.000006192459459 13.000006192459459 35.75001702926351
endloop
endfacet
facet normal 0 0 -1
outer loop
vertex 0 11.916672343087837 35.75001702926351
vertex 13.000006192459459 13.000006192459459 35.75001702926351
vertex 13.000006192459459 9.750004644344594 35.75001702926351
endloop
endfacet
facet normal 0 0 -0.9999999999999999
outer loop
vertex 0 11.916672343087837 35.75001702926351
vertex 13.000006192459459 9.750004644344594 35.75001702926351
vertex -13.000006192459459 9.750004644344594 35.75001702926351
endloop
endfacet
facet normal 0 0 -1
outer loop
vertex 0 11.916672343087837 35.75001702926351
vertex -13.000006192459459 9.750004644344594 35.75001702926351
vertex -13.000006192459459 13.000006192459459 35.75001702926351
endloop
endfacet
facet normal 0 0 -1
outer loop
vertex 0 11.916672343087837 35.75001702926351
vertex -13.000006192459459 13.000006192459459 35.75001702926351
vertex -9.750004644344594 13.000006192459459 35.75001702926351
endloop
endfacet
facet normal 0 0 -0.9999999999999999
outer loop
vertex 0 7.583336945601351 35.75001702926351
vertex -13.000006192459459 9.750004644344594 35.75001702926351
vertex 13.000006192459459 9.750004644344594 35.75001702926351
endloop
endfacet
facet normal 0 0 -0.9999999999999999
outer loop
vertex 0 7.583336945601351 35.75001702926351
vertex 13.000006192459459 9.750004644344594 35.75001702926351
vertex 16.250007740574322 9.750004644344594 35.75001702926351
endloop
endfacet
facet normal 0 0 -1
outer loop
vertex 0 7.583336945601351 35.75001702926351
vertex 16.250007740574322 9.750004644344594 35.75001702926351
vertex 16.250007740574322 3.2500015481148647 35.75001702926351
endloop
endfacet
facet normal 0 0 -1
outer loop
vertex 0 7.583336945601351 35.75001702926351
vertex 16.250007740574322 3.2500015481148647 35.75001702926351
vertex -16.250007740574322 3.2500015481148647 35.75001702926351
endloop
endfacet
facet normal 0 0 -1
outer loop
vertex 0 7.583336945601351 35.75001702926351
vertex -16.250007740574322 3.2500015481148647 35.75001702926351
vertex -16.250007740574322 9.750004644344594 35.75001702926351
endloop
endfacet
facet normal 0 0 -0.9999999999999999
outer loop
vertex 0 7.583336945601351 35.75001702926351
vertex -16.250007740574322 9.750004644344594 35.75001702926351
vertex -13.000006192459459 9.750004644344594 35.75001702926351
endloop
endfacet
facet normal 0 0 -1
outer loop
vertex 0 2.4626886730840387 35.75001702926351
vertex -16.250007740574322 3.2500015481148647 35.75001702926351
vertex 16.250007740574322 3.2500015481148647 35.75001702926351
endloop
endfacet
facet normal 0 0 -1
outer loop
vertex 0 2.4626886730840387 35.75001702926351
vertex 16.250007740574322 3.2500015481148647 35.75001702926351
vertex 19.50000928868919 3.2500015481148647 35.75001702926351
endloop
endfacet
facet normal 0 0 -1
outer loop
vertex 0 2.4626886730840387 35.75001702926351
vertex 19.50000928868919 3.2500015481148647 35.75001702926351
vertex 19.50000928868919 1.6751049645908698 35.75001702926351
endloop
endfacet
facet normal 0 0 -1
outer loop
vertex 0 2.4626886730840387 35.75001702926351
vertex 19.50000928868919 1.6751049645908698 35.75001702926351
vertex 1.6751049645908698 1.6751049645908698 35.75001702926351
endloop
endfacet
facet normal 0 0 -1
outer loop
vertex 0 2.4626886730840387 35.75001702926351
vertex 1.6751049645908698 1.6751049645908698 35.75001702926351
vertex -1.6751049645908698 1.6751049645908698 35.75001702926351
endloop
endfacet
facet normal 0 0 -1
outer loop
vertex 0 2.4626886730840387 35.75001702926351
vertex -1.6751049645908698 1.6751049645908698 35.75001702926351
vertex -19.50000928868919 1.6751049645908698 35.75001702926351
endloop
endfacet
facet normal 0 0 -1
outer loop
vertex 0 2.4626886730840387 35.75001702926351
vertex -19.50000928868919 1.6751049645908698 35.75001702926351
vertex -19.50000928868919 3.2500015481148647 35.75001702926351
endloop
endfacet
facet normal 0 0 -1
outer loop
vertex 0 2.4626886730840387 35.75001702926351
vertex -19.50000928868919 3.2500015481148647 35.75001702926351
vertex -16.250007740574322 3.2500015481148647 35.75001702926351
endloop
endfacet
facet normal 0 0 -1
outer loop
vertex -1.6751049645908698 1.6751049645908698 35.75001702926351
vertex -1.6751049645908698 -1.6751049645908698 35.75001702926351
vertex -19.50000928868919 -1.6751049645908698 35.75001702926351
endloop
endfacet
facet normal 0 0 -1
outer loop
vertex -1.6751049645908698 1.6751049645908698 35.75001702926351
vertex -19.50000928868919 -1.6751049645908698 35.75001702926351
vertex -19.50000928868919 1.6751049645908698 35.75001702926351
endloop
endfacet
facet normal 0 0 -1
outer loop
vertex 19.50000928868919 1.6751049645908698 35.75001702926351
vertex 19.50000928868919 -1.6751049645908698 35.75001702926351
vertex 1.6751049645908698 -1.6751049645908698 35.75001702926351
endloop
endfacet
facet normal 0 0 -1
outer loop
vertex 19.50000928868919 1.6751049645908698 35.75001702926351
vertex 1.6751049645908698 -1.6751049645908698 35.75001702926351
vertex 1.6751049645908698 1.6751049645908698 35.75001702926351
endloop
endfacet
facet normal 0 0 -0.9999999999999999
outer loop
vertex 0 -2.4624178396216956 35.75001702926351
vertex -1.6751049645908698 -1.6751049645908698 35.75001702926351
vertex 1.6751049645908698 -1.6751049645908698 35.75001702926351
endloop
endfacet
facet normal 0 0 -1
outer loop
vertex 0 -2.4624178396216956 35.75001702926351
vertex 1.6751049645908698 -1.6751049645908698 35.75001702926351
vertex 19.50000928868919 -1.6751049645908698 35.75001702926351
endloop
endfacet
facet normal 0 0 -0.9999999999999999
outer loop
vertex 0 -2.4624178396216956 35.75001702926351
vertex 19.50000928868919 -1.6751049645908698 35.75001702926351
vertex 19.50000928868919 -3.2500015481148647 35.75001702926351
endloop
endfacet
facet normal 0 0 -0.9999999999999999
outer loop
vertex 0 -2.4624178396216956 35.75001702926351
vertex 19.50000928868919 -3.2500015481148647 35.75001702926351
vertex 16.250007740574322 -3.2500015481148647 35.75001702926351
endloop
endfacet
facet normal 0 0 -1
outer loop
vertex 0 -2.4624178396216956 35.75001702926351
vertex 16.250007740574322 -3.2500015481148647 35.75001702926351
vertex -16.250007740574322 -3.2500015481148647 35.75001702926351
endloop
endfacet
facet normal 0 0 -0.9999999999999999
outer loop
vertex 0 -2.4624178396216956 35.75001702926351
vertex -16.250007740574322 -3.2500015481148647 35.75001702926351
vertex -19.50000928868919 -3.2500015481148647 35.75001702926351
endloop
endfacet
facet normal 0 0 -0.9999999999999999
outer loop
vertex 0 -2.4624178396216956 35.75001702926351
vertex -19.50000928868919 -3.2500015481148647 35.75001702926351
vertex -19.50000928868919 -1.6751049645908698 35.75001702926351
endloop
endfacet
facet normal 0 0 -1
outer loop
vertex 0 -2.4624178396216956 35.75001702926351
vertex -19.50000928868919 -1.6751049645908698 35.75001702926351
vertex -1.6751049645908698 -1.6751049645908698 35.75001702926351
endloop
endfacet
facet normal 0 0 -0.9999999999999999
outer loop
vertex 16.250007740574322 -3.2500015481148647 35.75001702926351
vertex 16.250007740574322 -6.5000030962297295 35.75001702926351
vertex -16.250007740574322 -6.5000030962297295 35.75001702926351
endloop
endfacet
facet normal 0 0 -0.9999999999999999
outer loop
vertex 16.250007740574322 -3.2500015481148647 35.75001702926351
vertex -16.250007740574322 -6.5000030962297295 35.75001702926351
vertex -16.250007740574322 -3.2500015481148647 35.75001702926351
endloop
endfacet
facet normal 0 0 -1
outer loop
vertex 0 -8.666670794972973 35.75001702926351
vertex 16.250007740574322 -6.5000030962297295 35.75001702926351
vertex 16.250007740574322 -9.750004644344594 35.75001702926351
endloop
endfacet
facet normal 0 0 -0.9999999999999999
outer loop
vertex 0 -8.666670794972973 35.75001702926351
vertex 16.250007740574322 -9.750004644344594 35.75001702926351
vertex 13.000006192459459 -9.750004644344594 35.75001702926351
endloop
endfacet
facet normal 0 0 -0.9999999999999999
outer loop
vertex 0 -8.666670794972973 35.75001702926351
vertex 13.000006192459459 -9.750004644344594 35.75001702926351
vertex -13.000006192459459 -9.750004644344594 35.75001702926351
endloop
endfacet
facet normal 0 0 -0.9999999999999999
outer loop
vertex 0 -8.666670794972973 35.75001702926351
vertex -13.000006192459459 -9.750004644344594 35.75001702926351
vertex -16.250007740574322 -9.750004644344594 35.75001702926351
endloop
endfacet
facet normal 0 0 -1
outer loop
vertex 0 -8.666670794972973 35.75001702926351
vertex -16.250007740574322 -9.750004644344594 35.75001702926351
vertex -16.250007740574322 -6.5000030962297295 35.75001702926351
endloop
endfacet
facet normal 0 0 -1
outer loop
vertex 0 -8.666670794972973 35.75001702926351
vertex -16.250007740574322 -6.5000030962297295 35.75001702926351
vertex 16.250007740574322 -6.5000030962297295 35.75001702926351
endloop
endfacet
facet normal 0 0 -1
outer loop
vertex 0 -11.916672343087837 35.75001702926351
vertex 13.000006192459459 -9.750004644344594 35.75001702926351
vertex 13.000006192459459 -13.000006192459459 35.75001702926351
endloop
endfacet
facet normal 0 0 -1
outer loop
vertex 0 -11.916672343087837 35.75001702926351
vertex 13.000006192459459 -13.000006192459459 35.75001702926351
vertex 9.750004644344594 -13.000006192459459 35.75001702926351
endloop
endfacet
facet normal 0 0 -1
outer loop
vertex 0 -11.916672343087837 35.75001702926351
vertex 9.750004644344594 -13.000006192459459 35.75001702926351
vertex -9.750004644344594 -13.000006192459459 35.75001702926351
endloop
endfacet
facet normal 0 0 -1
outer loop
vertex 0 -11.916672343087837 35.75001702926351
vertex -9.750004644344594 -13.000006192459459 35.75001702926351
vertex -13.000006192459459 -13.000006192459459 35.75001702926351
endloop
endfacet
facet normal 0 0 -1
outer loop
vertex 0 -11.916672343087837 35.75001702926351
vertex -13.000006192459459 -13.000006192459459 35.75001702926351
vertex -13.000006192459459 -9.750004644344594 35.75001702926351
endloop
endfacet
facet normal 0 0 -0.9999999999999999
outer loop
vertex 0 -11.916672343087837 35.75001702926351
vertex -13.000006192459459 -9.750004644344594 35.75001702926351
vertex 13.000006192459459 -9.750004644344594 35.75001702926351
endloop
endfacet
facet normal 0 0 -1
outer loop
vertex 0 -15.166673891202702 35.75001702926351
vertex 9.750004644344594 -13.000006192459459 35.75001702926351
vertex 9.750004644344594 -16.250007740574322 35.75001702926351
endloop
endfacet
facet normal 0 0 -1
outer loop
vertex 0 -15.166673891202702 35.75001702926351
vertex 9.750004644344594 -16.250007740574322 35.75001702926351
vertex 3.2500015481148647 -16.250007740574322 35.75001702926351
endloop
endfacet
facet normal 0 0 -1
outer loop
vertex 0 -15.166673891202702 35.75001702926351
vertex 3.2500015481148647 -16.250007740574322 35.75001702926351
vertex -3.2500015481148647 -16.250007740574322 35.75001702926351
endloop
endfacet
facet normal 0 0 -1
outer loop
vertex 0 -15.166673891202702 35.75001702926351
vertex -3.2500015481148647 -16.250007740574322 35.75001702926351
vertex -9.750004644344594 -16.250007740574322 35.75001702926351
endloop
endfacet
facet normal 0 0 -1
outer loop
vertex 0 -15.166673891202702 35.75001702926351
vertex -9.750004644344594 -16.250007740574322 35.75001702926351
vertex -9.750004644344594 -13.000006192459459 35.75001702926351
endloop
endfacet
facet normal 0 0 -1
outer loop
vertex 0 -15.166673891202702 35.75001702926351
vertex -9.750004644344594 -13.000006192459459 35.75001702926351
vertex 9.750004644344594 -13.000006192459459 35.75001702926351
endloop
endfacet
facet normal 0 0 -1
outer loop
vertex 3.2500015481148647 -16.250007740574322 35.75001702926351
vertex 3.2500015481148647 -19.50000928868919 35.75001702926351
vertex -3.2500015481148647 -19.50000928868919 35.75001702926351
endloop
endfacet
facet normal 0 0 -1
outer loop
vertex 3.2500015481148647 -16.250007740574322 35.75001702926351
vertex -3.2500015481148647 -19.50000928868919 35.75001702926351
vertex -3.2500015481148647 -16.250007740574322 35.75001702926351
endloop
endfacet
facet normal 1 0 0
outer loop
vertex -1.6751049645908698 1.6751049645908698 35.75001702926351
vertex -1.6751049645908698 1.6751049645908698 39.00001857737838
vertex -1.6751049645908698 -1.6751049645908698 39.00001857737838
endloop
endfacet
facet normal 1 0 0
outer loop
vertex -1.6751049645908698 1.6751049645908698 35.75001702926351
vertex -1.6751049645908698 -1.6751049645908698 39.00001857737838
vertex -1.6751049645908698 -1.6751049645908698 35.75001702926351
endloop
endfacet
facet normal -1 0 0
outer loop
vertex 1.6751049645908698 -1.6751049645908698 35.75001702926351
vertex 1.6751049645908698 -1.6751049645908698 39.00001857737838
vertex 1.6751049645908698 1.6751049645908698 39.00001857737838
endloop
endfacet
facet normal -1 0 0
outer loop
vertex 1.6751049645908698 -1.6751049645908698 35.75001702926351
vertex 1.6751049645908698 1.6751049645908698 39.00001857737838
vertex 1.6751049645908698 1.6751049645908698 35.75001702926351
endloop
endfacet
facet normal 0 1 0
outer loop
vertex -1.6751049645908698 -1.6751049645908698 35.75001702926351
vertex -1.6751049645908698 -1.6751049645908698 39.00001857737838
vertex 1.6751049645908698 -1.6751049645908698 39.00001857737838
endloop
endfacet
facet normal 0 1 0
outer loop
vertex -1.6751049645908698 -1.6751049645908698 35.75001702926351
vertex 1.6751049645908698 -1.6751049645908698 39.00001857737838
vertex 1.6751049645908698 -1.6751049645908698 35.75001702926351
endloop
endfacet
facet normal 0 -1 0
outer loop
vertex 1.6751049645908698 1.6751049645908698 35.75001702926351
vertex 1.6751049645908698 1.6751049645908698 39.00001857737838
vertex -1.6751049645908698 1.6751049645908698 39.00001857737838
endloop
endfacet
facet normal 0 -1 0
outer loop
vertex 1.6751049645908698 1.6751049645908698 35.75001702926351
vertex -1.6751049645908698 1.6751049645908698 39.00001857737838
vertex -1.6751049645908698 1.6751049645908698 35.75001702926351
endloop
endfacet
facet normal 0 1 0
outer loop
vertex 3.250056154937143 16.250053275304857 42.25004751604029
vertex 3.250056154937143 16.250053275304857 38.99999136110314
vertex -3.250056154937143 16.250053275304857 38.99999136110314
endloop
endfacet
facet normal 0 1 0
outer loop
vertex 3.250056154937143 16.250053275304857 42.25004751604029
vertex -3.250056154937143 16.250053275304857 38.99999136110314
vertex -3.250056154937143 16.250053275304857 42.25004751604029
endloop
endfacet
facet normal -1 0 0
outer loop
vertex -3.250056154937143 16.250053275304857 42.25004751604029
vertex -3.250056154937143 16.250053275304857 38.99999136110314
vertex -3.250056154937143 12.999997120367714 38.99999136110314
endloop
endfacet
facet normal -1 0 0
outer loop
vertex -3.250056154937143 16.250053275304857 42.25004751604029
vertex -3.250056154937143 12.999997120367714 38.99999136110314
vertex -3.250056154937143 12.999997120367714 42.25004751604029
endloop
endfacet
facet normal 1 0 0
outer loop
vertex 3.250056154937143 12.999997120367714 42.25004751604029
vertex 3.250056154937143 12.999997120367714 38.99999136110314
vertex 3.250056154937143 16.250053275304857 38.99999136110314
endloop
endfacet
facet normal 1 0 0
outer loop
vertex 3.250056154937143 12.999997120367714 42.25004751604029
vertex 3.250056154937143 16.250053275304857 38.99999136110314
vertex 3.250056154937143 16.250053275304857 42.25004751604029
endloop
endfacet
facet normal 0 -1 0
outer loop
vertex 12.999997120367714 -3.250056154937143 42.25004751604029
vertex 12.999997120367714 -3.250056154937143 38.99999136110314
vertex 16.250053275304857 -3.250056154937143 38.99999136110314
endloop
endfacet
facet normal 0 -1 0
outer loop
vertex 12.999997120367714 -3.250056154937143 42.25004751604029
vertex 16.250053275304857 -3.250056154937143 38.99999136110314
vertex 16.250053275304857 -3.250056154937143 42.25004751604029
endloop
endfacet
facet normal 0 -1 0
outer loop
vertex -16.250053275304857 -3.250056154937143 42.25004751604029
vertex -16.250053275304857 -3.250056154937143 38.99999136110314
vertex -12.999997120367714 -3.250056154937143 38.99999136110314
endloop
endfacet
facet normal 0 -1 0
outer loop
vertex -16.250053275304857 -3.250056154937143 42.25004751604029
vertex -12.999997120367714 -3.250056154937143 38.99999136110314
vertex -12.999997120367714 -3.250056154937143 42.25004751604029
endloop
endfacet
facet normal 0.9999999999999999 0 0
outer loop
vertex 16.250053275304857 0 40.62501943857171
vertex 16.250053275304857 1.6750779412573278 42.25004751604029
vertex 16.250053275304857 -1.6750779412573278 42.25004751604029
endloop
endfacet
facet normal 1 0 0
outer loop
vertex 16.250053275304857 0 40.62501943857171
vertex 16.250053275304857 -1.6750779412573278 42.25004751604029
vertex 16.250053275304857 -3.250056154937143 42.25004751604029
endloop
endfacet
facet normal 1 0 0
outer loop
vertex 16.250053275304857 0 40.62501943857171
vertex 16.250053275304857 -3.250056154937143 42.25004751604029
vertex 16.250053275304857 -3.250056154937143 38.99999136110314
endloop
endfacet
facet normal 1 0 0
outer loop
vertex 16.250053275304857 0 40.62501943857171
vertex 16.250053275304857 -3.250056154937143 38.99999136110314
vertex 16.250053275304857 -1.6750779412573278 38.99999136110314
endloop
endfacet
facet normal 1 0 0
outer loop
vertex 16.250053275304857 0 40.62501943857171
vertex 16.250053275304857 -1.6750779412573278 38.99999136110314
vertex 16.250053275304857 1.6750779412573278 38.99999136110314
endloop
endfacet
facet normal 1 0 0
outer loop
vertex 16.250053275304857 0 40.62501943857171
vertex 16.250053275304857 1.6750779412573278 38.99999136110314
vertex 16.250053275304857 3.250056154937143 38.99999136110314
endloop
endfacet
facet normal 1 0 0
outer loop
vertex 16.250053275304857 0 40.62501943857171
vertex 16.250053275304857 3.250056154937143 38.99999136110314
vertex 16.250053275304857 3.250056154937143 42.25004751604029
endloop
endfacet
facet normal 1 0 0
outer loop
vertex 16.250053275304857 0 40.62501943857171
vertex 16.250053275304857 3.250056154937143 42.25004751604029
vertex 16.250053275304857 1.6750779412573278 42.25004751604029
endloop
endfacet
facet normal -0.9999999999999999 0 0
outer loop
vertex -16.250053275304857 0 40.62501943857171
vertex -16.250053275304857 -1.6750779412573278 42.25004751604029
vertex -16.250053275304857 1.6750779412573278 42.25004751604029
endloop
endfacet
facet normal -1 0 0
outer loop
vertex -16.250053275304857 0 40.62501943857171
vertex -16.250053275304857 1.6750779412573278 42.25004751604029
vertex -16.250053275304857 3.250056154937143 42.25004751604029
endloop
endfacet
facet normal -1 0 0
outer loop
vertex -16.250053275304857 0 40.62501943857171
vertex -16.250053275304857 3.250056154937143 42.25004751604029
vertex -16.250053275304857 3.250056154937143 38.99999136110314
endloop
endfacet
facet normal -1 0 0
outer loop
vertex -16.250053275304857 0 40.62501943857171
vertex -16.250053275304857 3.250056154937143 38.99999136110314
vertex -16.250053275304857 1.6750779412573278 38.99999136110314
endloop
endfacet
facet normal -1 0 0
outer loop
vertex -16.250053275304857 0 40.62501943857171
vertex -16.250053275304857 1.6750779412573278 38.99999136110314
vertex -16.250053275304857 -1.6750779412573278 38.99999136110314
endloop
endfacet
facet normal -1 0 0
outer loop
vertex -16.250053275304857 0 40.62501943857171
vertex -16.250053275304857 -1.6750779412573278 38.99999136110314
vertex -16.250053275304857 -3.250056154937143 38.99999136110314
endloop
endfacet
facet normal -1 0 0
outer loop
vertex -16.250053275304857 0 40.62501943857171
vertex -16.250053275304857 -3.250056154937143 38.99999136110314
vertex -16.250053275304857 -3.250056154937143 42.25004751604029
endloop
endfacet
facet normal -1 0 0
outer loop
vertex -16.250053275304857 0 40.62501943857171
vertex -16.250053275304857 -3.250056154937143 42.25004751604029
vertex -16.250053275304857 -1.6750779412573278 42.25004751604029
endloop
endfacet
facet normal 0 1 0
outer loop
vertex -12.999997120367714 3.250056154937143 42.25004751604029
vertex -12.999997120367714 3.250056154937143 38.99999136110314
vertex -16.250053275304857 3.250056154937143 38.99999136110314
endloop
endfacet
facet normal 0 1 0
outer loop
vertex -12.999997120367714 3.250056154937143 42.25004751604029
vertex -16.250053275304857 3.250056154937143 38.99999136110314
vertex -16.250053275304857 3.250056154937143 42.25004751604029
endloop
endfacet
facet normal 0 1 0
outer loop
vertex 16.250053275304857 3.250056154937143 42.25004751604029
vertex 16.250053275304857 3.250056154937143 38.99999136110314
vertex 12.999997120367714 3.250056154937143 38.99999136110314
endloop
endfacet
facet normal 0 1 0
outer loop
vertex 16.250053275304857 3.250056154937143 42.25004751604029
vertex 12.999997120367714 3.250056154937143 38.99999136110314
vertex 12.999997120367714 3.250056154937143 42.25004751604029
endloop
endfacet
facet normal -1 0 0
outer loop
vertex -12.999997120367714 -3.250056154937143 42.25004751604029
vertex -12.999997120367714 -3.250056154937143 38.99999136110314
vertex -12.999997120367714 -6.499884810493429 38.99999136110314
endloop
endfacet
facet normal -1 0 0
outer loop
vertex -12.999997120367714 -3.250056154937143 42.25004751604029
vertex -12.999997120367714 -6.499884810493429 38.99999136110314
vertex -12.999997120367714 -6.499884810493429 42.25004751604029
endloop
endfacet
facet normal -1 0 0
outer loop
vertex -12.999997120367714 9.750168464811429 42.25004751604029
vertex -12.999997120367714 9.750168464811429 38.99999136110314
vertex -12.999997120367714 3.250056154937143 38.99999136110314
endloop
endfacet
facet normal -1 0 0
outer loop
vertex -12.999997120367714 9.750168464811429 42.25004751604029
vertex -12.999997120367714 3.250056154937143 38.99999136110314
vertex -12.999997120367714 3.250056154937143 42.25004751604029
endloop
endfacet
facet normal 1 0 0
outer loop
vertex 12.999997120367714 3.250056154937143 42.25004751604029
vertex 12.999997120367714 3.250056154937143 38.99999136110314
vertex 12.999997120367714 9.750168464811429 38.99999136110314
endloop
endfacet
facet normal 1 0 0
outer loop
vertex 12.999997120367714 3.250056154937143 42.25004751604029
vertex 12.999997120367714 9.750168464811429 38.99999136110314
vertex 12.999997120367714 9.750168464811429 42.25004751604029
endloop
endfacet
facet normal 1 0 0
outer loop
vertex 12.999997120367714 -6.499884810493429 42.25004751604029
vertex 12.999997120367714 -6.499884810493429 38.99999136110314
vertex 12.999997120367714 -3.250056154937143 38.99999136110314
endloop
endfacet
facet normal 1 0 0
outer loop
vertex 12.999997120367714 -6.499884810493429 42.25004751604029
vertex 12.999997120367714 -3.250056154937143 38.99999136110314
vertex 12.999997120367714 -3.250056154937143 42.25004751604029
endloop
endfacet
facet normal 0 -1 0
outer loop
vertex 12.999769620986857 -6.499884810493429 42.25004751604029
vertex 12.999769620986857 -6.499884810493429 38.99999136110314
vertex 12.999997120367714 -6.499884810493429 38.99999136110314
endloop
endfacet
facet normal 0 -1 0
outer loop
vertex 12.999769620986857 -6.499884810493429 42.25004751604029
vertex 12.999997120367714 -6.499884810493429 38.99999136110314
vertex 12.999997120367714 -6.499884810493429 42.25004751604029
endloop
endfacet
facet normal 0 -1 0
outer loop
vertex -12.999997120367714 -6.499884810493429 42.25004751604029
vertex -12.999997120367714 -6.499884810493429 38.99999136110314
vertex -12.999769620986857 -6.499884810493429 38.99999136110314
endloop
endfacet
facet normal 0 -1 0
outer loop
vertex -12.999997120367714 -6.499884810493429 42.25004751604029
vertex -12.999769620986857 -6.499884810493429 38.99999136110314
vertex -12.999769620986857 -6.499884810493429 42.25004751604029
endloop
endfacet
facet normal -1 0 0
outer loop
vertex -12.999769620986857 -6.499884810493429 42.25004751604029
vertex -12.999769620986857 -6.499884810493429 38.99999136110314
vertex -12.999769620986857 -9.750168464811429 38.99999136110314
endloop
endfacet
facet normal -1 0 0
outer loop
vertex -12.999769620986857 -6.499884810493429 42.25004751604029
vertex -12.999769620986857 -9.750168464811429 38.99999136110314
vertex -12.999769620986857 -9.750168464811429 42.25004751604029
endloop
endfacet
facet normal 1 0 0
outer loop
vertex 12.999769620986857 -9.750168464811429 42.25004751604029
vertex 12.999769620986857 -9.750168464811429 38.99999136110314
vertex 12.999769620986857 -6.499884810493429 38.99999136110314
endloop
endfacet
facet normal 1 0 0
outer loop
vertex 12.999769620986857 -9.750168464811429 42.25004751604029
vertex 12.999769620986857 -6.499884810493429 38.99999136110314
vertex 12.999769620986857 -6.499884810493429 42.25004751604029
endloop
endfacet
facet normal 0 1 0
outer loop
vertex -9.750168464811429 9.750168464811429 42.25004751604029
vertex -9.750168464811429 9.750168464811429 38.99999136110314
vertex -12.999997120367714 9.750168464811429 38.99999136110314
endloop
endfacet
facet normal 0 1 0
outer loop
vertex -9.750168464811429 9.750168464811429 42.25004751604029
vertex -12.999997120367714 9.750168464811429 38.99999136110314
vertex -12.999997120367714 9.750168464811429 42.25004751604029
endloop
endfacet
facet normal 0 1 0
outer loop
vertex 12.999997120367714 9.750168464811429 42.25004751604029
vertex 12.999997120367714 9.750168464811429 38.99999136110314
vertex 9.750168464811429 9.750168464811429 38.99999136110314
endloop
endfacet
facet normal 0 1 0
outer loop
vertex 12.999997120367714 9.750168464811429 42.25004751604029
vertex 9.750168464811429 9.750168464811429 38.99999136110314
vertex 9.750168464811429 9.750168464811429 42.25004751604029
endloop
endfacet
facet normal 0 -1 0
outer loop
vertex 9.750168464811429 -9.750168464811429 42.25004751604029
vertex 9.750168464811429 -9.750168464811429 38.99999136110314
vertex 12.999769620986857 -9.750168464811429 38.99999136110314
endloop
endfacet
facet normal 0 -1 0
outer loop
vertex 9.750168464811429 -9.750168464811429 42.25004751604029
vertex 12.999769620986857 -9.750168464811429 38.99999136110314
vertex 12.999769620986857 -9.750168464811429 42.25004751604029
endloop
endfacet
facet normal 0 -1 0
outer loop
vertex -12.999769620986857 -9.750168464811429 42.25004751604029
vertex -12.999769620986857 -9.750168464811429 38.99999136110314
vertex -9.750168464811429 -9.750168464811429 38.99999136110314
endloop
endfacet
facet normal 0 -1 0
outer loop
vertex -12.999769620986857 -9.750168464811429 42.25004751604029
vertex -9.750168464811429 -9.750168464811429 38.99999136110314
vertex -9.750168464811429 -9.750168464811429 42.25004751604029
endloop
endfacet
facet normal -1 0 0
outer loop
vertex -9.750168464811429 -9.750168464811429 42.25004751604029
vertex -9.750168464811429 -9.750168464811429 38.99999136110314
vertex -9.750168464811429 -12.999997120367714 38.99999136110314
endloop
endfacet
facet normal -1 0 0
outer loop
vertex -9.750168464811429 -9.750168464811429 42.25004751604029
vertex -9.750168464811429 -12.999997120367714 38.99999136110314
vertex -9.750168464811429 -12.999997120367714 42.25004751604029
endloop
endfacet
facet normal -1 0 0
outer loop
vertex -9.750168464811429 12.999997120367714 42.25004751604029
vertex -9.750168464811429 12.999997120367714 38.99999136110314
vertex -9.750168464811429 9.750168464811429 38.99999136110314
endloop
endfacet
facet normal -1 0 0
outer loop
vertex -9.750168464811429 12.999997120367714 42.25004751604029
vertex -9.750168464811429 9.750168464811429 38.99999136110314
vertex -9.750168464811429 9.750168464811429 42.25004751604029
endloop
endfacet
facet normal 1 0 0
outer loop
vertex 9.750168464811429 9.750168464811429 42.25004751604029
vertex 9.750168464811429 9.750168464811429 38.99999136110314
vertex 9.750168464811429 12.999997120367714 38.99999136110314
endloop
endfacet
facet normal 1 0 0
outer loop
vertex 9.750168464811429 9.750168464811429 42.25004751604029
vertex 9.750168464811429 12.999997120367714 38.99999136110314
vertex 9.750168464811429 12.999997120367714 42.25004751604029
endloop
endfacet
facet normal 1 0 0
outer loop
vertex 9.750168464811429 -12.999997120367714 42.25004751604029
vertex 9.750168464811429 -12.999997120367714 38.99999136110314
vertex 9.750168464811429 -9.750168464811429 38.99999136110314
endloop
endfacet
facet normal 1 0 0
outer loop
vertex 9.750168464811429 -12.999997120367714 42.25004751604029
vertex 9.750168464811429 -9.750168464811429 38.99999136110314
vertex 9.750168464811429 -9.750168464811429 42.25004751604029
endloop
endfacet
facet normal 0 -1 0
outer loop
vertex 3.250056154937143 -12.999997120367714 42.25004751604029
vertex 3.250056154937143 -12.999997120367714 38.99999136110314
vertex 9.750168464811429 -12.999997120367714 38.99999136110314
endloop
endfacet
facet normal 0 -1 0
outer loop
vertex 3.250056154937143 -12.999997120367714 42.25004751604029
vertex 9.750168464811429 -12.999997120367714 38.99999136110314
vertex 9.750168464811429 -12.999997120367714 42.25004751604029
endloop
endfacet
facet normal 0 -1 0
outer loop
vertex -9.750168464811429 -12.999997120367714 42.25004751604029
vertex -9.750168464811429 -12.999997120367714 38.99999136110314
vertex -3.250056154937143 -12.999997120367714 38.99999136110314
endloop
endfacet
facet normal 0 -1 0
outer loop
vertex -9.750168464811429 -12.999997120367714 42.25004751604029
vertex -3.250056154937143 -12.999997120367714 38.99999136110314
vertex -3.250056154937143 -12.999997120367714 42.25004751604029
endloop
endfacet
facet normal -1 0 0
outer loop
vertex -3.250056154937143 -12.999997120367714 42.25004751604029
vertex -3.250056154937143 -12.999997120367714 38.99999136110314
vertex -3.250056154937143 -16.250053275304857 38.99999136110314
endloop
endfacet
facet normal -1 0 0
outer loop
vertex -3.250056154937143 -12.999997120367714 42.25004751604029
vertex -3.250056154937143 -16.250053275304857 38.99999136110314
vertex -3.250056154937143 -16.250053275304857 42.25004751604029
endloop
endfacet
facet normal 0 -1 0
outer loop
vertex -3.250056154937143 -16.250053275304857 42.25004751604029
vertex -3.250056154937143 -16.250053275304857 38.99999136110314
vertex 3.250056154937143 -16.250053275304857 38.99999136110314
endloop
endfacet
facet normal 0 -1 0
outer loop
vertex -3.250056154937143 -16.250053275304857 42.25004751604029
vertex 3.250056154937143 -16.250053275304857 38.99999136110314
vertex 3.250056154937143 -16.250053275304857 42.25004751604029
endloop
endfacet
facet normal 1 0 0
outer loop
vertex 3.250056154937143 -16.250053275304857 42.25004751604029
vertex 3.250056154937143 -16.250053275304857 38.99999136110314
vertex 3.250056154937143 -12.999997120367714 38.99999136110314
endloop
endfacet
facet normal 1 0 0
outer loop
vertex 3.250056154937143 -16.250053275304857 42.25004751604029
vertex 3.250056154937143 -12.999997120367714 38.99999136110314
vertex 3.250056154937143 -12.999997120367714 42.25004751604029
endloop
endfacet
facet normal 0 1 0
outer loop
vertex -3.250056154937143 12.999997120367714 42.25004751604029
vertex -3.250056154937143 12.999997120367714 38.99999136110314
vertex -9.750168464811429 12.999997120367714 38.99999136110314
endloop
endfacet
facet normal 0 1 0
outer loop
vertex -3.250056154937143 12.999997120367714 42.25004751604029
vertex -9.750168464811429 12.999997120367714 38.99999136110314
vertex -9.750168464811429 12.999997120367714 42.25004751604029
endloop
endfacet
facet normal 0 1 0
outer loop
vertex 9.750168464811429 12.999997120367714 42.25004751604029
vertex 9.750168464811429 12.999997120367714 38.99999136110314
vertex 3.250056154937143 12.999997120367714 38.99999136110314
endloop
endfacet
facet normal 0 1 0
outer loop
vertex 9.750168464811429 12.999997120367714 42.25004751604029
vertex 3.250056154937143 12.999997120367714 38.99999136110314
vertex 3.250056154937143 12.999997120367714 42.25004751604029
endloop
endfacet
facet normal 0 0 1
outer loop
vertex -3.250056154937143 16.250053275304857 42.25004751604029
vertex -3.250056154937143 12.999997120367714 42.25004751604029
vertex 3.250056154937143 12.999997120367714 42.25004751604029
endloop
endfacet
facet normal 0 0 1
outer loop
vertex -3.250056154937143 16.250053275304857 42.25004751604029
vertex 3.250056154937143 12.999997120367714 42.25004751604029
vertex 3.250056154937143 16.250053275304857 42.25004751604029
endloop
endfacet
facet normal 0 0 1
outer loop
vertex 0 11.916645068722 42.25004751604029
vertex 3.250056154937143 12.999997120367714 42.25004751604029
vertex -3.250056154937143 12.999997120367714 42.25004751604029
endloop
endfacet
facet normal 0 0 0.9999999999999999
outer loop
vertex 0 11.916645068722 42.25004751604029
vertex -3.250056154937143 12.999997120367714 42.25004751604029
vertex -9.750168464811429 12.999997120367714 42.25004751604029
endloop
endfacet
facet normal 0 0 1
outer loop
vertex 0 11.916645068722 42.25004751604029
vertex -9.750168464811429 12.999997120367714 42.25004751604029
vertex -9.750168464811429 9.750168464811429 42.25004751604029
endloop
endfacet
facet normal 0 0 1
outer loop
vertex 0 11.916645068722 42.25004751604029
vertex -9.750168464811429 9.750168464811429 42.25004751604029
vertex 9.750168464811429 9.750168464811429 42.25004751604029
endloop
endfacet
facet normal 0 0 1
outer loop
vertex 0 11.916645068722 42.25004751604029
vertex 9.750168464811429 9.750168464811429 42.25004751604029
vertex 9.750168464811429 12.999997120367714 42.25004751604029
endloop
endfacet
facet normal 0 0 0.9999999999999999
outer loop
vertex 0 11.916645068722 42.25004751604029
vertex 9.750168464811429 12.999997120367714 42.25004751604029
vertex 3.250056154937143 12.999997120367714 42.25004751604029
endloop
endfacet
facet normal 0 0 1
outer loop
vertex 0 7.583464361520001 42.25004751604029
vertex 9.750168464811429 9.750168464811429 42.25004751604029
vertex -9.750168464811429 9.750168464811429 42.25004751604029
endloop
endfacet
facet normal 0 0 1
outer loop
vertex 0 7.583464361520001 42.25004751604029
vertex -9.750168464811429 9.750168464811429 42.25004751604029
vertex -12.999997120367714 9.750168464811429 42.25004751604029
endloop
endfacet
facet normal 0 0 0.9999999999999999
outer loop
vertex 0 7.583464361520001 42.25004751604029
vertex -12.999997120367714 9.750168464811429 42.25004751604029
vertex -12.999997120367714 3.250056154937143 42.25004751604029
endloop
endfacet
facet normal 0 0 1
outer loop
vertex 0 7.583464361520001 42.25004751604029
vertex -12.999997120367714 3.250056154937143 42.25004751604029
vertex 12.999997120367714 3.250056154937143 42.25004751604029
endloop
endfacet
facet normal 0 0 0.9999999999999999
outer loop
vertex 0 7.583464361520001 42.25004751604029
vertex 12.999997120367714 3.250056154937143 42.25004751604029
vertex 12.999997120367714 9.750168464811429 42.25004751604029
endloop
endfacet
facet normal 0 0 1
outer loop
vertex 0 7.583464361520001 42.25004751604029
vertex 12.999997120367714 9.750168464811429 42.25004751604029
vertex 9.750168464811429 9.750168464811429 42.25004751604029
endloop
endfacet
facet normal 0 0 1
outer loop
vertex 0 2.4626807977876646 42.25004751604029
vertex 12.999997120367714 3.250056154937143 42.25004751604029
vertex -12.999997120367714 3.250056154937143 42.25004751604029
endloop
endfacet
facet normal 0 0 1
outer loop
vertex 0 2.4626807977876646 42.25004751604029
vertex -12.999997120367714 3.250056154937143 42.25004751604029
vertex -16.250053275304857 3.250056154937143 42.25004751604029
endloop
endfacet
facet normal 0 0 1
outer loop
vertex 0 2.4626807977876646 42.25004751604029
vertex -16.250053275304857 3.250056154937143 42.25004751604029
vertex -16.250053275304857 1.6750779412573278 42.25004751604029
endloop
endfacet
facet normal 0 0 1
outer loop
vertex 0 2.4626807977876646 42.25004751604029
vertex -16.250053275304857 1.6750779412573278 42.25004751604029
vertex -1.6750779412573278 1.6750779412573278 42.25004751604029
endloop
endfacet
facet normal 0 0 0.9999999999999999
outer loop
vertex 0 2.4626807977876646 42.25004751604029
vertex -1.6750779412573278 1.6750779412573278 42.25004751604029
vertex 1.6750779412573278 1.6750779412573278 42.25004751604029
endloop
endfacet
facet normal 0 0 1
outer loop
vertex 0 2.4626807977876646 42.25004751604029
vertex 1.6750779412573278 1.6750779412573278 42.25004751604029
vertex 16.250053275304857 1.6750779412573278 42.25004751604029
endloop
endfacet
facet normal 0 0 1
outer loop
vertex 0 2.4626807977876646 42.25004751604029
vertex 16.250053275304857 1.6750779412573278 42.25004751604029
vertex 16.250053275304857 3.250056154937143 42.25004751604029
endloop
endfacet
facet normal 0 0 1
outer loop
vertex 0 2.4626807977876646 42.25004751604029
vertex 16.250053275304857 3.250056154937143 42.25004751604029
vertex 12.999997120367714 3.250056154937143 42.25004751604029
endloop
endfacet
facet normal 0 0 1
outer loop
vertex 1.6750779412573278 1.6750779412573278 42.25004751604029
vertex 1.6750779412573278 -1.6750779412573278 42.25004751604029
vertex 16.250053275304857 -1.6750779412573278 42.25004751604029
endloop
endfacet
facet normal 0 0 1
outer loop
vertex 1.6750779412573278 1.6750779412573278 42.25004751604029
vertex 16.250053275304857 -1.6750779412573278 42.25004751604029
vertex 16.250053275304857 1.6750779412573278 42.25004751604029
endloop
endfacet
facet normal 0 0 1
outer loop
vertex -16.250053275304857 1.6750779412573278 42.25004751604029
vertex -16.250053275304857 -1.6750779412573278 42.25004751604029
vertex -1.6750779412573278 -1.6750779412573278 42.25004751604029
endloop
endfacet
facet normal 0 0 1
outer loop
vertex -16.250053275304857 1.6750779412573278 42.25004751604029
vertex -1.6750779412573278 -1.6750779412573278 42.25004751604029
vertex -1.6750779412573278 1.6750779412573278 42.25004751604029
endloop
endfacet
facet normal 0 0 1
outer loop
vertex 0 -2.4624532984068064 42.25004751604029
vertex 1.6750779412573278 -1.6750779412573278 42.25004751604029
vertex -1.6750779412573278 -1.6750779412573278 42.25004751604029
endloop
endfacet
facet normal 0 0 0.9999999999999999
outer loop
vertex 0 -2.4624532984068064 42.25004751604029
vertex -1.6750779412573278 -1.6750779412573278 42.25004751604029
vertex -16.250053275304857 -1.6750779412573278 42.25004751604029
endloop
endfacet
facet normal 0 0 1
outer loop
vertex 0 -2.4624532984068064 42.25004751604029
vertex -16.250053275304857 -1.6750779412573278 42.25004751604029
vertex -16.250053275304857 -3.250056154937143 42.25004751604029
endloop
endfacet
facet normal 0 0 1
outer loop
vertex 0 -2.4624532984068064 42.25004751604029
vertex -16.250053275304857 -3.250056154937143 42.25004751604029
vertex -12.999997120367714 -3.250056154937143 42.25004751604029
endloop
endfacet
facet normal 0 0 1
outer loop
vertex 0 -2.4624532984068064 42.25004751604029
vertex -12.999997120367714 -3.250056154937143 42.25004751604029
vertex 12.999997120367714 -3.250056154937143 42.25004751604029
endloop
endfacet
facet normal 0 0 1
outer loop
vertex 0 -2.4624532984068064 42.25004751604029
vertex 12.999997120367714 -3.250056154937143 42.25004751604029
vertex 16.250053275304857 -3.250056154937143 42.25004751604029
endloop
endfacet
facet normal 0 0 1
outer loop
vertex 0 -2.4624532984068064 42.25004751604029
vertex 16.250053275304857 -3.250056154937143 42.25004751604029
vertex 16.250053275304857 -1.6750779412573278 42.25004751604029
endloop
endfacet
facet normal 0 0 0.9999999999999999
outer loop
vertex 0 -2.4624532984068064 42.25004751604029
vertex 16.250053275304857 -1.6750779412573278 42.25004751604029
vertex 1.6750779412573278 -1.6750779412573278 42.25004751604029
endloop
endfacet
facet normal 0 0 1
outer loop
vertex 0 -5.416532758847714 42.25004751604029
vertex -12.999997120367714 -3.250056154937143 42.25004751604029
vertex -12.999997120367714 -6.499884810493429 42.25004751604029
endloop
endfacet
facet normal 0 0 1
outer loop
vertex 0 -5.416532758847714 42.25004751604029
vertex -12.999997120367714 -6.499884810493429 42.25004751604029
vertex -12.999769620986857 -6.499884810493429 42.25004751604029
endloop
endfacet
facet normal 0 0 1
outer loop
vertex 0 -5.416532758847714 42.25004751604029
vertex -12.999769620986857 -6.499884810493429 42.25004751604029
vertex 12.999769620986857 -6.499884810493429 42.25004751604029
endloop
endfacet
facet normal 0 0 1
outer loop
vertex 0 -5.416532758847714 42.25004751604029
vertex 12.999769620986857 -6.499884810493429 42.25004751604029
vertex 12.999997120367714 -6.499884810493429 42.25004751604029
endloop
endfacet
facet normal 0 0 1
outer loop
vertex 0 -5.416532758847714 42.25004751604029
vertex 12.999997120367714 -6.499884810493429 42.25004751604029
vertex 12.999997120367714 -3.250056154937143 42.25004751604029
endloop
endfacet
facet normal 0 0 1
outer loop
vertex 0 -5.416532758847714 42.25004751604029
vertex 12.999997120367714 -3.250056154937143 42.25004751604029
vertex -12.999997120367714 -3.250056154937143 42.25004751604029
endloop
endfacet
facet normal 0 0 1
outer loop
vertex 0 -8.666816413165716 42.25004751604029
vertex -12.999769620986857 -6.499884810493429 42.25004751604029
vertex -12.999769620986857 -9.750168464811429 42.25004751604029
endloop
endfacet
facet normal 0 0 1
outer loop
vertex 0 -8.666816413165716 42.25004751604029
vertex -12.999769620986857 -9.750168464811429 42.25004751604029
vertex -9.750168464811429 -9.750168464811429 42.25004751604029
endloop
endfacet
facet normal 0 0 1
outer loop
vertex 0 -8.666816413165716 42.25004751604029
vertex -9.750168464811429 -9.750168464811429 42.25004751604029
vertex 9.750168464811429 -9.750168464811429 42.25004751604029
endloop
endfacet
facet normal 0 0 1
outer loop
vertex 0 -8.666816413165716 42.25004751604029
vertex 9.750168464811429 -9.750168464811429 42.25004751604029
vertex 12.999769620986857 -9.750168464811429 42.25004751604029
endloop
endfacet
facet normal 0 0 1
outer loop
vertex 0 -8.666816413165716 42.25004751604029
vertex 12.999769620986857 -9.750168464811429 42.25004751604029
vertex 12.999769620986857 -6.499884810493429 42.25004751604029
endloop
endfacet
facet normal 0 0 1
outer loop
vertex 0 -8.666816413165716 42.25004751604029
vertex 12.999769620986857 -6.499884810493429 42.25004751604029
vertex -12.999769620986857 -6.499884810493429 42.25004751604029
endloop
endfacet
facet normal 0 0 1
outer loop
vertex 0 -11.916645068722 42.25004751604029
vertex -9.750168464811429 -9.750168464811429 42.25004751604029
vertex -9.750168464811429 -12.999997120367714 42.25004751604029
endloop
endfacet
facet normal 0 0 0.9999999999999999
outer loop
vertex 0 -11.916645068722 42.25004751604029
vertex -9.750168464811429 -12.999997120367714 42.25004751604029
vertex -3.250056154937143 -12.999997120367714 42.25004751604029
endloop
endfacet
facet normal 0 0 1
outer loop
vertex 0 -11.916645068722 42.25004751604029
vertex -3.250056154937143 -12.999997120367714 42.25004751604029
vertex 3.250056154937143 -12.999997120367714 42.25004751604029
endloop
endfacet
facet normal 0 0 0.9999999999999999
outer loop
vertex 0 -11.916645068722 42.25004751604029
vertex 3.250056154937143 -12.999997120367714 42.25004751604029
vertex 9.750168464811429 -12.999997120367714 42.25004751604029
endloop
endfacet
facet normal 0 0 1
outer loop
vertex 0 -11.916645068722 42.25004751604029
vertex 9.750168464811429 -12.999997120367714 42.25004751604029
vertex 9.750168464811429 -9.750168464811429 42.25004751604029
endloop
endfacet
facet normal 0 0 1
outer loop
vertex 0 -11.916645068722 42.25004751604029
vertex 9.750168464811429 -9.750168464811429 42.25004751604029
vertex -9.750168464811429 -9.750168464811429 42.25004751604029
endloop
endfacet
facet normal 0 0 1
outer loop
vertex -3.250056154937143 -12.999997120367714 42.25004751604029
vertex -3.250056154937143 -16.250053275304857 42.25004751604029
vertex 3.250056154937143 -16.250053275304857 42.25004751604029
endloop
endfacet
facet normal 0 0 1
outer loop
vertex -3.250056154937143 -12.999997120367714 42.25004751604029
vertex 3.250056154937143 -16.250053275304857 42.25004751604029
vertex 3.250056154937143 -12.999997120367714 42.25004751604029
endloop
endfacet
facet normal 0 0 -1
outer loop
vertex 3.250056154937143 16.250053275304857 38.99999136110314
vertex 3.250056154937143 12.999997120367714 38.99999136110314
vertex -3.250056154937143 12.999997120367714 38.99999136110314
endloop
endfacet
facet normal 0 0 -1
outer loop
vertex 3.250056154937143 16.250053275304857 38.99999136110314
vertex -3.250056154937143 12.999997120367714 38.99999136110314
vertex -3.250056154937143 16.250053275304857 38.99999136110314
endloop
endfacet
facet normal 0 0 -1
outer loop
vertex 0 11.916645068722 38.99999136110314
vertex -3.250056154937143 12.999997120367714 38.99999136110314
vertex 3.250056154937143 12.999997120367714 38.99999136110314
endloop
endfacet
facet normal 0 0 -0.9999999999999999
outer loop
vertex 0 11.916645068722 38.99999136110314
vertex 3.250056154937143 12.999997120367714 38.99999136110314
vertex 9.750168464811429 12.999997120367714 38.99999136110314
endloop
endfacet
facet normal 0 0 -1
outer loop
vertex 0 11.916645068722 38.99999136110314
vertex 9.750168464811429 12.999997120367714 38.99999136110314
vertex 9.750168464811429 9.750168464811429 38.99999136110314
endloop
endfacet
facet normal 0 0 -1
outer loop
vertex 0 11.916645068722 38.99999136110314
vertex 9.750168464811429 9.750168464811429 38.99999136110314
vertex -9.750168464811429 9.750168464811429 38.99999136110314
endloop
endfacet
facet normal 0 0 -1
outer loop
vertex 0 11.916645068722 38.99999136110314
vertex -9.750168464811429 9.750168464811429 38.99999136110314
vertex -9.750168464811429 12.999997120367714 38.99999136110314
endloop
endfacet
facet normal 0 0 -0.9999999999999999
outer loop
vertex 0 11.916645068722 38.99999136110314
vertex -9.750168464811429 12.999997120367714 38.99999136110314
vertex -3.250056154937143 12.999997120367714 38.99999136110314
endloop
endfacet
facet normal 0 0 -1
outer loop
vertex 0 7.583464361520001 38.99999136110314
vertex -9.750168464811429 9.750168464811429 38.99999136110314
vertex 9.750168464811429 9.750168464811429 38.99999136110314
endloop
endfacet
facet normal 0 0 -1
outer loop
vertex 0 7.583464361520001 38.99999136110314
vertex 9.750168464811429 9.750168464811429 38.99999136110314
vertex 12.999997120367714 9.750168464811429 38.99999136110314
endloop
endfacet
facet normal 0 0 -0.9999999999999999
outer loop
vertex 0 7.583464361520001 38.99999136110314
vertex 12.999997120367714 9.750168464811429 38.99999136110314
vertex 12.999997120367714 3.250056154937143 38.99999136110314
endloop
endfacet
facet normal 0 0 -1
outer loop
vertex 0 7.583464361520001 38.99999136110314
vertex 12.999997120367714 3.250056154937143 38.99999136110314
vertex -12.999997120367714 3.250056154937143 38.99999136110314
endloop
endfacet
facet normal 0 0 -0.9999999999999999
outer loop
vertex 0 7.583464361520001 38.99999136110314
vertex -12.999997120367714 3.250056154937143 38.99999136110314
vertex -12.999997120367714 9.750168464811429 38.99999136110314
endloop
endfacet
facet normal 0 0 -1
outer loop
vertex 0 7.583464361520001 38.99999136110314
vertex -12.999997120367714 9.750168464811429 38.99999136110314
vertex -9.750168464811429 9.750168464811429 38.99999136110314
endloop
endfacet
facet normal 0 0 -1
outer loop
vertex 0 2.4626807977876646 38.99999136110314
vertex -12.999997120367714 3.250056154937143 38.99999136110314
vertex 12.999997120367714 3.250056154937143 38.99999136110314
endloop
endfacet
facet normal 0 0 -1
outer loop
vertex 0 2.4626807977876646 38.99999136110314
vertex 12.999997120367714 3.250056154937143 38.99999136110314
vertex 16.250053275304857 3.250056154937143 38.99999136110314
endloop
endfacet
facet normal 0 0 -1
outer loop
vertex 0 2.4626807977876646 38.99999136110314
vertex 16.250053275304857 3.250056154937143 38.99999136110314
vertex 16.250053275304857 1.6750779412573278 38.99999136110314
endloop
endfacet
facet normal 0 0 -1
outer loop
vertex 0 2.4626807977876646 38.99999136110314
vertex 16.250053275304857 1.6750779412573278 38.99999136110314
vertex 1.6750779412573278 1.6750779412573278 38.99999136110314
endloop
endfacet
facet normal 0 0 -0.9999999999999999
outer loop
vertex 0 2.4626807977876646 38.99999136110314
vertex 1.6750779412573278 1.6750779412573278 38.99999136110314
vertex -1.6750779412573278 1.6750779412573278 38.99999136110314
endloop
endfacet
facet normal 0 0 -1
outer loop
vertex 0 2.4626807977876646 38.99999136110314
vertex -1.6750779412573278 1.6750779412573278 38.99999136110314
vertex -16.250053275304857 1.6750779412573278 38.99999136110314
endloop
endfacet
facet normal 0 0 -1
outer loop
vertex 0 2.4626807977876646 38.99999136110314
vertex -16.250053275304857 1.6750779412573278 38.99999136110314
vertex -16.250053275304857 3.250056154937143 38.99999136110314
endloop
endfacet
facet normal 0 0 -1
outer loop
vertex 0 2.4626807977876646 38.99999136110314
vertex -16.250053275304857 3.250056154937143 38.99999136110314
vertex -12.999997120367714 3.250056154937143 38.99999136110314
endloop
endfacet
facet normal 0 0 -1
outer loop
vertex -1.6750779412573278 1.6750779412573278 38.99999136110314
vertex -1.6750779412573278 -1.6750779412573278 38.99999136110314
vertex -16.250053275304857 -1.6750779412573278 38.99999136110314
endloop
endfacet
facet normal 0 0 -1
outer loop
vertex -1.6750779412573278 1.6750779412573278 38.99999136110314
vertex -16.250053275304857 -1.6750779412573278 38.99999136110314
vertex -16.250053275304857 1.6750779412573278 38.99999136110314
endloop
endfacet
facet normal 0 0 -1
outer loop
vertex 16.250053275304857 1.6750779412573278 38.99999136110314
vertex 16.250053275304857 -1.6750779412573278 38.99999136110314
vertex 1.6750779412573278 -1.6750779412573278 38.99999136110314
endloop
endfacet
facet normal 0 0 -1
outer loop
vertex 16.250053275304857 1.6750779412573278 38.99999136110314
vertex 1.6750779412573278 -1.6750779412573278 38.99999136110314
vertex 1.6750779412573278 1.6750779412573278 38.99999136110314
endloop
endfacet
facet normal 0 0 -1
outer loop
vertex 0 -2.4624532984068064 38.99999136110314
vertex -1.6750779412573278 -1.6750779412573278 38.99999136110314
vertex 1.6750779412573278 -1.6750779412573278 38.99999136110314
endloop
endfacet
facet normal 0 0 -0.9999999999999999
outer loop
vertex 0 -2.4624532984068064 38.99999136110314
vertex 1.6750779412573278 -1.6750779412573278 38.99999136110314
vertex 16.250053275304857 -1.6750779412573278 38.99999136110314
endloop
endfacet
facet normal 0 0 -1
outer loop
vertex 0 -2.4624532984068064 38.99999136110314
vertex 16.250053275304857 -1.6750779412573278 38.99999136110314
vertex 16.250053275304857 -3.250056154937143 38.99999136110314
endloop
endfacet
facet normal 0 0 -1
outer loop
vertex 0 -2.4624532984068064 38.99999136110314
vertex 16.250053275304857 -3.250056154937143 38.99999136110314
vertex 12.999997120367714 -3.250056154937143 38.99999136110314
endloop
endfacet
facet normal 0 0 -1
outer loop
vertex 0 -2.4624532984068064 38.99999136110314
vertex 12.999997120367714 -3.250056154937143 38.99999136110314
vertex -12.999997120367714 -3.250056154937143 38.99999136110314
endloop
endfacet
facet normal 0 0 -1
outer loop
vertex 0 -2.4624532984068064 38.99999136110314
vertex -12.999997120367714 -3.250056154937143 38.99999136110314
vertex -16.250053275304857 -3.250056154937143 38.99999136110314
endloop
endfacet
facet normal 0 0 -1
outer loop
vertex 0 -2.4624532984068064 38.99999136110314
vertex -16.250053275304857 -3.250056154937143 38.99999136110314
vertex -16.250053275304857 -1.6750779412573278 38.99999136110314
endloop
endfacet
facet normal 0 0 -0.9999999999999999
outer loop
vertex 0 -2.4624532984068064 38.99999136110314
vertex -16.250053275304857 -1.6750779412573278 38.99999136110314
vertex -1.6750779412573278 -1.6750779412573278 38.99999136110314
endloop
endfacet
facet normal 0 0 -1
outer loop
vertex 0 -5.416532758847714 38.99999136110314
vertex 12.999997120367714 -3.250056154937143 38.99999136110314
vertex 12.999997120367714 -6.499884810493429 38.99999136110314
endloop
endfacet
facet normal 0 0 -1
outer loop
vertex 0 -5.416532758847714 38.99999136110314
vertex 12.999997120367714 -6.499884810493429 38.99999136110314
vertex 12.999769620986857 -6.499884810493429 38.99999136110314
endloop
endfacet
facet normal 0 0 -1
outer loop
vertex 0 -5.416532758847714 38.99999136110314
vertex 12.999769620986857 -6.499884810493429 38.99999136110314
vertex -12.999769620986857 -6.499884810493429 38.99999136110314
endloop
endfacet
facet normal 0 0 -1
outer loop
vertex 0 -5.416532758847714 38.99999136110314
vertex -12.999769620986857 -6.499884810493429 38.99999136110314
vertex -12.999997120367714 -6.499884810493429 38.99999136110314
endloop
endfacet
facet normal 0 0 -1
outer loop
vertex 0 -5.416532758847714 38.99999136110314
vertex -12.999997120367714 -6.499884810493429 38.99999136110314
vertex -12.999997120367714 -3.250056154937143 38.99999136110314
endloop
endfacet
facet normal 0 0 -1
outer loop
vertex 0 -5.416532758847714 38.99999136110314
vertex -12.999997120367714 -3.250056154937143 38.99999136110314
vertex 12.999997120367714 -3.250056154937143 38.99999136110314
endloop
endfacet
facet normal 0 0 -1
outer loop
vertex 0 -8.666816413165716 38.99999136110314
vertex 12.999769620986857 -6.499884810493429 38.99999136110314
vertex 12.999769620986857 -9.750168464811429 38.99999136110314
endloop
endfacet
facet normal 0 0 -1
outer loop
vertex 0 -8.666816413165716 38.99999136110314
vertex 12.999769620986857 -9.750168464811429 38.99999136110314
vertex 9.750168464811429 -9.750168464811429 38.99999136110314
endloop
endfacet
facet normal 0 0 -1
outer loop
vertex 0 -8.666816413165716 38.99999136110314
vertex 9.750168464811429 -9.750168464811429 38.99999136110314
vertex -9.750168464811429 -9.750168464811429 38.99999136110314
endloop
endfacet
facet normal 0 0 -1
outer loop
vertex 0 -8.666816413165716 38.99999136110314
vertex -9.750168464811429 -9.750168464811429 38.99999136110314
vertex -12.999769620986857 -9.750168464811429 38.99999136110314
endloop
endfacet
facet normal 0 0 -1
outer loop
vertex 0 -8.666816413165716 38.99999136110314
vertex -12.999769620986857 -9.750168464811429 38.99999136110314
vertex -12.999769620986857 -6.499884810493429 38.99999136110314
endloop
endfacet
facet normal 0 0 -1
outer loop
vertex 0 -8.666816413165716 38.99999136110314
vertex -12.999769620986857 -6.499884810493429 38.99999136110314
vertex 12.999769620986857 -6.499884810493429 38.99999136110314
endloop
endfacet
facet normal 0 0 -1
outer loop
vertex 0 -11.916645068722 38.99999136110314
vertex 9.750168464811429 -9.750168464811429 38.99999136110314
vertex 9.750168464811429 -12.999997120367714 38.99999136110314
endloop
endfacet
facet normal 0 0 -0.9999999999999999
outer loop
vertex 0 -11.916645068722 38.99999136110314
vertex 9.750168464811429 -12.999997120367714 38.99999136110314
vertex 3.250056154937143 -12.999997120367714 38.99999136110314
endloop
endfacet
facet normal 0 0 -1
outer loop
vertex 0 -11.916645068722 38.99999136110314
vertex 3.250056154937143 -12.999997120367714 38.99999136110314
vertex -3.250056154937143 -12.999997120367714 38.99999136110314
endloop
endfacet
facet normal 0 0 -0.9999999999999999
outer loop
vertex 0 -11.916645068722 38.99999136110314
vertex -3.250056154937143 -12.999997120367714 38.99999136110314
vertex -9.750168464811429 -12.999997120367714 38.99999136110314
endloop
endfacet
facet normal 0 0 -1
outer loop
vertex 0 -11.916645068722 38.99999136110314
vertex -9.750168464811429 -12.999997120367714 38.99999136110314
vertex -9.750168464811429 -9.750168464811429 38.99999136110314
endloop
endfacet
facet normal 0 0 -1
outer loop
vertex 0 -11.916645068722 38.99999136110314
vertex -9.750168464811429 -9.750168464811429 38.99999136110314
vertex 9.750168464811429 -9.750168464811429 38.99999136110314
endloop
endfacet
facet normal 0 0 -1
outer loop
vertex 3.250056154937143 -12.999997120367714 38.99999136110314
vertex 3.250056154937143 -16.250053275304857 38.99999136110314
vertex -3.250056154937143 -16.250053275304857 38.99999136110314
endloop
endfacet
facet normal 0 0 -1
outer loop
vertex 3.250056154937143 -12.999997120367714 38.99999136110314
vertex -3.250056154937143 -16.250053275304857 38.99999136110314
vertex -3.250056154937143 -12.999997120367714 38.99999136110314
endloop
endfacet
facet normal 0.9999999999999999 0 0
outer loop
vertex -1.6750779412573278 1.6750779412573278 38.99999136110314
vertex -1.6750779412573278 1.6750779412573278 42.25004751604029
vertex -1.6750779412573278 -1.6750779412573278 42.25004751604029
endloop
endfacet
facet normal 0.9999999999999999 0 0
outer loop
vertex -1.6750779412573278 1.6750779412573278 38.99999136110314
vertex -1.6750779412573278 -1.6750779412573278 42.25004751604029
vertex -1.6750779412573278 -1.6750779412573278 38.99999136110314
endloop
endfacet
facet normal -0.9999999999999999 0 0
outer loop
vertex 1.6750779412573278 -1.6750779412573278 38.99999136110314
vertex 1.6750779412573278 -1.6750779412573278 42.25004751604029
vertex 1.6750779412573278 1.6750779412573278 42.25004751604029
endloop
endfacet
facet normal -0.9999999999999999 0 0
outer loop
vertex 1.6750779412573278 -1.6750779412573278 38.99999136110314
vertex 1.6750779412573278 1.6750779412573278 42.25004751604029
vertex 1.6750779412573278 1.6750779412573278 38.99999136110314
endloop
endfacet
facet normal 0 0.9999999999999999 0
outer loop
vertex -1.6750779412573278 -1.6750779412573278 38.99999136110314
vertex -1.6750779412573278 -1.6750779412573278 42.25004751604029
vertex 1.6750779412573278 -1.6750779412573278 42.25004751604029
endloop
endfacet
facet normal 0 0.9999999999999999 0
outer loop
vertex -1.6750779412573278 -1.6750779412573278 38.99999136110314
vertex 1.6750779412573278 -1.6750779412573278 42.25004751604029
vertex 1.6750779412573278 -1.6750779412573278 38.99999136110314
endloop
endfacet
facet normal 0 -0.9999999999999999 0
outer loop
vertex 1.6750779412573278 1.6750779412573278 38.99999136110314
vertex 1.6750779412573278 1.6750779412573278 42.25004751604029
vertex -1.6750779412573278 1.6750779412573278 42.25004751604029
endloop
endfacet
facet normal 0 -0.9999999999999999 0
outer loop
vertex 1.6750779412573278 1.6750779412573278 38.99999136110314
vertex -1.6750779412573278 1.6750779412573278 42.25004751604029
vertex -1.6750779412573278 1.6750779412573278 38.99999136110314
endloop
endfacet
facet normal 0 1 0
outer loop
vertex 6.5002010605478935 9.749949505399863 45.49999908214734
vertex 6.5002010605478935 9.749949505399863 42.249968968957795
vertex -6.5002010605478935 9.749949505399863 42.249968968957795
endloop
endfacet
facet normal 0 1 0
outer loop
vertex 6.5002010605478935 9.749949505399863 45.49999908214734
vertex -6.5002010605478935 9.749949505399863 42.249968968957795
vertex -6.5002010605478935 9.749949505399863 45.49999908214734
endloop
endfacet
facet normal 1 0 0
outer loop
vertex 6.5002010605478935 6.5000602263791025 45.49999908214734
vertex 6.5002010605478935 6.5000602263791025 42.249968968957795
vertex 6.5002010605478935 9.749949505399863 42.249968968957795
endloop
endfacet
facet normal 1 0 0
outer loop
vertex 6.5002010605478935 6.5000602263791025 45.49999908214734
vertex 6.5002010605478935 9.749949505399863 42.249968968957795
vertex 6.5002010605478935 9.749949505399863 45.49999908214734
endloop
endfacet
facet normal -1 0 0
outer loop
vertex -6.5002010605478935 9.749949505399863 45.49999908214734
vertex -6.5002010605478935 9.749949505399863 42.249968968957795
vertex -6.5002010605478935 6.5000602263791025 42.249968968957795
endloop
endfacet
facet normal -1 0 0
outer loop
vertex -6.5002010605478935 9.749949505399863 45.49999908214734
vertex -6.5002010605478935 6.5000602263791025 42.249968968957795
vertex -6.5002010605478935 6.5000602263791025 45.49999908214734
endloop
endfacet
facet normal 0 -1 0
outer loop
vertex -6.499919392210312 -9.749949505399863 45.49999908214734
vertex -6.499919392210312 -9.749949505399863 42.249968968957795
vertex 6.499919392210312 -9.749949505399863 42.249968968957795
endloop
endfacet
facet normal 0 -1 0
outer loop
vertex -6.499919392210312 -9.749949505399863 45.49999908214734
vertex 6.499919392210312 -9.749949505399863 42.249968968957795
vertex 6.499919392210312 -9.749949505399863 45.49999908214734
endloop
endfacet
facet normal 1 0 0
outer loop
vertex 6.499919392210312 -9.749949505399863 45.49999908214734
vertex 6.499919392210312 -9.749949505399863 42.249968968957795
vertex 6.499919392210312 -6.5000602263791025 42.249968968957795
endloop
endfacet
facet normal 1 0 0
outer loop
vertex 6.499919392210312 -9.749949505399863 45.49999908214734
vertex 6.499919392210312 -6.5000602263791025 42.249968968957795
vertex 6.499919392210312 -6.5000602263791025 45.49999908214734
endloop
endfacet
facet normal 0 -1 0
outer loop
vertex 6.499919392210312 -6.5000602263791025 45.49999908214734
vertex 6.499919392210312 -6.5000602263791025 42.249968968957795
vertex 9.749808671231072 -6.5000602263791025 42.249968968957795
endloop
endfacet
facet normal 0 -1 0
outer loop
vertex 6.499919392210312 -6.5000602263791025 45.49999908214734
vertex 9.749808671231072 -6.5000602263791025 42.249968968957795
vertex 9.749808671231072 -6.5000602263791025 45.49999908214734
endloop
endfacet
facet normal 0 -1 0
outer loop
vertex -9.749808671231072 -6.5000602263791025 45.49999908214734
vertex -9.749808671231072 -6.5000602263791025 42.249968968957795
vertex -6.499919392210312 -6.5000602263791025 42.249968968957795
endloop
endfacet
facet normal 0 -1 0
outer loop
vertex -9.749808671231072 -6.5000602263791025 45.49999908214734
vertex -6.499919392210312 -6.5000602263791025 42.249968968957795
vertex -6.499919392210312 -6.5000602263791025 45.49999908214734
endloop
endfacet
facet normal 1 0 0
outer loop
vertex 9.749808671231072 1.6415630714277163 43.875054442636966
vertex 9.749808671231072 1.6749407694311795 45.49999908214734
vertex 9.749808671231072 0 45.49999908214734
endloop
endfacet
facet normal 1 0 0
outer loop
vertex 9.749808671231072 1.6415630714277163 43.875054442636966
vertex 9.749808671231072 0 45.49999908214734
vertex 9.749808671231072 0 42.249968968957795
endloop
endfacet
facet normal 1 0 0
outer loop
vertex 9.749808671231072 1.6415630714277163 43.875054442636966
vertex 9.749808671231072 0 42.249968968957795
vertex 9.749808671231072 1.6749407694311795 42.249968968957795
endloop
endfacet
facet normal 1 0 0
outer loop
vertex 9.749808671231072 1.6415630714277163 43.875054442636966
vertex 9.749808671231072 1.6749407694311795 42.249968968957795
vertex 9.749808671231072 3.2498892790207603 42.249968968957795
endloop
endfacet
facet normal 1 0 0
outer loop
vertex 9.749808671231072 1.6415630714277163 43.875054442636966
vertex 9.749808671231072 3.2498892790207603 42.249968968957795
vertex 9.749808671231072 3.2498892790207603 45.49999908214734
endloop
endfacet
facet normal 1 0 0
outer loop
vertex 9.749808671231072 1.6415630714277163 43.875054442636966
vertex 9.749808671231072 3.2498892790207603 45.49999908214734
vertex 9.749808671231072 1.6749407694311795 45.49999908214734
endloop
endfacet
facet normal 1 0 0
outer loop
vertex 9.749808671231072 -6.5000602263791025 45.49999908214734
vertex 9.749808671231072 -6.5000602263791025 42.249968968957795
vertex 9.749808671231072 -3.2498892790207603 42.249968968957795
endloop
endfacet
facet normal 1 0 0
outer loop
vertex 9.749808671231072 -6.5000602263791025 45.49999908214734
vertex 9.749808671231072 -3.2498892790207603 42.249968968957795
vertex 9.749808671231072 -3.2498892790207603 45.49999908214734
endloop
endfacet
facet normal -1 0 0
outer loop
vertex -9.750090339568654 -1.6415630714277163 43.875054442636966
vertex -9.750090339568654 -1.6749407694311795 45.49999908214734
vertex -9.750090339568654 0 45.49999908214734
endloop
endfacet
facet normal -1 0 0
outer loop
vertex -9.750090339568654 -1.6415630714277163 43.875054442636966
vertex -9.750090339568654 0 45.49999908214734
vertex -9.750090339568654 0 42.249968968957795
endloop
endfacet
facet normal -1 0 0
outer loop
vertex -9.750090339568654 -1.6415630714277163 43.875054442636966
vertex -9.750090339568654 0 42.249968968957795
vertex -9.750090339568654 -1.6749407694311795 42.249968968957795
endloop
endfacet
facet normal -1 0 0
outer loop
vertex -9.750090339568654 -1.6415630714277163 43.875054442636966
vertex -9.750090339568654 -1.6749407694311795 42.249968968957795
vertex -9.750090339568654 -3.2498892790207603 42.249968968957795
endloop
endfacet
facet normal -1 0 0
outer loop
vertex -9.750090339568654 -1.6415630714277163 43.875054442636966
vertex -9.750090339568654 -3.2498892790207603 42.249968968957795
vertex -9.750090339568654 -3.2498892790207603 45.49999908214734
endloop
endfacet
facet normal -1 0 0
outer loop
vertex -9.750090339568654 -1.6415630714277163 43.875054442636966
vertex -9.750090339568654 -3.2498892790207603 45.49999908214734
vertex -9.750090339568654 -1.6749407694311795 45.49999908214734
endloop
endfacet
facet normal 1 0 0
outer loop
vertex 9.750090339568654 -1.6415630714277163 43.875054442636966
vertex 9.750090339568654 -1.6749407694311795 45.49999908214734
vertex 9.750090339568654 -3.2498892790207603 45.49999908214734
endloop
endfacet
facet normal 1 0 0
outer loop
vertex 9.750090339568654 -1.6415630714277163 43.875054442636966
vertex 9.750090339568654 -3.2498892790207603 45.49999908214734
vertex 9.750090339568654 -3.2498892790207603 42.249968968957795
endloop
endfacet
facet normal 1 0 0
outer loop
vertex 9.750090339568654 -1.6415630714277163 43.875054442636966
vertex 9.750090339568654 -3.2498892790207603 42.249968968957795
vertex 9.750090339568654 -1.6749407694311795 42.249968968957795
endloop
endfacet
facet normal 1 0 0
outer loop
vertex 9.750090339568654 -1.6415630714277163 43.875054442636966
vertex 9.750090339568654 -1.6749407694311795 42.249968968957795
vertex 9.750090339568654 0 42.249968968957795
endloop
endfacet
facet normal 1 0 0
outer loop
vertex 9.750090339568654 -1.6415630714277163 43.875054442636966
vertex 9.750090339568654 0 42.249968968957795
vertex 9.750090339568654 0 45.49999908214734
endloop
endfacet
facet normal 1 0 0
outer loop
vertex 9.750090339568654 -1.6415630714277163 43.875054442636966
vertex 9.750090339568654 0 45.49999908214734
vertex 9.750090339568654 -1.6749407694311795 45.49999908214734
endloop
endfacet
facet normal 0 1 0
outer loop
vertex -9.749808671231072 0 45.49999908214734
vertex -9.749808671231072 0 42.249968968957795
vertex -9.750090339568654 0 42.249968968957795
endloop
endfacet
facet normal 0 1 0
outer loop
vertex -9.749808671231072 0 45.49999908214734
vertex -9.750090339568654 0 42.249968968957795
vertex -9.750090339568654 0 45.49999908214734
endloop
endfacet
facet normal 0 1 0
outer loop
vertex 9.750090339568654 0 45.49999908214734
vertex 9.750090339568654 0 42.249968968957795
vertex 9.749808671231072 0 42.249968968957795
endloop
endfacet
facet normal 0 1 0
outer loop
vertex 9.750090339568654 0 45.49999908214734
vertex 9.749808671231072 0 42.249968968957795
vertex 9.749808671231072 0 45.49999908214734
endloop
endfacet
facet normal -1 0 0
outer loop
vertex -9.749808671231072 -3.2498892790207603 45.49999908214734
vertex -9.749808671231072 -3.2498892790207603 42.249968968957795
vertex -9.749808671231072 -6.5000602263791025 42.249968968957795
endloop
endfacet
facet normal -1 0 0
outer loop
vertex -9.749808671231072 -3.2498892790207603 45.49999908214734
vertex -9.749808671231072 -6.5000602263791025 42.249968968957795
vertex -9.749808671231072 -6.5000602263791025 45.49999908214734
endloop
endfacet
facet normal -1 0 0
outer loop
vertex -9.749808671231072 1.6415630714277163 43.875054442636966
vertex -9.749808671231072 1.6749407694311795 45.49999908214734
vertex -9.749808671231072 3.2498892790207603 45.49999908214734
endloop
endfacet
facet normal -1 0 0
outer loop
vertex -9.749808671231072 1.6415630714277163 43.875054442636966
vertex -9.749808671231072 3.2498892790207603 45.49999908214734
vertex -9.749808671231072 3.2498892790207603 42.249968968957795
endloop
endfacet
facet normal -1 0 0
outer loop
vertex -9.749808671231072 1.6415630714277163 43.875054442636966
vertex -9.749808671231072 3.2498892790207603 42.249968968957795
vertex -9.749808671231072 1.6749407694311795 42.249968968957795
endloop
endfacet
facet normal -1 0 0
outer loop
vertex -9.749808671231072 1.6415630714277163 43.875054442636966
vertex -9.749808671231072 1.6749407694311795 42.249968968957795
vertex -9.749808671231072 0 42.249968968957795
endloop
endfacet
facet normal -1 0 0
outer loop
vertex -9.749808671231072 1.6415630714277163 43.875054442636966
vertex -9.749808671231072 0 42.249968968957795
vertex -9.749808671231072 0 45.49999908214734
endloop
endfacet
facet normal -1 0 0
outer loop
vertex -9.749808671231072 1.6415630714277163 43.875054442636966
vertex -9.749808671231072 0 45.49999908214734
vertex -9.749808671231072 1.6749407694311795 45.49999908214734
endloop
endfacet
facet normal 0 -1 0
outer loop
vertex 9.749808671231072 -3.2498892790207603 45.49999908214734
vertex 9.749808671231072 -3.2498892790207603 42.249968968957795
vertex 9.750090339568654 -3.2498892790207603 42.249968968957795
endloop
endfacet
facet normal 0 -1 0
outer loop
vertex 9.749808671231072 -3.2498892790207603 45.49999908214734
vertex 9.750090339568654 -3.2498892790207603 42.249968968957795
vertex 9.750090339568654 -3.2498892790207603 45.49999908214734
endloop
endfacet
facet normal 0 -1 0
outer loop
vertex -9.750090339568654 -3.2498892790207603 45.49999908214734
vertex -9.750090339568654 -3.2498892790207603 42.249968968957795
vertex -9.749808671231072 -3.2498892790207603 42.249968968957795
endloop
endfacet
facet normal 0 -1 0
outer loop
vertex -9.750090339568654 -3.2498892790207603 45.49999908214734
vertex -9.749808671231072 -3.2498892790207603 42.249968968957795
vertex -9.749808671231072 -3.2498892790207603 45.49999908214734
endloop
endfacet
facet normal -1 0 0
outer loop
vertex -6.499919392210312 -6.5000602263791025 45.49999908214734
vertex -6.499919392210312 -6.5000602263791025 42.249968968957795
vertex -6.499919392210312 -9.749949505399863 42.249968968957795
endloop
endfacet
facet normal -1 0 0
outer loop
vertex -6.499919392210312 -6.5000602263791025 45.49999908214734
vertex -6.499919392210312 -9.749949505399863 42.249968968957795
vertex -6.499919392210312 -9.749949505399863 45.49999908214734
endloop
endfacet
facet normal 1 0 0
outer loop
vertex 9.749949505399863 3.2498892790207603 45.49999908214734
vertex 9.749949505399863 3.2498892790207603 42.249968968957795
vertex 9.749949505399863 6.5000602263791025 42.249968968957795
endloop
endfacet
facet normal 1 0 0
outer loop
vertex 9.749949505399863 3.2498892790207603 45.49999908214734
vertex 9.749949505399863 6.5000602263791025 42.249968968957795
vertex 9.749949505399863 6.5000602263791025 45.49999908214734
endloop
endfacet
facet normal -1 0 0
outer loop
vertex -9.749949505399863 6.5000602263791025 45.49999908214734
vertex -9.749949505399863 6.5000602263791025 42.249968968957795
vertex -9.749949505399863 3.2498892790207603 42.249968968957795
endloop
endfacet
facet normal -1 0 0
outer loop
vertex -9.749949505399863 6.5000602263791025 45.49999908214734
vertex -9.749949505399863 3.2498892790207603 42.249968968957795
vertex -9.749949505399863 3.2498892790207603 45.49999908214734
endloop
endfacet
facet normal 0 -1 0
outer loop
vertex 9.749808671231072 3.2498892790207603 45.49999908214734
vertex 9.749808671231072 3.2498892790207603 42.249968968957795
vertex 9.749949505399863 3.2498892790207603 42.249968968957795
endloop
endfacet
facet normal 0 -1 0
outer loop
vertex 9.749808671231072 3.2498892790207603 45.49999908214734
vertex 9.749949505399863 3.2498892790207603 42.249968968957795
vertex 9.749949505399863 3.2498892790207603 45.49999908214734
endloop
endfacet
facet normal 0 -1 0
outer loop
vertex -9.749949505399863 3.2498892790207603 45.49999908214734
vertex -9.749949505399863 3.2498892790207603 42.249968968957795
vertex -9.749808671231072 3.2498892790207603 42.249968968957795
endloop
endfacet
facet normal 0 -1 0
outer loop
vertex -9.749949505399863 3.2498892790207603 45.49999908214734
vertex -9.749808671231072 3.2498892790207603 42.249968968957795
vertex -9.749808671231072 3.2498892790207603 45.49999908214734
endloop
endfacet
facet normal 0 1 0
outer loop
vertex -6.5002010605478935 6.5000602263791025 45.49999908214734
vertex -6.5002010605478935 6.5000602263791025 42.249968968957795
vertex -9.749949505399863 6.5000602263791025 42.249968968957795
endloop
endfacet
facet normal 0 1 0
outer loop
vertex -6.5002010605478935 6.5000602263791025 45.49999908214734
vertex -9.749949505399863 6.5000602263791025 42.249968968957795
vertex -9.749949505399863 6.5000602263791025 45.49999908214734
endloop
endfacet
facet normal 0 1 0
outer loop
vertex 9.749949505399863 6.5000602263791025 45.49999908214734
vertex 9.749949505399863 6.5000602263791025 42.249968968957795
vertex 6.5002010605478935 6.5000602263791025 42.249968968957795
endloop
endfacet
facet normal 0 1 0
outer loop
vertex 9.749949505399863 6.5000602263791025 45.49999908214734
vertex 6.5002010605478935 6.5000602263791025 42.249968968957795
vertex 6.5002010605478935 6.5000602263791025 45.49999908214734
endloop
endfacet
facet normal 0 0 0.9999999999999999
outer loop
vertex -6.5002010605478935 9.749949505399863 45.49999908214734
vertex -6.5002010605478935 6.5000602263791025 45.49999908214734
vertex 6.5002010605478935 6.5000602263791025 45.49999908214734
endloop
endfacet
facet normal 0 0 0.9999999999999999
outer loop
vertex -6.5002010605478935 9.749949505399863 45.49999908214734
vertex 6.5002010605478935 6.5000602263791025 45.49999908214734
vertex 6.5002010605478935 9.749949505399863 45.49999908214734
endloop
endfacet
facet normal 0 0 1
outer loop
vertex 0 4.874974752699932 45.49999908214734
vertex 6.5002010605478935 6.5000602263791025 45.49999908214734
vertex -6.5002010605478935 6.5000602263791025 45.49999908214734
endloop
endfacet
facet normal 0 0 1
outer loop
vertex 0 4.874974752699932 45.49999908214734
vertex -6.5002010605478935 6.5000602263791025 45.49999908214734
vertex -9.749949505399863 6.5000602263791025 45.49999908214734
endloop
endfacet
facet normal 0 0 1
outer loop
vertex 0 4.874974752699932 45.49999908214734
vertex -9.749949505399863 6.5000602263791025 45.49999908214734
vertex -9.749949505399863 3.2498892790207603 45.49999908214734
endloop
endfacet
facet normal 0 0 1
outer loop
vertex 0 4.874974752699932 45.49999908214734
vertex -9.749949505399863 3.2498892790207603 45.49999908214734
vertex -9.749808671231072 3.2498892790207603 45.49999908214734
endloop
endfacet
facet normal 0 0 1
outer loop
vertex 0 4.874974752699932 45.49999908214734
vertex -9.749808671231072 3.2498892790207603 45.49999908214734
vertex 9.749808671231072 3.2498892790207603 45.49999908214734
endloop
endfacet
facet normal 0 0 1
outer loop
vertex 0 4.874974752699932 45.49999908214734
vertex 9.749808671231072 3.2498892790207603 45.49999908214734
vertex 9.749949505399863 3.2498892790207603 45.49999908214734
endloop
endfacet
facet normal 0 0 1
outer loop
vertex 0 4.874974752699932 45.49999908214734
vertex 9.749949505399863 3.2498892790207603 45.49999908214734
vertex 9.749949505399863 6.5000602263791025 45.49999908214734
endloop
endfacet
facet normal 0 0 1
outer loop
vertex 0 4.874974752699932 45.49999908214734
vertex 9.749949505399863 6.5000602263791025 45.49999908214734
vertex 6.5002010605478935 6.5000602263791025 45.49999908214734
endloop
endfacet
facet normal 0 0 1
outer loop
vertex 0 2.19997055068397 45.49999908214734
vertex -9.749808671231072 3.2498892790207603 45.49999908214734
vertex -9.749808671231072 1.6749407694311795 45.49999908214734
endloop
endfacet
facet normal 0 0 1
outer loop
vertex 0 2.19997055068397 45.49999908214734
vertex -9.749808671231072 1.6749407694311795 45.49999908214734
vertex -1.6749407694311795 1.6749407694311795 45.49999908214734
endloop
endfacet
facet normal 0 0 1
outer loop
vertex 0 2.19997055068397 45.49999908214734
vertex -1.6749407694311795 1.6749407694311795 45.49999908214734
vertex 1.6749407694311795 1.6749407694311795 45.49999908214734
endloop
endfacet
facet normal 0 0 1
outer loop
vertex 0 2.19997055068397 45.49999908214734
vertex 1.6749407694311795 1.6749407694311795 45.49999908214734
vertex 9.749808671231072 1.6749407694311795 45.49999908214734
endloop
endfacet
facet normal 0 0 1
outer loop
vertex 0 2.19997055068397 45.49999908214734
vertex 9.749808671231072 1.6749407694311795 45.49999908214734
vertex 9.749808671231072 3.2498892790207603 45.49999908214734
endloop
endfacet
facet normal 0 0 0.9999999999999999
outer loop
vertex 0 2.19997055068397 45.49999908214734
vertex 9.749808671231072 3.2498892790207603 45.49999908214734
vertex -9.749808671231072 3.2498892790207603 45.49999908214734
endloop
endfacet
facet normal 0 0 1
outer loop
vertex 1.6749407694311795 1.6749407694311795 45.49999908214734
vertex 1.6749407694311795 0 45.49999908214734
vertex 9.749808671231072 0 45.49999908214734
endloop
endfacet
facet normal 0 0 1
outer loop
vertex 1.6749407694311795 1.6749407694311795 45.49999908214734
vertex 9.749808671231072 0 45.49999908214734
vertex 9.749808671231072 1.6749407694311795 45.49999908214734
endloop
endfacet
facet normal 0 0 1
outer loop
vertex -9.749808671231072 1.6749407694311795 45.49999908214734
vertex -9.749808671231072 0 45.49999908214734
vertex -1.6749407694311795 0 45.49999908214734
endloop
endfacet
facet normal 0 0 1
outer loop
vertex -9.749808671231072 1.6749407694311795 45.49999908214734
vertex -1.6749407694311795 0 45.49999908214734
vertex -1.6749407694311795 1.6749407694311795 45.49999908214734
endloop
endfacet
facet normal 0 0 1
outer loop
vertex 6.519917844178631 -0.6699481409387137 45.49999908214734
vertex 9.749808671231072 0 45.49999908214734
vertex 1.6749407694311795 0 45.49999908214734
endloop
endfacet
facet normal 0 0 1
outer loop
vertex 6.519917844178631 -0.6699481409387137 45.49999908214734
vertex 1.6749407694311795 0 45.49999908214734
vertex 1.6749407694311795 -1.6749407694311795 45.49999908214734
endloop
endfacet
facet normal 0 0 1
outer loop
vertex 6.519917844178631 -0.6699481409387137 45.49999908214734
vertex 1.6749407694311795 -1.6749407694311795 45.49999908214734
vertex 9.750090339568654 -1.6749407694311795 45.49999908214734
endloop
endfacet
facet normal 0 0 1
outer loop
vertex 6.519917844178631 -0.6699481409387137 45.49999908214734
vertex 9.750090339568654 -1.6749407694311795 45.49999908214734
vertex 9.750090339568654 0 45.49999908214734
endloop
endfacet
facet normal 0 0 1
outer loop
vertex 6.519917844178631 -0.6699481409387137 45.49999908214734
vertex 9.750090339568654 0 45.49999908214734
vertex 9.749808671231072 0 45.49999908214734
endloop
endfacet
facet normal 0 0 1
outer loop
vertex -6.519917844178631 -0.6699481409387137 45.49999908214734
vertex -9.749808671231072 0 45.49999908214734
vertex -9.750090339568654 0 45.49999908214734
endloop
endfacet
facet normal 0 0 1
outer loop
vertex -6.519917844178631 -0.6699481409387137 45.49999908214734
vertex -9.750090339568654 0 45.49999908214734
vertex -9.750090339568654 -1.6749407694311795 45.49999908214734
endloop
endfacet
facet normal 0 0 1
outer loop
vertex -6.519917844178631 -0.6699481409387137 45.49999908214734
vertex -9.750090339568654 -1.6749407694311795 45.49999908214734
vertex -1.6749407694311795 -1.6749407694311795 45.49999908214734
endloop
endfacet
facet normal 0 0 1
outer loop
vertex -6.519917844178631 -0.6699481409387137 45.49999908214734
vertex -1.6749407694311795 -1.6749407694311795 45.49999908214734
vertex -1.6749407694311795 0 45.49999908214734
endloop
endfacet
facet normal 0 0 1
outer loop
vertex -6.519917844178631 -0.6699481409387137 45.49999908214734
vertex -1.6749407694311795 0 45.49999908214734
vertex -9.749808671231072 0 45.49999908214734
endloop
endfacet
facet normal 0 0 1
outer loop
vertex 0 -2.462344607141574 45.49999908214734
vertex 1.6749407694311795 -1.6749407694311795 45.49999908214734
vertex -1.6749407694311795 -1.6749407694311795 45.49999908214734
endloop
endfacet
facet normal 0 0 1
outer loop
vertex 0 -2.462344607141574 45.49999908214734
vertex -1.6749407694311795 -1.6749407694311795 45.49999908214734
vertex -9.750090339568654 -1.6749407694311795 45.49999908214734
endloop
endfacet
facet normal 0 0 0.9999999999999999
outer loop
vertex 0 -2.462344607141574 45.49999908214734
vertex -9.750090339568654 -1.6749407694311795 45.49999908214734
vertex -9.750090339568654 -3.2498892790207603 45.49999908214734
endloop
endfacet
facet normal 0 0 1
outer loop
vertex 0 -2.462344607141574 45.49999908214734
vertex -9.750090339568654 -3.2498892790207603 45.49999908214734
vertex -9.749808671231072 -3.2498892790207603 45.49999908214734
endloop
endfacet
facet normal 0 0 0.9999999999999999
outer loop
vertex 0 -2.462344607141574 45.49999908214734
vertex -9.749808671231072 -3.2498892790207603 45.49999908214734
vertex 9.749808671231072 -3.2498892790207603 45.49999908214734
endloop
endfacet
facet normal 0 0 1
outer loop
vertex 0 -2.462344607141574 45.49999908214734
vertex 9.749808671231072 -3.2498892790207603 45.49999908214734
vertex 9.750090339568654 -3.2498892790207603 45.49999908214734
endloop
endfacet
facet normal 0 0 0.9999999999999999
outer loop
vertex 0 -2.462344607141574 45.49999908214734
vertex 9.750090339568654 -3.2498892790207603 45.49999908214734
vertex 9.750090339568654 -1.6749407694311795 45.49999908214734
endloop
endfacet
facet normal 0 0 1
outer loop
vertex 0 -2.462344607141574 45.49999908214734
vertex 9.750090339568654 -1.6749407694311795 45.49999908214734
vertex 1.6749407694311795 -1.6749407694311795 45.49999908214734
endloop
endfacet
facet normal 0 0 1
outer loop
vertex 0 -5.416622965870058 45.49999908214734
vertex -9.749808671231072 -3.2498892790207603 45.49999908214734
vertex -9.749808671231072 -6.5000602263791025 45.49999908214734
endloop
endfacet
facet normal 0 0 0.9999999999999999
outer loop
vertex 0 -5.416622965870058 45.49999908214734
vertex -9.749808671231072 -6.5000602263791025 45.49999908214734
vertex -6.499919392210312 -6.5000602263791025 45.49999908214734
endloop
endfacet
facet normal 0 0 1
outer loop
vertex 0 -5.416622965870058 45.49999908214734
vertex -6.499919392210312 -6.5000602263791025 45.49999908214734
vertex 6.499919392210312 -6.5000602263791025 45.49999908214734
endloop
endfacet
facet normal 0 0 0.9999999999999999
outer loop
vertex 0 -5.416622965870058 45.49999908214734
vertex 6.499919392210312 -6.5000602263791025 45.49999908214734
vertex 9.749808671231072 -6.5000602263791025 45.49999908214734
endloop
endfacet
facet normal 0 0 1
outer loop
vertex 0 -5.416622965870058 45.49999908214734
vertex 9.749808671231072 -6.5000602263791025 45.49999908214734
vertex 9.749808671231072 -3.2498892790207603 45.49999908214734
endloop
endfacet
facet normal 0 0 1
outer loop
vertex 0 -5.416622965870058 45.49999908214734
vertex 9.749808671231072 -3.2498892790207603 45.49999908214734
vertex -9.749808671231072 -3.2498892790207603 45.49999908214734
endloop
endfacet
facet normal 0 0 1
outer loop
vertex -6.499919392210312 -6.5000602263791025 45.49999908214734
vertex -6.499919392210312 -9.749949505399863 45.49999908214734
vertex 6.499919392210312 -9.749949505399863 45.49999908214734
endloop
endfacet
facet normal 0 0 1
outer loop
vertex -6.499919392210312 -6.5000602263791025 45.49999908214734
vertex 6.499919392210312 -9.749949505399863 45.49999908214734
vertex 6.499919392210312 -6.5000602263791025 45.49999908214734
endloop
endfacet
facet normal 0 0 -0.9999999999999999
outer loop
vertex 6.5002010605478935 9.749949505399863 42.249968968957795
vertex 6.5002010605478935 6.5000602263791025 42.249968968957795
vertex -6.5002010605478935 6.5000602263791025 42.249968968957795
endloop
endfacet
facet normal 0 0 -0.9999999999999999
outer loop
vertex 6.5002010605478935 9.749949505399863 42.249968968957795
vertex -6.5002010605478935 6.5000602263791025 42.249968968957795
vertex -6.5002010605478935 9.749949505399863 42.249968968957795
endloop
endfacet
facet normal 0 0 -1
outer loop
vertex 0 4.874974752699932 42.249968968957795
vertex -6.5002010605478935 6.5000602263791025 42.249968968957795
vertex 6.5002010605478935 6.5000602263791025 42.249968968957795
endloop
endfacet
facet normal 0 0 -1
outer loop
vertex 0 4.874974752699932 42.249968968957795
vertex 6.5002010605478935 6.5000602263791025 42.249968968957795
vertex 9.749949505399863 6.5000602263791025 42.249968968957795
endloop
endfacet
facet normal 0 0 -1
outer loop
vertex 0 4.874974752699932 42.249968968957795
vertex 9.749949505399863 6.5000602263791025 42.249968968957795
vertex 9.749949505399863 3.2498892790207603 42.249968968957795
endloop
endfacet
facet normal 0 0 -1
outer loop
vertex 0 4.874974752699932 42.249968968957795
vertex 9.749949505399863 3.2498892790207603 42.249968968957795
vertex 9.749808671231072 3.2498892790207603 42.249968968957795
endloop
endfacet
facet normal 0 0 -1
outer loop
vertex 0 4.874974752699932 42.249968968957795
vertex 9.749808671231072 3.2498892790207603 42.249968968957795
vertex -9.749808671231072 3.2498892790207603 42.249968968957795
endloop
endfacet
facet normal 0 0 -1
outer loop
vertex 0 4.874974752699932 42.249968968957795
vertex -9.749808671231072 3.2498892790207603 42.249968968957795
vertex -9.749949505399863 3.2498892790207603 42.249968968957795
endloop
endfacet
facet normal 0 0 -1
outer loop
vertex 0 4.874974752699932 42.249968968957795
vertex -9.749949505399863 3.2498892790207603 42.249968968957795
vertex -9.749949505399863 6.5000602263791025 42.249968968957795
endloop
endfacet
facet normal 0 0 -1
outer loop
vertex 0 4.874974752699932 42.249968968957795
vertex -9.749949505399863 6.5000602263791025 42.249968968957795
vertex -6.5002010605478935 6.5000602263791025 42.249968968957795
endloop
endfacet
facet normal 0 0 -1
outer loop
vertex 0 2.19997055068397 42.249968968957795
vertex 9.749808671231072 3.2498892790207603 42.249968968957795
vertex 9.749808671231072 1.6749407694311795 42.249968968957795
endloop
endfacet
facet normal 0 0 -1
outer loop
vertex 0 2.19997055068397 42.249968968957795
vertex 9.749808671231072 1.6749407694311795 42.249968968957795
vertex 1.6749407694311795 1.6749407694311795 42.249968968957795
endloop
endfacet
facet normal 0 0 -1
outer loop
vertex 0 2.19997055068397 42.249968968957795
vertex 1.6749407694311795 1.6749407694311795 42.249968968957795
vertex -1.6749407694311795 1.6749407694311795 42.249968968957795
endloop
endfacet
facet normal 0 0 -1
outer loop
vertex 0 2.19997055068397 42.249968968957795
vertex -1.6749407694311795 1.6749407694311795 42.249968968957795
vertex -9.749808671231072 1.6749407694311795 42.249968968957795
endloop
endfacet
facet normal 0 0 -1
outer loop
vertex 0 2.19997055068397 42.249968968957795
vertex -9.749808671231072 1.6749407694311795 42.249968968957795
vertex -9.749808671231072 3.2498892790207603 42.249968968957795
endloop
endfacet
facet normal 0 0 -0.9999999999999999
outer loop
vertex 0 2.19997055068397 42.249968968957795
vertex -9.749808671231072 3.2498892790207603 42.249968968957795
vertex 9.749808671231072 3.2498892790207603 42.249968968957795
endloop
endfacet
facet normal 0 0 -1
outer loop
vertex -1.6749407694311795 1.6749407694311795 42.249968968957795
vertex -1.6749407694311795 0 42.249968968957795
vertex -9.749808671231072 0 42.249968968957795
endloop
endfacet
facet normal 0 0 -1
outer loop
vertex -1.6749407694311795 1.6749407694311795 42.249968968957795
vertex -9.749808671231072 0 42.249968968957795
vertex -9.749808671231072 1.6749407694311795 42.249968968957795
endloop
endfacet
facet normal 0 0 -1
outer loop
vertex 9.749808671231072 1.6749407694311795 42.249968968957795
vertex 9.749808671231072 0 42.249968968957795
vertex 1.6749407694311795 0 42.249968968957795
endloop
endfacet
facet normal 0 0 -1
outer loop
vertex 9.749808671231072 1.6749407694311795 42.249968968957795
vertex 1.6749407694311795 0 42.249968968957795
vertex 1.6749407694311795 1.6749407694311795 42.249968968957795
endloop
endfacet
facet normal 0 0 -1
outer loop
vertex -6.519917844178631 -0.6699481409387137 42.249968968957795
vertex -9.749808671231072 0 42.249968968957795
vertex -1.6749407694311795 0 42.249968968957795
endloop
endfacet
facet normal 0 0 -1
outer loop
vertex -6.519917844178631 -0.6699481409387137 42.249968968957795
vertex -1.6749407694311795 0 42.249968968957795
vertex -1.6749407694311795 -1.6749407694311795 42.249968968957795
endloop
endfacet
facet normal 0 0 -1
outer loop
vertex -6.519917844178631 -0.6699481409387137 42.249968968957795
vertex -1.6749407694311795 -1.6749407694311795 42.249968968957795
vertex -9.750090339568654 -1.6749407694311795 42.249968968957795
endloop
endfacet
facet normal 0 0 -1
outer loop
vertex -6.519917844178631 -0.6699481409387137 42.249968968957795
vertex -9.750090339568654 -1.6749407694311795 42.249968968957795
vertex -9.750090339568654 0 42.249968968957795
endloop
endfacet
facet normal 0 0 -1
outer loop
vertex -6.519917844178631 -0.6699481409387137 42.249968968957795
vertex -9.750090339568654 0 42.249968968957795
vertex -9.749808671231072 0 42.249968968957795
endloop
endfacet
facet normal 0 0 -1
outer loop
vertex 6.519917844178631 -0.6699481409387137 42.249968968957795
vertex 9.749808671231072 0 42.249968968957795
vertex 9.750090339568654 0 42.249968968957795
endloop
endfacet
facet normal 0 0 -1
outer loop
vertex 6.519917844178631 -0.6699481409387137 42.249968968957795
vertex 9.750090339568654 0 42.249968968957795
vertex 9.750090339568654 -1.6749407694311795 42.249968968957795
endloop
endfacet
facet normal 0 0 -1
outer loop
vertex 6.519917844178631 -0.6699481409387137 42.249968968957795
vertex 9.750090339568654 -1.6749407694311795 42.249968968957795
vertex 1.6749407694311795 -1.6749407694311795 42.249968968957795
endloop
endfacet
facet normal 0 0 -1
outer loop
vertex 6.519917844178631 -0.6699481409387137 42.249968968957795
vertex 1.6749407694311795 -1.6749407694311795 42.249968968957795
vertex 1.6749407694311795 0 42.249968968957795
endloop
endfacet
facet normal 0 0 -1
outer loop
vertex 6.519917844178631 -0.6699481409387137 42.249968968957795
vertex 1.6749407694311795 0 42.249968968957795
vertex 9.749808671231072 0 42.249968968957795
endloop
endfacet
facet normal 0 0 -1
outer loop
vertex 0 -2.462344607141574 42.249968968957795
vertex -1.6749407694311795 -1.6749407694311795 42.249968968957795
vertex 1.6749407694311795 -1.6749407694311795 42.249968968957795
endloop
endfacet
facet normal 0 0 -1
outer loop
vertex 0 -2.462344607141574 42.249968968957795
vertex 1.6749407694311795 -1.6749407694311795 42.249968968957795
vertex 9.750090339568654 -1.6749407694311795 42.249968968957795
endloop
endfacet
facet normal 0 0 -0.9999999999999999
outer loop
vertex 0 -2.462344607141574 42.249968968957795
vertex 9.750090339568654 -1.6749407694311795 42.249968968957795
vertex 9.750090339568654 -3.2498892790207603 42.249968968957795
endloop
endfacet
facet normal 0 0 -1
outer loop
vertex 0 -2.462344607141574 42.249968968957795
vertex 9.750090339568654 -3.2498892790207603 42.249968968957795
vertex 9.749808671231072 -3.2498892790207603 42.249968968957795
endloop
endfacet
facet normal 0 0 -0.9999999999999999
outer loop
vertex 0 -2.462344607141574 42.249968968957795
vertex 9.749808671231072 -3.2498892790207603 42.249968968957795
vertex -9.749808671231072 -3.2498892790207603 42.249968968957795
endloop
endfacet
facet normal 0 0 -1
outer loop
vertex 0 -2.462344607141574 42.249968968957795
vertex -9.749808671231072 -3.2498892790207603 42.249968968957795
vertex -9.750090339568654 -3.2498892790207603 42.249968968957795
endloop
endfacet
facet normal 0 0 -0.9999999999999999
outer loop
vertex 0 -2.462344607141574 42.249968968957795
vertex -9.750090339568654 -3.2498892790207603 42.249968968957795
vertex -9.750090339568654 -1.6749407694311795 42.249968968957795
endloop
endfacet
facet normal 0 0 -1
outer loop
vertex 0 -2.462344607141574 42.249968968957795
vertex -9.750090339568654 -1.6749407694311795 42.249968968957795
vertex -1.6749407694311795 -1.6749407694311795 42.249968968957795
endloop
endfacet
facet normal 0 0 -1
outer loop
vertex 0 -5.416622965870058 42.249968968957795
vertex 9.749808671231072 -3.2498892790207603 42.249968968957795
vertex 9.749808671231072 -6.5000602263791025 42.249968968957795
endloop
endfacet
facet normal 0 0 -0.9999999999999999
outer loop
vertex 0 -5.416622965870058 42.249968968957795
vertex 9.749808671231072 -6.5000602263791025 42.249968968957795
vertex 6.499919392210312 -6.5000602263791025 42.249968968957795
endloop
endfacet
facet normal 0 0 -1
outer loop
vertex 0 -5.416622965870058 42.249968968957795
vertex 6.499919392210312 -6.5000602263791025 42.249968968957795
vertex -6.499919392210312 -6.5000602263791025 42.249968968957795
endloop
endfacet
facet normal 0 0 -0.9999999999999999
outer loop
vertex 0 -5.416622965870058 42.249968968957795
vertex -6.499919392210312 -6.5000602263791025 42.249968968957795
vertex -9.749808671231072 -6.5000602263791025 42.249968968957795
endloop
endfacet
facet normal 0 0 -1
outer loop
vertex 0 -5.416622965870058 42.249968968957795
vertex -9.749808671231072 -6.5000602263791025 42.249968968957795
vertex -9.749808671231072 -3.2498892790207603 42.249968968957795
endloop
endfacet
facet normal 0 0 -1
outer loop
vertex 0 -5.416622965870058 42.249968968957795
vertex -9.749808671231072 -3.2498892790207603 42.249968968957795
vertex 9.749808671231072 -3.2498892790207603 42.249968968957795
endloop
endfacet
facet normal 0 0 -1
outer loop
vertex 6.499919392210312 -6.5000602263791025 42.249968968957795
vertex 6.499919392210312 -9.749949505399863 42.249968968957795
vertex -6.499919392210312 -9.749949505399863 42.249968968957795
endloop
endfacet
facet normal 0 0 -1
outer loop
vertex 6.499919392210312 -6.5000602263791025 42.249968968957795
vertex -6.499919392210312 -9.749949505399863 42.249968968957795
vertex -6.499919392210312 -6.5000602263791025 42.249968968957795
endloop
endfacet
facet normal 1 0 0
outer loop
vertex -1.6749407694311795 0 43.87491360846817
vertex -1.6749407694311795 0 42.249968968957795
vertex -1.6749407694311795 1.6749407694311795 42.249968968957795
endloop
endfacet
facet normal 0.9999999999999999 0 0
outer loop
vertex -1.6749407694311795 0 43.87491360846817
vertex -1.6749407694311795 1.6749407694311795 42.249968968957795
vertex -1.6749407694311795 1.6749407694311795 45.49999908214734
endloop
endfacet
facet normal 1 0 0
outer loop
vertex -1.6749407694311795 0 43.87491360846817
vertex -1.6749407694311795 1.6749407694311795 45.49999908214734
vertex -1.6749407694311795 0 45.49999908214734
endloop
endfacet
facet normal 1 0 0
outer loop
vertex -1.6749407694311795 0 43.87491360846817
vertex -1.6749407694311795 0 45.49999908214734
vertex -1.6749407694311795 -1.6749407694311795 45.49999908214734
endloop
endfacet
facet normal 0.9999999999999999 0 0
outer loop
vertex -1.6749407694311795 0 43.87491360846817
vertex -1.6749407694311795 -1.6749407694311795 45.49999908214734
vertex -1.6749407694311795 -1.6749407694311795 42.249968968957795
endloop
endfacet
facet normal 1 0 0
outer loop
vertex -1.6749407694311795 0 43.87491360846817
vertex -1.6749407694311795 -1.6749407694311795 42.249968968957795
vertex -1.6749407694311795 0 42.249968968957795
endloop
endfacet
facet normal -1 0 0
outer loop
vertex 1.6749407694311795 0 43.87491360846817
vertex 1.6749407694311795 0 42.249968968957795
vertex 1.6749407694311795 -1.6749407694311795 42.249968968957795
endloop
endfacet
facet normal -0.9999999999999999 0 0
outer loop
vertex 1.6749407694311795 0 43.87491360846817
vertex 1.6749407694311795 -1.6749407694311795 42.249968968957795
vertex 1.6749407694311795 -1.6749407694311795 45.49999908214734
endloop
endfacet
facet normal -1 0 0
outer loop
vertex 1.6749407694311795 0 43.87491360846817
vertex 1.6749407694311795 -1.6749407694311795 45.49999908214734
vertex 1.6749407694311795 0 45.49999908214734
endloop
endfacet
facet normal -1 0 0
outer loop
vertex 1.6749407694311795 0 43.87491360846817
vertex 1.6749407694311795 0 45.49999908214734
vertex 1.6749407694311795 1.6749407694311795 45.49999908214734
endloop
endfacet
facet normal -0.9999999999999999 0 0
outer loop
vertex 1.6749407694311795 0 43.87491360846817
vertex 1.6749407694311795 1.6749407694311795 45.49999908214734
vertex 1.6749407694311795 1.6749407694311795 42.249968968957795
endloop
endfacet
facet normal -1 0 0
outer loop
vertex 1.6749407694311795 0 43.87491360846817
vertex 1.6749407694311795 1.6749407694311795 42.249968968957795
vertex 1.6749407694311795 0 42.249968968957795
endloop
endfacet
facet normal 0 0.9999999999999999 0
outer loop
vertex -1.6749407694311795 -1.6749407694311795 42.249968968957795
vertex -1.6749407694311795 -1.6749407694311795 45.49999908214734
vertex 1.6749407694311795 -1.6749407694311795 45.49999908214734
endloop
endfacet
facet normal 0 0.9999999999999999 0
outer loop
vertex -1.6749407694311795 -1.6749407694311795 42.249968968957795
vertex 1.6749407694311795 -1.6749407694311795 45.49999908214734
vertex 1.6749407694311795 -1.6749407694311795 42.249968968957795
endloop
endfacet
facet normal 0 -0.9999999999999999 0
outer loop
vertex 1.6749407694311795 1.6749407694311795 42.249968968957795
vertex 1.6749407694311795 1.6749407694311795 45.49999908214734
vertex -1.6749407694311795 1.6749407694311795 45.49999908214734
endloop
endfacet
facet normal 0 -0.9999999999999999 0
outer loop
vertex 1.6749407694311795 1.6749407694311795 42.249968968957795
vertex -1.6749407694311795 1.6749407694311795 45.49999908214734
vertex -1.6749407694311795 1.6749407694311795 42.249968968957795
endloop
endfacet
facet normal -0.9999999999999999 0 0
outer loop
vertex 68.12502666666668 22.750000000000004 0
vertex 68.12502666666668 -22.750000000000004 0
vertex 68.12502666666668 -22.750000000000004 3.2500000000000004
endloop
endfacet
facet normal -0.9999999999999999 0 0
outer loop
vertex 68.12502666666668 22.750000000000004 0
vertex 68.12502666666668 -22.750000000000004 3.2500000000000004
vertex 68.12502666666668 22.750000000000004 3.2500000000000004
endloop
endfacet
facet normal 0.9999999999999999 0 0
outer loop
vertex 71.37502666666668 22.750000000000004 0
vertex 71.37502666666668 22.750000000000004 3.2500000000000004
vertex 71.37502666666668 -22.750000000000004 3.2500000000000004
endloop
endfacet
facet normal 0.9999999999999999 0 0
outer loop
vertex 71.37502666666668 22.750000000000004 0
vertex 71.37502666666668 -22.750000000000004 3.2500000000000004
vertex 71.37502666666668 -22.750000000000004 0
endloop
endfacet
facet normal 0 0 -1
outer loop
vertex 68.12502666666668 22.750000000000004 0
vertex 71.37502666666668 22.750000000000004 0
vertex 71.37502666666668 -22.750000000000004 0
endloop
endfacet
facet normal 0 0 -1
outer loop
vertex 68.12502666666668 22.750000000000004 0
vertex 71.37502666666668 -22.750000000000004 0
vertex 68.12502666666668 -22.750000000000004 0
endloop
endfacet
facet normal 0 0 1
outer loop
vertex 68.12502666666668 22.750000000000004 3.2500000000000004
vertex 68.12502666666668 -22.750000000000004 3.2500000000000004
vertex 71.37502666666668 -22.750000000000004 3.2500000000000004
endloop
endfacet
facet normal 0 0 1
outer loop
vertex 68.12502666666668 22.750000000000004 3.2500000000000004
vertex 71.37502666666668 -22.750000000000004 3.2500000000000004
vertex 71.37502666666668 22.750000000000004 3.2500000000000004
endloop
endfacet
facet normal 0 1 0
outer loop
vertex 68.12502666666668 22.750000000000004 0
vertex 68.12502666666668 22.750000000000004 3.2500000000000004
vertex 71.37502666666668 22.750000000000004 3.2500000000000004
endloop
endfacet
facet normal 0 1 0
outer loop
vertex 68.12502666666668 22.750000000000004 0
vertex 71.37502666666668 22.750000000000004 3.2500000000000004
vertex 71.37502666666668 22.750000000000004 0
endloop
endfacet
facet normal 0 -1 0
outer loop
vertex 68.12502666666668 -22.750000000000004 0
vertex 71.37502666666668 -22.750000000000004 0
vertex 71.37502666666668 -22.750000000000004 3.2500000000000004
endloop
endfacet
facet normal 0 -1 0
outer loop
vertex 68.12502666666668 -22.750000000000004 0
vertex 71.37502666666668 -22.750000000000004 3.2500000000000004
vertex 68.12502666666668 -22.750000000000004 3.2500000000000004
endloop
endfacet
endsolid JSCAD
