solid JSCAD
facet normal 0.9982482451628195 0.048922753504050766 0.0332716879483611
outer loop
vertex 18.99993333333334 0 29.999933333333342
vertex 19.99983333333334 0 0
vertex 19.903766666666673 1.9602000000000006 0
endloop
endfacet
facet normal 0.9982473899013966 0.04893947629168118 0.03327275485054968
outer loop
vertex 18.99993333333334 0 29.999933333333342
vertex 19.903766666666673 1.9602000000000006 0
vertex 18.908633333333338 1.8623000000000005 29.999933333333342
endloop
endfacet
facet normal 0.9886136171574706 0.14675170974235527 0.03327238582544902
outer loop
vertex 18.908633333333338 1.8623000000000005 29.999933333333342
vertex 19.903766666666673 1.9602000000000006 0
vertex 19.615566666666673 3.9017000000000013 0
endloop
endfacet
facet normal 0.9886328026976857 0.14662426855118735 0.03326417445162247
outer loop
vertex 18.908633333333338 1.8623000000000005 29.999933333333342
vertex 19.615566666666673 3.9017000000000013 0
vertex 18.635100000000005 3.7066333333333343 29.999933333333342
endloop
endfacet
facet normal 0.9695286799327592 0.24270889349366198 0.033264572850458696
outer loop
vertex 18.635100000000005 3.7066333333333343 29.999933333333342
vertex 19.615566666666673 3.9017000000000013 0
vertex 19.138900000000007 5.805800000000001 0
endloop
endfacet
facet normal 0.9694778787851289 0.24290992462566718 0.033277786354258425
outer loop
vertex 18.635100000000005 3.7066333333333343 29.999933333333342
vertex 19.138900000000007 5.805800000000001 0
vertex 18.181900000000006 5.515400000000001 29.999933333333342
endloop
endfacet
facet normal 0.9409835393186823 0.33681236208946597 0.033277792519942055
outer loop
vertex 18.181900000000006 5.515400000000001 29.999933333333342
vertex 19.138900000000007 5.805800000000001 0
vertex 18.477433333333337 7.653800000000002 0
endloop
endfacet
facet normal 0.9410337122336468 0.33667308877532076 0.03326835935610727
outer loop
vertex 18.181900000000006 5.515400000000001 29.999933333333342
vertex 18.477433333333337 7.653800000000002 0
vertex 17.553800000000006 7.271000000000003 29.999933333333342
endloop
endfacet
facet normal 0.903537686844082 0.42721517410606713 0.03326925706967868
outer loop
vertex 17.553800000000006 7.271000000000003 29.999933333333342
vertex 18.477433333333337 7.653800000000002 0
vertex 17.638500000000004 9.428100000000002 0
endloop
endfacet
facet normal 0.9035053641925679 0.42728315461271404 0.03327405384774834
outer loop
vertex 17.553800000000006 7.271000000000003 29.999933333333342
vertex 17.638500000000004 9.428100000000002 0
vertex 16.75666666666667 8.956566666666669 29.999933333333342
endloop
endfacet
facet normal 0.8572321918475411 0.5138538427280394 0.03327457849301612
outer loop
vertex 16.75666666666667 8.956566666666669 29.999933333333342
vertex 17.638500000000004 9.428100000000002 0
vertex 16.62943333333334 11.11146666666667 0
endloop
endfacet
facet normal 0.857208682782941 0.5138928714987134 0.033277481640620166
outer loop
vertex 16.75666666666667 8.956566666666669 29.999933333333342
vertex 16.62943333333334 11.11146666666667 0
vertex 15.797833333333339 10.55596666666667 29.999933333333342
endloop
endfacet
facet normal 0.8027523625600904 0.5953830413680974 0.03328180366908522
outer loop
vertex 15.457200000000006 11.686033333333336 18.000033333333338
vertex 14.711400000000005 12.020800000000003 29.999933333333342
vertex 15.797833333333339 10.55596666666667 29.999933333333342
endloop
endfacet
facet normal 0.8027836387203332 0.5953411397513351 0.03327696985187841
outer loop
vertex 15.457200000000006 11.686033333333336 18.000033333333338
vertex 15.797833333333339 10.55596666666667 29.999933333333342
vertex 16.62943333333334 11.11146666666667 0
endloop
endfacet
facet normal 0.8027053511534029 0.5954471655799493 0.03326848707856122
outer loop
vertex 15.457200000000006 11.686033333333336 18.000033333333338
vertex 16.62943333333334 11.11146666666667 0
vertex 15.460133333333339 12.68776666666667 0
endloop
endfacet
facet normal 0.8026602810617306 0.5955077305834944 0.03327185028218208
outer loop
vertex 15.457200000000006 11.686033333333336 18.000033333333338
vertex 15.460133333333339 12.68776666666667 0
vertex 14.687200000000004 12.053433333333338 29.999933333333342
endloop
endfacet
facet normal 0.802792226350742 0.5953290667319953 0.033285786979286205
outer loop
vertex 15.457200000000006 11.686033333333336 18.000033333333338
vertex 14.687200000000004 12.053433333333338 29.999933333333342
vertex 14.711400000000005 12.020800000000003 29.999933333333342
endloop
endfacet
facet normal 0.74050121421154 0.6712309291705724 0.033271481422462244
outer loop
vertex 14.687200000000004 12.053433333333338 29.999933333333342
vertex 15.460133333333339 12.68776666666667 0
vertex 14.14196666666667 14.14196666666667 0
endloop
endfacet
facet normal 0.7405523751044504 0.6711747242520442 0.033266638729366665
outer loop
vertex 14.687200000000004 12.053433333333338 29.999933333333342
vertex 14.14196666666667 14.14196666666667 0
vertex 13.435033333333337 13.435033333333337 29.999933333333342
endloop
endfacet
facet normal 0.6712310346597532 0.740501330587087 0.03326676281742292
outer loop
vertex 13.435033333333337 13.435033333333337 29.999933333333342
vertex 14.14196666666667 14.14196666666667 0
vertex 12.68776666666667 15.460133333333339 0
endloop
endfacet
facet normal 0.671174613221304 0.7405522525967406 0.03327160562891765
outer loop
vertex 13.435033333333337 13.435033333333337 29.999933333333342
vertex 12.68776666666667 15.460133333333339 0
vertex 12.053433333333338 14.687200000000004 29.999933333333342
endloop
endfacet
facet normal 0.5954471013184428 0.8027052645242977 0.033271727283704394
outer loop
vertex 12.053433333333338 14.687200000000004 29.999933333333342
vertex 12.68776666666667 15.460133333333339 0
vertex 11.11146666666667 16.62943333333334 0
endloop
endfacet
facet normal 0.5953819644754624 0.8027533651098675 0.033276886605019734
outer loop
vertex 12.053433333333338 14.687200000000004 29.999933333333342
vertex 11.11146666666667 16.62943333333334 0
vertex 10.55596666666667 15.797833333333339 29.999933333333342
endloop
endfacet
facet normal 0.5138537943013597 0.8572321110601548 0.033277407492862086
outer loop
vertex 10.55596666666667 15.797833333333339 29.999933333333342
vertex 11.11146666666667 16.62943333333334 0
vertex 9.428100000000002 17.638500000000004 0
endloop
endfacet
facet normal 0.5138929224702214 0.8572087678069249 0.03327450420289371
outer loop
vertex 10.55596666666667 15.797833333333339 29.999933333333342
vertex 9.428100000000002 17.638500000000004 0
vertex 8.956566666666669 16.75666666666667 29.999933333333342
endloop
endfacet
facet normal 0.42729602571396375 0.903499427865067 0.033269960272720916
outer loop
vertex 8.52426666666667 17.513466666666673 14.999966666666671
vertex 8.44176666666667 17.000133333333338 29.999933333333342
vertex 8.956566666666669 16.75666666666667 29.999933333333342
endloop
endfacet
facet normal 0.4272203421975046 0.9035350707879832 0.033273939784779494
outer loop
vertex 8.52426666666667 17.513466666666673 14.999966666666671
vertex 8.956566666666669 16.75666666666667 29.999933333333342
vertex 9.428100000000002 17.638500000000004 0
endloop
endfacet
facet normal 0.4269955677911892 0.9036417829998676 0.033261285355501956
outer loop
vertex 8.52426666666667 17.513466666666673 14.999966666666671
vertex 9.428100000000002 17.638500000000004 0
vertex 9.394733333333336 17.654266666666672 0
endloop
endfacet
facet normal 0.42721932735280393 0.9035355751764442 0.033273273460688556
outer loop
vertex 8.52426666666667 17.513466666666673 14.999966666666671
vertex 9.394733333333336 17.654266666666672 0
vertex 7.653800000000002 18.477433333333337 0
endloop
endfacet
facet normal 0.42726589187576164 0.9035137078292879 0.03326916596763872
outer loop
vertex 8.52426666666667 17.513466666666673 14.999966666666671
vertex 7.653800000000002 18.477433333333337 0
vertex 7.271000000000003 17.553800000000006 29.999933333333342
endloop
endfacet
facet normal 0.4272775760324852 0.9035081458753125 0.03327015714959424
outer loop
vertex 8.52426666666667 17.513466666666673 14.999966666666671
vertex 7.271000000000003 17.553800000000006 29.999933333333342
vertex 8.44176666666667 17.000133333333338 29.999933333333342
endloop
endfacet
facet normal 0.3368124652006668 0.9409838273898864 0.033268601956349626
outer loop
vertex 7.271000000000003 17.553800000000006 29.999933333333342
vertex 7.653800000000002 18.477433333333337 0
vertex 5.805800000000001 19.138900000000007 0
endloop
endfacet
facet normal 0.33667298027638054 0.9410334089686581 0.03327803414636256
outer loop
vertex 7.271000000000003 17.553800000000006 29.999933333333342
vertex 5.805800000000001 19.138900000000007 0
vertex 5.515400000000001 18.181900000000006 29.999933333333342
endloop
endfacet
facet normal 0.24270878942028365 0.9695282641996408 0.03327744665943837
outer loop
vertex 5.515400000000001 18.181900000000006 29.999933333333342
vertex 5.805800000000001 19.138900000000007 0
vertex 3.9017000000000013 19.615566666666673 0
endloop
endfacet
facet normal 0.24291003426946356 0.9694783163845201 0.03326423471905406
outer loop
vertex 5.515400000000001 18.181900000000006 29.999933333333342
vertex 3.9017000000000013 19.615566666666673 0
vertex 3.7066333333333343 18.635100000000005 29.999933333333342
endloop
endfacet
facet normal 0.14675174884749925 0.988613880594796 0.03326438494093425
outer loop
vertex 3.7066333333333343 18.635100000000005 29.999933333333342
vertex 3.9017000000000013 19.615566666666673 0
vertex 1.9602000000000006 19.903766666666673 0
endloop
endfacet
facet normal 0.14662422742080436 0.9886325253708406 0.03327259701505562
outer loop
vertex 3.7066333333333343 18.635100000000005 29.999933333333342
vertex 1.9602000000000006 19.903766666666673 0
vertex 1.8623000000000005 18.908633333333338 29.999933333333342
endloop
endfacet
facet normal 0.04892275181003248 0.9982482105970888 0.03327272749631844
outer loop
vertex 1.8623000000000005 18.908633333333338 29.999933333333342
vertex 1.9602000000000006 19.903766666666673 0
vertex 0 19.99983333333334 0
endloop
endfacet
facet normal 0.04893947807536104 0.9982474262841676 0.03327166065507499
outer loop
vertex 1.8623000000000005 18.908633333333338 29.999933333333342
vertex 0 19.99983333333334 0
vertex 0 18.99993333333334 29.999933333333342
endloop
endfacet
facet normal -0.048922753504050766 0.9982482451628195 0.0332716879483611
outer loop
vertex 0 18.99993333333334 29.999933333333342
vertex 0 19.99983333333334 0
vertex -1.9602000000000006 19.903766666666673 0
endloop
endfacet
facet normal -0.04893947629168118 0.9982473899013966 0.03327275485054968
outer loop
vertex 0 18.99993333333334 29.999933333333342
vertex -1.9602000000000006 19.903766666666673 0
vertex -1.8623000000000005 18.908633333333338 29.999933333333342
endloop
endfacet
facet normal -0.14675170974235527 0.9886136171574706 0.03327238582544902
outer loop
vertex -1.8623000000000005 18.908633333333338 29.999933333333342
vertex -1.9602000000000006 19.903766666666673 0
vertex -3.9017000000000013 19.615566666666673 0
endloop
endfacet
facet normal -0.14662426855118735 0.9886328026976857 0.03326417445162247
outer loop
vertex -1.8623000000000005 18.908633333333338 29.999933333333342
vertex -3.9017000000000013 19.615566666666673 0
vertex -3.7066333333333343 18.635100000000005 29.999933333333342
endloop
endfacet
facet normal -0.24270889349366198 0.9695286799327592 0.033264572850458696
outer loop
vertex -3.7066333333333343 18.635100000000005 29.999933333333342
vertex -3.9017000000000013 19.615566666666673 0
vertex -5.805800000000001 19.138900000000007 0
endloop
endfacet
facet normal -0.24290992462566718 0.9694778787851289 0.033277786354258425
outer loop
vertex -3.7066333333333343 18.635100000000005 29.999933333333342
vertex -5.805800000000001 19.138900000000007 0
vertex -5.515400000000001 18.181900000000006 29.999933333333342
endloop
endfacet
facet normal -0.33681236208946597 0.9409835393186823 0.033277792519942055
outer loop
vertex -5.515400000000001 18.181900000000006 29.999933333333342
vertex -5.805800000000001 19.138900000000007 0
vertex -7.653800000000002 18.477433333333337 0
endloop
endfacet
facet normal -0.33667308877532076 0.9410337122336468 0.03326835935610727
outer loop
vertex -5.515400000000001 18.181900000000006 29.999933333333342
vertex -7.653800000000002 18.477433333333337 0
vertex -7.271000000000003 17.553800000000006 29.999933333333342
endloop
endfacet
facet normal -0.4272775760324852 0.9035081458753125 0.03327015714959424
outer loop
vertex -8.52426666666667 17.513466666666673 14.999966666666671
vertex -8.44176666666667 17.000133333333338 29.999933333333342
vertex -7.271000000000003 17.553800000000006 29.999933333333342
endloop
endfacet
facet normal -0.42726589187576164 0.9035137078292879 0.03326916596763872
outer loop
vertex -8.52426666666667 17.513466666666673 14.999966666666671
vertex -7.271000000000003 17.553800000000006 29.999933333333342
vertex -7.653800000000002 18.477433333333337 0
endloop
endfacet
facet normal -0.42721932735280393 0.9035355751764442 0.033273273460688556
outer loop
vertex -8.52426666666667 17.513466666666673 14.999966666666671
vertex -7.653800000000002 18.477433333333337 0
vertex -9.394733333333336 17.654266666666672 0
endloop
endfacet
facet normal -0.4269955677911892 0.9036417829998676 0.033261285355501956
outer loop
vertex -8.52426666666667 17.513466666666673 14.999966666666671
vertex -9.394733333333336 17.654266666666672 0
vertex -9.428100000000002 17.638500000000004 0
endloop
endfacet
facet normal -0.4272203421975046 0.9035350707879832 0.033273939784779494
outer loop
vertex -8.52426666666667 17.513466666666673 14.999966666666671
vertex -9.428100000000002 17.638500000000004 0
vertex -8.956566666666669 16.75666666666667 29.999933333333342
endloop
endfacet
facet normal -0.42729602571396375 0.903499427865067 0.033269960272720916
outer loop
vertex -8.52426666666667 17.513466666666673 14.999966666666671
vertex -8.956566666666669 16.75666666666667 29.999933333333342
vertex -8.44176666666667 17.000133333333338 29.999933333333342
endloop
endfacet
facet normal -0.5138538427280394 0.8572321918475411 0.03327457849301612
outer loop
vertex -8.956566666666669 16.75666666666667 29.999933333333342
vertex -9.428100000000002 17.638500000000004 0
vertex -11.11146666666667 16.62943333333334 0
endloop
endfacet
facet normal -0.5138928714987134 0.857208682782941 0.033277481640620166
outer loop
vertex -8.956566666666669 16.75666666666667 29.999933333333342
vertex -11.11146666666667 16.62943333333334 0
vertex -10.55596666666667 15.797833333333339 29.999933333333342
endloop
endfacet
facet normal -0.5954470016174082 0.8027051301201749 0.0332767538018887
outer loop
vertex -10.55596666666667 15.797833333333339 29.999933333333342
vertex -11.11146666666667 16.62943333333334 0
vertex -12.68776666666667 15.460133333333339 0
endloop
endfacet
facet normal -0.5953820694200495 0.8027535066066299 0.0332715951504982
outer loop
vertex -10.55596666666667 15.797833333333339 29.999933333333342
vertex -12.68776666666667 15.460133333333339 0
vertex -12.053433333333338 14.687200000000004 29.999933333333342
endloop
endfacet
facet normal -0.6712309291705724 0.74050121421154 0.033271481422462244
outer loop
vertex -12.053433333333338 14.687200000000004 29.999933333333342
vertex -12.68776666666667 15.460133333333339 0
vertex -14.14196666666667 14.14196666666667 0
endloop
endfacet
facet normal -0.6711747242520442 0.7405523751044504 0.033266638729366665
outer loop
vertex -12.053433333333338 14.687200000000004 29.999933333333342
vertex -14.14196666666667 14.14196666666667 0
vertex -13.435033333333337 13.435033333333337 29.999933333333342
endloop
endfacet
facet normal -0.740501330587087 0.6712310346597532 0.03326676281742292
outer loop
vertex -13.435033333333337 13.435033333333337 29.999933333333342
vertex -14.14196666666667 14.14196666666667 0
vertex -15.460133333333339 12.68776666666667 0
endloop
endfacet
facet normal -0.7405522525967406 0.671174613221304 0.03327160562891765
outer loop
vertex -13.435033333333337 13.435033333333337 29.999933333333342
vertex -15.460133333333339 12.68776666666667 0
vertex -14.687200000000004 12.053433333333338 29.999933333333342
endloop
endfacet
facet normal -0.802792226350742 0.5953290667319953 0.033285786979286205
outer loop
vertex -15.457200000000006 11.686033333333336 18.000033333333338
vertex -14.711400000000005 12.020800000000003 29.999933333333342
vertex -14.687200000000004 12.053433333333338 29.999933333333342
endloop
endfacet
facet normal -0.8026602810617306 0.5955077305834944 0.03327185028218208
outer loop
vertex -15.457200000000006 11.686033333333336 18.000033333333338
vertex -14.687200000000004 12.053433333333338 29.999933333333342
vertex -15.460133333333339 12.68776666666667 0
endloop
endfacet
facet normal -0.8027053511534029 0.5954471655799493 0.03326848707856122
outer loop
vertex -15.457200000000006 11.686033333333336 18.000033333333338
vertex -15.460133333333339 12.68776666666667 0
vertex -16.62943333333334 11.11146666666667 0
endloop
endfacet
facet normal -0.8027836387203332 0.5953411397513351 0.03327696985187841
outer loop
vertex -15.457200000000006 11.686033333333336 18.000033333333338
vertex -16.62943333333334 11.11146666666667 0
vertex -15.797833333333339 10.55596666666667 29.999933333333342
endloop
endfacet
facet normal -0.8027523625600904 0.5953830413680974 0.03328180366908522
outer loop
vertex -15.457200000000006 11.686033333333336 18.000033333333338
vertex -15.797833333333339 10.55596666666667 29.999933333333342
vertex -14.711400000000005 12.020800000000003 29.999933333333342
endloop
endfacet
facet normal -0.8572321110601548 0.5138537943013597 0.033277407492862086
outer loop
vertex -15.797833333333339 10.55596666666667 29.999933333333342
vertex -16.62943333333334 11.11146666666667 0
vertex -17.638500000000004 9.428100000000002 0
endloop
endfacet
facet normal -0.8572087678069249 0.5138929224702214 0.03327450420289371
outer loop
vertex -15.797833333333339 10.55596666666667 29.999933333333342
vertex -17.638500000000004 9.428100000000002 0
vertex -16.75666666666667 8.956566666666669 29.999933333333342
endloop
endfacet
facet normal -0.903537546201944 0.42721510760695347 0.03327393027204546
outer loop
vertex -16.75666666666667 8.956566666666669 29.999933333333342
vertex -17.638500000000004 9.428100000000002 0
vertex -18.477433333333337 7.653800000000002 0
endloop
endfacet
facet normal -0.9035055122279919 0.42728322462120044 0.03326913480904982
outer loop
vertex -16.75666666666667 8.956566666666669 29.999933333333342
vertex -18.477433333333337 7.653800000000002 0
vertex -17.553800000000006 7.271000000000003 29.999933333333342
endloop
endfacet
facet normal -0.9409838273898864 0.3368124652006668 0.033268601956349626
outer loop
vertex -17.553800000000006 7.271000000000003 29.999933333333342
vertex -18.477433333333337 7.653800000000002 0
vertex -19.138900000000007 5.805800000000001 0
endloop
endfacet
facet normal -0.9410334089686581 0.33667298027638054 0.03327803414636256
outer loop
vertex -17.553800000000006 7.271000000000003 29.999933333333342
vertex -19.138900000000007 5.805800000000001 0
vertex -18.181900000000006 5.515400000000001 29.999933333333342
endloop
endfacet
facet normal -0.9695282641996408 0.24270878942028365 0.03327744665943837
outer loop
vertex -18.181900000000006 5.515400000000001 29.999933333333342
vertex -19.138900000000007 5.805800000000001 0
vertex -19.615566666666673 3.9017000000000013 0
endloop
endfacet
facet normal -0.9694783163845201 0.24291003426946356 0.03326423471905406
outer loop
vertex -18.181900000000006 5.515400000000001 29.999933333333342
vertex -19.615566666666673 3.9017000000000013 0
vertex -18.635100000000005 3.7066333333333343 29.999933333333342
endloop
endfacet
facet normal -0.988613880594796 0.14675174884749925 0.03326438494093425
outer loop
vertex -18.635100000000005 3.7066333333333343 29.999933333333342
vertex -19.615566666666673 3.9017000000000013 0
vertex -19.903766666666673 1.9602000000000006 0
endloop
endfacet
facet normal -0.9886325253708406 0.14662422742080436 0.03327259701505562
outer loop
vertex -18.635100000000005 3.7066333333333343 29.999933333333342
vertex -19.903766666666673 1.9602000000000006 0
vertex -18.908633333333338 1.8623000000000005 29.999933333333342
endloop
endfacet
facet normal -0.9982482105970888 0.04892275181003248 0.03327272749631844
outer loop
vertex -18.908633333333338 1.8623000000000005 29.999933333333342
vertex -19.903766666666673 1.9602000000000006 0
vertex -19.99983333333334 0 0
endloop
endfacet
facet normal -0.9982474262841676 0.04893947807536104 0.03327166065507499
outer loop
vertex -18.908633333333338 1.8623000000000005 29.999933333333342
vertex -19.99983333333334 0 0
vertex -18.99993333333334 0 29.999933333333342
endloop
endfacet
facet normal -0.9982482451628195 -0.048922753504050766 0.0332716879483611
outer loop
vertex -18.99993333333334 0 29.999933333333342
vertex -19.99983333333334 0 0
vertex -19.903766666666673 -1.9602000000000006 0
endloop
endfacet
facet normal -0.9982473899013966 -0.04893947629168118 0.03327275485054968
outer loop
vertex -18.99993333333334 0 29.999933333333342
vertex -19.903766666666673 -1.9602000000000006 0
vertex -18.908633333333338 -1.8623000000000005 29.999933333333342
endloop
endfacet
facet normal -0.9886136171574706 -0.14675170974235527 0.03327238582544902
outer loop
vertex -18.908633333333338 -1.8623000000000005 29.999933333333342
vertex -19.903766666666673 -1.9602000000000006 0
vertex -19.615566666666673 -3.9017000000000013 0
endloop
endfacet
facet normal -0.9886328026976857 -0.14662426855118735 0.03326417445162247
outer loop
vertex -18.908633333333338 -1.8623000000000005 29.999933333333342
vertex -19.615566666666673 -3.9017000000000013 0
vertex -18.635100000000005 -3.7066333333333343 29.999933333333342
endloop
endfacet
facet normal -0.9695286799327592 -0.24270889349366198 0.033264572850458696
outer loop
vertex -18.635100000000005 -3.7066333333333343 29.999933333333342
vertex -19.615566666666673 -3.9017000000000013 0
vertex -19.138900000000007 -5.805800000000001 0
endloop
endfacet
facet normal -0.9694778787851289 -0.24290992462566718 0.033277786354258425
outer loop
vertex -18.635100000000005 -3.7066333333333343 29.999933333333342
vertex -19.138900000000007 -5.805800000000001 0
vertex -18.181900000000006 -5.515400000000001 29.999933333333342
endloop
endfacet
facet normal -0.9409835393186823 -0.33681236208946597 0.033277792519942055
outer loop
vertex -18.181900000000006 -5.515400000000001 29.999933333333342
vertex -19.138900000000007 -5.805800000000001 0
vertex -18.477433333333337 -7.653800000000002 0
endloop
endfacet
facet normal -0.9410337122336468 -0.33667308877532076 0.03326835935610727
outer loop
vertex -18.181900000000006 -5.515400000000001 29.999933333333342
vertex -18.477433333333337 -7.653800000000002 0
vertex -17.553800000000006 -7.271000000000003 29.999933333333342
endloop
endfacet
facet normal -0.903537686844082 -0.42721517410606713 0.03326925706967868
outer loop
vertex -17.553800000000006 -7.271000000000003 29.999933333333342
vertex -18.477433333333337 -7.653800000000002 0
vertex -17.638500000000004 -9.428100000000002 0
endloop
endfacet
facet normal -0.9035053641925679 -0.42728315461271404 0.03327405384774834
outer loop
vertex -17.553800000000006 -7.271000000000003 29.999933333333342
vertex -17.638500000000004 -9.428100000000002 0
vertex -16.75666666666667 -8.956566666666669 29.999933333333342
endloop
endfacet
facet normal -0.8572321918475411 -0.5138538427280394 0.03327457849301612
outer loop
vertex -16.75666666666667 -8.956566666666669 29.999933333333342
vertex -17.638500000000004 -9.428100000000002 0
vertex -16.62943333333334 -11.11146666666667 0
endloop
endfacet
facet normal -0.857208682782941 -0.5138928714987134 0.033277481640620166
outer loop
vertex -16.75666666666667 -8.956566666666669 29.999933333333342
vertex -16.62943333333334 -11.11146666666667 0
vertex -15.797833333333339 -10.55596666666667 29.999933333333342
endloop
endfacet
facet normal -0.8027523625600904 -0.5953830413680974 0.03328180366908522
outer loop
vertex -15.457200000000006 -11.686033333333336 18.000033333333338
vertex -14.711400000000005 -12.020800000000003 29.999933333333342
vertex -15.797833333333339 -10.55596666666667 29.999933333333342
endloop
endfacet
facet normal -0.8027836387203332 -0.5953411397513351 0.03327696985187841
outer loop
vertex -15.457200000000006 -11.686033333333336 18.000033333333338
vertex -15.797833333333339 -10.55596666666667 29.999933333333342
vertex -16.62943333333334 -11.11146666666667 0
endloop
endfacet
facet normal -0.8027053511534029 -0.5954471655799493 0.03326848707856122
outer loop
vertex -15.457200000000006 -11.686033333333336 18.000033333333338
vertex -16.62943333333334 -11.11146666666667 0
vertex -15.460133333333339 -12.68776666666667 0
endloop
endfacet
facet normal -0.8026602810617306 -0.5955077305834944 0.03327185028218208
outer loop
vertex -15.457200000000006 -11.686033333333336 18.000033333333338
vertex -15.460133333333339 -12.68776666666667 0
vertex -14.687200000000004 -12.053433333333338 29.999933333333342
endloop
endfacet
facet normal -0.802792226350742 -0.5953290667319953 0.033285786979286205
outer loop
vertex -15.457200000000006 -11.686033333333336 18.000033333333338
vertex -14.687200000000004 -12.053433333333338 29.999933333333342
vertex -14.711400000000005 -12.020800000000003 29.999933333333342
endloop
endfacet
facet normal -0.74050121421154 -0.6712309291705724 0.033271481422462244
outer loop
vertex -14.687200000000004 -12.053433333333338 29.999933333333342
vertex -15.460133333333339 -12.68776666666667 0
vertex -14.14196666666667 -14.14196666666667 0
endloop
endfacet
facet normal -0.7405523751044504 -0.6711747242520442 0.033266638729366665
outer loop
vertex -14.687200000000004 -12.053433333333338 29.999933333333342
vertex -14.14196666666667 -14.14196666666667 0
vertex -13.435033333333337 -13.435033333333337 29.999933333333342
endloop
endfacet
facet normal -0.6712310346597532 -0.740501330587087 0.03326676281742292
outer loop
vertex -13.435033333333337 -13.435033333333337 29.999933333333342
vertex -14.14196666666667 -14.14196666666667 0
vertex -12.68776666666667 -15.460133333333339 0
endloop
endfacet
facet normal -0.671174613221304 -0.7405522525967406 0.03327160562891765
outer loop
vertex -13.435033333333337 -13.435033333333337 29.999933333333342
vertex -12.68776666666667 -15.460133333333339 0
vertex -12.053433333333338 -14.687200000000004 29.999933333333342
endloop
endfacet
facet normal -0.5954471013184428 -0.8027052645242977 0.033271727283704394
outer loop
vertex -12.053433333333338 -14.687200000000004 29.999933333333342
vertex -12.68776666666667 -15.460133333333339 0
vertex -11.11146666666667 -16.62943333333334 0
endloop
endfacet
facet normal -0.5953819644754624 -0.8027533651098675 0.033276886605019734
outer loop
vertex -12.053433333333338 -14.687200000000004 29.999933333333342
vertex -11.11146666666667 -16.62943333333334 0
vertex -10.55596666666667 -15.797833333333339 29.999933333333342
endloop
endfacet
facet normal -0.5138537943013597 -0.8572321110601548 0.033277407492862086
outer loop
vertex -10.55596666666667 -15.797833333333339 29.999933333333342
vertex -11.11146666666667 -16.62943333333334 0
vertex -9.428100000000002 -17.638500000000004 0
endloop
endfacet
facet normal -0.5138929224702214 -0.8572087678069249 0.03327450420289371
outer loop
vertex -10.55596666666667 -15.797833333333339 29.999933333333342
vertex -9.428100000000002 -17.638500000000004 0
vertex -8.956566666666669 -16.75666666666667 29.999933333333342
endloop
endfacet
facet normal -0.42729602571396375 -0.903499427865067 0.033269960272720916
outer loop
vertex -8.52426666666667 -17.513466666666673 14.999966666666671
vertex -8.44176666666667 -17.000133333333338 29.999933333333342
vertex -8.956566666666669 -16.75666666666667 29.999933333333342
endloop
endfacet
facet normal -0.4272203421975046 -0.9035350707879832 0.033273939784779494
outer loop
vertex -8.52426666666667 -17.513466666666673 14.999966666666671
vertex -8.956566666666669 -16.75666666666667 29.999933333333342
vertex -9.428100000000002 -17.638500000000004 0
endloop
endfacet
facet normal -0.4269955677911892 -0.9036417829998676 0.033261285355501956
outer loop
vertex -8.52426666666667 -17.513466666666673 14.999966666666671
vertex -9.428100000000002 -17.638500000000004 0
vertex -9.394733333333336 -17.654266666666672 0
endloop
endfacet
facet normal -0.42721932735280393 -0.9035355751764442 0.033273273460688556
outer loop
vertex -8.52426666666667 -17.513466666666673 14.999966666666671
vertex -9.394733333333336 -17.654266666666672 0
vertex -7.653800000000002 -18.477433333333337 0
endloop
endfacet
facet normal -0.42726589187576164 -0.9035137078292879 0.03326916596763872
outer loop
vertex -8.52426666666667 -17.513466666666673 14.999966666666671
vertex -7.653800000000002 -18.477433333333337 0
vertex -7.271000000000003 -17.553800000000006 29.999933333333342
endloop
endfacet
facet normal -0.4272775760324852 -0.9035081458753125 0.03327015714959424
outer loop
vertex -8.52426666666667 -17.513466666666673 14.999966666666671
vertex -7.271000000000003 -17.553800000000006 29.999933333333342
vertex -8.44176666666667 -17.000133333333338 29.999933333333342
endloop
endfacet
facet normal -0.3368124652006668 -0.9409838273898864 0.033268601956349626
outer loop
vertex -7.271000000000003 -17.553800000000006 29.999933333333342
vertex -7.653800000000002 -18.477433333333337 0
vertex -5.805800000000001 -19.138900000000007 0
endloop
endfacet
facet normal -0.33667298027638054 -0.9410334089686581 0.03327803414636256
outer loop
vertex -7.271000000000003 -17.553800000000006 29.999933333333342
vertex -5.805800000000001 -19.138900000000007 0
vertex -5.515400000000001 -18.181900000000006 29.999933333333342
endloop
endfacet
facet normal -0.24270878942028365 -0.9695282641996408 0.03327744665943837
outer loop
vertex -5.515400000000001 -18.181900000000006 29.999933333333342
vertex -5.805800000000001 -19.138900000000007 0
vertex -3.9017000000000013 -19.615566666666673 0
endloop
endfacet
facet normal -0.24291003426946356 -0.9694783163845201 0.03326423471905406
outer loop
vertex -5.515400000000001 -18.181900000000006 29.999933333333342
vertex -3.9017000000000013 -19.615566666666673 0
vertex -3.7066333333333343 -18.635100000000005 29.999933333333342
endloop
endfacet
facet normal -0.14675174884749925 -0.988613880594796 0.03326438494093425
outer loop
vertex -3.7066333333333343 -18.635100000000005 29.999933333333342
vertex -3.9017000000000013 -19.615566666666673 0
vertex -1.9602000000000006 -19.903766666666673 0
endloop
endfacet
facet normal -0.14662422742080436 -0.9886325253708406 0.03327259701505562
outer loop
vertex -3.7066333333333343 -18.635100000000005 29.999933333333342
vertex -1.9602000000000006 -19.903766666666673 0
vertex -1.8623000000000005 -18.908633333333338 29.999933333333342
endloop
endfacet
facet normal -0.04892275181003248 -0.9982482105970888 0.03327272749631844
outer loop
vertex -1.8623000000000005 -18.908633333333338 29.999933333333342
vertex -1.9602000000000006 -19.903766666666673 0
vertex 0 -19.99983333333334 0
endloop
endfacet
facet normal -0.04893947807536104 -0.9982474262841676 0.03327166065507499
outer loop
vertex -1.8623000000000005 -18.908633333333338 29.999933333333342
vertex 0 -19.99983333333334 0
vertex 0 -18.99993333333334 29.999933333333342
endloop
endfacet
facet normal 0.048922753504050766 -0.9982482451628195 0.0332716879483611
outer loop
vertex 0 -18.99993333333334 29.999933333333342
vertex 0 -19.99983333333334 0
vertex 1.9602000000000006 -19.903766666666673 0
endloop
endfacet
facet normal 0.04893947629168118 -0.9982473899013966 0.03327275485054968
outer loop
vertex 0 -18.99993333333334 29.999933333333342
vertex 1.9602000000000006 -19.903766666666673 0
vertex 1.8623000000000005 -18.908633333333338 29.999933333333342
endloop
endfacet
facet normal 0.14675170974235527 -0.9886136171574706 0.03327238582544902
outer loop
vertex 1.8623000000000005 -18.908633333333338 29.999933333333342
vertex 1.9602000000000006 -19.903766666666673 0
vertex 3.9017000000000013 -19.615566666666673 0
endloop
endfacet
facet normal 0.14662426855118735 -0.9886328026976857 0.03326417445162247
outer loop
vertex 1.8623000000000005 -18.908633333333338 29.999933333333342
vertex 3.9017000000000013 -19.615566666666673 0
vertex 3.7066333333333343 -18.635100000000005 29.999933333333342
endloop
endfacet
facet normal 0.24270889349366198 -0.9695286799327592 0.033264572850458696
outer loop
vertex 3.7066333333333343 -18.635100000000005 29.999933333333342
vertex 3.9017000000000013 -19.615566666666673 0
vertex 5.805800000000001 -19.138900000000007 0
endloop
endfacet
facet normal 0.24290992462566718 -0.9694778787851289 0.033277786354258425
outer loop
vertex 3.7066333333333343 -18.635100000000005 29.999933333333342
vertex 5.805800000000001 -19.138900000000007 0
vertex 5.515400000000001 -18.181900000000006 29.999933333333342
endloop
endfacet
facet normal 0.33681236208946597 -0.9409835393186823 0.033277792519942055
outer loop
vertex 5.515400000000001 -18.181900000000006 29.999933333333342
vertex 5.805800000000001 -19.138900000000007 0
vertex 7.653800000000002 -18.477433333333337 0
endloop
endfacet
facet normal 0.33667308877532076 -0.9410337122336468 0.03326835935610727
outer loop
vertex 5.515400000000001 -18.181900000000006 29.999933333333342
vertex 7.653800000000002 -18.477433333333337 0
vertex 7.271000000000003 -17.553800000000006 29.999933333333342
endloop
endfacet
facet normal 0.4272775760324852 -0.9035081458753125 0.03327015714959424
outer loop
vertex 8.52426666666667 -17.513466666666673 14.999966666666671
vertex 8.44176666666667 -17.000133333333338 29.999933333333342
vertex 7.271000000000003 -17.553800000000006 29.999933333333342
endloop
endfacet
facet normal 0.42726589187576164 -0.9035137078292879 0.03326916596763872
outer loop
vertex 8.52426666666667 -17.513466666666673 14.999966666666671
vertex 7.271000000000003 -17.553800000000006 29.999933333333342
vertex 7.653800000000002 -18.477433333333337 0
endloop
endfacet
facet normal 0.42721932735280393 -0.9035355751764442 0.033273273460688556
outer loop
vertex 8.52426666666667 -17.513466666666673 14.999966666666671
vertex 7.653800000000002 -18.477433333333337 0
vertex 9.394733333333336 -17.654266666666672 0
endloop
endfacet
facet normal 0.4269955677911892 -0.9036417829998676 0.033261285355501956
outer loop
vertex 8.52426666666667 -17.513466666666673 14.999966666666671
vertex 9.394733333333336 -17.654266666666672 0
vertex 9.428100000000002 -17.638500000000004 0
endloop
endfacet
facet normal 0.4272203421975046 -0.9035350707879832 0.033273939784779494
outer loop
vertex 8.52426666666667 -17.513466666666673 14.999966666666671
vertex 9.428100000000002 -17.638500000000004 0
vertex 8.956566666666669 -16.75666666666667 29.999933333333342
endloop
endfacet
facet normal 0.42729602571396375 -0.903499427865067 0.033269960272720916
outer loop
vertex 8.52426666666667 -17.513466666666673 14.999966666666671
vertex 8.956566666666669 -16.75666666666667 29.999933333333342
vertex 8.44176666666667 -17.000133333333338 29.999933333333342
endloop
endfacet
facet normal 0.5138538427280394 -0.8572321918475411 0.03327457849301612
outer loop
vertex 8.956566666666669 -16.75666666666667 29.999933333333342
vertex 9.428100000000002 -17.638500000000004 0
vertex 11.11146666666667 -16.62943333333334 0
endloop
endfacet
facet normal 0.5138928714987134 -0.857208682782941 0.033277481640620166
outer loop
vertex 8.956566666666669 -16.75666666666667 29.999933333333342
vertex 11.11146666666667 -16.62943333333334 0
vertex 10.55596666666667 -15.797833333333339 29.999933333333342
endloop
endfacet
facet normal 0.5954470016174082 -0.8027051301201749 0.0332767538018887
outer loop
vertex 10.55596666666667 -15.797833333333339 29.999933333333342
vertex 11.11146666666667 -16.62943333333334 0
vertex 12.68776666666667 -15.460133333333339 0
endloop
endfacet
facet normal 0.5953820694200495 -0.8027535066066299 0.0332715951504982
outer loop
vertex 10.55596666666667 -15.797833333333339 29.999933333333342
vertex 12.68776666666667 -15.460133333333339 0
vertex 12.053433333333338 -14.687200000000004 29.999933333333342
endloop
endfacet
facet normal 0.6712309291705724 -0.74050121421154 0.033271481422462244
outer loop
vertex 12.053433333333338 -14.687200000000004 29.999933333333342
vertex 12.68776666666667 -15.460133333333339 0
vertex 14.14196666666667 -14.14196666666667 0
endloop
endfacet
facet normal 0.6711747242520442 -0.7405523751044504 0.033266638729366665
outer loop
vertex 12.053433333333338 -14.687200000000004 29.999933333333342
vertex 14.14196666666667 -14.14196666666667 0
vertex 13.435033333333337 -13.435033333333337 29.999933333333342
endloop
endfacet
facet normal 0.740501330587087 -0.6712310346597532 0.03326676281742292
outer loop
vertex 13.435033333333337 -13.435033333333337 29.999933333333342
vertex 14.14196666666667 -14.14196666666667 0
vertex 15.460133333333339 -12.68776666666667 0
endloop
endfacet
facet normal 0.7405522525967406 -0.671174613221304 0.03327160562891765
outer loop
vertex 13.435033333333337 -13.435033333333337 29.999933333333342
vertex 15.460133333333339 -12.68776666666667 0
vertex 14.687200000000004 -12.053433333333338 29.999933333333342
endloop
endfacet
facet normal 0.802792226350742 -0.5953290667319953 0.033285786979286205
outer loop
vertex 15.457200000000006 -11.686033333333336 18.000033333333338
vertex 14.711400000000005 -12.020800000000003 29.999933333333342
vertex 14.687200000000004 -12.053433333333338 29.999933333333342
endloop
endfacet
facet normal 0.8026602810617306 -0.5955077305834944 0.03327185028218208
outer loop
vertex 15.457200000000006 -11.686033333333336 18.000033333333338
vertex 14.687200000000004 -12.053433333333338 29.999933333333342
vertex 15.460133333333339 -12.68776666666667 0
endloop
endfacet
facet normal 0.8027053511534029 -0.5954471655799493 0.03326848707856122
outer loop
vertex 15.457200000000006 -11.686033333333336 18.000033333333338
vertex 15.460133333333339 -12.68776666666667 0
vertex 16.62943333333334 -11.11146666666667 0
endloop
endfacet
facet normal 0.8027836387203332 -0.5953411397513351 0.03327696985187841
outer loop
vertex 15.457200000000006 -11.686033333333336 18.000033333333338
vertex 16.62943333333334 -11.11146666666667 0
vertex 15.797833333333339 -10.55596666666667 29.999933333333342
endloop
endfacet
facet normal 0.8027523625600904 -0.5953830413680974 0.03328180366908522
outer loop
vertex 15.457200000000006 -11.686033333333336 18.000033333333338
vertex 15.797833333333339 -10.55596666666667 29.999933333333342
vertex 14.711400000000005 -12.020800000000003 29.999933333333342
endloop
endfacet
facet normal 0.8572321110601548 -0.5138537943013597 0.033277407492862086
outer loop
vertex 15.797833333333339 -10.55596666666667 29.999933333333342
vertex 16.62943333333334 -11.11146666666667 0
vertex 17.638500000000004 -9.428100000000002 0
endloop
endfacet
facet normal 0.8572087678069249 -0.5138929224702214 0.03327450420289371
outer loop
vertex 15.797833333333339 -10.55596666666667 29.999933333333342
vertex 17.638500000000004 -9.428100000000002 0
vertex 16.75666666666667 -8.956566666666669 29.999933333333342
endloop
endfacet
facet normal 0.903537546201944 -0.42721510760695347 0.03327393027204546
outer loop
vertex 16.75666666666667 -8.956566666666669 29.999933333333342
vertex 17.638500000000004 -9.428100000000002 0
vertex 18.477433333333337 -7.653800000000002 0
endloop
endfacet
facet normal 0.9035055122279919 -0.42728322462120044 0.03326913480904982
outer loop
vertex 16.75666666666667 -8.956566666666669 29.999933333333342
vertex 18.477433333333337 -7.653800000000002 0
vertex 17.553800000000006 -7.271000000000003 29.999933333333342
endloop
endfacet
facet normal 0.9409838273898864 -0.3368124652006668 0.033268601956349626
outer loop
vertex 17.553800000000006 -7.271000000000003 29.999933333333342
vertex 18.477433333333337 -7.653800000000002 0
vertex 19.138900000000007 -5.805800000000001 0
endloop
endfacet
facet normal 0.9410334089686581 -0.33667298027638054 0.03327803414636256
outer loop
vertex 17.553800000000006 -7.271000000000003 29.999933333333342
vertex 19.138900000000007 -5.805800000000001 0
vertex 18.181900000000006 -5.515400000000001 29.999933333333342
endloop
endfacet
facet normal 0.9695282641996408 -0.24270878942028365 0.03327744665943837
outer loop
vertex 18.181900000000006 -5.515400000000001 29.999933333333342
vertex 19.138900000000007 -5.805800000000001 0
vertex 19.615566666666673 -3.9017000000000013 0
endloop
endfacet
facet normal 0.9694783163845201 -0.24291003426946356 0.03326423471905406
outer loop
vertex 18.181900000000006 -5.515400000000001 29.999933333333342
vertex 19.615566666666673 -3.9017000000000013 0
vertex 18.635100000000005 -3.7066333333333343 29.999933333333342
endloop
endfacet
facet normal 0.988613880594796 -0.14675174884749925 0.03326438494093425
outer loop
vertex 18.635100000000005 -3.7066333333333343 29.999933333333342
vertex 19.615566666666673 -3.9017000000000013 0
vertex 19.903766666666673 -1.9602000000000006 0
endloop
endfacet
facet normal 0.9886325253708406 -0.14662422742080436 0.03327259701505562
outer loop
vertex 18.635100000000005 -3.7066333333333343 29.999933333333342
vertex 19.903766666666673 -1.9602000000000006 0
vertex 18.908633333333338 -1.8623000000000005 29.999933333333342
endloop
endfacet
facet normal 0.9982482105970888 -0.04892275181003248 0.03327272749631844
outer loop
vertex 18.908633333333338 -1.8623000000000005 29.999933333333342
vertex 19.903766666666673 -1.9602000000000006 0
vertex 19.99983333333334 0 0
endloop
endfacet
facet normal 0.9982474262841676 -0.04893947807536104 0.03327166065507499
outer loop
vertex 18.908633333333338 -1.8623000000000005 29.999933333333342
vertex 19.99983333333334 0 0
vertex 18.99993333333334 0 29.999933333333342
endloop
endfacet
facet normal -0.9982460526047781 -0.04895803583015859 -0.03328557024645498
outer loop
vertex 16.918000000000006 1.666133333333334 29.999933333333342
vertex 17.913500000000006 1.7644000000000006 0
vertex 18.000033333333338 0 0
endloop
endfacet
facet normal -0.9982342044690453 -0.04920872838931795 -0.033271219970997655
outer loop
vertex 16.918000000000006 1.666133333333334 29.999933333333342
vertex 18.000033333333338 0 0
vertex 17.000133333333338 0 29.999933333333342
endloop
endfacet
facet normal -0.9886233016108962 -0.14668555597878405 -0.0332763456401997
outer loop
vertex 16.67343333333334 3.316500000000001 29.999933333333342
vertex 17.654266666666672 3.511566666666668 0
vertex 17.913500000000006 1.7644000000000006 0
endloop
endfacet
facet normal -0.9886493937808813 -0.1465072529775272 -0.03328664900037973
outer loop
vertex 16.67343333333334 3.316500000000001 29.999933333333342
vertex 17.913500000000006 1.7644000000000006 0
vertex 16.918000000000006 1.666133333333334 29.999933333333342
endloop
endfacet
facet normal -0.9694708834054069 -0.24293824191477242 -0.033274868061339787
outer loop
vertex 16.267900000000004 4.934966666666668 29.999933333333342
vertex 17.224900000000005 5.225000000000001 0
vertex 17.654266666666672 3.511566666666668 0
endloop
endfacet
facet normal -0.9694758982171773 -0.24291806602360685 -0.03327605708836084
outer loop
vertex 16.267900000000004 4.934966666666668 29.999933333333342
vertex 17.654266666666672 3.511566666666668 0
vertex 16.67343333333334 3.316500000000001 29.999933333333342
endloop
endfacet
facet normal -0.9410230895629154 -0.33670204461212694 -0.03327578794677208
outer loop
vertex 15.705800000000005 6.505766666666669 29.999933333333342
vertex 16.629800000000007 6.888200000000002 0
vertex 17.224900000000005 5.225000000000001 0
endloop
endfacet
facet normal -0.9410115384163056 -0.3367345210999517 -0.033273816537395445
outer loop
vertex 15.705800000000005 6.505766666666669 29.999933333333342
vertex 17.224900000000005 5.225000000000001 0
vertex 16.267900000000004 4.934966666666668 29.999933333333342
endloop
endfacet
facet normal -0.9034697592798402 -0.4273588298774911 -0.03326897342223709
outer loop
vertex 14.992633333333337 8.013866666666669 29.999933333333342
vertex 15.874466666666672 8.485033333333336 0
vertex 16.629800000000007 6.888200000000002 0
endloop
endfacet
facet normal -0.9035145147861013 -0.42726373237514476 -0.033274984112643353
outer loop
vertex 14.992633333333337 8.013866666666669 29.999933333333342
vertex 16.629800000000007 6.888200000000002 0
vertex 15.705800000000005 6.505766666666669 29.999933333333342
endloop
endfacet
facet normal -0.8573107886220833 -0.5137225345179763 -0.03327715794066854
outer loop
vertex 14.135000000000005 9.444600000000003 29.999933333333342
vertex 14.966600000000005 10.000100000000003 0
vertex 15.874466666666672 8.485033333333336 0
endloop
endfacet
facet normal -0.8572314214714847 -0.5138555342956943 -0.03326830196544636
outer loop
vertex 14.135000000000005 9.444600000000003 29.999933333333342
vertex 15.874466666666672 8.485033333333336 0
vertex 14.992633333333337 8.013866666666669 29.999933333333342
endloop
endfacet
facet normal -0.8027814562051377 -0.5953443874182802 -0.03327151849121292
outer loop
vertex 13.141333333333337 10.78476666666667 29.999933333333342
vertex 13.914266666666672 11.419100000000004 0
vertex 14.966600000000005 10.000100000000003 0
endloop
endfacet
facet normal -0.8028396893709759 -0.5952655425979063 -0.03327712376896528
outer loop
vertex 13.141333333333337 10.78476666666667 29.999933333333342
vertex 14.966600000000005 10.000100000000003 0
vertex 14.135000000000005 9.444600000000003 29.999933333333342
endloop
endfacet
facet normal -0.7406086597225745 -0.671111768684183 -0.0332837359309276
outer loop
vertex 12.020800000000003 12.020800000000003 29.999933333333342
vertex 12.728100000000003 12.728100000000003 0
vertex 13.914266666666672 11.419100000000004 0
endloop
endfacet
facet normal -0.7404639824337423 -0.6712720054338529 -0.033271390700956964
outer loop
vertex 12.020800000000003 12.020800000000003 29.999933333333342
vertex 13.914266666666672 11.419100000000004 0
vertex 13.141333333333337 10.78476666666667 29.999933333333342
endloop
endfacet
facet normal -0.6711120368111787 -0.740608955615426 -0.03327174340757119
outer loop
vertex 10.78476666666667 13.141333333333337 29.999933333333342
vertex 11.419100000000004 13.914266666666672 0
vertex 12.728100000000003 12.728100000000003 0
endloop
endfacet
facet normal -0.6712717214664545 -0.7404636691961443 -0.03328408869183007
outer loop
vertex 10.78476666666667 13.141333333333337 29.999933333333342
vertex 12.728100000000003 12.728100000000003 0
vertex 12.020800000000003 12.020800000000003 29.999933333333342
endloop
endfacet
facet normal -0.5953442794360457 -0.8027813105984313 -0.033276963452820295
outer loop
vertex 9.444600000000003 14.135000000000005 29.999933333333342
vertex 10.000100000000003 14.966600000000005 0
vertex 11.419100000000004 13.914266666666672 0
endloop
endfacet
facet normal -0.5952656569252301 -0.802839843565208 -0.033271358096214884
outer loop
vertex 9.444600000000003 14.135000000000005 29.999933333333342
vertex 11.419100000000004 13.914266666666672 0
vertex 10.78476666666667 13.141333333333337 29.999933333333342
endloop
endfacet
facet normal -0.5137226817206269 -0.8573110342769106 -0.03326855561669777
outer loop
vertex 8.013866666666669 14.992633333333337 29.999933333333342
vertex 8.485033333333336 15.874466666666672 0
vertex 10.000100000000003 14.966600000000005 0
endloop
endfacet
facet normal -0.5138553783904842 -0.8572311613850675 -0.033277410499925636
outer loop
vertex 8.013866666666669 14.992633333333337 29.999933333333342
vertex 10.000100000000003 14.966600000000005 0
vertex 9.444600000000003 14.135000000000005 29.999933333333342
endloop
endfacet
facet normal -0.427358746774313 -0.9034695835932671 -0.03327481145396666
outer loop
vertex 6.505766666666669 15.705800000000005 29.999933333333342
vertex 6.888200000000002 16.629800000000007 0
vertex 8.485033333333336 15.874466666666672 0
endloop
endfacet
facet normal -0.4272638203527482 -0.9035147008282006 -0.03326880227633414
outer loop
vertex 6.505766666666669 15.705800000000005 29.999933333333342
vertex 8.485033333333336 15.874466666666672 0
vertex 8.013866666666669 14.992633333333337 29.999933333333342
endloop
endfacet
facet normal -0.3367020660885427 -0.9410231495857264 -0.03327387316598773
outer loop
vertex 4.934966666666668 16.267900000000004 29.999933333333342
vertex 5.225000000000001 17.224900000000005 0
vertex 6.888200000000002 16.629800000000007 0
endloop
endfacet
facet normal -0.3367344983583063 -0.9410114748643102 -0.03327584392732379
outer loop
vertex 4.934966666666668 16.267900000000004 29.999933333333342
vertex 6.888200000000002 16.629800000000007 0
vertex 6.505766666666669 15.705800000000005 29.999933333333342
endloop
endfacet
facet normal -0.24293823256771901 -0.9694708461049969 -0.03327602303963543
outer loop
vertex 3.316500000000001 16.67343333333334 29.999933333333342
vertex 3.511566666666668 17.654266666666672 0
vertex 5.225000000000001 17.224900000000005 0
endloop
endfacet
facet normal -0.24291807591834688 -0.9694759377066731 -0.03327483433310311
outer loop
vertex 3.316500000000001 16.67343333333334 29.999933333333342
vertex 5.225000000000001 17.224900000000005 0
vertex 4.934966666666668 16.267900000000004 29.999933333333342
endloop
endfacet
facet normal -0.14668550705453523 -0.9886229718739149 -0.03328635611391496
outer loop
vertex 1.666133333333334 16.918000000000006 29.999933333333342
vertex 1.7644000000000006 17.913500000000006 0
vertex 3.511566666666668 17.654266666666672 0
endloop
endfacet
facet normal -0.14650730470980272 -0.9886497428767915 -0.03327605109268169
outer loop
vertex 1.666133333333334 16.918000000000006 29.999933333333342
vertex 3.511566666666668 17.654266666666672 0
vertex 3.316500000000001 16.67343333333334 29.999933333333342
endloop
endfacet
facet normal -0.04895805856703437 -0.99824651620582 -0.03327163032209625
outer loop
vertex 0 17.000133333333338 29.999933333333342
vertex 0 18.000033333333338 0
vertex 1.7644000000000006 17.913500000000006 0
endloop
endfacet
facet normal -0.04920870418846467 -0.9982337135374503 -0.0332859818741192
outer loop
vertex 0 17.000133333333338 29.999933333333342
vertex 1.7644000000000006 17.913500000000006 0
vertex 1.666133333333334 16.918000000000006 29.999933333333342
endloop
endfacet
facet normal 0.04895803583015859 -0.9982460526047781 -0.03328557024645498
outer loop
vertex -1.666133333333334 16.918000000000006 29.999933333333342
vertex -1.7644000000000006 17.913500000000006 0
vertex 0 18.000033333333338 0
endloop
endfacet
facet normal 0.04920872838931795 -0.9982342044690453 -0.033271219970997655
outer loop
vertex -1.666133333333334 16.918000000000006 29.999933333333342
vertex 0 18.000033333333338 0
vertex 0 17.000133333333338 29.999933333333342
endloop
endfacet
facet normal 0.14668555597878405 -0.9886233016108962 -0.0332763456401997
outer loop
vertex -3.316500000000001 16.67343333333334 29.999933333333342
vertex -3.511566666666668 17.654266666666672 0
vertex -1.7644000000000006 17.913500000000006 0
endloop
endfacet
facet normal 0.1465072529775272 -0.9886493937808813 -0.03328664900037973
outer loop
vertex -3.316500000000001 16.67343333333334 29.999933333333342
vertex -1.7644000000000006 17.913500000000006 0
vertex -1.666133333333334 16.918000000000006 29.999933333333342
endloop
endfacet
facet normal 0.24293824191477242 -0.9694708834054069 -0.033274868061339787
outer loop
vertex -4.934966666666668 16.267900000000004 29.999933333333342
vertex -5.225000000000001 17.224900000000005 0
vertex -3.511566666666668 17.654266666666672 0
endloop
endfacet
facet normal 0.24291806602360685 -0.9694758982171773 -0.03327605708836084
outer loop
vertex -4.934966666666668 16.267900000000004 29.999933333333342
vertex -3.511566666666668 17.654266666666672 0
vertex -3.316500000000001 16.67343333333334 29.999933333333342
endloop
endfacet
facet normal 0.33670204461212694 -0.9410230895629154 -0.03327578794677208
outer loop
vertex -6.505766666666669 15.705800000000005 29.999933333333342
vertex -6.888200000000002 16.629800000000007 0
vertex -5.225000000000001 17.224900000000005 0
endloop
endfacet
facet normal 0.3367345210999517 -0.9410115384163056 -0.033273816537395445
outer loop
vertex -6.505766666666669 15.705800000000005 29.999933333333342
vertex -5.225000000000001 17.224900000000005 0
vertex -4.934966666666668 16.267900000000004 29.999933333333342
endloop
endfacet
facet normal 0.4273588298774911 -0.9034697592798402 -0.03326897342223709
outer loop
vertex -8.013866666666669 14.992633333333337 29.999933333333342
vertex -8.485033333333336 15.874466666666672 0
vertex -6.888200000000002 16.629800000000007 0
endloop
endfacet
facet normal 0.42726373237514476 -0.9035145147861013 -0.033274984112643353
outer loop
vertex -8.013866666666669 14.992633333333337 29.999933333333342
vertex -6.888200000000002 16.629800000000007 0
vertex -6.505766666666669 15.705800000000005 29.999933333333342
endloop
endfacet
facet normal 0.5137225345179763 -0.8573107886220833 -0.03327715794066854
outer loop
vertex -9.444600000000003 14.135000000000005 29.999933333333342
vertex -10.000100000000003 14.966600000000005 0
vertex -8.485033333333336 15.874466666666672 0
endloop
endfacet
facet normal 0.5138555342956943 -0.8572314214714847 -0.03326830196544636
outer loop
vertex -9.444600000000003 14.135000000000005 29.999933333333342
vertex -8.485033333333336 15.874466666666672 0
vertex -8.013866666666669 14.992633333333337 29.999933333333342
endloop
endfacet
facet normal 0.5953443874182802 -0.8027814562051377 -0.03327151849121292
outer loop
vertex -10.78476666666667 13.141333333333337 29.999933333333342
vertex -11.419100000000004 13.914266666666672 0
vertex -10.000100000000003 14.966600000000005 0
endloop
endfacet
facet normal 0.5952655425979063 -0.8028396893709759 -0.03327712376896528
outer loop
vertex -10.78476666666667 13.141333333333337 29.999933333333342
vertex -10.000100000000003 14.966600000000005 0
vertex -9.444600000000003 14.135000000000005 29.999933333333342
endloop
endfacet
facet normal 0.671111768684183 -0.7406086597225745 -0.0332837359309276
outer loop
vertex -12.020800000000003 12.020800000000003 29.999933333333342
vertex -12.728100000000003 12.728100000000003 0
vertex -11.419100000000004 13.914266666666672 0
endloop
endfacet
facet normal 0.6712720054338529 -0.7404639824337423 -0.033271390700956964
outer loop
vertex -12.020800000000003 12.020800000000003 29.999933333333342
vertex -11.419100000000004 13.914266666666672 0
vertex -10.78476666666667 13.141333333333337 29.999933333333342
endloop
endfacet
facet normal 0.740608955615426 -0.6711120368111787 -0.03327174340757119
outer loop
vertex -13.141333333333337 10.78476666666667 29.999933333333342
vertex -13.914266666666672 11.419100000000004 0
vertex -12.728100000000003 12.728100000000003 0
endloop
endfacet
facet normal 0.7404636691961443 -0.6712717214664545 -0.03328408869183007
outer loop
vertex -13.141333333333337 10.78476666666667 29.999933333333342
vertex -12.728100000000003 12.728100000000003 0
vertex -12.020800000000003 12.020800000000003 29.999933333333342
endloop
endfacet
facet normal 0.8027813105984313 -0.5953442794360457 -0.033276963452820295
outer loop
vertex -14.135000000000005 9.444600000000003 29.999933333333342
vertex -14.966600000000005 10.000100000000003 0
vertex -13.914266666666672 11.419100000000004 0
endloop
endfacet
facet normal 0.802839843565208 -0.5952656569252301 -0.033271358096214884
outer loop
vertex -14.135000000000005 9.444600000000003 29.999933333333342
vertex -13.914266666666672 11.419100000000004 0
vertex -13.141333333333337 10.78476666666667 29.999933333333342
endloop
endfacet
facet normal 0.8573110342769106 -0.5137226817206269 -0.03326855561669777
outer loop
vertex -14.992633333333337 8.013866666666669 29.999933333333342
vertex -15.874466666666672 8.485033333333336 0
vertex -14.966600000000005 10.000100000000003 0
endloop
endfacet
facet normal 0.8572311613850675 -0.5138553783904842 -0.033277410499925636
outer loop
vertex -14.992633333333337 8.013866666666669 29.999933333333342
vertex -14.966600000000005 10.000100000000003 0
vertex -14.135000000000005 9.444600000000003 29.999933333333342
endloop
endfacet
facet normal 0.9034695835932671 -0.427358746774313 -0.03327481145396666
outer loop
vertex -15.705800000000005 6.505766666666669 29.999933333333342
vertex -16.629800000000007 6.888200000000002 0
vertex -15.874466666666672 8.485033333333336 0
endloop
endfacet
facet normal 0.9035147008282006 -0.4272638203527482 -0.03326880227633414
outer loop
vertex -15.705800000000005 6.505766666666669 29.999933333333342
vertex -15.874466666666672 8.485033333333336 0
vertex -14.992633333333337 8.013866666666669 29.999933333333342
endloop
endfacet
facet normal 0.9410231495857264 -0.3367020660885427 -0.03327387316598773
outer loop
vertex -16.267900000000004 4.934966666666668 29.999933333333342
vertex -17.224900000000005 5.225000000000001 0
vertex -16.629800000000007 6.888200000000002 0
endloop
endfacet
facet normal 0.9410114748643102 -0.3367344983583063 -0.03327584392732379
outer loop
vertex -16.267900000000004 4.934966666666668 29.999933333333342
vertex -16.629800000000007 6.888200000000002 0
vertex -15.705800000000005 6.505766666666669 29.999933333333342
endloop
endfacet
facet normal 0.9694708461049969 -0.24293823256771901 -0.03327602303963543
outer loop
vertex -16.67343333333334 3.316500000000001 29.999933333333342
vertex -17.654266666666672 3.511566666666668 0
vertex -17.224900000000005 5.225000000000001 0
endloop
endfacet
facet normal 0.9694759377066731 -0.24291807591834688 -0.03327483433310311
outer loop
vertex -16.67343333333334 3.316500000000001 29.999933333333342
vertex -17.224900000000005 5.225000000000001 0
vertex -16.267900000000004 4.934966666666668 29.999933333333342
endloop
endfacet
facet normal 0.9886229718739149 -0.14668550705453523 -0.03328635611391496
outer loop
vertex -16.918000000000006 1.666133333333334 29.999933333333342
vertex -17.913500000000006 1.7644000000000006 0
vertex -17.654266666666672 3.511566666666668 0
endloop
endfacet
facet normal 0.9886497428767915 -0.14650730470980272 -0.03327605109268169
outer loop
vertex -16.918000000000006 1.666133333333334 29.999933333333342
vertex -17.654266666666672 3.511566666666668 0
vertex -16.67343333333334 3.316500000000001 29.999933333333342
endloop
endfacet
facet normal 0.99824651620582 -0.04895805856703437 -0.03327163032209625
outer loop
vertex -17.000133333333338 0 29.999933333333342
vertex -18.000033333333338 0 0
vertex -17.913500000000006 1.7644000000000006 0
endloop
endfacet
facet normal 0.9982337135374503 -0.04920870418846467 -0.0332859818741192
outer loop
vertex -17.000133333333338 0 29.999933333333342
vertex -17.913500000000006 1.7644000000000006 0
vertex -16.918000000000006 1.666133333333334 29.999933333333342
endloop
endfacet
facet normal 0.9982460526047781 0.04895803583015859 -0.03328557024645498
outer loop
vertex -16.918000000000006 -1.666133333333334 29.999933333333342
vertex -17.913500000000006 -1.7644000000000006 0
vertex -18.000033333333338 0 0
endloop
endfacet
facet normal 0.9982342044690453 0.04920872838931795 -0.033271219970997655
outer loop
vertex -16.918000000000006 -1.666133333333334 29.999933333333342
vertex -18.000033333333338 0 0
vertex -17.000133333333338 0 29.999933333333342
endloop
endfacet
facet normal 0.9886233016108962 0.14668555597878405 -0.0332763456401997
outer loop
vertex -16.67343333333334 -3.316500000000001 29.999933333333342
vertex -17.654266666666672 -3.511566666666668 0
vertex -17.913500000000006 -1.7644000000000006 0
endloop
endfacet
facet normal 0.9886493937808813 0.1465072529775272 -0.03328664900037973
outer loop
vertex -16.67343333333334 -3.316500000000001 29.999933333333342
vertex -17.913500000000006 -1.7644000000000006 0
vertex -16.918000000000006 -1.666133333333334 29.999933333333342
endloop
endfacet
facet normal 0.9694708834054069 0.24293824191477242 -0.033274868061339787
outer loop
vertex -16.267900000000004 -4.934966666666668 29.999933333333342
vertex -17.224900000000005 -5.225000000000001 0
vertex -17.654266666666672 -3.511566666666668 0
endloop
endfacet
facet normal 0.9694758982171773 0.24291806602360685 -0.03327605708836084
outer loop
vertex -16.267900000000004 -4.934966666666668 29.999933333333342
vertex -17.654266666666672 -3.511566666666668 0
vertex -16.67343333333334 -3.316500000000001 29.999933333333342
endloop
endfacet
facet normal 0.9410230895629154 0.33670204461212694 -0.03327578794677208
outer loop
vertex -15.705800000000005 -6.505766666666669 29.999933333333342
vertex -16.629800000000007 -6.888200000000002 0
vertex -17.224900000000005 -5.225000000000001 0
endloop
endfacet
facet normal 0.9410115384163056 0.3367345210999517 -0.033273816537395445
outer loop
vertex -15.705800000000005 -6.505766666666669 29.999933333333342
vertex -17.224900000000005 -5.225000000000001 0
vertex -16.267900000000004 -4.934966666666668 29.999933333333342
endloop
endfacet
facet normal 0.9034697592798402 0.4273588298774911 -0.03326897342223709
outer loop
vertex -14.992633333333337 -8.013866666666669 29.999933333333342
vertex -15.874466666666672 -8.485033333333336 0
vertex -16.629800000000007 -6.888200000000002 0
endloop
endfacet
facet normal 0.9035145147861013 0.42726373237514476 -0.033274984112643353
outer loop
vertex -14.992633333333337 -8.013866666666669 29.999933333333342
vertex -16.629800000000007 -6.888200000000002 0
vertex -15.705800000000005 -6.505766666666669 29.999933333333342
endloop
endfacet
facet normal 0.8573107886220833 0.5137225345179763 -0.03327715794066854
outer loop
vertex -14.135000000000005 -9.444600000000003 29.999933333333342
vertex -14.966600000000005 -10.000100000000003 0
vertex -15.874466666666672 -8.485033333333336 0
endloop
endfacet
facet normal 0.8572314214714847 0.5138555342956943 -0.03326830196544636
outer loop
vertex -14.135000000000005 -9.444600000000003 29.999933333333342
vertex -15.874466666666672 -8.485033333333336 0
vertex -14.992633333333337 -8.013866666666669 29.999933333333342
endloop
endfacet
facet normal 0.8027814562051377 0.5953443874182802 -0.03327151849121292
outer loop
vertex -13.141333333333337 -10.78476666666667 29.999933333333342
vertex -13.914266666666672 -11.419100000000004 0
vertex -14.966600000000005 -10.000100000000003 0
endloop
endfacet
facet normal 0.8028396893709759 0.5952655425979063 -0.03327712376896528
outer loop
vertex -13.141333333333337 -10.78476666666667 29.999933333333342
vertex -14.966600000000005 -10.000100000000003 0
vertex -14.135000000000005 -9.444600000000003 29.999933333333342
endloop
endfacet
facet normal 0.7406086597225745 0.671111768684183 -0.0332837359309276
outer loop
vertex -12.020800000000003 -12.020800000000003 29.999933333333342
vertex -12.728100000000003 -12.728100000000003 0
vertex -13.914266666666672 -11.419100000000004 0
endloop
endfacet
facet normal 0.7404639824337423 0.6712720054338529 -0.033271390700956964
outer loop
vertex -12.020800000000003 -12.020800000000003 29.999933333333342
vertex -13.914266666666672 -11.419100000000004 0
vertex -13.141333333333337 -10.78476666666667 29.999933333333342
endloop
endfacet
facet normal 0.6711120368111787 0.740608955615426 -0.03327174340757119
outer loop
vertex -10.78476666666667 -13.141333333333337 29.999933333333342
vertex -11.419100000000004 -13.914266666666672 0
vertex -12.728100000000003 -12.728100000000003 0
endloop
endfacet
facet normal 0.6712717214664545 0.7404636691961443 -0.03328408869183007
outer loop
vertex -10.78476666666667 -13.141333333333337 29.999933333333342
vertex -12.728100000000003 -12.728100000000003 0
vertex -12.020800000000003 -12.020800000000003 29.999933333333342
endloop
endfacet
facet normal 0.5953442794360457 0.8027813105984313 -0.033276963452820295
outer loop
vertex -9.444600000000003 -14.135000000000005 29.999933333333342
vertex -10.000100000000003 -14.966600000000005 0
vertex -11.419100000000004 -13.914266666666672 0
endloop
endfacet
facet normal 0.5952656569252301 0.802839843565208 -0.033271358096214884
outer loop
vertex -9.444600000000003 -14.135000000000005 29.999933333333342
vertex -11.419100000000004 -13.914266666666672 0
vertex -10.78476666666667 -13.141333333333337 29.999933333333342
endloop
endfacet
facet normal 0.5137226817206269 0.8573110342769106 -0.03326855561669777
outer loop
vertex -8.013866666666669 -14.992633333333337 29.999933333333342
vertex -8.485033333333336 -15.874466666666672 0
vertex -10.000100000000003 -14.966600000000005 0
endloop
endfacet
facet normal 0.5138553783904842 0.8572311613850675 -0.033277410499925636
outer loop
vertex -8.013866666666669 -14.992633333333337 29.999933333333342
vertex -10.000100000000003 -14.966600000000005 0
vertex -9.444600000000003 -14.135000000000005 29.999933333333342
endloop
endfacet
facet normal 0.427358746774313 0.9034695835932671 -0.03327481145396666
outer loop
vertex -6.505766666666669 -15.705800000000005 29.999933333333342
vertex -6.888200000000002 -16.629800000000007 0
vertex -8.485033333333336 -15.874466666666672 0
endloop
endfacet
facet normal 0.4272638203527482 0.9035147008282006 -0.03326880227633414
outer loop
vertex -6.505766666666669 -15.705800000000005 29.999933333333342
vertex -8.485033333333336 -15.874466666666672 0
vertex -8.013866666666669 -14.992633333333337 29.999933333333342
endloop
endfacet
facet normal 0.3367020660885427 0.9410231495857264 -0.03327387316598773
outer loop
vertex -4.934966666666668 -16.267900000000004 29.999933333333342
vertex -5.225000000000001 -17.224900000000005 0
vertex -6.888200000000002 -16.629800000000007 0
endloop
endfacet
facet normal 0.3367344983583063 0.9410114748643102 -0.03327584392732379
outer loop
vertex -4.934966666666668 -16.267900000000004 29.999933333333342
vertex -6.888200000000002 -16.629800000000007 0
vertex -6.505766666666669 -15.705800000000005 29.999933333333342
endloop
endfacet
facet normal 0.24293823256771901 0.9694708461049969 -0.03327602303963543
outer loop
vertex -3.316500000000001 -16.67343333333334 29.999933333333342
vertex -3.511566666666668 -17.654266666666672 0
vertex -5.225000000000001 -17.224900000000005 0
endloop
endfacet
facet normal 0.24291807591834688 0.9694759377066731 -0.03327483433310311
outer loop
vertex -3.316500000000001 -16.67343333333334 29.999933333333342
vertex -5.225000000000001 -17.224900000000005 0
vertex -4.934966666666668 -16.267900000000004 29.999933333333342
endloop
endfacet
facet normal 0.14668550705453523 0.9886229718739149 -0.03328635611391496
outer loop
vertex -1.666133333333334 -16.918000000000006 29.999933333333342
vertex -1.7644000000000006 -17.913500000000006 0
vertex -3.511566666666668 -17.654266666666672 0
endloop
endfacet
facet normal 0.14650730470980272 0.9886497428767915 -0.03327605109268169
outer loop
vertex -1.666133333333334 -16.918000000000006 29.999933333333342
vertex -3.511566666666668 -17.654266666666672 0
vertex -3.316500000000001 -16.67343333333334 29.999933333333342
endloop
endfacet
facet normal 0.04895805856703437 0.99824651620582 -0.03327163032209625
outer loop
vertex 0 -17.000133333333338 29.999933333333342
vertex 0 -18.000033333333338 0
vertex -1.7644000000000006 -17.913500000000006 0
endloop
endfacet
facet normal 0.04920870418846467 0.9982337135374503 -0.0332859818741192
outer loop
vertex 0 -17.000133333333338 29.999933333333342
vertex -1.7644000000000006 -17.913500000000006 0
vertex -1.666133333333334 -16.918000000000006 29.999933333333342
endloop
endfacet
facet normal -0.04895803583015859 0.9982460526047781 -0.03328557024645498
outer loop
vertex 1.666133333333334 -16.918000000000006 29.999933333333342
vertex 1.7644000000000006 -17.913500000000006 0
vertex 0 -18.000033333333338 0
endloop
endfacet
facet normal -0.04920872838931795 0.9982342044690453 -0.033271219970997655
outer loop
vertex 1.666133333333334 -16.918000000000006 29.999933333333342
vertex 0 -18.000033333333338 0
vertex 0 -17.000133333333338 29.999933333333342
endloop
endfacet
facet normal -0.14668555597878405 0.9886233016108962 -0.0332763456401997
outer loop
vertex 3.316500000000001 -16.67343333333334 29.999933333333342
vertex 3.511566666666668 -17.654266666666672 0
vertex 1.7644000000000006 -17.913500000000006 0
endloop
endfacet
facet normal -0.1465072529775272 0.9886493937808813 -0.03328664900037973
outer loop
vertex 3.316500000000001 -16.67343333333334 29.999933333333342
vertex 1.7644000000000006 -17.913500000000006 0
vertex 1.666133333333334 -16.918000000000006 29.999933333333342
endloop
endfacet
facet normal -0.24293824191477242 0.9694708834054069 -0.033274868061339787
outer loop
vertex 4.934966666666668 -16.267900000000004 29.999933333333342
vertex 5.225000000000001 -17.224900000000005 0
vertex 3.511566666666668 -17.654266666666672 0
endloop
endfacet
facet normal -0.24291806602360685 0.9694758982171773 -0.03327605708836084
outer loop
vertex 4.934966666666668 -16.267900000000004 29.999933333333342
vertex 3.511566666666668 -17.654266666666672 0
vertex 3.316500000000001 -16.67343333333334 29.999933333333342
endloop
endfacet
facet normal -0.33670204461212694 0.9410230895629154 -0.03327578794677208
outer loop
vertex 6.505766666666669 -15.705800000000005 29.999933333333342
vertex 6.888200000000002 -16.629800000000007 0
vertex 5.225000000000001 -17.224900000000005 0
endloop
endfacet
facet normal -0.3367345210999517 0.9410115384163056 -0.033273816537395445
outer loop
vertex 6.505766666666669 -15.705800000000005 29.999933333333342
vertex 5.225000000000001 -17.224900000000005 0
vertex 4.934966666666668 -16.267900000000004 29.999933333333342
endloop
endfacet
facet normal -0.4273588298774911 0.9034697592798402 -0.03326897342223709
outer loop
vertex 8.013866666666669 -14.992633333333337 29.999933333333342
vertex 8.485033333333336 -15.874466666666672 0
vertex 6.888200000000002 -16.629800000000007 0
endloop
endfacet
facet normal -0.42726373237514476 0.9035145147861013 -0.033274984112643353
outer loop
vertex 8.013866666666669 -14.992633333333337 29.999933333333342
vertex 6.888200000000002 -16.629800000000007 0
vertex 6.505766666666669 -15.705800000000005 29.999933333333342
endloop
endfacet
facet normal -0.5137225345179763 0.8573107886220833 -0.03327715794066854
outer loop
vertex 9.444600000000003 -14.135000000000005 29.999933333333342
vertex 10.000100000000003 -14.966600000000005 0
vertex 8.485033333333336 -15.874466666666672 0
endloop
endfacet
facet normal -0.5138555342956943 0.8572314214714847 -0.03326830196544636
outer loop
vertex 9.444600000000003 -14.135000000000005 29.999933333333342
vertex 8.485033333333336 -15.874466666666672 0
vertex 8.013866666666669 -14.992633333333337 29.999933333333342
endloop
endfacet
facet normal -0.5953443874182802 0.8027814562051377 -0.03327151849121292
outer loop
vertex 10.78476666666667 -13.141333333333337 29.999933333333342
vertex 11.419100000000004 -13.914266666666672 0
vertex 10.000100000000003 -14.966600000000005 0
endloop
endfacet
facet normal -0.5952655425979063 0.8028396893709759 -0.03327712376896528
outer loop
vertex 10.78476666666667 -13.141333333333337 29.999933333333342
vertex 10.000100000000003 -14.966600000000005 0
vertex 9.444600000000003 -14.135000000000005 29.999933333333342
endloop
endfacet
facet normal -0.671111768684183 0.7406086597225745 -0.0332837359309276
outer loop
vertex 12.020800000000003 -12.020800000000003 29.999933333333342
vertex 12.728100000000003 -12.728100000000003 0
vertex 11.419100000000004 -13.914266666666672 0
endloop
endfacet
facet normal -0.6712720054338529 0.7404639824337423 -0.033271390700956964
outer loop
vertex 12.020800000000003 -12.020800000000003 29.999933333333342
vertex 11.419100000000004 -13.914266666666672 0
vertex 10.78476666666667 -13.141333333333337 29.999933333333342
endloop
endfacet
facet normal -0.740608955615426 0.6711120368111787 -0.03327174340757119
outer loop
vertex 13.141333333333337 -10.78476666666667 29.999933333333342
vertex 13.914266666666672 -11.419100000000004 0
vertex 12.728100000000003 -12.728100000000003 0
endloop
endfacet
facet normal -0.7404636691961443 0.6712717214664545 -0.03328408869183007
outer loop
vertex 13.141333333333337 -10.78476666666667 29.999933333333342
vertex 12.728100000000003 -12.728100000000003 0
vertex 12.020800000000003 -12.020800000000003 29.999933333333342
endloop
endfacet
facet normal -0.8027813105984313 0.5953442794360457 -0.033276963452820295
outer loop
vertex 14.135000000000005 -9.444600000000003 29.999933333333342
vertex 14.966600000000005 -10.000100000000003 0
vertex 13.914266666666672 -11.419100000000004 0
endloop
endfacet
facet normal -0.802839843565208 0.5952656569252301 -0.033271358096214884
outer loop
vertex 14.135000000000005 -9.444600000000003 29.999933333333342
vertex 13.914266666666672 -11.419100000000004 0
vertex 13.141333333333337 -10.78476666666667 29.999933333333342
endloop
endfacet
facet normal -0.8573110342769106 0.5137226817206269 -0.03326855561669777
outer loop
vertex 14.992633333333337 -8.013866666666669 29.999933333333342
vertex 15.874466666666672 -8.485033333333336 0
vertex 14.966600000000005 -10.000100000000003 0
endloop
endfacet
facet normal -0.8572311613850675 0.5138553783904842 -0.033277410499925636
outer loop
vertex 14.992633333333337 -8.013866666666669 29.999933333333342
vertex 14.966600000000005 -10.000100000000003 0
vertex 14.135000000000005 -9.444600000000003 29.999933333333342
endloop
endfacet
facet normal -0.9034695835932671 0.427358746774313 -0.03327481145396666
outer loop
vertex 15.705800000000005 -6.505766666666669 29.999933333333342
vertex 16.629800000000007 -6.888200000000002 0
vertex 15.874466666666672 -8.485033333333336 0
endloop
endfacet
facet normal -0.9035147008282006 0.4272638203527482 -0.03326880227633414
outer loop
vertex 15.705800000000005 -6.505766666666669 29.999933333333342
vertex 15.874466666666672 -8.485033333333336 0
vertex 14.992633333333337 -8.013866666666669 29.999933333333342
endloop
endfacet
facet normal -0.9410231495857264 0.3367020660885427 -0.03327387316598773
outer loop
vertex 16.267900000000004 -4.934966666666668 29.999933333333342
vertex 17.224900000000005 -5.225000000000001 0
vertex 16.629800000000007 -6.888200000000002 0
endloop
endfacet
facet normal -0.9410114748643102 0.3367344983583063 -0.03327584392732379
outer loop
vertex 16.267900000000004 -4.934966666666668 29.999933333333342
vertex 16.629800000000007 -6.888200000000002 0
vertex 15.705800000000005 -6.505766666666669 29.999933333333342
endloop
endfacet
facet normal -0.9694708461049969 0.24293823256771901 -0.03327602303963543
outer loop
vertex 16.67343333333334 -3.316500000000001 29.999933333333342
vertex 17.654266666666672 -3.511566666666668 0
vertex 17.224900000000005 -5.225000000000001 0
endloop
endfacet
facet normal -0.9694759377066731 0.24291807591834688 -0.03327483433310311
outer loop
vertex 16.67343333333334 -3.316500000000001 29.999933333333342
vertex 17.224900000000005 -5.225000000000001 0
vertex 16.267900000000004 -4.934966666666668 29.999933333333342
endloop
endfacet
facet normal -0.9886229718739149 0.14668550705453523 -0.03328635611391496
outer loop
vertex 16.918000000000006 -1.666133333333334 29.999933333333342
vertex 17.913500000000006 -1.7644000000000006 0
vertex 17.654266666666672 -3.511566666666668 0
endloop
endfacet
facet normal -0.9886497428767915 0.14650730470980272 -0.03327605109268169
outer loop
vertex 16.918000000000006 -1.666133333333334 29.999933333333342
vertex 17.654266666666672 -3.511566666666668 0
vertex 16.67343333333334 -3.316500000000001 29.999933333333342
endloop
endfacet
facet normal -0.99824651620582 0.04895805856703437 -0.03327163032209625
outer loop
vertex 17.000133333333338 0 29.999933333333342
vertex 18.000033333333338 0 0
vertex 17.913500000000006 -1.7644000000000006 0
endloop
endfacet
facet normal -0.9982337135374503 0.04920870418846467 -0.0332859818741192
outer loop
vertex 17.000133333333338 0 29.999933333333342
vertex 17.913500000000006 -1.7644000000000006 0
vertex 16.918000000000006 -1.666133333333334 29.999933333333342
endloop
endfacet
facet normal 0 0 -1
outer loop
vertex 0 19.022666666666673 0
vertex 1.9602000000000006 19.903766666666673 0
vertex 3.9017000000000013 19.615566666666673 0
endloop
endfacet
facet normal 0 0 -1
outer loop
vertex 0 19.022666666666673 0
vertex 3.9017000000000013 19.615566666666673 0
vertex 5.805800000000001 19.138900000000007 0
endloop
endfacet
facet normal 0 0 -1
outer loop
vertex 0 19.022666666666673 0
vertex 5.805800000000001 19.138900000000007 0
vertex 7.653800000000002 18.477433333333337 0
endloop
endfacet
facet normal 0 0 -1
outer loop
vertex 0 19.022666666666673 0
vertex 7.653800000000002 18.477433333333337 0
vertex 8.663600000000002 18.000033333333338 0
endloop
endfacet
facet normal 0 0 -1
outer loop
vertex 0 19.022666666666673 0
vertex 8.663600000000002 18.000033333333338 0
vertex 0 18.000033333333338 0
endloop
endfacet
facet normal 0 0 -1
outer loop
vertex 0 19.022666666666673 0
vertex 0 18.000033333333338 0
vertex -8.663600000000002 18.000033333333338 0
endloop
endfacet
facet normal 0 0 -1
outer loop
vertex 0 19.022666666666673 0
vertex -8.663600000000002 18.000033333333338 0
vertex -7.653800000000002 18.477433333333337 0
endloop
endfacet
facet normal 0 0 -1
outer loop
vertex 0 19.022666666666673 0
vertex -7.653800000000002 18.477433333333337 0
vertex -5.805800000000001 19.138900000000007 0
endloop
endfacet
facet normal 0 0 -1
outer loop
vertex 0 19.022666666666673 0
vertex -5.805800000000001 19.138900000000007 0
vertex -3.9017000000000013 19.615566666666673 0
endloop
endfacet
facet normal 0 0 -1
outer loop
vertex 0 19.022666666666673 0
vertex -3.9017000000000013 19.615566666666673 0
vertex -1.9602000000000006 19.903766666666673 0
endloop
endfacet
facet normal 0 0 -1
outer loop
vertex 0 19.022666666666673 0
vertex -1.9602000000000006 19.903766666666673 0
vertex 0 19.99983333333334 0
endloop
endfacet
facet normal 0 0 -1
outer loop
vertex 0 19.022666666666673 0
vertex 0 19.99983333333334 0
vertex 1.9602000000000006 19.903766666666673 0
endloop
endfacet
facet normal 0 0 -0.9999999999999999
outer loop
vertex 0 18.000033333333338 0
vertex -1.7644000000000006 17.913500000000006 0
vertex -8.84656666666667 17.913500000000006 0
endloop
endfacet
facet normal 0 0 -1
outer loop
vertex 0 18.000033333333338 0
vertex -8.84656666666667 17.913500000000006 0
vertex -8.663600000000002 18.000033333333338 0
endloop
endfacet
facet normal 0 0 -1
outer loop
vertex 8.663600000000002 18.000033333333338 0
vertex 8.84656666666667 17.913500000000006 0
vertex 1.7644000000000006 17.913500000000006 0
endloop
endfacet
facet normal 0 0 -1
outer loop
vertex 8.663600000000002 18.000033333333338 0
vertex 1.7644000000000006 17.913500000000006 0
vertex 0 18.000033333333338 0
endloop
endfacet
facet normal 0 0 -1
outer loop
vertex -1.7644000000000006 17.913500000000006 0
vertex -3.511566666666668 17.654266666666672 0
vertex -9.394733333333336 17.654266666666672 0
endloop
endfacet
facet normal 0 0 -0.9999999999999999
outer loop
vertex -1.7644000000000006 17.913500000000006 0
vertex -9.394733333333336 17.654266666666672 0
vertex -8.84656666666667 17.913500000000006 0
endloop
endfacet
facet normal 0 0 -1
outer loop
vertex 8.84656666666667 17.913500000000006 0
vertex 9.394733333333336 17.654266666666672 0
vertex 3.511566666666668 17.654266666666672 0
endloop
endfacet
facet normal 0 0 -0.9999999999999999
outer loop
vertex 8.84656666666667 17.913500000000006 0
vertex 3.511566666666668 17.654266666666672 0
vertex 1.7644000000000006 17.913500000000006 0
endloop
endfacet
facet normal 0 0 -1
outer loop
vertex -7.535366666666669 17.47936666666667 0
vertex -3.511566666666668 17.654266666666672 0
vertex -5.225000000000001 17.224900000000005 0
endloop
endfacet
facet normal 0 0 -1
outer loop
vertex -7.535366666666669 17.47936666666667 0
vertex -5.225000000000001 17.224900000000005 0
vertex -10.117800000000003 17.224900000000005 0
endloop
endfacet
facet normal 0 0 -1
outer loop
vertex -7.535366666666669 17.47936666666667 0
vertex -10.117800000000003 17.224900000000005 0
vertex -9.428100000000002 17.638500000000004 0
endloop
endfacet
facet normal 0 0 -1
outer loop
vertex -7.535366666666669 17.47936666666667 0
vertex -9.428100000000002 17.638500000000004 0
vertex -9.394733333333336 17.654266666666672 0
endloop
endfacet
facet normal 0 0 -1
outer loop
vertex -7.535366666666669 17.47936666666667 0
vertex -9.394733333333336 17.654266666666672 0
vertex -3.511566666666668 17.654266666666672 0
endloop
endfacet
facet normal 0 0 -1
outer loop
vertex 7.535366666666669 17.47936666666667 0
vertex 9.394733333333336 17.654266666666672 0
vertex 9.428100000000002 17.638500000000004 0
endloop
endfacet
facet normal 0 0 -1
outer loop
vertex 7.535366666666669 17.47936666666667 0
vertex 9.428100000000002 17.638500000000004 0
vertex 10.117800000000003 17.224900000000005 0
endloop
endfacet
facet normal 0 0 -1
outer loop
vertex 7.535366666666669 17.47936666666667 0
vertex 10.117800000000003 17.224900000000005 0
vertex 5.225000000000001 17.224900000000005 0
endloop
endfacet
facet normal 0 0 -1
outer loop
vertex 7.535366666666669 17.47936666666667 0
vertex 5.225000000000001 17.224900000000005 0
vertex 3.511566666666668 17.654266666666672 0
endloop
endfacet
facet normal 0 0 -1
outer loop
vertex 7.535366666666669 17.47936666666667 0
vertex 3.511566666666668 17.654266666666672 0
vertex 9.394733333333336 17.654266666666672 0
endloop
endfacet
facet normal 0 0 -1
outer loop
vertex -5.225000000000001 17.224900000000005 0
vertex -6.888200000000002 16.629800000000007 0
vertex -11.110733333333338 16.629800000000007 0
endloop
endfacet
facet normal 0 0 -1
outer loop
vertex -5.225000000000001 17.224900000000005 0
vertex -11.110733333333338 16.629800000000007 0
vertex -10.117800000000003 17.224900000000005 0
endloop
endfacet
facet normal 0 0 -1
outer loop
vertex 10.117800000000003 17.224900000000005 0
vertex 11.110733333333338 16.629800000000007 0
vertex 6.888200000000002 16.629800000000007 0
endloop
endfacet
facet normal 0 0 -1
outer loop
vertex 10.117800000000003 17.224900000000005 0
vertex 6.888200000000002 16.629800000000007 0
vertex 5.225000000000001 17.224900000000005 0
endloop
endfacet
facet normal 0 0 -1
outer loop
vertex -9.944733333333337 16.327666666666673 0
vertex -6.888200000000002 16.629800000000007 0
vertex -8.485033333333336 15.874466666666672 0
endloop
endfacet
facet normal 0 0 -1
outer loop
vertex -9.944733333333337 16.327666666666673 0
vertex -8.485033333333336 15.874466666666672 0
vertex -12.12896666666667 15.874466666666672 0
endloop
endfacet
facet normal 0 0 -1
outer loop
vertex -9.944733333333337 16.327666666666673 0
vertex -12.12896666666667 15.874466666666672 0
vertex -11.11146666666667 16.62943333333334 0
endloop
endfacet
facet normal 0 0 -1
outer loop
vertex -9.944733333333337 16.327666666666673 0
vertex -11.11146666666667 16.62943333333334 0
vertex -11.110733333333338 16.629800000000007 0
endloop
endfacet
facet normal 0 0 -1
outer loop
vertex -9.944733333333337 16.327666666666673 0
vertex -11.110733333333338 16.629800000000007 0
vertex -6.888200000000002 16.629800000000007 0
endloop
endfacet
facet normal 0 0 -1
outer loop
vertex 9.944733333333337 16.327666666666673 0
vertex 11.110733333333338 16.629800000000007 0
vertex 11.11146666666667 16.62943333333334 0
endloop
endfacet
facet normal 0 0 -1
outer loop
vertex 9.944733333333337 16.327666666666673 0
vertex 11.11146666666667 16.62943333333334 0
vertex 12.12896666666667 15.874466666666672 0
endloop
endfacet
facet normal 0 0 -1
outer loop
vertex 9.944733333333337 16.327666666666673 0
vertex 12.12896666666667 15.874466666666672 0
vertex 8.485033333333336 15.874466666666672 0
endloop
endfacet
facet normal 0 0 -1
outer loop
vertex 9.944733333333337 16.327666666666673 0
vertex 8.485033333333336 15.874466666666672 0
vertex 6.888200000000002 16.629800000000007 0
endloop
endfacet
facet normal 0 0 -1
outer loop
vertex 9.944733333333337 16.327666666666673 0
vertex 6.888200000000002 16.629800000000007 0
vertex 11.110733333333338 16.629800000000007 0
endloop
endfacet
facet normal 0 0 -0.9999999999999999
outer loop
vertex -11.306900000000004 15.428600000000005 0
vertex -8.485033333333336 15.874466666666672 0
vertex -10.000100000000003 14.966600000000005 0
endloop
endfacet
facet normal 0 0 -1
outer loop
vertex -11.306900000000004 15.428600000000005 0
vertex -10.000100000000003 14.966600000000005 0
vertex -13.232633333333338 14.966600000000005 0
endloop
endfacet
facet normal 0 0 -1
outer loop
vertex -11.306900000000004 15.428600000000005 0
vertex -13.232633333333338 14.966600000000005 0
vertex -12.68776666666667 15.460133333333339 0
endloop
endfacet
facet normal 0 0 -1
outer loop
vertex -11.306900000000004 15.428600000000005 0
vertex -12.68776666666667 15.460133333333339 0
vertex -12.12896666666667 15.874466666666672 0
endloop
endfacet
facet normal 0 0 -1
outer loop
vertex -11.306900000000004 15.428600000000005 0
vertex -12.12896666666667 15.874466666666672 0
vertex -8.485033333333336 15.874466666666672 0
endloop
endfacet
facet normal 0 0 -1
outer loop
vertex 11.306900000000004 15.428600000000005 0
vertex 12.12896666666667 15.874466666666672 0
vertex 12.68776666666667 15.460133333333339 0
endloop
endfacet
facet normal 0 0 -1
outer loop
vertex 11.306900000000004 15.428600000000005 0
vertex 12.68776666666667 15.460133333333339 0
vertex 13.232633333333338 14.966600000000005 0
endloop
endfacet
facet normal 0 0 -1
outer loop
vertex 11.306900000000004 15.428600000000005 0
vertex 13.232633333333338 14.966600000000005 0
vertex 10.000100000000003 14.966600000000005 0
endloop
endfacet
facet normal 0 0 -0.9999999999999999
outer loop
vertex 11.306900000000004 15.428600000000005 0
vertex 10.000100000000003 14.966600000000005 0
vertex 8.485033333333336 15.874466666666672 0
endloop
endfacet
facet normal 0 0 -1
outer loop
vertex 11.306900000000004 15.428600000000005 0
vertex 8.485033333333336 15.874466666666672 0
vertex 12.12896666666667 15.874466666666672 0
endloop
endfacet
facet normal 0 0 -1
outer loop
vertex -12.62836666666667 14.380666666666672 0
vertex -10.000100000000003 14.966600000000005 0
vertex -11.419100000000004 13.914266666666672 0
endloop
endfacet
facet normal 0 0 -1
outer loop
vertex -12.62836666666667 14.380666666666672 0
vertex -11.419100000000004 13.914266666666672 0
vertex -14.348766666666672 13.914266666666672 0
endloop
endfacet
facet normal 0 0 -1
outer loop
vertex -12.62836666666667 14.380666666666672 0
vertex -14.348766666666672 13.914266666666672 0
vertex -14.14196666666667 14.14196666666667 0
endloop
endfacet
facet normal 0 0 -1
outer loop
vertex -12.62836666666667 14.380666666666672 0
vertex -14.14196666666667 14.14196666666667 0
vertex -13.232633333333338 14.966600000000005 0
endloop
endfacet
facet normal 0 0 -1
outer loop
vertex -12.62836666666667 14.380666666666672 0
vertex -13.232633333333338 14.966600000000005 0
vertex -10.000100000000003 14.966600000000005 0
endloop
endfacet
facet normal 0 0 -1
outer loop
vertex 12.62836666666667 14.380666666666672 0
vertex 13.232633333333338 14.966600000000005 0
vertex 14.14196666666667 14.14196666666667 0
endloop
endfacet
facet normal 0 0 -1
outer loop
vertex 12.62836666666667 14.380666666666672 0
vertex 14.14196666666667 14.14196666666667 0
vertex 14.348766666666672 13.914266666666672 0
endloop
endfacet
facet normal 0 0 -1
outer loop
vertex 12.62836666666667 14.380666666666672 0
vertex 14.348766666666672 13.914266666666672 0
vertex 11.419100000000004 13.914266666666672 0
endloop
endfacet
facet normal 0 0 -1
outer loop
vertex 12.62836666666667 14.380666666666672 0
vertex 11.419100000000004 13.914266666666672 0
vertex 10.000100000000003 14.966600000000005 0
endloop
endfacet
facet normal 0 0 -1
outer loop
vertex 12.62836666666667 14.380666666666672 0
vertex 10.000100000000003 14.966600000000005 0
vertex 13.232633333333338 14.966600000000005 0
endloop
endfacet
facet normal 0 0 -1
outer loop
vertex -11.419100000000004 13.914266666666672 0
vertex -12.728100000000003 12.728100000000003 0
vertex -15.423833333333338 12.728100000000003 0
endloop
endfacet
facet normal 0 0 -1
outer loop
vertex -11.419100000000004 13.914266666666672 0
vertex -15.423833333333338 12.728100000000003 0
vertex -14.348766666666672 13.914266666666672 0
endloop
endfacet
facet normal 0 0 -1
outer loop
vertex 14.348766666666672 13.914266666666672 0
vertex 15.423833333333338 12.728100000000003 0
vertex 12.728100000000003 12.728100000000003 0
endloop
endfacet
facet normal 0 0 -1
outer loop
vertex 14.348766666666672 13.914266666666672 0
vertex 12.728100000000003 12.728100000000003 0
vertex 11.419100000000004 13.914266666666672 0
endloop
endfacet
facet normal 0 0 -1
outer loop
vertex -14.785466666666672 12.196433333333337 0
vertex -12.728100000000003 12.728100000000003 0
vertex -13.914266666666672 11.419100000000004 0
endloop
endfacet
facet normal 0 0 -1
outer loop
vertex -14.785466666666672 12.196433333333337 0
vertex -13.914266666666672 11.419100000000004 0
vertex -16.40136666666667 11.419100000000004 0
endloop
endfacet
facet normal 0 0 -1
outer loop
vertex -14.785466666666672 12.196433333333337 0
vertex -16.40136666666667 11.419100000000004 0
vertex -15.460133333333339 12.68776666666667 0
endloop
endfacet
facet normal 0 0 -1
outer loop
vertex -14.785466666666672 12.196433333333337 0
vertex -15.460133333333339 12.68776666666667 0
vertex -15.423833333333338 12.728100000000003 0
endloop
endfacet
facet normal 0 0 -0.9999999999999999
outer loop
vertex -14.785466666666672 12.196433333333337 0
vertex -15.423833333333338 12.728100000000003 0
vertex -12.728100000000003 12.728100000000003 0
endloop
endfacet
facet normal 0 0 -1
outer loop
vertex 14.785466666666672 12.196433333333337 0
vertex 15.423833333333338 12.728100000000003 0
vertex 15.460133333333339 12.68776666666667 0
endloop
endfacet
facet normal 0 0 -1
outer loop
vertex 14.785466666666672 12.196433333333337 0
vertex 15.460133333333339 12.68776666666667 0
vertex 16.40136666666667 11.419100000000004 0
endloop
endfacet
facet normal 0 0 -1
outer loop
vertex 14.785466666666672 12.196433333333337 0
vertex 16.40136666666667 11.419100000000004 0
vertex 13.914266666666672 11.419100000000004 0
endloop
endfacet
facet normal 0 0 -1
outer loop
vertex 14.785466666666672 12.196433333333337 0
vertex 13.914266666666672 11.419100000000004 0
vertex 12.728100000000003 12.728100000000003 0
endloop
endfacet
facet normal 0 0 -0.9999999999999999
outer loop
vertex 14.785466666666672 12.196433333333337 0
vertex 12.728100000000003 12.728100000000003 0
vertex 15.423833333333338 12.728100000000003 0
endloop
endfacet
facet normal 0 0 -1
outer loop
vertex -15.84146666666667 10.789900000000003 0
vertex -13.914266666666672 11.419100000000004 0
vertex -14.966600000000005 10.000100000000003 0
endloop
endfacet
facet normal 0 0 -1
outer loop
vertex -15.84146666666667 10.789900000000003 0
vertex -14.966600000000005 10.000100000000003 0
vertex -17.295300000000005 10.000100000000003 0
endloop
endfacet
facet normal 0 0 -0.9999999999999999
outer loop
vertex -15.84146666666667 10.789900000000003 0
vertex -17.295300000000005 10.000100000000003 0
vertex -16.62943333333334 11.11146666666667 0
endloop
endfacet
facet normal 0 0 -1
outer loop
vertex -15.84146666666667 10.789900000000003 0
vertex -16.62943333333334 11.11146666666667 0
vertex -16.40136666666667 11.419100000000004 0
endloop
endfacet
facet normal 0 0 -1
outer loop
vertex -15.84146666666667 10.789900000000003 0
vertex -16.40136666666667 11.419100000000004 0
vertex -13.914266666666672 11.419100000000004 0
endloop
endfacet
facet normal 0 0 -1
outer loop
vertex 15.84146666666667 10.789900000000003 0
vertex 16.40136666666667 11.419100000000004 0
vertex 16.62943333333334 11.11146666666667 0
endloop
endfacet
facet normal 0 0 -0.9999999999999999
outer loop
vertex 15.84146666666667 10.789900000000003 0
vertex 16.62943333333334 11.11146666666667 0
vertex 17.295300000000005 10.000100000000003 0
endloop
endfacet
facet normal 0 0 -1
outer loop
vertex 15.84146666666667 10.789900000000003 0
vertex 17.295300000000005 10.000100000000003 0
vertex 14.966600000000005 10.000100000000003 0
endloop
endfacet
facet normal 0 0 -1
outer loop
vertex 15.84146666666667 10.789900000000003 0
vertex 14.966600000000005 10.000100000000003 0
vertex 13.914266666666672 11.419100000000004 0
endloop
endfacet
facet normal 0 0 -1
outer loop
vertex 15.84146666666667 10.789900000000003 0
vertex 13.914266666666672 11.419100000000004 0
vertex 16.40136666666667 11.419100000000004 0
endloop
endfacet
facet normal 0 0 -1
outer loop
vertex -16.771700000000006 9.279600000000002 0
vertex -14.966600000000005 10.000100000000003 0
vertex -15.874466666666672 8.485033333333336 0
endloop
endfacet
facet normal 0 0 -1
outer loop
vertex -16.771700000000006 9.279600000000002 0
vertex -15.874466666666672 8.485033333333336 0
vertex -18.08436666666667 8.485033333333336 0
endloop
endfacet
facet normal 0 0 -1
outer loop
vertex -16.771700000000006 9.279600000000002 0
vertex -18.08436666666667 8.485033333333336 0
vertex -17.638500000000004 9.428100000000002 0
endloop
endfacet
facet normal 0 0 -1
outer loop
vertex -16.771700000000006 9.279600000000002 0
vertex -17.638500000000004 9.428100000000002 0
vertex -17.295300000000005 10.000100000000003 0
endloop
endfacet
facet normal 0 0 -1
outer loop
vertex -16.771700000000006 9.279600000000002 0
vertex -17.295300000000005 10.000100000000003 0
vertex -14.966600000000005 10.000100000000003 0
endloop
endfacet
facet normal 0 0 -1
outer loop
vertex 16.771700000000006 9.279600000000002 0
vertex 17.295300000000005 10.000100000000003 0
vertex 17.638500000000004 9.428100000000002 0
endloop
endfacet
facet normal 0 0 -1
outer loop
vertex 16.771700000000006 9.279600000000002 0
vertex 17.638500000000004 9.428100000000002 0
vertex 18.08436666666667 8.485033333333336 0
endloop
endfacet
facet normal 0 0 -1
outer loop
vertex 16.771700000000006 9.279600000000002 0
vertex 18.08436666666667 8.485033333333336 0
vertex 15.874466666666672 8.485033333333336 0
endloop
endfacet
facet normal 0 0 -1
outer loop
vertex 16.771700000000006 9.279600000000002 0
vertex 15.874466666666672 8.485033333333336 0
vertex 14.966600000000005 10.000100000000003 0
endloop
endfacet
facet normal 0 0 -1
outer loop
vertex 16.771700000000006 9.279600000000002 0
vertex 14.966600000000005 10.000100000000003 0
vertex 17.295300000000005 10.000100000000003 0
endloop
endfacet
facet normal 0 0 -1
outer loop
vertex -17.56333333333334 7.680200000000002 0
vertex -15.874466666666672 8.485033333333336 0
vertex -16.629800000000007 6.888200000000002 0
endloop
endfacet
facet normal 0 0 -1
outer loop
vertex -17.56333333333334 7.680200000000002 0
vertex -16.629800000000007 6.888200000000002 0
vertex -18.75133333333334 6.888200000000002 0
endloop
endfacet
facet normal 0 0 -0.9999999999999999
outer loop
vertex -17.56333333333334 7.680200000000002 0
vertex -18.75133333333334 6.888200000000002 0
vertex -18.477433333333337 7.653800000000002 0
endloop
endfacet
facet normal 0 0 -1
outer loop
vertex -17.56333333333334 7.680200000000002 0
vertex -18.477433333333337 7.653800000000002 0
vertex -18.08436666666667 8.485033333333336 0
endloop
endfacet
facet normal 0 0 -1
outer loop
vertex -17.56333333333334 7.680200000000002 0
vertex -18.08436666666667 8.485033333333336 0
vertex -15.874466666666672 8.485033333333336 0
endloop
endfacet
facet normal 0 0 -1
outer loop
vertex 17.56333333333334 7.680200000000002 0
vertex 18.08436666666667 8.485033333333336 0
vertex 18.477433333333337 7.653800000000002 0
endloop
endfacet
facet normal 0 0 -0.9999999999999999
outer loop
vertex 17.56333333333334 7.680200000000002 0
vertex 18.477433333333337 7.653800000000002 0
vertex 18.75133333333334 6.888200000000002 0
endloop
endfacet
facet normal 0 0 -1
outer loop
vertex 17.56333333333334 7.680200000000002 0
vertex 18.75133333333334 6.888200000000002 0
vertex 16.629800000000007 6.888200000000002 0
endloop
endfacet
facet normal 0 0 -1
outer loop
vertex 17.56333333333334 7.680200000000002 0
vertex 16.629800000000007 6.888200000000002 0
vertex 15.874466666666672 8.485033333333336 0
endloop
endfacet
facet normal 0 0 -1
outer loop
vertex 17.56333333333334 7.680200000000002 0
vertex 15.874466666666672 8.485033333333336 0
vertex 18.08436666666667 8.485033333333336 0
endloop
endfacet
facet normal 0 0 -1
outer loop
vertex -18.205733333333338 6.006366666666668 0
vertex -16.629800000000007 6.888200000000002 0
vertex -17.224900000000005 5.225000000000001 0
endloop
endfacet
facet normal 0 0 -0.9999999999999999
outer loop
vertex -18.205733333333338 6.006366666666668 0
vertex -17.224900000000005 5.225000000000001 0
vertex -19.284100000000006 5.225000000000001 0
endloop
endfacet
facet normal 0 0 -1
outer loop
vertex -18.205733333333338 6.006366666666668 0
vertex -19.284100000000006 5.225000000000001 0
vertex -19.138900000000007 5.805800000000001 0
endloop
endfacet
facet normal 0 0 -1
outer loop
vertex -18.205733333333338 6.006366666666668 0
vertex -19.138900000000007 5.805800000000001 0
vertex -18.75133333333334 6.888200000000002 0
endloop
endfacet
facet normal 0 0 -0.9999999999999999
outer loop
vertex -18.205733333333338 6.006366666666668 0
vertex -18.75133333333334 6.888200000000002 0
vertex -16.629800000000007 6.888200000000002 0
endloop
endfacet
facet normal 0 0 -1
outer loop
vertex 18.205733333333338 6.006366666666668 0
vertex 18.75133333333334 6.888200000000002 0
vertex 19.138900000000007 5.805800000000001 0
endloop
endfacet
facet normal 0 0 -1
outer loop
vertex 18.205733333333338 6.006366666666668 0
vertex 19.138900000000007 5.805800000000001 0
vertex 19.284100000000006 5.225000000000001 0
endloop
endfacet
facet normal 0 0 -0.9999999999999999
outer loop
vertex 18.205733333333338 6.006366666666668 0
vertex 19.284100000000006 5.225000000000001 0
vertex 17.224900000000005 5.225000000000001 0
endloop
endfacet
facet normal 0 0 -1
outer loop
vertex 18.205733333333338 6.006366666666668 0
vertex 17.224900000000005 5.225000000000001 0
vertex 16.629800000000007 6.888200000000002 0
endloop
endfacet
facet normal 0 0 -0.9999999999999999
outer loop
vertex 18.205733333333338 6.006366666666668 0
vertex 16.629800000000007 6.888200000000002 0
vertex 18.75133333333334 6.888200000000002 0
endloop
endfacet
facet normal 0 0 -1
outer loop
vertex -18.690466666666673 4.274966666666668 0
vertex -17.224900000000005 5.225000000000001 0
vertex -17.654266666666672 3.511566666666668 0
endloop
endfacet
facet normal 0 0 -0.9999999999999999
outer loop
vertex -18.690466666666673 4.274966666666668 0
vertex -17.654266666666672 3.511566666666668 0
vertex -19.673500000000008 3.511566666666668 0
endloop
endfacet
facet normal 0 0 -1
outer loop
vertex -18.690466666666673 4.274966666666668 0
vertex -19.673500000000008 3.511566666666668 0
vertex -19.615566666666673 3.9017000000000013 0
endloop
endfacet
facet normal 0 0 -1
outer loop
vertex -18.690466666666673 4.274966666666668 0
vertex -19.615566666666673 3.9017000000000013 0
vertex -19.284100000000006 5.225000000000001 0
endloop
endfacet
facet normal 0 0 -1
outer loop
vertex -18.690466666666673 4.274966666666668 0
vertex -19.284100000000006 5.225000000000001 0
vertex -17.224900000000005 5.225000000000001 0
endloop
endfacet
facet normal 0 0 -1
outer loop
vertex 18.690466666666673 4.274966666666668 0
vertex 19.284100000000006 5.225000000000001 0
vertex 19.615566666666673 3.9017000000000013 0
endloop
endfacet
facet normal 0 0 -1
outer loop
vertex 18.690466666666673 4.274966666666668 0
vertex 19.615566666666673 3.9017000000000013 0
vertex 19.673500000000008 3.511566666666668 0
endloop
endfacet
facet normal 0 0 -0.9999999999999999
outer loop
vertex 18.690466666666673 4.274966666666668 0
vertex 19.673500000000008 3.511566666666668 0
vertex 17.654266666666672 3.511566666666668 0
endloop
endfacet
facet normal 0 0 -1
outer loop
vertex 18.690466666666673 4.274966666666668 0
vertex 17.654266666666672 3.511566666666668 0
vertex 17.224900000000005 5.225000000000001 0
endloop
endfacet
facet normal 0 0 -1
outer loop
vertex 18.690466666666673 4.274966666666668 0
vertex 17.224900000000005 5.225000000000001 0
vertex 19.284100000000006 5.225000000000001 0
endloop
endfacet
facet normal 0 0 -1
outer loop
vertex -19.011666666666674 2.502500000000001 0
vertex -17.654266666666672 3.511566666666668 0
vertex -17.913500000000006 1.7644000000000006 0
endloop
endfacet
facet normal 0 0 -1
outer loop
vertex -19.011666666666674 2.502500000000001 0
vertex -17.913500000000006 1.7644000000000006 0
vertex -19.913300000000007 1.7644000000000006 0
endloop
endfacet
facet normal 0 0 -1
outer loop
vertex -19.011666666666674 2.502500000000001 0
vertex -19.913300000000007 1.7644000000000006 0
vertex -19.903766666666673 1.9602000000000006 0
endloop
endfacet
facet normal 0 0 -1
outer loop
vertex -19.011666666666674 2.502500000000001 0
vertex -19.903766666666673 1.9602000000000006 0
vertex -19.673500000000008 3.511566666666668 0
endloop
endfacet
facet normal 0 0 -1
outer loop
vertex -19.011666666666674 2.502500000000001 0
vertex -19.673500000000008 3.511566666666668 0
vertex -17.654266666666672 3.511566666666668 0
endloop
endfacet
facet normal 0 0 -1
outer loop
vertex 19.011666666666674 2.502500000000001 0
vertex 19.673500000000008 3.511566666666668 0
vertex 19.903766666666673 1.9602000000000006 0
endloop
endfacet
facet normal 0 0 -1
outer loop
vertex 19.011666666666674 2.502500000000001 0
vertex 19.903766666666673 1.9602000000000006 0
vertex 19.913300000000007 1.7644000000000006 0
endloop
endfacet
facet normal 0 0 -1
outer loop
vertex 19.011666666666674 2.502500000000001 0
vertex 19.913300000000007 1.7644000000000006 0
vertex 17.913500000000006 1.7644000000000006 0
endloop
endfacet
facet normal 0 0 -1
outer loop
vertex 19.011666666666674 2.502500000000001 0
vertex 17.913500000000006 1.7644000000000006 0
vertex 17.654266666666672 3.511566666666668 0
endloop
endfacet
facet normal 0 0 -1
outer loop
vertex 19.011666666666674 2.502500000000001 0
vertex 17.654266666666672 3.511566666666668 0
vertex 19.673500000000008 3.511566666666668 0
endloop
endfacet
facet normal 0 0 -1
outer loop
vertex -17.913500000000006 1.7644000000000006 0
vertex -18.000033333333338 0 0
vertex -19.99983333333334 0 0
endloop
endfacet
facet normal 0 0 -1
outer loop
vertex -17.913500000000006 1.7644000000000006 0
vertex -19.99983333333334 0 0
vertex -19.913300000000007 1.7644000000000006 0
endloop
endfacet
facet normal 0 0 -1
outer loop
vertex 19.913300000000007 1.7644000000000006 0
vertex 19.99983333333334 0 0
vertex 18.000033333333338 0 0
endloop
endfacet
facet normal 0 0 -1
outer loop
vertex 19.913300000000007 1.7644000000000006 0
vertex 18.000033333333338 0 0
vertex 17.913500000000006 1.7644000000000006 0
endloop
endfacet
facet normal 0 0 -1
outer loop
vertex -18.000033333333338 0 0
vertex -17.913500000000006 -1.7644000000000006 0
vertex -19.913300000000007 -1.7644000000000006 0
endloop
endfacet
facet normal 0 0 -1
outer loop
vertex -18.000033333333338 0 0
vertex -19.913300000000007 -1.7644000000000006 0
vertex -19.99983333333334 0 0
endloop
endfacet
facet normal 0 0 -1
outer loop
vertex 19.99983333333334 0 0
vertex 19.913300000000007 -1.7644000000000006 0
vertex 17.913500000000006 -1.7644000000000006 0
endloop
endfacet
facet normal 0 0 -1
outer loop
vertex 19.99983333333334 0 0
vertex 17.913500000000006 -1.7644000000000006 0
vertex 18.000033333333338 0 0
endloop
endfacet
facet normal 0 0 -1
outer loop
vertex -19.011666666666674 -2.502500000000001 0
vertex -17.913500000000006 -1.7644000000000006 0
vertex -17.654266666666672 -3.511566666666668 0
endloop
endfacet
facet normal 0 0 -1
outer loop
vertex -19.011666666666674 -2.502500000000001 0
vertex -17.654266666666672 -3.511566666666668 0
vertex -19.673500000000008 -3.511566666666668 0
endloop
endfacet
facet normal 0 0 -1
outer loop
vertex -19.011666666666674 -2.502500000000001 0
vertex -19.673500000000008 -3.511566666666668 0
vertex -19.903766666666673 -1.9602000000000006 0
endloop
endfacet
facet normal 0 0 -1
outer loop
vertex -19.011666666666674 -2.502500000000001 0
vertex -19.903766666666673 -1.9602000000000006 0
vertex -19.913300000000007 -1.7644000000000006 0
endloop
endfacet
facet normal 0 0 -1
outer loop
vertex -19.011666666666674 -2.502500000000001 0
vertex -19.913300000000007 -1.7644000000000006 0
vertex -17.913500000000006 -1.7644000000000006 0
endloop
endfacet
facet normal 0 0 -1
outer loop
vertex 19.011666666666674 -2.502500000000001 0
vertex 19.913300000000007 -1.7644000000000006 0
vertex 19.903766666666673 -1.9602000000000006 0
endloop
endfacet
facet normal 0 0 -1
outer loop
vertex 19.011666666666674 -2.502500000000001 0
vertex 19.903766666666673 -1.9602000000000006 0
vertex 19.673500000000008 -3.511566666666668 0
endloop
endfacet
facet normal 0 0 -1
outer loop
vertex 19.011666666666674 -2.502500000000001 0
vertex 19.673500000000008 -3.511566666666668 0
vertex 17.654266666666672 -3.511566666666668 0
endloop
endfacet
facet normal 0 0 -1
outer loop
vertex 19.011666666666674 -2.502500000000001 0
vertex 17.654266666666672 -3.511566666666668 0
vertex 17.913500000000006 -1.7644000000000006 0
endloop
endfacet
facet normal 0 0 -1
outer loop
vertex 19.011666666666674 -2.502500000000001 0
vertex 17.913500000000006 -1.7644000000000006 0
vertex 19.913300000000007 -1.7644000000000006 0
endloop
endfacet
facet normal 0 0 -1
outer loop
vertex -18.690466666666673 -4.274966666666668 0
vertex -17.654266666666672 -3.511566666666668 0
vertex -17.224900000000005 -5.225000000000001 0
endloop
endfacet
facet normal 0 0 -1
outer loop
vertex -18.690466666666673 -4.274966666666668 0
vertex -17.224900000000005 -5.225000000000001 0
vertex -19.284100000000006 -5.225000000000001 0
endloop
endfacet
facet normal 0 0 -1
outer loop
vertex -18.690466666666673 -4.274966666666668 0
vertex -19.284100000000006 -5.225000000000001 0
vertex -19.615566666666673 -3.9017000000000013 0
endloop
endfacet
facet normal 0 0 -1
outer loop
vertex -18.690466666666673 -4.274966666666668 0
vertex -19.615566666666673 -3.9017000000000013 0
vertex -19.673500000000008 -3.511566666666668 0
endloop
endfacet
facet normal 0 0 -0.9999999999999999
outer loop
vertex -18.690466666666673 -4.274966666666668 0
vertex -19.673500000000008 -3.511566666666668 0
vertex -17.654266666666672 -3.511566666666668 0
endloop
endfacet
facet normal 0 0 -1
outer loop
vertex 18.690466666666673 -4.274966666666668 0
vertex 19.673500000000008 -3.511566666666668 0
vertex 19.615566666666673 -3.9017000000000013 0
endloop
endfacet
facet normal 0 0 -1
outer loop
vertex 18.690466666666673 -4.274966666666668 0
vertex 19.615566666666673 -3.9017000000000013 0
vertex 19.284100000000006 -5.225000000000001 0
endloop
endfacet
facet normal 0 0 -1
outer loop
vertex 18.690466666666673 -4.274966666666668 0
vertex 19.284100000000006 -5.225000000000001 0
vertex 17.224900000000005 -5.225000000000001 0
endloop
endfacet
facet normal 0 0 -1
outer loop
vertex 18.690466666666673 -4.274966666666668 0
vertex 17.224900000000005 -5.225000000000001 0
vertex 17.654266666666672 -3.511566666666668 0
endloop
endfacet
facet normal 0 0 -0.9999999999999999
outer loop
vertex 18.690466666666673 -4.274966666666668 0
vertex 17.654266666666672 -3.511566666666668 0
vertex 19.673500000000008 -3.511566666666668 0
endloop
endfacet
facet normal 0 0 -1
outer loop
vertex -18.205733333333338 -6.006366666666668 0
vertex -17.224900000000005 -5.225000000000001 0
vertex -16.629800000000007 -6.888200000000002 0
endloop
endfacet
facet normal 0 0 -0.9999999999999999
outer loop
vertex -18.205733333333338 -6.006366666666668 0
vertex -16.629800000000007 -6.888200000000002 0
vertex -18.75133333333334 -6.888200000000002 0
endloop
endfacet
facet normal 0 0 -1
outer loop
vertex -18.205733333333338 -6.006366666666668 0
vertex -18.75133333333334 -6.888200000000002 0
vertex -19.138900000000007 -5.805800000000001 0
endloop
endfacet
facet normal 0 0 -1
outer loop
vertex -18.205733333333338 -6.006366666666668 0
vertex -19.138900000000007 -5.805800000000001 0
vertex -19.284100000000006 -5.225000000000001 0
endloop
endfacet
facet normal 0 0 -0.9999999999999999
outer loop
vertex -18.205733333333338 -6.006366666666668 0
vertex -19.284100000000006 -5.225000000000001 0
vertex -17.224900000000005 -5.225000000000001 0
endloop
endfacet
facet normal 0 0 -1
outer loop
vertex 18.205733333333338 -6.006366666666668 0
vertex 19.284100000000006 -5.225000000000001 0
vertex 19.138900000000007 -5.805800000000001 0
endloop
endfacet
facet normal 0 0 -1
outer loop
vertex 18.205733333333338 -6.006366666666668 0
vertex 19.138900000000007 -5.805800000000001 0
vertex 18.75133333333334 -6.888200000000002 0
endloop
endfacet
facet normal 0 0 -0.9999999999999999
outer loop
vertex 18.205733333333338 -6.006366666666668 0
vertex 18.75133333333334 -6.888200000000002 0
vertex 16.629800000000007 -6.888200000000002 0
endloop
endfacet
facet normal 0 0 -1
outer loop
vertex 18.205733333333338 -6.006366666666668 0
vertex 16.629800000000007 -6.888200000000002 0
vertex 17.224900000000005 -5.225000000000001 0
endloop
endfacet
facet normal 0 0 -0.9999999999999999
outer loop
vertex 18.205733333333338 -6.006366666666668 0
vertex 17.224900000000005 -5.225000000000001 0
vertex 19.284100000000006 -5.225000000000001 0
endloop
endfacet
facet normal 0 0 -1
outer loop
vertex -17.56333333333334 -7.680200000000002 0
vertex -16.629800000000007 -6.888200000000002 0
vertex -15.874466666666672 -8.485033333333336 0
endloop
endfacet
facet normal 0 0 -1
outer loop
vertex -17.56333333333334 -7.680200000000002 0
vertex -15.874466666666672 -8.485033333333336 0
vertex -18.08436666666667 -8.485033333333336 0
endloop
endfacet
facet normal 0 0 -1
outer loop
vertex -17.56333333333334 -7.680200000000002 0
vertex -18.08436666666667 -8.485033333333336 0
vertex -18.477433333333337 -7.653800000000002 0
endloop
endfacet
facet normal 0 0 -0.9999999999999999
outer loop
vertex -17.56333333333334 -7.680200000000002 0
vertex -18.477433333333337 -7.653800000000002 0
vertex -18.75133333333334 -6.888200000000002 0
endloop
endfacet
facet normal 0 0 -1
outer loop
vertex -17.56333333333334 -7.680200000000002 0
vertex -18.75133333333334 -6.888200000000002 0
vertex -16.629800000000007 -6.888200000000002 0
endloop
endfacet
facet normal 0 0 -0.9999999999999999
outer loop
vertex 17.56333333333334 -7.680200000000002 0
vertex 18.75133333333334 -6.888200000000002 0
vertex 18.477433333333337 -7.653800000000002 0
endloop
endfacet
facet normal 0 0 -1
outer loop
vertex 17.56333333333334 -7.680200000000002 0
vertex 18.477433333333337 -7.653800000000002 0
vertex 18.08436666666667 -8.485033333333336 0
endloop
endfacet
facet normal 0 0 -1
outer loop
vertex 17.56333333333334 -7.680200000000002 0
vertex 18.08436666666667 -8.485033333333336 0
vertex 15.874466666666672 -8.485033333333336 0
endloop
endfacet
facet normal 0 0 -1
outer loop
vertex 17.56333333333334 -7.680200000000002 0
vertex 15.874466666666672 -8.485033333333336 0
vertex 16.629800000000007 -6.888200000000002 0
endloop
endfacet
facet normal 0 0 -1
outer loop
vertex 17.56333333333334 -7.680200000000002 0
vertex 16.629800000000007 -6.888200000000002 0
vertex 18.75133333333334 -6.888200000000002 0
endloop
endfacet
facet normal 0 0 -1
outer loop
vertex -16.771700000000006 -9.279600000000002 0
vertex -15.874466666666672 -8.485033333333336 0
vertex -14.966600000000005 -10.000100000000003 0
endloop
endfacet
facet normal 0 0 -1
outer loop
vertex -16.771700000000006 -9.279600000000002 0
vertex -14.966600000000005 -10.000100000000003 0
vertex -17.295300000000005 -10.000100000000003 0
endloop
endfacet
facet normal 0 0 -1
outer loop
vertex -16.771700000000006 -9.279600000000002 0
vertex -17.295300000000005 -10.000100000000003 0
vertex -17.638500000000004 -9.428100000000002 0
endloop
endfacet
facet normal 0 0 -1
outer loop
vertex -16.771700000000006 -9.279600000000002 0
vertex -17.638500000000004 -9.428100000000002 0
vertex -18.08436666666667 -8.485033333333336 0
endloop
endfacet
facet normal 0 0 -1
outer loop
vertex -16.771700000000006 -9.279600000000002 0
vertex -18.08436666666667 -8.485033333333336 0
vertex -15.874466666666672 -8.485033333333336 0
endloop
endfacet
facet normal 0 0 -1
outer loop
vertex 16.771700000000006 -9.279600000000002 0
vertex 18.08436666666667 -8.485033333333336 0
vertex 17.638500000000004 -9.428100000000002 0
endloop
endfacet
facet normal 0 0 -1
outer loop
vertex 16.771700000000006 -9.279600000000002 0
vertex 17.638500000000004 -9.428100000000002 0
vertex 17.295300000000005 -10.000100000000003 0
endloop
endfacet
facet normal 0 0 -1
outer loop
vertex 16.771700000000006 -9.279600000000002 0
vertex 17.295300000000005 -10.000100000000003 0
vertex 14.966600000000005 -10.000100000000003 0
endloop
endfacet
facet normal 0 0 -1
outer loop
vertex 16.771700000000006 -9.279600000000002 0
vertex 14.966600000000005 -10.000100000000003 0
vertex 15.874466666666672 -8.485033333333336 0
endloop
endfacet
facet normal 0 0 -1
outer loop
vertex 16.771700000000006 -9.279600000000002 0
vertex 15.874466666666672 -8.485033333333336 0
vertex 18.08436666666667 -8.485033333333336 0
endloop
endfacet
facet normal 0 0 -1
outer loop
vertex -15.84146666666667 -10.789900000000003 0
vertex -14.966600000000005 -10.000100000000003 0
vertex -13.914266666666672 -11.419100000000004 0
endloop
endfacet
facet normal 0 0 -1
outer loop
vertex -15.84146666666667 -10.789900000000003 0
vertex -13.914266666666672 -11.419100000000004 0
vertex -16.40136666666667 -11.419100000000004 0
endloop
endfacet
facet normal 0 0 -1
outer loop
vertex -15.84146666666667 -10.789900000000003 0
vertex -16.40136666666667 -11.419100000000004 0
vertex -16.62943333333334 -11.11146666666667 0
endloop
endfacet
facet normal 0 0 -0.9999999999999999
outer loop
vertex -15.84146666666667 -10.789900000000003 0
vertex -16.62943333333334 -11.11146666666667 0
vertex -17.295300000000005 -10.000100000000003 0
endloop
endfacet
facet normal 0 0 -1
outer loop
vertex -15.84146666666667 -10.789900000000003 0
vertex -17.295300000000005 -10.000100000000003 0
vertex -14.966600000000005 -10.000100000000003 0
endloop
endfacet
facet normal 0 0 -0.9999999999999999
outer loop
vertex 15.84146666666667 -10.789900000000003 0
vertex 17.295300000000005 -10.000100000000003 0
vertex 16.62943333333334 -11.11146666666667 0
endloop
endfacet
facet normal 0 0 -1
outer loop
vertex 15.84146666666667 -10.789900000000003 0
vertex 16.62943333333334 -11.11146666666667 0
vertex 16.40136666666667 -11.419100000000004 0
endloop
endfacet
facet normal 0 0 -1
outer loop
vertex 15.84146666666667 -10.789900000000003 0
vertex 16.40136666666667 -11.419100000000004 0
vertex 13.914266666666672 -11.419100000000004 0
endloop
endfacet
facet normal 0 0 -1
outer loop
vertex 15.84146666666667 -10.789900000000003 0
vertex 13.914266666666672 -11.419100000000004 0
vertex 14.966600000000005 -10.000100000000003 0
endloop
endfacet
facet normal 0 0 -1
outer loop
vertex 15.84146666666667 -10.789900000000003 0
vertex 14.966600000000005 -10.000100000000003 0
vertex 17.295300000000005 -10.000100000000003 0
endloop
endfacet
facet normal 0 0 -1
outer loop
vertex -14.785466666666672 -12.196433333333337 0
vertex -13.914266666666672 -11.419100000000004 0
vertex -12.728100000000003 -12.728100000000003 0
endloop
endfacet
facet normal 0 0 -0.9999999999999999
outer loop
vertex -14.785466666666672 -12.196433333333337 0
vertex -12.728100000000003 -12.728100000000003 0
vertex -15.423833333333338 -12.728100000000003 0
endloop
endfacet
facet normal 0 0 -1
outer loop
vertex -14.785466666666672 -12.196433333333337 0
vertex -15.423833333333338 -12.728100000000003 0
vertex -15.460133333333339 -12.68776666666667 0
endloop
endfacet
facet normal 0 0 -1
outer loop
vertex -14.785466666666672 -12.196433333333337 0
vertex -15.460133333333339 -12.68776666666667 0
vertex -16.40136666666667 -11.419100000000004 0
endloop
endfacet
facet normal 0 0 -1
outer loop
vertex -14.785466666666672 -12.196433333333337 0
vertex -16.40136666666667 -11.419100000000004 0
vertex -13.914266666666672 -11.419100000000004 0
endloop
endfacet
facet normal 0 0 -1
outer loop
vertex 14.785466666666672 -12.196433333333337 0
vertex 16.40136666666667 -11.419100000000004 0
vertex 15.460133333333339 -12.68776666666667 0
endloop
endfacet
facet normal 0 0 -1
outer loop
vertex 14.785466666666672 -12.196433333333337 0
vertex 15.460133333333339 -12.68776666666667 0
vertex 15.423833333333338 -12.728100000000003 0
endloop
endfacet
facet normal 0 0 -0.9999999999999999
outer loop
vertex 14.785466666666672 -12.196433333333337 0
vertex 15.423833333333338 -12.728100000000003 0
vertex 12.728100000000003 -12.728100000000003 0
endloop
endfacet
facet normal 0 0 -1
outer loop
vertex 14.785466666666672 -12.196433333333337 0
vertex 12.728100000000003 -12.728100000000003 0
vertex 13.914266666666672 -11.419100000000004 0
endloop
endfacet
facet normal 0 0 -1
outer loop
vertex 14.785466666666672 -12.196433333333337 0
vertex 13.914266666666672 -11.419100000000004 0
vertex 16.40136666666667 -11.419100000000004 0
endloop
endfacet
facet normal 0 0 -1
outer loop
vertex -12.728100000000003 -12.728100000000003 0
vertex -11.419100000000004 -13.914266666666672 0
vertex -14.348766666666672 -13.914266666666672 0
endloop
endfacet
facet normal 0 0 -1
outer loop
vertex -12.728100000000003 -12.728100000000003 0
vertex -14.348766666666672 -13.914266666666672 0
vertex -15.423833333333338 -12.728100000000003 0
endloop
endfacet
facet normal 0 0 -1
outer loop
vertex 15.423833333333338 -12.728100000000003 0
vertex 14.348766666666672 -13.914266666666672 0
vertex 11.419100000000004 -13.914266666666672 0
endloop
endfacet
facet normal 0 0 -1
outer loop
vertex 15.423833333333338 -12.728100000000003 0
vertex 11.419100000000004 -13.914266666666672 0
vertex 12.728100000000003 -12.728100000000003 0
endloop
endfacet
facet normal 0 0 -1
outer loop
vertex -12.62836666666667 -14.380666666666672 0
vertex -11.419100000000004 -13.914266666666672 0
vertex -10.000100000000003 -14.966600000000005 0
endloop
endfacet
facet normal 0 0 -1
outer loop
vertex -12.62836666666667 -14.380666666666672 0
vertex -10.000100000000003 -14.966600000000005 0
vertex -13.232633333333338 -14.966600000000005 0
endloop
endfacet
facet normal 0 0 -1
outer loop
vertex -12.62836666666667 -14.380666666666672 0
vertex -13.232633333333338 -14.966600000000005 0
vertex -14.14196666666667 -14.14196666666667 0
endloop
endfacet
facet normal 0 0 -1
outer loop
vertex -12.62836666666667 -14.380666666666672 0
vertex -14.14196666666667 -14.14196666666667 0
vertex -14.348766666666672 -13.914266666666672 0
endloop
endfacet
facet normal 0 0 -1
outer loop
vertex -12.62836666666667 -14.380666666666672 0
vertex -14.348766666666672 -13.914266666666672 0
vertex -11.419100000000004 -13.914266666666672 0
endloop
endfacet
facet normal 0 0 -1
outer loop
vertex 12.62836666666667 -14.380666666666672 0
vertex 14.348766666666672 -13.914266666666672 0
vertex 14.14196666666667 -14.14196666666667 0
endloop
endfacet
facet normal 0 0 -1
outer loop
vertex 12.62836666666667 -14.380666666666672 0
vertex 14.14196666666667 -14.14196666666667 0
vertex 13.232633333333338 -14.966600000000005 0
endloop
endfacet
facet normal 0 0 -1
outer loop
vertex 12.62836666666667 -14.380666666666672 0
vertex 13.232633333333338 -14.966600000000005 0
vertex 10.000100000000003 -14.966600000000005 0
endloop
endfacet
facet normal 0 0 -1
outer loop
vertex 12.62836666666667 -14.380666666666672 0
vertex 10.000100000000003 -14.966600000000005 0
vertex 11.419100000000004 -13.914266666666672 0
endloop
endfacet
facet normal 0 0 -1
outer loop
vertex 12.62836666666667 -14.380666666666672 0
vertex 11.419100000000004 -13.914266666666672 0
vertex 14.348766666666672 -13.914266666666672 0
endloop
endfacet
facet normal 0 0 -0.9999999999999999
outer loop
vertex -11.306900000000004 -15.428600000000005 0
vertex -10.000100000000003 -14.966600000000005 0
vertex -8.485033333333336 -15.874466666666672 0
endloop
endfacet
facet normal 0 0 -1
outer loop
vertex -11.306900000000004 -15.428600000000005 0
vertex -8.485033333333336 -15.874466666666672 0
vertex -12.12896666666667 -15.874466666666672 0
endloop
endfacet
facet normal 0 0 -1
outer loop
vertex -11.306900000000004 -15.428600000000005 0
vertex -12.12896666666667 -15.874466666666672 0
vertex -12.68776666666667 -15.460133333333339 0
endloop
endfacet
facet normal 0 0 -1
outer loop
vertex -11.306900000000004 -15.428600000000005 0
vertex -12.68776666666667 -15.460133333333339 0
vertex -13.232633333333338 -14.966600000000005 0
endloop
endfacet
facet normal 0 0 -1
outer loop
vertex -11.306900000000004 -15.428600000000005 0
vertex -13.232633333333338 -14.966600000000005 0
vertex -10.000100000000003 -14.966600000000005 0
endloop
endfacet
facet normal 0 0 -1
outer loop
vertex 11.306900000000004 -15.428600000000005 0
vertex 13.232633333333338 -14.966600000000005 0
vertex 12.68776666666667 -15.460133333333339 0
endloop
endfacet
facet normal 0 0 -1
outer loop
vertex 11.306900000000004 -15.428600000000005 0
vertex 12.68776666666667 -15.460133333333339 0
vertex 12.12896666666667 -15.874466666666672 0
endloop
endfacet
facet normal 0 0 -1
outer loop
vertex 11.306900000000004 -15.428600000000005 0
vertex 12.12896666666667 -15.874466666666672 0
vertex 8.485033333333336 -15.874466666666672 0
endloop
endfacet
facet normal 0 0 -0.9999999999999999
outer loop
vertex 11.306900000000004 -15.428600000000005 0
vertex 8.485033333333336 -15.874466666666672 0
vertex 10.000100000000003 -14.966600000000005 0
endloop
endfacet
facet normal 0 0 -1
outer loop
vertex 11.306900000000004 -15.428600000000005 0
vertex 10.000100000000003 -14.966600000000005 0
vertex 13.232633333333338 -14.966600000000005 0
endloop
endfacet
facet normal 0 0 -1
outer loop
vertex -9.944733333333337 -16.327666666666673 0
vertex -8.485033333333336 -15.874466666666672 0
vertex -6.888200000000002 -16.629800000000007 0
endloop
endfacet
facet normal 0 0 -1
outer loop
vertex -9.944733333333337 -16.327666666666673 0
vertex -6.888200000000002 -16.629800000000007 0
vertex -11.110733333333338 -16.629800000000007 0
endloop
endfacet
facet normal 0 0 -1
outer loop
vertex -9.944733333333337 -16.327666666666673 0
vertex -11.110733333333338 -16.629800000000007 0
vertex -11.11146666666667 -16.62943333333334 0
endloop
endfacet
facet normal 0 0 -1
outer loop
vertex -9.944733333333337 -16.327666666666673 0
vertex -11.11146666666667 -16.62943333333334 0
vertex -12.12896666666667 -15.874466666666672 0
endloop
endfacet
facet normal 0 0 -1
outer loop
vertex -9.944733333333337 -16.327666666666673 0
vertex -12.12896666666667 -15.874466666666672 0
vertex -8.485033333333336 -15.874466666666672 0
endloop
endfacet
facet normal 0 0 -1
outer loop
vertex 9.944733333333337 -16.327666666666673 0
vertex 12.12896666666667 -15.874466666666672 0
vertex 11.11146666666667 -16.62943333333334 0
endloop
endfacet
facet normal 0 0 -1
outer loop
vertex 9.944733333333337 -16.327666666666673 0
vertex 11.11146666666667 -16.62943333333334 0
vertex 11.110733333333338 -16.629800000000007 0
endloop
endfacet
facet normal 0 0 -1
outer loop
vertex 9.944733333333337 -16.327666666666673 0
vertex 11.110733333333338 -16.629800000000007 0
vertex 6.888200000000002 -16.629800000000007 0
endloop
endfacet
facet normal 0 0 -1
outer loop
vertex 9.944733333333337 -16.327666666666673 0
vertex 6.888200000000002 -16.629800000000007 0
vertex 8.485033333333336 -15.874466666666672 0
endloop
endfacet
facet normal 0 0 -1
outer loop
vertex 9.944733333333337 -16.327666666666673 0
vertex 8.485033333333336 -15.874466666666672 0
vertex 12.12896666666667 -15.874466666666672 0
endloop
endfacet
facet normal 0 0 -1
outer loop
vertex -6.888200000000002 -16.629800000000007 0
vertex -5.225000000000001 -17.224900000000005 0
vertex -10.117800000000003 -17.224900000000005 0
endloop
endfacet
facet normal 0 0 -1
outer loop
vertex -6.888200000000002 -16.629800000000007 0
vertex -10.117800000000003 -17.224900000000005 0
vertex -11.110733333333338 -16.629800000000007 0
endloop
endfacet
facet normal 0 0 -1
outer loop
vertex 11.110733333333338 -16.629800000000007 0
vertex 10.117800000000003 -17.224900000000005 0
vertex 5.225000000000001 -17.224900000000005 0
endloop
endfacet
facet normal 0 0 -1
outer loop
vertex 11.110733333333338 -16.629800000000007 0
vertex 5.225000000000001 -17.224900000000005 0
vertex 6.888200000000002 -16.629800000000007 0
endloop
endfacet
facet normal 0 0 -1
outer loop
vertex -7.535366666666669 -17.47936666666667 0
vertex -5.225000000000001 -17.224900000000005 0
vertex -3.511566666666668 -17.654266666666672 0
endloop
endfacet
facet normal 0 0 -1
outer loop
vertex -7.535366666666669 -17.47936666666667 0
vertex -3.511566666666668 -17.654266666666672 0
vertex -9.394733333333336 -17.654266666666672 0
endloop
endfacet
facet normal 0 0 -1
outer loop
vertex -7.535366666666669 -17.47936666666667 0
vertex -9.394733333333336 -17.654266666666672 0
vertex -9.428100000000002 -17.638500000000004 0
endloop
endfacet
facet normal 0 0 -1
outer loop
vertex -7.535366666666669 -17.47936666666667 0
vertex -9.428100000000002 -17.638500000000004 0
vertex -10.117800000000003 -17.224900000000005 0
endloop
endfacet
facet normal 0 0 -1
outer loop
vertex -7.535366666666669 -17.47936666666667 0
vertex -10.117800000000003 -17.224900000000005 0
vertex -5.225000000000001 -17.224900000000005 0
endloop
endfacet
facet normal 0 0 -1
outer loop
vertex 7.535366666666669 -17.47936666666667 0
vertex 10.117800000000003 -17.224900000000005 0
vertex 9.428100000000002 -17.638500000000004 0
endloop
endfacet
facet normal 0 0 -1
outer loop
vertex 7.535366666666669 -17.47936666666667 0
vertex 9.428100000000002 -17.638500000000004 0
vertex 9.394733333333336 -17.654266666666672 0
endloop
endfacet
facet normal 0 0 -1
outer loop
vertex 7.535366666666669 -17.47936666666667 0
vertex 9.394733333333336 -17.654266666666672 0
vertex 3.511566666666668 -17.654266666666672 0
endloop
endfacet
facet normal 0 0 -1
outer loop
vertex 7.535366666666669 -17.47936666666667 0
vertex 3.511566666666668 -17.654266666666672 0
vertex 5.225000000000001 -17.224900000000005 0
endloop
endfacet
facet normal 0 0 -1
outer loop
vertex 7.535366666666669 -17.47936666666667 0
vertex 5.225000000000001 -17.224900000000005 0
vertex 10.117800000000003 -17.224900000000005 0
endloop
endfacet
facet normal 0 0 -1
outer loop
vertex -3.511566666666668 -17.654266666666672 0
vertex -1.7644000000000006 -17.913500000000006 0
vertex -8.84656666666667 -17.913500000000006 0
endloop
endfacet
facet normal 0 0 -1
outer loop
vertex -3.511566666666668 -17.654266666666672 0
vertex -8.84656666666667 -17.913500000000006 0
vertex -9.394733333333336 -17.654266666666672 0
endloop
endfacet
facet normal 0 0 -0.9999999999999999
outer loop
vertex 9.394733333333336 -17.654266666666672 0
vertex 8.84656666666667 -17.913500000000006 0
vertex 1.7644000000000006 -17.913500000000006 0
endloop
endfacet
facet normal 0 0 -1
outer loop
vertex 9.394733333333336 -17.654266666666672 0
vertex 1.7644000000000006 -17.913500000000006 0
vertex 3.511566666666668 -17.654266666666672 0
endloop
endfacet
facet normal 0 0 -1
outer loop
vertex -1.7644000000000006 -17.913500000000006 0
vertex 0 -18.000033333333338 0
vertex -8.663600000000002 -18.000033333333338 0
endloop
endfacet
facet normal 0 0 -1
outer loop
vertex -1.7644000000000006 -17.913500000000006 0
vertex -8.663600000000002 -18.000033333333338 0
vertex -8.84656666666667 -17.913500000000006 0
endloop
endfacet
facet normal 0 0 -1
outer loop
vertex 8.84656666666667 -17.913500000000006 0
vertex 8.663600000000002 -18.000033333333338 0
vertex 0 -18.000033333333338 0
endloop
endfacet
facet normal 0 0 -1
outer loop
vertex 8.84656666666667 -17.913500000000006 0
vertex 0 -18.000033333333338 0
vertex 1.7644000000000006 -17.913500000000006 0
endloop
endfacet
facet normal 0 0 -1
outer loop
vertex 0 -19.022666666666673 0
vertex 0 -18.000033333333338 0
vertex 8.663600000000002 -18.000033333333338 0
endloop
endfacet
facet normal 0 0 -1
outer loop
vertex 0 -19.022666666666673 0
vertex 8.663600000000002 -18.000033333333338 0
vertex 7.653800000000002 -18.477433333333337 0
endloop
endfacet
facet normal 0 0 -1
outer loop
vertex 0 -19.022666666666673 0
vertex 7.653800000000002 -18.477433333333337 0
vertex 5.805800000000001 -19.138900000000007 0
endloop
endfacet
facet normal 0 0 -1
outer loop
vertex 0 -19.022666666666673 0
vertex 5.805800000000001 -19.138900000000007 0
vertex 3.9017000000000013 -19.615566666666673 0
endloop
endfacet
facet normal 0 0 -1
outer loop
vertex 0 -19.022666666666673 0
vertex 3.9017000000000013 -19.615566666666673 0
vertex 1.9602000000000006 -19.903766666666673 0
endloop
endfacet
facet normal 0 0 -1
outer loop
vertex 0 -19.022666666666673 0
vertex 1.9602000000000006 -19.903766666666673 0
vertex 0 -19.99983333333334 0
endloop
endfacet
facet normal 0 0 -1
outer loop
vertex 0 -19.022666666666673 0
vertex 0 -19.99983333333334 0
vertex -1.9602000000000006 -19.903766666666673 0
endloop
endfacet
facet normal 0 0 -1
outer loop
vertex 0 -19.022666666666673 0
vertex -1.9602000000000006 -19.903766666666673 0
vertex -3.9017000000000013 -19.615566666666673 0
endloop
endfacet
facet normal 0 0 -1
outer loop
vertex 0 -19.022666666666673 0
vertex -3.9017000000000013 -19.615566666666673 0
vertex -5.805800000000001 -19.138900000000007 0
endloop
endfacet
facet normal 0 0 -1
outer loop
vertex 0 -19.022666666666673 0
vertex -5.805800000000001 -19.138900000000007 0
vertex -7.653800000000002 -18.477433333333337 0
endloop
endfacet
facet normal 0 0 -1
outer loop
vertex 0 -19.022666666666673 0
vertex -7.653800000000002 -18.477433333333337 0
vertex -8.663600000000002 -18.000033333333338 0
endloop
endfacet
facet normal 0 0 -1
outer loop
vertex 0 -19.022666666666673 0
vertex -8.663600000000002 -18.000033333333338 0
vertex 0 -18.000033333333338 0
endloop
endfacet
facet normal 0 0 1
outer loop
vertex 0 18.046600000000005 29.999933333333342
vertex -1.8623000000000005 18.908633333333338 29.999933333333342
vertex -3.7066333333333343 18.635100000000005 29.999933333333342
endloop
endfacet
facet normal 0 0 1
outer loop
vertex 0 18.046600000000005 29.999933333333342
vertex -3.7066333333333343 18.635100000000005 29.999933333333342
vertex -5.515400000000001 18.181900000000006 29.999933333333342
endloop
endfacet
facet normal 0 0 1
outer loop
vertex 0 18.046600000000005 29.999933333333342
vertex -5.515400000000001 18.181900000000006 29.999933333333342
vertex -7.271000000000003 17.553800000000006 29.999933333333342
endloop
endfacet
facet normal 0 0 1
outer loop
vertex 0 18.046600000000005 29.999933333333342
vertex -7.271000000000003 17.553800000000006 29.999933333333342
vertex -8.44176666666667 17.000133333333338 29.999933333333342
endloop
endfacet
facet normal 0 0 1
outer loop
vertex 0 18.046600000000005 29.999933333333342
vertex -8.44176666666667 17.000133333333338 29.999933333333342
vertex 0 17.000133333333338 29.999933333333342
endloop
endfacet
facet normal 0 0 1
outer loop
vertex 0 18.046600000000005 29.999933333333342
vertex 0 17.000133333333338 29.999933333333342
vertex 8.44176666666667 17.000133333333338 29.999933333333342
endloop
endfacet
facet normal 0 0 1
outer loop
vertex 0 18.046600000000005 29.999933333333342
vertex 8.44176666666667 17.000133333333338 29.999933333333342
vertex 7.271000000000003 17.553800000000006 29.999933333333342
endloop
endfacet
facet normal 0 0 1
outer loop
vertex 0 18.046600000000005 29.999933333333342
vertex 7.271000000000003 17.553800000000006 29.999933333333342
vertex 5.515400000000001 18.181900000000006 29.999933333333342
endloop
endfacet
facet normal 0 0 1
outer loop
vertex 0 18.046600000000005 29.999933333333342
vertex 5.515400000000001 18.181900000000006 29.999933333333342
vertex 3.7066333333333343 18.635100000000005 29.999933333333342
endloop
endfacet
facet normal 0 0 1
outer loop
vertex 0 18.046600000000005 29.999933333333342
vertex 3.7066333333333343 18.635100000000005 29.999933333333342
vertex 1.8623000000000005 18.908633333333338 29.999933333333342
endloop
endfacet
facet normal 0 0 1
outer loop
vertex 0 18.046600000000005 29.999933333333342
vertex 1.8623000000000005 18.908633333333338 29.999933333333342
vertex 0 18.99993333333334 29.999933333333342
endloop
endfacet
facet normal 0 0 1
outer loop
vertex 0 18.046600000000005 29.999933333333342
vertex 0 18.99993333333334 29.999933333333342
vertex -1.8623000000000005 18.908633333333338 29.999933333333342
endloop
endfacet
facet normal 0 0 0.9999999999999999
outer loop
vertex 0 17.000133333333338 29.999933333333342
vertex 1.666133333333334 16.918000000000006 29.999933333333342
vertex 8.614833333333335 16.918000000000006 29.999933333333342
endloop
endfacet
facet normal 0 0 1
outer loop
vertex 0 17.000133333333338 29.999933333333342
vertex 8.614833333333335 16.918000000000006 29.999933333333342
vertex 8.44176666666667 17.000133333333338 29.999933333333342
endloop
endfacet
facet normal 0 0 0.9999999999999999
outer loop
vertex -8.44176666666667 17.000133333333338 29.999933333333342
vertex -8.614833333333335 16.918000000000006 29.999933333333342
vertex -1.666133333333334 16.918000000000006 29.999933333333342
endloop
endfacet
facet normal 0 0 1
outer loop
vertex -8.44176666666667 17.000133333333338 29.999933333333342
vertex -1.666133333333334 16.918000000000006 29.999933333333342
vertex 0 17.000133333333338 29.999933333333342
endloop
endfacet
facet normal 0 0 1
outer loop
vertex 6.329766666666669 16.78783333333334 29.999933333333342
vertex 1.666133333333334 16.918000000000006 29.999933333333342
vertex 3.316500000000001 16.67343333333334 29.999933333333342
endloop
endfacet
facet normal 0 0 1
outer loop
vertex 6.329766666666669 16.78783333333334 29.999933333333342
vertex 3.316500000000001 16.67343333333334 29.999933333333342
vertex 9.09516666666667 16.67343333333334 29.999933333333342
endloop
endfacet
facet normal 0 0 0.9999999999999999
outer loop
vertex 6.329766666666669 16.78783333333334 29.999933333333342
vertex 9.09516666666667 16.67343333333334 29.999933333333342
vertex 8.956566666666669 16.75666666666667 29.999933333333342
endloop
endfacet
facet normal 0 0 1
outer loop
vertex 6.329766666666669 16.78783333333334 29.999933333333342
vertex 8.956566666666669 16.75666666666667 29.999933333333342
vertex 8.614833333333335 16.918000000000006 29.999933333333342
endloop
endfacet
facet normal 0 0 1
outer loop
vertex 6.329766666666669 16.78783333333334 29.999933333333342
vertex 8.614833333333335 16.918000000000006 29.999933333333342
vertex 1.666133333333334 16.918000000000006 29.999933333333342
endloop
endfacet
facet normal 0 0 1
outer loop
vertex -6.329766666666669 16.78783333333334 29.999933333333342
vertex -8.614833333333335 16.918000000000006 29.999933333333342
vertex -8.956566666666669 16.75666666666667 29.999933333333342
endloop
endfacet
facet normal 0 0 0.9999999999999999
outer loop
vertex -6.329766666666669 16.78783333333334 29.999933333333342
vertex -8.956566666666669 16.75666666666667 29.999933333333342
vertex -9.09516666666667 16.67343333333334 29.999933333333342
endloop
endfacet
facet normal 0 0 1
outer loop
vertex -6.329766666666669 16.78783333333334 29.999933333333342
vertex -9.09516666666667 16.67343333333334 29.999933333333342
vertex -3.316500000000001 16.67343333333334 29.999933333333342
endloop
endfacet
facet normal 0 0 1
outer loop
vertex -6.329766666666669 16.78783333333334 29.999933333333342
vertex -3.316500000000001 16.67343333333334 29.999933333333342
vertex -1.666133333333334 16.918000000000006 29.999933333333342
endloop
endfacet
facet normal 0 0 1
outer loop
vertex -6.329766666666669 16.78783333333334 29.999933333333342
vertex -1.666133333333334 16.918000000000006 29.999933333333342
vertex -8.614833333333335 16.918000000000006 29.999933333333342
endloop
endfacet
facet normal 0 0 1
outer loop
vertex 3.316500000000001 16.67343333333334 29.999933333333342
vertex 4.934966666666668 16.267900000000004 29.999933333333342
vertex 9.77166666666667 16.267900000000004 29.999933333333342
endloop
endfacet
facet normal 0 0 1
outer loop
vertex 3.316500000000001 16.67343333333334 29.999933333333342
vertex 9.77166666666667 16.267900000000004 29.999933333333342
vertex 9.09516666666667 16.67343333333334 29.999933333333342
endloop
endfacet
facet normal 0 0 1
outer loop
vertex -9.09516666666667 16.67343333333334 29.999933333333342
vertex -9.77166666666667 16.267900000000004 29.999933333333342
vertex -4.934966666666668 16.267900000000004 29.999933333333342
endloop
endfacet
facet normal 0 0 1
outer loop
vertex -9.09516666666667 16.67343333333334 29.999933333333342
vertex -4.934966666666668 16.267900000000004 29.999933333333342
vertex -3.316500000000001 16.67343333333334 29.999933333333342
endloop
endfacet
facet normal 0 0 1
outer loop
vertex 8.489800000000002 15.948900000000005 29.999933333333342
vertex 4.934966666666668 16.267900000000004 29.999933333333342
vertex 6.505766666666669 15.705800000000005 29.999933333333342
endloop
endfacet
facet normal 0 0 1
outer loop
vertex 8.489800000000002 15.948900000000005 29.999933333333342
vertex 6.505766666666669 15.705800000000005 29.999933333333342
vertex 10.679900000000004 15.705800000000005 29.999933333333342
endloop
endfacet
facet normal 0 0 1
outer loop
vertex 8.489800000000002 15.948900000000005 29.999933333333342
vertex 10.679900000000004 15.705800000000005 29.999933333333342
vertex 10.55596666666667 15.797833333333339 29.999933333333342
endloop
endfacet
facet normal 0 0 1
outer loop
vertex 8.489800000000002 15.948900000000005 29.999933333333342
vertex 10.55596666666667 15.797833333333339 29.999933333333342
vertex 9.77166666666667 16.267900000000004 29.999933333333342
endloop
endfacet
facet normal 0 0 0.9999999999999999
outer loop
vertex 8.489800000000002 15.948900000000005 29.999933333333342
vertex 9.77166666666667 16.267900000000004 29.999933333333342
vertex 4.934966666666668 16.267900000000004 29.999933333333342
endloop
endfacet
facet normal 0 0 1
outer loop
vertex -8.489800000000002 15.948900000000005 29.999933333333342
vertex -9.77166666666667 16.267900000000004 29.999933333333342
vertex -10.55596666666667 15.797833333333339 29.999933333333342
endloop
endfacet
facet normal 0 0 1
outer loop
vertex -8.489800000000002 15.948900000000005 29.999933333333342
vertex -10.55596666666667 15.797833333333339 29.999933333333342
vertex -10.679900000000004 15.705800000000005 29.999933333333342
endloop
endfacet
facet normal 0 0 1
outer loop
vertex -8.489800000000002 15.948900000000005 29.999933333333342
vertex -10.679900000000004 15.705800000000005 29.999933333333342
vertex -6.505766666666669 15.705800000000005 29.999933333333342
endloop
endfacet
facet normal 0 0 1
outer loop
vertex -8.489800000000002 15.948900000000005 29.999933333333342
vertex -6.505766666666669 15.705800000000005 29.999933333333342
vertex -4.934966666666668 16.267900000000004 29.999933333333342
endloop
endfacet
facet normal 0 0 0.9999999999999999
outer loop
vertex -8.489800000000002 15.948900000000005 29.999933333333342
vertex -4.934966666666668 16.267900000000004 29.999933333333342
vertex -9.77166666666667 16.267900000000004 29.999933333333342
endloop
endfacet
facet normal 0 0 1
outer loop
vertex 6.505766666666669 15.705800000000005 29.999933333333342
vertex 8.013866666666669 14.992633333333337 29.999933333333342
vertex 11.641666666666671 14.992633333333337 29.999933333333342
endloop
endfacet
facet normal 0 0 1
outer loop
vertex 6.505766666666669 15.705800000000005 29.999933333333342
vertex 11.641666666666671 14.992633333333337 29.999933333333342
vertex 10.679900000000004 15.705800000000005 29.999933333333342
endloop
endfacet
facet normal 0 0 1
outer loop
vertex -10.679900000000004 15.705800000000005 29.999933333333342
vertex -11.641666666666671 14.992633333333337 29.999933333333342
vertex -8.013866666666669 14.992633333333337 29.999933333333342
endloop
endfacet
facet normal 0 0 1
outer loop
vertex -10.679900000000004 15.705800000000005 29.999933333333342
vertex -8.013866666666669 14.992633333333337 29.999933333333342
vertex -6.505766666666669 15.705800000000005 29.999933333333342
endloop
endfacet
facet normal 0 0 1
outer loop
vertex 10.763133333333336 14.58856666666667 29.999933333333342
vertex 8.013866666666669 14.992633333333337 29.999933333333342
vertex 9.444600000000003 14.135000000000005 29.999933333333342
endloop
endfacet
facet normal 0 0 1
outer loop
vertex 10.763133333333336 14.58856666666667 29.999933333333342
vertex 9.444600000000003 14.135000000000005 29.999933333333342
vertex 12.662833333333337 14.135000000000005 29.999933333333342
endloop
endfacet
facet normal 0 0 1
outer loop
vertex 10.763133333333336 14.58856666666667 29.999933333333342
vertex 12.662833333333337 14.135000000000005 29.999933333333342
vertex 12.053433333333338 14.687200000000004 29.999933333333342
endloop
endfacet
facet normal 0 0 0.9999999999999999
outer loop
vertex 10.763133333333336 14.58856666666667 29.999933333333342
vertex 12.053433333333338 14.687200000000004 29.999933333333342
vertex 11.641666666666671 14.992633333333337 29.999933333333342
endloop
endfacet
facet normal 0 0 1
outer loop
vertex 10.763133333333336 14.58856666666667 29.999933333333342
vertex 11.641666666666671 14.992633333333337 29.999933333333342
vertex 8.013866666666669 14.992633333333337 29.999933333333342
endloop
endfacet
facet normal 0 0 0.9999999999999999
outer loop
vertex -10.763133333333336 14.58856666666667 29.999933333333342
vertex -11.641666666666671 14.992633333333337 29.999933333333342
vertex -12.053433333333338 14.687200000000004 29.999933333333342
endloop
endfacet
facet normal 0 0 1
outer loop
vertex -10.763133333333336 14.58856666666667 29.999933333333342
vertex -12.053433333333338 14.687200000000004 29.999933333333342
vertex -12.662833333333337 14.135000000000005 29.999933333333342
endloop
endfacet
facet normal 0 0 1
outer loop
vertex -10.763133333333336 14.58856666666667 29.999933333333342
vertex -12.662833333333337 14.135000000000005 29.999933333333342
vertex -9.444600000000003 14.135000000000005 29.999933333333342
endloop
endfacet
facet normal 0 0 1
outer loop
vertex -10.763133333333336 14.58856666666667 29.999933333333342
vertex -9.444600000000003 14.135000000000005 29.999933333333342
vertex -8.013866666666669 14.992633333333337 29.999933333333342
endloop
endfacet
facet normal 0 0 1
outer loop
vertex -10.763133333333336 14.58856666666667 29.999933333333342
vertex -8.013866666666669 14.992633333333337 29.999933333333342
vertex -11.641666666666671 14.992633333333337 29.999933333333342
endloop
endfacet
facet normal 0 0 1
outer loop
vertex 12.00576666666667 13.597466666666671 29.999933333333342
vertex 9.444600000000003 14.135000000000005 29.999933333333342
vertex 10.78476666666667 13.141333333333337 29.999933333333342
endloop
endfacet
facet normal 0 0 1
outer loop
vertex 12.00576666666667 13.597466666666671 29.999933333333342
vertex 10.78476666666667 13.141333333333337 29.999933333333342
vertex 13.701233333333338 13.141333333333337 29.999933333333342
endloop
endfacet
facet normal 0 0 1
outer loop
vertex 12.00576666666667 13.597466666666671 29.999933333333342
vertex 13.701233333333338 13.141333333333337 29.999933333333342
vertex 13.435033333333337 13.435033333333337 29.999933333333342
endloop
endfacet
facet normal 0 0 1
outer loop
vertex 12.00576666666667 13.597466666666671 29.999933333333342
vertex 13.435033333333337 13.435033333333337 29.999933333333342
vertex 12.662833333333337 14.135000000000005 29.999933333333342
endloop
endfacet
facet normal 0 0 1
outer loop
vertex 12.00576666666667 13.597466666666671 29.999933333333342
vertex 12.662833333333337 14.135000000000005 29.999933333333342
vertex 9.444600000000003 14.135000000000005 29.999933333333342
endloop
endfacet
facet normal 0 0 1
outer loop
vertex -12.00576666666667 13.597466666666671 29.999933333333342
vertex -12.662833333333337 14.135000000000005 29.999933333333342
vertex -13.435033333333337 13.435033333333337 29.999933333333342
endloop
endfacet
facet normal 0 0 1
outer loop
vertex -12.00576666666667 13.597466666666671 29.999933333333342
vertex -13.435033333333337 13.435033333333337 29.999933333333342
vertex -13.701233333333338 13.141333333333337 29.999933333333342
endloop
endfacet
facet normal 0 0 1
outer loop
vertex -12.00576666666667 13.597466666666671 29.999933333333342
vertex -13.701233333333338 13.141333333333337 29.999933333333342
vertex -10.78476666666667 13.141333333333337 29.999933333333342
endloop
endfacet
facet normal 0 0 1
outer loop
vertex -12.00576666666667 13.597466666666671 29.999933333333342
vertex -10.78476666666667 13.141333333333337 29.999933333333342
vertex -9.444600000000003 14.135000000000005 29.999933333333342
endloop
endfacet
facet normal 0 0 1
outer loop
vertex -12.00576666666667 13.597466666666671 29.999933333333342
vertex -9.444600000000003 14.135000000000005 29.999933333333342
vertex -12.662833333333337 14.135000000000005 29.999933333333342
endloop
endfacet
facet normal 0 0 1
outer loop
vertex 13.180933333333337 12.475466666666671 29.999933333333342
vertex 10.78476666666667 13.141333333333337 29.999933333333342
vertex 12.020800000000003 12.020800000000003 29.999933333333342
endloop
endfacet
facet normal 0 0 1
outer loop
vertex 13.180933333333337 12.475466666666671 29.999933333333342
vertex 12.020800000000003 12.020800000000003 29.999933333333342
vertex 14.711400000000005 12.020800000000003 29.999933333333342
endloop
endfacet
facet normal 0 0 1
outer loop
vertex 13.180933333333337 12.475466666666671 29.999933333333342
vertex 14.711400000000005 12.020800000000003 29.999933333333342
vertex 14.687200000000004 12.053433333333338 29.999933333333342
endloop
endfacet
facet normal 0 0 1
outer loop
vertex 13.180933333333337 12.475466666666671 29.999933333333342
vertex 14.687200000000004 12.053433333333338 29.999933333333342
vertex 13.701233333333338 13.141333333333337 29.999933333333342
endloop
endfacet
facet normal 0 0 1
outer loop
vertex 13.180933333333337 12.475466666666671 29.999933333333342
vertex 13.701233333333338 13.141333333333337 29.999933333333342
vertex 10.78476666666667 13.141333333333337 29.999933333333342
endloop
endfacet
facet normal 0 0 1
outer loop
vertex -13.180933333333337 12.475466666666671 29.999933333333342
vertex -13.701233333333338 13.141333333333337 29.999933333333342
vertex -14.687200000000004 12.053433333333338 29.999933333333342
endloop
endfacet
facet normal 0 0 1
outer loop
vertex -13.180933333333337 12.475466666666671 29.999933333333342
vertex -14.687200000000004 12.053433333333338 29.999933333333342
vertex -14.711400000000005 12.020800000000003 29.999933333333342
endloop
endfacet
facet normal 0 0 1
outer loop
vertex -13.180933333333337 12.475466666666671 29.999933333333342
vertex -14.711400000000005 12.020800000000003 29.999933333333342
vertex -12.020800000000003 12.020800000000003 29.999933333333342
endloop
endfacet
facet normal 0 0 1
outer loop
vertex -13.180933333333337 12.475466666666671 29.999933333333342
vertex -12.020800000000003 12.020800000000003 29.999933333333342
vertex -10.78476666666667 13.141333333333337 29.999933333333342
endloop
endfacet
facet normal 0 0 1
outer loop
vertex -13.180933333333337 12.475466666666671 29.999933333333342
vertex -10.78476666666667 13.141333333333337 29.999933333333342
vertex -13.701233333333338 13.141333333333337 29.999933333333342
endloop
endfacet
facet normal 0 0 1
outer loop
vertex 12.020800000000003 12.020800000000003 29.999933333333342
vertex 13.141333333333337 10.78476666666667 29.999933333333342
vertex 15.62806666666667 10.78476666666667 29.999933333333342
endloop
endfacet
facet normal 0 0 1
outer loop
vertex 12.020800000000003 12.020800000000003 29.999933333333342
vertex 15.62806666666667 10.78476666666667 29.999933333333342
vertex 14.711400000000005 12.020800000000003 29.999933333333342
endloop
endfacet
facet normal 0 0 1
outer loop
vertex -14.711400000000005 12.020800000000003 29.999933333333342
vertex -15.62806666666667 10.78476666666667 29.999933333333342
vertex -13.141333333333337 10.78476666666667 29.999933333333342
endloop
endfacet
facet normal 0 0 1
outer loop
vertex -14.711400000000005 12.020800000000003 29.999933333333342
vertex -13.141333333333337 10.78476666666667 29.999933333333342
vertex -12.020800000000003 12.020800000000003 29.999933333333342
endloop
endfacet
facet normal 0 0 0.9999999999999999
outer loop
vertex 15.033333333333339 10.20286666666667 29.999933333333342
vertex 13.141333333333337 10.78476666666667 29.999933333333342
vertex 14.135000000000005 9.444600000000003 29.999933333333342
endloop
endfacet
facet normal 0 0 0.9999999999999999
outer loop
vertex 15.033333333333339 10.20286666666667 29.999933333333342
vertex 14.135000000000005 9.444600000000003 29.999933333333342
vertex 16.46406666666667 9.444600000000003 29.999933333333342
endloop
endfacet
facet normal 0 0 1
outer loop
vertex 15.033333333333339 10.20286666666667 29.999933333333342
vertex 16.46406666666667 9.444600000000003 29.999933333333342
vertex 15.797833333333339 10.55596666666667 29.999933333333342
endloop
endfacet
facet normal 0 0 1
outer loop
vertex 15.033333333333339 10.20286666666667 29.999933333333342
vertex 15.797833333333339 10.55596666666667 29.999933333333342
vertex 15.62806666666667 10.78476666666667 29.999933333333342
endloop
endfacet
facet normal 0 0 0.9999999999999999
outer loop
vertex 15.033333333333339 10.20286666666667 29.999933333333342
vertex 15.62806666666667 10.78476666666667 29.999933333333342
vertex 13.141333333333337 10.78476666666667 29.999933333333342
endloop
endfacet
facet normal 0 0 1
outer loop
vertex -15.033333333333339 10.20286666666667 29.999933333333342
vertex -15.62806666666667 10.78476666666667 29.999933333333342
vertex -15.797833333333339 10.55596666666667 29.999933333333342
endloop
endfacet
facet normal 0 0 1
outer loop
vertex -15.033333333333339 10.20286666666667 29.999933333333342
vertex -15.797833333333339 10.55596666666667 29.999933333333342
vertex -16.46406666666667 9.444600000000003 29.999933333333342
endloop
endfacet
facet normal 0 0 0.9999999999999999
outer loop
vertex -15.033333333333339 10.20286666666667 29.999933333333342
vertex -16.46406666666667 9.444600000000003 29.999933333333342
vertex -14.135000000000005 9.444600000000003 29.999933333333342
endloop
endfacet
facet normal 0 0 0.9999999999999999
outer loop
vertex -15.033333333333339 10.20286666666667 29.999933333333342
vertex -14.135000000000005 9.444600000000003 29.999933333333342
vertex -13.141333333333337 10.78476666666667 29.999933333333342
endloop
endfacet
facet normal 0 0 0.9999999999999999
outer loop
vertex -15.033333333333339 10.20286666666667 29.999933333333342
vertex -13.141333333333337 10.78476666666667 29.999933333333342
vertex -15.62806666666667 10.78476666666667 29.999933333333342
endloop
endfacet
facet normal 0 0 1
outer loop
vertex 15.910033333333338 8.774700000000003 29.999933333333342
vertex 14.135000000000005 9.444600000000003 29.999933333333342
vertex 14.992633333333337 8.013866666666669 29.999933333333342
endloop
endfacet
facet normal 0 0 1
outer loop
vertex 15.910033333333338 8.774700000000003 29.999933333333342
vertex 14.992633333333337 8.013866666666669 29.999933333333342
vertex 17.20253333333334 8.013866666666669 29.999933333333342
endloop
endfacet
facet normal 0 0 1
outer loop
vertex 15.910033333333338 8.774700000000003 29.999933333333342
vertex 17.20253333333334 8.013866666666669 29.999933333333342
vertex 16.75666666666667 8.956566666666669 29.999933333333342
endloop
endfacet
facet normal 0 0 0.9999999999999999
outer loop
vertex 15.910033333333338 8.774700000000003 29.999933333333342
vertex 16.75666666666667 8.956566666666669 29.999933333333342
vertex 16.46406666666667 9.444600000000003 29.999933333333342
endloop
endfacet
facet normal 0 0 1
outer loop
vertex 15.910033333333338 8.774700000000003 29.999933333333342
vertex 16.46406666666667 9.444600000000003 29.999933333333342
vertex 14.135000000000005 9.444600000000003 29.999933333333342
endloop
endfacet
facet normal 0 0 0.9999999999999999
outer loop
vertex -15.910033333333338 8.774700000000003 29.999933333333342
vertex -16.46406666666667 9.444600000000003 29.999933333333342
vertex -16.75666666666667 8.956566666666669 29.999933333333342
endloop
endfacet
facet normal 0 0 1
outer loop
vertex -15.910033333333338 8.774700000000003 29.999933333333342
vertex -16.75666666666667 8.956566666666669 29.999933333333342
vertex -17.20253333333334 8.013866666666669 29.999933333333342
endloop
endfacet
facet normal 0 0 1
outer loop
vertex -15.910033333333338 8.774700000000003 29.999933333333342
vertex -17.20253333333334 8.013866666666669 29.999933333333342
vertex -14.992633333333337 8.013866666666669 29.999933333333342
endloop
endfacet
facet normal 0 0 1
outer loop
vertex -15.910033333333338 8.774700000000003 29.999933333333342
vertex -14.992633333333337 8.013866666666669 29.999933333333342
vertex -14.135000000000005 9.444600000000003 29.999933333333342
endloop
endfacet
facet normal 0 0 1
outer loop
vertex -15.910033333333338 8.774700000000003 29.999933333333342
vertex -14.135000000000005 9.444600000000003 29.999933333333342
vertex -16.46406666666667 9.444600000000003 29.999933333333342
endloop
endfacet
facet normal 0 0 1
outer loop
vertex 16.65656666666667 7.262200000000003 29.999933333333342
vertex 14.992633333333337 8.013866666666669 29.999933333333342
vertex 15.705800000000005 6.505766666666669 29.999933333333342
endloop
endfacet
facet normal 0 0 1
outer loop
vertex 16.65656666666667 7.262200000000003 29.999933333333342
vertex 15.705800000000005 6.505766666666669 29.999933333333342
vertex 17.827700000000007 6.505766666666669 29.999933333333342
endloop
endfacet
facet normal 0 0 1
outer loop
vertex 16.65656666666667 7.262200000000003 29.999933333333342
vertex 17.827700000000007 6.505766666666669 29.999933333333342
vertex 17.553800000000006 7.271000000000003 29.999933333333342
endloop
endfacet
facet normal 0 0 0.9999999999999999
outer loop
vertex 16.65656666666667 7.262200000000003 29.999933333333342
vertex 17.553800000000006 7.271000000000003 29.999933333333342
vertex 17.20253333333334 8.013866666666669 29.999933333333342
endloop
endfacet
facet normal 0 0 0.9999999999999999
outer loop
vertex 16.65656666666667 7.262200000000003 29.999933333333342
vertex 17.20253333333334 8.013866666666669 29.999933333333342
vertex 14.992633333333337 8.013866666666669 29.999933333333342
endloop
endfacet
facet normal 0 0 0.9999999999999999
outer loop
vertex -16.65656666666667 7.262200000000003 29.999933333333342
vertex -17.20253333333334 8.013866666666669 29.999933333333342
vertex -17.553800000000006 7.271000000000003 29.999933333333342
endloop
endfacet
facet normal 0 0 1
outer loop
vertex -16.65656666666667 7.262200000000003 29.999933333333342
vertex -17.553800000000006 7.271000000000003 29.999933333333342
vertex -17.827700000000007 6.505766666666669 29.999933333333342
endloop
endfacet
facet normal 0 0 1
outer loop
vertex -16.65656666666667 7.262200000000003 29.999933333333342
vertex -17.827700000000007 6.505766666666669 29.999933333333342
vertex -15.705800000000005 6.505766666666669 29.999933333333342
endloop
endfacet
facet normal 0 0 1
outer loop
vertex -16.65656666666667 7.262200000000003 29.999933333333342
vertex -15.705800000000005 6.505766666666669 29.999933333333342
vertex -14.992633333333337 8.013866666666669 29.999933333333342
endloop
endfacet
facet normal 0 0 0.9999999999999999
outer loop
vertex -16.65656666666667 7.262200000000003 29.999933333333342
vertex -14.992633333333337 8.013866666666669 29.999933333333342
vertex -17.20253333333334 8.013866666666669 29.999933333333342
endloop
endfacet
facet normal 0 0 1
outer loop
vertex 17.262300000000007 5.679300000000001 29.999933333333342
vertex 15.705800000000005 6.505766666666669 29.999933333333342
vertex 16.267900000000004 4.934966666666668 29.999933333333342
endloop
endfacet
facet normal 0 0 0.9999999999999999
outer loop
vertex 17.262300000000007 5.679300000000001 29.999933333333342
vertex 16.267900000000004 4.934966666666668 29.999933333333342
vertex 18.327466666666673 4.934966666666668 29.999933333333342
endloop
endfacet
facet normal 0 0 1
outer loop
vertex 17.262300000000007 5.679300000000001 29.999933333333342
vertex 18.327466666666673 4.934966666666668 29.999933333333342
vertex 18.181900000000006 5.515400000000001 29.999933333333342
endloop
endfacet
facet normal 0 0 1
outer loop
vertex 17.262300000000007 5.679300000000001 29.999933333333342
vertex 18.181900000000006 5.515400000000001 29.999933333333342
vertex 17.827700000000007 6.505766666666669 29.999933333333342
endloop
endfacet
facet normal 0 0 0.9999999999999999
outer loop
vertex 17.262300000000007 5.679300000000001 29.999933333333342
vertex 17.827700000000007 6.505766666666669 29.999933333333342
vertex 15.705800000000005 6.505766666666669 29.999933333333342
endloop
endfacet
facet normal 0 0 1
outer loop
vertex -17.262300000000007 5.679300000000001 29.999933333333342
vertex -17.827700000000007 6.505766666666669 29.999933333333342
vertex -18.181900000000006 5.515400000000001 29.999933333333342
endloop
endfacet
facet normal 0 0 1
outer loop
vertex -17.262300000000007 5.679300000000001 29.999933333333342
vertex -18.181900000000006 5.515400000000001 29.999933333333342
vertex -18.327466666666673 4.934966666666668 29.999933333333342
endloop
endfacet
facet normal 0 0 0.9999999999999999
outer loop
vertex -17.262300000000007 5.679300000000001 29.999933333333342
vertex -18.327466666666673 4.934966666666668 29.999933333333342
vertex -16.267900000000004 4.934966666666668 29.999933333333342
endloop
endfacet
facet normal 0 0 1
outer loop
vertex -17.262300000000007 5.679300000000001 29.999933333333342
vertex -16.267900000000004 4.934966666666668 29.999933333333342
vertex -15.705800000000005 6.505766666666669 29.999933333333342
endloop
endfacet
facet normal 0 0 0.9999999999999999
outer loop
vertex -17.262300000000007 5.679300000000001 29.999933333333342
vertex -15.705800000000005 6.505766666666669 29.999933333333342
vertex -17.827700000000007 6.505766666666669 29.999933333333342
endloop
endfacet
facet normal 0 0 1
outer loop
vertex 17.719166666666673 4.041766666666668 29.999933333333342
vertex 16.267900000000004 4.934966666666668 29.999933333333342
vertex 16.67343333333334 3.316500000000001 29.999933333333342
endloop
endfacet
facet normal 0 0 1
outer loop
vertex 17.719166666666673 4.041766666666668 29.999933333333342
vertex 16.67343333333334 3.316500000000001 29.999933333333342
vertex 18.69266666666667 3.316500000000001 29.999933333333342
endloop
endfacet
facet normal 0 0 1
outer loop
vertex 17.719166666666673 4.041766666666668 29.999933333333342
vertex 18.69266666666667 3.316500000000001 29.999933333333342
vertex 18.635100000000005 3.7066333333333343 29.999933333333342
endloop
endfacet
facet normal 0 0 1
outer loop
vertex 17.719166666666673 4.041766666666668 29.999933333333342
vertex 18.635100000000005 3.7066333333333343 29.999933333333342
vertex 18.327466666666673 4.934966666666668 29.999933333333342
endloop
endfacet
facet normal 0 0 0.9999999999999999
outer loop
vertex 17.719166666666673 4.041766666666668 29.999933333333342
vertex 18.327466666666673 4.934966666666668 29.999933333333342
vertex 16.267900000000004 4.934966666666668 29.999933333333342
endloop
endfacet
facet normal 0 0 1
outer loop
vertex -17.719166666666673 4.041766666666668 29.999933333333342
vertex -18.327466666666673 4.934966666666668 29.999933333333342
vertex -18.635100000000005 3.7066333333333343 29.999933333333342
endloop
endfacet
facet normal 0 0 1
outer loop
vertex -17.719166666666673 4.041766666666668 29.999933333333342
vertex -18.635100000000005 3.7066333333333343 29.999933333333342
vertex -18.69266666666667 3.316500000000001 29.999933333333342
endloop
endfacet
facet normal 0 0 1
outer loop
vertex -17.719166666666673 4.041766666666668 29.999933333333342
vertex -18.69266666666667 3.316500000000001 29.999933333333342
vertex -16.67343333333334 3.316500000000001 29.999933333333342
endloop
endfacet
facet normal 0 0 1
outer loop
vertex -17.719166666666673 4.041766666666668 29.999933333333342
vertex -16.67343333333334 3.316500000000001 29.999933333333342
vertex -16.267900000000004 4.934966666666668 29.999933333333342
endloop
endfacet
facet normal 0 0 0.9999999999999999
outer loop
vertex -17.719166666666673 4.041766666666668 29.999933333333342
vertex -16.267900000000004 4.934966666666668 29.999933333333342
vertex -18.327466666666673 4.934966666666668 29.999933333333342
endloop
endfacet
facet normal 0 0 1
outer loop
vertex 18.02203333333334 2.3653666666666675 29.999933333333342
vertex 16.67343333333334 3.316500000000001 29.999933333333342
vertex 16.918000000000006 1.666133333333334 29.999933333333342
endloop
endfacet
facet normal 0 0 0.9999999999999999
outer loop
vertex 18.02203333333334 2.3653666666666675 29.999933333333342
vertex 16.918000000000006 1.666133333333334 29.999933333333342
vertex 18.91816666666667 1.666133333333334 29.999933333333342
endloop
endfacet
facet normal 0 0 1
outer loop
vertex 18.02203333333334 2.3653666666666675 29.999933333333342
vertex 18.91816666666667 1.666133333333334 29.999933333333342
vertex 18.908633333333338 1.8623000000000005 29.999933333333342
endloop
endfacet
facet normal 0 0 1
outer loop
vertex 18.02203333333334 2.3653666666666675 29.999933333333342
vertex 18.908633333333338 1.8623000000000005 29.999933333333342
vertex 18.69266666666667 3.316500000000001 29.999933333333342
endloop
endfacet
facet normal 0 0 0.9999999999999999
outer loop
vertex 18.02203333333334 2.3653666666666675 29.999933333333342
vertex 18.69266666666667 3.316500000000001 29.999933333333342
vertex 16.67343333333334 3.316500000000001 29.999933333333342
endloop
endfacet
facet normal 0 0 1
outer loop
vertex -18.02203333333334 2.3653666666666675 29.999933333333342
vertex -18.69266666666667 3.316500000000001 29.999933333333342
vertex -18.908633333333338 1.8623000000000005 29.999933333333342
endloop
endfacet
facet normal 0 0 1
outer loop
vertex -18.02203333333334 2.3653666666666675 29.999933333333342
vertex -18.908633333333338 1.8623000000000005 29.999933333333342
vertex -18.91816666666667 1.666133333333334 29.999933333333342
endloop
endfacet
facet normal 0 0 0.9999999999999999
outer loop
vertex -18.02203333333334 2.3653666666666675 29.999933333333342
vertex -18.91816666666667 1.666133333333334 29.999933333333342
vertex -16.918000000000006 1.666133333333334 29.999933333333342
endloop
endfacet
facet normal 0 0 1
outer loop
vertex -18.02203333333334 2.3653666666666675 29.999933333333342
vertex -16.918000000000006 1.666133333333334 29.999933333333342
vertex -16.67343333333334 3.316500000000001 29.999933333333342
endloop
endfacet
facet normal 0 0 0.9999999999999999
outer loop
vertex -18.02203333333334 2.3653666666666675 29.999933333333342
vertex -16.67343333333334 3.316500000000001 29.999933333333342
vertex -18.69266666666667 3.316500000000001 29.999933333333342
endloop
endfacet
facet normal 0 0 0.9999999999999999
outer loop
vertex 16.918000000000006 1.666133333333334 29.999933333333342
vertex 17.000133333333338 0 29.999933333333342
vertex 18.99993333333334 0 29.999933333333342
endloop
endfacet
facet normal 0 0 1
outer loop
vertex 16.918000000000006 1.666133333333334 29.999933333333342
vertex 18.99993333333334 0 29.999933333333342
vertex 18.91816666666667 1.666133333333334 29.999933333333342
endloop
endfacet
facet normal 0 0 0.9999999999999999
outer loop
vertex -18.91816666666667 1.666133333333334 29.999933333333342
vertex -18.99993333333334 0 29.999933333333342
vertex -17.000133333333338 0 29.999933333333342
endloop
endfacet
facet normal 0 0 1
outer loop
vertex -18.91816666666667 1.666133333333334 29.999933333333342
vertex -17.000133333333338 0 29.999933333333342
vertex -16.918000000000006 1.666133333333334 29.999933333333342
endloop
endfacet
facet normal 0 0 1
outer loop
vertex 17.000133333333338 0 29.999933333333342
vertex 16.918000000000006 -1.666133333333334 29.999933333333342
vertex 18.91816666666667 -1.666133333333334 29.999933333333342
endloop
endfacet
facet normal 0 0 0.9999999999999999
outer loop
vertex 17.000133333333338 0 29.999933333333342
vertex 18.91816666666667 -1.666133333333334 29.999933333333342
vertex 18.99993333333334 0 29.999933333333342
endloop
endfacet
facet normal 0 0 1
outer loop
vertex -18.99993333333334 0 29.999933333333342
vertex -18.91816666666667 -1.666133333333334 29.999933333333342
vertex -16.918000000000006 -1.666133333333334 29.999933333333342
endloop
endfacet
facet normal 0 0 0.9999999999999999
outer loop
vertex -18.99993333333334 0 29.999933333333342
vertex -16.918000000000006 -1.666133333333334 29.999933333333342
vertex -17.000133333333338 0 29.999933333333342
endloop
endfacet
facet normal 0 0 1
outer loop
vertex 18.02203333333334 -2.3653666666666675 29.999933333333342
vertex 16.918000000000006 -1.666133333333334 29.999933333333342
vertex 16.67343333333334 -3.316500000000001 29.999933333333342
endloop
endfacet
facet normal 0 0 0.9999999999999999
outer loop
vertex 18.02203333333334 -2.3653666666666675 29.999933333333342
vertex 16.67343333333334 -3.316500000000001 29.999933333333342
vertex 18.69266666666667 -3.316500000000001 29.999933333333342
endloop
endfacet
facet normal 0 0 1
outer loop
vertex 18.02203333333334 -2.3653666666666675 29.999933333333342
vertex 18.69266666666667 -3.316500000000001 29.999933333333342
vertex 18.908633333333338 -1.8623000000000005 29.999933333333342
endloop
endfacet
facet normal 0 0 1
outer loop
vertex 18.02203333333334 -2.3653666666666675 29.999933333333342
vertex 18.908633333333338 -1.8623000000000005 29.999933333333342
vertex 18.91816666666667 -1.666133333333334 29.999933333333342
endloop
endfacet
facet normal 0 0 0.9999999999999999
outer loop
vertex 18.02203333333334 -2.3653666666666675 29.999933333333342
vertex 18.91816666666667 -1.666133333333334 29.999933333333342
vertex 16.918000000000006 -1.666133333333334 29.999933333333342
endloop
endfacet
facet normal 0 0 1
outer loop
vertex -18.02203333333334 -2.3653666666666675 29.999933333333342
vertex -18.91816666666667 -1.666133333333334 29.999933333333342
vertex -18.908633333333338 -1.8623000000000005 29.999933333333342
endloop
endfacet
facet normal 0 0 1
outer loop
vertex -18.02203333333334 -2.3653666666666675 29.999933333333342
vertex -18.908633333333338 -1.8623000000000005 29.999933333333342
vertex -18.69266666666667 -3.316500000000001 29.999933333333342
endloop
endfacet
facet normal 0 0 0.9999999999999999
outer loop
vertex -18.02203333333334 -2.3653666666666675 29.999933333333342
vertex -18.69266666666667 -3.316500000000001 29.999933333333342
vertex -16.67343333333334 -3.316500000000001 29.999933333333342
endloop
endfacet
facet normal 0 0 1
outer loop
vertex -18.02203333333334 -2.3653666666666675 29.999933333333342
vertex -16.67343333333334 -3.316500000000001 29.999933333333342
vertex -16.918000000000006 -1.666133333333334 29.999933333333342
endloop
endfacet
facet normal 0 0 0.9999999999999999
outer loop
vertex -18.02203333333334 -2.3653666666666675 29.999933333333342
vertex -16.918000000000006 -1.666133333333334 29.999933333333342
vertex -18.91816666666667 -1.666133333333334 29.999933333333342
endloop
endfacet
facet normal 0 0 1
outer loop
vertex 17.719166666666673 -4.041766666666668 29.999933333333342
vertex 16.67343333333334 -3.316500000000001 29.999933333333342
vertex 16.267900000000004 -4.934966666666668 29.999933333333342
endloop
endfacet
facet normal 0 0 0.9999999999999999
outer loop
vertex 17.719166666666673 -4.041766666666668 29.999933333333342
vertex 16.267900000000004 -4.934966666666668 29.999933333333342
vertex 18.327466666666673 -4.934966666666668 29.999933333333342
endloop
endfacet
facet normal 0 0 1
outer loop
vertex 17.719166666666673 -4.041766666666668 29.999933333333342
vertex 18.327466666666673 -4.934966666666668 29.999933333333342
vertex 18.635100000000005 -3.7066333333333343 29.999933333333342
endloop
endfacet
facet normal 0 0 1
outer loop
vertex 17.719166666666673 -4.041766666666668 29.999933333333342
vertex 18.635100000000005 -3.7066333333333343 29.999933333333342
vertex 18.69266666666667 -3.316500000000001 29.999933333333342
endloop
endfacet
facet normal 0 0 1
outer loop
vertex 17.719166666666673 -4.041766666666668 29.999933333333342
vertex 18.69266666666667 -3.316500000000001 29.999933333333342
vertex 16.67343333333334 -3.316500000000001 29.999933333333342
endloop
endfacet
facet normal 0 0 1
outer loop
vertex -17.719166666666673 -4.041766666666668 29.999933333333342
vertex -18.69266666666667 -3.316500000000001 29.999933333333342
vertex -18.635100000000005 -3.7066333333333343 29.999933333333342
endloop
endfacet
facet normal 0 0 1
outer loop
vertex -17.719166666666673 -4.041766666666668 29.999933333333342
vertex -18.635100000000005 -3.7066333333333343 29.999933333333342
vertex -18.327466666666673 -4.934966666666668 29.999933333333342
endloop
endfacet
facet normal 0 0 0.9999999999999999
outer loop
vertex -17.719166666666673 -4.041766666666668 29.999933333333342
vertex -18.327466666666673 -4.934966666666668 29.999933333333342
vertex -16.267900000000004 -4.934966666666668 29.999933333333342
endloop
endfacet
facet normal 0 0 1
outer loop
vertex -17.719166666666673 -4.041766666666668 29.999933333333342
vertex -16.267900000000004 -4.934966666666668 29.999933333333342
vertex -16.67343333333334 -3.316500000000001 29.999933333333342
endloop
endfacet
facet normal 0 0 1
outer loop
vertex -17.719166666666673 -4.041766666666668 29.999933333333342
vertex -16.67343333333334 -3.316500000000001 29.999933333333342
vertex -18.69266666666667 -3.316500000000001 29.999933333333342
endloop
endfacet
facet normal 0 0 1
outer loop
vertex 17.262300000000007 -5.679300000000001 29.999933333333342
vertex 16.267900000000004 -4.934966666666668 29.999933333333342
vertex 15.705800000000005 -6.505766666666669 29.999933333333342
endloop
endfacet
facet normal 0 0 0.9999999999999999
outer loop
vertex 17.262300000000007 -5.679300000000001 29.999933333333342
vertex 15.705800000000005 -6.505766666666669 29.999933333333342
vertex 17.827700000000007 -6.505766666666669 29.999933333333342
endloop
endfacet
facet normal 0 0 1
outer loop
vertex 17.262300000000007 -5.679300000000001 29.999933333333342
vertex 17.827700000000007 -6.505766666666669 29.999933333333342
vertex 18.181900000000006 -5.515400000000001 29.999933333333342
endloop
endfacet
facet normal 0 0 1
outer loop
vertex 17.262300000000007 -5.679300000000001 29.999933333333342
vertex 18.181900000000006 -5.515400000000001 29.999933333333342
vertex 18.327466666666673 -4.934966666666668 29.999933333333342
endloop
endfacet
facet normal 0 0 0.9999999999999999
outer loop
vertex 17.262300000000007 -5.679300000000001 29.999933333333342
vertex 18.327466666666673 -4.934966666666668 29.999933333333342
vertex 16.267900000000004 -4.934966666666668 29.999933333333342
endloop
endfacet
facet normal 0 0 1
outer loop
vertex -17.262300000000007 -5.679300000000001 29.999933333333342
vertex -18.327466666666673 -4.934966666666668 29.999933333333342
vertex -18.181900000000006 -5.515400000000001 29.999933333333342
endloop
endfacet
facet normal 0 0 1
outer loop
vertex -17.262300000000007 -5.679300000000001 29.999933333333342
vertex -18.181900000000006 -5.515400000000001 29.999933333333342
vertex -17.827700000000007 -6.505766666666669 29.999933333333342
endloop
endfacet
facet normal 0 0 0.9999999999999999
outer loop
vertex -17.262300000000007 -5.679300000000001 29.999933333333342
vertex -17.827700000000007 -6.505766666666669 29.999933333333342
vertex -15.705800000000005 -6.505766666666669 29.999933333333342
endloop
endfacet
facet normal 0 0 1
outer loop
vertex -17.262300000000007 -5.679300000000001 29.999933333333342
vertex -15.705800000000005 -6.505766666666669 29.999933333333342
vertex -16.267900000000004 -4.934966666666668 29.999933333333342
endloop
endfacet
facet normal 0 0 0.9999999999999999
outer loop
vertex -17.262300000000007 -5.679300000000001 29.999933333333342
vertex -16.267900000000004 -4.934966666666668 29.999933333333342
vertex -18.327466666666673 -4.934966666666668 29.999933333333342
endloop
endfacet
facet normal 0 0 1
outer loop
vertex 16.65656666666667 -7.262200000000003 29.999933333333342
vertex 15.705800000000005 -6.505766666666669 29.999933333333342
vertex 14.992633333333337 -8.013866666666669 29.999933333333342
endloop
endfacet
facet normal 0 0 0.9999999999999999
outer loop
vertex 16.65656666666667 -7.262200000000003 29.999933333333342
vertex 14.992633333333337 -8.013866666666669 29.999933333333342
vertex 17.20253333333334 -8.013866666666669 29.999933333333342
endloop
endfacet
facet normal 0 0 0.9999999999999999
outer loop
vertex 16.65656666666667 -7.262200000000003 29.999933333333342
vertex 17.20253333333334 -8.013866666666669 29.999933333333342
vertex 17.553800000000006 -7.271000000000003 29.999933333333342
endloop
endfacet
facet normal 0 0 1
outer loop
vertex 16.65656666666667 -7.262200000000003 29.999933333333342
vertex 17.553800000000006 -7.271000000000003 29.999933333333342
vertex 17.827700000000007 -6.505766666666669 29.999933333333342
endloop
endfacet
facet normal 0 0 1
outer loop
vertex 16.65656666666667 -7.262200000000003 29.999933333333342
vertex 17.827700000000007 -6.505766666666669 29.999933333333342
vertex 15.705800000000005 -6.505766666666669 29.999933333333342
endloop
endfacet
facet normal 0 0 1
outer loop
vertex -16.65656666666667 -7.262200000000003 29.999933333333342
vertex -17.827700000000007 -6.505766666666669 29.999933333333342
vertex -17.553800000000006 -7.271000000000003 29.999933333333342
endloop
endfacet
facet normal 0 0 0.9999999999999999
outer loop
vertex -16.65656666666667 -7.262200000000003 29.999933333333342
vertex -17.553800000000006 -7.271000000000003 29.999933333333342
vertex -17.20253333333334 -8.013866666666669 29.999933333333342
endloop
endfacet
facet normal 0 0 0.9999999999999999
outer loop
vertex -16.65656666666667 -7.262200000000003 29.999933333333342
vertex -17.20253333333334 -8.013866666666669 29.999933333333342
vertex -14.992633333333337 -8.013866666666669 29.999933333333342
endloop
endfacet
facet normal 0 0 1
outer loop
vertex -16.65656666666667 -7.262200000000003 29.999933333333342
vertex -14.992633333333337 -8.013866666666669 29.999933333333342
vertex -15.705800000000005 -6.505766666666669 29.999933333333342
endloop
endfacet
facet normal 0 0 1
outer loop
vertex -16.65656666666667 -7.262200000000003 29.999933333333342
vertex -15.705800000000005 -6.505766666666669 29.999933333333342
vertex -17.827700000000007 -6.505766666666669 29.999933333333342
endloop
endfacet
facet normal 0 0 1
outer loop
vertex 15.910033333333338 -8.774700000000003 29.999933333333342
vertex 14.992633333333337 -8.013866666666669 29.999933333333342
vertex 14.135000000000005 -9.444600000000003 29.999933333333342
endloop
endfacet
facet normal 0 0 1
outer loop
vertex 15.910033333333338 -8.774700000000003 29.999933333333342
vertex 14.135000000000005 -9.444600000000003 29.999933333333342
vertex 16.46406666666667 -9.444600000000003 29.999933333333342
endloop
endfacet
facet normal 0 0 0.9999999999999999
outer loop
vertex 15.910033333333338 -8.774700000000003 29.999933333333342
vertex 16.46406666666667 -9.444600000000003 29.999933333333342
vertex 16.75666666666667 -8.956566666666669 29.999933333333342
endloop
endfacet
facet normal 0 0 1
outer loop
vertex 15.910033333333338 -8.774700000000003 29.999933333333342
vertex 16.75666666666667 -8.956566666666669 29.999933333333342
vertex 17.20253333333334 -8.013866666666669 29.999933333333342
endloop
endfacet
facet normal 0 0 1
outer loop
vertex 15.910033333333338 -8.774700000000003 29.999933333333342
vertex 17.20253333333334 -8.013866666666669 29.999933333333342
vertex 14.992633333333337 -8.013866666666669 29.999933333333342
endloop
endfacet
facet normal 0 0 1
outer loop
vertex -15.910033333333338 -8.774700000000003 29.999933333333342
vertex -17.20253333333334 -8.013866666666669 29.999933333333342
vertex -16.75666666666667 -8.956566666666669 29.999933333333342
endloop
endfacet
facet normal 0 0 0.9999999999999999
outer loop
vertex -15.910033333333338 -8.774700000000003 29.999933333333342
vertex -16.75666666666667 -8.956566666666669 29.999933333333342
vertex -16.46406666666667 -9.444600000000003 29.999933333333342
endloop
endfacet
facet normal 0 0 1
outer loop
vertex -15.910033333333338 -8.774700000000003 29.999933333333342
vertex -16.46406666666667 -9.444600000000003 29.999933333333342
vertex -14.135000000000005 -9.444600000000003 29.999933333333342
endloop
endfacet
facet normal 0 0 1
outer loop
vertex -15.910033333333338 -8.774700000000003 29.999933333333342
vertex -14.135000000000005 -9.444600000000003 29.999933333333342
vertex -14.992633333333337 -8.013866666666669 29.999933333333342
endloop
endfacet
facet normal 0 0 1
outer loop
vertex -15.910033333333338 -8.774700000000003 29.999933333333342
vertex -14.992633333333337 -8.013866666666669 29.999933333333342
vertex -17.20253333333334 -8.013866666666669 29.999933333333342
endloop
endfacet
facet normal 0 0 0.9999999999999999
outer loop
vertex 15.033333333333339 -10.20286666666667 29.999933333333342
vertex 14.135000000000005 -9.444600000000003 29.999933333333342
vertex 13.141333333333337 -10.78476666666667 29.999933333333342
endloop
endfacet
facet normal 0 0 0.9999999999999999
outer loop
vertex 15.033333333333339 -10.20286666666667 29.999933333333342
vertex 13.141333333333337 -10.78476666666667 29.999933333333342
vertex 15.62806666666667 -10.78476666666667 29.999933333333342
endloop
endfacet
facet normal 0 0 1
outer loop
vertex 15.033333333333339 -10.20286666666667 29.999933333333342
vertex 15.62806666666667 -10.78476666666667 29.999933333333342
vertex 15.797833333333339 -10.55596666666667 29.999933333333342
endloop
endfacet
facet normal 0 0 1
outer loop
vertex 15.033333333333339 -10.20286666666667 29.999933333333342
vertex 15.797833333333339 -10.55596666666667 29.999933333333342
vertex 16.46406666666667 -9.444600000000003 29.999933333333342
endloop
endfacet
facet normal 0 0 0.9999999999999999
outer loop
vertex 15.033333333333339 -10.20286666666667 29.999933333333342
vertex 16.46406666666667 -9.444600000000003 29.999933333333342
vertex 14.135000000000005 -9.444600000000003 29.999933333333342
endloop
endfacet
facet normal 0 0 1
outer loop
vertex -15.033333333333339 -10.20286666666667 29.999933333333342
vertex -16.46406666666667 -9.444600000000003 29.999933333333342
vertex -15.797833333333339 -10.55596666666667 29.999933333333342
endloop
endfacet
facet normal 0 0 1
outer loop
vertex -15.033333333333339 -10.20286666666667 29.999933333333342
vertex -15.797833333333339 -10.55596666666667 29.999933333333342
vertex -15.62806666666667 -10.78476666666667 29.999933333333342
endloop
endfacet
facet normal 0 0 0.9999999999999999
outer loop
vertex -15.033333333333339 -10.20286666666667 29.999933333333342
vertex -15.62806666666667 -10.78476666666667 29.999933333333342
vertex -13.141333333333337 -10.78476666666667 29.999933333333342
endloop
endfacet
facet normal 0 0 0.9999999999999999
outer loop
vertex -15.033333333333339 -10.20286666666667 29.999933333333342
vertex -13.141333333333337 -10.78476666666667 29.999933333333342
vertex -14.135000000000005 -9.444600000000003 29.999933333333342
endloop
endfacet
facet normal 0 0 0.9999999999999999
outer loop
vertex -15.033333333333339 -10.20286666666667 29.999933333333342
vertex -14.135000000000005 -9.444600000000003 29.999933333333342
vertex -16.46406666666667 -9.444600000000003 29.999933333333342
endloop
endfacet
facet normal 0 0 1
outer loop
vertex 13.141333333333337 -10.78476666666667 29.999933333333342
vertex 12.020800000000003 -12.020800000000003 29.999933333333342
vertex 14.711400000000005 -12.020800000000003 29.999933333333342
endloop
endfacet
facet normal 0 0 1
outer loop
vertex 13.141333333333337 -10.78476666666667 29.999933333333342
vertex 14.711400000000005 -12.020800000000003 29.999933333333342
vertex 15.62806666666667 -10.78476666666667 29.999933333333342
endloop
endfacet
facet normal 0 0 0.9999999999999999
outer loop
vertex -15.62806666666667 -10.78476666666667 29.999933333333342
vertex -14.711400000000005 -12.020800000000003 29.999933333333342
vertex -12.020800000000003 -12.020800000000003 29.999933333333342
endloop
endfacet
facet normal 0 0 1
outer loop
vertex -15.62806666666667 -10.78476666666667 29.999933333333342
vertex -12.020800000000003 -12.020800000000003 29.999933333333342
vertex -13.141333333333337 -10.78476666666667 29.999933333333342
endloop
endfacet
facet normal 0 0 1
outer loop
vertex 13.180933333333337 -12.475466666666671 29.999933333333342
vertex 12.020800000000003 -12.020800000000003 29.999933333333342
vertex 10.78476666666667 -13.141333333333337 29.999933333333342
endloop
endfacet
facet normal 0 0 1
outer loop
vertex 13.180933333333337 -12.475466666666671 29.999933333333342
vertex 10.78476666666667 -13.141333333333337 29.999933333333342
vertex 13.701233333333338 -13.141333333333337 29.999933333333342
endloop
endfacet
facet normal 0 0 1
outer loop
vertex 13.180933333333337 -12.475466666666671 29.999933333333342
vertex 13.701233333333338 -13.141333333333337 29.999933333333342
vertex 14.687200000000004 -12.053433333333338 29.999933333333342
endloop
endfacet
facet normal 0 0 1
outer loop
vertex 13.180933333333337 -12.475466666666671 29.999933333333342
vertex 14.687200000000004 -12.053433333333338 29.999933333333342
vertex 14.711400000000005 -12.020800000000003 29.999933333333342
endloop
endfacet
facet normal 0 0 1
outer loop
vertex 13.180933333333337 -12.475466666666671 29.999933333333342
vertex 14.711400000000005 -12.020800000000003 29.999933333333342
vertex 12.020800000000003 -12.020800000000003 29.999933333333342
endloop
endfacet
facet normal 0 0 1
outer loop
vertex -13.180933333333337 -12.475466666666671 29.999933333333342
vertex -14.711400000000005 -12.020800000000003 29.999933333333342
vertex -14.687200000000004 -12.053433333333338 29.999933333333342
endloop
endfacet
facet normal 0 0 1
outer loop
vertex -13.180933333333337 -12.475466666666671 29.999933333333342
vertex -14.687200000000004 -12.053433333333338 29.999933333333342
vertex -13.701233333333338 -13.141333333333337 29.999933333333342
endloop
endfacet
facet normal 0 0 1
outer loop
vertex -13.180933333333337 -12.475466666666671 29.999933333333342
vertex -13.701233333333338 -13.141333333333337 29.999933333333342
vertex -10.78476666666667 -13.141333333333337 29.999933333333342
endloop
endfacet
facet normal 0 0 1
outer loop
vertex -13.180933333333337 -12.475466666666671 29.999933333333342
vertex -10.78476666666667 -13.141333333333337 29.999933333333342
vertex -12.020800000000003 -12.020800000000003 29.999933333333342
endloop
endfacet
facet normal 0 0 1
outer loop
vertex -13.180933333333337 -12.475466666666671 29.999933333333342
vertex -12.020800000000003 -12.020800000000003 29.999933333333342
vertex -14.711400000000005 -12.020800000000003 29.999933333333342
endloop
endfacet
facet normal 0 0 1
outer loop
vertex 12.00576666666667 -13.597466666666671 29.999933333333342
vertex 10.78476666666667 -13.141333333333337 29.999933333333342
vertex 9.444600000000003 -14.135000000000005 29.999933333333342
endloop
endfacet
facet normal 0 0 1
outer loop
vertex 12.00576666666667 -13.597466666666671 29.999933333333342
vertex 9.444600000000003 -14.135000000000005 29.999933333333342
vertex 12.662833333333337 -14.135000000000005 29.999933333333342
endloop
endfacet
facet normal 0 0 1
outer loop
vertex 12.00576666666667 -13.597466666666671 29.999933333333342
vertex 12.662833333333337 -14.135000000000005 29.999933333333342
vertex 13.435033333333337 -13.435033333333337 29.999933333333342
endloop
endfacet
facet normal 0 0 1
outer loop
vertex 12.00576666666667 -13.597466666666671 29.999933333333342
vertex 13.435033333333337 -13.435033333333337 29.999933333333342
vertex 13.701233333333338 -13.141333333333337 29.999933333333342
endloop
endfacet
facet normal 0 0 1
outer loop
vertex 12.00576666666667 -13.597466666666671 29.999933333333342
vertex 13.701233333333338 -13.141333333333337 29.999933333333342
vertex 10.78476666666667 -13.141333333333337 29.999933333333342
endloop
endfacet
facet normal 0 0 1
outer loop
vertex -12.00576666666667 -13.597466666666671 29.999933333333342
vertex -13.701233333333338 -13.141333333333337 29.999933333333342
vertex -13.435033333333337 -13.435033333333337 29.999933333333342
endloop
endfacet
facet normal 0 0 1
outer loop
vertex -12.00576666666667 -13.597466666666671 29.999933333333342
vertex -13.435033333333337 -13.435033333333337 29.999933333333342
vertex -12.662833333333337 -14.135000000000005 29.999933333333342
endloop
endfacet
facet normal 0 0 1
outer loop
vertex -12.00576666666667 -13.597466666666671 29.999933333333342
vertex -12.662833333333337 -14.135000000000005 29.999933333333342
vertex -9.444600000000003 -14.135000000000005 29.999933333333342
endloop
endfacet
facet normal 0 0 1
outer loop
vertex -12.00576666666667 -13.597466666666671 29.999933333333342
vertex -9.444600000000003 -14.135000000000005 29.999933333333342
vertex -10.78476666666667 -13.141333333333337 29.999933333333342
endloop
endfacet
facet normal 0 0 1
outer loop
vertex -12.00576666666667 -13.597466666666671 29.999933333333342
vertex -10.78476666666667 -13.141333333333337 29.999933333333342
vertex -13.701233333333338 -13.141333333333337 29.999933333333342
endloop
endfacet
facet normal 0 0 1
outer loop
vertex 10.763133333333336 -14.58856666666667 29.999933333333342
vertex 9.444600000000003 -14.135000000000005 29.999933333333342
vertex 8.013866666666669 -14.992633333333337 29.999933333333342
endloop
endfacet
facet normal 0 0 1
outer loop
vertex 10.763133333333336 -14.58856666666667 29.999933333333342
vertex 8.013866666666669 -14.992633333333337 29.999933333333342
vertex 11.641666666666671 -14.992633333333337 29.999933333333342
endloop
endfacet
facet normal 0 0 0.9999999999999999
outer loop
vertex 10.763133333333336 -14.58856666666667 29.999933333333342
vertex 11.641666666666671 -14.992633333333337 29.999933333333342
vertex 12.053433333333338 -14.687200000000004 29.999933333333342
endloop
endfacet
facet normal 0 0 1
outer loop
vertex 10.763133333333336 -14.58856666666667 29.999933333333342
vertex 12.053433333333338 -14.687200000000004 29.999933333333342
vertex 12.662833333333337 -14.135000000000005 29.999933333333342
endloop
endfacet
facet normal 0 0 1
outer loop
vertex 10.763133333333336 -14.58856666666667 29.999933333333342
vertex 12.662833333333337 -14.135000000000005 29.999933333333342
vertex 9.444600000000003 -14.135000000000005 29.999933333333342
endloop
endfacet
facet normal 0 0 1
outer loop
vertex -10.763133333333336 -14.58856666666667 29.999933333333342
vertex -12.662833333333337 -14.135000000000005 29.999933333333342
vertex -12.053433333333338 -14.687200000000004 29.999933333333342
endloop
endfacet
facet normal 0 0 0.9999999999999999
outer loop
vertex -10.763133333333336 -14.58856666666667 29.999933333333342
vertex -12.053433333333338 -14.687200000000004 29.999933333333342
vertex -11.641666666666671 -14.992633333333337 29.999933333333342
endloop
endfacet
facet normal 0 0 1
outer loop
vertex -10.763133333333336 -14.58856666666667 29.999933333333342
vertex -11.641666666666671 -14.992633333333337 29.999933333333342
vertex -8.013866666666669 -14.992633333333337 29.999933333333342
endloop
endfacet
facet normal 0 0 1
outer loop
vertex -10.763133333333336 -14.58856666666667 29.999933333333342
vertex -8.013866666666669 -14.992633333333337 29.999933333333342
vertex -9.444600000000003 -14.135000000000005 29.999933333333342
endloop
endfacet
facet normal 0 0 1
outer loop
vertex -10.763133333333336 -14.58856666666667 29.999933333333342
vertex -9.444600000000003 -14.135000000000005 29.999933333333342
vertex -12.662833333333337 -14.135000000000005 29.999933333333342
endloop
endfacet
facet normal 0 0 1
outer loop
vertex 8.013866666666669 -14.992633333333337 29.999933333333342
vertex 6.505766666666669 -15.705800000000005 29.999933333333342
vertex 10.679900000000004 -15.705800000000005 29.999933333333342
endloop
endfacet
facet normal 0 0 1
outer loop
vertex 8.013866666666669 -14.992633333333337 29.999933333333342
vertex 10.679900000000004 -15.705800000000005 29.999933333333342
vertex 11.641666666666671 -14.992633333333337 29.999933333333342
endloop
endfacet
facet normal 0 0 1
outer loop
vertex -11.641666666666671 -14.992633333333337 29.999933333333342
vertex -10.679900000000004 -15.705800000000005 29.999933333333342
vertex -6.505766666666669 -15.705800000000005 29.999933333333342
endloop
endfacet
facet normal 0 0 1
outer loop
vertex -11.641666666666671 -14.992633333333337 29.999933333333342
vertex -6.505766666666669 -15.705800000000005 29.999933333333342
vertex -8.013866666666669 -14.992633333333337 29.999933333333342
endloop
endfacet
facet normal 0 0 1
outer loop
vertex 8.489800000000002 -15.948900000000005 29.999933333333342
vertex 6.505766666666669 -15.705800000000005 29.999933333333342
vertex 4.934966666666668 -16.267900000000004 29.999933333333342
endloop
endfacet
facet normal 0 0 0.9999999999999999
outer loop
vertex 8.489800000000002 -15.948900000000005 29.999933333333342
vertex 4.934966666666668 -16.267900000000004 29.999933333333342
vertex 9.77166666666667 -16.267900000000004 29.999933333333342
endloop
endfacet
facet normal 0 0 1
outer loop
vertex 8.489800000000002 -15.948900000000005 29.999933333333342
vertex 9.77166666666667 -16.267900000000004 29.999933333333342
vertex 10.55596666666667 -15.797833333333339 29.999933333333342
endloop
endfacet
facet normal 0 0 1
outer loop
vertex 8.489800000000002 -15.948900000000005 29.999933333333342
vertex 10.55596666666667 -15.797833333333339 29.999933333333342
vertex 10.679900000000004 -15.705800000000005 29.999933333333342
endloop
endfacet
facet normal 0 0 1
outer loop
vertex 8.489800000000002 -15.948900000000005 29.999933333333342
vertex 10.679900000000004 -15.705800000000005 29.999933333333342
vertex 6.505766666666669 -15.705800000000005 29.999933333333342
endloop
endfacet
facet normal 0 0 1
outer loop
vertex -8.489800000000002 -15.948900000000005 29.999933333333342
vertex -10.679900000000004 -15.705800000000005 29.999933333333342
vertex -10.55596666666667 -15.797833333333339 29.999933333333342
endloop
endfacet
facet normal 0 0 1
outer loop
vertex -8.489800000000002 -15.948900000000005 29.999933333333342
vertex -10.55596666666667 -15.797833333333339 29.999933333333342
vertex -9.77166666666667 -16.267900000000004 29.999933333333342
endloop
endfacet
facet normal 0 0 0.9999999999999999
outer loop
vertex -8.489800000000002 -15.948900000000005 29.999933333333342
vertex -9.77166666666667 -16.267900000000004 29.999933333333342
vertex -4.934966666666668 -16.267900000000004 29.999933333333342
endloop
endfacet
facet normal 0 0 1
outer loop
vertex -8.489800000000002 -15.948900000000005 29.999933333333342
vertex -4.934966666666668 -16.267900000000004 29.999933333333342
vertex -6.505766666666669 -15.705800000000005 29.999933333333342
endloop
endfacet
facet normal 0 0 1
outer loop
vertex -8.489800000000002 -15.948900000000005 29.999933333333342
vertex -6.505766666666669 -15.705800000000005 29.999933333333342
vertex -10.679900000000004 -15.705800000000005 29.999933333333342
endloop
endfacet
facet normal 0 0 0.9999999999999999
outer loop
vertex 4.934966666666668 -16.267900000000004 29.999933333333342
vertex 3.316500000000001 -16.67343333333334 29.999933333333342
vertex 9.09516666666667 -16.67343333333334 29.999933333333342
endloop
endfacet
facet normal 0 0 1
outer loop
vertex 4.934966666666668 -16.267900000000004 29.999933333333342
vertex 9.09516666666667 -16.67343333333334 29.999933333333342
vertex 9.77166666666667 -16.267900000000004 29.999933333333342
endloop
endfacet
facet normal 0 0 1
outer loop
vertex -9.77166666666667 -16.267900000000004 29.999933333333342
vertex -9.09516666666667 -16.67343333333334 29.999933333333342
vertex -3.316500000000001 -16.67343333333334 29.999933333333342
endloop
endfacet
facet normal 0 0 1
outer loop
vertex -9.77166666666667 -16.267900000000004 29.999933333333342
vertex -3.316500000000001 -16.67343333333334 29.999933333333342
vertex -4.934966666666668 -16.267900000000004 29.999933333333342
endloop
endfacet
facet normal 0 0 1
outer loop
vertex 6.329766666666669 -16.78783333333334 29.999933333333342
vertex 3.316500000000001 -16.67343333333334 29.999933333333342
vertex 1.666133333333334 -16.918000000000006 29.999933333333342
endloop
endfacet
facet normal 0 0 1
outer loop
vertex 6.329766666666669 -16.78783333333334 29.999933333333342
vertex 1.666133333333334 -16.918000000000006 29.999933333333342
vertex 8.614833333333335 -16.918000000000006 29.999933333333342
endloop
endfacet
facet normal 0 0 1
outer loop
vertex 6.329766666666669 -16.78783333333334 29.999933333333342
vertex 8.614833333333335 -16.918000000000006 29.999933333333342
vertex 8.956566666666669 -16.75666666666667 29.999933333333342
endloop
endfacet
facet normal 0 0 0.9999999999999999
outer loop
vertex 6.329766666666669 -16.78783333333334 29.999933333333342
vertex 8.956566666666669 -16.75666666666667 29.999933333333342
vertex 9.09516666666667 -16.67343333333334 29.999933333333342
endloop
endfacet
facet normal 0 0 1
outer loop
vertex 6.329766666666669 -16.78783333333334 29.999933333333342
vertex 9.09516666666667 -16.67343333333334 29.999933333333342
vertex 3.316500000000001 -16.67343333333334 29.999933333333342
endloop
endfacet
facet normal 0 0 0.9999999999999999
outer loop
vertex -6.329766666666669 -16.78783333333334 29.999933333333342
vertex -9.09516666666667 -16.67343333333334 29.999933333333342
vertex -8.956566666666669 -16.75666666666667 29.999933333333342
endloop
endfacet
facet normal 0 0 1
outer loop
vertex -6.329766666666669 -16.78783333333334 29.999933333333342
vertex -8.956566666666669 -16.75666666666667 29.999933333333342
vertex -8.614833333333335 -16.918000000000006 29.999933333333342
endloop
endfacet
facet normal 0 0 1
outer loop
vertex -6.329766666666669 -16.78783333333334 29.999933333333342
vertex -8.614833333333335 -16.918000000000006 29.999933333333342
vertex -1.666133333333334 -16.918000000000006 29.999933333333342
endloop
endfacet
facet normal 0 0 1
outer loop
vertex -6.329766666666669 -16.78783333333334 29.999933333333342
vertex -1.666133333333334 -16.918000000000006 29.999933333333342
vertex -3.316500000000001 -16.67343333333334 29.999933333333342
endloop
endfacet
facet normal 0 0 1
outer loop
vertex -6.329766666666669 -16.78783333333334 29.999933333333342
vertex -3.316500000000001 -16.67343333333334 29.999933333333342
vertex -9.09516666666667 -16.67343333333334 29.999933333333342
endloop
endfacet
facet normal 0 0 1
outer loop
vertex 1.666133333333334 -16.918000000000006 29.999933333333342
vertex 0 -17.000133333333338 29.999933333333342
vertex 8.44176666666667 -17.000133333333338 29.999933333333342
endloop
endfacet
facet normal 0 0 0.9999999999999999
outer loop
vertex 1.666133333333334 -16.918000000000006 29.999933333333342
vertex 8.44176666666667 -17.000133333333338 29.999933333333342
vertex 8.614833333333335 -16.918000000000006 29.999933333333342
endloop
endfacet
facet normal 0 0 1
outer loop
vertex -8.614833333333335 -16.918000000000006 29.999933333333342
vertex -8.44176666666667 -17.000133333333338 29.999933333333342
vertex 0 -17.000133333333338 29.999933333333342
endloop
endfacet
facet normal 0 0 0.9999999999999999
outer loop
vertex -8.614833333333335 -16.918000000000006 29.999933333333342
vertex 0 -17.000133333333338 29.999933333333342
vertex -1.666133333333334 -16.918000000000006 29.999933333333342
endloop
endfacet
facet normal 0 0 1
outer loop
vertex 0 -18.046600000000005 29.999933333333342
vertex 0 -17.000133333333338 29.999933333333342
vertex -8.44176666666667 -17.000133333333338 29.999933333333342
endloop
endfacet
facet normal 0 0 1
outer loop
vertex 0 -18.046600000000005 29.999933333333342
vertex -8.44176666666667 -17.000133333333338 29.999933333333342
vertex -7.271000000000003 -17.553800000000006 29.999933333333342
endloop
endfacet
facet normal 0 0 1
outer loop
vertex 0 -18.046600000000005 29.999933333333342
vertex -7.271000000000003 -17.553800000000006 29.999933333333342
vertex -5.515400000000001 -18.181900000000006 29.999933333333342
endloop
endfacet
facet normal 0 0 1
outer loop
vertex 0 -18.046600000000005 29.999933333333342
vertex -5.515400000000001 -18.181900000000006 29.999933333333342
vertex -3.7066333333333343 -18.635100000000005 29.999933333333342
endloop
endfacet
facet normal 0 0 1
outer loop
vertex 0 -18.046600000000005 29.999933333333342
vertex -3.7066333333333343 -18.635100000000005 29.999933333333342
vertex -1.8623000000000005 -18.908633333333338 29.999933333333342
endloop
endfacet
facet normal 0 0 1
outer loop
vertex 0 -18.046600000000005 29.999933333333342
vertex -1.8623000000000005 -18.908633333333338 29.999933333333342
vertex 0 -18.99993333333334 29.999933333333342
endloop
endfacet
facet normal 0 0 1
outer loop
vertex 0 -18.046600000000005 29.999933333333342
vertex 0 -18.99993333333334 29.999933333333342
vertex 1.8623000000000005 -18.908633333333338 29.999933333333342
endloop
endfacet
facet normal 0 0 1
outer loop
vertex 0 -18.046600000000005 29.999933333333342
vertex 1.8623000000000005 -18.908633333333338 29.999933333333342
vertex 3.7066333333333343 -18.635100000000005 29.999933333333342
endloop
endfacet
facet normal 0 0 1
outer loop
vertex 0 -18.046600000000005 29.999933333333342
vertex 3.7066333333333343 -18.635100000000005 29.999933333333342
vertex 5.515400000000001 -18.181900000000006 29.999933333333342
endloop
endfacet
facet normal 0 0 1
outer loop
vertex 0 -18.046600000000005 29.999933333333342
vertex 5.515400000000001 -18.181900000000006 29.999933333333342
vertex 7.271000000000003 -17.553800000000006 29.999933333333342
endloop
endfacet
facet normal 0 0 1
outer loop
vertex 0 -18.046600000000005 29.999933333333342
vertex 7.271000000000003 -17.553800000000006 29.999933333333342
vertex 8.44176666666667 -17.000133333333338 29.999933333333342
endloop
endfacet
facet normal 0 0 1
outer loop
vertex 0 -18.046600000000005 29.999933333333342
vertex 8.44176666666667 -17.000133333333338 29.999933333333342
vertex 0 -17.000133333333338 29.999933333333342
endloop
endfacet
facet normal 0.9486097550296145 0.04645968829458074 0.3130192167043819
outer loop
vertex 16.975253333333335 0.9095933333333334 35.99988666666667
vertex 15.62448 1.5388266666666668 40.000033333333334
vertex 15.643686666666667 1.1466666666666667 40.000033333333334
endloop
endfacet
facet normal 0.9486091673449704 0.046481849199903814 0.31301770768446824
outer loop
vertex 16.975253333333335 0.9095933333333334 35.99988666666667
vertex 15.643686666666667 1.1466666666666667 40.000033333333334
vertex 15.699873333333334 0 40.000033333333334
endloop
endfacet
facet normal 0.9485939759557809 0.04661713170637541 0.31304362605214275
outer loop
vertex 16.975253333333335 0.9095933333333334 35.99988666666667
vertex 15.699873333333334 0 40.000033333333334
vertex 18.99998 0 29.999953333333334
endloop
endfacet
facet normal 0.9485939479627863 0.046582738516029454 0.3130488306330528
outer loop
vertex 16.975253333333335 0.9095933333333334 35.99988666666667
vertex 18.99998 0 29.999953333333334
vertex 18.908533333333335 1.8621866666666667 29.999953333333334
endloop
endfacet
facet normal 0.9486096273751738 0.04641168355297389 0.3130267248669232
outer loop
vertex 16.975253333333335 0.9095933333333334 35.99988666666667
vertex 18.908533333333335 1.8621866666666667 29.999953333333334
vertex 15.62448 1.5388266666666668 40.000033333333334
endloop
endfacet
facet normal 0.9394567263452442 0.1394078158898619 0.31302798627837647
outer loop
vertex 15.3983 3.0630333333333333 40.000033333333334
vertex 15.62448 1.5388266666666668 40.000033333333334
vertex 18.908533333333335 1.8621866666666667 29.999953333333334
endloop
endfacet
facet normal 0.9394672490725122 0.1392993092345626 0.313044709852922
outer loop
vertex 15.3983 3.0630333333333333 40.000033333333334
vertex 18.908533333333335 1.8621866666666667 29.999953333333334
vertex 18.635053333333335 3.7066000000000003 29.999953333333334
endloop
endfacet
facet normal 0.9212678402195884 0.23080295402393639 0.3130424300170179
outer loop
vertex 17.14238 4.239226666666667 34.0001
vertex 15.023913333333335 4.557426666666667 40.000033333333334
vertex 15.3983 3.0630333333333333 40.000033333333334
endloop
endfacet
facet normal 0.9212669209924008 0.2308061387962629 0.31304278713802347
outer loop
vertex 17.14238 4.239226666666667 34.0001
vertex 15.3983 3.0630333333333333 40.000033333333334
vertex 18.635053333333335 3.7066000000000003 29.999953333333334
endloop
endfacet
facet normal 0.9212633721491649 0.23082561692626627 0.313038869322897
outer loop
vertex 17.14238 4.239226666666667 34.0001
vertex 18.635053333333335 3.7066000000000003 29.999953333333334
vertex 18.4728 4.35418 29.999953333333334
endloop
endfacet
facet normal 0.9212629495464437 0.23082742379403554 0.3130387806927369
outer loop
vertex 17.14238 4.239226666666667 34.0001
vertex 18.4728 4.35418 29.999953333333334
vertex 18.181833333333334 5.515466666666667 29.999953333333334
endloop
endfacet
facet normal 0.9212624379638537 0.23082897478300873 0.31303914259645177
outer loop
vertex 17.14238 4.239226666666667 34.0001
vertex 18.181833333333334 5.515466666666667 29.999953333333334
vertex 15.023913333333335 4.557426666666667 40.000033333333334
endloop
endfacet
facet normal 0.8942315595800882 0.3199316373350697 0.31303939893097266
outer loop
vertex 15.023913333333335 4.557426666666667 40.000033333333334
vertex 18.181833333333334 5.515466666666667 29.999953333333334
vertex 17.55374666666667 7.271013333333333 29.999953333333334
endloop
endfacet
facet normal 0.8942755439925822 0.3198258712955103 0.3130218258633712
outer loop
vertex 15.023913333333335 4.557426666666667 40.000033333333334
vertex 17.55374666666667 7.271013333333333 29.999953333333334
vertex 14.505046666666667 6.0082466666666665 40.000033333333334
endloop
endfacet
facet normal 0.8585614784701793 0.4060645359907445 0.31302360980878313
outer loop
vertex 14.505046666666667 6.0082466666666665 40.000033333333334
vertex 17.55374666666667 7.271013333333333 29.999953333333334
vertex 16.756526666666666 8.956613333333333 29.999953333333334
endloop
endfacet
facet normal 0.8585339313935082 0.40611588603175774 0.3130325474429893
outer loop
vertex 14.505046666666667 6.0082466666666665 40.000033333333334
vertex 16.756526666666666 8.956613333333333 29.999953333333334
vertex 13.846286666666668 7.400873333333333 40.000033333333334
endloop
endfacet
facet normal 0.8143846503817725 0.4886307902290509 0.3130776134805735
outer loop
vertex 14.657553333333334 8.611753333333334 35.99988666666667
vertex 13.833386666666668 7.422373333333334 40.000033333333334
vertex 13.846286666666668 7.400873333333333 40.000033333333334
endloop
endfacet
facet normal 0.8145667421181225 0.4883566914219106 0.31303157121688696
outer loop
vertex 14.657553333333334 8.611753333333334 35.99988666666667
vertex 13.846286666666668 7.400873333333333 40.000033333333334
vertex 16.756526666666666 8.956613333333333 29.999953333333334
endloop
endfacet
facet normal 0.814613375576159 0.48827157697197926 0.31304299297973803
outer loop
vertex 14.657553333333334 8.611753333333334 35.99988666666667
vertex 16.756526666666666 8.956613333333333 29.999953333333334
vertex 15.797913333333334 10.555926666666666 29.999953333333334
endloop
endfacet
facet normal 0.8145867042905501 0.48831110926513843 0.3130507335262289
outer loop
vertex 14.657553333333334 8.611753333333334 35.99988666666667
vertex 15.797913333333334 10.555926666666666 29.999953333333334
vertex 13.05394 8.722406666666666 40.000033333333334
endloop
endfacet
facet normal 0.8145547939672347 0.48837364604121575 0.3130362111280498
outer loop
vertex 14.657553333333334 8.611753333333334 35.99988666666667
vertex 13.05394 8.722406666666666 40.000033333333334
vertex 13.833386666666668 7.422373333333334 40.000033333333334
endloop
endfacet
facet normal 0.7627926843332811 0.565815783267891 0.3130492295671252
outer loop
vertex 13.05394 8.722406666666666 40.000033333333334
vertex 15.797913333333334 10.555926666666666 29.999953333333334
vertex 14.68708 12.053473333333335 29.999953333333334
endloop
endfacet
facet normal 0.7629024892828566 0.5656823878143203 0.3130227275497889
outer loop
vertex 13.05394 8.722406666666666 40.000033333333334
vertex 14.68708 12.053473333333335 29.999953333333334
vertex 12.136320000000001 9.959946666666667 40.000033333333334
endloop
endfacet
facet normal 0.7036918445972955 0.6378348157711121 0.3130248163284934
outer loop
vertex 12.136320000000001 9.959946666666667 40.000033333333334
vertex 14.68708 12.053473333333335 29.999953333333334
vertex 13.43492 13.43492 29.999953333333334
endloop
endfacet
facet normal 0.7036299251351342 0.6378965418728874 0.3130382250156316
outer loop
vertex 12.136320000000001 9.959946666666667 40.000033333333334
vertex 13.43492 13.43492 29.999953333333334
vertex 11.101453333333334 11.101453333333334 40.000033333333334
endloop
endfacet
facet normal 0.6378559472146252 0.7036670821441873 0.31303742285806485
outer loop
vertex 11.79404 13.142806666666667 34.0001
vertex 11.101453333333334 11.101453333333334 40.000033333333334
vertex 13.43492 13.43492 29.999953333333334
endloop
endfacet
facet normal 0.6378357369340026 0.7036883972350485 0.3130306890492146
outer loop
vertex 11.79404 13.142806666666667 34.0001
vertex 13.43492 13.43492 29.999953333333334
vertex 12.42098 14.353973333333334 29.999953333333334
endloop
endfacet
facet normal 0.6378271916224896 0.70369574841655 0.3130315755438086
outer loop
vertex 11.79404 13.142806666666667 34.0001
vertex 12.42098 14.353973333333334 29.999953333333334
vertex 12.053473333333335 14.68708 29.999953333333334
endloop
endfacet
facet normal 0.637856742918458 0.7036721604259484 0.31302438587901577
outer loop
vertex 11.79404 13.142806666666667 34.0001
vertex 12.053473333333335 14.68708 29.999953333333334
vertex 9.959946666666667 12.136320000000001 40.000033333333334
endloop
endfacet
facet normal 0.6378982907302756 0.7036318542071895 0.31303032509382445
outer loop
vertex 11.79404 13.142806666666667 34.0001
vertex 9.959946666666667 12.136320000000001 40.000033333333334
vertex 11.101453333333334 11.101453333333334 40.000033333333334
endloop
endfacet
facet normal 0.5658204918902847 0.7627990321638323 0.31302525055809327
outer loop
vertex 9.959946666666667 12.136320000000001 40.000033333333334
vertex 12.053473333333335 14.68708 29.999953333333334
vertex 10.555926666666666 15.797913333333334 29.999953333333334
endloop
endfacet
facet normal 0.5656766905403435 0.7628948057053004 0.3130517484493513
outer loop
vertex 9.959946666666667 12.136320000000001 40.000033333333334
vertex 10.555926666666666 15.797913333333334 29.999953333333334
vertex 8.722406666666666 13.05394 40.000033333333334
endloop
endfacet
facet normal 0.4882703830882731 0.8146113837468535 0.313050038282808
outer loop
vertex 8.722406666666666 13.05394 40.000033333333334
vertex 10.555926666666666 15.797913333333334 29.999953333333334
vertex 8.956613333333333 16.756526666666666 29.999953333333334
endloop
endfacet
facet normal 0.48837879509685755 0.8145536343692157 0.3130311953075025
outer loop
vertex 8.722406666666666 13.05394 40.000033333333334
vertex 8.956613333333333 16.756526666666666 29.999953333333334
vertex 7.400873333333333 13.846286666666668 40.000033333333334
endloop
endfacet
facet normal 0.406063396360911 0.8585590688968524 0.31303169703851347
outer loop
vertex 7.400873333333333 13.846286666666668 40.000033333333334
vertex 8.956613333333333 16.756526666666666 29.999953333333334
vertex 7.271013333333333 17.55374666666667 29.999953333333334
endloop
endfacet
facet normal 0.4061172655495343 0.8585368477108966 0.3130227591489247
outer loop
vertex 7.400873333333333 13.846286666666668 40.000033333333334
vertex 7.271013333333333 17.55374666666667 29.999953333333334
vertex 6.0082466666666665 14.505046666666667 40.000033333333334
endloop
endfacet
facet normal 0.3199334026464926 0.8942364937503996 0.31302349930321366
outer loop
vertex 6.0082466666666665 14.505046666666667 40.000033333333334
vertex 7.271013333333333 17.55374666666667 29.999953333333334
vertex 5.515466666666667 18.181833333333334 29.999953333333334
endloop
endfacet
facet normal 0.31982373582961654 0.8942695729467875 0.3130410658389057
outer loop
vertex 6.0082466666666665 14.505046666666667 40.000033333333334
vertex 5.515466666666667 18.181833333333334 29.999953333333334
vertex 4.557426666666667 15.023913333333335 40.000033333333334
endloop
endfacet
facet normal 0.23080292153330795 0.9212677105307309 0.3130428356393981
outer loop
vertex 3.7066000000000003 18.635053333333335 29.999953333333334
vertex 3.0630333333333333 15.3983 40.000033333333334
vertex 4.557426666666667 15.023913333333335 40.000033333333334
endloop
endfacet
facet normal 0.23082675316134654 0.9212630059760221 0.3130391091301764
outer loop
vertex 3.7066000000000003 18.635053333333335 29.999953333333334
vertex 4.557426666666667 15.023913333333335 40.000033333333334
vertex 5.515466666666667 18.181833333333334 29.999953333333334
endloop
endfacet
facet normal 0.13940781588986217 0.939456726345244 0.3130279862783764
outer loop
vertex 1.8621866666666667 18.908533333333335 29.999953333333334
vertex 1.5388266666666668 15.62448 40.000033333333334
vertex 3.0630333333333333 15.3983 40.000033333333334
endloop
endfacet
facet normal 0.13929930923456232 0.9394672490725122 0.313044709852922
outer loop
vertex 1.8621866666666667 18.908533333333335 29.999953333333334
vertex 3.0630333333333333 15.3983 40.000033333333334
vertex 3.7066000000000003 18.635053333333335 29.999953333333334
endloop
endfacet
facet normal 0.04647575651157062 0.9486002317646667 0.31304569051928793
outer loop
vertex 0 18.99998 29.999953333333334
vertex 0 15.699873333333334 40.000033333333334
vertex 1.5388266666666668 15.62448 40.000033333333334
endloop
endfacet
facet normal 0.04658305529841915 0.9486003988041762 0.31302923561166335
outer loop
vertex 0 18.99998 29.999953333333334
vertex 1.5388266666666668 15.62448 40.000033333333334
vertex 1.8621866666666667 18.908533333333335 29.999953333333334
endloop
endfacet
facet normal -0.04658305529841915 0.9486003988041762 0.31302923561166335
outer loop
vertex 0 18.99998 29.999953333333334
vertex -1.8621866666666667 18.908533333333335 29.999953333333334
vertex -1.5388266666666668 15.62448 40.000033333333334
endloop
endfacet
facet normal -0.04647575651157062 0.9486002317646667 0.31304569051928793
outer loop
vertex 0 18.99998 29.999953333333334
vertex -1.5388266666666668 15.62448 40.000033333333334
vertex 0 15.699873333333334 40.000033333333334
endloop
endfacet
facet normal -0.13929930923456232 0.9394672490725122 0.313044709852922
outer loop
vertex -1.8621866666666667 18.908533333333335 29.999953333333334
vertex -3.7066000000000003 18.635053333333335 29.999953333333334
vertex -3.0630333333333333 15.3983 40.000033333333334
endloop
endfacet
facet normal -0.13940781588986217 0.939456726345244 0.3130279862783764
outer loop
vertex -1.8621866666666667 18.908533333333335 29.999953333333334
vertex -3.0630333333333333 15.3983 40.000033333333334
vertex -1.5388266666666668 15.62448 40.000033333333334
endloop
endfacet
facet normal -0.23082675316134654 0.9212630059760221 0.3130391091301764
outer loop
vertex -3.7066000000000003 18.635053333333335 29.999953333333334
vertex -5.515466666666667 18.181833333333334 29.999953333333334
vertex -4.557426666666667 15.023913333333335 40.000033333333334
endloop
endfacet
facet normal -0.23080292153330795 0.9212677105307309 0.3130428356393981
outer loop
vertex -3.7066000000000003 18.635053333333335 29.999953333333334
vertex -4.557426666666667 15.023913333333335 40.000033333333334
vertex -3.0630333333333333 15.3983 40.000033333333334
endloop
endfacet
facet normal -0.3199316373350697 0.8942315595800882 0.31303939893097266
outer loop
vertex -4.557426666666667 15.023913333333335 40.000033333333334
vertex -5.515466666666667 18.181833333333334 29.999953333333334
vertex -7.271013333333333 17.55374666666667 29.999953333333334
endloop
endfacet
facet normal -0.3198258712955103 0.8942755439925822 0.3130218258633712
outer loop
vertex -4.557426666666667 15.023913333333335 40.000033333333334
vertex -7.271013333333333 17.55374666666667 29.999953333333334
vertex -6.0082466666666665 14.505046666666667 40.000033333333334
endloop
endfacet
facet normal -0.4060645359907445 0.8585614784701793 0.31302360980878313
outer loop
vertex -6.0082466666666665 14.505046666666667 40.000033333333334
vertex -7.271013333333333 17.55374666666667 29.999953333333334
vertex -8.956613333333333 16.756526666666666 29.999953333333334
endloop
endfacet
facet normal -0.40611588603175774 0.8585339313935082 0.3130325474429893
outer loop
vertex -6.0082466666666665 14.505046666666667 40.000033333333334
vertex -8.956613333333333 16.756526666666666 29.999953333333334
vertex -7.400873333333333 13.846286666666668 40.000033333333334
endloop
endfacet
facet normal -0.48827327234847234 0.8146162040765939 0.31303298798362383
outer loop
vertex -7.400873333333333 13.846286666666668 40.000033333333334
vertex -8.956613333333333 16.756526666666666 29.999953333333334
vertex -10.555926666666666 15.797913333333334 29.999953333333334
endloop
endfacet
facet normal -0.4883752980452846 0.8145478017325474 0.3130518279005155
outer loop
vertex -7.400873333333333 13.846286666666668 40.000033333333334
vertex -10.555926666666666 15.797913333333334 29.999953333333334
vertex -8.722406666666666 13.05394 40.000033333333334
endloop
endfacet
facet normal -0.565815783267891 0.7627926843332811 0.3130492295671252
outer loop
vertex -8.722406666666666 13.05394 40.000033333333334
vertex -10.555926666666666 15.797913333333334 29.999953333333334
vertex -12.053473333333335 14.68708 29.999953333333334
endloop
endfacet
facet normal -0.5656823878143203 0.7629024892828566 0.3130227275497889
outer loop
vertex -8.722406666666666 13.05394 40.000033333333334
vertex -12.053473333333335 14.68708 29.999953333333334
vertex -9.959946666666667 12.136320000000001 40.000033333333334
endloop
endfacet
facet normal -0.637856742918458 0.7036721604259484 0.31302438587901577
outer loop
vertex -11.79404 13.142806666666667 34.0001
vertex -9.959946666666667 12.136320000000001 40.000033333333334
vertex -12.053473333333335 14.68708 29.999953333333334
endloop
endfacet
facet normal -0.6378271916224896 0.70369574841655 0.3130315755438086
outer loop
vertex -11.79404 13.142806666666667 34.0001
vertex -12.053473333333335 14.68708 29.999953333333334
vertex -12.42098 14.353973333333334 29.999953333333334
endloop
endfacet
facet normal -0.6378357369340026 0.7036883972350485 0.3130306890492146
outer loop
vertex -11.79404 13.142806666666667 34.0001
vertex -12.42098 14.353973333333334 29.999953333333334
vertex -13.43492 13.43492 29.999953333333334
endloop
endfacet
facet normal -0.6378559472146252 0.7036670821441873 0.31303742285806485
outer loop
vertex -11.79404 13.142806666666667 34.0001
vertex -13.43492 13.43492 29.999953333333334
vertex -11.101453333333334 11.101453333333334 40.000033333333334
endloop
endfacet
facet normal -0.6378982907302756 0.7036318542071895 0.31303032509382445
outer loop
vertex -11.79404 13.142806666666667 34.0001
vertex -11.101453333333334 11.101453333333334 40.000033333333334
vertex -9.959946666666667 12.136320000000001 40.000033333333334
endloop
endfacet
facet normal -0.7036888810418105 0.637832129568506 0.3130369517936009
outer loop
vertex -11.101453333333334 11.101453333333334 40.000033333333334
vertex -13.43492 13.43492 29.999953333333334
vertex -14.68708 12.053473333333335 29.999953333333334
endloop
endfacet
facet normal -0.7036335110199969 0.6378997927629814 0.31302353994966126
outer loop
vertex -11.101453333333334 11.101453333333334 40.000033333333334
vertex -14.68708 12.053473333333335 29.999953333333334
vertex -12.136320000000001 9.959946666666667 40.000033333333334
endloop
endfacet
facet normal -0.7627990321638323 0.5658204918902847 0.31302525055809327
outer loop
vertex -12.136320000000001 9.959946666666667 40.000033333333334
vertex -14.68708 12.053473333333335 29.999953333333334
vertex -15.797913333333334 10.555926666666666 29.999953333333334
endloop
endfacet
facet normal -0.7628948057053004 0.5656766905403435 0.3130517484493513
outer loop
vertex -12.136320000000001 9.959946666666667 40.000033333333334
vertex -15.797913333333334 10.555926666666666 29.999953333333334
vertex -13.05394 8.722406666666666 40.000033333333334
endloop
endfacet
facet normal -0.8145547939672347 0.48837364604121575 0.3130362111280498
outer loop
vertex -14.657553333333334 8.611753333333334 35.99988666666667
vertex -13.833386666666668 7.422373333333334 40.000033333333334
vertex -13.05394 8.722406666666666 40.000033333333334
endloop
endfacet
facet normal -0.8145867042905501 0.48831110926513843 0.3130507335262289
outer loop
vertex -14.657553333333334 8.611753333333334 35.99988666666667
vertex -13.05394 8.722406666666666 40.000033333333334
vertex -15.797913333333334 10.555926666666666 29.999953333333334
endloop
endfacet
facet normal -0.814613375576159 0.48827157697197926 0.31304299297973803
outer loop
vertex -14.657553333333334 8.611753333333334 35.99988666666667
vertex -15.797913333333334 10.555926666666666 29.999953333333334
vertex -16.756526666666666 8.956613333333333 29.999953333333334
endloop
endfacet
facet normal -0.8145667421181225 0.4883566914219106 0.31303157121688696
outer loop
vertex -14.657553333333334 8.611753333333334 35.99988666666667
vertex -16.756526666666666 8.956613333333333 29.999953333333334
vertex -13.846286666666668 7.400873333333333 40.000033333333334
endloop
endfacet
facet normal -0.8143846503817725 0.4886307902290509 0.3130776134805735
outer loop
vertex -14.657553333333334 8.611753333333334 35.99988666666667
vertex -13.846286666666668 7.400873333333333 40.000033333333334
vertex -13.833386666666668 7.422373333333334 40.000033333333334
endloop
endfacet
facet normal -0.8585590688968524 0.406063396360911 0.31303169703851347
outer loop
vertex -13.846286666666668 7.400873333333333 40.000033333333334
vertex -16.756526666666666 8.956613333333333 29.999953333333334
vertex -17.55374666666667 7.271013333333333 29.999953333333334
endloop
endfacet
facet normal -0.8585368477108966 0.4061172655495343 0.3130227591489247
outer loop
vertex -13.846286666666668 7.400873333333333 40.000033333333334
vertex -17.55374666666667 7.271013333333333 29.999953333333334
vertex -14.505046666666667 6.0082466666666665 40.000033333333334
endloop
endfacet
facet normal -0.8942364937503996 0.3199334026464926 0.31302349930321366
outer loop
vertex -14.505046666666667 6.0082466666666665 40.000033333333334
vertex -17.55374666666667 7.271013333333333 29.999953333333334
vertex -18.181833333333334 5.515466666666667 29.999953333333334
endloop
endfacet
facet normal -0.8942695729467875 0.31982373582961654 0.3130410658389057
outer loop
vertex -14.505046666666667 6.0082466666666665 40.000033333333334
vertex -18.181833333333334 5.515466666666667 29.999953333333334
vertex -15.023913333333335 4.557426666666667 40.000033333333334
endloop
endfacet
facet normal -0.9212633721491649 0.23082561692626627 0.313038869322897
outer loop
vertex -17.14238 4.239226666666667 34.0001
vertex -18.4728 4.35418 29.999953333333334
vertex -18.635053333333335 3.7066000000000003 29.999953333333334
endloop
endfacet
facet normal -0.9212669209924008 0.2308061387962629 0.31304278713802347
outer loop
vertex -17.14238 4.239226666666667 34.0001
vertex -18.635053333333335 3.7066000000000003 29.999953333333334
vertex -15.3983 3.0630333333333333 40.000033333333334
endloop
endfacet
facet normal -0.9212678402195884 0.23080295402393639 0.3130424300170179
outer loop
vertex -17.14238 4.239226666666667 34.0001
vertex -15.3983 3.0630333333333333 40.000033333333334
vertex -15.023913333333335 4.557426666666667 40.000033333333334
endloop
endfacet
facet normal -0.9212624379638537 0.23082897478300873 0.31303914259645177
outer loop
vertex -17.14238 4.239226666666667 34.0001
vertex -15.023913333333335 4.557426666666667 40.000033333333334
vertex -18.181833333333334 5.515466666666667 29.999953333333334
endloop
endfacet
facet normal -0.9212629495464437 0.23082742379403554 0.3130387806927369
outer loop
vertex -17.14238 4.239226666666667 34.0001
vertex -18.181833333333334 5.515466666666667 29.999953333333334
vertex -18.4728 4.35418 29.999953333333334
endloop
endfacet
facet normal -0.939456726345244 0.13940781588986217 0.3130279862783764
outer loop
vertex -18.908533333333335 1.8621866666666667 29.999953333333334
vertex -15.62448 1.5388266666666668 40.000033333333334
vertex -15.3983 3.0630333333333333 40.000033333333334
endloop
endfacet
facet normal -0.9394672490725122 0.13929930923456232 0.313044709852922
outer loop
vertex -18.908533333333335 1.8621866666666667 29.999953333333334
vertex -15.3983 3.0630333333333333 40.000033333333334
vertex -18.635053333333335 3.7066000000000003 29.999953333333334
endloop
endfacet
facet normal -0.9485939759557809 0.04661713170637541 0.31304362605214275
outer loop
vertex -16.975253333333335 0.9095933333333334 35.99988666666667
vertex -18.99998 0 29.999953333333334
vertex -15.699873333333334 0 40.000033333333334
endloop
endfacet
facet normal -0.9486091673449704 0.046481849199903814 0.31301770768446824
outer loop
vertex -16.975253333333335 0.9095933333333334 35.99988666666667
vertex -15.699873333333334 0 40.000033333333334
vertex -15.643686666666667 1.1466666666666667 40.000033333333334
endloop
endfacet
facet normal -0.9486097550296145 0.04645968829458074 0.3130192167043819
outer loop
vertex -16.975253333333335 0.9095933333333334 35.99988666666667
vertex -15.643686666666667 1.1466666666666667 40.000033333333334
vertex -15.62448 1.5388266666666668 40.000033333333334
endloop
endfacet
facet normal -0.9486096273751738 0.04641168355297389 0.3130267248669232
outer loop
vertex -16.975253333333335 0.9095933333333334 35.99988666666667
vertex -15.62448 1.5388266666666668 40.000033333333334
vertex -18.908533333333335 1.8621866666666667 29.999953333333334
endloop
endfacet
facet normal -0.9485939479627863 0.046582738516029454 0.3130488306330528
outer loop
vertex -16.975253333333335 0.9095933333333334 35.99988666666667
vertex -18.908533333333335 1.8621866666666667 29.999953333333334
vertex -18.99998 0 29.999953333333334
endloop
endfacet
facet normal -0.9485939479627863 -0.046582738516029454 0.3130488306330528
outer loop
vertex -16.975253333333335 -0.9095933333333334 35.99988666666667
vertex -18.99998 0 29.999953333333334
vertex -18.908533333333335 -1.8621866666666667 29.999953333333334
endloop
endfacet
facet normal -0.9486096273751738 -0.04641168355297389 0.3130267248669232
outer loop
vertex -16.975253333333335 -0.9095933333333334 35.99988666666667
vertex -18.908533333333335 -1.8621866666666667 29.999953333333334
vertex -15.62448 -1.5388266666666668 40.000033333333334
endloop
endfacet
facet normal -0.9486097550296145 -0.04645968829458074 0.3130192167043819
outer loop
vertex -16.975253333333335 -0.9095933333333334 35.99988666666667
vertex -15.62448 -1.5388266666666668 40.000033333333334
vertex -15.643686666666667 -1.1466666666666667 40.000033333333334
endloop
endfacet
facet normal -0.9486091673449704 -0.046481849199903814 0.31301770768446824
outer loop
vertex -16.975253333333335 -0.9095933333333334 35.99988666666667
vertex -15.643686666666667 -1.1466666666666667 40.000033333333334
vertex -15.699873333333334 0 40.000033333333334
endloop
endfacet
facet normal -0.9485939759557809 -0.04661713170637541 0.31304362605214275
outer loop
vertex -16.975253333333335 -0.9095933333333334 35.99988666666667
vertex -15.699873333333334 0 40.000033333333334
vertex -18.99998 0 29.999953333333334
endloop
endfacet
facet normal -0.9394672490725122 -0.13929930923456232 0.313044709852922
outer loop
vertex -18.908533333333335 -1.8621866666666667 29.999953333333334
vertex -18.635053333333335 -3.7066000000000003 29.999953333333334
vertex -15.3983 -3.0630333333333333 40.000033333333334
endloop
endfacet
facet normal -0.939456726345244 -0.13940781588986217 0.3130279862783764
outer loop
vertex -18.908533333333335 -1.8621866666666667 29.999953333333334
vertex -15.3983 -3.0630333333333333 40.000033333333334
vertex -15.62448 -1.5388266666666668 40.000033333333334
endloop
endfacet
facet normal -0.9212633721491649 -0.23082561692626627 0.313038869322897
outer loop
vertex -17.14238 -4.239226666666667 34.0001
vertex -18.635053333333335 -3.7066000000000003 29.999953333333334
vertex -18.4728 -4.35418 29.999953333333334
endloop
endfacet
facet normal -0.9212629495464437 -0.23082742379403554 0.3130387806927369
outer loop
vertex -17.14238 -4.239226666666667 34.0001
vertex -18.4728 -4.35418 29.999953333333334
vertex -18.181833333333334 -5.515466666666667 29.999953333333334
endloop
endfacet
facet normal -0.9212624379638537 -0.23082897478300873 0.31303914259645177
outer loop
vertex -17.14238 -4.239226666666667 34.0001
vertex -18.181833333333334 -5.515466666666667 29.999953333333334
vertex -15.023913333333335 -4.557426666666667 40.000033333333334
endloop
endfacet
facet normal -0.9212678402195884 -0.23080295402393639 0.3130424300170179
outer loop
vertex -17.14238 -4.239226666666667 34.0001
vertex -15.023913333333335 -4.557426666666667 40.000033333333334
vertex -15.3983 -3.0630333333333333 40.000033333333334
endloop
endfacet
facet normal -0.9212669209924008 -0.2308061387962629 0.31304278713802347
outer loop
vertex -17.14238 -4.239226666666667 34.0001
vertex -15.3983 -3.0630333333333333 40.000033333333334
vertex -18.635053333333335 -3.7066000000000003 29.999953333333334
endloop
endfacet
facet normal -0.8942315595800882 -0.3199316373350697 0.31303939893097266
outer loop
vertex -15.023913333333335 -4.557426666666667 40.000033333333334
vertex -18.181833333333334 -5.515466666666667 29.999953333333334
vertex -17.55374666666667 -7.271013333333333 29.999953333333334
endloop
endfacet
facet normal -0.8942755439925822 -0.3198258712955103 0.3130218258633712
outer loop
vertex -15.023913333333335 -4.557426666666667 40.000033333333334
vertex -17.55374666666667 -7.271013333333333 29.999953333333334
vertex -14.505046666666667 -6.0082466666666665 40.000033333333334
endloop
endfacet
facet normal -0.8585614784701793 -0.4060645359907445 0.31302360980878313
outer loop
vertex -14.505046666666667 -6.0082466666666665 40.000033333333334
vertex -17.55374666666667 -7.271013333333333 29.999953333333334
vertex -16.756526666666666 -8.956613333333333 29.999953333333334
endloop
endfacet
facet normal -0.8585339313935082 -0.40611588603175774 0.3130325474429893
outer loop
vertex -14.505046666666667 -6.0082466666666665 40.000033333333334
vertex -16.756526666666666 -8.956613333333333 29.999953333333334
vertex -13.846286666666668 -7.400873333333333 40.000033333333334
endloop
endfacet
facet normal -0.8143846503817725 -0.4886307902290509 0.3130776134805735
outer loop
vertex -14.657553333333334 -8.611753333333334 35.99988666666667
vertex -13.833386666666668 -7.422373333333334 40.000033333333334
vertex -13.846286666666668 -7.400873333333333 40.000033333333334
endloop
endfacet
facet normal -0.8145667421181225 -0.4883566914219106 0.31303157121688696
outer loop
vertex -14.657553333333334 -8.611753333333334 35.99988666666667
vertex -13.846286666666668 -7.400873333333333 40.000033333333334
vertex -16.756526666666666 -8.956613333333333 29.999953333333334
endloop
endfacet
facet normal -0.814613375576159 -0.48827157697197926 0.31304299297973803
outer loop
vertex -14.657553333333334 -8.611753333333334 35.99988666666667
vertex -16.756526666666666 -8.956613333333333 29.999953333333334
vertex -15.797913333333334 -10.555926666666666 29.999953333333334
endloop
endfacet
facet normal -0.8145867042905501 -0.48831110926513843 0.3130507335262289
outer loop
vertex -14.657553333333334 -8.611753333333334 35.99988666666667
vertex -15.797913333333334 -10.555926666666666 29.999953333333334
vertex -13.05394 -8.722406666666666 40.000033333333334
endloop
endfacet
facet normal -0.8145547939672347 -0.48837364604121575 0.3130362111280498
outer loop
vertex -14.657553333333334 -8.611753333333334 35.99988666666667
vertex -13.05394 -8.722406666666666 40.000033333333334
vertex -13.833386666666668 -7.422373333333334 40.000033333333334
endloop
endfacet
facet normal -0.7627926843332811 -0.565815783267891 0.3130492295671252
outer loop
vertex -13.05394 -8.722406666666666 40.000033333333334
vertex -15.797913333333334 -10.555926666666666 29.999953333333334
vertex -14.68708 -12.053473333333335 29.999953333333334
endloop
endfacet
facet normal -0.7629024892828566 -0.5656823878143203 0.3130227275497889
outer loop
vertex -13.05394 -8.722406666666666 40.000033333333334
vertex -14.68708 -12.053473333333335 29.999953333333334
vertex -12.136320000000001 -9.959946666666667 40.000033333333334
endloop
endfacet
facet normal -0.7036918445972955 -0.6378348157711121 0.3130248163284934
outer loop
vertex -12.136320000000001 -9.959946666666667 40.000033333333334
vertex -14.68708 -12.053473333333335 29.999953333333334
vertex -13.43492 -13.43492 29.999953333333334
endloop
endfacet
facet normal -0.7036299251351342 -0.6378965418728874 0.3130382250156316
outer loop
vertex -12.136320000000001 -9.959946666666667 40.000033333333334
vertex -13.43492 -13.43492 29.999953333333334
vertex -11.101453333333334 -11.101453333333334 40.000033333333334
endloop
endfacet
facet normal -0.6378559472146252 -0.7036670821441873 0.31303742285806485
outer loop
vertex -11.79404 -13.142806666666667 34.0001
vertex -11.101453333333334 -11.101453333333334 40.000033333333334
vertex -13.43492 -13.43492 29.999953333333334
endloop
endfacet
facet normal -0.6378357369340026 -0.7036883972350485 0.3130306890492146
outer loop
vertex -11.79404 -13.142806666666667 34.0001
vertex -13.43492 -13.43492 29.999953333333334
vertex -12.42098 -14.353973333333334 29.999953333333334
endloop
endfacet
facet normal -0.6378271916224896 -0.70369574841655 0.3130315755438086
outer loop
vertex -11.79404 -13.142806666666667 34.0001
vertex -12.42098 -14.353973333333334 29.999953333333334
vertex -12.053473333333335 -14.68708 29.999953333333334
endloop
endfacet
facet normal -0.637856742918458 -0.7036721604259484 0.31302438587901577
outer loop
vertex -11.79404 -13.142806666666667 34.0001
vertex -12.053473333333335 -14.68708 29.999953333333334
vertex -9.959946666666667 -12.136320000000001 40.000033333333334
endloop
endfacet
facet normal -0.6378982907302756 -0.7036318542071895 0.31303032509382445
outer loop
vertex -11.79404 -13.142806666666667 34.0001
vertex -9.959946666666667 -12.136320000000001 40.000033333333334
vertex -11.101453333333334 -11.101453333333334 40.000033333333334
endloop
endfacet
facet normal -0.5658204918902847 -0.7627990321638323 0.31302525055809327
outer loop
vertex -9.959946666666667 -12.136320000000001 40.000033333333334
vertex -12.053473333333335 -14.68708 29.999953333333334
vertex -10.555926666666666 -15.797913333333334 29.999953333333334
endloop
endfacet
facet normal -0.5656766905403435 -0.7628948057053004 0.3130517484493513
outer loop
vertex -9.959946666666667 -12.136320000000001 40.000033333333334
vertex -10.555926666666666 -15.797913333333334 29.999953333333334
vertex -8.722406666666666 -13.05394 40.000033333333334
endloop
endfacet
facet normal -0.4882703830882731 -0.8146113837468535 0.313050038282808
outer loop
vertex -8.722406666666666 -13.05394 40.000033333333334
vertex -10.555926666666666 -15.797913333333334 29.999953333333334
vertex -8.956613333333333 -16.756526666666666 29.999953333333334
endloop
endfacet
facet normal -0.48837879509685755 -0.8145536343692157 0.3130311953075025
outer loop
vertex -8.722406666666666 -13.05394 40.000033333333334
vertex -8.956613333333333 -16.756526666666666 29.999953333333334
vertex -7.400873333333333 -13.846286666666668 40.000033333333334
endloop
endfacet
facet normal -0.406063396360911 -0.8585590688968524 0.31303169703851347
outer loop
vertex -7.400873333333333 -13.846286666666668 40.000033333333334
vertex -8.956613333333333 -16.756526666666666 29.999953333333334
vertex -7.271013333333333 -17.55374666666667 29.999953333333334
endloop
endfacet
facet normal -0.4061172655495343 -0.8585368477108966 0.3130227591489247
outer loop
vertex -7.400873333333333 -13.846286666666668 40.000033333333334
vertex -7.271013333333333 -17.55374666666667 29.999953333333334
vertex -6.0082466666666665 -14.505046666666667 40.000033333333334
endloop
endfacet
facet normal -0.3199334026464926 -0.8942364937503996 0.31302349930321366
outer loop
vertex -6.0082466666666665 -14.505046666666667 40.000033333333334
vertex -7.271013333333333 -17.55374666666667 29.999953333333334
vertex -5.515466666666667 -18.181833333333334 29.999953333333334
endloop
endfacet
facet normal -0.31982373582961654 -0.8942695729467875 0.3130410658389057
outer loop
vertex -6.0082466666666665 -14.505046666666667 40.000033333333334
vertex -5.515466666666667 -18.181833333333334 29.999953333333334
vertex -4.557426666666667 -15.023913333333335 40.000033333333334
endloop
endfacet
facet normal -0.23082675316134665 -0.9212630059760221 0.3130391091301765
outer loop
vertex -4.557426666666667 -15.023913333333335 40.000033333333334
vertex -5.515466666666667 -18.181833333333334 29.999953333333334
vertex -3.7066000000000003 -18.635053333333335 29.999953333333334
endloop
endfacet
facet normal -0.23080292153330764 -0.921267710530731 0.3130428356393981
outer loop
vertex -4.557426666666667 -15.023913333333335 40.000033333333334
vertex -3.7066000000000003 -18.635053333333335 29.999953333333334
vertex -3.0630333333333333 -15.3983 40.000033333333334
endloop
endfacet
facet normal -0.1392993092345626 -0.9394672490725122 0.313044709852922
outer loop
vertex -3.0630333333333333 -15.3983 40.000033333333334
vertex -3.7066000000000003 -18.635053333333335 29.999953333333334
vertex -1.8621866666666667 -18.908533333333335 29.999953333333334
endloop
endfacet
facet normal -0.1394078158898619 -0.9394567263452442 0.31302798627837647
outer loop
vertex -3.0630333333333333 -15.3983 40.000033333333334
vertex -1.8621866666666667 -18.908533333333335 29.999953333333334
vertex -1.5388266666666668 -15.62448 40.000033333333334
endloop
endfacet
facet normal -0.046476047185284836 -0.9486061646030639 0.31302766892895606
outer loop
vertex 0 -15.699873333333334 40.000033333333334
vertex -1.5388266666666668 -15.62448 40.000033333333334
vertex -1.8621866666666667 -18.908533333333335 29.999953333333334
endloop
endfacet
facet normal -0.046582814546990994 -0.9485954962296452 0.3130441277547206
outer loop
vertex 0 -15.699873333333334 40.000033333333334
vertex -1.8621866666666667 -18.908533333333335 29.999953333333334
vertex 0 -18.99998 29.999953333333334
endloop
endfacet
facet normal 0.046475756511570515 -0.9486002317646667 0.31304569051928793
outer loop
vertex 1.5388266666666668 -15.62448 40.000033333333334
vertex 0 -15.699873333333334 40.000033333333334
vertex 0 -18.99998 29.999953333333334
endloop
endfacet
facet normal 0.04658305529841922 -0.9486003988041762 0.3130292356116633
outer loop
vertex 1.5388266666666668 -15.62448 40.000033333333334
vertex 0 -18.99998 29.999953333333334
vertex 1.8621866666666667 -18.908533333333335 29.999953333333334
endloop
endfacet
facet normal 0.1394078158898619 -0.9394567263452442 0.31302798627837647
outer loop
vertex 3.0630333333333333 -15.3983 40.000033333333334
vertex 1.5388266666666668 -15.62448 40.000033333333334
vertex 1.8621866666666667 -18.908533333333335 29.999953333333334
endloop
endfacet
facet normal 0.1392993092345626 -0.9394672490725122 0.313044709852922
outer loop
vertex 3.0630333333333333 -15.3983 40.000033333333334
vertex 1.8621866666666667 -18.908533333333335 29.999953333333334
vertex 3.7066000000000003 -18.635053333333335 29.999953333333334
endloop
endfacet
facet normal 0.23080292153330764 -0.921267710530731 0.3130428356393981
outer loop
vertex 4.557426666666667 -15.023913333333335 40.000033333333334
vertex 3.0630333333333333 -15.3983 40.000033333333334
vertex 3.7066000000000003 -18.635053333333335 29.999953333333334
endloop
endfacet
facet normal 0.23082675316134665 -0.9212630059760221 0.3130391091301765
outer loop
vertex 4.557426666666667 -15.023913333333335 40.000033333333334
vertex 3.7066000000000003 -18.635053333333335 29.999953333333334
vertex 5.515466666666667 -18.181833333333334 29.999953333333334
endloop
endfacet
facet normal 0.3199316373350697 -0.8942315595800882 0.31303939893097266
outer loop
vertex 4.557426666666667 -15.023913333333335 40.000033333333334
vertex 5.515466666666667 -18.181833333333334 29.999953333333334
vertex 7.271013333333333 -17.55374666666667 29.999953333333334
endloop
endfacet
facet normal 0.3198258712955103 -0.8942755439925822 0.3130218258633712
outer loop
vertex 4.557426666666667 -15.023913333333335 40.000033333333334
vertex 7.271013333333333 -17.55374666666667 29.999953333333334
vertex 6.0082466666666665 -14.505046666666667 40.000033333333334
endloop
endfacet
facet normal 0.4060645359907445 -0.8585614784701793 0.31302360980878313
outer loop
vertex 6.0082466666666665 -14.505046666666667 40.000033333333334
vertex 7.271013333333333 -17.55374666666667 29.999953333333334
vertex 8.956613333333333 -16.756526666666666 29.999953333333334
endloop
endfacet
facet normal 0.40611588603175774 -0.8585339313935082 0.3130325474429893
outer loop
vertex 6.0082466666666665 -14.505046666666667 40.000033333333334
vertex 8.956613333333333 -16.756526666666666 29.999953333333334
vertex 7.400873333333333 -13.846286666666668 40.000033333333334
endloop
endfacet
facet normal 0.48827327234847234 -0.8146162040765939 0.31303298798362383
outer loop
vertex 7.400873333333333 -13.846286666666668 40.000033333333334
vertex 8.956613333333333 -16.756526666666666 29.999953333333334
vertex 10.555926666666666 -15.797913333333334 29.999953333333334
endloop
endfacet
facet normal 0.4883752980452846 -0.8145478017325474 0.3130518279005155
outer loop
vertex 7.400873333333333 -13.846286666666668 40.000033333333334
vertex 10.555926666666666 -15.797913333333334 29.999953333333334
vertex 8.722406666666666 -13.05394 40.000033333333334
endloop
endfacet
facet normal 0.565815783267891 -0.7627926843332811 0.3130492295671252
outer loop
vertex 8.722406666666666 -13.05394 40.000033333333334
vertex 10.555926666666666 -15.797913333333334 29.999953333333334
vertex 12.053473333333335 -14.68708 29.999953333333334
endloop
endfacet
facet normal 0.5656823878143203 -0.7629024892828566 0.3130227275497889
outer loop
vertex 8.722406666666666 -13.05394 40.000033333333334
vertex 12.053473333333335 -14.68708 29.999953333333334
vertex 9.959946666666667 -12.136320000000001 40.000033333333334
endloop
endfacet
facet normal 0.637856742918458 -0.7036721604259484 0.31302438587901577
outer loop
vertex 11.79404 -13.142806666666667 34.0001
vertex 9.959946666666667 -12.136320000000001 40.000033333333334
vertex 12.053473333333335 -14.68708 29.999953333333334
endloop
endfacet
facet normal 0.6378271916224896 -0.70369574841655 0.3130315755438086
outer loop
vertex 11.79404 -13.142806666666667 34.0001
vertex 12.053473333333335 -14.68708 29.999953333333334
vertex 12.42098 -14.353973333333334 29.999953333333334
endloop
endfacet
facet normal 0.6378357369340026 -0.7036883972350485 0.3130306890492146
outer loop
vertex 11.79404 -13.142806666666667 34.0001
vertex 12.42098 -14.353973333333334 29.999953333333334
vertex 13.43492 -13.43492 29.999953333333334
endloop
endfacet
facet normal 0.6378559472146252 -0.7036670821441873 0.31303742285806485
outer loop
vertex 11.79404 -13.142806666666667 34.0001
vertex 13.43492 -13.43492 29.999953333333334
vertex 11.101453333333334 -11.101453333333334 40.000033333333334
endloop
endfacet
facet normal 0.6378982907302756 -0.7036318542071895 0.31303032509382445
outer loop
vertex 11.79404 -13.142806666666667 34.0001
vertex 11.101453333333334 -11.101453333333334 40.000033333333334
vertex 9.959946666666667 -12.136320000000001 40.000033333333334
endloop
endfacet
facet normal 0.7036888810418105 -0.637832129568506 0.3130369517936009
outer loop
vertex 11.101453333333334 -11.101453333333334 40.000033333333334
vertex 13.43492 -13.43492 29.999953333333334
vertex 14.68708 -12.053473333333335 29.999953333333334
endloop
endfacet
facet normal 0.7036335110199969 -0.6378997927629814 0.31302353994966126
outer loop
vertex 11.101453333333334 -11.101453333333334 40.000033333333334
vertex 14.68708 -12.053473333333335 29.999953333333334
vertex 12.136320000000001 -9.959946666666667 40.000033333333334
endloop
endfacet
facet normal 0.7627990321638323 -0.5658204918902847 0.31302525055809327
outer loop
vertex 12.136320000000001 -9.959946666666667 40.000033333333334
vertex 14.68708 -12.053473333333335 29.999953333333334
vertex 15.797913333333334 -10.555926666666666 29.999953333333334
endloop
endfacet
facet normal 0.7628948057053004 -0.5656766905403435 0.3130517484493513
outer loop
vertex 12.136320000000001 -9.959946666666667 40.000033333333334
vertex 15.797913333333334 -10.555926666666666 29.999953333333334
vertex 13.05394 -8.722406666666666 40.000033333333334
endloop
endfacet
facet normal 0.8145547939672347 -0.48837364604121575 0.3130362111280498
outer loop
vertex 14.657553333333334 -8.611753333333334 35.99988666666667
vertex 13.833386666666668 -7.422373333333334 40.000033333333334
vertex 13.05394 -8.722406666666666 40.000033333333334
endloop
endfacet
facet normal 0.8145867042905501 -0.48831110926513843 0.3130507335262289
outer loop
vertex 14.657553333333334 -8.611753333333334 35.99988666666667
vertex 13.05394 -8.722406666666666 40.000033333333334
vertex 15.797913333333334 -10.555926666666666 29.999953333333334
endloop
endfacet
facet normal 0.814613375576159 -0.48827157697197926 0.31304299297973803
outer loop
vertex 14.657553333333334 -8.611753333333334 35.99988666666667
vertex 15.797913333333334 -10.555926666666666 29.999953333333334
vertex 16.756526666666666 -8.956613333333333 29.999953333333334
endloop
endfacet
facet normal 0.8145667421181225 -0.4883566914219106 0.31303157121688696
outer loop
vertex 14.657553333333334 -8.611753333333334 35.99988666666667
vertex 16.756526666666666 -8.956613333333333 29.999953333333334
vertex 13.846286666666668 -7.400873333333333 40.000033333333334
endloop
endfacet
facet normal 0.8143846503817725 -0.4886307902290509 0.3130776134805735
outer loop
vertex 14.657553333333334 -8.611753333333334 35.99988666666667
vertex 13.846286666666668 -7.400873333333333 40.000033333333334
vertex 13.833386666666668 -7.422373333333334 40.000033333333334
endloop
endfacet
facet normal 0.8585590688968524 -0.406063396360911 0.31303169703851347
outer loop
vertex 13.846286666666668 -7.400873333333333 40.000033333333334
vertex 16.756526666666666 -8.956613333333333 29.999953333333334
vertex 17.55374666666667 -7.271013333333333 29.999953333333334
endloop
endfacet
facet normal 0.8585368477108966 -0.4061172655495343 0.3130227591489247
outer loop
vertex 13.846286666666668 -7.400873333333333 40.000033333333334
vertex 17.55374666666667 -7.271013333333333 29.999953333333334
vertex 14.505046666666667 -6.0082466666666665 40.000033333333334
endloop
endfacet
facet normal 0.8942364937503996 -0.3199334026464926 0.31302349930321366
outer loop
vertex 14.505046666666667 -6.0082466666666665 40.000033333333334
vertex 17.55374666666667 -7.271013333333333 29.999953333333334
vertex 18.181833333333334 -5.515466666666667 29.999953333333334
endloop
endfacet
facet normal 0.8942695729467875 -0.31982373582961654 0.3130410658389057
outer loop
vertex 14.505046666666667 -6.0082466666666665 40.000033333333334
vertex 18.181833333333334 -5.515466666666667 29.999953333333334
vertex 15.023913333333335 -4.557426666666667 40.000033333333334
endloop
endfacet
facet normal 0.9212624379638537 -0.23082897478300873 0.31303914259645177
outer loop
vertex 17.14238 -4.239226666666667 34.0001
vertex 15.023913333333335 -4.557426666666667 40.000033333333334
vertex 18.181833333333334 -5.515466666666667 29.999953333333334
endloop
endfacet
facet normal 0.9212629495464437 -0.23082742379403554 0.3130387806927369
outer loop
vertex 17.14238 -4.239226666666667 34.0001
vertex 18.181833333333334 -5.515466666666667 29.999953333333334
vertex 18.4728 -4.35418 29.999953333333334
endloop
endfacet
facet normal 0.9212633721491649 -0.23082561692626627 0.313038869322897
outer loop
vertex 17.14238 -4.239226666666667 34.0001
vertex 18.4728 -4.35418 29.999953333333334
vertex 18.635053333333335 -3.7066000000000003 29.999953333333334
endloop
endfacet
facet normal 0.9212669209924008 -0.2308061387962629 0.31304278713802347
outer loop
vertex 17.14238 -4.239226666666667 34.0001
vertex 18.635053333333335 -3.7066000000000003 29.999953333333334
vertex 15.3983 -3.0630333333333333 40.000033333333334
endloop
endfacet
facet normal 0.9212678402195884 -0.23080295402393639 0.3130424300170179
outer loop
vertex 17.14238 -4.239226666666667 34.0001
vertex 15.3983 -3.0630333333333333 40.000033333333334
vertex 15.023913333333335 -4.557426666666667 40.000033333333334
endloop
endfacet
facet normal 0.9394672490725122 -0.1392993092345626 0.313044709852922
outer loop
vertex 15.3983 -3.0630333333333333 40.000033333333334
vertex 18.635053333333335 -3.7066000000000003 29.999953333333334
vertex 18.908533333333335 -1.8621866666666667 29.999953333333334
endloop
endfacet
facet normal 0.9394567263452442 -0.1394078158898619 0.31302798627837647
outer loop
vertex 15.3983 -3.0630333333333333 40.000033333333334
vertex 18.908533333333335 -1.8621866666666667 29.999953333333334
vertex 15.62448 -1.5388266666666668 40.000033333333334
endloop
endfacet
facet normal 0.9486091673449704 -0.046481849199903814 0.31301770768446824
outer loop
vertex 16.975253333333335 -0.9095933333333334 35.99988666666667
vertex 15.699873333333334 0 40.000033333333334
vertex 15.643686666666667 -1.1466666666666667 40.000033333333334
endloop
endfacet
facet normal 0.9486097550296145 -0.04645968829458074 0.3130192167043819
outer loop
vertex 16.975253333333335 -0.9095933333333334 35.99988666666667
vertex 15.643686666666667 -1.1466666666666667 40.000033333333334
vertex 15.62448 -1.5388266666666668 40.000033333333334
endloop
endfacet
facet normal 0.9486096273751738 -0.04641168355297389 0.3130267248669232
outer loop
vertex 16.975253333333335 -0.9095933333333334 35.99988666666667
vertex 15.62448 -1.5388266666666668 40.000033333333334
vertex 18.908533333333335 -1.8621866666666667 29.999953333333334
endloop
endfacet
facet normal 0.9485939479627863 -0.046582738516029454 0.3130488306330528
outer loop
vertex 16.975253333333335 -0.9095933333333334 35.99988666666667
vertex 18.908533333333335 -1.8621866666666667 29.999953333333334
vertex 18.99998 0 29.999953333333334
endloop
endfacet
facet normal 0.9485939759557809 -0.04661713170637541 0.31304362605214275
outer loop
vertex 16.975253333333335 -0.9095933333333334 35.99988666666667
vertex 18.99998 0 29.999953333333334
vertex 15.699873333333334 0 40.000033333333334
endloop
endfacet
facet normal -0.9485894994660866 -0.04671803284870596 -0.31304214877461267
outer loop
vertex 15.00012 0 29.999953333333334
vertex 11.700013333333334 0 40.000033333333334
vertex 11.64354 1.1466666666666667 40.000033333333334
endloop
endfacet
facet normal -0.9485906388986148 -0.04660651998488075 -0.31305531793728814
outer loop
vertex 15.00012 0 29.999953333333334
vertex 11.64354 1.1466666666666667 40.000033333333334
vertex 14.92788 1.4703133333333334 29.999953333333334
endloop
endfacet
facet normal -0.9394785523003486 -0.13919079005560406 -0.31305905789696914
outer loop
vertex 14.92788 1.4703133333333334 29.999953333333334
vertex 11.64354 1.1466666666666667 40.000033333333334
vertex 11.475266666666666 2.2824400000000002 40.000033333333334
endloop
endfacet
facet normal -0.9394487019940371 -0.1394653123259509 -0.313026457315582
outer loop
vertex 14.92788 1.4703133333333334 29.999953333333334
vertex 11.475266666666666 2.2824400000000002 40.000033333333334
vertex 14.711733333333333 2.9262933333333336 29.999953333333334
endloop
endfacet
facet normal -0.921303557343425 -0.23068151345732024 -0.31302682724551106
outer loop
vertex 14.711733333333333 2.9262933333333336 29.999953333333334
vertex 11.475266666666666 2.2824400000000002 40.000033333333334
vertex 11.196340000000001 3.3964266666666667 40.000033333333334
endloop
endfacet
facet normal -0.9212731005944104 -0.23082690815936976 -0.3130092851510114
outer loop
vertex 14.711733333333333 2.9262933333333336 29.999953333333334
vertex 11.196340000000001 3.3964266666666667 40.000033333333334
vertex 14.353973333333334 4.35418 29.999953333333334
endloop
endfacet
facet normal -0.8942787140171136 -0.3197948079701327 -0.3130445055439299
outer loop
vertex 10.80934 4.477446666666667 40.000033333333334
vertex 13.858326666666667 5.740213333333333 29.999953333333334
vertex 14.353973333333334 4.35418 29.999953333333334
endloop
endfacet
facet normal -0.8941790241532381 -0.3201118224892263 -0.31300526172412635
outer loop
vertex 10.80934 4.477446666666667 40.000033333333334
vertex 14.353973333333334 4.35418 29.999953333333334
vertex 11.196340000000001 3.3964266666666667 40.000033333333334
endloop
endfacet
facet normal -0.8585243944484546 -0.40614381090237056 -0.3130224736382575
outer loop
vertex 10.318566666666667 5.515466666666667 40.000033333333334
vertex 13.228806666666667 7.07092 29.999953333333334
vertex 13.858326666666667 5.740213333333333 29.999953333333334
endloop
endfacet
facet normal -0.8586079429163793 -0.4059477487635576 -0.3130476411581837
outer loop
vertex 10.318566666666667 5.515466666666667 40.000033333333334
vertex 13.858326666666667 5.740213333333333 29.999953333333334
vertex 10.80934 4.477446666666667 40.000033333333334
endloop
endfacet
facet normal -0.8146432710929612 -0.48823115452563376 -0.3130282425173916
outer loop
vertex 9.72832 6.500166666666667 40.000033333333334
vertex 12.472006666666667 8.333686666666667 29.999953333333334
vertex 13.228806666666667 7.07092 29.999953333333334
endloop
endfacet
facet normal -0.8146100858094019 -0.4882917515812401 -0.3130200847155388
outer loop
vertex 9.72832 6.500166666666667 40.000033333333334
vertex 13.228806666666667 7.07092 29.999953333333334
vertex 10.318566666666667 5.515466666666667 40.000033333333334
endloop
endfacet
facet normal -0.7628038748832513 -0.5658140284354666 -0.31302513267903287
outer loop
vertex 9.044333333333334 7.422373333333334 40.000033333333334
vertex 11.595093333333335 9.5159 29.999953333333334
vertex 12.472006666666667 8.333686666666667 29.999953333333334
endloop
endfacet
facet normal -0.7628283518599118 -0.5657781932041489 -0.3130302568336473
outer loop
vertex 9.044333333333334 7.422373333333334 40.000033333333334
vertex 12.472006666666667 8.333686666666667 29.999953333333334
vertex 9.72832 6.500166666666667 40.000033333333334
endloop
endfacet
facet normal -0.7037719722994429 -0.6377413299575503 -0.313035153089437
outer loop
vertex 8.273200000000001 8.273200000000001 40.000033333333334
vertex 10.606666666666667 10.606666666666667 29.999953333333334
vertex 11.595093333333335 9.5159 29.999953333333334
endloop
endfacet
facet normal -0.7037189726589221 -0.6378045944920818 -0.3130254091358434
outer loop
vertex 8.273200000000001 8.273200000000001 40.000033333333334
vertex 11.595093333333335 9.5159 29.999953333333334
vertex 9.044333333333334 7.422373333333334 40.000033333333334
endloop
endfacet
facet normal -0.6377432204089568 -0.7037740584849421 -0.31302661137041693
outer loop
vertex 7.422373333333334 9.044333333333334 40.000033333333334
vertex 9.5159 11.595093333333335 29.999953333333334
vertex 10.606666666666667 10.606666666666667 29.999953333333334
endloop
endfacet
facet normal -0.6378021708765842 -0.703716298573124 -0.31303635882698716
outer loop
vertex 7.422373333333334 9.044333333333334 40.000033333333334
vertex 10.606666666666667 10.606666666666667 29.999953333333334
vertex 8.273200000000001 8.273200000000001 40.000033333333334
endloop
endfacet
facet normal -0.5658131465972702 -0.7628026860304492 -0.3130296237138393
outer loop
vertex 6.500166666666667 9.72832 40.000033333333334
vertex 8.333686666666667 12.472006666666667 29.999953333333334
vertex 9.5159 11.595093333333335 29.999953333333334
endloop
endfacet
facet normal -0.5657793236362333 -0.7628298760007397 -0.3130244994028779
outer loop
vertex 6.500166666666667 9.72832 40.000033333333334
vertex 9.5159 11.595093333333335 29.999953333333334
vertex 7.422373333333334 9.044333333333334 40.000033333333334
endloop
endfacet
facet normal -0.48823236579743406 -0.8146452921733702 -0.31302109342279927
outer loop
vertex 5.515466666666667 10.318566666666667 40.000033333333334
vertex 7.07092 13.228806666666667 29.999953333333334
vertex 8.333686666666667 12.472006666666667 29.999953333333334
endloop
endfacet
facet normal -0.48829019814108554 -0.8146074942275996 -0.31302925222344746
outer loop
vertex 5.515466666666667 10.318566666666667 40.000033333333334
vertex 8.333686666666667 12.472006666666667 29.999953333333334
vertex 6.500166666666667 9.72832 40.000033333333334
endloop
endfacet
facet normal -0.40614070220920007 -0.8585178231580642 -0.3130445293068654
outer loop
vertex 4.477446666666667 10.80934 40.000033333333334
vertex 5.740213333333333 13.858326666666667 29.999953333333334
vertex 7.07092 13.228806666666667 29.999953333333334
endloop
endfacet
facet normal -0.4059517325368656 -0.8586163688761622 -0.3130193635355989
outer loop
vertex 4.477446666666667 10.80934 40.000033333333334
vertex 7.07092 13.228806666666667 29.999953333333334
vertex 5.515466666666667 10.318566666666667 40.000033333333334
endloop
endfacet
facet normal -0.3197986247599657 -0.894289387342066 -0.31301011371677273
outer loop
vertex 3.3964266666666667 11.196340000000001 40.000033333333334
vertex 4.35418 14.353973333333334 29.999953333333334
vertex 5.740213333333333 13.858326666666667 29.999953333333334
endloop
endfacet
facet normal -0.32010692460798884 -0.8941653427383149 -0.3130493518020555
outer loop
vertex 3.3964266666666667 11.196340000000001 40.000033333333334
vertex 5.740213333333333 13.858326666666667 29.999953333333334
vertex 4.477446666666667 10.80934 40.000033333333334
endloop
endfacet
facet normal -0.2306815134573206 -0.9213035573434247 -0.31302682724551106
outer loop
vertex 3.3964266666666667 11.196340000000001 40.000033333333334
vertex 2.2824400000000002 11.475266666666666 40.000033333333334
vertex 2.9262933333333336 14.711733333333333 29.999953333333334
endloop
endfacet
facet normal -0.23082690815936968 -0.9212731005944105 -0.31300928515101156
outer loop
vertex 3.3964266666666667 11.196340000000001 40.000033333333334
vertex 2.9262933333333336 14.711733333333333 29.999953333333334
vertex 4.35418 14.353973333333334 29.999953333333334
endloop
endfacet
facet normal -0.13919079005560447 -0.9394785523003485 -0.3130590578969691
outer loop
vertex 2.2824400000000002 11.475266666666666 40.000033333333334
vertex 1.1466666666666667 11.64354 40.000033333333334
vertex 1.4703133333333334 14.92788 29.999953333333334
endloop
endfacet
facet normal -0.1394653123259506 -0.9394487019940371 -0.313026457315582
outer loop
vertex 2.2824400000000002 11.475266666666666 40.000033333333334
vertex 1.4703133333333334 14.92788 29.999953333333334
vertex 2.9262933333333336 14.711733333333333 29.999953333333334
endloop
endfacet
facet normal -0.0467180328487059 -0.9485894994660866 -0.3130421487746126
outer loop
vertex 1.1466666666666667 11.64354 40.000033333333334
vertex 0 11.700013333333334 40.000033333333334
vertex 0 15.00012 29.999953333333334
endloop
endfacet
facet normal -0.04660651998488043 -0.9485906388986148 -0.31305531793728814
outer loop
vertex 1.1466666666666667 11.64354 40.000033333333334
vertex 0 15.00012 29.999953333333334
vertex 1.4703133333333334 14.92788 29.999953333333334
endloop
endfacet
facet normal 0.046717792940687945 -0.9485846282372957 -0.31305694513085464
outer loop
vertex 0 11.700013333333334 40.000033333333334
vertex -1.1466666666666667 11.64354 40.000033333333334
vertex -1.4703133333333334 14.92788 29.999953333333334
endloop
endfacet
facet normal 0.04660670663947147 -0.9485944379120967 -0.31304377850143494
outer loop
vertex 0 11.700013333333334 40.000033333333334
vertex -1.4703133333333334 14.92788 29.999953333333334
vertex 0 15.00012 29.999953333333334
endloop
endfacet
facet normal 0.1394653123259506 -0.9394487019940371 -0.313026457315582
outer loop
vertex -2.2824400000000002 11.475266666666666 40.000033333333334
vertex -2.9262933333333336 14.711733333333333 29.999953333333334
vertex -1.4703133333333334 14.92788 29.999953333333334
endloop
endfacet
facet normal 0.13919079005560447 -0.9394785523003485 -0.3130590578969691
outer loop
vertex -2.2824400000000002 11.475266666666666 40.000033333333334
vertex -1.4703133333333334 14.92788 29.999953333333334
vertex -1.1466666666666667 11.64354 40.000033333333334
endloop
endfacet
facet normal 0.23082690815936968 -0.9212731005944105 -0.31300928515101156
outer loop
vertex -3.3964266666666667 11.196340000000001 40.000033333333334
vertex -4.35418 14.353973333333334 29.999953333333334
vertex -2.9262933333333336 14.711733333333333 29.999953333333334
endloop
endfacet
facet normal 0.2306815134573206 -0.9213035573434247 -0.31302682724551106
outer loop
vertex -3.3964266666666667 11.196340000000001 40.000033333333334
vertex -2.9262933333333336 14.711733333333333 29.999953333333334
vertex -2.2824400000000002 11.475266666666666 40.000033333333334
endloop
endfacet
facet normal 0.3197948079701327 -0.8942787140171136 -0.3130445055439299
outer loop
vertex -4.477446666666667 10.80934 40.000033333333334
vertex -5.740213333333333 13.858326666666667 29.999953333333334
vertex -4.35418 14.353973333333334 29.999953333333334
endloop
endfacet
facet normal 0.3201118224892263 -0.8941790241532381 -0.31300526172412635
outer loop
vertex -4.477446666666667 10.80934 40.000033333333334
vertex -4.35418 14.353973333333334 29.999953333333334
vertex -3.3964266666666667 11.196340000000001 40.000033333333334
endloop
endfacet
facet normal 0.40614381090237056 -0.8585243944484546 -0.3130224736382575
outer loop
vertex -5.515466666666667 10.318566666666667 40.000033333333334
vertex -7.07092 13.228806666666667 29.999953333333334
vertex -5.740213333333333 13.858326666666667 29.999953333333334
endloop
endfacet
facet normal 0.4059477487635576 -0.8586079429163793 -0.3130476411581837
outer loop
vertex -5.515466666666667 10.318566666666667 40.000033333333334
vertex -5.740213333333333 13.858326666666667 29.999953333333334
vertex -4.477446666666667 10.80934 40.000033333333334
endloop
endfacet
facet normal 0.48823115452563376 -0.8146432710929612 -0.3130282425173916
outer loop
vertex -6.500166666666667 9.72832 40.000033333333334
vertex -8.333686666666667 12.472006666666667 29.999953333333334
vertex -7.07092 13.228806666666667 29.999953333333334
endloop
endfacet
facet normal 0.4882917515812401 -0.8146100858094019 -0.3130200847155388
outer loop
vertex -6.500166666666667 9.72832 40.000033333333334
vertex -7.07092 13.228806666666667 29.999953333333334
vertex -5.515466666666667 10.318566666666667 40.000033333333334
endloop
endfacet
facet normal 0.5658140284354666 -0.7628038748832513 -0.31302513267903287
outer loop
vertex -7.422373333333334 9.044333333333334 40.000033333333334
vertex -9.5159 11.595093333333335 29.999953333333334
vertex -8.333686666666667 12.472006666666667 29.999953333333334
endloop
endfacet
facet normal 0.5657781932041489 -0.7628283518599118 -0.3130302568336473
outer loop
vertex -7.422373333333334 9.044333333333334 40.000033333333334
vertex -8.333686666666667 12.472006666666667 29.999953333333334
vertex -6.500166666666667 9.72832 40.000033333333334
endloop
endfacet
facet normal 0.6377413299575503 -0.7037719722994429 -0.313035153089437
outer loop
vertex -8.273200000000001 8.273200000000001 40.000033333333334
vertex -10.606666666666667 10.606666666666667 29.999953333333334
vertex -9.5159 11.595093333333335 29.999953333333334
endloop
endfacet
facet normal 0.6378045944920818 -0.7037189726589221 -0.3130254091358434
outer loop
vertex -8.273200000000001 8.273200000000001 40.000033333333334
vertex -9.5159 11.595093333333335 29.999953333333334
vertex -7.422373333333334 9.044333333333334 40.000033333333334
endloop
endfacet
facet normal 0.7037740584849421 -0.6377432204089568 -0.31302661137041693
outer loop
vertex -9.044333333333334 7.422373333333334 40.000033333333334
vertex -11.595093333333335 9.5159 29.999953333333334
vertex -10.606666666666667 10.606666666666667 29.999953333333334
endloop
endfacet
facet normal 0.703716298573124 -0.6378021708765842 -0.31303635882698716
outer loop
vertex -9.044333333333334 7.422373333333334 40.000033333333334
vertex -10.606666666666667 10.606666666666667 29.999953333333334
vertex -8.273200000000001 8.273200000000001 40.000033333333334
endloop
endfacet
facet normal 0.7628026860304492 -0.5658131465972702 -0.3130296237138393
outer loop
vertex -9.72832 6.500166666666667 40.000033333333334
vertex -12.472006666666667 8.333686666666667 29.999953333333334
vertex -11.595093333333335 9.5159 29.999953333333334
endloop
endfacet
facet normal 0.7628298760007397 -0.5657793236362333 -0.3130244994028779
outer loop
vertex -9.72832 6.500166666666667 40.000033333333334
vertex -11.595093333333335 9.5159 29.999953333333334
vertex -9.044333333333334 7.422373333333334 40.000033333333334
endloop
endfacet
facet normal 0.8146452921733702 -0.48823236579743406 -0.31302109342279927
outer loop
vertex -10.318566666666667 5.515466666666667 40.000033333333334
vertex -13.228806666666667 7.07092 29.999953333333334
vertex -12.472006666666667 8.333686666666667 29.999953333333334
endloop
endfacet
facet normal 0.8146074942275996 -0.48829019814108554 -0.31302925222344746
outer loop
vertex -10.318566666666667 5.515466666666667 40.000033333333334
vertex -12.472006666666667 8.333686666666667 29.999953333333334
vertex -9.72832 6.500166666666667 40.000033333333334
endloop
endfacet
facet normal 0.8585178231580642 -0.40614070220920007 -0.3130445293068654
outer loop
vertex -10.80934 4.477446666666667 40.000033333333334
vertex -13.858326666666667 5.740213333333333 29.999953333333334
vertex -13.228806666666667 7.07092 29.999953333333334
endloop
endfacet
facet normal 0.8586163688761622 -0.4059517325368656 -0.3130193635355989
outer loop
vertex -10.80934 4.477446666666667 40.000033333333334
vertex -13.228806666666667 7.07092 29.999953333333334
vertex -10.318566666666667 5.515466666666667 40.000033333333334
endloop
endfacet
facet normal 0.894289387342066 -0.3197986247599657 -0.31301011371677273
outer loop
vertex -11.196340000000001 3.3964266666666667 40.000033333333334
vertex -14.353973333333334 4.35418 29.999953333333334
vertex -13.858326666666667 5.740213333333333 29.999953333333334
endloop
endfacet
facet normal 0.8941653427383149 -0.32010692460798884 -0.3130493518020555
outer loop
vertex -11.196340000000001 3.3964266666666667 40.000033333333334
vertex -13.858326666666667 5.740213333333333 29.999953333333334
vertex -10.80934 4.477446666666667 40.000033333333334
endloop
endfacet
facet normal 0.9213035573434247 -0.2306815134573206 -0.31302682724551106
outer loop
vertex -11.196340000000001 3.3964266666666667 40.000033333333334
vertex -11.475266666666666 2.2824400000000002 40.000033333333334
vertex -14.711733333333333 2.9262933333333336 29.999953333333334
endloop
endfacet
facet normal 0.9212731005944105 -0.23082690815936968 -0.31300928515101156
outer loop
vertex -11.196340000000001 3.3964266666666667 40.000033333333334
vertex -14.711733333333333 2.9262933333333336 29.999953333333334
vertex -14.353973333333334 4.35418 29.999953333333334
endloop
endfacet
facet normal 0.9394785523003485 -0.13919079005560447 -0.3130590578969691
outer loop
vertex -11.475266666666666 2.2824400000000002 40.000033333333334
vertex -11.64354 1.1466666666666667 40.000033333333334
vertex -14.92788 1.4703133333333334 29.999953333333334
endloop
endfacet
facet normal 0.9394487019940371 -0.1394653123259506 -0.313026457315582
outer loop
vertex -11.475266666666666 2.2824400000000002 40.000033333333334
vertex -14.92788 1.4703133333333334 29.999953333333334
vertex -14.711733333333333 2.9262933333333336 29.999953333333334
endloop
endfacet
facet normal 0.9485894994660866 -0.0467180328487059 -0.3130421487746126
outer loop
vertex -11.64354 1.1466666666666667 40.000033333333334
vertex -11.700013333333334 0 40.000033333333334
vertex -15.00012 0 29.999953333333334
endloop
endfacet
facet normal 0.9485906388986148 -0.04660651998488043 -0.31305531793728814
outer loop
vertex -11.64354 1.1466666666666667 40.000033333333334
vertex -15.00012 0 29.999953333333334
vertex -14.92788 1.4703133333333334 29.999953333333334
endloop
endfacet
facet normal 0.9485846282372957 0.046717792940687945 -0.31305694513085464
outer loop
vertex -11.700013333333334 0 40.000033333333334
vertex -11.64354 -1.1466666666666667 40.000033333333334
vertex -14.92788 -1.4703133333333334 29.999953333333334
endloop
endfacet
facet normal 0.9485944379120967 0.04660670663947147 -0.31304377850143494
outer loop
vertex -11.700013333333334 0 40.000033333333334
vertex -14.92788 -1.4703133333333334 29.999953333333334
vertex -15.00012 0 29.999953333333334
endloop
endfacet
facet normal 0.9394487019940371 0.1394653123259506 -0.313026457315582
outer loop
vertex -11.475266666666666 -2.2824400000000002 40.000033333333334
vertex -14.711733333333333 -2.9262933333333336 29.999953333333334
vertex -14.92788 -1.4703133333333334 29.999953333333334
endloop
endfacet
facet normal 0.9394785523003485 0.13919079005560447 -0.3130590578969691
outer loop
vertex -11.475266666666666 -2.2824400000000002 40.000033333333334
vertex -14.92788 -1.4703133333333334 29.999953333333334
vertex -11.64354 -1.1466666666666667 40.000033333333334
endloop
endfacet
facet normal 0.9212731005944105 0.23082690815936968 -0.31300928515101156
outer loop
vertex -11.196340000000001 -3.3964266666666667 40.000033333333334
vertex -14.353973333333334 -4.35418 29.999953333333334
vertex -14.711733333333333 -2.9262933333333336 29.999953333333334
endloop
endfacet
facet normal 0.9213035573434247 0.2306815134573206 -0.31302682724551106
outer loop
vertex -11.196340000000001 -3.3964266666666667 40.000033333333334
vertex -14.711733333333333 -2.9262933333333336 29.999953333333334
vertex -11.475266666666666 -2.2824400000000002 40.000033333333334
endloop
endfacet
facet normal 0.8942787140171136 0.3197948079701327 -0.3130445055439299
outer loop
vertex -10.80934 -4.477446666666667 40.000033333333334
vertex -13.858326666666667 -5.740213333333333 29.999953333333334
vertex -14.353973333333334 -4.35418 29.999953333333334
endloop
endfacet
facet normal 0.8941790241532381 0.3201118224892263 -0.31300526172412635
outer loop
vertex -10.80934 -4.477446666666667 40.000033333333334
vertex -14.353973333333334 -4.35418 29.999953333333334
vertex -11.196340000000001 -3.3964266666666667 40.000033333333334
endloop
endfacet
facet normal 0.8585243944484546 0.40614381090237056 -0.3130224736382575
outer loop
vertex -10.318566666666667 -5.515466666666667 40.000033333333334
vertex -13.228806666666667 -7.07092 29.999953333333334
vertex -13.858326666666667 -5.740213333333333 29.999953333333334
endloop
endfacet
facet normal 0.8586079429163793 0.4059477487635576 -0.3130476411581837
outer loop
vertex -10.318566666666667 -5.515466666666667 40.000033333333334
vertex -13.858326666666667 -5.740213333333333 29.999953333333334
vertex -10.80934 -4.477446666666667 40.000033333333334
endloop
endfacet
facet normal 0.8146432710929612 0.48823115452563376 -0.3130282425173916
outer loop
vertex -9.72832 -6.500166666666667 40.000033333333334
vertex -12.472006666666667 -8.333686666666667 29.999953333333334
vertex -13.228806666666667 -7.07092 29.999953333333334
endloop
endfacet
facet normal 0.8146100858094019 0.4882917515812401 -0.3130200847155388
outer loop
vertex -9.72832 -6.500166666666667 40.000033333333334
vertex -13.228806666666667 -7.07092 29.999953333333334
vertex -10.318566666666667 -5.515466666666667 40.000033333333334
endloop
endfacet
facet normal 0.7628038748832513 0.5658140284354666 -0.31302513267903287
outer loop
vertex -9.044333333333334 -7.422373333333334 40.000033333333334
vertex -11.595093333333335 -9.5159 29.999953333333334
vertex -12.472006666666667 -8.333686666666667 29.999953333333334
endloop
endfacet
facet normal 0.7628283518599118 0.5657781932041489 -0.3130302568336473
outer loop
vertex -9.044333333333334 -7.422373333333334 40.000033333333334
vertex -12.472006666666667 -8.333686666666667 29.999953333333334
vertex -9.72832 -6.500166666666667 40.000033333333334
endloop
endfacet
facet normal 0.7037719722994429 0.6377413299575503 -0.313035153089437
outer loop
vertex -8.273200000000001 -8.273200000000001 40.000033333333334
vertex -10.606666666666667 -10.606666666666667 29.999953333333334
vertex -11.595093333333335 -9.5159 29.999953333333334
endloop
endfacet
facet normal 0.7037189726589221 0.6378045944920818 -0.3130254091358434
outer loop
vertex -8.273200000000001 -8.273200000000001 40.000033333333334
vertex -11.595093333333335 -9.5159 29.999953333333334
vertex -9.044333333333334 -7.422373333333334 40.000033333333334
endloop
endfacet
facet normal 0.6377432204089568 0.7037740584849421 -0.31302661137041693
outer loop
vertex -7.422373333333334 -9.044333333333334 40.000033333333334
vertex -9.5159 -11.595093333333335 29.999953333333334
vertex -10.606666666666667 -10.606666666666667 29.999953333333334
endloop
endfacet
facet normal 0.6378021708765842 0.703716298573124 -0.31303635882698716
outer loop
vertex -7.422373333333334 -9.044333333333334 40.000033333333334
vertex -10.606666666666667 -10.606666666666667 29.999953333333334
vertex -8.273200000000001 -8.273200000000001 40.000033333333334
endloop
endfacet
facet normal 0.5658131465972702 0.7628026860304492 -0.3130296237138393
outer loop
vertex -6.500166666666667 -9.72832 40.000033333333334
vertex -8.333686666666667 -12.472006666666667 29.999953333333334
vertex -9.5159 -11.595093333333335 29.999953333333334
endloop
endfacet
facet normal 0.5657793236362333 0.7628298760007397 -0.3130244994028779
outer loop
vertex -6.500166666666667 -9.72832 40.000033333333334
vertex -9.5159 -11.595093333333335 29.999953333333334
vertex -7.422373333333334 -9.044333333333334 40.000033333333334
endloop
endfacet
facet normal 0.48823236579743406 0.8146452921733702 -0.31302109342279927
outer loop
vertex -5.515466666666667 -10.318566666666667 40.000033333333334
vertex -7.07092 -13.228806666666667 29.999953333333334
vertex -8.333686666666667 -12.472006666666667 29.999953333333334
endloop
endfacet
facet normal 0.48829019814108554 0.8146074942275996 -0.31302925222344746
outer loop
vertex -5.515466666666667 -10.318566666666667 40.000033333333334
vertex -8.333686666666667 -12.472006666666667 29.999953333333334
vertex -6.500166666666667 -9.72832 40.000033333333334
endloop
endfacet
facet normal 0.40614070220920007 0.8585178231580642 -0.3130445293068654
outer loop
vertex -4.477446666666667 -10.80934 40.000033333333334
vertex -5.740213333333333 -13.858326666666667 29.999953333333334
vertex -7.07092 -13.228806666666667 29.999953333333334
endloop
endfacet
facet normal 0.4059517325368656 0.8586163688761622 -0.3130193635355989
outer loop
vertex -4.477446666666667 -10.80934 40.000033333333334
vertex -7.07092 -13.228806666666667 29.999953333333334
vertex -5.515466666666667 -10.318566666666667 40.000033333333334
endloop
endfacet
facet normal 0.3197986247599657 0.894289387342066 -0.31301011371677273
outer loop
vertex -3.3964266666666667 -11.196340000000001 40.000033333333334
vertex -4.35418 -14.353973333333334 29.999953333333334
vertex -5.740213333333333 -13.858326666666667 29.999953333333334
endloop
endfacet
facet normal 0.32010692460798884 0.8941653427383149 -0.3130493518020555
outer loop
vertex -3.3964266666666667 -11.196340000000001 40.000033333333334
vertex -5.740213333333333 -13.858326666666667 29.999953333333334
vertex -4.477446666666667 -10.80934 40.000033333333334
endloop
endfacet
facet normal 0.23082690815936976 0.9212731005944104 -0.3130092851510114
outer loop
vertex -2.9262933333333336 -14.711733333333333 29.999953333333334
vertex -4.35418 -14.353973333333334 29.999953333333334
vertex -3.3964266666666667 -11.196340000000001 40.000033333333334
endloop
endfacet
facet normal 0.23068151345732024 0.921303557343425 -0.31302682724551106
outer loop
vertex -2.9262933333333336 -14.711733333333333 29.999953333333334
vertex -3.3964266666666667 -11.196340000000001 40.000033333333334
vertex -2.2824400000000002 -11.475266666666666 40.000033333333334
endloop
endfacet
facet normal 0.1394653123259509 0.9394487019940371 -0.313026457315582
outer loop
vertex -1.4703133333333334 -14.92788 29.999953333333334
vertex -2.9262933333333336 -14.711733333333333 29.999953333333334
vertex -2.2824400000000002 -11.475266666666666 40.000033333333334
endloop
endfacet
facet normal 0.13919079005560406 0.9394785523003486 -0.31305905789696914
outer loop
vertex -1.4703133333333334 -14.92788 29.999953333333334
vertex -2.2824400000000002 -11.475266666666666 40.000033333333334
vertex -1.1466666666666667 -11.64354 40.000033333333334
endloop
endfacet
facet normal 0.04660651998488075 0.9485906388986148 -0.31305531793728814
outer loop
vertex 0 -15.00012 29.999953333333334
vertex -1.4703133333333334 -14.92788 29.999953333333334
vertex -1.1466666666666667 -11.64354 40.000033333333334
endloop
endfacet
facet normal 0.04671803284870596 0.9485894994660866 -0.31304214877461267
outer loop
vertex 0 -15.00012 29.999953333333334
vertex -1.1466666666666667 -11.64354 40.000033333333334
vertex 0 -11.700013333333334 40.000033333333334
endloop
endfacet
facet normal -0.04671803284870596 0.9485894994660866 -0.31304214877461267
outer loop
vertex 0 -15.00012 29.999953333333334
vertex 0 -11.700013333333334 40.000033333333334
vertex 1.1466666666666667 -11.64354 40.000033333333334
endloop
endfacet
facet normal -0.04660651998488075 0.9485906388986148 -0.31305531793728814
outer loop
vertex 0 -15.00012 29.999953333333334
vertex 1.1466666666666667 -11.64354 40.000033333333334
vertex 1.4703133333333334 -14.92788 29.999953333333334
endloop
endfacet
facet normal -0.13919079005560406 0.9394785523003486 -0.31305905789696914
outer loop
vertex 1.4703133333333334 -14.92788 29.999953333333334
vertex 1.1466666666666667 -11.64354 40.000033333333334
vertex 2.2824400000000002 -11.475266666666666 40.000033333333334
endloop
endfacet
facet normal -0.1394653123259509 0.9394487019940371 -0.313026457315582
outer loop
vertex 1.4703133333333334 -14.92788 29.999953333333334
vertex 2.2824400000000002 -11.475266666666666 40.000033333333334
vertex 2.9262933333333336 -14.711733333333333 29.999953333333334
endloop
endfacet
facet normal -0.23068151345732024 0.921303557343425 -0.31302682724551106
outer loop
vertex 2.9262933333333336 -14.711733333333333 29.999953333333334
vertex 2.2824400000000002 -11.475266666666666 40.000033333333334
vertex 3.3964266666666667 -11.196340000000001 40.000033333333334
endloop
endfacet
facet normal -0.23082690815936976 0.9212731005944104 -0.3130092851510114
outer loop
vertex 2.9262933333333336 -14.711733333333333 29.999953333333334
vertex 3.3964266666666667 -11.196340000000001 40.000033333333334
vertex 4.35418 -14.353973333333334 29.999953333333334
endloop
endfacet
facet normal -0.3197948079701327 0.8942787140171136 -0.3130445055439299
outer loop
vertex 4.477446666666667 -10.80934 40.000033333333334
vertex 5.740213333333333 -13.858326666666667 29.999953333333334
vertex 4.35418 -14.353973333333334 29.999953333333334
endloop
endfacet
facet normal -0.3201118224892263 0.8941790241532381 -0.31300526172412635
outer loop
vertex 4.477446666666667 -10.80934 40.000033333333334
vertex 4.35418 -14.353973333333334 29.999953333333334
vertex 3.3964266666666667 -11.196340000000001 40.000033333333334
endloop
endfacet
facet normal -0.40614381090237056 0.8585243944484546 -0.3130224736382575
outer loop
vertex 5.515466666666667 -10.318566666666667 40.000033333333334
vertex 7.07092 -13.228806666666667 29.999953333333334
vertex 5.740213333333333 -13.858326666666667 29.999953333333334
endloop
endfacet
facet normal -0.4059477487635576 0.8586079429163793 -0.3130476411581837
outer loop
vertex 5.515466666666667 -10.318566666666667 40.000033333333334
vertex 5.740213333333333 -13.858326666666667 29.999953333333334
vertex 4.477446666666667 -10.80934 40.000033333333334
endloop
endfacet
facet normal -0.48823115452563376 0.8146432710929612 -0.3130282425173916
outer loop
vertex 6.500166666666667 -9.72832 40.000033333333334
vertex 8.333686666666667 -12.472006666666667 29.999953333333334
vertex 7.07092 -13.228806666666667 29.999953333333334
endloop
endfacet
facet normal -0.4882917515812401 0.8146100858094019 -0.3130200847155388
outer loop
vertex 6.500166666666667 -9.72832 40.000033333333334
vertex 7.07092 -13.228806666666667 29.999953333333334
vertex 5.515466666666667 -10.318566666666667 40.000033333333334
endloop
endfacet
facet normal -0.5658140284354666 0.7628038748832513 -0.31302513267903287
outer loop
vertex 7.422373333333334 -9.044333333333334 40.000033333333334
vertex 9.5159 -11.595093333333335 29.999953333333334
vertex 8.333686666666667 -12.472006666666667 29.999953333333334
endloop
endfacet
facet normal -0.5657781932041489 0.7628283518599118 -0.3130302568336473
outer loop
vertex 7.422373333333334 -9.044333333333334 40.000033333333334
vertex 8.333686666666667 -12.472006666666667 29.999953333333334
vertex 6.500166666666667 -9.72832 40.000033333333334
endloop
endfacet
facet normal -0.6377413299575503 0.7037719722994429 -0.313035153089437
outer loop
vertex 8.273200000000001 -8.273200000000001 40.000033333333334
vertex 10.606666666666667 -10.606666666666667 29.999953333333334
vertex 9.5159 -11.595093333333335 29.999953333333334
endloop
endfacet
facet normal -0.6378045944920818 0.7037189726589221 -0.3130254091358434
outer loop
vertex 8.273200000000001 -8.273200000000001 40.000033333333334
vertex 9.5159 -11.595093333333335 29.999953333333334
vertex 7.422373333333334 -9.044333333333334 40.000033333333334
endloop
endfacet
facet normal -0.7037740584849421 0.6377432204089568 -0.31302661137041693
outer loop
vertex 9.044333333333334 -7.422373333333334 40.000033333333334
vertex 11.595093333333335 -9.5159 29.999953333333334
vertex 10.606666666666667 -10.606666666666667 29.999953333333334
endloop
endfacet
facet normal -0.703716298573124 0.6378021708765842 -0.31303635882698716
outer loop
vertex 9.044333333333334 -7.422373333333334 40.000033333333334
vertex 10.606666666666667 -10.606666666666667 29.999953333333334
vertex 8.273200000000001 -8.273200000000001 40.000033333333334
endloop
endfacet
facet normal -0.7628026860304492 0.5658131465972702 -0.3130296237138393
outer loop
vertex 9.72832 -6.500166666666667 40.000033333333334
vertex 12.472006666666667 -8.333686666666667 29.999953333333334
vertex 11.595093333333335 -9.5159 29.999953333333334
endloop
endfacet
facet normal -0.7628298760007397 0.5657793236362333 -0.3130244994028779
outer loop
vertex 9.72832 -6.500166666666667 40.000033333333334
vertex 11.595093333333335 -9.5159 29.999953333333334
vertex 9.044333333333334 -7.422373333333334 40.000033333333334
endloop
endfacet
facet normal -0.8146452921733702 0.48823236579743406 -0.31302109342279927
outer loop
vertex 10.318566666666667 -5.515466666666667 40.000033333333334
vertex 13.228806666666667 -7.07092 29.999953333333334
vertex 12.472006666666667 -8.333686666666667 29.999953333333334
endloop
endfacet
facet normal -0.8146074942275996 0.48829019814108554 -0.31302925222344746
outer loop
vertex 10.318566666666667 -5.515466666666667 40.000033333333334
vertex 12.472006666666667 -8.333686666666667 29.999953333333334
vertex 9.72832 -6.500166666666667 40.000033333333334
endloop
endfacet
facet normal -0.8585178231580642 0.40614070220920007 -0.3130445293068654
outer loop
vertex 10.80934 -4.477446666666667 40.000033333333334
vertex 13.858326666666667 -5.740213333333333 29.999953333333334
vertex 13.228806666666667 -7.07092 29.999953333333334
endloop
endfacet
facet normal -0.8586163688761622 0.4059517325368656 -0.3130193635355989
outer loop
vertex 10.80934 -4.477446666666667 40.000033333333334
vertex 13.228806666666667 -7.07092 29.999953333333334
vertex 10.318566666666667 -5.515466666666667 40.000033333333334
endloop
endfacet
facet normal -0.894289387342066 0.3197986247599657 -0.31301011371677273
outer loop
vertex 11.196340000000001 -3.3964266666666667 40.000033333333334
vertex 14.353973333333334 -4.35418 29.999953333333334
vertex 13.858326666666667 -5.740213333333333 29.999953333333334
endloop
endfacet
facet normal -0.8941653427383149 0.32010692460798884 -0.3130493518020555
outer loop
vertex 11.196340000000001 -3.3964266666666667 40.000033333333334
vertex 13.858326666666667 -5.740213333333333 29.999953333333334
vertex 10.80934 -4.477446666666667 40.000033333333334
endloop
endfacet
facet normal -0.9212731005944104 0.23082690815936976 -0.3130092851510114
outer loop
vertex 14.711733333333333 -2.9262933333333336 29.999953333333334
vertex 14.353973333333334 -4.35418 29.999953333333334
vertex 11.196340000000001 -3.3964266666666667 40.000033333333334
endloop
endfacet
facet normal -0.921303557343425 0.23068151345732024 -0.31302682724551106
outer loop
vertex 14.711733333333333 -2.9262933333333336 29.999953333333334
vertex 11.196340000000001 -3.3964266666666667 40.000033333333334
vertex 11.475266666666666 -2.2824400000000002 40.000033333333334
endloop
endfacet
facet normal -0.9394487019940371 0.1394653123259509 -0.313026457315582
outer loop
vertex 14.92788 -1.4703133333333334 29.999953333333334
vertex 14.711733333333333 -2.9262933333333336 29.999953333333334
vertex 11.475266666666666 -2.2824400000000002 40.000033333333334
endloop
endfacet
facet normal -0.9394785523003486 0.13919079005560406 -0.31305905789696914
outer loop
vertex 14.92788 -1.4703133333333334 29.999953333333334
vertex 11.475266666666666 -2.2824400000000002 40.000033333333334
vertex 11.64354 -1.1466666666666667 40.000033333333334
endloop
endfacet
facet normal -0.9485906388986148 0.04660651998488075 -0.31305531793728814
outer loop
vertex 15.00012 0 29.999953333333334
vertex 14.92788 -1.4703133333333334 29.999953333333334
vertex 11.64354 -1.1466666666666667 40.000033333333334
endloop
endfacet
facet normal -0.9485894994660866 0.04671803284870596 -0.31304214877461267
outer loop
vertex 15.00012 0 29.999953333333334
vertex 11.64354 -1.1466666666666667 40.000033333333334
vertex 11.700013333333334 0 40.000033333333334
endloop
endfacet
facet normal 0 0 -1
outer loop
vertex 0 17.22924 29.999953333333334
vertex 1.8621866666666667 18.908533333333335 29.999953333333334
vertex 3.7066000000000003 18.635053333333335 29.999953333333334
endloop
endfacet
facet normal 0 0 -1
outer loop
vertex 0 17.22924 29.999953333333334
vertex 3.7066000000000003 18.635053333333335 29.999953333333334
vertex 5.515466666666667 18.181833333333334 29.999953333333334
endloop
endfacet
facet normal 0 0 -1
outer loop
vertex 0 17.22924 29.999953333333334
vertex 5.515466666666667 18.181833333333334 29.999953333333334
vertex 7.271013333333333 17.55374666666667 29.999953333333334
endloop
endfacet
facet normal 0 0 -1
outer loop
vertex 0 17.22924 29.999953333333334
vertex 7.271013333333333 17.55374666666667 29.999953333333334
vertex 8.956613333333333 16.756526666666666 29.999953333333334
endloop
endfacet
facet normal 0 0 -1
outer loop
vertex 0 17.22924 29.999953333333334
vertex 8.956613333333333 16.756526666666666 29.999953333333334
vertex 10.555926666666666 15.797913333333334 29.999953333333334
endloop
endfacet
facet normal 0 0 -0.9999999999999999
outer loop
vertex 0 17.22924 29.999953333333334
vertex 10.555926666666666 15.797913333333334 29.999953333333334
vertex 11.631786666666667 15.00012 29.999953333333334
endloop
endfacet
facet normal 0 0 -1
outer loop
vertex 0 17.22924 29.999953333333334
vertex 11.631786666666667 15.00012 29.999953333333334
vertex 0 15.00012 29.999953333333334
endloop
endfacet
facet normal 0 0 -1
outer loop
vertex 0 17.22924 29.999953333333334
vertex 0 15.00012 29.999953333333334
vertex -11.631786666666667 15.00012 29.999953333333334
endloop
endfacet
facet normal 0 0 -0.9999999999999999
outer loop
vertex 0 17.22924 29.999953333333334
vertex -11.631786666666667 15.00012 29.999953333333334
vertex -10.555926666666666 15.797913333333334 29.999953333333334
endloop
endfacet
facet normal 0 0 -1
outer loop
vertex 0 17.22924 29.999953333333334
vertex -10.555926666666666 15.797913333333334 29.999953333333334
vertex -8.956613333333333 16.756526666666666 29.999953333333334
endloop
endfacet
facet normal 0 0 -1
outer loop
vertex 0 17.22924 29.999953333333334
vertex -8.956613333333333 16.756526666666666 29.999953333333334
vertex -7.271013333333333 17.55374666666667 29.999953333333334
endloop
endfacet
facet normal 0 0 -1
outer loop
vertex 0 17.22924 29.999953333333334
vertex -7.271013333333333 17.55374666666667 29.999953333333334
vertex -5.515466666666667 18.181833333333334 29.999953333333334
endloop
endfacet
facet normal 0 0 -1
outer loop
vertex 0 17.22924 29.999953333333334
vertex -5.515466666666667 18.181833333333334 29.999953333333334
vertex -3.7066000000000003 18.635053333333335 29.999953333333334
endloop
endfacet
facet normal 0 0 -1
outer loop
vertex 0 17.22924 29.999953333333334
vertex -3.7066000000000003 18.635053333333335 29.999953333333334
vertex -1.8621866666666667 18.908533333333335 29.999953333333334
endloop
endfacet
facet normal 0 0 -1
outer loop
vertex 0 17.22924 29.999953333333334
vertex -1.8621866666666667 18.908533333333335 29.999953333333334
vertex 0 18.99998 29.999953333333334
endloop
endfacet
facet normal 0 0 -1
outer loop
vertex 0 17.22924 29.999953333333334
vertex 0 18.99998 29.999953333333334
vertex 1.8621866666666667 18.908533333333335 29.999953333333334
endloop
endfacet
facet normal 0 0 -1
outer loop
vertex 0 15.00012 29.999953333333334
vertex -1.4703133333333334 14.92788 29.999953333333334
vertex -11.728966666666667 14.92788 29.999953333333334
endloop
endfacet
facet normal 0 0 -1
outer loop
vertex 0 15.00012 29.999953333333334
vertex -11.728966666666667 14.92788 29.999953333333334
vertex -11.631786666666667 15.00012 29.999953333333334
endloop
endfacet
facet normal 0 0 -1
outer loop
vertex 11.631786666666667 15.00012 29.999953333333334
vertex 11.728966666666667 14.92788 29.999953333333334
vertex 1.4703133333333334 14.92788 29.999953333333334
endloop
endfacet
facet normal 0 0 -1
outer loop
vertex 11.631786666666667 15.00012 29.999953333333334
vertex 1.4703133333333334 14.92788 29.999953333333334
vertex 0 15.00012 29.999953333333334
endloop
endfacet
facet normal 0 0 -0.9999999999999999
outer loop
vertex -1.4703133333333334 14.92788 29.999953333333334
vertex -2.9262933333333336 14.711733333333333 29.999953333333334
vertex -12.02022 14.711733333333333 29.999953333333334
endloop
endfacet
facet normal 0 0 -1
outer loop
vertex -1.4703133333333334 14.92788 29.999953333333334
vertex -12.02022 14.711733333333333 29.999953333333334
vertex -11.728966666666667 14.92788 29.999953333333334
endloop
endfacet
facet normal 0 0 -0.9999999999999999
outer loop
vertex 11.728966666666667 14.92788 29.999953333333334
vertex 12.02022 14.711733333333333 29.999953333333334
vertex 2.9262933333333336 14.711733333333333 29.999953333333334
endloop
endfacet
facet normal 0 0 -1
outer loop
vertex 11.728966666666667 14.92788 29.999953333333334
vertex 2.9262933333333336 14.711733333333333 29.999953333333334
vertex 1.4703133333333334 14.92788 29.999953333333334
endloop
endfacet
facet normal 0 0 -1
outer loop
vertex -8.755086666666667 14.563813333333334 29.999953333333334
vertex -2.9262933333333336 14.711733333333333 29.999953333333334
vertex -4.35418 14.353973333333334 29.999953333333334
endloop
endfacet
facet normal 0 0 -1
outer loop
vertex -8.755086666666667 14.563813333333334 29.999953333333334
vertex -4.35418 14.353973333333334 29.999953333333334
vertex -12.42098 14.353973333333334 29.999953333333334
endloop
endfacet
facet normal 0 0 -1
outer loop
vertex -8.755086666666667 14.563813333333334 29.999953333333334
vertex -12.42098 14.353973333333334 29.999953333333334
vertex -12.053473333333335 14.68708 29.999953333333334
endloop
endfacet
facet normal 0 0 -1
outer loop
vertex -8.755086666666667 14.563813333333334 29.999953333333334
vertex -12.053473333333335 14.68708 29.999953333333334
vertex -12.02022 14.711733333333333 29.999953333333334
endloop
endfacet
facet normal 0 0 -0.9999999999999999
outer loop
vertex -8.755086666666667 14.563813333333334 29.999953333333334
vertex -12.02022 14.711733333333333 29.999953333333334
vertex -2.9262933333333336 14.711733333333333 29.999953333333334
endloop
endfacet
facet normal 0 0 -1
outer loop
vertex 8.755086666666667 14.563813333333334 29.999953333333334
vertex 12.02022 14.711733333333333 29.999953333333334
vertex 12.053473333333335 14.68708 29.999953333333334
endloop
endfacet
facet normal 0 0 -1
outer loop
vertex 8.755086666666667 14.563813333333334 29.999953333333334
vertex 12.053473333333335 14.68708 29.999953333333334
vertex 12.42098 14.353973333333334 29.999953333333334
endloop
endfacet
facet normal 0 0 -1
outer loop
vertex 8.755086666666667 14.563813333333334 29.999953333333334
vertex 12.42098 14.353973333333334 29.999953333333334
vertex 4.35418 14.353973333333334 29.999953333333334
endloop
endfacet
facet normal 0 0 -1
outer loop
vertex 8.755086666666667 14.563813333333334 29.999953333333334
vertex 4.35418 14.353973333333334 29.999953333333334
vertex 2.9262933333333336 14.711733333333333 29.999953333333334
endloop
endfacet
facet normal 0 0 -0.9999999999999999
outer loop
vertex 8.755086666666667 14.563813333333334 29.999953333333334
vertex 2.9262933333333336 14.711733333333333 29.999953333333334
vertex 12.02022 14.711733333333333 29.999953333333334
endloop
endfacet
facet normal 0 0 -0.9999999999999999
outer loop
vertex -4.35418 14.353973333333334 29.999953333333334
vertex -5.740213333333333 13.858326666666667 29.999953333333334
vertex -12.968226666666666 13.858326666666667 29.999953333333334
endloop
endfacet
facet normal 0 0 -0.9999999999999999
outer loop
vertex -4.35418 14.353973333333334 29.999953333333334
vertex -12.968226666666666 13.858326666666667 29.999953333333334
vertex -12.42098 14.353973333333334 29.999953333333334
endloop
endfacet
facet normal 0 0 -1
outer loop
vertex 12.42098 14.353973333333334 29.999953333333334
vertex 12.968226666666666 13.858326666666667 29.999953333333334
vertex 5.740213333333333 13.858326666666667 29.999953333333334
endloop
endfacet
facet normal 0 0 -0.9999999999999999
outer loop
vertex 12.42098 14.353973333333334 29.999953333333334
vertex 5.740213333333333 13.858326666666667 29.999953333333334
vertex 4.35418 14.353973333333334 29.999953333333334
endloop
endfacet
facet normal 0 0 -1
outer loop
vertex -10.567106666666668 13.52178 29.999953333333334
vertex -5.740213333333333 13.858326666666667 29.999953333333334
vertex -7.07092 13.228806666666667 29.999953333333334
endloop
endfacet
facet normal 0 0 -1
outer loop
vertex -10.567106666666668 13.52178 29.999953333333334
vertex -7.07092 13.228806666666667 29.999953333333334
vertex -13.621826666666667 13.228806666666667 29.999953333333334
endloop
endfacet
facet normal 0 0 -1
outer loop
vertex -10.567106666666668 13.52178 29.999953333333334
vertex -13.621826666666667 13.228806666666667 29.999953333333334
vertex -13.43492 13.43492 29.999953333333334
endloop
endfacet
facet normal 0 0 -1
outer loop
vertex -10.567106666666668 13.52178 29.999953333333334
vertex -13.43492 13.43492 29.999953333333334
vertex -12.968226666666666 13.858326666666667 29.999953333333334
endloop
endfacet
facet normal 0 0 -1
outer loop
vertex -10.567106666666668 13.52178 29.999953333333334
vertex -12.968226666666666 13.858326666666667 29.999953333333334
vertex -5.740213333333333 13.858326666666667 29.999953333333334
endloop
endfacet
facet normal 0 0 -1
outer loop
vertex 10.567106666666668 13.52178 29.999953333333334
vertex 12.968226666666666 13.858326666666667 29.999953333333334
vertex 13.43492 13.43492 29.999953333333334
endloop
endfacet
facet normal 0 0 -1
outer loop
vertex 10.567106666666668 13.52178 29.999953333333334
vertex 13.43492 13.43492 29.999953333333334
vertex 13.621826666666667 13.228806666666667 29.999953333333334
endloop
endfacet
facet normal 0 0 -1
outer loop
vertex 10.567106666666668 13.52178 29.999953333333334
vertex 13.621826666666667 13.228806666666667 29.999953333333334
vertex 7.07092 13.228806666666667 29.999953333333334
endloop
endfacet
facet normal 0 0 -1
outer loop
vertex 10.567106666666668 13.52178 29.999953333333334
vertex 7.07092 13.228806666666667 29.999953333333334
vertex 5.740213333333333 13.858326666666667 29.999953333333334
endloop
endfacet
facet normal 0 0 -1
outer loop
vertex 10.567106666666668 13.52178 29.999953333333334
vertex 5.740213333333333 13.858326666666667 29.999953333333334
vertex 12.968226666666666 13.858326666666667 29.999953333333334
endloop
endfacet
facet normal 0 0 -0.9999999999999999
outer loop
vertex -7.07092 13.228806666666667 29.999953333333334
vertex -8.333686666666667 12.472006666666667 29.999953333333334
vertex -14.307820000000001 12.472006666666667 29.999953333333334
endloop
endfacet
facet normal 0 0 -1
outer loop
vertex -7.07092 13.228806666666667 29.999953333333334
vertex -14.307820000000001 12.472006666666667 29.999953333333334
vertex -13.621826666666667 13.228806666666667 29.999953333333334
endloop
endfacet
facet normal 0 0 -1
outer loop
vertex 13.621826666666667 13.228806666666667 29.999953333333334
vertex 14.307820000000001 12.472006666666667 29.999953333333334
vertex 8.333686666666667 12.472006666666667 29.999953333333334
endloop
endfacet
facet normal 0 0 -1
outer loop
vertex 13.621826666666667 13.228806666666667 29.999953333333334
vertex 8.333686666666667 12.472006666666667 29.999953333333334
vertex 7.07092 13.228806666666667 29.999953333333334
endloop
endfacet
facet normal 0 0 -1
outer loop
vertex -12.374253333333334 12.037420000000001 29.999953333333334
vertex -8.333686666666667 12.472006666666667 29.999953333333334
vertex -9.5159 11.595093333333335 29.999953333333334
endloop
endfacet
facet normal 0 0 -1
outer loop
vertex -12.374253333333334 12.037420000000001 29.999953333333334
vertex -9.5159 11.595093333333335 29.999953333333334
vertex -15.027066666666668 11.595093333333335 29.999953333333334
endloop
endfacet
facet normal 0 0 -1
outer loop
vertex -12.374253333333334 12.037420000000001 29.999953333333334
vertex -15.027066666666668 11.595093333333335 29.999953333333334
vertex -14.68708 12.053473333333335 29.999953333333334
endloop
endfacet
facet normal 0 0 -1
outer loop
vertex -12.374253333333334 12.037420000000001 29.999953333333334
vertex -14.68708 12.053473333333335 29.999953333333334
vertex -14.307820000000001 12.472006666666667 29.999953333333334
endloop
endfacet
facet normal 0 0 -1
outer loop
vertex -12.374253333333334 12.037420000000001 29.999953333333334
vertex -14.307820000000001 12.472006666666667 29.999953333333334
vertex -8.333686666666667 12.472006666666667 29.999953333333334
endloop
endfacet
facet normal 0 0 -1
outer loop
vertex 12.374253333333334 12.037420000000001 29.999953333333334
vertex 14.307820000000001 12.472006666666667 29.999953333333334
vertex 14.68708 12.053473333333335 29.999953333333334
endloop
endfacet
facet normal 0 0 -1
outer loop
vertex 12.374253333333334 12.037420000000001 29.999953333333334
vertex 14.68708 12.053473333333335 29.999953333333334
vertex 15.027066666666668 11.595093333333335 29.999953333333334
endloop
endfacet
facet normal 0 0 -1
outer loop
vertex 12.374253333333334 12.037420000000001 29.999953333333334
vertex 15.027066666666668 11.595093333333335 29.999953333333334
vertex 9.5159 11.595093333333335 29.999953333333334
endloop
endfacet
facet normal 0 0 -1
outer loop
vertex 12.374253333333334 12.037420000000001 29.999953333333334
vertex 9.5159 11.595093333333335 29.999953333333334
vertex 8.333686666666667 12.472006666666667 29.999953333333334
endloop
endfacet
facet normal 0 0 -1
outer loop
vertex 12.374253333333334 12.037420000000001 29.999953333333334
vertex 8.333686666666667 12.472006666666667 29.999953333333334
vertex 14.307820000000001 12.472006666666667 29.999953333333334
endloop
endfacet
facet normal 0 0 -1
outer loop
vertex -9.5159 11.595093333333335 29.999953333333334
vertex -10.606666666666667 10.606666666666667 29.999953333333334
vertex -15.76036 10.606666666666667 29.999953333333334
endloop
endfacet
facet normal 0 0 -1
outer loop
vertex -9.5159 11.595093333333335 29.999953333333334
vertex -15.76036 10.606666666666667 29.999953333333334
vertex -15.027066666666668 11.595093333333335 29.999953333333334
endloop
endfacet
facet normal 0 0 -1
outer loop
vertex 15.027066666666668 11.595093333333335 29.999953333333334
vertex 15.76036 10.606666666666667 29.999953333333334
vertex 10.606666666666667 10.606666666666667 29.999953333333334
endloop
endfacet
facet normal 0 0 -1
outer loop
vertex 15.027066666666668 11.595093333333335 29.999953333333334
vertex 10.606666666666667 10.606666666666667 29.999953333333334
vertex 9.5159 11.595093333333335 29.999953333333334
endloop
endfacet
facet normal 0 0 -1
outer loop
vertex -14.036346666666667 10.160326666666666 29.999953333333334
vertex -10.606666666666667 10.606666666666667 29.999953333333334
vertex -11.595093333333335 9.5159 29.999953333333334
endloop
endfacet
facet normal 0 0 -1
outer loop
vertex -14.036346666666667 10.160326666666666 29.999953333333334
vertex -11.595093333333335 9.5159 29.999953333333334
vertex -16.421126666666666 9.5159 29.999953333333334
endloop
endfacet
facet normal 0 0 -1
outer loop
vertex -14.036346666666667 10.160326666666666 29.999953333333334
vertex -16.421126666666666 9.5159 29.999953333333334
vertex -15.797913333333334 10.555926666666666 29.999953333333334
endloop
endfacet
facet normal 0 0 -0.9999999999999999
outer loop
vertex -14.036346666666667 10.160326666666666 29.999953333333334
vertex -15.797913333333334 10.555926666666666 29.999953333333334
vertex -15.76036 10.606666666666667 29.999953333333334
endloop
endfacet
facet normal 0 0 -1
outer loop
vertex -14.036346666666667 10.160326666666666 29.999953333333334
vertex -15.76036 10.606666666666667 29.999953333333334
vertex -10.606666666666667 10.606666666666667 29.999953333333334
endloop
endfacet
facet normal 0 0 -0.9999999999999999
outer loop
vertex 14.036346666666667 10.160326666666666 29.999953333333334
vertex 15.76036 10.606666666666667 29.999953333333334
vertex 15.797913333333334 10.555926666666666 29.999953333333334
endloop
endfacet
facet normal 0 0 -1
outer loop
vertex 14.036346666666667 10.160326666666666 29.999953333333334
vertex 15.797913333333334 10.555926666666666 29.999953333333334
vertex 16.421126666666666 9.5159 29.999953333333334
endloop
endfacet
facet normal 0 0 -1
outer loop
vertex 14.036346666666667 10.160326666666666 29.999953333333334
vertex 16.421126666666666 9.5159 29.999953333333334
vertex 11.595093333333335 9.5159 29.999953333333334
endloop
endfacet
facet normal 0 0 -1
outer loop
vertex 14.036346666666667 10.160326666666666 29.999953333333334
vertex 11.595093333333335 9.5159 29.999953333333334
vertex 10.606666666666667 10.606666666666667 29.999953333333334
endloop
endfacet
facet normal 0 0 -1
outer loop
vertex 14.036346666666667 10.160326666666666 29.999953333333334
vertex 10.606666666666667 10.606666666666667 29.999953333333334
vertex 15.76036 10.606666666666667 29.999953333333334
endloop
endfacet
facet normal 0 0 -1
outer loop
vertex -14.85908 8.9311 29.999953333333334
vertex -11.595093333333335 9.5159 29.999953333333334
vertex -12.472006666666667 8.333686666666667 29.999953333333334
endloop
endfacet
facet normal 0 0 -1
outer loop
vertex -14.85908 8.9311 29.999953333333334
vertex -12.472006666666667 8.333686666666667 29.999953333333334
vertex -17.05122 8.333686666666667 29.999953333333334
endloop
endfacet
facet normal 0 0 -1
outer loop
vertex -14.85908 8.9311 29.999953333333334
vertex -17.05122 8.333686666666667 29.999953333333334
vertex -16.756526666666666 8.956613333333333 29.999953333333334
endloop
endfacet
facet normal 0 0 -1
outer loop
vertex -14.85908 8.9311 29.999953333333334
vertex -16.756526666666666 8.956613333333333 29.999953333333334
vertex -16.421126666666666 9.5159 29.999953333333334
endloop
endfacet
facet normal 0 0 -1
outer loop
vertex -14.85908 8.9311 29.999953333333334
vertex -16.421126666666666 9.5159 29.999953333333334
vertex -11.595093333333335 9.5159 29.999953333333334
endloop
endfacet
facet normal 0 0 -1
outer loop
vertex 14.85908 8.9311 29.999953333333334
vertex 16.421126666666666 9.5159 29.999953333333334
vertex 16.756526666666666 8.956613333333333 29.999953333333334
endloop
endfacet
facet normal 0 0 -1
outer loop
vertex 14.85908 8.9311 29.999953333333334
vertex 16.756526666666666 8.956613333333333 29.999953333333334
vertex 17.05122 8.333686666666667 29.999953333333334
endloop
endfacet
facet normal 0 0 -1
outer loop
vertex 14.85908 8.9311 29.999953333333334
vertex 17.05122 8.333686666666667 29.999953333333334
vertex 12.472006666666667 8.333686666666667 29.999953333333334
endloop
endfacet
facet normal 0 0 -1
outer loop
vertex 14.85908 8.9311 29.999953333333334
vertex 12.472006666666667 8.333686666666667 29.999953333333334
vertex 11.595093333333335 9.5159 29.999953333333334
endloop
endfacet
facet normal 0 0 -1
outer loop
vertex 14.85908 8.9311 29.999953333333334
vertex 11.595093333333335 9.5159 29.999953333333334
vertex 16.421126666666666 9.5159 29.999953333333334
endloop
endfacet
facet normal 0 0 -1
outer loop
vertex -15.586353333333333 7.616160000000001 29.999953333333334
vertex -12.472006666666667 8.333686666666667 29.999953333333334
vertex -13.228806666666667 7.07092 29.999953333333334
endloop
endfacet
facet normal 0 0 -1
outer loop
vertex -15.586353333333333 7.616160000000001 29.999953333333334
vertex -13.228806666666667 7.07092 29.999953333333334
vertex -17.625413333333334 7.07092 29.999953333333334
endloop
endfacet
facet normal 0 0 -0.9999999999999999
outer loop
vertex -15.586353333333333 7.616160000000001 29.999953333333334
vertex -17.625413333333334 7.07092 29.999953333333334
vertex -17.55374666666667 7.271013333333333 29.999953333333334
endloop
endfacet
facet normal 0 0 -1
outer loop
vertex -15.586353333333333 7.616160000000001 29.999953333333334
vertex -17.55374666666667 7.271013333333333 29.999953333333334
vertex -17.05122 8.333686666666667 29.999953333333334
endloop
endfacet
facet normal 0 0 -1
outer loop
vertex -15.586353333333333 7.616160000000001 29.999953333333334
vertex -17.05122 8.333686666666667 29.999953333333334
vertex -12.472006666666667 8.333686666666667 29.999953333333334
endloop
endfacet
facet normal 0 0 -1
outer loop
vertex 15.586353333333333 7.616160000000001 29.999953333333334
vertex 17.05122 8.333686666666667 29.999953333333334
vertex 17.55374666666667 7.271013333333333 29.999953333333334
endloop
endfacet
facet normal 0 0 -0.9999999999999999
outer loop
vertex 15.586353333333333 7.616160000000001 29.999953333333334
vertex 17.55374666666667 7.271013333333333 29.999953333333334
vertex 17.625413333333334 7.07092 29.999953333333334
endloop
endfacet
facet normal 0 0 -1
outer loop
vertex 15.586353333333333 7.616160000000001 29.999953333333334
vertex 17.625413333333334 7.07092 29.999953333333334
vertex 13.228806666666667 7.07092 29.999953333333334
endloop
endfacet
facet normal 0 0 -1
outer loop
vertex 15.586353333333333 7.616160000000001 29.999953333333334
vertex 13.228806666666667 7.07092 29.999953333333334
vertex 12.472006666666667 8.333686666666667 29.999953333333334
endloop
endfacet
facet normal 0 0 -1
outer loop
vertex 15.586353333333333 7.616160000000001 29.999953333333334
vertex 12.472006666666667 8.333686666666667 29.999953333333334
vertex 17.05122 8.333686666666667 29.999953333333334
endloop
endfacet
facet normal 0 0 -1
outer loop
vertex -13.228806666666667 7.07092 29.999953333333334
vertex -13.858326666666667 5.740213333333333 29.999953333333334
vertex -18.10128 5.740213333333333 29.999953333333334
endloop
endfacet
facet normal 0 0 -1
outer loop
vertex -13.228806666666667 7.07092 29.999953333333334
vertex -18.10128 5.740213333333333 29.999953333333334
vertex -17.625413333333334 7.07092 29.999953333333334
endloop
endfacet
facet normal 0 0 -1
outer loop
vertex 17.625413333333334 7.07092 29.999953333333334
vertex 18.10128 5.740213333333333 29.999953333333334
vertex 13.858326666666667 5.740213333333333 29.999953333333334
endloop
endfacet
facet normal 0 0 -1
outer loop
vertex 17.625413333333334 7.07092 29.999953333333334
vertex 13.858326666666667 5.740213333333333 29.999953333333334
vertex 13.228806666666667 7.07092 29.999953333333334
endloop
endfacet
facet normal 0 0 -1
outer loop
vertex -16.593700000000002 5.140793333333334 29.999953333333334
vertex -13.858326666666667 5.740213333333333 29.999953333333334
vertex -14.353973333333334 4.35418 29.999953333333334
endloop
endfacet
facet normal 0 0 -1
outer loop
vertex -16.593700000000002 5.140793333333334 29.999953333333334
vertex -14.353973333333334 4.35418 29.999953333333334
vertex -18.4728 4.35418 29.999953333333334
endloop
endfacet
facet normal 0 0 -0.9999999999999999
outer loop
vertex -16.593700000000002 5.140793333333334 29.999953333333334
vertex -18.4728 4.35418 29.999953333333334
vertex -18.181833333333334 5.515466666666667 29.999953333333334
endloop
endfacet
facet normal 0 0 -1
outer loop
vertex -16.593700000000002 5.140793333333334 29.999953333333334
vertex -18.181833333333334 5.515466666666667 29.999953333333334
vertex -18.10128 5.740213333333333 29.999953333333334
endloop
endfacet
facet normal 0 0 -0.9999999999999999
outer loop
vertex -16.593700000000002 5.140793333333334 29.999953333333334
vertex -18.10128 5.740213333333333 29.999953333333334
vertex -13.858326666666667 5.740213333333333 29.999953333333334
endloop
endfacet
facet normal 0 0 -1
outer loop
vertex 16.593700000000002 5.140793333333334 29.999953333333334
vertex 18.10128 5.740213333333333 29.999953333333334
vertex 18.181833333333334 5.515466666666667 29.999953333333334
endloop
endfacet
facet normal 0 0 -0.9999999999999999
outer loop
vertex 16.593700000000002 5.140793333333334 29.999953333333334
vertex 18.181833333333334 5.515466666666667 29.999953333333334
vertex 18.4728 4.35418 29.999953333333334
endloop
endfacet
facet normal 0 0 -1
outer loop
vertex 16.593700000000002 5.140793333333334 29.999953333333334
vertex 18.4728 4.35418 29.999953333333334
vertex 14.353973333333334 4.35418 29.999953333333334
endloop
endfacet
facet normal 0 0 -1
outer loop
vertex 16.593700000000002 5.140793333333334 29.999953333333334
vertex 14.353973333333334 4.35418 29.999953333333334
vertex 13.858326666666667 5.740213333333333 29.999953333333334
endloop
endfacet
facet normal 0 0 -0.9999999999999999
outer loop
vertex 16.593700000000002 5.140793333333334 29.999953333333334
vertex 13.858326666666667 5.740213333333333 29.999953333333334
vertex 18.10128 5.740213333333333 29.999953333333334
endloop
endfacet
facet normal 0 0 -0.9999999999999999
outer loop
vertex -16.984713333333335 3.653566666666667 29.999953333333334
vertex -14.353973333333334 4.35418 29.999953333333334
vertex -14.711733333333333 2.9262933333333336 29.999953333333334
endloop
endfacet
facet normal 0 0 -1
outer loop
vertex -16.984713333333335 3.653566666666667 29.999953333333334
vertex -14.711733333333333 2.9262933333333336 29.999953333333334
vertex -18.75058 2.9262933333333336 29.999953333333334
endloop
endfacet
facet normal 0 0 -1
outer loop
vertex -16.984713333333335 3.653566666666667 29.999953333333334
vertex -18.75058 2.9262933333333336 29.999953333333334
vertex -18.635053333333335 3.7066000000000003 29.999953333333334
endloop
endfacet
facet normal 0 0 -1
outer loop
vertex -16.984713333333335 3.653566666666667 29.999953333333334
vertex -18.635053333333335 3.7066000000000003 29.999953333333334
vertex -18.4728 4.35418 29.999953333333334
endloop
endfacet
facet normal 0 0 -1
outer loop
vertex -16.984713333333335 3.653566666666667 29.999953333333334
vertex -18.4728 4.35418 29.999953333333334
vertex -14.353973333333334 4.35418 29.999953333333334
endloop
endfacet
facet normal 0 0 -1
outer loop
vertex 16.984713333333335 3.653566666666667 29.999953333333334
vertex 18.4728 4.35418 29.999953333333334
vertex 18.635053333333335 3.7066000000000003 29.999953333333334
endloop
endfacet
facet normal 0 0 -1
outer loop
vertex 16.984713333333335 3.653566666666667 29.999953333333334
vertex 18.635053333333335 3.7066000000000003 29.999953333333334
vertex 18.75058 2.9262933333333336 29.999953333333334
endloop
endfacet
facet normal 0 0 -1
outer loop
vertex 16.984713333333335 3.653566666666667 29.999953333333334
vertex 18.75058 2.9262933333333336 29.999953333333334
vertex 14.711733333333333 2.9262933333333336 29.999953333333334
endloop
endfacet
facet normal 0 0 -0.9999999999999999
outer loop
vertex 16.984713333333335 3.653566666666667 29.999953333333334
vertex 14.711733333333333 2.9262933333333336 29.999953333333334
vertex 14.353973333333334 4.35418 29.999953333333334
endloop
endfacet
facet normal 0 0 -1
outer loop
vertex 16.984713333333335 3.653566666666667 29.999953333333334
vertex 14.353973333333334 4.35418 29.999953333333334
vertex 18.4728 4.35418 29.999953333333334
endloop
endfacet
facet normal 0 0 -1
outer loop
vertex -17.245293333333333 2.13108 29.999953333333334
vertex -14.711733333333333 2.9262933333333336 29.999953333333334
vertex -14.92788 1.4703133333333334 29.999953333333334
endloop
endfacet
facet normal 0 0 -1
outer loop
vertex -17.245293333333333 2.13108 29.999953333333334
vertex -14.92788 1.4703133333333334 29.999953333333334
vertex -18.92774 1.4703133333333334 29.999953333333334
endloop
endfacet
facet normal 0 0 -1
outer loop
vertex -17.245293333333333 2.13108 29.999953333333334
vertex -18.92774 1.4703133333333334 29.999953333333334
vertex -18.908533333333335 1.8621866666666667 29.999953333333334
endloop
endfacet
facet normal 0 0 -1
outer loop
vertex -17.245293333333333 2.13108 29.999953333333334
vertex -18.908533333333335 1.8621866666666667 29.999953333333334
vertex -18.75058 2.9262933333333336 29.999953333333334
endloop
endfacet
facet normal 0 0 -1
outer loop
vertex -17.245293333333333 2.13108 29.999953333333334
vertex -18.75058 2.9262933333333336 29.999953333333334
vertex -14.711733333333333 2.9262933333333336 29.999953333333334
endloop
endfacet
facet normal 0 0 -1
outer loop
vertex 17.245293333333333 2.13108 29.999953333333334
vertex 18.75058 2.9262933333333336 29.999953333333334
vertex 18.908533333333335 1.8621866666666667 29.999953333333334
endloop
endfacet
facet normal 0 0 -1
outer loop
vertex 17.245293333333333 2.13108 29.999953333333334
vertex 18.908533333333335 1.8621866666666667 29.999953333333334
vertex 18.92774 1.4703133333333334 29.999953333333334
endloop
endfacet
facet normal 0 0 -1
outer loop
vertex 17.245293333333333 2.13108 29.999953333333334
vertex 18.92774 1.4703133333333334 29.999953333333334
vertex 14.92788 1.4703133333333334 29.999953333333334
endloop
endfacet
facet normal 0 0 -1
outer loop
vertex 17.245293333333333 2.13108 29.999953333333334
vertex 14.92788 1.4703133333333334 29.999953333333334
vertex 14.711733333333333 2.9262933333333336 29.999953333333334
endloop
endfacet
facet normal 0 0 -1
outer loop
vertex 17.245293333333333 2.13108 29.999953333333334
vertex 14.711733333333333 2.9262933333333336 29.999953333333334
vertex 18.75058 2.9262933333333336 29.999953333333334
endloop
endfacet
facet normal 0 0 -1
outer loop
vertex -14.92788 1.4703133333333334 29.999953333333334
vertex -15.00012 0 29.999953333333334
vertex -18.99998 0 29.999953333333334
endloop
endfacet
facet normal 0 0 -1
outer loop
vertex -14.92788 1.4703133333333334 29.999953333333334
vertex -18.99998 0 29.999953333333334
vertex -18.92774 1.4703133333333334 29.999953333333334
endloop
endfacet
facet normal 0 0 -1
outer loop
vertex 18.92774 1.4703133333333334 29.999953333333334
vertex 18.99998 0 29.999953333333334
vertex 15.00012 0 29.999953333333334
endloop
endfacet
facet normal 0 0 -1
outer loop
vertex 18.92774 1.4703133333333334 29.999953333333334
vertex 15.00012 0 29.999953333333334
vertex 14.92788 1.4703133333333334 29.999953333333334
endloop
endfacet
facet normal 0 0 -1
outer loop
vertex -15.00012 0 29.999953333333334
vertex -14.92788 -1.4703133333333334 29.999953333333334
vertex -18.92774 -1.4703133333333334 29.999953333333334
endloop
endfacet
facet normal 0 0 -1
outer loop
vertex -15.00012 0 29.999953333333334
vertex -18.92774 -1.4703133333333334 29.999953333333334
vertex -18.99998 0 29.999953333333334
endloop
endfacet
facet normal 0 0 -1
outer loop
vertex 18.99998 0 29.999953333333334
vertex 18.92774 -1.4703133333333334 29.999953333333334
vertex 14.92788 -1.4703133333333334 29.999953333333334
endloop
endfacet
facet normal 0 0 -1
outer loop
vertex 18.99998 0 29.999953333333334
vertex 14.92788 -1.4703133333333334 29.999953333333334
vertex 15.00012 0 29.999953333333334
endloop
endfacet
facet normal 0 0 -1
outer loop
vertex -17.245293333333333 -2.13108 29.999953333333334
vertex -14.92788 -1.4703133333333334 29.999953333333334
vertex -14.711733333333333 -2.9262933333333336 29.999953333333334
endloop
endfacet
facet normal 0 0 -1
outer loop
vertex -17.245293333333333 -2.13108 29.999953333333334
vertex -14.711733333333333 -2.9262933333333336 29.999953333333334
vertex -18.75058 -2.9262933333333336 29.999953333333334
endloop
endfacet
facet normal 0 0 -1
outer loop
vertex -17.245293333333333 -2.13108 29.999953333333334
vertex -18.75058 -2.9262933333333336 29.999953333333334
vertex -18.908533333333335 -1.8621866666666667 29.999953333333334
endloop
endfacet
facet normal 0 0 -1
outer loop
vertex -17.245293333333333 -2.13108 29.999953333333334
vertex -18.908533333333335 -1.8621866666666667 29.999953333333334
vertex -18.92774 -1.4703133333333334 29.999953333333334
endloop
endfacet
facet normal 0 0 -1
outer loop
vertex -17.245293333333333 -2.13108 29.999953333333334
vertex -18.92774 -1.4703133333333334 29.999953333333334
vertex -14.92788 -1.4703133333333334 29.999953333333334
endloop
endfacet
facet normal 0 0 -1
outer loop
vertex 17.245293333333333 -2.13108 29.999953333333334
vertex 18.92774 -1.4703133333333334 29.999953333333334
vertex 18.908533333333335 -1.8621866666666667 29.999953333333334
endloop
endfacet
facet normal 0 0 -1
outer loop
vertex 17.245293333333333 -2.13108 29.999953333333334
vertex 18.908533333333335 -1.8621866666666667 29.999953333333334
vertex 18.75058 -2.9262933333333336 29.999953333333334
endloop
endfacet
facet normal 0 0 -1
outer loop
vertex 17.245293333333333 -2.13108 29.999953333333334
vertex 18.75058 -2.9262933333333336 29.999953333333334
vertex 14.711733333333333 -2.9262933333333336 29.999953333333334
endloop
endfacet
facet normal 0 0 -1
outer loop
vertex 17.245293333333333 -2.13108 29.999953333333334
vertex 14.711733333333333 -2.9262933333333336 29.999953333333334
vertex 14.92788 -1.4703133333333334 29.999953333333334
endloop
endfacet
facet normal 0 0 -1
outer loop
vertex 17.245293333333333 -2.13108 29.999953333333334
vertex 14.92788 -1.4703133333333334 29.999953333333334
vertex 18.92774 -1.4703133333333334 29.999953333333334
endloop
endfacet
facet normal 0 0 -0.9999999999999999
outer loop
vertex -16.984713333333335 -3.653566666666667 29.999953333333334
vertex -14.711733333333333 -2.9262933333333336 29.999953333333334
vertex -14.353973333333334 -4.35418 29.999953333333334
endloop
endfacet
facet normal 0 0 -1
outer loop
vertex -16.984713333333335 -3.653566666666667 29.999953333333334
vertex -14.353973333333334 -4.35418 29.999953333333334
vertex -18.4728 -4.35418 29.999953333333334
endloop
endfacet
facet normal 0 0 -1
outer loop
vertex -16.984713333333335 -3.653566666666667 29.999953333333334
vertex -18.4728 -4.35418 29.999953333333334
vertex -18.635053333333335 -3.7066000000000003 29.999953333333334
endloop
endfacet
facet normal 0 0 -1
outer loop
vertex -16.984713333333335 -3.653566666666667 29.999953333333334
vertex -18.635053333333335 -3.7066000000000003 29.999953333333334
vertex -18.75058 -2.9262933333333336 29.999953333333334
endloop
endfacet
facet normal 0 0 -1
outer loop
vertex -16.984713333333335 -3.653566666666667 29.999953333333334
vertex -18.75058 -2.9262933333333336 29.999953333333334
vertex -14.711733333333333 -2.9262933333333336 29.999953333333334
endloop
endfacet
facet normal 0 0 -1
outer loop
vertex 16.984713333333335 -3.653566666666667 29.999953333333334
vertex 18.75058 -2.9262933333333336 29.999953333333334
vertex 18.635053333333335 -3.7066000000000003 29.999953333333334
endloop
endfacet
facet normal 0 0 -1
outer loop
vertex 16.984713333333335 -3.653566666666667 29.999953333333334
vertex 18.635053333333335 -3.7066000000000003 29.999953333333334
vertex 18.4728 -4.35418 29.999953333333334
endloop
endfacet
facet normal 0 0 -1
outer loop
vertex 16.984713333333335 -3.653566666666667 29.999953333333334
vertex 18.4728 -4.35418 29.999953333333334
vertex 14.353973333333334 -4.35418 29.999953333333334
endloop
endfacet
facet normal 0 0 -0.9999999999999999
outer loop
vertex 16.984713333333335 -3.653566666666667 29.999953333333334
vertex 14.353973333333334 -4.35418 29.999953333333334
vertex 14.711733333333333 -2.9262933333333336 29.999953333333334
endloop
endfacet
facet normal 0 0 -1
outer loop
vertex 16.984713333333335 -3.653566666666667 29.999953333333334
vertex 14.711733333333333 -2.9262933333333336 29.999953333333334
vertex 18.75058 -2.9262933333333336 29.999953333333334
endloop
endfacet
facet normal 0 0 -1
outer loop
vertex -16.593700000000002 -5.140793333333334 29.999953333333334
vertex -14.353973333333334 -4.35418 29.999953333333334
vertex -13.858326666666667 -5.740213333333333 29.999953333333334
endloop
endfacet
facet normal 0 0 -0.9999999999999999
outer loop
vertex -16.593700000000002 -5.140793333333334 29.999953333333334
vertex -13.858326666666667 -5.740213333333333 29.999953333333334
vertex -18.10128 -5.740213333333333 29.999953333333334
endloop
endfacet
facet normal 0 0 -1
outer loop
vertex -16.593700000000002 -5.140793333333334 29.999953333333334
vertex -18.10128 -5.740213333333333 29.999953333333334
vertex -18.181833333333334 -5.515466666666667 29.999953333333334
endloop
endfacet
facet normal 0 0 -0.9999999999999999
outer loop
vertex -16.593700000000002 -5.140793333333334 29.999953333333334
vertex -18.181833333333334 -5.515466666666667 29.999953333333334
vertex -18.4728 -4.35418 29.999953333333334
endloop
endfacet
facet normal 0 0 -1
outer loop
vertex -16.593700000000002 -5.140793333333334 29.999953333333334
vertex -18.4728 -4.35418 29.999953333333334
vertex -14.353973333333334 -4.35418 29.999953333333334
endloop
endfacet
facet normal 0 0 -0.9999999999999999
outer loop
vertex 16.593700000000002 -5.140793333333334 29.999953333333334
vertex 18.4728 -4.35418 29.999953333333334
vertex 18.181833333333334 -5.515466666666667 29.999953333333334
endloop
endfacet
facet normal 0 0 -1
outer loop
vertex 16.593700000000002 -5.140793333333334 29.999953333333334
vertex 18.181833333333334 -5.515466666666667 29.999953333333334
vertex 18.10128 -5.740213333333333 29.999953333333334
endloop
endfacet
facet normal 0 0 -0.9999999999999999
outer loop
vertex 16.593700000000002 -5.140793333333334 29.999953333333334
vertex 18.10128 -5.740213333333333 29.999953333333334
vertex 13.858326666666667 -5.740213333333333 29.999953333333334
endloop
endfacet
facet normal 0 0 -1
outer loop
vertex 16.593700000000002 -5.140793333333334 29.999953333333334
vertex 13.858326666666667 -5.740213333333333 29.999953333333334
vertex 14.353973333333334 -4.35418 29.999953333333334
endloop
endfacet
facet normal 0 0 -1
outer loop
vertex 16.593700000000002 -5.140793333333334 29.999953333333334
vertex 14.353973333333334 -4.35418 29.999953333333334
vertex 18.4728 -4.35418 29.999953333333334
endloop
endfacet
facet normal 0 0 -1
outer loop
vertex -13.858326666666667 -5.740213333333333 29.999953333333334
vertex -13.228806666666667 -7.07092 29.999953333333334
vertex -17.625413333333334 -7.07092 29.999953333333334
endloop
endfacet
facet normal 0 0 -1
outer loop
vertex -13.858326666666667 -5.740213333333333 29.999953333333334
vertex -17.625413333333334 -7.07092 29.999953333333334
vertex -18.10128 -5.740213333333333 29.999953333333334
endloop
endfacet
facet normal 0 0 -1
outer loop
vertex 18.10128 -5.740213333333333 29.999953333333334
vertex 17.625413333333334 -7.07092 29.999953333333334
vertex 13.228806666666667 -7.07092 29.999953333333334
endloop
endfacet
facet normal 0 0 -1
outer loop
vertex 18.10128 -5.740213333333333 29.999953333333334
vertex 13.228806666666667 -7.07092 29.999953333333334
vertex 13.858326666666667 -5.740213333333333 29.999953333333334
endloop
endfacet
facet normal 0 0 -1
outer loop
vertex -15.586353333333333 -7.616160000000001 29.999953333333334
vertex -13.228806666666667 -7.07092 29.999953333333334
vertex -12.472006666666667 -8.333686666666667 29.999953333333334
endloop
endfacet
facet normal 0 0 -1
outer loop
vertex -15.586353333333333 -7.616160000000001 29.999953333333334
vertex -12.472006666666667 -8.333686666666667 29.999953333333334
vertex -17.05122 -8.333686666666667 29.999953333333334
endloop
endfacet
facet normal 0 0 -1
outer loop
vertex -15.586353333333333 -7.616160000000001 29.999953333333334
vertex -17.05122 -8.333686666666667 29.999953333333334
vertex -17.55374666666667 -7.271013333333333 29.999953333333334
endloop
endfacet
facet normal 0 0 -0.9999999999999999
outer loop
vertex -15.586353333333333 -7.616160000000001 29.999953333333334
vertex -17.55374666666667 -7.271013333333333 29.999953333333334
vertex -17.625413333333334 -7.07092 29.999953333333334
endloop
endfacet
facet normal 0 0 -1
outer loop
vertex -15.586353333333333 -7.616160000000001 29.999953333333334
vertex -17.625413333333334 -7.07092 29.999953333333334
vertex -13.228806666666667 -7.07092 29.999953333333334
endloop
endfacet
facet normal 0 0 -0.9999999999999999
outer loop
vertex 15.586353333333333 -7.616160000000001 29.999953333333334
vertex 17.625413333333334 -7.07092 29.999953333333334
vertex 17.55374666666667 -7.271013333333333 29.999953333333334
endloop
endfacet
facet normal 0 0 -1
outer loop
vertex 15.586353333333333 -7.616160000000001 29.999953333333334
vertex 17.55374666666667 -7.271013333333333 29.999953333333334
vertex 17.05122 -8.333686666666667 29.999953333333334
endloop
endfacet
facet normal 0 0 -1
outer loop
vertex 15.586353333333333 -7.616160000000001 29.999953333333334
vertex 17.05122 -8.333686666666667 29.999953333333334
vertex 12.472006666666667 -8.333686666666667 29.999953333333334
endloop
endfacet
facet normal 0 0 -1
outer loop
vertex 15.586353333333333 -7.616160000000001 29.999953333333334
vertex 12.472006666666667 -8.333686666666667 29.999953333333334
vertex 13.228806666666667 -7.07092 29.999953333333334
endloop
endfacet
facet normal 0 0 -1
outer loop
vertex 15.586353333333333 -7.616160000000001 29.999953333333334
vertex 13.228806666666667 -7.07092 29.999953333333334
vertex 17.625413333333334 -7.07092 29.999953333333334
endloop
endfacet
facet normal 0 0 -1
outer loop
vertex -14.85908 -8.9311 29.999953333333334
vertex -12.472006666666667 -8.333686666666667 29.999953333333334
vertex -11.595093333333335 -9.5159 29.999953333333334
endloop
endfacet
facet normal 0 0 -1
outer loop
vertex -14.85908 -8.9311 29.999953333333334
vertex -11.595093333333335 -9.5159 29.999953333333334
vertex -16.421126666666666 -9.5159 29.999953333333334
endloop
endfacet
facet normal 0 0 -1
outer loop
vertex -14.85908 -8.9311 29.999953333333334
vertex -16.421126666666666 -9.5159 29.999953333333334
vertex -16.756526666666666 -8.956613333333333 29.999953333333334
endloop
endfacet
facet normal 0 0 -1
outer loop
vertex -14.85908 -8.9311 29.999953333333334
vertex -16.756526666666666 -8.956613333333333 29.999953333333334
vertex -17.05122 -8.333686666666667 29.999953333333334
endloop
endfacet
facet normal 0 0 -1
outer loop
vertex -14.85908 -8.9311 29.999953333333334
vertex -17.05122 -8.333686666666667 29.999953333333334
vertex -12.472006666666667 -8.333686666666667 29.999953333333334
endloop
endfacet
facet normal 0 0 -1
outer loop
vertex 14.85908 -8.9311 29.999953333333334
vertex 17.05122 -8.333686666666667 29.999953333333334
vertex 16.756526666666666 -8.956613333333333 29.999953333333334
endloop
endfacet
facet normal 0 0 -1
outer loop
vertex 14.85908 -8.9311 29.999953333333334
vertex 16.756526666666666 -8.956613333333333 29.999953333333334
vertex 16.421126666666666 -9.5159 29.999953333333334
endloop
endfacet
facet normal 0 0 -1
outer loop
vertex 14.85908 -8.9311 29.999953333333334
vertex 16.421126666666666 -9.5159 29.999953333333334
vertex 11.595093333333335 -9.5159 29.999953333333334
endloop
endfacet
facet normal 0 0 -1
outer loop
vertex 14.85908 -8.9311 29.999953333333334
vertex 11.595093333333335 -9.5159 29.999953333333334
vertex 12.472006666666667 -8.333686666666667 29.999953333333334
endloop
endfacet
facet normal 0 0 -1
outer loop
vertex 14.85908 -8.9311 29.999953333333334
vertex 12.472006666666667 -8.333686666666667 29.999953333333334
vertex 17.05122 -8.333686666666667 29.999953333333334
endloop
endfacet
facet normal 0 0 -1
outer loop
vertex -14.036346666666667 -10.160326666666666 29.999953333333334
vertex -11.595093333333335 -9.5159 29.999953333333334
vertex -10.606666666666667 -10.606666666666667 29.999953333333334
endloop
endfacet
facet normal 0 0 -1
outer loop
vertex -14.036346666666667 -10.160326666666666 29.999953333333334
vertex -10.606666666666667 -10.606666666666667 29.999953333333334
vertex -15.76036 -10.606666666666667 29.999953333333334
endloop
endfacet
facet normal 0 0 -0.9999999999999999
outer loop
vertex -14.036346666666667 -10.160326666666666 29.999953333333334
vertex -15.76036 -10.606666666666667 29.999953333333334
vertex -15.797913333333334 -10.555926666666666 29.999953333333334
endloop
endfacet
facet normal 0 0 -1
outer loop
vertex -14.036346666666667 -10.160326666666666 29.999953333333334
vertex -15.797913333333334 -10.555926666666666 29.999953333333334
vertex -16.421126666666666 -9.5159 29.999953333333334
endloop
endfacet
facet normal 0 0 -1
outer loop
vertex -14.036346666666667 -10.160326666666666 29.999953333333334
vertex -16.421126666666666 -9.5159 29.999953333333334
vertex -11.595093333333335 -9.5159 29.999953333333334
endloop
endfacet
facet normal 0 0 -1
outer loop
vertex 14.036346666666667 -10.160326666666666 29.999953333333334
vertex 16.421126666666666 -9.5159 29.999953333333334
vertex 15.797913333333334 -10.555926666666666 29.999953333333334
endloop
endfacet
facet normal 0 0 -0.9999999999999999
outer loop
vertex 14.036346666666667 -10.160326666666666 29.999953333333334
vertex 15.797913333333334 -10.555926666666666 29.999953333333334
vertex 15.76036 -10.606666666666667 29.999953333333334
endloop
endfacet
facet normal 0 0 -1
outer loop
vertex 14.036346666666667 -10.160326666666666 29.999953333333334
vertex 15.76036 -10.606666666666667 29.999953333333334
vertex 10.606666666666667 -10.606666666666667 29.999953333333334
endloop
endfacet
facet normal 0 0 -1
outer loop
vertex 14.036346666666667 -10.160326666666666 29.999953333333334
vertex 10.606666666666667 -10.606666666666667 29.999953333333334
vertex 11.595093333333335 -9.5159 29.999953333333334
endloop
endfacet
facet normal 0 0 -1
outer loop
vertex 14.036346666666667 -10.160326666666666 29.999953333333334
vertex 11.595093333333335 -9.5159 29.999953333333334
vertex 16.421126666666666 -9.5159 29.999953333333334
endloop
endfacet
facet normal 0 0 -1
outer loop
vertex -10.606666666666667 -10.606666666666667 29.999953333333334
vertex -9.5159 -11.595093333333335 29.999953333333334
vertex -15.027066666666668 -11.595093333333335 29.999953333333334
endloop
endfacet
facet normal 0 0 -1
outer loop
vertex -10.606666666666667 -10.606666666666667 29.999953333333334
vertex -15.027066666666668 -11.595093333333335 29.999953333333334
vertex -15.76036 -10.606666666666667 29.999953333333334
endloop
endfacet
facet normal 0 0 -1
outer loop
vertex 15.76036 -10.606666666666667 29.999953333333334
vertex 15.027066666666668 -11.595093333333335 29.999953333333334
vertex 9.5159 -11.595093333333335 29.999953333333334
endloop
endfacet
facet normal 0 0 -1
outer loop
vertex 15.76036 -10.606666666666667 29.999953333333334
vertex 9.5159 -11.595093333333335 29.999953333333334
vertex 10.606666666666667 -10.606666666666667 29.999953333333334
endloop
endfacet
facet normal 0 0 -1
outer loop
vertex -12.374253333333334 -12.037420000000001 29.999953333333334
vertex -9.5159 -11.595093333333335 29.999953333333334
vertex -8.333686666666667 -12.472006666666667 29.999953333333334
endloop
endfacet
facet normal 0 0 -1
outer loop
vertex -12.374253333333334 -12.037420000000001 29.999953333333334
vertex -8.333686666666667 -12.472006666666667 29.999953333333334
vertex -14.307820000000001 -12.472006666666667 29.999953333333334
endloop
endfacet
facet normal 0 0 -1
outer loop
vertex -12.374253333333334 -12.037420000000001 29.999953333333334
vertex -14.307820000000001 -12.472006666666667 29.999953333333334
vertex -14.68708 -12.053473333333335 29.999953333333334
endloop
endfacet
facet normal 0 0 -1
outer loop
vertex -12.374253333333334 -12.037420000000001 29.999953333333334
vertex -14.68708 -12.053473333333335 29.999953333333334
vertex -15.027066666666668 -11.595093333333335 29.999953333333334
endloop
endfacet
facet normal 0 0 -1
outer loop
vertex -12.374253333333334 -12.037420000000001 29.999953333333334
vertex -15.027066666666668 -11.595093333333335 29.999953333333334
vertex -9.5159 -11.595093333333335 29.999953333333334
endloop
endfacet
facet normal 0 0 -1
outer loop
vertex 12.374253333333334 -12.037420000000001 29.999953333333334
vertex 15.027066666666668 -11.595093333333335 29.999953333333334
vertex 14.68708 -12.053473333333335 29.999953333333334
endloop
endfacet
facet normal 0 0 -1
outer loop
vertex 12.374253333333334 -12.037420000000001 29.999953333333334
vertex 14.68708 -12.053473333333335 29.999953333333334
vertex 14.307820000000001 -12.472006666666667 29.999953333333334
endloop
endfacet
facet normal 0 0 -1
outer loop
vertex 12.374253333333334 -12.037420000000001 29.999953333333334
vertex 14.307820000000001 -12.472006666666667 29.999953333333334
vertex 8.333686666666667 -12.472006666666667 29.999953333333334
endloop
endfacet
facet normal 0 0 -1
outer loop
vertex 12.374253333333334 -12.037420000000001 29.999953333333334
vertex 8.333686666666667 -12.472006666666667 29.999953333333334
vertex 9.5159 -11.595093333333335 29.999953333333334
endloop
endfacet
facet normal 0 0 -1
outer loop
vertex 12.374253333333334 -12.037420000000001 29.999953333333334
vertex 9.5159 -11.595093333333335 29.999953333333334
vertex 15.027066666666668 -11.595093333333335 29.999953333333334
endloop
endfacet
facet normal 0 0 -0.9999999999999999
outer loop
vertex -8.333686666666667 -12.472006666666667 29.999953333333334
vertex -7.07092 -13.228806666666667 29.999953333333334
vertex -13.621826666666667 -13.228806666666667 29.999953333333334
endloop
endfacet
facet normal 0 0 -0.9999999999999999
outer loop
vertex -8.333686666666667 -12.472006666666667 29.999953333333334
vertex -13.621826666666667 -13.228806666666667 29.999953333333334
vertex -14.307820000000001 -12.472006666666667 29.999953333333334
endloop
endfacet
facet normal 0 0 -1
outer loop
vertex 14.307820000000001 -12.472006666666667 29.999953333333334
vertex 13.621826666666667 -13.228806666666667 29.999953333333334
vertex 7.07092 -13.228806666666667 29.999953333333334
endloop
endfacet
facet normal 0 0 -0.9999999999999999
outer loop
vertex 14.307820000000001 -12.472006666666667 29.999953333333334
vertex 7.07092 -13.228806666666667 29.999953333333334
vertex 8.333686666666667 -12.472006666666667 29.999953333333334
endloop
endfacet
facet normal 0 0 -1
outer loop
vertex -10.567106666666668 -13.52178 29.999953333333334
vertex -7.07092 -13.228806666666667 29.999953333333334
vertex -5.740213333333333 -13.858326666666667 29.999953333333334
endloop
endfacet
facet normal 0 0 -1
outer loop
vertex -10.567106666666668 -13.52178 29.999953333333334
vertex -5.740213333333333 -13.858326666666667 29.999953333333334
vertex -12.968226666666666 -13.858326666666667 29.999953333333334
endloop
endfacet
facet normal 0 0 -1
outer loop
vertex -10.567106666666668 -13.52178 29.999953333333334
vertex -12.968226666666666 -13.858326666666667 29.999953333333334
vertex -13.43492 -13.43492 29.999953333333334
endloop
endfacet
facet normal 0 0 -1
outer loop
vertex -10.567106666666668 -13.52178 29.999953333333334
vertex -13.43492 -13.43492 29.999953333333334
vertex -13.621826666666667 -13.228806666666667 29.999953333333334
endloop
endfacet
facet normal 0 0 -1
outer loop
vertex -10.567106666666668 -13.52178 29.999953333333334
vertex -13.621826666666667 -13.228806666666667 29.999953333333334
vertex -7.07092 -13.228806666666667 29.999953333333334
endloop
endfacet
facet normal 0 0 -1
outer loop
vertex 10.567106666666668 -13.52178 29.999953333333334
vertex 13.621826666666667 -13.228806666666667 29.999953333333334
vertex 13.43492 -13.43492 29.999953333333334
endloop
endfacet
facet normal 0 0 -1
outer loop
vertex 10.567106666666668 -13.52178 29.999953333333334
vertex 13.43492 -13.43492 29.999953333333334
vertex 12.968226666666666 -13.858326666666667 29.999953333333334
endloop
endfacet
facet normal 0 0 -1
outer loop
vertex 10.567106666666668 -13.52178 29.999953333333334
vertex 12.968226666666666 -13.858326666666667 29.999953333333334
vertex 5.740213333333333 -13.858326666666667 29.999953333333334
endloop
endfacet
facet normal 0 0 -1
outer loop
vertex 10.567106666666668 -13.52178 29.999953333333334
vertex 5.740213333333333 -13.858326666666667 29.999953333333334
vertex 7.07092 -13.228806666666667 29.999953333333334
endloop
endfacet
facet normal 0 0 -1
outer loop
vertex 10.567106666666668 -13.52178 29.999953333333334
vertex 7.07092 -13.228806666666667 29.999953333333334
vertex 13.621826666666667 -13.228806666666667 29.999953333333334
endloop
endfacet
facet normal 0 0 -1
outer loop
vertex -5.740213333333333 -13.858326666666667 29.999953333333334
vertex -4.35418 -14.353973333333334 29.999953333333334
vertex -12.42098 -14.353973333333334 29.999953333333334
endloop
endfacet
facet normal 0 0 -0.9999999999999999
outer loop
vertex -5.740213333333333 -13.858326666666667 29.999953333333334
vertex -12.42098 -14.353973333333334 29.999953333333334
vertex -12.968226666666666 -13.858326666666667 29.999953333333334
endloop
endfacet
facet normal 0 0 -0.9999999999999999
outer loop
vertex 12.968226666666666 -13.858326666666667 29.999953333333334
vertex 12.42098 -14.353973333333334 29.999953333333334
vertex 4.35418 -14.353973333333334 29.999953333333334
endloop
endfacet
facet normal 0 0 -0.9999999999999999
outer loop
vertex 12.968226666666666 -13.858326666666667 29.999953333333334
vertex 4.35418 -14.353973333333334 29.999953333333334
vertex 5.740213333333333 -13.858326666666667 29.999953333333334
endloop
endfacet
facet normal 0 0 -1
outer loop
vertex -8.755086666666667 -14.563813333333334 29.999953333333334
vertex -4.35418 -14.353973333333334 29.999953333333334
vertex -2.9262933333333336 -14.711733333333333 29.999953333333334
endloop
endfacet
facet normal 0 0 -0.9999999999999999
outer loop
vertex -8.755086666666667 -14.563813333333334 29.999953333333334
vertex -2.9262933333333336 -14.711733333333333 29.999953333333334
vertex -12.02022 -14.711733333333333 29.999953333333334
endloop
endfacet
facet normal 0 0 -1
outer loop
vertex -8.755086666666667 -14.563813333333334 29.999953333333334
vertex -12.02022 -14.711733333333333 29.999953333333334
vertex -12.053473333333335 -14.68708 29.999953333333334
endloop
endfacet
facet normal 0 0 -1
outer loop
vertex -8.755086666666667 -14.563813333333334 29.999953333333334
vertex -12.053473333333335 -14.68708 29.999953333333334
vertex -12.42098 -14.353973333333334 29.999953333333334
endloop
endfacet
facet normal 0 0 -1
outer loop
vertex -8.755086666666667 -14.563813333333334 29.999953333333334
vertex -12.42098 -14.353973333333334 29.999953333333334
vertex -4.35418 -14.353973333333334 29.999953333333334
endloop
endfacet
facet normal 0 0 -1
outer loop
vertex 8.755086666666667 -14.563813333333334 29.999953333333334
vertex 12.42098 -14.353973333333334 29.999953333333334
vertex 12.053473333333335 -14.68708 29.999953333333334
endloop
endfacet
facet normal 0 0 -1
outer loop
vertex 8.755086666666667 -14.563813333333334 29.999953333333334
vertex 12.053473333333335 -14.68708 29.999953333333334
vertex 12.02022 -14.711733333333333 29.999953333333334
endloop
endfacet
facet normal 0 0 -0.9999999999999999
outer loop
vertex 8.755086666666667 -14.563813333333334 29.999953333333334
vertex 12.02022 -14.711733333333333 29.999953333333334
vertex 2.9262933333333336 -14.711733333333333 29.999953333333334
endloop
endfacet
facet normal 0 0 -1
outer loop
vertex 8.755086666666667 -14.563813333333334 29.999953333333334
vertex 2.9262933333333336 -14.711733333333333 29.999953333333334
vertex 4.35418 -14.353973333333334 29.999953333333334
endloop
endfacet
facet normal 0 0 -1
outer loop
vertex 8.755086666666667 -14.563813333333334 29.999953333333334
vertex 4.35418 -14.353973333333334 29.999953333333334
vertex 12.42098 -14.353973333333334 29.999953333333334
endloop
endfacet
facet normal 0 0 -1
outer loop
vertex -2.9262933333333336 -14.711733333333333 29.999953333333334
vertex -1.4703133333333334 -14.92788 29.999953333333334
vertex -11.728966666666667 -14.92788 29.999953333333334
endloop
endfacet
facet normal 0 0 -0.9999999999999999
outer loop
vertex -2.9262933333333336 -14.711733333333333 29.999953333333334
vertex -11.728966666666667 -14.92788 29.999953333333334
vertex -12.02022 -14.711733333333333 29.999953333333334
endloop
endfacet
facet normal 0 0 -1
outer loop
vertex 12.02022 -14.711733333333333 29.999953333333334
vertex 11.728966666666667 -14.92788 29.999953333333334
vertex 1.4703133333333334 -14.92788 29.999953333333334
endloop
endfacet
facet normal 0 0 -0.9999999999999999
outer loop
vertex 12.02022 -14.711733333333333 29.999953333333334
vertex 1.4703133333333334 -14.92788 29.999953333333334
vertex 2.9262933333333336 -14.711733333333333 29.999953333333334
endloop
endfacet
facet normal 0 0 -1
outer loop
vertex -1.4703133333333334 -14.92788 29.999953333333334
vertex 0 -15.00012 29.999953333333334
vertex -11.631786666666667 -15.00012 29.999953333333334
endloop
endfacet
facet normal 0 0 -1
outer loop
vertex -1.4703133333333334 -14.92788 29.999953333333334
vertex -11.631786666666667 -15.00012 29.999953333333334
vertex -11.728966666666667 -14.92788 29.999953333333334
endloop
endfacet
facet normal 0 0 -1
outer loop
vertex 11.728966666666667 -14.92788 29.999953333333334
vertex 11.631786666666667 -15.00012 29.999953333333334
vertex 0 -15.00012 29.999953333333334
endloop
endfacet
facet normal 0 0 -1
outer loop
vertex 11.728966666666667 -14.92788 29.999953333333334
vertex 0 -15.00012 29.999953333333334
vertex 1.4703133333333334 -14.92788 29.999953333333334
endloop
endfacet
facet normal 0 0 -1
outer loop
vertex 0 -17.22924 29.999953333333334
vertex 0 -15.00012 29.999953333333334
vertex 11.631786666666667 -15.00012 29.999953333333334
endloop
endfacet
facet normal 0 0 -0.9999999999999999
outer loop
vertex 0 -17.22924 29.999953333333334
vertex 11.631786666666667 -15.00012 29.999953333333334
vertex 10.555926666666666 -15.797913333333334 29.999953333333334
endloop
endfacet
facet normal 0 0 -1
outer loop
vertex 0 -17.22924 29.999953333333334
vertex 10.555926666666666 -15.797913333333334 29.999953333333334
vertex 8.956613333333333 -16.756526666666666 29.999953333333334
endloop
endfacet
facet normal 0 0 -1
outer loop
vertex 0 -17.22924 29.999953333333334
vertex 8.956613333333333 -16.756526666666666 29.999953333333334
vertex 7.271013333333333 -17.55374666666667 29.999953333333334
endloop
endfacet
facet normal 0 0 -1
outer loop
vertex 0 -17.22924 29.999953333333334
vertex 7.271013333333333 -17.55374666666667 29.999953333333334
vertex 5.515466666666667 -18.181833333333334 29.999953333333334
endloop
endfacet
facet normal 0 0 -1
outer loop
vertex 0 -17.22924 29.999953333333334
vertex 5.515466666666667 -18.181833333333334 29.999953333333334
vertex 3.7066000000000003 -18.635053333333335 29.999953333333334
endloop
endfacet
facet normal 0 0 -1
outer loop
vertex 0 -17.22924 29.999953333333334
vertex 3.7066000000000003 -18.635053333333335 29.999953333333334
vertex 1.8621866666666667 -18.908533333333335 29.999953333333334
endloop
endfacet
facet normal 0 0 -1
outer loop
vertex 0 -17.22924 29.999953333333334
vertex 1.8621866666666667 -18.908533333333335 29.999953333333334
vertex 0 -18.99998 29.999953333333334
endloop
endfacet
facet normal 0 0 -1
outer loop
vertex 0 -17.22924 29.999953333333334
vertex 0 -18.99998 29.999953333333334
vertex -1.8621866666666667 -18.908533333333335 29.999953333333334
endloop
endfacet
facet normal 0 0 -1
outer loop
vertex 0 -17.22924 29.999953333333334
vertex -1.8621866666666667 -18.908533333333335 29.999953333333334
vertex -3.7066000000000003 -18.635053333333335 29.999953333333334
endloop
endfacet
facet normal 0 0 -1
outer loop
vertex 0 -17.22924 29.999953333333334
vertex -3.7066000000000003 -18.635053333333335 29.999953333333334
vertex -5.515466666666667 -18.181833333333334 29.999953333333334
endloop
endfacet
facet normal 0 0 -1
outer loop
vertex 0 -17.22924 29.999953333333334
vertex -5.515466666666667 -18.181833333333334 29.999953333333334
vertex -7.271013333333333 -17.55374666666667 29.999953333333334
endloop
endfacet
facet normal 0 0 -1
outer loop
vertex 0 -17.22924 29.999953333333334
vertex -7.271013333333333 -17.55374666666667 29.999953333333334
vertex -8.956613333333333 -16.756526666666666 29.999953333333334
endloop
endfacet
facet normal 0 0 -1
outer loop
vertex 0 -17.22924 29.999953333333334
vertex -8.956613333333333 -16.756526666666666 29.999953333333334
vertex -10.555926666666666 -15.797913333333334 29.999953333333334
endloop
endfacet
facet normal 0 0 -0.9999999999999999
outer loop
vertex 0 -17.22924 29.999953333333334
vertex -10.555926666666666 -15.797913333333334 29.999953333333334
vertex -11.631786666666667 -15.00012 29.999953333333334
endloop
endfacet
facet normal 0 0 -1
outer loop
vertex 0 -17.22924 29.999953333333334
vertex -11.631786666666667 -15.00012 29.999953333333334
vertex 0 -15.00012 29.999953333333334
endloop
endfacet
facet normal 0 0 0.9999999999999999
outer loop
vertex 0 13.887566666666666 40.000033333333334
vertex -1.5388266666666668 15.62448 40.000033333333334
vertex -3.0630333333333333 15.3983 40.000033333333334
endloop
endfacet
facet normal 0 0 1
outer loop
vertex 0 13.887566666666666 40.000033333333334
vertex -3.0630333333333333 15.3983 40.000033333333334
vertex -4.557426666666667 15.023913333333335 40.000033333333334
endloop
endfacet
facet normal 0 0 1
outer loop
vertex 0 13.887566666666666 40.000033333333334
vertex -4.557426666666667 15.023913333333335 40.000033333333334
vertex -6.0082466666666665 14.505046666666667 40.000033333333334
endloop
endfacet
facet normal 0 0 1
outer loop
vertex 0 13.887566666666666 40.000033333333334
vertex -6.0082466666666665 14.505046666666667 40.000033333333334
vertex -7.400873333333333 13.846286666666668 40.000033333333334
endloop
endfacet
facet normal 0 0 0.9999999999999999
outer loop
vertex 0 13.887566666666666 40.000033333333334
vertex -7.400873333333333 13.846286666666668 40.000033333333334
vertex -8.722406666666666 13.05394 40.000033333333334
endloop
endfacet
facet normal 0 0 1
outer loop
vertex 0 13.887566666666666 40.000033333333334
vertex -8.722406666666666 13.05394 40.000033333333334
vertex -9.959946666666667 12.136320000000001 40.000033333333334
endloop
endfacet
facet normal 0 0 1
outer loop
vertex 0 13.887566666666666 40.000033333333334
vertex -9.959946666666667 12.136320000000001 40.000033333333334
vertex -10.44126 11.700013333333334 40.000033333333334
endloop
endfacet
facet normal 0 0 1
outer loop
vertex 0 13.887566666666666 40.000033333333334
vertex -10.44126 11.700013333333334 40.000033333333334
vertex 0 11.700013333333334 40.000033333333334
endloop
endfacet
facet normal 0 0 1
outer loop
vertex 0 13.887566666666666 40.000033333333334
vertex 0 11.700013333333334 40.000033333333334
vertex 10.44126 11.700013333333334 40.000033333333334
endloop
endfacet
facet normal 0 0 1
outer loop
vertex 0 13.887566666666666 40.000033333333334
vertex 10.44126 11.700013333333334 40.000033333333334
vertex 9.959946666666667 12.136320000000001 40.000033333333334
endloop
endfacet
facet normal 0 0 1
outer loop
vertex 0 13.887566666666666 40.000033333333334
vertex 9.959946666666667 12.136320000000001 40.000033333333334
vertex 8.722406666666666 13.05394 40.000033333333334
endloop
endfacet
facet normal 0 0 0.9999999999999999
outer loop
vertex 0 13.887566666666666 40.000033333333334
vertex 8.722406666666666 13.05394 40.000033333333334
vertex 7.400873333333333 13.846286666666668 40.000033333333334
endloop
endfacet
facet normal 0 0 1
outer loop
vertex 0 13.887566666666666 40.000033333333334
vertex 7.400873333333333 13.846286666666668 40.000033333333334
vertex 6.0082466666666665 14.505046666666667 40.000033333333334
endloop
endfacet
facet normal 0 0 1
outer loop
vertex 0 13.887566666666666 40.000033333333334
vertex 6.0082466666666665 14.505046666666667 40.000033333333334
vertex 4.557426666666667 15.023913333333335 40.000033333333334
endloop
endfacet
facet normal 0 0 1
outer loop
vertex 0 13.887566666666666 40.000033333333334
vertex 4.557426666666667 15.023913333333335 40.000033333333334
vertex 3.0630333333333333 15.3983 40.000033333333334
endloop
endfacet
facet normal 0 0 0.9999999999999999
outer loop
vertex 0 13.887566666666666 40.000033333333334
vertex 3.0630333333333333 15.3983 40.000033333333334
vertex 1.5388266666666668 15.62448 40.000033333333334
endloop
endfacet
facet normal 0 0 1
outer loop
vertex 0 13.887566666666666 40.000033333333334
vertex 1.5388266666666668 15.62448 40.000033333333334
vertex 0 15.699873333333334 40.000033333333334
endloop
endfacet
facet normal 0 0 1
outer loop
vertex 0 13.887566666666666 40.000033333333334
vertex 0 15.699873333333334 40.000033333333334
vertex -1.5388266666666668 15.62448 40.000033333333334
endloop
endfacet
facet normal 0 0 1
outer loop
vertex 0 11.700013333333334 40.000033333333334
vertex 1.1466666666666667 11.64354 40.000033333333334
vertex 10.503466666666666 11.64354 40.000033333333334
endloop
endfacet
facet normal 0 0 1
outer loop
vertex 0 11.700013333333334 40.000033333333334
vertex 10.503466666666666 11.64354 40.000033333333334
vertex 10.44126 11.700013333333334 40.000033333333334
endloop
endfacet
facet normal 0 0 1
outer loop
vertex -10.44126 11.700013333333334 40.000033333333334
vertex -10.503466666666666 11.64354 40.000033333333334
vertex -1.1466666666666667 11.64354 40.000033333333334
endloop
endfacet
facet normal 0 0 1
outer loop
vertex -10.44126 11.700013333333334 40.000033333333334
vertex -1.1466666666666667 11.64354 40.000033333333334
vertex 0 11.700013333333334 40.000033333333334
endloop
endfacet
facet normal 0 0 1
outer loop
vertex 1.1466666666666667 11.64354 40.000033333333334
vertex 2.2824400000000002 11.475266666666666 40.000033333333334
vertex 10.689226666666666 11.475266666666666 40.000033333333334
endloop
endfacet
facet normal 0 0 0.9999999999999999
outer loop
vertex 1.1466666666666667 11.64354 40.000033333333334
vertex 10.689226666666666 11.475266666666666 40.000033333333334
vertex 10.503466666666666 11.64354 40.000033333333334
endloop
endfacet
facet normal 0 0 1
outer loop
vertex -10.503466666666666 11.64354 40.000033333333334
vertex -10.689226666666666 11.475266666666666 40.000033333333334
vertex -2.2824400000000002 11.475266666666666 40.000033333333334
endloop
endfacet
facet normal 0 0 0.9999999999999999
outer loop
vertex -10.503466666666666 11.64354 40.000033333333334
vertex -2.2824400000000002 11.475266666666666 40.000033333333334
vertex -1.1466666666666667 11.64354 40.000033333333334
endloop
endfacet
facet normal 0 0 1
outer loop
vertex 2.2824400000000002 11.475266666666666 40.000033333333334
vertex 3.3964266666666667 11.196340000000001 40.000033333333334
vertex 10.997106666666667 11.196340000000001 40.000033333333334
endloop
endfacet
facet normal 0 0 1
outer loop
vertex 2.2824400000000002 11.475266666666666 40.000033333333334
vertex 10.997106666666667 11.196340000000001 40.000033333333334
vertex 10.689226666666666 11.475266666666666 40.000033333333334
endloop
endfacet
facet normal 0 0 1
outer loop
vertex -10.689226666666666 11.475266666666666 40.000033333333334
vertex -10.997106666666667 11.196340000000001 40.000033333333334
vertex -3.3964266666666667 11.196340000000001 40.000033333333334
endloop
endfacet
facet normal 0 0 1
outer loop
vertex -10.689226666666666 11.475266666666666 40.000033333333334
vertex -3.3964266666666667 11.196340000000001 40.000033333333334
vertex -2.2824400000000002 11.475266666666666 40.000033333333334
endloop
endfacet
facet normal 0 0 1
outer loop
vertex 8.267753333333333 11.02262 40.000033333333334
vertex 3.3964266666666667 11.196340000000001 40.000033333333334
vertex 4.477446666666667 10.80934 40.000033333333334
endloop
endfacet
facet normal 0 0 1
outer loop
vertex 8.267753333333333 11.02262 40.000033333333334
vertex 4.477446666666667 10.80934 40.000033333333334
vertex 11.366333333333333 10.80934 40.000033333333334
endloop
endfacet
facet normal 0 0 0.9999999999999999
outer loop
vertex 8.267753333333333 11.02262 40.000033333333334
vertex 11.366333333333333 10.80934 40.000033333333334
vertex 11.101453333333334 11.101453333333334 40.000033333333334
endloop
endfacet
facet normal 0 0 1
outer loop
vertex 8.267753333333333 11.02262 40.000033333333334
vertex 11.101453333333334 11.101453333333334 40.000033333333334
vertex 10.997106666666667 11.196340000000001 40.000033333333334
endloop
endfacet
facet normal 0 0 1
outer loop
vertex 8.267753333333333 11.02262 40.000033333333334
vertex 10.997106666666667 11.196340000000001 40.000033333333334
vertex 3.3964266666666667 11.196340000000001 40.000033333333334
endloop
endfacet
facet normal 0 0 1
outer loop
vertex -8.267753333333333 11.02262 40.000033333333334
vertex -10.997106666666667 11.196340000000001 40.000033333333334
vertex -11.101453333333334 11.101453333333334 40.000033333333334
endloop
endfacet
facet normal 0 0 0.9999999999999999
outer loop
vertex -8.267753333333333 11.02262 40.000033333333334
vertex -11.101453333333334 11.101453333333334 40.000033333333334
vertex -11.366333333333333 10.80934 40.000033333333334
endloop
endfacet
facet normal 0 0 1
outer loop
vertex -8.267753333333333 11.02262 40.000033333333334
vertex -11.366333333333333 10.80934 40.000033333333334
vertex -4.477446666666667 10.80934 40.000033333333334
endloop
endfacet
facet normal 0 0 1
outer loop
vertex -8.267753333333333 11.02262 40.000033333333334
vertex -4.477446666666667 10.80934 40.000033333333334
vertex -3.3964266666666667 11.196340000000001 40.000033333333334
endloop
endfacet
facet normal 0 0 1
outer loop
vertex -8.267753333333333 11.02262 40.000033333333334
vertex -3.3964266666666667 11.196340000000001 40.000033333333334
vertex -10.997106666666667 11.196340000000001 40.000033333333334
endloop
endfacet
facet normal 0 0 1
outer loop
vertex 4.477446666666667 10.80934 40.000033333333334
vertex 5.515466666666667 10.318566666666667 40.000033333333334
vertex 11.81124 10.318566666666667 40.000033333333334
endloop
endfacet
facet normal 0 0 1
outer loop
vertex 4.477446666666667 10.80934 40.000033333333334
vertex 11.81124 10.318566666666667 40.000033333333334
vertex 11.366333333333333 10.80934 40.000033333333334
endloop
endfacet
facet normal 0 0 1
outer loop
vertex -11.366333333333333 10.80934 40.000033333333334
vertex -11.81124 10.318566666666667 40.000033333333334
vertex -5.515466666666667 10.318566666666667 40.000033333333334
endloop
endfacet
facet normal 0 0 1
outer loop
vertex -11.366333333333333 10.80934 40.000033333333334
vertex -5.515466666666667 10.318566666666667 40.000033333333334
vertex -4.477446666666667 10.80934 40.000033333333334
endloop
endfacet
facet normal 0 0 1
outer loop
vertex 9.65436 10.010686666666667 40.000033333333334
vertex 5.515466666666667 10.318566666666667 40.000033333333334
vertex 6.500166666666667 9.72832 40.000033333333334
endloop
endfacet
facet normal 0 0 1
outer loop
vertex 9.65436 10.010686666666667 40.000033333333334
vertex 6.500166666666667 9.72832 40.000033333333334
vertex 12.308033333333334 9.72832 40.000033333333334
endloop
endfacet
facet normal 0 0 0.9999999999999999
outer loop
vertex 9.65436 10.010686666666667 40.000033333333334
vertex 12.308033333333334 9.72832 40.000033333333334
vertex 12.136320000000001 9.959946666666667 40.000033333333334
endloop
endfacet
facet normal 0 0 1
outer loop
vertex 9.65436 10.010686666666667 40.000033333333334
vertex 12.136320000000001 9.959946666666667 40.000033333333334
vertex 11.81124 10.318566666666667 40.000033333333334
endloop
endfacet
facet normal 0 0 0.9999999999999999
outer loop
vertex 9.65436 10.010686666666667 40.000033333333334
vertex 11.81124 10.318566666666667 40.000033333333334
vertex 5.515466666666667 10.318566666666667 40.000033333333334
endloop
endfacet
facet normal 0 0 1
outer loop
vertex -9.65436 10.010686666666667 40.000033333333334
vertex -11.81124 10.318566666666667 40.000033333333334
vertex -12.136320000000001 9.959946666666667 40.000033333333334
endloop
endfacet
facet normal 0 0 0.9999999999999999
outer loop
vertex -9.65436 10.010686666666667 40.000033333333334
vertex -12.136320000000001 9.959946666666667 40.000033333333334
vertex -12.308033333333334 9.72832 40.000033333333334
endloop
endfacet
facet normal 0 0 1
outer loop
vertex -9.65436 10.010686666666667 40.000033333333334
vertex -12.308033333333334 9.72832 40.000033333333334
vertex -6.500166666666667 9.72832 40.000033333333334
endloop
endfacet
facet normal 0 0 1
outer loop
vertex -9.65436 10.010686666666667 40.000033333333334
vertex -6.500166666666667 9.72832 40.000033333333334
vertex -5.515466666666667 10.318566666666667 40.000033333333334
endloop
endfacet
facet normal 0 0 0.9999999999999999
outer loop
vertex -9.65436 10.010686666666667 40.000033333333334
vertex -5.515466666666667 10.318566666666667 40.000033333333334
vertex -11.81124 10.318566666666667 40.000033333333334
endloop
endfacet
facet normal 0 0 1
outer loop
vertex 6.500166666666667 9.72832 40.000033333333334
vertex 7.422373333333334 9.044333333333334 40.000033333333334
vertex 12.815433333333333 9.044333333333334 40.000033333333334
endloop
endfacet
facet normal 0 0 1
outer loop
vertex 6.500166666666667 9.72832 40.000033333333334
vertex 12.815433333333333 9.044333333333334 40.000033333333334
vertex 12.308033333333334 9.72832 40.000033333333334
endloop
endfacet
facet normal 0 0 0.9999999999999999
outer loop
vertex -12.308033333333334 9.72832 40.000033333333334
vertex -12.815433333333333 9.044333333333334 40.000033333333334
vertex -7.422373333333334 9.044333333333334 40.000033333333334
endloop
endfacet
facet normal 0 0 1
outer loop
vertex -12.308033333333334 9.72832 40.000033333333334
vertex -7.422373333333334 9.044333333333334 40.000033333333334
vertex -6.500166666666667 9.72832 40.000033333333334
endloop
endfacet
facet normal 0 0 1
outer loop
vertex 10.977613333333334 8.671380000000001 40.000033333333334
vertex 7.422373333333334 9.044333333333334 40.000033333333334
vertex 8.273200000000001 8.273200000000001 40.000033333333334
endloop
endfacet
facet normal 0 0 1
outer loop
vertex 10.977613333333334 8.671380000000001 40.000033333333334
vertex 8.273200000000001 8.273200000000001 40.000033333333334
vertex 13.323406666666667 8.273200000000001 40.000033333333334
endloop
endfacet
facet normal 0 0 1
outer loop
vertex 10.977613333333334 8.671380000000001 40.000033333333334
vertex 13.323406666666667 8.273200000000001 40.000033333333334
vertex 13.05394 8.722406666666666 40.000033333333334
endloop
endfacet
facet normal 0 0 1
outer loop
vertex 10.977613333333334 8.671380000000001 40.000033333333334
vertex 13.05394 8.722406666666666 40.000033333333334
vertex 12.815433333333333 9.044333333333334 40.000033333333334
endloop
endfacet
facet normal 0 0 1
outer loop
vertex 10.977613333333334 8.671380000000001 40.000033333333334
vertex 12.815433333333333 9.044333333333334 40.000033333333334
vertex 7.422373333333334 9.044333333333334 40.000033333333334
endloop
endfacet
facet normal 0 0 1
outer loop
vertex -10.977613333333334 8.671380000000001 40.000033333333334
vertex -12.815433333333333 9.044333333333334 40.000033333333334
vertex -13.05394 8.722406666666666 40.000033333333334
endloop
endfacet
facet normal 0 0 1
outer loop
vertex -10.977613333333334 8.671380000000001 40.000033333333334
vertex -13.05394 8.722406666666666 40.000033333333334
vertex -13.323406666666667 8.273200000000001 40.000033333333334
endloop
endfacet
facet normal 0 0 1
outer loop
vertex -10.977613333333334 8.671380000000001 40.000033333333334
vertex -13.323406666666667 8.273200000000001 40.000033333333334
vertex -8.273200000000001 8.273200000000001 40.000033333333334
endloop
endfacet
facet normal 0 0 1
outer loop
vertex -10.977613333333334 8.671380000000001 40.000033333333334
vertex -8.273200000000001 8.273200000000001 40.000033333333334
vertex -7.422373333333334 9.044333333333334 40.000033333333334
endloop
endfacet
facet normal 0 0 1
outer loop
vertex -10.977613333333334 8.671380000000001 40.000033333333334
vertex -7.422373333333334 9.044333333333334 40.000033333333334
vertex -12.815433333333333 9.044333333333334 40.000033333333334
endloop
endfacet
facet normal 0 0 1
outer loop
vertex 8.273200000000001 8.273200000000001 40.000033333333334
vertex 9.044333333333334 7.422373333333334 40.000033333333334
vertex 13.833386666666668 7.422373333333334 40.000033333333334
endloop
endfacet
facet normal 0 0 1
outer loop
vertex 8.273200000000001 8.273200000000001 40.000033333333334
vertex 13.833386666666668 7.422373333333334 40.000033333333334
vertex 13.323406666666667 8.273200000000001 40.000033333333334
endloop
endfacet
facet normal 0 0 1
outer loop
vertex -13.323406666666667 8.273200000000001 40.000033333333334
vertex -13.833386666666668 7.422373333333334 40.000033333333334
vertex -9.044333333333334 7.422373333333334 40.000033333333334
endloop
endfacet
facet normal 0 0 1
outer loop
vertex -13.323406666666667 8.273200000000001 40.000033333333334
vertex -9.044333333333334 7.422373333333334 40.000033333333334
vertex -8.273200000000001 8.273200000000001 40.000033333333334
endloop
endfacet
facet normal 0 0 0.9999999999999999
outer loop
vertex 12.14492 7.049133333333334 40.000033333333334
vertex 9.044333333333334 7.422373333333334 40.000033333333334
vertex 9.72832 6.500166666666667 40.000033333333334
endloop
endfacet
facet normal 0 0 1
outer loop
vertex 12.14492 7.049133333333334 40.000033333333334
vertex 9.72832 6.500166666666667 40.000033333333334
vertex 14.272273333333334 6.500166666666667 40.000033333333334
endloop
endfacet
facet normal 0 0 1
outer loop
vertex 12.14492 7.049133333333334 40.000033333333334
vertex 14.272273333333334 6.500166666666667 40.000033333333334
vertex 13.846286666666668 7.400873333333333 40.000033333333334
endloop
endfacet
facet normal 0 0 1
outer loop
vertex 12.14492 7.049133333333334 40.000033333333334
vertex 13.846286666666668 7.400873333333333 40.000033333333334
vertex 13.833386666666668 7.422373333333334 40.000033333333334
endloop
endfacet
facet normal 0 0 1
outer loop
vertex 12.14492 7.049133333333334 40.000033333333334
vertex 13.833386666666668 7.422373333333334 40.000033333333334
vertex 9.044333333333334 7.422373333333334 40.000033333333334
endloop
endfacet
facet normal 0 0 1
outer loop
vertex -12.14492 7.049133333333334 40.000033333333334
vertex -13.833386666666668 7.422373333333334 40.000033333333334
vertex -13.846286666666668 7.400873333333333 40.000033333333334
endloop
endfacet
facet normal 0 0 1
outer loop
vertex -12.14492 7.049133333333334 40.000033333333334
vertex -13.846286666666668 7.400873333333333 40.000033333333334
vertex -14.272273333333334 6.500166666666667 40.000033333333334
endloop
endfacet
facet normal 0 0 1
outer loop
vertex -12.14492 7.049133333333334 40.000033333333334
vertex -14.272273333333334 6.500166666666667 40.000033333333334
vertex -9.72832 6.500166666666667 40.000033333333334
endloop
endfacet
facet normal 0 0 0.9999999999999999
outer loop
vertex -12.14492 7.049133333333334 40.000033333333334
vertex -9.72832 6.500166666666667 40.000033333333334
vertex -9.044333333333334 7.422373333333334 40.000033333333334
endloop
endfacet
facet normal 0 0 1
outer loop
vertex -12.14492 7.049133333333334 40.000033333333334
vertex -9.044333333333334 7.422373333333334 40.000033333333334
vertex -13.833386666666668 7.422373333333334 40.000033333333334
endloop
endfacet
facet normal 0 0 1
outer loop
vertex 12.701053333333334 6.007960000000001 40.000033333333334
vertex 9.72832 6.500166666666667 40.000033333333334
vertex 10.318566666666667 5.515466666666667 40.000033333333334
endloop
endfacet
facet normal 0 0 1
outer loop
vertex 12.701053333333334 6.007960000000001 40.000033333333334
vertex 10.318566666666667 5.515466666666667 40.000033333333334
vertex 14.681346666666668 5.515466666666667 40.000033333333334
endloop
endfacet
facet normal 0 0 1
outer loop
vertex 12.701053333333334 6.007960000000001 40.000033333333334
vertex 14.681346666666668 5.515466666666667 40.000033333333334
vertex 14.505046666666667 6.0082466666666665 40.000033333333334
endloop
endfacet
facet normal 0 0 0.9999999999999999
outer loop
vertex 12.701053333333334 6.007960000000001 40.000033333333334
vertex 14.505046666666667 6.0082466666666665 40.000033333333334
vertex 14.272273333333334 6.500166666666667 40.000033333333334
endloop
endfacet
facet normal 0 0 1
outer loop
vertex 12.701053333333334 6.007960000000001 40.000033333333334
vertex 14.272273333333334 6.500166666666667 40.000033333333334
vertex 9.72832 6.500166666666667 40.000033333333334
endloop
endfacet
facet normal 0 0 0.9999999999999999
outer loop
vertex -12.701053333333334 6.007960000000001 40.000033333333334
vertex -14.272273333333334 6.500166666666667 40.000033333333334
vertex -14.505046666666667 6.0082466666666665 40.000033333333334
endloop
endfacet
facet normal 0 0 1
outer loop
vertex -12.701053333333334 6.007960000000001 40.000033333333334
vertex -14.505046666666667 6.0082466666666665 40.000033333333334
vertex -14.681346666666668 5.515466666666667 40.000033333333334
endloop
endfacet
facet normal 0 0 1
outer loop
vertex -12.701053333333334 6.007960000000001 40.000033333333334
vertex -14.681346666666668 5.515466666666667 40.000033333333334
vertex -10.318566666666667 5.515466666666667 40.000033333333334
endloop
endfacet
facet normal 0 0 1
outer loop
vertex -12.701053333333334 6.007960000000001 40.000033333333334
vertex -10.318566666666667 5.515466666666667 40.000033333333334
vertex -9.72832 6.500166666666667 40.000033333333334
endloop
endfacet
facet normal 0 0 1
outer loop
vertex -12.701053333333334 6.007960000000001 40.000033333333334
vertex -9.72832 6.500166666666667 40.000033333333334
vertex -14.272273333333334 6.500166666666667 40.000033333333334
endloop
endfacet
facet normal 0 0 1
outer loop
vertex 13.175486666666668 4.908593333333333 40.000033333333334
vertex 10.318566666666667 5.515466666666667 40.000033333333334
vertex 10.80934 4.477446666666667 40.000033333333334
endloop
endfacet
facet normal 0 0 1
outer loop
vertex 13.175486666666668 4.908593333333333 40.000033333333334
vertex 10.80934 4.477446666666667 40.000033333333334
vertex 15.043980000000001 4.477446666666667 40.000033333333334
endloop
endfacet
facet normal 0 0 1
outer loop
vertex 13.175486666666668 4.908593333333333 40.000033333333334
vertex 15.043980000000001 4.477446666666667 40.000033333333334
vertex 15.023913333333335 4.557426666666667 40.000033333333334
endloop
endfacet
facet normal 0 0 1
outer loop
vertex 13.175486666666668 4.908593333333333 40.000033333333334
vertex 15.023913333333335 4.557426666666667 40.000033333333334
vertex 14.681346666666668 5.515466666666667 40.000033333333334
endloop
endfacet
facet normal 0 0 0.9999999999999999
outer loop
vertex 13.175486666666668 4.908593333333333 40.000033333333334
vertex 14.681346666666668 5.515466666666667 40.000033333333334
vertex 10.318566666666667 5.515466666666667 40.000033333333334
endloop
endfacet
facet normal 0 0 1
outer loop
vertex -13.175486666666668 4.908593333333333 40.000033333333334
vertex -14.681346666666668 5.515466666666667 40.000033333333334
vertex -15.023913333333335 4.557426666666667 40.000033333333334
endloop
endfacet
facet normal 0 0 1
outer loop
vertex -13.175486666666668 4.908593333333333 40.000033333333334
vertex -15.023913333333335 4.557426666666667 40.000033333333334
vertex -15.043980000000001 4.477446666666667 40.000033333333334
endloop
endfacet
facet normal 0 0 1
outer loop
vertex -13.175486666666668 4.908593333333333 40.000033333333334
vertex -15.043980000000001 4.477446666666667 40.000033333333334
vertex -10.80934 4.477446666666667 40.000033333333334
endloop
endfacet
facet normal 0 0 1
outer loop
vertex -13.175486666666668 4.908593333333333 40.000033333333334
vertex -10.80934 4.477446666666667 40.000033333333334
vertex -10.318566666666667 5.515466666666667 40.000033333333334
endloop
endfacet
facet normal 0 0 0.9999999999999999
outer loop
vertex -13.175486666666668 4.908593333333333 40.000033333333334
vertex -10.318566666666667 5.515466666666667 40.000033333333334
vertex -14.681346666666668 5.515466666666667 40.000033333333334
endloop
endfacet
facet normal 0 0 1
outer loop
vertex 10.80934 4.477446666666667 40.000033333333334
vertex 11.196340000000001 3.3964266666666667 40.000033333333334
vertex 15.31488 3.3964266666666667 40.000033333333334
endloop
endfacet
facet normal 0 0 1
outer loop
vertex 10.80934 4.477446666666667 40.000033333333334
vertex 15.31488 3.3964266666666667 40.000033333333334
vertex 15.043980000000001 4.477446666666667 40.000033333333334
endloop
endfacet
facet normal 0 0 1
outer loop
vertex -15.043980000000001 4.477446666666667 40.000033333333334
vertex -15.31488 3.3964266666666667 40.000033333333334
vertex -11.196340000000001 3.3964266666666667 40.000033333333334
endloop
endfacet
facet normal 0 0 1
outer loop
vertex -15.043980000000001 4.477446666666667 40.000033333333334
vertex -11.196340000000001 3.3964266666666667 40.000033333333334
vertex -10.80934 4.477446666666667 40.000033333333334
endloop
endfacet
facet normal 0 0 1
outer loop
vertex 13.77978 2.8841533333333333 40.000033333333334
vertex 11.196340000000001 3.3964266666666667 40.000033333333334
vertex 11.475266666666666 2.2824400000000002 40.000033333333334
endloop
endfacet
facet normal 0 0 1
outer loop
vertex 13.77978 2.8841533333333333 40.000033333333334
vertex 11.475266666666666 2.2824400000000002 40.000033333333334
vertex 15.514113333333334 2.2824400000000002 40.000033333333334
endloop
endfacet
facet normal 0 0 1
outer loop
vertex 13.77978 2.8841533333333333 40.000033333333334
vertex 15.514113333333334 2.2824400000000002 40.000033333333334
vertex 15.3983 3.0630333333333333 40.000033333333334
endloop
endfacet
facet normal 0 0 1
outer loop
vertex 13.77978 2.8841533333333333 40.000033333333334
vertex 15.3983 3.0630333333333333 40.000033333333334
vertex 15.31488 3.3964266666666667 40.000033333333334
endloop
endfacet
facet normal 0 0 1
outer loop
vertex 13.77978 2.8841533333333333 40.000033333333334
vertex 15.31488 3.3964266666666667 40.000033333333334
vertex 11.196340000000001 3.3964266666666667 40.000033333333334
endloop
endfacet
facet normal 0 0 1
outer loop
vertex -13.77978 2.8841533333333333 40.000033333333334
vertex -15.31488 3.3964266666666667 40.000033333333334
vertex -15.3983 3.0630333333333333 40.000033333333334
endloop
endfacet
facet normal 0 0 1
outer loop
vertex -13.77978 2.8841533333333333 40.000033333333334
vertex -15.3983 3.0630333333333333 40.000033333333334
vertex -15.514113333333334 2.2824400000000002 40.000033333333334
endloop
endfacet
facet normal 0 0 1
outer loop
vertex -13.77978 2.8841533333333333 40.000033333333334
vertex -15.514113333333334 2.2824400000000002 40.000033333333334
vertex -11.475266666666666 2.2824400000000002 40.000033333333334
endloop
endfacet
facet normal 0 0 1
outer loop
vertex -13.77978 2.8841533333333333 40.000033333333334
vertex -11.475266666666666 2.2824400000000002 40.000033333333334
vertex -11.196340000000001 3.3964266666666667 40.000033333333334
endloop
endfacet
facet normal 0 0 1
outer loop
vertex -13.77978 2.8841533333333333 40.000033333333334
vertex -11.196340000000001 3.3964266666666667 40.000033333333334
vertex -15.31488 3.3964266666666667 40.000033333333334
endloop
endfacet
facet normal 0 0 1
outer loop
vertex 13.98016 1.6792933333333333 40.000033333333334
vertex 11.475266666666666 2.2824400000000002 40.000033333333334
vertex 11.64354 1.1466666666666667 40.000033333333334
endloop
endfacet
facet normal 0 0 1
outer loop
vertex 13.98016 1.6792933333333333 40.000033333333334
vertex 11.64354 1.1466666666666667 40.000033333333334
vertex 15.643686666666667 1.1466666666666667 40.000033333333334
endloop
endfacet
facet normal 0 0 1
outer loop
vertex 13.98016 1.6792933333333333 40.000033333333334
vertex 15.643686666666667 1.1466666666666667 40.000033333333334
vertex 15.62448 1.5388266666666668 40.000033333333334
endloop
endfacet
facet normal 0 0 1
outer loop
vertex 13.98016 1.6792933333333333 40.000033333333334
vertex 15.62448 1.5388266666666668 40.000033333333334
vertex 15.514113333333334 2.2824400000000002 40.000033333333334
endloop
endfacet
facet normal 0 0 1
outer loop
vertex 13.98016 1.6792933333333333 40.000033333333334
vertex 15.514113333333334 2.2824400000000002 40.000033333333334
vertex 11.475266666666666 2.2824400000000002 40.000033333333334
endloop
endfacet
facet normal 0 0 1
outer loop
vertex -13.98016 1.6792933333333333 40.000033333333334
vertex -15.514113333333334 2.2824400000000002 40.000033333333334
vertex -15.62448 1.5388266666666668 40.000033333333334
endloop
endfacet
facet normal 0 0 1
outer loop
vertex -13.98016 1.6792933333333333 40.000033333333334
vertex -15.62448 1.5388266666666668 40.000033333333334
vertex -15.643686666666667 1.1466666666666667 40.000033333333334
endloop
endfacet
facet normal 0 0 1
outer loop
vertex -13.98016 1.6792933333333333 40.000033333333334
vertex -15.643686666666667 1.1466666666666667 40.000033333333334
vertex -11.64354 1.1466666666666667 40.000033333333334
endloop
endfacet
facet normal 0 0 1
outer loop
vertex -13.98016 1.6792933333333333 40.000033333333334
vertex -11.64354 1.1466666666666667 40.000033333333334
vertex -11.475266666666666 2.2824400000000002 40.000033333333334
endloop
endfacet
facet normal 0 0 1
outer loop
vertex -13.98016 1.6792933333333333 40.000033333333334
vertex -11.475266666666666 2.2824400000000002 40.000033333333334
vertex -15.514113333333334 2.2824400000000002 40.000033333333334
endloop
endfacet
facet normal 0 0 1
outer loop
vertex 11.64354 1.1466666666666667 40.000033333333334
vertex 11.700013333333334 0 40.000033333333334
vertex 15.699873333333334 0 40.000033333333334
endloop
endfacet
facet normal 0 0 1
outer loop
vertex 11.64354 1.1466666666666667 40.000033333333334
vertex 15.699873333333334 0 40.000033333333334
vertex 15.643686666666667 1.1466666666666667 40.000033333333334
endloop
endfacet
facet normal 0 0 1
outer loop
vertex -15.643686666666667 1.1466666666666667 40.000033333333334
vertex -15.699873333333334 0 40.000033333333334
vertex -11.700013333333334 0 40.000033333333334
endloop
endfacet
facet normal 0 0 1
outer loop
vertex -15.643686666666667 1.1466666666666667 40.000033333333334
vertex -11.700013333333334 0 40.000033333333334
vertex -11.64354 1.1466666666666667 40.000033333333334
endloop
endfacet
facet normal 0 0 1
outer loop
vertex 11.700013333333334 0 40.000033333333334
vertex 11.64354 -1.1466666666666667 40.000033333333334
vertex 15.643686666666667 -1.1466666666666667 40.000033333333334
endloop
endfacet
facet normal 0 0 1
outer loop
vertex 11.700013333333334 0 40.000033333333334
vertex 15.643686666666667 -1.1466666666666667 40.000033333333334
vertex 15.699873333333334 0 40.000033333333334
endloop
endfacet
facet normal 0 0 1
outer loop
vertex -15.699873333333334 0 40.000033333333334
vertex -15.643686666666667 -1.1466666666666667 40.000033333333334
vertex -11.64354 -1.1466666666666667 40.000033333333334
endloop
endfacet
facet normal 0 0 1
outer loop
vertex -15.699873333333334 0 40.000033333333334
vertex -11.64354 -1.1466666666666667 40.000033333333334
vertex -11.700013333333334 0 40.000033333333334
endloop
endfacet
facet normal 0 0 1
outer loop
vertex 13.98016 -1.6792933333333333 40.000033333333334
vertex 11.64354 -1.1466666666666667 40.000033333333334
vertex 11.475266666666666 -2.2824400000000002 40.000033333333334
endloop
endfacet
facet normal 0 0 1
outer loop
vertex 13.98016 -1.6792933333333333 40.000033333333334
vertex 11.475266666666666 -2.2824400000000002 40.000033333333334
vertex 15.514113333333334 -2.2824400000000002 40.000033333333334
endloop
endfacet
facet normal 0 0 1
outer loop
vertex 13.98016 -1.6792933333333333 40.000033333333334
vertex 15.514113333333334 -2.2824400000000002 40.000033333333334
vertex 15.62448 -1.5388266666666668 40.000033333333334
endloop
endfacet
facet normal 0 0 1
outer loop
vertex 13.98016 -1.6792933333333333 40.000033333333334
vertex 15.62448 -1.5388266666666668 40.000033333333334
vertex 15.643686666666667 -1.1466666666666667 40.000033333333334
endloop
endfacet
facet normal 0 0 1
outer loop
vertex 13.98016 -1.6792933333333333 40.000033333333334
vertex 15.643686666666667 -1.1466666666666667 40.000033333333334
vertex 11.64354 -1.1466666666666667 40.000033333333334
endloop
endfacet
facet normal 0 0 1
outer loop
vertex -13.98016 -1.6792933333333333 40.000033333333334
vertex -15.643686666666667 -1.1466666666666667 40.000033333333334
vertex -15.62448 -1.5388266666666668 40.000033333333334
endloop
endfacet
facet normal 0 0 1
outer loop
vertex -13.98016 -1.6792933333333333 40.000033333333334
vertex -15.62448 -1.5388266666666668 40.000033333333334
vertex -15.514113333333334 -2.2824400000000002 40.000033333333334
endloop
endfacet
facet normal 0 0 1
outer loop
vertex -13.98016 -1.6792933333333333 40.000033333333334
vertex -15.514113333333334 -2.2824400000000002 40.000033333333334
vertex -11.475266666666666 -2.2824400000000002 40.000033333333334
endloop
endfacet
facet normal 0 0 1
outer loop
vertex -13.98016 -1.6792933333333333 40.000033333333334
vertex -11.475266666666666 -2.2824400000000002 40.000033333333334
vertex -11.64354 -1.1466666666666667 40.000033333333334
endloop
endfacet
facet normal 0 0 1
outer loop
vertex -13.98016 -1.6792933333333333 40.000033333333334
vertex -11.64354 -1.1466666666666667 40.000033333333334
vertex -15.643686666666667 -1.1466666666666667 40.000033333333334
endloop
endfacet
facet normal 0 0 1
outer loop
vertex 13.77978 -2.8841533333333333 40.000033333333334
vertex 11.475266666666666 -2.2824400000000002 40.000033333333334
vertex 11.196340000000001 -3.3964266666666667 40.000033333333334
endloop
endfacet
facet normal 0 0 1
outer loop
vertex 13.77978 -2.8841533333333333 40.000033333333334
vertex 11.196340000000001 -3.3964266666666667 40.000033333333334
vertex 15.31488 -3.3964266666666667 40.000033333333334
endloop
endfacet
facet normal 0 0 1
outer loop
vertex 13.77978 -2.8841533333333333 40.000033333333334
vertex 15.31488 -3.3964266666666667 40.000033333333334
vertex 15.3983 -3.0630333333333333 40.000033333333334
endloop
endfacet
facet normal 0 0 1
outer loop
vertex 13.77978 -2.8841533333333333 40.000033333333334
vertex 15.3983 -3.0630333333333333 40.000033333333334
vertex 15.514113333333334 -2.2824400000000002 40.000033333333334
endloop
endfacet
facet normal 0 0 1
outer loop
vertex 13.77978 -2.8841533333333333 40.000033333333334
vertex 15.514113333333334 -2.2824400000000002 40.000033333333334
vertex 11.475266666666666 -2.2824400000000002 40.000033333333334
endloop
endfacet
facet normal 0 0 1
outer loop
vertex -13.77978 -2.8841533333333333 40.000033333333334
vertex -15.514113333333334 -2.2824400000000002 40.000033333333334
vertex -15.3983 -3.0630333333333333 40.000033333333334
endloop
endfacet
facet normal 0 0 1
outer loop
vertex -13.77978 -2.8841533333333333 40.000033333333334
vertex -15.3983 -3.0630333333333333 40.000033333333334
vertex -15.31488 -3.3964266666666667 40.000033333333334
endloop
endfacet
facet normal 0 0 1
outer loop
vertex -13.77978 -2.8841533333333333 40.000033333333334
vertex -15.31488 -3.3964266666666667 40.000033333333334
vertex -11.196340000000001 -3.3964266666666667 40.000033333333334
endloop
endfacet
facet normal 0 0 1
outer loop
vertex -13.77978 -2.8841533333333333 40.000033333333334
vertex -11.196340000000001 -3.3964266666666667 40.000033333333334
vertex -11.475266666666666 -2.2824400000000002 40.000033333333334
endloop
endfacet
facet normal 0 0 1
outer loop
vertex -13.77978 -2.8841533333333333 40.000033333333334
vertex -11.475266666666666 -2.2824400000000002 40.000033333333334
vertex -15.514113333333334 -2.2824400000000002 40.000033333333334
endloop
endfacet
facet normal 0 0 1
outer loop
vertex 11.196340000000001 -3.3964266666666667 40.000033333333334
vertex 10.80934 -4.477446666666667 40.000033333333334
vertex 15.043980000000001 -4.477446666666667 40.000033333333334
endloop
endfacet
facet normal 0 0 1
outer loop
vertex 11.196340000000001 -3.3964266666666667 40.000033333333334
vertex 15.043980000000001 -4.477446666666667 40.000033333333334
vertex 15.31488 -3.3964266666666667 40.000033333333334
endloop
endfacet
facet normal 0 0 1
outer loop
vertex -15.31488 -3.3964266666666667 40.000033333333334
vertex -15.043980000000001 -4.477446666666667 40.000033333333334
vertex -10.80934 -4.477446666666667 40.000033333333334
endloop
endfacet
facet normal 0 0 1
outer loop
vertex -15.31488 -3.3964266666666667 40.000033333333334
vertex -10.80934 -4.477446666666667 40.000033333333334
vertex -11.196340000000001 -3.3964266666666667 40.000033333333334
endloop
endfacet
facet normal 0 0 1
outer loop
vertex 13.175486666666668 -4.908593333333333 40.000033333333334
vertex 10.80934 -4.477446666666667 40.000033333333334
vertex 10.318566666666667 -5.515466666666667 40.000033333333334
endloop
endfacet
facet normal 0 0 0.9999999999999999
outer loop
vertex 13.175486666666668 -4.908593333333333 40.000033333333334
vertex 10.318566666666667 -5.515466666666667 40.000033333333334
vertex 14.681346666666668 -5.515466666666667 40.000033333333334
endloop
endfacet
facet normal 0 0 1
outer loop
vertex 13.175486666666668 -4.908593333333333 40.000033333333334
vertex 14.681346666666668 -5.515466666666667 40.000033333333334
vertex 15.023913333333335 -4.557426666666667 40.000033333333334
endloop
endfacet
facet normal 0 0 1
outer loop
vertex 13.175486666666668 -4.908593333333333 40.000033333333334
vertex 15.023913333333335 -4.557426666666667 40.000033333333334
vertex 15.043980000000001 -4.477446666666667 40.000033333333334
endloop
endfacet
facet normal 0 0 1
outer loop
vertex 13.175486666666668 -4.908593333333333 40.000033333333334
vertex 15.043980000000001 -4.477446666666667 40.000033333333334
vertex 10.80934 -4.477446666666667 40.000033333333334
endloop
endfacet
facet normal 0 0 1
outer loop
vertex -13.175486666666668 -4.908593333333333 40.000033333333334
vertex -15.043980000000001 -4.477446666666667 40.000033333333334
vertex -15.023913333333335 -4.557426666666667 40.000033333333334
endloop
endfacet
facet normal 0 0 1
outer loop
vertex -13.175486666666668 -4.908593333333333 40.000033333333334
vertex -15.023913333333335 -4.557426666666667 40.000033333333334
vertex -14.681346666666668 -5.515466666666667 40.000033333333334
endloop
endfacet
facet normal 0 0 0.9999999999999999
outer loop
vertex -13.175486666666668 -4.908593333333333 40.000033333333334
vertex -14.681346666666668 -5.515466666666667 40.000033333333334
vertex -10.318566666666667 -5.515466666666667 40.000033333333334
endloop
endfacet
facet normal 0 0 1
outer loop
vertex -13.175486666666668 -4.908593333333333 40.000033333333334
vertex -10.318566666666667 -5.515466666666667 40.000033333333334
vertex -10.80934 -4.477446666666667 40.000033333333334
endloop
endfacet
facet normal 0 0 1
outer loop
vertex -13.175486666666668 -4.908593333333333 40.000033333333334
vertex -10.80934 -4.477446666666667 40.000033333333334
vertex -15.043980000000001 -4.477446666666667 40.000033333333334
endloop
endfacet
facet normal 0 0 1
outer loop
vertex 12.701053333333334 -6.007960000000001 40.000033333333334
vertex 10.318566666666667 -5.515466666666667 40.000033333333334
vertex 9.72832 -6.500166666666667 40.000033333333334
endloop
endfacet
facet normal 0 0 1
outer loop
vertex 12.701053333333334 -6.007960000000001 40.000033333333334
vertex 9.72832 -6.500166666666667 40.000033333333334
vertex 14.272273333333334 -6.500166666666667 40.000033333333334
endloop
endfacet
facet normal 0 0 0.9999999999999999
outer loop
vertex 12.701053333333334 -6.007960000000001 40.000033333333334
vertex 14.272273333333334 -6.500166666666667 40.000033333333334
vertex 14.505046666666667 -6.0082466666666665 40.000033333333334
endloop
endfacet
facet normal 0 0 1
outer loop
vertex 12.701053333333334 -6.007960000000001 40.000033333333334
vertex 14.505046666666667 -6.0082466666666665 40.000033333333334
vertex 14.681346666666668 -5.515466666666667 40.000033333333334
endloop
endfacet
facet normal 0 0 1
outer loop
vertex 12.701053333333334 -6.007960000000001 40.000033333333334
vertex 14.681346666666668 -5.515466666666667 40.000033333333334
vertex 10.318566666666667 -5.515466666666667 40.000033333333334
endloop
endfacet
facet normal 0 0 1
outer loop
vertex -12.701053333333334 -6.007960000000001 40.000033333333334
vertex -14.681346666666668 -5.515466666666667 40.000033333333334
vertex -14.505046666666667 -6.0082466666666665 40.000033333333334
endloop
endfacet
facet normal 0 0 0.9999999999999999
outer loop
vertex -12.701053333333334 -6.007960000000001 40.000033333333334
vertex -14.505046666666667 -6.0082466666666665 40.000033333333334
vertex -14.272273333333334 -6.500166666666667 40.000033333333334
endloop
endfacet
facet normal 0 0 1
outer loop
vertex -12.701053333333334 -6.007960000000001 40.000033333333334
vertex -14.272273333333334 -6.500166666666667 40.000033333333334
vertex -9.72832 -6.500166666666667 40.000033333333334
endloop
endfacet
facet normal 0 0 1
outer loop
vertex -12.701053333333334 -6.007960000000001 40.000033333333334
vertex -9.72832 -6.500166666666667 40.000033333333334
vertex -10.318566666666667 -5.515466666666667 40.000033333333334
endloop
endfacet
facet normal 0 0 1
outer loop
vertex -12.701053333333334 -6.007960000000001 40.000033333333334
vertex -10.318566666666667 -5.515466666666667 40.000033333333334
vertex -14.681346666666668 -5.515466666666667 40.000033333333334
endloop
endfacet
facet normal 0 0 0.9999999999999999
outer loop
vertex 12.14492 -7.049133333333334 40.000033333333334
vertex 9.72832 -6.500166666666667 40.000033333333334
vertex 9.044333333333334 -7.422373333333334 40.000033333333334
endloop
endfacet
facet normal 0 0 1
outer loop
vertex 12.14492 -7.049133333333334 40.000033333333334
vertex 9.044333333333334 -7.422373333333334 40.000033333333334
vertex 13.833386666666668 -7.422373333333334 40.000033333333334
endloop
endfacet
facet normal 0 0 1
outer loop
vertex 12.14492 -7.049133333333334 40.000033333333334
vertex 13.833386666666668 -7.422373333333334 40.000033333333334
vertex 13.846286666666668 -7.400873333333333 40.000033333333334
endloop
endfacet
facet normal 0 0 1
outer loop
vertex 12.14492 -7.049133333333334 40.000033333333334
vertex 13.846286666666668 -7.400873333333333 40.000033333333334
vertex 14.272273333333334 -6.500166666666667 40.000033333333334
endloop
endfacet
facet normal 0 0 1
outer loop
vertex 12.14492 -7.049133333333334 40.000033333333334
vertex 14.272273333333334 -6.500166666666667 40.000033333333334
vertex 9.72832 -6.500166666666667 40.000033333333334
endloop
endfacet
facet normal 0 0 1
outer loop
vertex -12.14492 -7.049133333333334 40.000033333333334
vertex -14.272273333333334 -6.500166666666667 40.000033333333334
vertex -13.846286666666668 -7.400873333333333 40.000033333333334
endloop
endfacet
facet normal 0 0 1
outer loop
vertex -12.14492 -7.049133333333334 40.000033333333334
vertex -13.846286666666668 -7.400873333333333 40.000033333333334
vertex -13.833386666666668 -7.422373333333334 40.000033333333334
endloop
endfacet
facet normal 0 0 1
outer loop
vertex -12.14492 -7.049133333333334 40.000033333333334
vertex -13.833386666666668 -7.422373333333334 40.000033333333334
vertex -9.044333333333334 -7.422373333333334 40.000033333333334
endloop
endfacet
facet normal 0 0 0.9999999999999999
outer loop
vertex -12.14492 -7.049133333333334 40.000033333333334
vertex -9.044333333333334 -7.422373333333334 40.000033333333334
vertex -9.72832 -6.500166666666667 40.000033333333334
endloop
endfacet
facet normal 0 0 1
outer loop
vertex -12.14492 -7.049133333333334 40.000033333333334
vertex -9.72832 -6.500166666666667 40.000033333333334
vertex -14.272273333333334 -6.500166666666667 40.000033333333334
endloop
endfacet
facet normal 0 0 1
outer loop
vertex 9.044333333333334 -7.422373333333334 40.000033333333334
vertex 8.273200000000001 -8.273200000000001 40.000033333333334
vertex 13.323406666666667 -8.273200000000001 40.000033333333334
endloop
endfacet
facet normal 0 0 1
outer loop
vertex 9.044333333333334 -7.422373333333334 40.000033333333334
vertex 13.323406666666667 -8.273200000000001 40.000033333333334
vertex 13.833386666666668 -7.422373333333334 40.000033333333334
endloop
endfacet
facet normal 0 0 1
outer loop
vertex -13.833386666666668 -7.422373333333334 40.000033333333334
vertex -13.323406666666667 -8.273200000000001 40.000033333333334
vertex -8.273200000000001 -8.273200000000001 40.000033333333334
endloop
endfacet
facet normal 0 0 1
outer loop
vertex -13.833386666666668 -7.422373333333334 40.000033333333334
vertex -8.273200000000001 -8.273200000000001 40.000033333333334
vertex -9.044333333333334 -7.422373333333334 40.000033333333334
endloop
endfacet
facet normal 0 0 1
outer loop
vertex 10.977613333333334 -8.671380000000001 40.000033333333334
vertex 8.273200000000001 -8.273200000000001 40.000033333333334
vertex 7.422373333333334 -9.044333333333334 40.000033333333334
endloop
endfacet
facet normal 0 0 1
outer loop
vertex 10.977613333333334 -8.671380000000001 40.000033333333334
vertex 7.422373333333334 -9.044333333333334 40.000033333333334
vertex 12.815433333333333 -9.044333333333334 40.000033333333334
endloop
endfacet
facet normal 0 0 1
outer loop
vertex 10.977613333333334 -8.671380000000001 40.000033333333334
vertex 12.815433333333333 -9.044333333333334 40.000033333333334
vertex 13.05394 -8.722406666666666 40.000033333333334
endloop
endfacet
facet normal 0 0 1
outer loop
vertex 10.977613333333334 -8.671380000000001 40.000033333333334
vertex 13.05394 -8.722406666666666 40.000033333333334
vertex 13.323406666666667 -8.273200000000001 40.000033333333334
endloop
endfacet
facet normal 0 0 1
outer loop
vertex 10.977613333333334 -8.671380000000001 40.000033333333334
vertex 13.323406666666667 -8.273200000000001 40.000033333333334
vertex 8.273200000000001 -8.273200000000001 40.000033333333334
endloop
endfacet
facet normal 0 0 1
outer loop
vertex -10.977613333333334 -8.671380000000001 40.000033333333334
vertex -13.323406666666667 -8.273200000000001 40.000033333333334
vertex -13.05394 -8.722406666666666 40.000033333333334
endloop
endfacet
facet normal 0 0 1
outer loop
vertex -10.977613333333334 -8.671380000000001 40.000033333333334
vertex -13.05394 -8.722406666666666 40.000033333333334
vertex -12.815433333333333 -9.044333333333334 40.000033333333334
endloop
endfacet
facet normal 0 0 1
outer loop
vertex -10.977613333333334 -8.671380000000001 40.000033333333334
vertex -12.815433333333333 -9.044333333333334 40.000033333333334
vertex -7.422373333333334 -9.044333333333334 40.000033333333334
endloop
endfacet
facet normal 0 0 1
outer loop
vertex -10.977613333333334 -8.671380000000001 40.000033333333334
vertex -7.422373333333334 -9.044333333333334 40.000033333333334
vertex -8.273200000000001 -8.273200000000001 40.000033333333334
endloop
endfacet
facet normal 0 0 1
outer loop
vertex -10.977613333333334 -8.671380000000001 40.000033333333334
vertex -8.273200000000001 -8.273200000000001 40.000033333333334
vertex -13.323406666666667 -8.273200000000001 40.000033333333334
endloop
endfacet
facet normal 0 0 1
outer loop
vertex 7.422373333333334 -9.044333333333334 40.000033333333334
vertex 6.500166666666667 -9.72832 40.000033333333334
vertex 12.308033333333334 -9.72832 40.000033333333334
endloop
endfacet
facet normal 0 0 0.9999999999999999
outer loop
vertex 7.422373333333334 -9.044333333333334 40.000033333333334
vertex 12.308033333333334 -9.72832 40.000033333333334
vertex 12.815433333333333 -9.044333333333334 40.000033333333334
endloop
endfacet
facet normal 0 0 1
outer loop
vertex -12.815433333333333 -9.044333333333334 40.000033333333334
vertex -12.308033333333334 -9.72832 40.000033333333334
vertex -6.500166666666667 -9.72832 40.000033333333334
endloop
endfacet
facet normal 0 0 0.9999999999999999
outer loop
vertex -12.815433333333333 -9.044333333333334 40.000033333333334
vertex -6.500166666666667 -9.72832 40.000033333333334
vertex -7.422373333333334 -9.044333333333334 40.000033333333334
endloop
endfacet
facet normal 0 0 1
outer loop
vertex 9.65436 -10.010686666666667 40.000033333333334
vertex 6.500166666666667 -9.72832 40.000033333333334
vertex 5.515466666666667 -10.318566666666667 40.000033333333334
endloop
endfacet
facet normal 0 0 0.9999999999999999
outer loop
vertex 9.65436 -10.010686666666667 40.000033333333334
vertex 5.515466666666667 -10.318566666666667 40.000033333333334
vertex 11.81124 -10.318566666666667 40.000033333333334
endloop
endfacet
facet normal 0 0 1
outer loop
vertex 9.65436 -10.010686666666667 40.000033333333334
vertex 11.81124 -10.318566666666667 40.000033333333334
vertex 12.136320000000001 -9.959946666666667 40.000033333333334
endloop
endfacet
facet normal 0 0 0.9999999999999999
outer loop
vertex 9.65436 -10.010686666666667 40.000033333333334
vertex 12.136320000000001 -9.959946666666667 40.000033333333334
vertex 12.308033333333334 -9.72832 40.000033333333334
endloop
endfacet
facet normal 0 0 1
outer loop
vertex 9.65436 -10.010686666666667 40.000033333333334
vertex 12.308033333333334 -9.72832 40.000033333333334
vertex 6.500166666666667 -9.72832 40.000033333333334
endloop
endfacet
facet normal 0 0 0.9999999999999999
outer loop
vertex -9.65436 -10.010686666666667 40.000033333333334
vertex -12.308033333333334 -9.72832 40.000033333333334
vertex -12.136320000000001 -9.959946666666667 40.000033333333334
endloop
endfacet
facet normal 0 0 1
outer loop
vertex -9.65436 -10.010686666666667 40.000033333333334
vertex -12.136320000000001 -9.959946666666667 40.000033333333334
vertex -11.81124 -10.318566666666667 40.000033333333334
endloop
endfacet
facet normal 0 0 0.9999999999999999
outer loop
vertex -9.65436 -10.010686666666667 40.000033333333334
vertex -11.81124 -10.318566666666667 40.000033333333334
vertex -5.515466666666667 -10.318566666666667 40.000033333333334
endloop
endfacet
facet normal 0 0 1
outer loop
vertex -9.65436 -10.010686666666667 40.000033333333334
vertex -5.515466666666667 -10.318566666666667 40.000033333333334
vertex -6.500166666666667 -9.72832 40.000033333333334
endloop
endfacet
facet normal 0 0 1
outer loop
vertex -9.65436 -10.010686666666667 40.000033333333334
vertex -6.500166666666667 -9.72832 40.000033333333334
vertex -12.308033333333334 -9.72832 40.000033333333334
endloop
endfacet
facet normal 0 0 1
outer loop
vertex 5.515466666666667 -10.318566666666667 40.000033333333334
vertex 4.477446666666667 -10.80934 40.000033333333334
vertex 11.366333333333333 -10.80934 40.000033333333334
endloop
endfacet
facet normal 0 0 1
outer loop
vertex 5.515466666666667 -10.318566666666667 40.000033333333334
vertex 11.366333333333333 -10.80934 40.000033333333334
vertex 11.81124 -10.318566666666667 40.000033333333334
endloop
endfacet
facet normal 0 0 1
outer loop
vertex -11.81124 -10.318566666666667 40.000033333333334
vertex -11.366333333333333 -10.80934 40.000033333333334
vertex -4.477446666666667 -10.80934 40.000033333333334
endloop
endfacet
facet normal 0 0 1
outer loop
vertex -11.81124 -10.318566666666667 40.000033333333334
vertex -4.477446666666667 -10.80934 40.000033333333334
vertex -5.515466666666667 -10.318566666666667 40.000033333333334
endloop
endfacet
facet normal 0 0 1
outer loop
vertex 8.267753333333333 -11.02262 40.000033333333334
vertex 4.477446666666667 -10.80934 40.000033333333334
vertex 3.3964266666666667 -11.196340000000001 40.000033333333334
endloop
endfacet
facet normal 0 0 1
outer loop
vertex 8.267753333333333 -11.02262 40.000033333333334
vertex 3.3964266666666667 -11.196340000000001 40.000033333333334
vertex 10.997106666666667 -11.196340000000001 40.000033333333334
endloop
endfacet
facet normal 0 0 1
outer loop
vertex 8.267753333333333 -11.02262 40.000033333333334
vertex 10.997106666666667 -11.196340000000001 40.000033333333334
vertex 11.101453333333334 -11.101453333333334 40.000033333333334
endloop
endfacet
facet normal 0 0 0.9999999999999999
outer loop
vertex 8.267753333333333 -11.02262 40.000033333333334
vertex 11.101453333333334 -11.101453333333334 40.000033333333334
vertex 11.366333333333333 -10.80934 40.000033333333334
endloop
endfacet
facet normal 0 0 1
outer loop
vertex 8.267753333333333 -11.02262 40.000033333333334
vertex 11.366333333333333 -10.80934 40.000033333333334
vertex 4.477446666666667 -10.80934 40.000033333333334
endloop
endfacet
facet normal 0 0 0.9999999999999999
outer loop
vertex -8.267753333333333 -11.02262 40.000033333333334
vertex -11.366333333333333 -10.80934 40.000033333333334
vertex -11.101453333333334 -11.101453333333334 40.000033333333334
endloop
endfacet
facet normal 0 0 1
outer loop
vertex -8.267753333333333 -11.02262 40.000033333333334
vertex -11.101453333333334 -11.101453333333334 40.000033333333334
vertex -10.997106666666667 -11.196340000000001 40.000033333333334
endloop
endfacet
facet normal 0 0 1
outer loop
vertex -8.267753333333333 -11.02262 40.000033333333334
vertex -10.997106666666667 -11.196340000000001 40.000033333333334
vertex -3.3964266666666667 -11.196340000000001 40.000033333333334
endloop
endfacet
facet normal 0 0 1
outer loop
vertex -8.267753333333333 -11.02262 40.000033333333334
vertex -3.3964266666666667 -11.196340000000001 40.000033333333334
vertex -4.477446666666667 -10.80934 40.000033333333334
endloop
endfacet
facet normal 0 0 1
outer loop
vertex -8.267753333333333 -11.02262 40.000033333333334
vertex -4.477446666666667 -10.80934 40.000033333333334
vertex -11.366333333333333 -10.80934 40.000033333333334
endloop
endfacet
facet normal 0 0 1
outer loop
vertex 3.3964266666666667 -11.196340000000001 40.000033333333334
vertex 2.2824400000000002 -11.475266666666666 40.000033333333334
vertex 10.689226666666666 -11.475266666666666 40.000033333333334
endloop
endfacet
facet normal 0 0 1
outer loop
vertex 3.3964266666666667 -11.196340000000001 40.000033333333334
vertex 10.689226666666666 -11.475266666666666 40.000033333333334
vertex 10.997106666666667 -11.196340000000001 40.000033333333334
endloop
endfacet
facet normal 0 0 1
outer loop
vertex -10.997106666666667 -11.196340000000001 40.000033333333334
vertex -10.689226666666666 -11.475266666666666 40.000033333333334
vertex -2.2824400000000002 -11.475266666666666 40.000033333333334
endloop
endfacet
facet normal 0 0 1
outer loop
vertex -10.997106666666667 -11.196340000000001 40.000033333333334
vertex -2.2824400000000002 -11.475266666666666 40.000033333333334
vertex -3.3964266666666667 -11.196340000000001 40.000033333333334
endloop
endfacet
facet normal 0 0 0.9999999999999999
outer loop
vertex 2.2824400000000002 -11.475266666666666 40.000033333333334
vertex 1.1466666666666667 -11.64354 40.000033333333334
vertex 10.503466666666666 -11.64354 40.000033333333334
endloop
endfacet
facet normal 0 0 1
outer loop
vertex 2.2824400000000002 -11.475266666666666 40.000033333333334
vertex 10.503466666666666 -11.64354 40.000033333333334
vertex 10.689226666666666 -11.475266666666666 40.000033333333334
endloop
endfacet
facet normal 0 0 1
outer loop
vertex -10.689226666666666 -11.475266666666666 40.000033333333334
vertex -10.503466666666666 -11.64354 40.000033333333334
vertex -1.1466666666666667 -11.64354 40.000033333333334
endloop
endfacet
facet normal 0 0 1
outer loop
vertex -10.689226666666666 -11.475266666666666 40.000033333333334
vertex -1.1466666666666667 -11.64354 40.000033333333334
vertex -2.2824400000000002 -11.475266666666666 40.000033333333334
endloop
endfacet
facet normal 0 0 1
outer loop
vertex 1.1466666666666667 -11.64354 40.000033333333334
vertex 0 -11.700013333333334 40.000033333333334
vertex 10.44126 -11.700013333333334 40.000033333333334
endloop
endfacet
facet normal 0 0 1
outer loop
vertex 1.1466666666666667 -11.64354 40.000033333333334
vertex 10.44126 -11.700013333333334 40.000033333333334
vertex 10.503466666666666 -11.64354 40.000033333333334
endloop
endfacet
facet normal 0 0 0.9999999999999999
outer loop
vertex -10.503466666666666 -11.64354 40.000033333333334
vertex -10.44126 -11.700013333333334 40.000033333333334
vertex 0 -11.700013333333334 40.000033333333334
endloop
endfacet
facet normal 0 0 1
outer loop
vertex -10.503466666666666 -11.64354 40.000033333333334
vertex 0 -11.700013333333334 40.000033333333334
vertex -1.1466666666666667 -11.64354 40.000033333333334
endloop
endfacet
facet normal 0 0 1
outer loop
vertex 0 -13.887566666666666 40.000033333333334
vertex 0 -11.700013333333334 40.000033333333334
vertex -10.44126 -11.700013333333334 40.000033333333334
endloop
endfacet
facet normal 0 0 1
outer loop
vertex 0 -13.887566666666666 40.000033333333334
vertex -10.44126 -11.700013333333334 40.000033333333334
vertex -9.959946666666667 -12.136320000000001 40.000033333333334
endloop
endfacet
facet normal 0 0 1
outer loop
vertex 0 -13.887566666666666 40.000033333333334
vertex -9.959946666666667 -12.136320000000001 40.000033333333334
vertex -8.722406666666666 -13.05394 40.000033333333334
endloop
endfacet
facet normal 0 0 0.9999999999999999
outer loop
vertex 0 -13.887566666666666 40.000033333333334
vertex -8.722406666666666 -13.05394 40.000033333333334
vertex -7.400873333333333 -13.846286666666668 40.000033333333334
endloop
endfacet
facet normal 0 0 1
outer loop
vertex 0 -13.887566666666666 40.000033333333334
vertex -7.400873333333333 -13.846286666666668 40.000033333333334
vertex -6.0082466666666665 -14.505046666666667 40.000033333333334
endloop
endfacet
facet normal 0 0 1
outer loop
vertex 0 -13.887566666666666 40.000033333333334
vertex -6.0082466666666665 -14.505046666666667 40.000033333333334
vertex -4.557426666666667 -15.023913333333335 40.000033333333334
endloop
endfacet
facet normal 0 0 1
outer loop
vertex 0 -13.887566666666666 40.000033333333334
vertex -4.557426666666667 -15.023913333333335 40.000033333333334
vertex -3.0630333333333333 -15.3983 40.000033333333334
endloop
endfacet
facet normal 0 0 0.9999999999999999
outer loop
vertex 0 -13.887566666666666 40.000033333333334
vertex -3.0630333333333333 -15.3983 40.000033333333334
vertex -1.5388266666666668 -15.62448 40.000033333333334
endloop
endfacet
facet normal 0 0 1
outer loop
vertex 0 -13.887566666666666 40.000033333333334
vertex -1.5388266666666668 -15.62448 40.000033333333334
vertex 0 -15.699873333333334 40.000033333333334
endloop
endfacet
facet normal 0 0 1
outer loop
vertex 0 -13.887566666666666 40.000033333333334
vertex 0 -15.699873333333334 40.000033333333334
vertex 1.5388266666666668 -15.62448 40.000033333333334
endloop
endfacet
facet normal 0 0 0.9999999999999999
outer loop
vertex 0 -13.887566666666666 40.000033333333334
vertex 1.5388266666666668 -15.62448 40.000033333333334
vertex 3.0630333333333333 -15.3983 40.000033333333334
endloop
endfacet
facet normal 0 0 1
outer loop
vertex 0 -13.887566666666666 40.000033333333334
vertex 3.0630333333333333 -15.3983 40.000033333333334
vertex 4.557426666666667 -15.023913333333335 40.000033333333334
endloop
endfacet
facet normal 0 0 1
outer loop
vertex 0 -13.887566666666666 40.000033333333334
vertex 4.557426666666667 -15.023913333333335 40.000033333333334
vertex 6.0082466666666665 -14.505046666666667 40.000033333333334
endloop
endfacet
facet normal 0 0 1
outer loop
vertex 0 -13.887566666666666 40.000033333333334
vertex 6.0082466666666665 -14.505046666666667 40.000033333333334
vertex 7.400873333333333 -13.846286666666668 40.000033333333334
endloop
endfacet
facet normal 0 0 0.9999999999999999
outer loop
vertex 0 -13.887566666666666 40.000033333333334
vertex 7.400873333333333 -13.846286666666668 40.000033333333334
vertex 8.722406666666666 -13.05394 40.000033333333334
endloop
endfacet
facet normal 0 0 1
outer loop
vertex 0 -13.887566666666666 40.000033333333334
vertex 8.722406666666666 -13.05394 40.000033333333334
vertex 9.959946666666667 -12.136320000000001 40.000033333333334
endloop
endfacet
facet normal 0 0 1
outer loop
vertex 0 -13.887566666666666 40.000033333333334
vertex 9.959946666666667 -12.136320000000001 40.000033333333334
vertex 10.44126 -11.700013333333334 40.000033333333334
endloop
endfacet
facet normal 0 0 1
outer loop
vertex 0 -13.887566666666666 40.000033333333334
vertex 10.44126 -11.700013333333334 40.000033333333334
vertex 0 -11.700013333333334 40.000033333333334
endloop
endfacet
facet normal 0.9987990818932304 0.048993816030598374 0
outer loop
vertex 15.699994 0 44.99999
vertex 15.699994 0 39.999966
vertex 15.624509999999999 1.538834 39.999966
endloop
endfacet
facet normal 0.9987990818932304 0.048993816030598374 0
outer loop
vertex 15.699994 0 44.99999
vertex 15.624509999999999 1.538834 39.999966
vertex 15.624509999999999 1.538834 44.99999
endloop
endfacet
facet normal 0.9891632623750327 0.14681975469119365 0
outer loop
vertex 15.624509999999999 1.538834 44.99999
vertex 15.624509999999999 1.538834 39.999966
vertex 15.398283999999999 3.0629779999999998 39.999966
endloop
endfacet
facet normal 0.9891632623750327 0.14681975469119365 0
outer loop
vertex 15.624509999999999 1.538834 44.99999
vertex 15.398283999999999 3.0629779999999998 39.999966
vertex 15.398283999999999 3.0629779999999998 44.99999
endloop
endfacet
facet normal 0.9700475101134072 0.24291526943109 0
outer loop
vertex 15.398283999999999 3.0629779999999998 44.99999
vertex 15.398283999999999 3.0629779999999998 39.999966
vertex 15.024028 4.557516 39.999966
endloop
endfacet
facet normal 0.9700475101134072 0.24291526943109 0
outer loop
vertex 15.398283999999999 3.0629779999999998 44.99999
vertex 15.024028 4.557516 39.999966
vertex 15.024028 4.557516 44.99999
endloop
endfacet
facet normal 0.9415326622666697 0.3369217207082937 0
outer loop
vertex 15.024028 4.557516 44.99999
vertex 15.024028 4.557516 39.999966
vertex 14.504906 6.00821 39.999966
endloop
endfacet
facet normal 0.9415326622666697 0.3369217207082937 0
outer loop
vertex 15.024028 4.557516 44.99999
vertex 14.504906 6.00821 39.999966
vertex 14.504906 6.00821 44.99999
endloop
endfacet
facet normal 0.9039557779267415 0.427625948175341 0
outer loop
vertex 14.504906 6.00821 44.99999
vertex 14.504906 6.00821 39.999966
vertex 13.846116 7.400822 39.999966
endloop
endfacet
facet normal 0.9039557779267415 0.427625948175341 0
outer loop
vertex 14.504906 6.00821 44.99999
vertex 13.846116 7.400822 39.999966
vertex 13.846116 7.400822 44.99999
endloop
endfacet
facet normal 0.8577387193222581 0.5140858774323728 0
outer loop
vertex 13.846116 7.400822 44.99999
vertex 13.846116 7.400822 39.999966
vertex 13.053986 8.72247 39.999966
endloop
endfacet
facet normal 0.8577387193222581 0.5140858774323728 0
outer loop
vertex 13.846116 7.400822 44.99999
vertex 13.053986 8.72247 39.999966
vertex 13.053986 8.72247 44.99999
endloop
endfacet
facet normal 0.803237320190888 0.5956591363213354 -0.000027739532325764367
outer loop
vertex 12.668429999999999 9.24227 42.499978
vertex 12.81533 9.044293999999999 44.99999
vertex 13.053986 8.72247 44.99999
endloop
endfacet
facet normal 0.8031734877578247 0.5957452043977621 0
outer loop
vertex 12.668429999999999 9.24227 42.499978
vertex 13.053986 8.72247 44.99999
vertex 13.053986 8.72247 39.999966
endloop
endfacet
facet normal 0.803237320190888 0.5956591363213354 0.000027739532325764367
outer loop
vertex 12.668429999999999 9.24227 42.499978
vertex 13.053986 8.72247 39.999966
vertex 12.81533 9.044293999999999 39.999966
endloop
endfacet
facet normal 0.8032234664437079 0.5956778175378434 0.00002544612414205871
outer loop
vertex 12.668429999999999 9.24227 42.499978
vertex 12.81533 9.044293999999999 39.999966
vertex 12.136199999999999 9.960046 39.999966
endloop
endfacet
facet normal 0.8032658724489854 0.5956206327510578 0
outer loop
vertex 12.668429999999999 9.24227 42.499978
vertex 12.136199999999999 9.960046 39.999966
vertex 12.136199999999999 9.960046 44.99999
endloop
endfacet
facet normal 0.8032234664437079 0.5956778175378434 -0.00002544612414205871
outer loop
vertex 12.668429999999999 9.24227 42.499978
vertex 12.136199999999999 9.960046 44.99999
vertex 12.81533 9.044293999999999 44.99999
endloop
endfacet
facet normal 0.740948172813094 0.6715622124605714 0
outer loop
vertex 12.136199999999999 9.960046 44.99999
vertex 12.136199999999999 9.960046 39.999966
vertex 11.101571999999999 11.101571999999999 39.999966
endloop
endfacet
facet normal 0.740948172813094 0.6715622124605714 0
outer loop
vertex 12.136199999999999 9.960046 44.99999
vertex 11.101571999999999 11.101571999999999 39.999966
vertex 11.101571999999999 11.101571999999999 44.99999
endloop
endfacet
facet normal 0.6715622124605714 0.740948172813094 0
outer loop
vertex 11.101571999999999 11.101571999999999 44.99999
vertex 11.101571999999999 11.101571999999999 39.999966
vertex 9.960046 12.136199999999999 39.999966
endloop
endfacet
facet normal 0.6715622124605714 0.740948172813094 0
outer loop
vertex 11.101571999999999 11.101571999999999 44.99999
vertex 9.960046 12.136199999999999 39.999966
vertex 9.960046 12.136199999999999 44.99999
endloop
endfacet
facet normal 0.5956729598980942 0.8032270692937603 0
outer loop
vertex 9.960046 12.136199999999999 44.99999
vertex 9.960046 12.136199999999999 39.999966
vertex 8.72247 13.053986 39.999966
endloop
endfacet
facet normal 0.5956729598980942 0.8032270692937603 0
outer loop
vertex 9.960046 12.136199999999999 44.99999
vertex 8.72247 13.053986 39.999966
vertex 8.72247 13.053986 44.99999
endloop
endfacet
facet normal 0.5140858774323728 0.8577387193222581 0
outer loop
vertex 8.72247 13.053986 44.99999
vertex 8.72247 13.053986 39.999966
vertex 7.400822 13.846116 39.999966
endloop
endfacet
facet normal 0.5140858774323728 0.8577387193222581 0
outer loop
vertex 8.72247 13.053986 44.99999
vertex 7.400822 13.846116 39.999966
vertex 7.400822 13.846116 44.99999
endloop
endfacet
facet normal 0.427625948175341 0.9039557779267415 0
outer loop
vertex 7.400822 13.846116 44.99999
vertex 7.400822 13.846116 39.999966
vertex 6.00821 14.504906 39.999966
endloop
endfacet
facet normal 0.427625948175341 0.9039557779267415 0
outer loop
vertex 7.400822 13.846116 44.99999
vertex 6.00821 14.504906 39.999966
vertex 6.00821 14.504906 44.99999
endloop
endfacet
facet normal 0.3369217207082937 0.9415326622666697 0
outer loop
vertex 6.00821 14.504906 44.99999
vertex 6.00821 14.504906 39.999966
vertex 4.557516 15.024028 39.999966
endloop
endfacet
facet normal 0.3369217207082937 0.9415326622666697 0
outer loop
vertex 6.00821 14.504906 44.99999
vertex 4.557516 15.024028 39.999966
vertex 4.557516 15.024028 44.99999
endloop
endfacet
facet normal 0.24291526943109 0.9700475101134072 0
outer loop
vertex 4.557516 15.024028 44.99999
vertex 4.557516 15.024028 39.999966
vertex 3.0629779999999998 15.398283999999999 39.999966
endloop
endfacet
facet normal 0.24291526943109 0.9700475101134072 0
outer loop
vertex 4.557516 15.024028 44.99999
vertex 3.0629779999999998 15.398283999999999 39.999966
vertex 3.0629779999999998 15.398283999999999 44.99999
endloop
endfacet
facet normal 0.14681975469119365 0.9891632623750327 0
outer loop
vertex 3.0629779999999998 15.398283999999999 44.99999
vertex 3.0629779999999998 15.398283999999999 39.999966
vertex 1.538834 15.624509999999999 39.999966
endloop
endfacet
facet normal 0.14681975469119365 0.9891632623750327 0
outer loop
vertex 3.0629779999999998 15.398283999999999 44.99999
vertex 1.538834 15.624509999999999 39.999966
vertex 1.538834 15.624509999999999 44.99999
endloop
endfacet
facet normal 0.048993816030598374 0.9987990818932304 0
outer loop
vertex 1.538834 15.624509999999999 44.99999
vertex 1.538834 15.624509999999999 39.999966
vertex 0 15.699994 39.999966
endloop
endfacet
facet normal 0.048993816030598374 0.9987990818932304 0
outer loop
vertex 1.538834 15.624509999999999 44.99999
vertex 0 15.699994 39.999966
vertex 0 15.699994 44.99999
endloop
endfacet
facet normal -0.048993816030598374 0.9987990818932304 0
outer loop
vertex 0 15.699994 44.99999
vertex 0 15.699994 39.999966
vertex -1.538834 15.624509999999999 39.999966
endloop
endfacet
facet normal -0.048993816030598374 0.9987990818932304 0
outer loop
vertex 0 15.699994 44.99999
vertex -1.538834 15.624509999999999 39.999966
vertex -1.538834 15.624509999999999 44.99999
endloop
endfacet
facet normal -0.14681975469119365 0.9891632623750327 0
outer loop
vertex -1.538834 15.624509999999999 44.99999
vertex -1.538834 15.624509999999999 39.999966
vertex -3.0629779999999998 15.398283999999999 39.999966
endloop
endfacet
facet normal -0.14681975469119365 0.9891632623750327 0
outer loop
vertex -1.538834 15.624509999999999 44.99999
vertex -3.0629779999999998 15.398283999999999 39.999966
vertex -3.0629779999999998 15.398283999999999 44.99999
endloop
endfacet
facet normal -0.24291526943109 0.9700475101134072 0
outer loop
vertex -3.0629779999999998 15.398283999999999 44.99999
vertex -3.0629779999999998 15.398283999999999 39.999966
vertex -4.557516 15.024028 39.999966
endloop
endfacet
facet normal -0.24291526943109 0.9700475101134072 0
outer loop
vertex -3.0629779999999998 15.398283999999999 44.99999
vertex -4.557516 15.024028 39.999966
vertex -4.557516 15.024028 44.99999
endloop
endfacet
facet normal -0.3369217207082937 0.9415326622666697 0
outer loop
vertex -4.557516 15.024028 44.99999
vertex -4.557516 15.024028 39.999966
vertex -6.00821 14.504906 39.999966
endloop
endfacet
facet normal -0.3369217207082937 0.9415326622666697 0
outer loop
vertex -4.557516 15.024028 44.99999
vertex -6.00821 14.504906 39.999966
vertex -6.00821 14.504906 44.99999
endloop
endfacet
facet normal -0.427625948175341 0.9039557779267415 0
outer loop
vertex -6.00821 14.504906 44.99999
vertex -6.00821 14.504906 39.999966
vertex -7.400822 13.846116 39.999966
endloop
endfacet
facet normal -0.427625948175341 0.9039557779267415 0
outer loop
vertex -6.00821 14.504906 44.99999
vertex -7.400822 13.846116 39.999966
vertex -7.400822 13.846116 44.99999
endloop
endfacet
facet normal -0.5140858774323728 0.8577387193222581 0
outer loop
vertex -7.400822 13.846116 44.99999
vertex -7.400822 13.846116 39.999966
vertex -8.72247 13.053986 39.999966
endloop
endfacet
facet normal -0.5140858774323728 0.8577387193222581 0
outer loop
vertex -7.400822 13.846116 44.99999
vertex -8.72247 13.053986 39.999966
vertex -8.72247 13.053986 44.99999
endloop
endfacet
facet normal -0.5956729598980942 0.8032270692937603 0
outer loop
vertex -8.72247 13.053986 44.99999
vertex -8.72247 13.053986 39.999966
vertex -9.960046 12.136199999999999 39.999966
endloop
endfacet
facet normal -0.5956729598980942 0.8032270692937603 0
outer loop
vertex -8.72247 13.053986 44.99999
vertex -9.960046 12.136199999999999 39.999966
vertex -9.960046 12.136199999999999 44.99999
endloop
endfacet
facet normal -0.6715622124605714 0.740948172813094 0
outer loop
vertex -9.960046 12.136199999999999 44.99999
vertex -9.960046 12.136199999999999 39.999966
vertex -11.101571999999999 11.101571999999999 39.999966
endloop
endfacet
facet normal -0.6715622124605714 0.740948172813094 0
outer loop
vertex -9.960046 12.136199999999999 44.99999
vertex -11.101571999999999 11.101571999999999 39.999966
vertex -11.101571999999999 11.101571999999999 44.99999
endloop
endfacet
facet normal -0.740948172813094 0.6715622124605714 0
outer loop
vertex -11.101571999999999 11.101571999999999 44.99999
vertex -11.101571999999999 11.101571999999999 39.999966
vertex -12.136199999999999 9.960046 39.999966
endloop
endfacet
facet normal -0.740948172813094 0.6715622124605714 0
outer loop
vertex -11.101571999999999 11.101571999999999 44.99999
vertex -12.136199999999999 9.960046 39.999966
vertex -12.136199999999999 9.960046 44.99999
endloop
endfacet
facet normal -0.8032234664437079 0.5956778175378434 -0.00002544612414205871
outer loop
vertex -12.668429999999999 9.24227 42.499978
vertex -12.81533 9.044293999999999 44.99999
vertex -12.136199999999999 9.960046 44.99999
endloop
endfacet
facet normal -0.8032658724489854 0.5956206327510578 0
outer loop
vertex -12.668429999999999 9.24227 42.499978
vertex -12.136199999999999 9.960046 44.99999
vertex -12.136199999999999 9.960046 39.999966
endloop
endfacet
facet normal -0.8032234664437079 0.5956778175378434 0.00002544612414205871
outer loop
vertex -12.668429999999999 9.24227 42.499978
vertex -12.136199999999999 9.960046 39.999966
vertex -12.81533 9.044293999999999 39.999966
endloop
endfacet
facet normal -0.803237320190888 0.5956591363213354 0.000027739532325764367
outer loop
vertex -12.668429999999999 9.24227 42.499978
vertex -12.81533 9.044293999999999 39.999966
vertex -13.053986 8.72247 39.999966
endloop
endfacet
facet normal -0.8031734877578247 0.5957452043977621 0
outer loop
vertex -12.668429999999999 9.24227 42.499978
vertex -13.053986 8.72247 39.999966
vertex -13.053986 8.72247 44.99999
endloop
endfacet
facet normal -0.803237320190888 0.5956591363213354 -0.000027739532325764367
outer loop
vertex -12.668429999999999 9.24227 42.499978
vertex -13.053986 8.72247 44.99999
vertex -12.81533 9.044293999999999 44.99999
endloop
endfacet
facet normal -0.8577387193222581 0.5140858774323728 0
outer loop
vertex -13.053986 8.72247 44.99999
vertex -13.053986 8.72247 39.999966
vertex -13.846116 7.400822 39.999966
endloop
endfacet
facet normal -0.8577387193222581 0.5140858774323728 0
outer loop
vertex -13.053986 8.72247 44.99999
vertex -13.846116 7.400822 39.999966
vertex -13.846116 7.400822 44.99999
endloop
endfacet
facet normal -0.9039557779267415 0.427625948175341 0
outer loop
vertex -13.846116 7.400822 44.99999
vertex -13.846116 7.400822 39.999966
vertex -14.504906 6.00821 39.999966
endloop
endfacet
facet normal -0.9039557779267415 0.427625948175341 0
outer loop
vertex -13.846116 7.400822 44.99999
vertex -14.504906 6.00821 39.999966
vertex -14.504906 6.00821 44.99999
endloop
endfacet
facet normal -0.9415326622666697 0.3369217207082937 0
outer loop
vertex -14.504906 6.00821 44.99999
vertex -14.504906 6.00821 39.999966
vertex -15.024028 4.557516 39.999966
endloop
endfacet
facet normal -0.9415326622666697 0.3369217207082937 0
outer loop
vertex -14.504906 6.00821 44.99999
vertex -15.024028 4.557516 39.999966
vertex -15.024028 4.557516 44.99999
endloop
endfacet
facet normal -0.9700475101134072 0.24291526943109 0
outer loop
vertex -15.024028 4.557516 44.99999
vertex -15.024028 4.557516 39.999966
vertex -15.398283999999999 3.0629779999999998 39.999966
endloop
endfacet
facet normal -0.9700475101134072 0.24291526943109 0
outer loop
vertex -15.024028 4.557516 44.99999
vertex -15.398283999999999 3.0629779999999998 39.999966
vertex -15.398283999999999 3.0629779999999998 44.99999
endloop
endfacet
facet normal -0.9891632623750327 0.14681975469119365 0
outer loop
vertex -15.398283999999999 3.0629779999999998 44.99999
vertex -15.398283999999999 3.0629779999999998 39.999966
vertex -15.624509999999999 1.538834 39.999966
endloop
endfacet
facet normal -0.9891632623750327 0.14681975469119365 0
outer loop
vertex -15.398283999999999 3.0629779999999998 44.99999
vertex -15.624509999999999 1.538834 39.999966
vertex -15.624509999999999 1.538834 44.99999
endloop
endfacet
facet normal -0.9987990818932304 0.048993816030598374 0
outer loop
vertex -15.624509999999999 1.538834 44.99999
vertex -15.624509999999999 1.538834 39.999966
vertex -15.699994 0 39.999966
endloop
endfacet
facet normal -0.9987990818932304 0.048993816030598374 0
outer loop
vertex -15.624509999999999 1.538834 44.99999
vertex -15.699994 0 39.999966
vertex -15.699994 0 44.99999
endloop
endfacet
facet normal -0.9987990818932304 -0.048993816030598374 0
outer loop
vertex -15.699994 0 44.99999
vertex -15.699994 0 39.999966
vertex -15.624509999999999 -1.538834 39.999966
endloop
endfacet
facet normal -0.9987990818932304 -0.048993816030598374 0
outer loop
vertex -15.699994 0 44.99999
vertex -15.624509999999999 -1.538834 39.999966
vertex -15.624509999999999 -1.538834 44.99999
endloop
endfacet
facet normal -0.9891632623750327 -0.14681975469119365 0
outer loop
vertex -15.624509999999999 -1.538834 44.99999
vertex -15.624509999999999 -1.538834 39.999966
vertex -15.398283999999999 -3.0629779999999998 39.999966
endloop
endfacet
facet normal -0.9891632623750327 -0.14681975469119365 0
outer loop
vertex -15.624509999999999 -1.538834 44.99999
vertex -15.398283999999999 -3.0629779999999998 39.999966
vertex -15.398283999999999 -3.0629779999999998 44.99999
endloop
endfacet
facet normal -0.9700475101134072 -0.24291526943109 0
outer loop
vertex -15.398283999999999 -3.0629779999999998 44.99999
vertex -15.398283999999999 -3.0629779999999998 39.999966
vertex -15.024028 -4.557516 39.999966
endloop
endfacet
facet normal -0.9700475101134072 -0.24291526943109 0
outer loop
vertex -15.398283999999999 -3.0629779999999998 44.99999
vertex -15.024028 -4.557516 39.999966
vertex -15.024028 -4.557516 44.99999
endloop
endfacet
facet normal -0.9415326622666697 -0.3369217207082937 0
outer loop
vertex -15.024028 -4.557516 44.99999
vertex -15.024028 -4.557516 39.999966
vertex -14.504906 -6.00821 39.999966
endloop
endfacet
facet normal -0.9415326622666697 -0.3369217207082937 0
outer loop
vertex -15.024028 -4.557516 44.99999
vertex -14.504906 -6.00821 39.999966
vertex -14.504906 -6.00821 44.99999
endloop
endfacet
facet normal -0.9039557779267415 -0.427625948175341 0
outer loop
vertex -14.504906 -6.00821 44.99999
vertex -14.504906 -6.00821 39.999966
vertex -13.846116 -7.400822 39.999966
endloop
endfacet
facet normal -0.9039557779267415 -0.427625948175341 0
outer loop
vertex -14.504906 -6.00821 44.99999
vertex -13.846116 -7.400822 39.999966
vertex -13.846116 -7.400822 44.99999
endloop
endfacet
facet normal -0.8577387193222581 -0.5140858774323728 0
outer loop
vertex -13.846116 -7.400822 44.99999
vertex -13.846116 -7.400822 39.999966
vertex -13.053986 -8.72247 39.999966
endloop
endfacet
facet normal -0.8577387193222581 -0.5140858774323728 0
outer loop
vertex -13.846116 -7.400822 44.99999
vertex -13.053986 -8.72247 39.999966
vertex -13.053986 -8.72247 44.99999
endloop
endfacet
facet normal -0.803237320190888 -0.5956591363213354 -0.000027739532325764367
outer loop
vertex -12.668429999999999 -9.24227 42.499978
vertex -12.81533 -9.044293999999999 44.99999
vertex -13.053986 -8.72247 44.99999
endloop
endfacet
facet normal -0.8031734877578247 -0.5957452043977621 0
outer loop
vertex -12.668429999999999 -9.24227 42.499978
vertex -13.053986 -8.72247 44.99999
vertex -13.053986 -8.72247 39.999966
endloop
endfacet
facet normal -0.803237320190888 -0.5956591363213354 0.000027739532325764367
outer loop
vertex -12.668429999999999 -9.24227 42.499978
vertex -13.053986 -8.72247 39.999966
vertex -12.81533 -9.044293999999999 39.999966
endloop
endfacet
facet normal -0.8032234664437079 -0.5956778175378434 0.00002544612414205871
outer loop
vertex -12.668429999999999 -9.24227 42.499978
vertex -12.81533 -9.044293999999999 39.999966
vertex -12.136199999999999 -9.960046 39.999966
endloop
endfacet
facet normal -0.8032658724489854 -0.5956206327510578 0
outer loop
vertex -12.668429999999999 -9.24227 42.499978
vertex -12.136199999999999 -9.960046 39.999966
vertex -12.136199999999999 -9.960046 44.99999
endloop
endfacet
facet normal -0.8032234664437079 -0.5956778175378434 -0.00002544612414205871
outer loop
vertex -12.668429999999999 -9.24227 42.499978
vertex -12.136199999999999 -9.960046 44.99999
vertex -12.81533 -9.044293999999999 44.99999
endloop
endfacet
facet normal -0.740948172813094 -0.6715622124605714 0
outer loop
vertex -12.136199999999999 -9.960046 44.99999
vertex -12.136199999999999 -9.960046 39.999966
vertex -11.101571999999999 -11.101571999999999 39.999966
endloop
endfacet
facet normal -0.740948172813094 -0.6715622124605714 0
outer loop
vertex -12.136199999999999 -9.960046 44.99999
vertex -11.101571999999999 -11.101571999999999 39.999966
vertex -11.101571999999999 -11.101571999999999 44.99999
endloop
endfacet
facet normal -0.6715622124605714 -0.740948172813094 0
outer loop
vertex -11.101571999999999 -11.101571999999999 44.99999
vertex -11.101571999999999 -11.101571999999999 39.999966
vertex -9.960046 -12.136199999999999 39.999966
endloop
endfacet
facet normal -0.6715622124605714 -0.740948172813094 0
outer loop
vertex -11.101571999999999 -11.101571999999999 44.99999
vertex -9.960046 -12.136199999999999 39.999966
vertex -9.960046 -12.136199999999999 44.99999
endloop
endfacet
facet normal -0.5956729598980942 -0.8032270692937603 0
outer loop
vertex -9.960046 -12.136199999999999 44.99999
vertex -9.960046 -12.136199999999999 39.999966
vertex -8.72247 -13.053986 39.999966
endloop
endfacet
facet normal -0.5956729598980942 -0.8032270692937603 0
outer loop
vertex -9.960046 -12.136199999999999 44.99999
vertex -8.72247 -13.053986 39.999966
vertex -8.72247 -13.053986 44.99999
endloop
endfacet
facet normal -0.5140858774323728 -0.8577387193222581 0
outer loop
vertex -8.72247 -13.053986 44.99999
vertex -8.72247 -13.053986 39.999966
vertex -7.400822 -13.846116 39.999966
endloop
endfacet
facet normal -0.5140858774323728 -0.8577387193222581 0
outer loop
vertex -8.72247 -13.053986 44.99999
vertex -7.400822 -13.846116 39.999966
vertex -7.400822 -13.846116 44.99999
endloop
endfacet
facet normal -0.427625948175341 -0.9039557779267415 0
outer loop
vertex -7.400822 -13.846116 44.99999
vertex -7.400822 -13.846116 39.999966
vertex -6.00821 -14.504906 39.999966
endloop
endfacet
facet normal -0.427625948175341 -0.9039557779267415 0
outer loop
vertex -7.400822 -13.846116 44.99999
vertex -6.00821 -14.504906 39.999966
vertex -6.00821 -14.504906 44.99999
endloop
endfacet
facet normal -0.3369217207082937 -0.9415326622666697 0
outer loop
vertex -6.00821 -14.504906 44.99999
vertex -6.00821 -14.504906 39.999966
vertex -4.557516 -15.024028 39.999966
endloop
endfacet
facet normal -0.3369217207082937 -0.9415326622666697 0
outer loop
vertex -6.00821 -14.504906 44.99999
vertex -4.557516 -15.024028 39.999966
vertex -4.557516 -15.024028 44.99999
endloop
endfacet
facet normal -0.24291526943109 -0.9700475101134072 0
outer loop
vertex -4.557516 -15.024028 44.99999
vertex -4.557516 -15.024028 39.999966
vertex -3.0629779999999998 -15.398283999999999 39.999966
endloop
endfacet
facet normal -0.24291526943109 -0.9700475101134072 0
outer loop
vertex -4.557516 -15.024028 44.99999
vertex -3.0629779999999998 -15.398283999999999 39.999966
vertex -3.0629779999999998 -15.398283999999999 44.99999
endloop
endfacet
facet normal -0.14681975469119365 -0.9891632623750327 0
outer loop
vertex -3.0629779999999998 -15.398283999999999 44.99999
vertex -3.0629779999999998 -15.398283999999999 39.999966
vertex -1.538834 -15.624509999999999 39.999966
endloop
endfacet
facet normal -0.14681975469119365 -0.9891632623750327 0
outer loop
vertex -3.0629779999999998 -15.398283999999999 44.99999
vertex -1.538834 -15.624509999999999 39.999966
vertex -1.538834 -15.624509999999999 44.99999
endloop
endfacet
facet normal -0.048993816030598374 -0.9987990818932304 0
outer loop
vertex -1.538834 -15.624509999999999 44.99999
vertex -1.538834 -15.624509999999999 39.999966
vertex 0 -15.699994 39.999966
endloop
endfacet
facet normal -0.048993816030598374 -0.9987990818932304 0
outer loop
vertex -1.538834 -15.624509999999999 44.99999
vertex 0 -15.699994 39.999966
vertex 0 -15.699994 44.99999
endloop
endfacet
facet normal 0.048993816030598374 -0.9987990818932304 0
outer loop
vertex 0 -15.699994 44.99999
vertex 0 -15.699994 39.999966
vertex 1.538834 -15.624509999999999 39.999966
endloop
endfacet
facet normal 0.048993816030598374 -0.9987990818932304 0
outer loop
vertex 0 -15.699994 44.99999
vertex 1.538834 -15.624509999999999 39.999966
vertex 1.538834 -15.624509999999999 44.99999
endloop
endfacet
facet normal 0.14681975469119365 -0.9891632623750327 0
outer loop
vertex 1.538834 -15.624509999999999 44.99999
vertex 1.538834 -15.624509999999999 39.999966
vertex 3.0629779999999998 -15.398283999999999 39.999966
endloop
endfacet
facet normal 0.14681975469119365 -0.9891632623750327 0
outer loop
vertex 1.538834 -15.624509999999999 44.99999
vertex 3.0629779999999998 -15.398283999999999 39.999966
vertex 3.0629779999999998 -15.398283999999999 44.99999
endloop
endfacet
facet normal 0.24291526943109 -0.9700475101134072 0
outer loop
vertex 3.0629779999999998 -15.398283999999999 44.99999
vertex 3.0629779999999998 -15.398283999999999 39.999966
vertex 4.557516 -15.024028 39.999966
endloop
endfacet
facet normal 0.24291526943109 -0.9700475101134072 0
outer loop
vertex 3.0629779999999998 -15.398283999999999 44.99999
vertex 4.557516 -15.024028 39.999966
vertex 4.557516 -15.024028 44.99999
endloop
endfacet
facet normal 0.3369217207082937 -0.9415326622666697 0
outer loop
vertex 4.557516 -15.024028 44.99999
vertex 4.557516 -15.024028 39.999966
vertex 6.00821 -14.504906 39.999966
endloop
endfacet
facet normal 0.3369217207082937 -0.9415326622666697 0
outer loop
vertex 4.557516 -15.024028 44.99999
vertex 6.00821 -14.504906 39.999966
vertex 6.00821 -14.504906 44.99999
endloop
endfacet
facet normal 0.427625948175341 -0.9039557779267415 0
outer loop
vertex 6.00821 -14.504906 44.99999
vertex 6.00821 -14.504906 39.999966
vertex 7.400822 -13.846116 39.999966
endloop
endfacet
facet normal 0.427625948175341 -0.9039557779267415 0
outer loop
vertex 6.00821 -14.504906 44.99999
vertex 7.400822 -13.846116 39.999966
vertex 7.400822 -13.846116 44.99999
endloop
endfacet
facet normal 0.5140858774323728 -0.8577387193222581 0
outer loop
vertex 7.400822 -13.846116 44.99999
vertex 7.400822 -13.846116 39.999966
vertex 8.72247 -13.053986 39.999966
endloop
endfacet
facet normal 0.5140858774323728 -0.8577387193222581 0
outer loop
vertex 7.400822 -13.846116 44.99999
vertex 8.72247 -13.053986 39.999966
vertex 8.72247 -13.053986 44.99999
endloop
endfacet
facet normal 0.5956729598980942 -0.8032270692937603 0
outer loop
vertex 8.72247 -13.053986 44.99999
vertex 8.72247 -13.053986 39.999966
vertex 9.960046 -12.136199999999999 39.999966
endloop
endfacet
facet normal 0.5956729598980942 -0.8032270692937603 0
outer loop
vertex 8.72247 -13.053986 44.99999
vertex 9.960046 -12.136199999999999 39.999966
vertex 9.960046 -12.136199999999999 44.99999
endloop
endfacet
facet normal 0.6715622124605714 -0.740948172813094 0
outer loop
vertex 9.960046 -12.136199999999999 44.99999
vertex 9.960046 -12.136199999999999 39.999966
vertex 11.101571999999999 -11.101571999999999 39.999966
endloop
endfacet
facet normal 0.6715622124605714 -0.740948172813094 0
outer loop
vertex 9.960046 -12.136199999999999 44.99999
vertex 11.101571999999999 -11.101571999999999 39.999966
vertex 11.101571999999999 -11.101571999999999 44.99999
endloop
endfacet
facet normal 0.740948172813094 -0.6715622124605714 0
outer loop
vertex 11.101571999999999 -11.101571999999999 44.99999
vertex 11.101571999999999 -11.101571999999999 39.999966
vertex 12.136199999999999 -9.960046 39.999966
endloop
endfacet
facet normal 0.740948172813094 -0.6715622124605714 0
outer loop
vertex 11.101571999999999 -11.101571999999999 44.99999
vertex 12.136199999999999 -9.960046 39.999966
vertex 12.136199999999999 -9.960046 44.99999
endloop
endfacet
facet normal 0.8032234664437079 -0.5956778175378434 -0.00002544612414205871
outer loop
vertex 12.668429999999999 -9.24227 42.499978
vertex 12.81533 -9.044293999999999 44.99999
vertex 12.136199999999999 -9.960046 44.99999
endloop
endfacet
facet normal 0.8032658724489854 -0.5956206327510578 0
outer loop
vertex 12.668429999999999 -9.24227 42.499978
vertex 12.136199999999999 -9.960046 44.99999
vertex 12.136199999999999 -9.960046 39.999966
endloop
endfacet
facet normal 0.8032234664437079 -0.5956778175378434 0.00002544612414205871
outer loop
vertex 12.668429999999999 -9.24227 42.499978
vertex 12.136199999999999 -9.960046 39.999966
vertex 12.81533 -9.044293999999999 39.999966
endloop
endfacet
facet normal 0.803237320190888 -0.5956591363213354 0.000027739532325764367
outer loop
vertex 12.668429999999999 -9.24227 42.499978
vertex 12.81533 -9.044293999999999 39.999966
vertex 13.053986 -8.72247 39.999966
endloop
endfacet
facet normal 0.8031734877578247 -0.5957452043977621 0
outer loop
vertex 12.668429999999999 -9.24227 42.499978
vertex 13.053986 -8.72247 39.999966
vertex 13.053986 -8.72247 44.99999
endloop
endfacet
facet normal 0.803237320190888 -0.5956591363213354 -0.000027739532325764367
outer loop
vertex 12.668429999999999 -9.24227 42.499978
vertex 13.053986 -8.72247 44.99999
vertex 12.81533 -9.044293999999999 44.99999
endloop
endfacet
facet normal 0.8577387193222581 -0.5140858774323728 0
outer loop
vertex 13.053986 -8.72247 44.99999
vertex 13.053986 -8.72247 39.999966
vertex 13.846116 -7.400822 39.999966
endloop
endfacet
facet normal 0.8577387193222581 -0.5140858774323728 0
outer loop
vertex 13.053986 -8.72247 44.99999
vertex 13.846116 -7.400822 39.999966
vertex 13.846116 -7.400822 44.99999
endloop
endfacet
facet normal 0.9039557779267415 -0.427625948175341 0
outer loop
vertex 13.846116 -7.400822 44.99999
vertex 13.846116 -7.400822 39.999966
vertex 14.504906 -6.00821 39.999966
endloop
endfacet
facet normal 0.9039557779267415 -0.427625948175341 0
outer loop
vertex 13.846116 -7.400822 44.99999
vertex 14.504906 -6.00821 39.999966
vertex 14.504906 -6.00821 44.99999
endloop
endfacet
facet normal 0.9415326622666697 -0.3369217207082937 0
outer loop
vertex 14.504906 -6.00821 44.99999
vertex 14.504906 -6.00821 39.999966
vertex 15.024028 -4.557516 39.999966
endloop
endfacet
facet normal 0.9415326622666697 -0.3369217207082937 0
outer loop
vertex 14.504906 -6.00821 44.99999
vertex 15.024028 -4.557516 39.999966
vertex 15.024028 -4.557516 44.99999
endloop
endfacet
facet normal 0.9700475101134072 -0.24291526943109 0
outer loop
vertex 15.024028 -4.557516 44.99999
vertex 15.024028 -4.557516 39.999966
vertex 15.398283999999999 -3.0629779999999998 39.999966
endloop
endfacet
facet normal 0.9700475101134072 -0.24291526943109 0
outer loop
vertex 15.024028 -4.557516 44.99999
vertex 15.398283999999999 -3.0629779999999998 39.999966
vertex 15.398283999999999 -3.0629779999999998 44.99999
endloop
endfacet
facet normal 0.9891632623750327 -0.14681975469119365 0
outer loop
vertex 15.398283999999999 -3.0629779999999998 44.99999
vertex 15.398283999999999 -3.0629779999999998 39.999966
vertex 15.624509999999999 -1.538834 39.999966
endloop
endfacet
facet normal 0.9891632623750327 -0.14681975469119365 0
outer loop
vertex 15.398283999999999 -3.0629779999999998 44.99999
vertex 15.624509999999999 -1.538834 39.999966
vertex 15.624509999999999 -1.538834 44.99999
endloop
endfacet
facet normal 0.9987990818932304 -0.048993816030598374 0
outer loop
vertex 15.624509999999999 -1.538834 44.99999
vertex 15.624509999999999 -1.538834 39.999966
vertex 15.699994 0 39.999966
endloop
endfacet
facet normal 0.9987990818932304 -0.048993816030598374 0
outer loop
vertex 15.624509999999999 -1.538834 44.99999
vertex 15.699994 0 39.999966
vertex 15.699994 0 44.99999
endloop
endfacet
facet normal -0.9987980560193743 -0.049014725255976534 0
outer loop
vertex 11.643746 1.1467239999999999 44.99999
vertex 11.643746 1.1467239999999999 39.999966
vertex 11.70002 0 39.999966
endloop
endfacet
facet normal -0.9987980560193743 -0.049014725255976534 0
outer loop
vertex 11.643746 1.1467239999999999 44.99999
vertex 11.70002 0 39.999966
vertex 11.70002 0 44.99999
endloop
endfacet
facet normal -0.9891632708514106 -0.1468196975835965 0
outer loop
vertex 11.47515 2.2826 44.99999
vertex 11.47515 2.2826 39.999966
vertex 11.643746 1.1467239999999999 39.999966
endloop
endfacet
facet normal -0.9891632708514106 -0.1468196975835965 0
outer loop
vertex 11.47515 2.2826 44.99999
vertex 11.643746 1.1467239999999999 39.999966
vertex 11.643746 1.1467239999999999 44.99999
endloop
endfacet
facet normal -0.9700497966705793 -0.24290613820850113 0
outer loop
vertex 11.196266 3.396328 44.99999
vertex 11.196266 3.396328 39.999966
vertex 11.47515 2.2826 39.999966
endloop
endfacet
facet normal -0.9700497966705793 -0.24290613820850113 0
outer loop
vertex 11.196266 3.396328 44.99999
vertex 11.47515 2.2826 39.999966
vertex 11.47515 2.2826 44.99999
endloop
endfacet
facet normal -0.9415056448323611 -0.33699721178193714 0
outer loop
vertex 10.809353999999999 4.477285999999999 44.99999
vertex 10.809353999999999 4.477285999999999 39.999966
vertex 11.196266 3.396328 39.999966
endloop
endfacet
facet normal -0.9415056448323611 -0.33699721178193714 0
outer loop
vertex 10.809353999999999 4.477285999999999 44.99999
vertex 11.196266 3.396328 39.999966
vertex 11.196266 3.396328 44.99999
endloop
endfacet
facet normal -0.9040141840768185 -0.4275024619670907 0
outer loop
vertex 10.318482 5.5153039999999995 44.99999
vertex 10.318482 5.5153039999999995 39.999966
vertex 10.809353999999999 4.477285999999999 39.999966
endloop
endfacet
facet normal -0.9040141840768185 -0.4275024619670907 0
outer loop
vertex 10.318482 5.5153039999999995 44.99999
vertex 10.809353999999999 4.477285999999999 39.999966
vertex 10.809353999999999 4.477285999999999 44.99999
endloop
endfacet
facet normal -0.857735958969376 -0.5140904829802677 0
outer loop
vertex 9.72817 6.500211999999999 44.99999
vertex 9.72817 6.500211999999999 39.999966
vertex 10.318482 5.5153039999999995 39.999966
endloop
endfacet
facet normal -0.857735958969376 -0.5140904829802677 0
outer loop
vertex 9.72817 6.500211999999999 44.99999
vertex 10.318482 5.5153039999999995 39.999966
vertex 10.318482 5.5153039999999995 44.99999
endloop
endfacet
facet normal -0.8032013362425519 -0.595707657713227 0
outer loop
vertex 9.044293999999999 7.422292 44.99999
vertex 9.044293999999999 7.422292 39.999966
vertex 9.72817 6.500211999999999 39.999966
endloop
endfacet
facet normal -0.8032013362425519 -0.595707657713227 0
outer loop
vertex 9.044293999999999 7.422292 44.99999
vertex 9.72817 6.500211999999999 39.999966
vertex 9.72817 6.500211999999999 44.99999
endloop
endfacet
facet normal -0.7409900117461367 -0.6715160478294322 0
outer loop
vertex 8.273182 8.273182 44.99999
vertex 8.273182 8.273182 39.999966
vertex 9.044293999999999 7.422292 39.999966
endloop
endfacet
facet normal -0.7409900117461367 -0.6715160478294322 0
outer loop
vertex 8.273182 8.273182 44.99999
vertex 9.044293999999999 7.422292 39.999966
vertex 9.044293999999999 7.422292 44.99999
endloop
endfacet
facet normal -0.6715160478294322 -0.7409900117461367 0
outer loop
vertex 7.422292 9.044293999999999 44.99999
vertex 7.422292 9.044293999999999 39.999966
vertex 8.273182 8.273182 39.999966
endloop
endfacet
facet normal -0.6715160478294322 -0.7409900117461367 0
outer loop
vertex 7.422292 9.044293999999999 44.99999
vertex 8.273182 8.273182 39.999966
vertex 8.273182 8.273182 44.99999
endloop
endfacet
facet normal -0.595707657713227 -0.8032013362425519 0
outer loop
vertex 6.500211999999999 9.72817 44.99999
vertex 6.500211999999999 9.72817 39.999966
vertex 7.422292 9.044293999999999 39.999966
endloop
endfacet
facet normal -0.595707657713227 -0.8032013362425519 0
outer loop
vertex 6.500211999999999 9.72817 44.99999
vertex 7.422292 9.044293999999999 39.999966
vertex 7.422292 9.044293999999999 44.99999
endloop
endfacet
facet normal -0.5140904829802677 -0.857735958969376 0
outer loop
vertex 5.5153039999999995 10.318482 44.99999
vertex 5.5153039999999995 10.318482 39.999966
vertex 6.500211999999999 9.72817 39.999966
endloop
endfacet
facet normal -0.5140904829802677 -0.857735958969376 0
outer loop
vertex 5.5153039999999995 10.318482 44.99999
vertex 6.500211999999999 9.72817 39.999966
vertex 6.500211999999999 9.72817 44.99999
endloop
endfacet
facet normal -0.4275024619670907 -0.9040141840768185 0
outer loop
vertex 4.477285999999999 10.809353999999999 44.99999
vertex 4.477285999999999 10.809353999999999 39.999966
vertex 5.5153039999999995 10.318482 39.999966
endloop
endfacet
facet normal -0.4275024619670907 -0.9040141840768185 0
outer loop
vertex 4.477285999999999 10.809353999999999 44.99999
vertex 5.5153039999999995 10.318482 39.999966
vertex 5.5153039999999995 10.318482 44.99999
endloop
endfacet
facet normal -0.33699721178193714 -0.9415056448323611 0
outer loop
vertex 3.396328 11.196266 44.99999
vertex 3.396328 11.196266 39.999966
vertex 4.477285999999999 10.809353999999999 39.999966
endloop
endfacet
facet normal -0.33699721178193714 -0.9415056448323611 0
outer loop
vertex 3.396328 11.196266 44.99999
vertex 4.477285999999999 10.809353999999999 39.999966
vertex 4.477285999999999 10.809353999999999 44.99999
endloop
endfacet
facet normal -0.24290613820850113 -0.9700497966705793 0
outer loop
vertex 2.2826 11.47515 44.99999
vertex 2.2826 11.47515 39.999966
vertex 3.396328 11.196266 39.999966
endloop
endfacet
facet normal -0.24290613820850113 -0.9700497966705793 0
outer loop
vertex 2.2826 11.47515 44.99999
vertex 3.396328 11.196266 39.999966
vertex 3.396328 11.196266 44.99999
endloop
endfacet
facet normal -0.1468196975835965 -0.9891632708514106 0
outer loop
vertex 1.1467239999999999 11.643746 44.99999
vertex 1.1467239999999999 11.643746 39.999966
vertex 2.2826 11.47515 39.999966
endloop
endfacet
facet normal -0.1468196975835965 -0.9891632708514106 0
outer loop
vertex 1.1467239999999999 11.643746 44.99999
vertex 2.2826 11.47515 39.999966
vertex 2.2826 11.47515 44.99999
endloop
endfacet
facet normal -0.049014725255976534 -0.9987980560193743 0
outer loop
vertex 0 11.70002 44.99999
vertex 0 11.70002 39.999966
vertex 1.1467239999999999 11.643746 39.999966
endloop
endfacet
facet normal -0.049014725255976534 -0.9987980560193743 0
outer loop
vertex 0 11.70002 44.99999
vertex 1.1467239999999999 11.643746 39.999966
vertex 1.1467239999999999 11.643746 44.99999
endloop
endfacet
facet normal 0.049014725255976534 -0.9987980560193743 0
outer loop
vertex -1.1467239999999999 11.643746 44.99999
vertex -1.1467239999999999 11.643746 39.999966
vertex 0 11.70002 39.999966
endloop
endfacet
facet normal 0.049014725255976534 -0.9987980560193743 0
outer loop
vertex -1.1467239999999999 11.643746 44.99999
vertex 0 11.70002 39.999966
vertex 0 11.70002 44.99999
endloop
endfacet
facet normal 0.1468196975835965 -0.9891632708514106 0
outer loop
vertex -2.2826 11.47515 44.99999
vertex -2.2826 11.47515 39.999966
vertex -1.1467239999999999 11.643746 39.999966
endloop
endfacet
facet normal 0.1468196975835965 -0.9891632708514106 0
outer loop
vertex -2.2826 11.47515 44.99999
vertex -1.1467239999999999 11.643746 39.999966
vertex -1.1467239999999999 11.643746 44.99999
endloop
endfacet
facet normal 0.24290613820850113 -0.9700497966705793 0
outer loop
vertex -3.396328 11.196266 44.99999
vertex -3.396328 11.196266 39.999966
vertex -2.2826 11.47515 39.999966
endloop
endfacet
facet normal 0.24290613820850113 -0.9700497966705793 0
outer loop
vertex -3.396328 11.196266 44.99999
vertex -2.2826 11.47515 39.999966
vertex -2.2826 11.47515 44.99999
endloop
endfacet
facet normal 0.33699721178193714 -0.9415056448323611 0
outer loop
vertex -4.477285999999999 10.809353999999999 44.99999
vertex -4.477285999999999 10.809353999999999 39.999966
vertex -3.396328 11.196266 39.999966
endloop
endfacet
facet normal 0.33699721178193714 -0.9415056448323611 0
outer loop
vertex -4.477285999999999 10.809353999999999 44.99999
vertex -3.396328 11.196266 39.999966
vertex -3.396328 11.196266 44.99999
endloop
endfacet
facet normal 0.4275024619670907 -0.9040141840768185 0
outer loop
vertex -5.5153039999999995 10.318482 44.99999
vertex -5.5153039999999995 10.318482 39.999966
vertex -4.477285999999999 10.809353999999999 39.999966
endloop
endfacet
facet normal 0.4275024619670907 -0.9040141840768185 0
outer loop
vertex -5.5153039999999995 10.318482 44.99999
vertex -4.477285999999999 10.809353999999999 39.999966
vertex -4.477285999999999 10.809353999999999 44.99999
endloop
endfacet
facet normal 0.5140904829802677 -0.857735958969376 0
outer loop
vertex -6.500211999999999 9.72817 44.99999
vertex -6.500211999999999 9.72817 39.999966
vertex -5.5153039999999995 10.318482 39.999966
endloop
endfacet
facet normal 0.5140904829802677 -0.857735958969376 0
outer loop
vertex -6.500211999999999 9.72817 44.99999
vertex -5.5153039999999995 10.318482 39.999966
vertex -5.5153039999999995 10.318482 44.99999
endloop
endfacet
facet normal 0.595707657713227 -0.8032013362425519 0
outer loop
vertex -7.422292 9.044293999999999 44.99999
vertex -7.422292 9.044293999999999 39.999966
vertex -6.500211999999999 9.72817 39.999966
endloop
endfacet
facet normal 0.595707657713227 -0.8032013362425519 0
outer loop
vertex -7.422292 9.044293999999999 44.99999
vertex -6.500211999999999 9.72817 39.999966
vertex -6.500211999999999 9.72817 44.99999
endloop
endfacet
facet normal 0.6715160478294322 -0.7409900117461367 0
outer loop
vertex -8.273182 8.273182 44.99999
vertex -8.273182 8.273182 39.999966
vertex -7.422292 9.044293999999999 39.999966
endloop
endfacet
facet normal 0.6715160478294322 -0.7409900117461367 0
outer loop
vertex -8.273182 8.273182 44.99999
vertex -7.422292 9.044293999999999 39.999966
vertex -7.422292 9.044293999999999 44.99999
endloop
endfacet
facet normal 0.7409900117461367 -0.6715160478294322 0
outer loop
vertex -9.044293999999999 7.422292 44.99999
vertex -9.044293999999999 7.422292 39.999966
vertex -8.273182 8.273182 39.999966
endloop
endfacet
facet normal 0.7409900117461367 -0.6715160478294322 0
outer loop
vertex -9.044293999999999 7.422292 44.99999
vertex -8.273182 8.273182 39.999966
vertex -8.273182 8.273182 44.99999
endloop
endfacet
facet normal 0.8032013362425519 -0.595707657713227 0
outer loop
vertex -9.72817 6.500211999999999 44.99999
vertex -9.72817 6.500211999999999 39.999966
vertex -9.044293999999999 7.422292 39.999966
endloop
endfacet
facet normal 0.8032013362425519 -0.595707657713227 0
outer loop
vertex -9.72817 6.500211999999999 44.99999
vertex -9.044293999999999 7.422292 39.999966
vertex -9.044293999999999 7.422292 44.99999
endloop
endfacet
facet normal 0.857735958969376 -0.5140904829802677 0
outer loop
vertex -10.318482 5.5153039999999995 44.99999
vertex -10.318482 5.5153039999999995 39.999966
vertex -9.72817 6.500211999999999 39.999966
endloop
endfacet
facet normal 0.857735958969376 -0.5140904829802677 0
outer loop
vertex -10.318482 5.5153039999999995 44.99999
vertex -9.72817 6.500211999999999 39.999966
vertex -9.72817 6.500211999999999 44.99999
endloop
endfacet
facet normal 0.9040141840768185 -0.4275024619670907 0
outer loop
vertex -10.809353999999999 4.477285999999999 44.99999
vertex -10.809353999999999 4.477285999999999 39.999966
vertex -10.318482 5.5153039999999995 39.999966
endloop
endfacet
facet normal 0.9040141840768185 -0.4275024619670907 0
outer loop
vertex -10.809353999999999 4.477285999999999 44.99999
vertex -10.318482 5.5153039999999995 39.999966
vertex -10.318482 5.5153039999999995 44.99999
endloop
endfacet
facet normal 0.9415056448323611 -0.33699721178193714 0
outer loop
vertex -11.196266 3.396328 44.99999
vertex -11.196266 3.396328 39.999966
vertex -10.809353999999999 4.477285999999999 39.999966
endloop
endfacet
facet normal 0.9415056448323611 -0.33699721178193714 0
outer loop
vertex -11.196266 3.396328 44.99999
vertex -10.809353999999999 4.477285999999999 39.999966
vertex -10.809353999999999 4.477285999999999 44.99999
endloop
endfacet
facet normal 0.9700497966705793 -0.24290613820850113 0
outer loop
vertex -11.47515 2.2826 44.99999
vertex -11.47515 2.2826 39.999966
vertex -11.196266 3.396328 39.999966
endloop
endfacet
facet normal 0.9700497966705793 -0.24290613820850113 0
outer loop
vertex -11.47515 2.2826 44.99999
vertex -11.196266 3.396328 39.999966
vertex -11.196266 3.396328 44.99999
endloop
endfacet
facet normal 0.9891632708514106 -0.1468196975835965 0
outer loop
vertex -11.643746 1.1467239999999999 44.99999
vertex -11.643746 1.1467239999999999 39.999966
vertex -11.47515 2.2826 39.999966
endloop
endfacet
facet normal 0.9891632708514106 -0.1468196975835965 0
outer loop
vertex -11.643746 1.1467239999999999 44.99999
vertex -11.47515 2.2826 39.999966
vertex -11.47515 2.2826 44.99999
endloop
endfacet
facet normal 0.9987980560193743 -0.049014725255976534 0
outer loop
vertex -11.70002 0 44.99999
vertex -11.70002 0 39.999966
vertex -11.643746 1.1467239999999999 39.999966
endloop
endfacet
facet normal 0.9987980560193743 -0.049014725255976534 0
outer loop
vertex -11.70002 0 44.99999
vertex -11.643746 1.1467239999999999 39.999966
vertex -11.643746 1.1467239999999999 44.99999
endloop
endfacet
facet normal 0.9987980560193743 0.049014725255976534 0
outer loop
vertex -11.643746 -1.1467239999999999 44.99999
vertex -11.643746 -1.1467239999999999 39.999966
vertex -11.70002 0 39.999966
endloop
endfacet
facet normal 0.9987980560193743 0.049014725255976534 0
outer loop
vertex -11.643746 -1.1467239999999999 44.99999
vertex -11.70002 0 39.999966
vertex -11.70002 0 44.99999
endloop
endfacet
facet normal 0.9891632708514106 0.1468196975835965 0
outer loop
vertex -11.47515 -2.2826 44.99999
vertex -11.47515 -2.2826 39.999966
vertex -11.643746 -1.1467239999999999 39.999966
endloop
endfacet
facet normal 0.9891632708514106 0.1468196975835965 0
outer loop
vertex -11.47515 -2.2826 44.99999
vertex -11.643746 -1.1467239999999999 39.999966
vertex -11.643746 -1.1467239999999999 44.99999
endloop
endfacet
facet normal 0.9700497966705793 0.24290613820850113 0
outer loop
vertex -11.196266 -3.396328 44.99999
vertex -11.196266 -3.396328 39.999966
vertex -11.47515 -2.2826 39.999966
endloop
endfacet
facet normal 0.9700497966705793 0.24290613820850113 0
outer loop
vertex -11.196266 -3.396328 44.99999
vertex -11.47515 -2.2826 39.999966
vertex -11.47515 -2.2826 44.99999
endloop
endfacet
facet normal 0.9415056448323611 0.33699721178193714 0
outer loop
vertex -10.809353999999999 -4.477285999999999 44.99999
vertex -10.809353999999999 -4.477285999999999 39.999966
vertex -11.196266 -3.396328 39.999966
endloop
endfacet
facet normal 0.9415056448323611 0.33699721178193714 0
outer loop
vertex -10.809353999999999 -4.477285999999999 44.99999
vertex -11.196266 -3.396328 39.999966
vertex -11.196266 -3.396328 44.99999
endloop
endfacet
facet normal 0.9040141840768185 0.4275024619670907 0
outer loop
vertex -10.318482 -5.5153039999999995 44.99999
vertex -10.318482 -5.5153039999999995 39.999966
vertex -10.809353999999999 -4.477285999999999 39.999966
endloop
endfacet
facet normal 0.9040141840768185 0.4275024619670907 0
outer loop
vertex -10.318482 -5.5153039999999995 44.99999
vertex -10.809353999999999 -4.477285999999999 39.999966
vertex -10.809353999999999 -4.477285999999999 44.99999
endloop
endfacet
facet normal 0.857735958969376 0.5140904829802677 0
outer loop
vertex -9.72817 -6.500211999999999 44.99999
vertex -9.72817 -6.500211999999999 39.999966
vertex -10.318482 -5.5153039999999995 39.999966
endloop
endfacet
facet normal 0.857735958969376 0.5140904829802677 0
outer loop
vertex -9.72817 -6.500211999999999 44.99999
vertex -10.318482 -5.5153039999999995 39.999966
vertex -10.318482 -5.5153039999999995 44.99999
endloop
endfacet
facet normal 0.8032013362425519 0.595707657713227 0
outer loop
vertex -9.044293999999999 -7.422292 44.99999
vertex -9.044293999999999 -7.422292 39.999966
vertex -9.72817 -6.500211999999999 39.999966
endloop
endfacet
facet normal 0.8032013362425519 0.595707657713227 0
outer loop
vertex -9.044293999999999 -7.422292 44.99999
vertex -9.72817 -6.500211999999999 39.999966
vertex -9.72817 -6.500211999999999 44.99999
endloop
endfacet
facet normal 0.7409900117461367 0.6715160478294322 0
outer loop
vertex -8.273182 -8.273182 44.99999
vertex -8.273182 -8.273182 39.999966
vertex -9.044293999999999 -7.422292 39.999966
endloop
endfacet
facet normal 0.7409900117461367 0.6715160478294322 0
outer loop
vertex -8.273182 -8.273182 44.99999
vertex -9.044293999999999 -7.422292 39.999966
vertex -9.044293999999999 -7.422292 44.99999
endloop
endfacet
facet normal 0.6715160478294322 0.7409900117461367 0
outer loop
vertex -7.422292 -9.044293999999999 44.99999
vertex -7.422292 -9.044293999999999 39.999966
vertex -8.273182 -8.273182 39.999966
endloop
endfacet
facet normal 0.6715160478294322 0.7409900117461367 0
outer loop
vertex -7.422292 -9.044293999999999 44.99999
vertex -8.273182 -8.273182 39.999966
vertex -8.273182 -8.273182 44.99999
endloop
endfacet
facet normal 0.595707657713227 0.8032013362425519 0
outer loop
vertex -6.500211999999999 -9.72817 44.99999
vertex -6.500211999999999 -9.72817 39.999966
vertex -7.422292 -9.044293999999999 39.999966
endloop
endfacet
facet normal 0.595707657713227 0.8032013362425519 0
outer loop
vertex -6.500211999999999 -9.72817 44.99999
vertex -7.422292 -9.044293999999999 39.999966
vertex -7.422292 -9.044293999999999 44.99999
endloop
endfacet
facet normal 0.5140904829802677 0.857735958969376 0
outer loop
vertex -5.5153039999999995 -10.318482 44.99999
vertex -5.5153039999999995 -10.318482 39.999966
vertex -6.500211999999999 -9.72817 39.999966
endloop
endfacet
facet normal 0.5140904829802677 0.857735958969376 0
outer loop
vertex -5.5153039999999995 -10.318482 44.99999
vertex -6.500211999999999 -9.72817 39.999966
vertex -6.500211999999999 -9.72817 44.99999
endloop
endfacet
facet normal 0.4275024619670907 0.9040141840768185 0
outer loop
vertex -4.477285999999999 -10.809353999999999 44.99999
vertex -4.477285999999999 -10.809353999999999 39.999966
vertex -5.5153039999999995 -10.318482 39.999966
endloop
endfacet
facet normal 0.4275024619670907 0.9040141840768185 0
outer loop
vertex -4.477285999999999 -10.809353999999999 44.99999
vertex -5.5153039999999995 -10.318482 39.999966
vertex -5.5153039999999995 -10.318482 44.99999
endloop
endfacet
facet normal 0.33699721178193714 0.9415056448323611 0
outer loop
vertex -3.396328 -11.196266 44.99999
vertex -3.396328 -11.196266 39.999966
vertex -4.477285999999999 -10.809353999999999 39.999966
endloop
endfacet
facet normal 0.33699721178193714 0.9415056448323611 0
outer loop
vertex -3.396328 -11.196266 44.99999
vertex -4.477285999999999 -10.809353999999999 39.999966
vertex -4.477285999999999 -10.809353999999999 44.99999
endloop
endfacet
facet normal 0.24290613820850113 0.9700497966705793 0
outer loop
vertex -2.2826 -11.47515 44.99999
vertex -2.2826 -11.47515 39.999966
vertex -3.396328 -11.196266 39.999966
endloop
endfacet
facet normal 0.24290613820850113 0.9700497966705793 0
outer loop
vertex -2.2826 -11.47515 44.99999
vertex -3.396328 -11.196266 39.999966
vertex -3.396328 -11.196266 44.99999
endloop
endfacet
facet normal 0.1468196975835965 0.9891632708514106 0
outer loop
vertex -1.1467239999999999 -11.643746 44.99999
vertex -1.1467239999999999 -11.643746 39.999966
vertex -2.2826 -11.47515 39.999966
endloop
endfacet
facet normal 0.1468196975835965 0.9891632708514106 0
outer loop
vertex -1.1467239999999999 -11.643746 44.99999
vertex -2.2826 -11.47515 39.999966
vertex -2.2826 -11.47515 44.99999
endloop
endfacet
facet normal 0.049014725255976534 0.9987980560193743 0
outer loop
vertex 0 -11.70002 44.99999
vertex 0 -11.70002 39.999966
vertex -1.1467239999999999 -11.643746 39.999966
endloop
endfacet
facet normal 0.049014725255976534 0.9987980560193743 0
outer loop
vertex 0 -11.70002 44.99999
vertex -1.1467239999999999 -11.643746 39.999966
vertex -1.1467239999999999 -11.643746 44.99999
endloop
endfacet
facet normal -0.049014725255976534 0.9987980560193743 0
outer loop
vertex 1.1467239999999999 -11.643746 44.99999
vertex 1.1467239999999999 -11.643746 39.999966
vertex 0 -11.70002 39.999966
endloop
endfacet
facet normal -0.049014725255976534 0.9987980560193743 0
outer loop
vertex 1.1467239999999999 -11.643746 44.99999
vertex 0 -11.70002 39.999966
vertex 0 -11.70002 44.99999
endloop
endfacet
facet normal -0.1468196975835965 0.9891632708514106 0
outer loop
vertex 2.2826 -11.47515 44.99999
vertex 2.2826 -11.47515 39.999966
vertex 1.1467239999999999 -11.643746 39.999966
endloop
endfacet
facet normal -0.1468196975835965 0.9891632708514106 0
outer loop
vertex 2.2826 -11.47515 44.99999
vertex 1.1467239999999999 -11.643746 39.999966
vertex 1.1467239999999999 -11.643746 44.99999
endloop
endfacet
facet normal -0.24290613820850113 0.9700497966705793 0
outer loop
vertex 3.396328 -11.196266 44.99999
vertex 3.396328 -11.196266 39.999966
vertex 2.2826 -11.47515 39.999966
endloop
endfacet
facet normal -0.24290613820850113 0.9700497966705793 0
outer loop
vertex 3.396328 -11.196266 44.99999
vertex 2.2826 -11.47515 39.999966
vertex 2.2826 -11.47515 44.99999
endloop
endfacet
facet normal -0.33699721178193714 0.9415056448323611 0
outer loop
vertex 4.477285999999999 -10.809353999999999 44.99999
vertex 4.477285999999999 -10.809353999999999 39.999966
vertex 3.396328 -11.196266 39.999966
endloop
endfacet
facet normal -0.33699721178193714 0.9415056448323611 0
outer loop
vertex 4.477285999999999 -10.809353999999999 44.99999
vertex 3.396328 -11.196266 39.999966
vertex 3.396328 -11.196266 44.99999
endloop
endfacet
facet normal -0.4275024619670907 0.9040141840768185 0
outer loop
vertex 5.5153039999999995 -10.318482 44.99999
vertex 5.5153039999999995 -10.318482 39.999966
vertex 4.477285999999999 -10.809353999999999 39.999966
endloop
endfacet
facet normal -0.4275024619670907 0.9040141840768185 0
outer loop
vertex 5.5153039999999995 -10.318482 44.99999
vertex 4.477285999999999 -10.809353999999999 39.999966
vertex 4.477285999999999 -10.809353999999999 44.99999
endloop
endfacet
facet normal -0.5140904829802677 0.857735958969376 0
outer loop
vertex 6.500211999999999 -9.72817 44.99999
vertex 6.500211999999999 -9.72817 39.999966
vertex 5.5153039999999995 -10.318482 39.999966
endloop
endfacet
facet normal -0.5140904829802677 0.857735958969376 0
outer loop
vertex 6.500211999999999 -9.72817 44.99999
vertex 5.5153039999999995 -10.318482 39.999966
vertex 5.5153039999999995 -10.318482 44.99999
endloop
endfacet
facet normal -0.595707657713227 0.8032013362425519 0
outer loop
vertex 7.422292 -9.044293999999999 44.99999
vertex 7.422292 -9.044293999999999 39.999966
vertex 6.500211999999999 -9.72817 39.999966
endloop
endfacet
facet normal -0.595707657713227 0.8032013362425519 0
outer loop
vertex 7.422292 -9.044293999999999 44.99999
vertex 6.500211999999999 -9.72817 39.999966
vertex 6.500211999999999 -9.72817 44.99999
endloop
endfacet
facet normal -0.6715160478294322 0.7409900117461367 0
outer loop
vertex 8.273182 -8.273182 44.99999
vertex 8.273182 -8.273182 39.999966
vertex 7.422292 -9.044293999999999 39.999966
endloop
endfacet
facet normal -0.6715160478294322 0.7409900117461367 0
outer loop
vertex 8.273182 -8.273182 44.99999
vertex 7.422292 -9.044293999999999 39.999966
vertex 7.422292 -9.044293999999999 44.99999
endloop
endfacet
facet normal -0.7409900117461367 0.6715160478294322 0
outer loop
vertex 9.044293999999999 -7.422292 44.99999
vertex 9.044293999999999 -7.422292 39.999966
vertex 8.273182 -8.273182 39.999966
endloop
endfacet
facet normal -0.7409900117461367 0.6715160478294322 0
outer loop
vertex 9.044293999999999 -7.422292 44.99999
vertex 8.273182 -8.273182 39.999966
vertex 8.273182 -8.273182 44.99999
endloop
endfacet
facet normal -0.8032013362425519 0.595707657713227 0
outer loop
vertex 9.72817 -6.500211999999999 44.99999
vertex 9.72817 -6.500211999999999 39.999966
vertex 9.044293999999999 -7.422292 39.999966
endloop
endfacet
facet normal -0.8032013362425519 0.595707657713227 0
outer loop
vertex 9.72817 -6.500211999999999 44.99999
vertex 9.044293999999999 -7.422292 39.999966
vertex 9.044293999999999 -7.422292 44.99999
endloop
endfacet
facet normal -0.857735958969376 0.5140904829802677 0
outer loop
vertex 10.318482 -5.5153039999999995 44.99999
vertex 10.318482 -5.5153039999999995 39.999966
vertex 9.72817 -6.500211999999999 39.999966
endloop
endfacet
facet normal -0.857735958969376 0.5140904829802677 0
outer loop
vertex 10.318482 -5.5153039999999995 44.99999
vertex 9.72817 -6.500211999999999 39.999966
vertex 9.72817 -6.500211999999999 44.99999
endloop
endfacet
facet normal -0.9040141840768185 0.4275024619670907 0
outer loop
vertex 10.809353999999999 -4.477285999999999 44.99999
vertex 10.809353999999999 -4.477285999999999 39.999966
vertex 10.318482 -5.5153039999999995 39.999966
endloop
endfacet
facet normal -0.9040141840768185 0.4275024619670907 0
outer loop
vertex 10.809353999999999 -4.477285999999999 44.99999
vertex 10.318482 -5.5153039999999995 39.999966
vertex 10.318482 -5.5153039999999995 44.99999
endloop
endfacet
facet normal -0.9415056448323611 0.33699721178193714 0
outer loop
vertex 11.196266 -3.396328 44.99999
vertex 11.196266 -3.396328 39.999966
vertex 10.809353999999999 -4.477285999999999 39.999966
endloop
endfacet
facet normal -0.9415056448323611 0.33699721178193714 0
outer loop
vertex 11.196266 -3.396328 44.99999
vertex 10.809353999999999 -4.477285999999999 39.999966
vertex 10.809353999999999 -4.477285999999999 44.99999
endloop
endfacet
facet normal -0.9700497966705793 0.24290613820850113 0
outer loop
vertex 11.47515 -2.2826 44.99999
vertex 11.47515 -2.2826 39.999966
vertex 11.196266 -3.396328 39.999966
endloop
endfacet
facet normal -0.9700497966705793 0.24290613820850113 0
outer loop
vertex 11.47515 -2.2826 44.99999
vertex 11.196266 -3.396328 39.999966
vertex 11.196266 -3.396328 44.99999
endloop
endfacet
facet normal -0.9891632708514106 0.1468196975835965 0
outer loop
vertex 11.643746 -1.1467239999999999 44.99999
vertex 11.643746 -1.1467239999999999 39.999966
vertex 11.47515 -2.2826 39.999966
endloop
endfacet
facet normal -0.9891632708514106 0.1468196975835965 0
outer loop
vertex 11.643746 -1.1467239999999999 44.99999
vertex 11.47515 -2.2826 39.999966
vertex 11.47515 -2.2826 44.99999
endloop
endfacet
facet normal -0.9987980560193743 0.049014725255976534 0
outer loop
vertex 11.70002 0 44.99999
vertex 11.70002 0 39.999966
vertex 11.643746 -1.1467239999999999 39.999966
endloop
endfacet
facet normal -0.9987980560193743 0.049014725255976534 0
outer loop
vertex 11.70002 0 44.99999
vertex 11.643746 -1.1467239999999999 39.999966
vertex 11.643746 -1.1467239999999999 44.99999
endloop
endfacet
facet normal 0 0 1
outer loop
vertex 0 13.887474 44.99999
vertex 0 15.699994 44.99999
vertex -1.538834 15.624509999999999 44.99999
endloop
endfacet
facet normal 0 0 1
outer loop
vertex 0 13.887474 44.99999
vertex -1.538834 15.624509999999999 44.99999
vertex -3.0629779999999998 15.398283999999999 44.99999
endloop
endfacet
facet normal 0 0 1
outer loop
vertex 0 13.887474 44.99999
vertex -3.0629779999999998 15.398283999999999 44.99999
vertex -4.557516 15.024028 44.99999
endloop
endfacet
facet normal 0 0 1
outer loop
vertex 0 13.887474 44.99999
vertex -4.557516 15.024028 44.99999
vertex -6.00821 14.504906 44.99999
endloop
endfacet
facet normal 0 0 1
outer loop
vertex 0 13.887474 44.99999
vertex -6.00821 14.504906 44.99999
vertex -7.400822 13.846116 44.99999
endloop
endfacet
facet normal 0 0 1
outer loop
vertex 0 13.887474 44.99999
vertex -7.400822 13.846116 44.99999
vertex -8.72247 13.053986 44.99999
endloop
endfacet
facet normal 0 0 1
outer loop
vertex 0 13.887474 44.99999
vertex -8.72247 13.053986 44.99999
vertex -9.960046 12.136199999999999 44.99999
endloop
endfacet
facet normal 0 0 0.9999999999999999
outer loop
vertex 0 13.887474 44.99999
vertex -9.960046 12.136199999999999 44.99999
vertex -10.441426 11.70002 44.99999
endloop
endfacet
facet normal 0 0 1
outer loop
vertex 0 13.887474 44.99999
vertex -10.441426 11.70002 44.99999
vertex 0 11.70002 44.99999
endloop
endfacet
facet normal 0 0 1
outer loop
vertex 0 13.887474 44.99999
vertex 0 11.70002 44.99999
vertex 10.441426 11.70002 44.99999
endloop
endfacet
facet normal 0 0 0.9999999999999999
outer loop
vertex 0 13.887474 44.99999
vertex 10.441426 11.70002 44.99999
vertex 9.960046 12.136199999999999 44.99999
endloop
endfacet
facet normal 0 0 1
outer loop
vertex 0 13.887474 44.99999
vertex 9.960046 12.136199999999999 44.99999
vertex 8.72247 13.053986 44.99999
endloop
endfacet
facet normal 0 0 1
outer loop
vertex 0 13.887474 44.99999
vertex 8.72247 13.053986 44.99999
vertex 7.400822 13.846116 44.99999
endloop
endfacet
facet normal 0 0 1
outer loop
vertex 0 13.887474 44.99999
vertex 7.400822 13.846116 44.99999
vertex 6.00821 14.504906 44.99999
endloop
endfacet
facet normal 0 0 1
outer loop
vertex 0 13.887474 44.99999
vertex 6.00821 14.504906 44.99999
vertex 4.557516 15.024028 44.99999
endloop
endfacet
facet normal 0 0 1
outer loop
vertex 0 13.887474 44.99999
vertex 4.557516 15.024028 44.99999
vertex 3.0629779999999998 15.398283999999999 44.99999
endloop
endfacet
facet normal 0 0 1
outer loop
vertex 0 13.887474 44.99999
vertex 3.0629779999999998 15.398283999999999 44.99999
vertex 1.538834 15.624509999999999 44.99999
endloop
endfacet
facet normal 0 0 1
outer loop
vertex 0 13.887474 44.99999
vertex 1.538834 15.624509999999999 44.99999
vertex 0 15.699994 44.99999
endloop
endfacet
facet normal 0 0 1
outer loop
vertex -10.441426 11.70002 44.99999
vertex -10.503575999999999 11.643746 44.99999
vertex -1.1467239999999999 11.643746 44.99999
endloop
endfacet
facet normal 0 0 1
outer loop
vertex -10.441426 11.70002 44.99999
vertex -1.1467239999999999 11.643746 44.99999
vertex 0 11.70002 44.99999
endloop
endfacet
facet normal 0 0 1
outer loop
vertex 0 11.70002 44.99999
vertex 1.1467239999999999 11.643746 44.99999
vertex 10.503575999999999 11.643746 44.99999
endloop
endfacet
facet normal 0 0 1
outer loop
vertex 0 11.70002 44.99999
vertex 10.503575999999999 11.643746 44.99999
vertex 10.441426 11.70002 44.99999
endloop
endfacet
facet normal 0 0 1
outer loop
vertex -10.503575999999999 11.643746 44.99999
vertex -10.689347999999999 11.47515 44.99999
vertex -2.2826 11.47515 44.99999
endloop
endfacet
facet normal 0 0 1
outer loop
vertex -10.503575999999999 11.643746 44.99999
vertex -2.2826 11.47515 44.99999
vertex -1.1467239999999999 11.643746 44.99999
endloop
endfacet
facet normal 0 0 1
outer loop
vertex 1.1467239999999999 11.643746 44.99999
vertex 2.2826 11.47515 44.99999
vertex 10.689347999999999 11.47515 44.99999
endloop
endfacet
facet normal 0 0 1
outer loop
vertex 1.1467239999999999 11.643746 44.99999
vertex 10.689347999999999 11.47515 44.99999
vertex 10.503575999999999 11.643746 44.99999
endloop
endfacet
facet normal 0 0 1
outer loop
vertex -10.689347999999999 11.47515 44.99999
vertex -10.99716 11.196266 44.99999
vertex -3.396328 11.196266 44.99999
endloop
endfacet
facet normal 0 0 1
outer loop
vertex -10.689347999999999 11.47515 44.99999
vertex -3.396328 11.196266 44.99999
vertex -2.2826 11.47515 44.99999
endloop
endfacet
facet normal 0 0 1
outer loop
vertex 2.2826 11.47515 44.99999
vertex 3.396328 11.196266 44.99999
vertex 10.99716 11.196266 44.99999
endloop
endfacet
facet normal 0 0 1
outer loop
vertex 2.2826 11.47515 44.99999
vertex 10.99716 11.196266 44.99999
vertex 10.689347999999999 11.47515 44.99999
endloop
endfacet
facet normal 0 0 1
outer loop
vertex -8.267757999999999 11.022471999999999 44.99999
vertex -10.99716 11.196266 44.99999
vertex -11.101571999999999 11.101571999999999 44.99999
endloop
endfacet
facet normal 0 0 1
outer loop
vertex -8.267757999999999 11.022471999999999 44.99999
vertex -11.101571999999999 11.101571999999999 44.99999
vertex -11.366444 10.809353999999999 44.99999
endloop
endfacet
facet normal 0 0 1
outer loop
vertex -8.267757999999999 11.022471999999999 44.99999
vertex -11.366444 10.809353999999999 44.99999
vertex -4.477285999999999 10.809353999999999 44.99999
endloop
endfacet
facet normal 0 0 1
outer loop
vertex -8.267757999999999 11.022471999999999 44.99999
vertex -4.477285999999999 10.809353999999999 44.99999
vertex -3.396328 11.196266 44.99999
endloop
endfacet
facet normal 0 0 1
outer loop
vertex -8.267757999999999 11.022471999999999 44.99999
vertex -3.396328 11.196266 44.99999
vertex -10.99716 11.196266 44.99999
endloop
endfacet
facet normal 0 0 1
outer loop
vertex 8.267757999999999 11.022471999999999 44.99999
vertex 3.396328 11.196266 44.99999
vertex 4.477285999999999 10.809353999999999 44.99999
endloop
endfacet
facet normal 0 0 1
outer loop
vertex 8.267757999999999 11.022471999999999 44.99999
vertex 4.477285999999999 10.809353999999999 44.99999
vertex 11.366444 10.809353999999999 44.99999
endloop
endfacet
facet normal 0 0 1
outer loop
vertex 8.267757999999999 11.022471999999999 44.99999
vertex 11.366444 10.809353999999999 44.99999
vertex 11.101571999999999 11.101571999999999 44.99999
endloop
endfacet
facet normal 0 0 1
outer loop
vertex 8.267757999999999 11.022471999999999 44.99999
vertex 11.101571999999999 11.101571999999999 44.99999
vertex 10.99716 11.196266 44.99999
endloop
endfacet
facet normal 0 0 1
outer loop
vertex 8.267757999999999 11.022471999999999 44.99999
vertex 10.99716 11.196266 44.99999
vertex 3.396328 11.196266 44.99999
endloop
endfacet
facet normal 0 0 1
outer loop
vertex -11.366444 10.809353999999999 44.99999
vertex -11.811437999999999 10.318482 44.99999
vertex -5.5153039999999995 10.318482 44.99999
endloop
endfacet
facet normal 0 0 1
outer loop
vertex -11.366444 10.809353999999999 44.99999
vertex -5.5153039999999995 10.318482 44.99999
vertex -4.477285999999999 10.809353999999999 44.99999
endloop
endfacet
facet normal 0 0 1
outer loop
vertex 4.477285999999999 10.809353999999999 44.99999
vertex 5.5153039999999995 10.318482 44.99999
vertex 11.811437999999999 10.318482 44.99999
endloop
endfacet
facet normal 0 0 1
outer loop
vertex 4.477285999999999 10.809353999999999 44.99999
vertex 11.811437999999999 10.318482 44.99999
vertex 11.366444 10.809353999999999 44.99999
endloop
endfacet
facet normal 0 0 0.9999999999999999
outer loop
vertex -9.654268 10.01067 44.99999
vertex -11.811437999999999 10.318482 44.99999
vertex -12.136199999999999 9.960046 44.99999
endloop
endfacet
facet normal 0 0 1
outer loop
vertex -9.654268 10.01067 44.99999
vertex -12.136199999999999 9.960046 44.99999
vertex -12.308186 9.72817 44.99999
endloop
endfacet
facet normal 0 0 0.9999999999999999
outer loop
vertex -9.654268 10.01067 44.99999
vertex -12.308186 9.72817 44.99999
vertex -6.500211999999999 9.72817 44.99999
endloop
endfacet
facet normal 0 0 1
outer loop
vertex -9.654268 10.01067 44.99999
vertex -6.500211999999999 9.72817 44.99999
vertex -5.5153039999999995 10.318482 44.99999
endloop
endfacet
facet normal 0 0 0.9999999999999999
outer loop
vertex -9.654268 10.01067 44.99999
vertex -5.5153039999999995 10.318482 44.99999
vertex -11.811437999999999 10.318482 44.99999
endloop
endfacet
facet normal 0 0 1
outer loop
vertex 9.654268 10.01067 44.99999
vertex 5.5153039999999995 10.318482 44.99999
vertex 6.500211999999999 9.72817 44.99999
endloop
endfacet
facet normal 0 0 0.9999999999999999
outer loop
vertex 9.654268 10.01067 44.99999
vertex 6.500211999999999 9.72817 44.99999
vertex 12.308186 9.72817 44.99999
endloop
endfacet
facet normal 0 0 1
outer loop
vertex 9.654268 10.01067 44.99999
vertex 12.308186 9.72817 44.99999
vertex 12.136199999999999 9.960046 44.99999
endloop
endfacet
facet normal 0 0 0.9999999999999999
outer loop
vertex 9.654268 10.01067 44.99999
vertex 12.136199999999999 9.960046 44.99999
vertex 11.811437999999999 10.318482 44.99999
endloop
endfacet
facet normal 0 0 0.9999999999999999
outer loop
vertex 9.654268 10.01067 44.99999
vertex 11.811437999999999 10.318482 44.99999
vertex 5.5153039999999995 10.318482 44.99999
endloop
endfacet
facet normal 0 0 0.9999999999999999
outer loop
vertex -12.308186 9.72817 44.99999
vertex -12.81533 9.044293999999999 44.99999
vertex -7.422292 9.044293999999999 44.99999
endloop
endfacet
facet normal 0 0 1
outer loop
vertex -12.308186 9.72817 44.99999
vertex -7.422292 9.044293999999999 44.99999
vertex -6.500211999999999 9.72817 44.99999
endloop
endfacet
facet normal 0 0 0.9999999999999999
outer loop
vertex 6.500211999999999 9.72817 44.99999
vertex 7.422292 9.044293999999999 44.99999
vertex 12.81533 9.044293999999999 44.99999
endloop
endfacet
facet normal 0 0 1
outer loop
vertex 6.500211999999999 9.72817 44.99999
vertex 12.81533 9.044293999999999 44.99999
vertex 12.308186 9.72817 44.99999
endloop
endfacet
facet normal 0 0 1
outer loop
vertex -10.977724 8.671394 44.99999
vertex -12.81533 9.044293999999999 44.99999
vertex -13.053986 8.72247 44.99999
endloop
endfacet
facet normal 0 0 0.9999999999999999
outer loop
vertex -10.977724 8.671394 44.99999
vertex -13.053986 8.72247 44.99999
vertex -13.323378 8.273182 44.99999
endloop
endfacet
facet normal 0 0 1
outer loop
vertex -10.977724 8.671394 44.99999
vertex -13.323378 8.273182 44.99999
vertex -8.273182 8.273182 44.99999
endloop
endfacet
facet normal 0 0 1
outer loop
vertex -10.977724 8.671394 44.99999
vertex -8.273182 8.273182 44.99999
vertex -7.422292 9.044293999999999 44.99999
endloop
endfacet
facet normal 0 0 1
outer loop
vertex -10.977724 8.671394 44.99999
vertex -7.422292 9.044293999999999 44.99999
vertex -12.81533 9.044293999999999 44.99999
endloop
endfacet
facet normal 0 0 1
outer loop
vertex 10.977724 8.671394 44.99999
vertex 7.422292 9.044293999999999 44.99999
vertex 8.273182 8.273182 44.99999
endloop
endfacet
facet normal 0 0 1
outer loop
vertex 10.977724 8.671394 44.99999
vertex 8.273182 8.273182 44.99999
vertex 13.323378 8.273182 44.99999
endloop
endfacet
facet normal 0 0 0.9999999999999999
outer loop
vertex 10.977724 8.671394 44.99999
vertex 13.323378 8.273182 44.99999
vertex 13.053986 8.72247 44.99999
endloop
endfacet
facet normal 0 0 1
outer loop
vertex 10.977724 8.671394 44.99999
vertex 13.053986 8.72247 44.99999
vertex 12.81533 9.044293999999999 44.99999
endloop
endfacet
facet normal 0 0 1
outer loop
vertex 10.977724 8.671394 44.99999
vertex 12.81533 9.044293999999999 44.99999
vertex 7.422292 9.044293999999999 44.99999
endloop
endfacet
facet normal 0 0 1
outer loop
vertex -13.323378 8.273182 44.99999
vertex -13.833234 7.422292 44.99999
vertex -9.044293999999999 7.422292 44.99999
endloop
endfacet
facet normal 0 0 1
outer loop
vertex -13.323378 8.273182 44.99999
vertex -9.044293999999999 7.422292 44.99999
vertex -8.273182 8.273182 44.99999
endloop
endfacet
facet normal 0 0 1
outer loop
vertex 8.273182 8.273182 44.99999
vertex 9.044293999999999 7.422292 44.99999
vertex 13.833234 7.422292 44.99999
endloop
endfacet
facet normal 0 0 1
outer loop
vertex 8.273182 8.273182 44.99999
vertex 13.833234 7.422292 44.99999
vertex 13.323378 8.273182 44.99999
endloop
endfacet
facet normal 0 0 1
outer loop
vertex -12.144788 7.049166 44.99999
vertex -13.833234 7.422292 44.99999
vertex -13.846116 7.400822 44.99999
endloop
endfacet
facet normal 0 0 1
outer loop
vertex -12.144788 7.049166 44.99999
vertex -13.846116 7.400822 44.99999
vertex -14.272126 6.500211999999999 44.99999
endloop
endfacet
facet normal 0 0 1
outer loop
vertex -12.144788 7.049166 44.99999
vertex -14.272126 6.500211999999999 44.99999
vertex -9.72817 6.500211999999999 44.99999
endloop
endfacet
facet normal 0 0 1
outer loop
vertex -12.144788 7.049166 44.99999
vertex -9.72817 6.500211999999999 44.99999
vertex -9.044293999999999 7.422292 44.99999
endloop
endfacet
facet normal 0 0 1
outer loop
vertex -12.144788 7.049166 44.99999
vertex -9.044293999999999 7.422292 44.99999
vertex -13.833234 7.422292 44.99999
endloop
endfacet
facet normal 0 0 1
outer loop
vertex 12.144788 7.049166 44.99999
vertex 9.044293999999999 7.422292 44.99999
vertex 9.72817 6.500211999999999 44.99999
endloop
endfacet
facet normal 0 0 1
outer loop
vertex 12.144788 7.049166 44.99999
vertex 9.72817 6.500211999999999 44.99999
vertex 14.272126 6.500211999999999 44.99999
endloop
endfacet
facet normal 0 0 1
outer loop
vertex 12.144788 7.049166 44.99999
vertex 14.272126 6.500211999999999 44.99999
vertex 13.846116 7.400822 44.99999
endloop
endfacet
facet normal 0 0 1
outer loop
vertex 12.144788 7.049166 44.99999
vertex 13.846116 7.400822 44.99999
vertex 13.833234 7.422292 44.99999
endloop
endfacet
facet normal 0 0 1
outer loop
vertex 12.144788 7.049166 44.99999
vertex 13.833234 7.422292 44.99999
vertex 9.044293999999999 7.422292 44.99999
endloop
endfacet
facet normal 0 0 1
outer loop
vertex -12.700973999999999 6.007758 44.99999
vertex -14.272126 6.500211999999999 44.99999
vertex -14.504906 6.00821 44.99999
endloop
endfacet
facet normal 0 0 1
outer loop
vertex -12.700973999999999 6.007758 44.99999
vertex -14.504906 6.00821 44.99999
vertex -14.681186 5.5153039999999995 44.99999
endloop
endfacet
facet normal 0 0 1
outer loop
vertex -12.700973999999999 6.007758 44.99999
vertex -14.681186 5.5153039999999995 44.99999
vertex -10.318482 5.5153039999999995 44.99999
endloop
endfacet
facet normal 0 0 1
outer loop
vertex -12.700973999999999 6.007758 44.99999
vertex -10.318482 5.5153039999999995 44.99999
vertex -9.72817 6.500211999999999 44.99999
endloop
endfacet
facet normal 0 0 1
outer loop
vertex -12.700973999999999 6.007758 44.99999
vertex -9.72817 6.500211999999999 44.99999
vertex -14.272126 6.500211999999999 44.99999
endloop
endfacet
facet normal 0 0 1
outer loop
vertex 12.700973999999999 6.007758 44.99999
vertex 9.72817 6.500211999999999 44.99999
vertex 10.318482 5.5153039999999995 44.99999
endloop
endfacet
facet normal 0 0 1
outer loop
vertex 12.700973999999999 6.007758 44.99999
vertex 10.318482 5.5153039999999995 44.99999
vertex 14.681186 5.5153039999999995 44.99999
endloop
endfacet
facet normal 0 0 1
outer loop
vertex 12.700973999999999 6.007758 44.99999
vertex 14.681186 5.5153039999999995 44.99999
vertex 14.504906 6.00821 44.99999
endloop
endfacet
facet normal 0 0 1
outer loop
vertex 12.700973999999999 6.007758 44.99999
vertex 14.504906 6.00821 44.99999
vertex 14.272126 6.500211999999999 44.99999
endloop
endfacet
facet normal 0 0 1
outer loop
vertex 12.700973999999999 6.007758 44.99999
vertex 14.272126 6.500211999999999 44.99999
vertex 9.72817 6.500211999999999 44.99999
endloop
endfacet
facet normal 0 0 1
outer loop
vertex -13.175348 4.908494 44.99999
vertex -14.681186 5.5153039999999995 44.99999
vertex -15.024028 4.557516 44.99999
endloop
endfacet
facet normal 0 0 1
outer loop
vertex -13.175348 4.908494 44.99999
vertex -15.024028 4.557516 44.99999
vertex -15.043916 4.477285999999999 44.99999
endloop
endfacet
facet normal 0 0 0.9999999999999999
outer loop
vertex -13.175348 4.908494 44.99999
vertex -15.043916 4.477285999999999 44.99999
vertex -10.809353999999999 4.477285999999999 44.99999
endloop
endfacet
facet normal 0 0 1
outer loop
vertex -13.175348 4.908494 44.99999
vertex -10.809353999999999 4.477285999999999 44.99999
vertex -10.318482 5.5153039999999995 44.99999
endloop
endfacet
facet normal 0 0 1
outer loop
vertex -13.175348 4.908494 44.99999
vertex -10.318482 5.5153039999999995 44.99999
vertex -14.681186 5.5153039999999995 44.99999
endloop
endfacet
facet normal 0 0 1
outer loop
vertex 13.175348 4.908494 44.99999
vertex 10.318482 5.5153039999999995 44.99999
vertex 10.809353999999999 4.477285999999999 44.99999
endloop
endfacet
facet normal 0 0 0.9999999999999999
outer loop
vertex 13.175348 4.908494 44.99999
vertex 10.809353999999999 4.477285999999999 44.99999
vertex 15.043916 4.477285999999999 44.99999
endloop
endfacet
facet normal 0 0 1
outer loop
vertex 13.175348 4.908494 44.99999
vertex 15.043916 4.477285999999999 44.99999
vertex 15.024028 4.557516 44.99999
endloop
endfacet
facet normal 0 0 1
outer loop
vertex 13.175348 4.908494 44.99999
vertex 15.024028 4.557516 44.99999
vertex 14.681186 5.5153039999999995 44.99999
endloop
endfacet
facet normal 0 0 1
outer loop
vertex 13.175348 4.908494 44.99999
vertex 14.681186 5.5153039999999995 44.99999
vertex 10.318482 5.5153039999999995 44.99999
endloop
endfacet
facet normal 0 0 0.9999999999999999
outer loop
vertex -15.043916 4.477285999999999 44.99999
vertex -15.31489 3.396328 44.99999
vertex -11.196266 3.396328 44.99999
endloop
endfacet
facet normal 0 0 1
outer loop
vertex -15.043916 4.477285999999999 44.99999
vertex -11.196266 3.396328 44.99999
vertex -10.809353999999999 4.477285999999999 44.99999
endloop
endfacet
facet normal 0 0 1
outer loop
vertex 10.809353999999999 4.477285999999999 44.99999
vertex 11.196266 3.396328 44.99999
vertex 15.31489 3.396328 44.99999
endloop
endfacet
facet normal 0 0 1
outer loop
vertex 10.809353999999999 4.477285999999999 44.99999
vertex 15.31489 3.396328 44.99999
vertex 15.043916 4.477285999999999 44.99999
endloop
endfacet
facet normal 0 0 1
outer loop
vertex -13.779672 2.8842119999999998 44.99999
vertex -15.31489 3.396328 44.99999
vertex -15.398283999999999 3.0629779999999998 44.99999
endloop
endfacet
facet normal 0 0 1
outer loop
vertex -13.779672 2.8842119999999998 44.99999
vertex -15.398283999999999 3.0629779999999998 44.99999
vertex -15.513995999999999 2.2826 44.99999
endloop
endfacet
facet normal 0 0 0.9999999999999999
outer loop
vertex -13.779672 2.8842119999999998 44.99999
vertex -15.513995999999999 2.2826 44.99999
vertex -11.47515 2.2826 44.99999
endloop
endfacet
facet normal 0 0 1
outer loop
vertex -13.779672 2.8842119999999998 44.99999
vertex -11.47515 2.2826 44.99999
vertex -11.196266 3.396328 44.99999
endloop
endfacet
facet normal 0 0 1
outer loop
vertex -13.779672 2.8842119999999998 44.99999
vertex -11.196266 3.396328 44.99999
vertex -15.31489 3.396328 44.99999
endloop
endfacet
facet normal 0 0 1
outer loop
vertex 13.779672 2.8842119999999998 44.99999
vertex 11.196266 3.396328 44.99999
vertex 11.47515 2.2826 44.99999
endloop
endfacet
facet normal 0 0 0.9999999999999999
outer loop
vertex 13.779672 2.8842119999999998 44.99999
vertex 11.47515 2.2826 44.99999
vertex 15.513995999999999 2.2826 44.99999
endloop
endfacet
facet normal 0 0 1
outer loop
vertex 13.779672 2.8842119999999998 44.99999
vertex 15.513995999999999 2.2826 44.99999
vertex 15.398283999999999 3.0629779999999998 44.99999
endloop
endfacet
facet normal 0 0 1
outer loop
vertex 13.779672 2.8842119999999998 44.99999
vertex 15.398283999999999 3.0629779999999998 44.99999
vertex 15.31489 3.396328 44.99999
endloop
endfacet
facet normal 0 0 1
outer loop
vertex 13.779672 2.8842119999999998 44.99999
vertex 15.31489 3.396328 44.99999
vertex 11.196266 3.396328 44.99999
endloop
endfacet
facet normal 0 0 1
outer loop
vertex -13.980134 1.679406 44.99999
vertex -15.513995999999999 2.2826 44.99999
vertex -15.624509999999999 1.538834 44.99999
endloop
endfacet
facet normal 0 0 1
outer loop
vertex -13.980134 1.679406 44.99999
vertex -15.624509999999999 1.538834 44.99999
vertex -15.64372 1.1467239999999999 44.99999
endloop
endfacet
facet normal 0 0 1
outer loop
vertex -13.980134 1.679406 44.99999
vertex -15.64372 1.1467239999999999 44.99999
vertex -11.643746 1.1467239999999999 44.99999
endloop
endfacet
facet normal 0 0 1
outer loop
vertex -13.980134 1.679406 44.99999
vertex -11.643746 1.1467239999999999 44.99999
vertex -11.47515 2.2826 44.99999
endloop
endfacet
facet normal 0 0 1
outer loop
vertex -13.980134 1.679406 44.99999
vertex -11.47515 2.2826 44.99999
vertex -15.513995999999999 2.2826 44.99999
endloop
endfacet
facet normal 0 0 1
outer loop
vertex 13.980134 1.679406 44.99999
vertex 11.47515 2.2826 44.99999
vertex 11.643746 1.1467239999999999 44.99999
endloop
endfacet
facet normal 0 0 1
outer loop
vertex 13.980134 1.679406 44.99999
vertex 11.643746 1.1467239999999999 44.99999
vertex 15.64372 1.1467239999999999 44.99999
endloop
endfacet
facet normal 0 0 1
outer loop
vertex 13.980134 1.679406 44.99999
vertex 15.64372 1.1467239999999999 44.99999
vertex 15.624509999999999 1.538834 44.99999
endloop
endfacet
facet normal 0 0 1
outer loop
vertex 13.980134 1.679406 44.99999
vertex 15.624509999999999 1.538834 44.99999
vertex 15.513995999999999 2.2826 44.99999
endloop
endfacet
facet normal 0 0 1
outer loop
vertex 13.980134 1.679406 44.99999
vertex 15.513995999999999 2.2826 44.99999
vertex 11.47515 2.2826 44.99999
endloop
endfacet
facet normal 0 0 1
outer loop
vertex -15.64372 1.1467239999999999 44.99999
vertex -15.699994 0 44.99999
vertex -11.70002 0 44.99999
endloop
endfacet
facet normal 0 0 1
outer loop
vertex -15.64372 1.1467239999999999 44.99999
vertex -11.70002 0 44.99999
vertex -11.643746 1.1467239999999999 44.99999
endloop
endfacet
facet normal 0 0 1
outer loop
vertex 11.643746 1.1467239999999999 44.99999
vertex 11.70002 0 44.99999
vertex 15.699994 0 44.99999
endloop
endfacet
facet normal 0 0 1
outer loop
vertex 11.643746 1.1467239999999999 44.99999
vertex 15.699994 0 44.99999
vertex 15.64372 1.1467239999999999 44.99999
endloop
endfacet
facet normal 0 0 1
outer loop
vertex -15.699994 0 44.99999
vertex -15.64372 -1.1467239999999999 44.99999
vertex -11.643746 -1.1467239999999999 44.99999
endloop
endfacet
facet normal 0 0 1
outer loop
vertex -15.699994 0 44.99999
vertex -11.643746 -1.1467239999999999 44.99999
vertex -11.70002 0 44.99999
endloop
endfacet
facet normal 0 0 1
outer loop
vertex 11.70002 0 44.99999
vertex 11.643746 -1.1467239999999999 44.99999
vertex 15.64372 -1.1467239999999999 44.99999
endloop
endfacet
facet normal 0 0 1
outer loop
vertex 11.70002 0 44.99999
vertex 15.64372 -1.1467239999999999 44.99999
vertex 15.699994 0 44.99999
endloop
endfacet
facet normal 0 0 1
outer loop
vertex -13.980134 -1.679406 44.99999
vertex -15.64372 -1.1467239999999999 44.99999
vertex -15.624509999999999 -1.538834 44.99999
endloop
endfacet
facet normal 0 0 1
outer loop
vertex -13.980134 -1.679406 44.99999
vertex -15.624509999999999 -1.538834 44.99999
vertex -15.513995999999999 -2.2826 44.99999
endloop
endfacet
facet normal 0 0 1
outer loop
vertex -13.980134 -1.679406 44.99999
vertex -15.513995999999999 -2.2826 44.99999
vertex -11.47515 -2.2826 44.99999
endloop
endfacet
facet normal 0 0 1
outer loop
vertex -13.980134 -1.679406 44.99999
vertex -11.47515 -2.2826 44.99999
vertex -11.643746 -1.1467239999999999 44.99999
endloop
endfacet
facet normal 0 0 1
outer loop
vertex -13.980134 -1.679406 44.99999
vertex -11.643746 -1.1467239999999999 44.99999
vertex -15.64372 -1.1467239999999999 44.99999
endloop
endfacet
facet normal 0 0 1
outer loop
vertex 13.980134 -1.679406 44.99999
vertex 11.643746 -1.1467239999999999 44.99999
vertex 11.47515 -2.2826 44.99999
endloop
endfacet
facet normal 0 0 1
outer loop
vertex 13.980134 -1.679406 44.99999
vertex 11.47515 -2.2826 44.99999
vertex 15.513995999999999 -2.2826 44.99999
endloop
endfacet
facet normal 0 0 1
outer loop
vertex 13.980134 -1.679406 44.99999
vertex 15.513995999999999 -2.2826 44.99999
vertex 15.624509999999999 -1.538834 44.99999
endloop
endfacet
facet normal 0 0 1
outer loop
vertex 13.980134 -1.679406 44.99999
vertex 15.624509999999999 -1.538834 44.99999
vertex 15.64372 -1.1467239999999999 44.99999
endloop
endfacet
facet normal 0 0 1
outer loop
vertex 13.980134 -1.679406 44.99999
vertex 15.64372 -1.1467239999999999 44.99999
vertex 11.643746 -1.1467239999999999 44.99999
endloop
endfacet
facet normal 0 0 1
outer loop
vertex -13.779672 -2.8842119999999998 44.99999
vertex -15.513995999999999 -2.2826 44.99999
vertex -15.398283999999999 -3.0629779999999998 44.99999
endloop
endfacet
facet normal 0 0 1
outer loop
vertex -13.779672 -2.8842119999999998 44.99999
vertex -15.398283999999999 -3.0629779999999998 44.99999
vertex -15.31489 -3.396328 44.99999
endloop
endfacet
facet normal 0 0 1
outer loop
vertex -13.779672 -2.8842119999999998 44.99999
vertex -15.31489 -3.396328 44.99999
vertex -11.196266 -3.396328 44.99999
endloop
endfacet
facet normal 0 0 1
outer loop
vertex -13.779672 -2.8842119999999998 44.99999
vertex -11.196266 -3.396328 44.99999
vertex -11.47515 -2.2826 44.99999
endloop
endfacet
facet normal 0 0 0.9999999999999999
outer loop
vertex -13.779672 -2.8842119999999998 44.99999
vertex -11.47515 -2.2826 44.99999
vertex -15.513995999999999 -2.2826 44.99999
endloop
endfacet
facet normal 0 0 1
outer loop
vertex 13.779672 -2.8842119999999998 44.99999
vertex 11.47515 -2.2826 44.99999
vertex 11.196266 -3.396328 44.99999
endloop
endfacet
facet normal 0 0 1
outer loop
vertex 13.779672 -2.8842119999999998 44.99999
vertex 11.196266 -3.396328 44.99999
vertex 15.31489 -3.396328 44.99999
endloop
endfacet
facet normal 0 0 1
outer loop
vertex 13.779672 -2.8842119999999998 44.99999
vertex 15.31489 -3.396328 44.99999
vertex 15.398283999999999 -3.0629779999999998 44.99999
endloop
endfacet
facet normal 0 0 1
outer loop
vertex 13.779672 -2.8842119999999998 44.99999
vertex 15.398283999999999 -3.0629779999999998 44.99999
vertex 15.513995999999999 -2.2826 44.99999
endloop
endfacet
facet normal 0 0 0.9999999999999999
outer loop
vertex 13.779672 -2.8842119999999998 44.99999
vertex 15.513995999999999 -2.2826 44.99999
vertex 11.47515 -2.2826 44.99999
endloop
endfacet
facet normal 0 0 1
outer loop
vertex -15.31489 -3.396328 44.99999
vertex -15.043916 -4.477285999999999 44.99999
vertex -10.809353999999999 -4.477285999999999 44.99999
endloop
endfacet
facet normal 0 0 1
outer loop
vertex -15.31489 -3.396328 44.99999
vertex -10.809353999999999 -4.477285999999999 44.99999
vertex -11.196266 -3.396328 44.99999
endloop
endfacet
facet normal 0 0 1
outer loop
vertex 11.196266 -3.396328 44.99999
vertex 10.809353999999999 -4.477285999999999 44.99999
vertex 15.043916 -4.477285999999999 44.99999
endloop
endfacet
facet normal 0 0 1
outer loop
vertex 11.196266 -3.396328 44.99999
vertex 15.043916 -4.477285999999999 44.99999
vertex 15.31489 -3.396328 44.99999
endloop
endfacet
facet normal 0 0 1
outer loop
vertex -13.175348 -4.908494 44.99999
vertex -15.043916 -4.477285999999999 44.99999
vertex -15.024028 -4.557516 44.99999
endloop
endfacet
facet normal 0 0 1
outer loop
vertex -13.175348 -4.908494 44.99999
vertex -15.024028 -4.557516 44.99999
vertex -14.681186 -5.5153039999999995 44.99999
endloop
endfacet
facet normal 0 0 1
outer loop
vertex -13.175348 -4.908494 44.99999
vertex -14.681186 -5.5153039999999995 44.99999
vertex -10.318482 -5.5153039999999995 44.99999
endloop
endfacet
facet normal 0 0 1
outer loop
vertex -13.175348 -4.908494 44.99999
vertex -10.318482 -5.5153039999999995 44.99999
vertex -10.809353999999999 -4.477285999999999 44.99999
endloop
endfacet
facet normal 0 0 0.9999999999999999
outer loop
vertex -13.175348 -4.908494 44.99999
vertex -10.809353999999999 -4.477285999999999 44.99999
vertex -15.043916 -4.477285999999999 44.99999
endloop
endfacet
facet normal 0 0 1
outer loop
vertex 13.175348 -4.908494 44.99999
vertex 10.809353999999999 -4.477285999999999 44.99999
vertex 10.318482 -5.5153039999999995 44.99999
endloop
endfacet
facet normal 0 0 1
outer loop
vertex 13.175348 -4.908494 44.99999
vertex 10.318482 -5.5153039999999995 44.99999
vertex 14.681186 -5.5153039999999995 44.99999
endloop
endfacet
facet normal 0 0 1
outer loop
vertex 13.175348 -4.908494 44.99999
vertex 14.681186 -5.5153039999999995 44.99999
vertex 15.024028 -4.557516 44.99999
endloop
endfacet
facet normal 0 0 1
outer loop
vertex 13.175348 -4.908494 44.99999
vertex 15.024028 -4.557516 44.99999
vertex 15.043916 -4.477285999999999 44.99999
endloop
endfacet
facet normal 0 0 0.9999999999999999
outer loop
vertex 13.175348 -4.908494 44.99999
vertex 15.043916 -4.477285999999999 44.99999
vertex 10.809353999999999 -4.477285999999999 44.99999
endloop
endfacet
facet normal 0 0 1
outer loop
vertex -12.700973999999999 -6.007758 44.99999
vertex -14.681186 -5.5153039999999995 44.99999
vertex -14.504906 -6.00821 44.99999
endloop
endfacet
facet normal 0 0 1
outer loop
vertex -12.700973999999999 -6.007758 44.99999
vertex -14.504906 -6.00821 44.99999
vertex -14.272126 -6.500211999999999 44.99999
endloop
endfacet
facet normal 0 0 1
outer loop
vertex -12.700973999999999 -6.007758 44.99999
vertex -14.272126 -6.500211999999999 44.99999
vertex -9.72817 -6.500211999999999 44.99999
endloop
endfacet
facet normal 0 0 1
outer loop
vertex -12.700973999999999 -6.007758 44.99999
vertex -9.72817 -6.500211999999999 44.99999
vertex -10.318482 -5.5153039999999995 44.99999
endloop
endfacet
facet normal 0 0 1
outer loop
vertex -12.700973999999999 -6.007758 44.99999
vertex -10.318482 -5.5153039999999995 44.99999
vertex -14.681186 -5.5153039999999995 44.99999
endloop
endfacet
facet normal 0 0 1
outer loop
vertex 12.700973999999999 -6.007758 44.99999
vertex 10.318482 -5.5153039999999995 44.99999
vertex 9.72817 -6.500211999999999 44.99999
endloop
endfacet
facet normal 0 0 1
outer loop
vertex 12.700973999999999 -6.007758 44.99999
vertex 9.72817 -6.500211999999999 44.99999
vertex 14.272126 -6.500211999999999 44.99999
endloop
endfacet
facet normal 0 0 1
outer loop
vertex 12.700973999999999 -6.007758 44.99999
vertex 14.272126 -6.500211999999999 44.99999
vertex 14.504906 -6.00821 44.99999
endloop
endfacet
facet normal 0 0 1
outer loop
vertex 12.700973999999999 -6.007758 44.99999
vertex 14.504906 -6.00821 44.99999
vertex 14.681186 -5.5153039999999995 44.99999
endloop
endfacet
facet normal 0 0 1
outer loop
vertex 12.700973999999999 -6.007758 44.99999
vertex 14.681186 -5.5153039999999995 44.99999
vertex 10.318482 -5.5153039999999995 44.99999
endloop
endfacet
facet normal 0 0 1
outer loop
vertex -12.144788 -7.049166 44.99999
vertex -14.272126 -6.500211999999999 44.99999
vertex -13.846116 -7.400822 44.99999
endloop
endfacet
facet normal 0 0 1
outer loop
vertex -12.144788 -7.049166 44.99999
vertex -13.846116 -7.400822 44.99999
vertex -13.833234 -7.422292 44.99999
endloop
endfacet
facet normal 0 0 1
outer loop
vertex -12.144788 -7.049166 44.99999
vertex -13.833234 -7.422292 44.99999
vertex -9.044293999999999 -7.422292 44.99999
endloop
endfacet
facet normal 0 0 1
outer loop
vertex -12.144788 -7.049166 44.99999
vertex -9.044293999999999 -7.422292 44.99999
vertex -9.72817 -6.500211999999999 44.99999
endloop
endfacet
facet normal 0 0 1
outer loop
vertex -12.144788 -7.049166 44.99999
vertex -9.72817 -6.500211999999999 44.99999
vertex -14.272126 -6.500211999999999 44.99999
endloop
endfacet
facet normal 0 0 1
outer loop
vertex 12.144788 -7.049166 44.99999
vertex 9.72817 -6.500211999999999 44.99999
vertex 9.044293999999999 -7.422292 44.99999
endloop
endfacet
facet normal 0 0 1
outer loop
vertex 12.144788 -7.049166 44.99999
vertex 9.044293999999999 -7.422292 44.99999
vertex 13.833234 -7.422292 44.99999
endloop
endfacet
facet normal 0 0 1
outer loop
vertex 12.144788 -7.049166 44.99999
vertex 13.833234 -7.422292 44.99999
vertex 13.846116 -7.400822 44.99999
endloop
endfacet
facet normal 0 0 1
outer loop
vertex 12.144788 -7.049166 44.99999
vertex 13.846116 -7.400822 44.99999
vertex 14.272126 -6.500211999999999 44.99999
endloop
endfacet
facet normal 0 0 1
outer loop
vertex 12.144788 -7.049166 44.99999
vertex 14.272126 -6.500211999999999 44.99999
vertex 9.72817 -6.500211999999999 44.99999
endloop
endfacet
facet normal 0 0 1
outer loop
vertex -13.833234 -7.422292 44.99999
vertex -13.323378 -8.273182 44.99999
vertex -8.273182 -8.273182 44.99999
endloop
endfacet
facet normal 0 0 1
outer loop
vertex -13.833234 -7.422292 44.99999
vertex -8.273182 -8.273182 44.99999
vertex -9.044293999999999 -7.422292 44.99999
endloop
endfacet
facet normal 0 0 1
outer loop
vertex 9.044293999999999 -7.422292 44.99999
vertex 8.273182 -8.273182 44.99999
vertex 13.323378 -8.273182 44.99999
endloop
endfacet
facet normal 0 0 1
outer loop
vertex 9.044293999999999 -7.422292 44.99999
vertex 13.323378 -8.273182 44.99999
vertex 13.833234 -7.422292 44.99999
endloop
endfacet
facet normal 0 0 0.9999999999999999
outer loop
vertex -10.977724 -8.671394 44.99999
vertex -13.323378 -8.273182 44.99999
vertex -13.053986 -8.72247 44.99999
endloop
endfacet
facet normal 0 0 1
outer loop
vertex -10.977724 -8.671394 44.99999
vertex -13.053986 -8.72247 44.99999
vertex -12.81533 -9.044293999999999 44.99999
endloop
endfacet
facet normal 0 0 1
outer loop
vertex -10.977724 -8.671394 44.99999
vertex -12.81533 -9.044293999999999 44.99999
vertex -7.422292 -9.044293999999999 44.99999
endloop
endfacet
facet normal 0 0 1
outer loop
vertex -10.977724 -8.671394 44.99999
vertex -7.422292 -9.044293999999999 44.99999
vertex -8.273182 -8.273182 44.99999
endloop
endfacet
facet normal 0 0 1
outer loop
vertex -10.977724 -8.671394 44.99999
vertex -8.273182 -8.273182 44.99999
vertex -13.323378 -8.273182 44.99999
endloop
endfacet
facet normal 0 0 1
outer loop
vertex 10.977724 -8.671394 44.99999
vertex 8.273182 -8.273182 44.99999
vertex 7.422292 -9.044293999999999 44.99999
endloop
endfacet
facet normal 0 0 1
outer loop
vertex 10.977724 -8.671394 44.99999
vertex 7.422292 -9.044293999999999 44.99999
vertex 12.81533 -9.044293999999999 44.99999
endloop
endfacet
facet normal 0 0 1
outer loop
vertex 10.977724 -8.671394 44.99999
vertex 12.81533 -9.044293999999999 44.99999
vertex 13.053986 -8.72247 44.99999
endloop
endfacet
facet normal 0 0 0.9999999999999999
outer loop
vertex 10.977724 -8.671394 44.99999
vertex 13.053986 -8.72247 44.99999
vertex 13.323378 -8.273182 44.99999
endloop
endfacet
facet normal 0 0 1
outer loop
vertex 10.977724 -8.671394 44.99999
vertex 13.323378 -8.273182 44.99999
vertex 8.273182 -8.273182 44.99999
endloop
endfacet
facet normal 0 0 1
outer loop
vertex -12.81533 -9.044293999999999 44.99999
vertex -12.308186 -9.72817 44.99999
vertex -6.500211999999999 -9.72817 44.99999
endloop
endfacet
facet normal 0 0 0.9999999999999999
outer loop
vertex -12.81533 -9.044293999999999 44.99999
vertex -6.500211999999999 -9.72817 44.99999
vertex -7.422292 -9.044293999999999 44.99999
endloop
endfacet
facet normal 0 0 1
outer loop
vertex 7.422292 -9.044293999999999 44.99999
vertex 6.500211999999999 -9.72817 44.99999
vertex 12.308186 -9.72817 44.99999
endloop
endfacet
facet normal 0 0 0.9999999999999999
outer loop
vertex 7.422292 -9.044293999999999 44.99999
vertex 12.308186 -9.72817 44.99999
vertex 12.81533 -9.044293999999999 44.99999
endloop
endfacet
facet normal 0 0 1
outer loop
vertex -9.654268 -10.01067 44.99999
vertex -12.308186 -9.72817 44.99999
vertex -12.136199999999999 -9.960046 44.99999
endloop
endfacet
facet normal 0 0 0.9999999999999999
outer loop
vertex -9.654268 -10.01067 44.99999
vertex -12.136199999999999 -9.960046 44.99999
vertex -11.811437999999999 -10.318482 44.99999
endloop
endfacet
facet normal 0 0 0.9999999999999999
outer loop
vertex -9.654268 -10.01067 44.99999
vertex -11.811437999999999 -10.318482 44.99999
vertex -5.5153039999999995 -10.318482 44.99999
endloop
endfacet
facet normal 0 0 1
outer loop
vertex -9.654268 -10.01067 44.99999
vertex -5.5153039999999995 -10.318482 44.99999
vertex -6.500211999999999 -9.72817 44.99999
endloop
endfacet
facet normal 0 0 0.9999999999999999
outer loop
vertex -9.654268 -10.01067 44.99999
vertex -6.500211999999999 -9.72817 44.99999
vertex -12.308186 -9.72817 44.99999
endloop
endfacet
facet normal 0 0 1
outer loop
vertex 9.654268 -10.01067 44.99999
vertex 6.500211999999999 -9.72817 44.99999
vertex 5.5153039999999995 -10.318482 44.99999
endloop
endfacet
facet normal 0 0 0.9999999999999999
outer loop
vertex 9.654268 -10.01067 44.99999
vertex 5.5153039999999995 -10.318482 44.99999
vertex 11.811437999999999 -10.318482 44.99999
endloop
endfacet
facet normal 0 0 0.9999999999999999
outer loop
vertex 9.654268 -10.01067 44.99999
vertex 11.811437999999999 -10.318482 44.99999
vertex 12.136199999999999 -9.960046 44.99999
endloop
endfacet
facet normal 0 0 1
outer loop
vertex 9.654268 -10.01067 44.99999
vertex 12.136199999999999 -9.960046 44.99999
vertex 12.308186 -9.72817 44.99999
endloop
endfacet
facet normal 0 0 0.9999999999999999
outer loop
vertex 9.654268 -10.01067 44.99999
vertex 12.308186 -9.72817 44.99999
vertex 6.500211999999999 -9.72817 44.99999
endloop
endfacet
facet normal 0 0 1
outer loop
vertex -11.811437999999999 -10.318482 44.99999
vertex -11.366444 -10.809353999999999 44.99999
vertex -4.477285999999999 -10.809353999999999 44.99999
endloop
endfacet
facet normal 0 0 1
outer loop
vertex -11.811437999999999 -10.318482 44.99999
vertex -4.477285999999999 -10.809353999999999 44.99999
vertex -5.5153039999999995 -10.318482 44.99999
endloop
endfacet
facet normal 0 0 1
outer loop
vertex 5.5153039999999995 -10.318482 44.99999
vertex 4.477285999999999 -10.809353999999999 44.99999
vertex 11.366444 -10.809353999999999 44.99999
endloop
endfacet
facet normal 0 0 1
outer loop
vertex 5.5153039999999995 -10.318482 44.99999
vertex 11.366444 -10.809353999999999 44.99999
vertex 11.811437999999999 -10.318482 44.99999
endloop
endfacet
facet normal 0 0 1
outer loop
vertex -8.267757999999999 -11.022471999999999 44.99999
vertex -11.366444 -10.809353999999999 44.99999
vertex -11.101571999999999 -11.101571999999999 44.99999
endloop
endfacet
facet normal 0 0 1
outer loop
vertex -8.267757999999999 -11.022471999999999 44.99999
vertex -11.101571999999999 -11.101571999999999 44.99999
vertex -10.99716 -11.196266 44.99999
endloop
endfacet
facet normal 0 0 1
outer loop
vertex -8.267757999999999 -11.022471999999999 44.99999
vertex -10.99716 -11.196266 44.99999
vertex -3.396328 -11.196266 44.99999
endloop
endfacet
facet normal 0 0 1
outer loop
vertex -8.267757999999999 -11.022471999999999 44.99999
vertex -3.396328 -11.196266 44.99999
vertex -4.477285999999999 -10.809353999999999 44.99999
endloop
endfacet
facet normal 0 0 1
outer loop
vertex -8.267757999999999 -11.022471999999999 44.99999
vertex -4.477285999999999 -10.809353999999999 44.99999
vertex -11.366444 -10.809353999999999 44.99999
endloop
endfacet
facet normal 0 0 1
outer loop
vertex 8.267757999999999 -11.022471999999999 44.99999
vertex 4.477285999999999 -10.809353999999999 44.99999
vertex 3.396328 -11.196266 44.99999
endloop
endfacet
facet normal 0 0 1
outer loop
vertex 8.267757999999999 -11.022471999999999 44.99999
vertex 3.396328 -11.196266 44.99999
vertex 10.99716 -11.196266 44.99999
endloop
endfacet
facet normal 0 0 1
outer loop
vertex 8.267757999999999 -11.022471999999999 44.99999
vertex 10.99716 -11.196266 44.99999
vertex 11.101571999999999 -11.101571999999999 44.99999
endloop
endfacet
facet normal 0 0 1
outer loop
vertex 8.267757999999999 -11.022471999999999 44.99999
vertex 11.101571999999999 -11.101571999999999 44.99999
vertex 11.366444 -10.809353999999999 44.99999
endloop
endfacet
facet normal 0 0 1
outer loop
vertex 8.267757999999999 -11.022471999999999 44.99999
vertex 11.366444 -10.809353999999999 44.99999
vertex 4.477285999999999 -10.809353999999999 44.99999
endloop
endfacet
facet normal 0 0 1
outer loop
vertex -10.99716 -11.196266 44.99999
vertex -10.689347999999999 -11.47515 44.99999
vertex -2.2826 -11.47515 44.99999
endloop
endfacet
facet normal 0 0 1
outer loop
vertex -10.99716 -11.196266 44.99999
vertex -2.2826 -11.47515 44.99999
vertex -3.396328 -11.196266 44.99999
endloop
endfacet
facet normal 0 0 1
outer loop
vertex 3.396328 -11.196266 44.99999
vertex 2.2826 -11.47515 44.99999
vertex 10.689347999999999 -11.47515 44.99999
endloop
endfacet
facet normal 0 0 1
outer loop
vertex 3.396328 -11.196266 44.99999
vertex 10.689347999999999 -11.47515 44.99999
vertex 10.99716 -11.196266 44.99999
endloop
endfacet
facet normal 0 0 1
outer loop
vertex -10.689347999999999 -11.47515 44.99999
vertex -10.503575999999999 -11.643746 44.99999
vertex -1.1467239999999999 -11.643746 44.99999
endloop
endfacet
facet normal 0 0 1
outer loop
vertex -10.689347999999999 -11.47515 44.99999
vertex -1.1467239999999999 -11.643746 44.99999
vertex -2.2826 -11.47515 44.99999
endloop
endfacet
facet normal 0 0 1
outer loop
vertex 2.2826 -11.47515 44.99999
vertex 1.1467239999999999 -11.643746 44.99999
vertex 10.503575999999999 -11.643746 44.99999
endloop
endfacet
facet normal 0 0 1
outer loop
vertex 2.2826 -11.47515 44.99999
vertex 10.503575999999999 -11.643746 44.99999
vertex 10.689347999999999 -11.47515 44.99999
endloop
endfacet
facet normal 0 0 1
outer loop
vertex -10.503575999999999 -11.643746 44.99999
vertex -10.441426 -11.70002 44.99999
vertex 0 -11.70002 44.99999
endloop
endfacet
facet normal 0 0 1
outer loop
vertex -10.503575999999999 -11.643746 44.99999
vertex 0 -11.70002 44.99999
vertex -1.1467239999999999 -11.643746 44.99999
endloop
endfacet
facet normal 0 0 1
outer loop
vertex 1.1467239999999999 -11.643746 44.99999
vertex 0 -11.70002 44.99999
vertex 10.441426 -11.70002 44.99999
endloop
endfacet
facet normal 0 0 1
outer loop
vertex 1.1467239999999999 -11.643746 44.99999
vertex 10.441426 -11.70002 44.99999
vertex 10.503575999999999 -11.643746 44.99999
endloop
endfacet
facet normal 0 0 1
outer loop
vertex 0 -13.887474 44.99999
vertex 0 -11.70002 44.99999
vertex -10.441426 -11.70002 44.99999
endloop
endfacet
facet normal 0 0 0.9999999999999999
outer loop
vertex 0 -13.887474 44.99999
vertex -10.441426 -11.70002 44.99999
vertex -9.960046 -12.136199999999999 44.99999
endloop
endfacet
facet normal 0 0 1
outer loop
vertex 0 -13.887474 44.99999
vertex -9.960046 -12.136199999999999 44.99999
vertex -8.72247 -13.053986 44.99999
endloop
endfacet
facet normal 0 0 1
outer loop
vertex 0 -13.887474 44.99999
vertex -8.72247 -13.053986 44.99999
vertex -7.400822 -13.846116 44.99999
endloop
endfacet
facet normal 0 0 1
outer loop
vertex 0 -13.887474 44.99999
vertex -7.400822 -13.846116 44.99999
vertex -6.00821 -14.504906 44.99999
endloop
endfacet
facet normal 0 0 1
outer loop
vertex 0 -13.887474 44.99999
vertex -6.00821 -14.504906 44.99999
vertex -4.557516 -15.024028 44.99999
endloop
endfacet
facet normal 0 0 1
outer loop
vertex 0 -13.887474 44.99999
vertex -4.557516 -15.024028 44.99999
vertex -3.0629779999999998 -15.398283999999999 44.99999
endloop
endfacet
facet normal 0 0 1
outer loop
vertex 0 -13.887474 44.99999
vertex -3.0629779999999998 -15.398283999999999 44.99999
vertex -1.538834 -15.624509999999999 44.99999
endloop
endfacet
facet normal 0 0 1
outer loop
vertex 0 -13.887474 44.99999
vertex -1.538834 -15.624509999999999 44.99999
vertex 0 -15.699994 44.99999
endloop
endfacet
facet normal 0 0 1
outer loop
vertex 0 -13.887474 44.99999
vertex 0 -15.699994 44.99999
vertex 1.538834 -15.624509999999999 44.99999
endloop
endfacet
facet normal 0 0 1
outer loop
vertex 0 -13.887474 44.99999
vertex 1.538834 -15.624509999999999 44.99999
vertex 3.0629779999999998 -15.398283999999999 44.99999
endloop
endfacet
facet normal 0 0 1
outer loop
vertex 0 -13.887474 44.99999
vertex 3.0629779999999998 -15.398283999999999 44.99999
vertex 4.557516 -15.024028 44.99999
endloop
endfacet
facet normal 0 0 1
outer loop
vertex 0 -13.887474 44.99999
vertex 4.557516 -15.024028 44.99999
vertex 6.00821 -14.504906 44.99999
endloop
endfacet
facet normal 0 0 1
outer loop
vertex 0 -13.887474 44.99999
vertex 6.00821 -14.504906 44.99999
vertex 7.400822 -13.846116 44.99999
endloop
endfacet
facet normal 0 0 1
outer loop
vertex 0 -13.887474 44.99999
vertex 7.400822 -13.846116 44.99999
vertex 8.72247 -13.053986 44.99999
endloop
endfacet
facet normal 0 0 1
outer loop
vertex 0 -13.887474 44.99999
vertex 8.72247 -13.053986 44.99999
vertex 9.960046 -12.136199999999999 44.99999
endloop
endfacet
facet normal 0 0 0.9999999999999999
outer loop
vertex 0 -13.887474 44.99999
vertex 9.960046 -12.136199999999999 44.99999
vertex 10.441426 -11.70002 44.99999
endloop
endfacet
facet normal 0 0 1
outer loop
vertex 0 -13.887474 44.99999
vertex 10.441426 -11.70002 44.99999
vertex 0 -11.70002 44.99999
endloop
endfacet
facet normal 0 0 -1
outer loop
vertex 0 13.887474 39.999966
vertex 0 15.699994 39.999966
vertex 1.538834 15.624509999999999 39.999966
endloop
endfacet
facet normal 0 0 -1
outer loop
vertex 0 13.887474 39.999966
vertex 1.538834 15.624509999999999 39.999966
vertex 3.0629779999999998 15.398283999999999 39.999966
endloop
endfacet
facet normal 0 0 -1
outer loop
vertex 0 13.887474 39.999966
vertex 3.0629779999999998 15.398283999999999 39.999966
vertex 4.557516 15.024028 39.999966
endloop
endfacet
facet normal 0 0 -1
outer loop
vertex 0 13.887474 39.999966
vertex 4.557516 15.024028 39.999966
vertex 6.00821 14.504906 39.999966
endloop
endfacet
facet normal 0 0 -1
outer loop
vertex 0 13.887474 39.999966
vertex 6.00821 14.504906 39.999966
vertex 7.400822 13.846116 39.999966
endloop
endfacet
facet normal 0 0 -1
outer loop
vertex 0 13.887474 39.999966
vertex 7.400822 13.846116 39.999966
vertex 8.72247 13.053986 39.999966
endloop
endfacet
facet normal 0 0 -1
outer loop
vertex 0 13.887474 39.999966
vertex 8.72247 13.053986 39.999966
vertex 9.960046 12.136199999999999 39.999966
endloop
endfacet
facet normal 0 0 -0.9999999999999999
outer loop
vertex 0 13.887474 39.999966
vertex 9.960046 12.136199999999999 39.999966
vertex 10.441426 11.70002 39.999966
endloop
endfacet
facet normal 0 0 -1
outer loop
vertex 0 13.887474 39.999966
vertex 10.441426 11.70002 39.999966
vertex 0 11.70002 39.999966
endloop
endfacet
facet normal 0 0 -1
outer loop
vertex 0 13.887474 39.999966
vertex 0 11.70002 39.999966
vertex -10.441426 11.70002 39.999966
endloop
endfacet
facet normal 0 0 -0.9999999999999999
outer loop
vertex 0 13.887474 39.999966
vertex -10.441426 11.70002 39.999966
vertex -9.960046 12.136199999999999 39.999966
endloop
endfacet
facet normal 0 0 -1
outer loop
vertex 0 13.887474 39.999966
vertex -9.960046 12.136199999999999 39.999966
vertex -8.72247 13.053986 39.999966
endloop
endfacet
facet normal 0 0 -1
outer loop
vertex 0 13.887474 39.999966
vertex -8.72247 13.053986 39.999966
vertex -7.400822 13.846116 39.999966
endloop
endfacet
facet normal 0 0 -1
outer loop
vertex 0 13.887474 39.999966
vertex -7.400822 13.846116 39.999966
vertex -6.00821 14.504906 39.999966
endloop
endfacet
facet normal 0 0 -1
outer loop
vertex 0 13.887474 39.999966
vertex -6.00821 14.504906 39.999966
vertex -4.557516 15.024028 39.999966
endloop
endfacet
facet normal 0 0 -1
outer loop
vertex 0 13.887474 39.999966
vertex -4.557516 15.024028 39.999966
vertex -3.0629779999999998 15.398283999999999 39.999966
endloop
endfacet
facet normal 0 0 -1
outer loop
vertex 0 13.887474 39.999966
vertex -3.0629779999999998 15.398283999999999 39.999966
vertex -1.538834 15.624509999999999 39.999966
endloop
endfacet
facet normal 0 0 -1
outer loop
vertex 0 13.887474 39.999966
vertex -1.538834 15.624509999999999 39.999966
vertex 0 15.699994 39.999966
endloop
endfacet
facet normal 0 0 -1
outer loop
vertex 10.441426 11.70002 39.999966
vertex 10.503575999999999 11.643746 39.999966
vertex 1.1467239999999999 11.643746 39.999966
endloop
endfacet
facet normal 0 0 -1
outer loop
vertex 10.441426 11.70002 39.999966
vertex 1.1467239999999999 11.643746 39.999966
vertex 0 11.70002 39.999966
endloop
endfacet
facet normal 0 0 -1
outer loop
vertex 0 11.70002 39.999966
vertex -1.1467239999999999 11.643746 39.999966
vertex -10.503575999999999 11.643746 39.999966
endloop
endfacet
facet normal 0 0 -1
outer loop
vertex 0 11.70002 39.999966
vertex -10.503575999999999 11.643746 39.999966
vertex -10.441426 11.70002 39.999966
endloop
endfacet
facet normal 0 0 -1
outer loop
vertex 10.503575999999999 11.643746 39.999966
vertex 10.689347999999999 11.47515 39.999966
vertex 2.2826 11.47515 39.999966
endloop
endfacet
facet normal 0 0 -1
outer loop
vertex 10.503575999999999 11.643746 39.999966
vertex 2.2826 11.47515 39.999966
vertex 1.1467239999999999 11.643746 39.999966
endloop
endfacet
facet normal 0 0 -1
outer loop
vertex -1.1467239999999999 11.643746 39.999966
vertex -2.2826 11.47515 39.999966
vertex -10.689347999999999 11.47515 39.999966
endloop
endfacet
facet normal 0 0 -1
outer loop
vertex -1.1467239999999999 11.643746 39.999966
vertex -10.689347999999999 11.47515 39.999966
vertex -10.503575999999999 11.643746 39.999966
endloop
endfacet
facet normal 0 0 -1
outer loop
vertex 10.689347999999999 11.47515 39.999966
vertex 10.99716 11.196266 39.999966
vertex 3.396328 11.196266 39.999966
endloop
endfacet
facet normal 0 0 -1
outer loop
vertex 10.689347999999999 11.47515 39.999966
vertex 3.396328 11.196266 39.999966
vertex 2.2826 11.47515 39.999966
endloop
endfacet
facet normal 0 0 -1
outer loop
vertex -2.2826 11.47515 39.999966
vertex -3.396328 11.196266 39.999966
vertex -10.99716 11.196266 39.999966
endloop
endfacet
facet normal 0 0 -1
outer loop
vertex -2.2826 11.47515 39.999966
vertex -10.99716 11.196266 39.999966
vertex -10.689347999999999 11.47515 39.999966
endloop
endfacet
facet normal 0 0 -1
outer loop
vertex 8.267757999999999 11.022471999999999 39.999966
vertex 10.99716 11.196266 39.999966
vertex 11.101571999999999 11.101571999999999 39.999966
endloop
endfacet
facet normal 0 0 -1
outer loop
vertex 8.267757999999999 11.022471999999999 39.999966
vertex 11.101571999999999 11.101571999999999 39.999966
vertex 11.366444 10.809353999999999 39.999966
endloop
endfacet
facet normal 0 0 -1
outer loop
vertex 8.267757999999999 11.022471999999999 39.999966
vertex 11.366444 10.809353999999999 39.999966
vertex 4.477285999999999 10.809353999999999 39.999966
endloop
endfacet
facet normal 0 0 -1
outer loop
vertex 8.267757999999999 11.022471999999999 39.999966
vertex 4.477285999999999 10.809353999999999 39.999966
vertex 3.396328 11.196266 39.999966
endloop
endfacet
facet normal 0 0 -1
outer loop
vertex 8.267757999999999 11.022471999999999 39.999966
vertex 3.396328 11.196266 39.999966
vertex 10.99716 11.196266 39.999966
endloop
endfacet
facet normal 0 0 -1
outer loop
vertex -8.267757999999999 11.022471999999999 39.999966
vertex -3.396328 11.196266 39.999966
vertex -4.477285999999999 10.809353999999999 39.999966
endloop
endfacet
facet normal 0 0 -1
outer loop
vertex -8.267757999999999 11.022471999999999 39.999966
vertex -4.477285999999999 10.809353999999999 39.999966
vertex -11.366444 10.809353999999999 39.999966
endloop
endfacet
facet normal 0 0 -1
outer loop
vertex -8.267757999999999 11.022471999999999 39.999966
vertex -11.366444 10.809353999999999 39.999966
vertex -11.101571999999999 11.101571999999999 39.999966
endloop
endfacet
facet normal 0 0 -1
outer loop
vertex -8.267757999999999 11.022471999999999 39.999966
vertex -11.101571999999999 11.101571999999999 39.999966
vertex -10.99716 11.196266 39.999966
endloop
endfacet
facet normal 0 0 -1
outer loop
vertex -8.267757999999999 11.022471999999999 39.999966
vertex -10.99716 11.196266 39.999966
vertex -3.396328 11.196266 39.999966
endloop
endfacet
facet normal 0 0 -1
outer loop
vertex 11.366444 10.809353999999999 39.999966
vertex 11.811437999999999 10.318482 39.999966
vertex 5.5153039999999995 10.318482 39.999966
endloop
endfacet
facet normal 0 0 -1
outer loop
vertex 11.366444 10.809353999999999 39.999966
vertex 5.5153039999999995 10.318482 39.999966
vertex 4.477285999999999 10.809353999999999 39.999966
endloop
endfacet
facet normal 0 0 -1
outer loop
vertex -4.477285999999999 10.809353999999999 39.999966
vertex -5.5153039999999995 10.318482 39.999966
vertex -11.811437999999999 10.318482 39.999966
endloop
endfacet
facet normal 0 0 -1
outer loop
vertex -4.477285999999999 10.809353999999999 39.999966
vertex -11.811437999999999 10.318482 39.999966
vertex -11.366444 10.809353999999999 39.999966
endloop
endfacet
facet normal 0 0 -0.9999999999999999
outer loop
vertex 9.654268 10.01067 39.999966
vertex 11.811437999999999 10.318482 39.999966
vertex 12.136199999999999 9.960046 39.999966
endloop
endfacet
facet normal 0 0 -1
outer loop
vertex 9.654268 10.01067 39.999966
vertex 12.136199999999999 9.960046 39.999966
vertex 12.308186 9.72817 39.999966
endloop
endfacet
facet normal 0 0 -0.9999999999999999
outer loop
vertex 9.654268 10.01067 39.999966
vertex 12.308186 9.72817 39.999966
vertex 6.500211999999999 9.72817 39.999966
endloop
endfacet
facet normal 0 0 -1
outer loop
vertex 9.654268 10.01067 39.999966
vertex 6.500211999999999 9.72817 39.999966
vertex 5.5153039999999995 10.318482 39.999966
endloop
endfacet
facet normal 0 0 -0.9999999999999999
outer loop
vertex 9.654268 10.01067 39.999966
vertex 5.5153039999999995 10.318482 39.999966
vertex 11.811437999999999 10.318482 39.999966
endloop
endfacet
facet normal 0 0 -1
outer loop
vertex -9.654268 10.01067 39.999966
vertex -5.5153039999999995 10.318482 39.999966
vertex -6.500211999999999 9.72817 39.999966
endloop
endfacet
facet normal 0 0 -0.9999999999999999
outer loop
vertex -9.654268 10.01067 39.999966
vertex -6.500211999999999 9.72817 39.999966
vertex -12.308186 9.72817 39.999966
endloop
endfacet
facet normal 0 0 -1
outer loop
vertex -9.654268 10.01067 39.999966
vertex -12.308186 9.72817 39.999966
vertex -12.136199999999999 9.960046 39.999966
endloop
endfacet
facet normal 0 0 -0.9999999999999999
outer loop
vertex -9.654268 10.01067 39.999966
vertex -12.136199999999999 9.960046 39.999966
vertex -11.811437999999999 10.318482 39.999966
endloop
endfacet
facet normal 0 0 -0.9999999999999999
outer loop
vertex -9.654268 10.01067 39.999966
vertex -11.811437999999999 10.318482 39.999966
vertex -5.5153039999999995 10.318482 39.999966
endloop
endfacet
facet normal 0 0 -0.9999999999999999
outer loop
vertex 12.308186 9.72817 39.999966
vertex 12.81533 9.044293999999999 39.999966
vertex 7.422292 9.044293999999999 39.999966
endloop
endfacet
facet normal 0 0 -1
outer loop
vertex 12.308186 9.72817 39.999966
vertex 7.422292 9.044293999999999 39.999966
vertex 6.500211999999999 9.72817 39.999966
endloop
endfacet
facet normal 0 0 -0.9999999999999999
outer loop
vertex -6.500211999999999 9.72817 39.999966
vertex -7.422292 9.044293999999999 39.999966
vertex -12.81533 9.044293999999999 39.999966
endloop
endfacet
facet normal 0 0 -1
outer loop
vertex -6.500211999999999 9.72817 39.999966
vertex -12.81533 9.044293999999999 39.999966
vertex -12.308186 9.72817 39.999966
endloop
endfacet
facet normal 0 0 -1
outer loop
vertex 10.977724 8.671394 39.999966
vertex 12.81533 9.044293999999999 39.999966
vertex 13.053986 8.72247 39.999966
endloop
endfacet
facet normal 0 0 -0.9999999999999999
outer loop
vertex 10.977724 8.671394 39.999966
vertex 13.053986 8.72247 39.999966
vertex 13.323378 8.273182 39.999966
endloop
endfacet
facet normal 0 0 -1
outer loop
vertex 10.977724 8.671394 39.999966
vertex 13.323378 8.273182 39.999966
vertex 8.273182 8.273182 39.999966
endloop
endfacet
facet normal 0 0 -1
outer loop
vertex 10.977724 8.671394 39.999966
vertex 8.273182 8.273182 39.999966
vertex 7.422292 9.044293999999999 39.999966
endloop
endfacet
facet normal 0 0 -1
outer loop
vertex 10.977724 8.671394 39.999966
vertex 7.422292 9.044293999999999 39.999966
vertex 12.81533 9.044293999999999 39.999966
endloop
endfacet
facet normal 0 0 -1
outer loop
vertex -10.977724 8.671394 39.999966
vertex -7.422292 9.044293999999999 39.999966
vertex -8.273182 8.273182 39.999966
endloop
endfacet
facet normal 0 0 -1
outer loop
vertex -10.977724 8.671394 39.999966
vertex -8.273182 8.273182 39.999966
vertex -13.323378 8.273182 39.999966
endloop
endfacet
facet normal 0 0 -0.9999999999999999
outer loop
vertex -10.977724 8.671394 39.999966
vertex -13.323378 8.273182 39.999966
vertex -13.053986 8.72247 39.999966
endloop
endfacet
facet normal 0 0 -1
outer loop
vertex -10.977724 8.671394 39.999966
vertex -13.053986 8.72247 39.999966
vertex -12.81533 9.044293999999999 39.999966
endloop
endfacet
facet normal 0 0 -1
outer loop
vertex -10.977724 8.671394 39.999966
vertex -12.81533 9.044293999999999 39.999966
vertex -7.422292 9.044293999999999 39.999966
endloop
endfacet
facet normal 0 0 -1
outer loop
vertex 13.323378 8.273182 39.999966
vertex 13.833234 7.422292 39.999966
vertex 9.044293999999999 7.422292 39.999966
endloop
endfacet
facet normal 0 0 -1
outer loop
vertex 13.323378 8.273182 39.999966
vertex 9.044293999999999 7.422292 39.999966
vertex 8.273182 8.273182 39.999966
endloop
endfacet
facet normal 0 0 -1
outer loop
vertex -8.273182 8.273182 39.999966
vertex -9.044293999999999 7.422292 39.999966
vertex -13.833234 7.422292 39.999966
endloop
endfacet
facet normal 0 0 -1
outer loop
vertex -8.273182 8.273182 39.999966
vertex -13.833234 7.422292 39.999966
vertex -13.323378 8.273182 39.999966
endloop
endfacet
facet normal 0 0 -1
outer loop
vertex 12.144788 7.049166 39.999966
vertex 13.833234 7.422292 39.999966
vertex 13.846116 7.400822 39.999966
endloop
endfacet
facet normal 0 0 -1
outer loop
vertex 12.144788 7.049166 39.999966
vertex 13.846116 7.400822 39.999966
vertex 14.272126 6.500211999999999 39.999966
endloop
endfacet
facet normal 0 0 -1
outer loop
vertex 12.144788 7.049166 39.999966
vertex 14.272126 6.500211999999999 39.999966
vertex 9.72817 6.500211999999999 39.999966
endloop
endfacet
facet normal 0 0 -1
outer loop
vertex 12.144788 7.049166 39.999966
vertex 9.72817 6.500211999999999 39.999966
vertex 9.044293999999999 7.422292 39.999966
endloop
endfacet
facet normal 0 0 -1
outer loop
vertex 12.144788 7.049166 39.999966
vertex 9.044293999999999 7.422292 39.999966
vertex 13.833234 7.422292 39.999966
endloop
endfacet
facet normal 0 0 -1
outer loop
vertex -12.144788 7.049166 39.999966
vertex -9.044293999999999 7.422292 39.999966
vertex -9.72817 6.500211999999999 39.999966
endloop
endfacet
facet normal 0 0 -1
outer loop
vertex -12.144788 7.049166 39.999966
vertex -9.72817 6.500211999999999 39.999966
vertex -14.272126 6.500211999999999 39.999966
endloop
endfacet
facet normal 0 0 -1
outer loop
vertex -12.144788 7.049166 39.999966
vertex -14.272126 6.500211999999999 39.999966
vertex -13.846116 7.400822 39.999966
endloop
endfacet
facet normal 0 0 -1
outer loop
vertex -12.144788 7.049166 39.999966
vertex -13.846116 7.400822 39.999966
vertex -13.833234 7.422292 39.999966
endloop
endfacet
facet normal 0 0 -1
outer loop
vertex -12.144788 7.049166 39.999966
vertex -13.833234 7.422292 39.999966
vertex -9.044293999999999 7.422292 39.999966
endloop
endfacet
facet normal 0 0 -1
outer loop
vertex 12.700973999999999 6.007758 39.999966
vertex 14.272126 6.500211999999999 39.999966
vertex 14.504906 6.00821 39.999966
endloop
endfacet
facet normal 0 0 -1
outer loop
vertex 12.700973999999999 6.007758 39.999966
vertex 14.504906 6.00821 39.999966
vertex 14.681186 5.5153039999999995 39.999966
endloop
endfacet
facet normal 0 0 -1
outer loop
vertex 12.700973999999999 6.007758 39.999966
vertex 14.681186 5.5153039999999995 39.999966
vertex 10.318482 5.5153039999999995 39.999966
endloop
endfacet
facet normal 0 0 -1
outer loop
vertex 12.700973999999999 6.007758 39.999966
vertex 10.318482 5.5153039999999995 39.999966
vertex 9.72817 6.500211999999999 39.999966
endloop
endfacet
facet normal 0 0 -1
outer loop
vertex 12.700973999999999 6.007758 39.999966
vertex 9.72817 6.500211999999999 39.999966
vertex 14.272126 6.500211999999999 39.999966
endloop
endfacet
facet normal 0 0 -1
outer loop
vertex -12.700973999999999 6.007758 39.999966
vertex -9.72817 6.500211999999999 39.999966
vertex -10.318482 5.5153039999999995 39.999966
endloop
endfacet
facet normal 0 0 -1
outer loop
vertex -12.700973999999999 6.007758 39.999966
vertex -10.318482 5.5153039999999995 39.999966
vertex -14.681186 5.5153039999999995 39.999966
endloop
endfacet
facet normal 0 0 -1
outer loop
vertex -12.700973999999999 6.007758 39.999966
vertex -14.681186 5.5153039999999995 39.999966
vertex -14.504906 6.00821 39.999966
endloop
endfacet
facet normal 0 0 -1
outer loop
vertex -12.700973999999999 6.007758 39.999966
vertex -14.504906 6.00821 39.999966
vertex -14.272126 6.500211999999999 39.999966
endloop
endfacet
facet normal 0 0 -1
outer loop
vertex -12.700973999999999 6.007758 39.999966
vertex -14.272126 6.500211999999999 39.999966
vertex -9.72817 6.500211999999999 39.999966
endloop
endfacet
facet normal 0 0 -1
outer loop
vertex 13.175348 4.908494 39.999966
vertex 14.681186 5.5153039999999995 39.999966
vertex 15.024028 4.557516 39.999966
endloop
endfacet
facet normal 0 0 -1
outer loop
vertex 13.175348 4.908494 39.999966
vertex 15.024028 4.557516 39.999966
vertex 15.043916 4.477285999999999 39.999966
endloop
endfacet
facet normal 0 0 -0.9999999999999999
outer loop
vertex 13.175348 4.908494 39.999966
vertex 15.043916 4.477285999999999 39.999966
vertex 10.809353999999999 4.477285999999999 39.999966
endloop
endfacet
facet normal 0 0 -1
outer loop
vertex 13.175348 4.908494 39.999966
vertex 10.809353999999999 4.477285999999999 39.999966
vertex 10.318482 5.5153039999999995 39.999966
endloop
endfacet
facet normal 0 0 -1
outer loop
vertex 13.175348 4.908494 39.999966
vertex 10.318482 5.5153039999999995 39.999966
vertex 14.681186 5.5153039999999995 39.999966
endloop
endfacet
facet normal 0 0 -1
outer loop
vertex -13.175348 4.908494 39.999966
vertex -10.318482 5.5153039999999995 39.999966
vertex -10.809353999999999 4.477285999999999 39.999966
endloop
endfacet
facet normal 0 0 -0.9999999999999999
outer loop
vertex -13.175348 4.908494 39.999966
vertex -10.809353999999999 4.477285999999999 39.999966
vertex -15.043916 4.477285999999999 39.999966
endloop
endfacet
facet normal 0 0 -1
outer loop
vertex -13.175348 4.908494 39.999966
vertex -15.043916 4.477285999999999 39.999966
vertex -15.024028 4.557516 39.999966
endloop
endfacet
facet normal 0 0 -1
outer loop
vertex -13.175348 4.908494 39.999966
vertex -15.024028 4.557516 39.999966
vertex -14.681186 5.5153039999999995 39.999966
endloop
endfacet
facet normal 0 0 -1
outer loop
vertex -13.175348 4.908494 39.999966
vertex -14.681186 5.5153039999999995 39.999966
vertex -10.318482 5.5153039999999995 39.999966
endloop
endfacet
facet normal 0 0 -0.9999999999999999
outer loop
vertex 15.043916 4.477285999999999 39.999966
vertex 15.31489 3.396328 39.999966
vertex 11.196266 3.396328 39.999966
endloop
endfacet
facet normal 0 0 -1
outer loop
vertex 15.043916 4.477285999999999 39.999966
vertex 11.196266 3.396328 39.999966
vertex 10.809353999999999 4.477285999999999 39.999966
endloop
endfacet
facet normal 0 0 -1
outer loop
vertex -10.809353999999999 4.477285999999999 39.999966
vertex -11.196266 3.396328 39.999966
vertex -15.31489 3.396328 39.999966
endloop
endfacet
facet normal 0 0 -1
outer loop
vertex -10.809353999999999 4.477285999999999 39.999966
vertex -15.31489 3.396328 39.999966
vertex -15.043916 4.477285999999999 39.999966
endloop
endfacet
facet normal 0 0 -1
outer loop
vertex 13.779672 2.8842119999999998 39.999966
vertex 15.31489 3.396328 39.999966
vertex 15.398283999999999 3.0629779999999998 39.999966
endloop
endfacet
facet normal 0 0 -1
outer loop
vertex 13.779672 2.8842119999999998 39.999966
vertex 15.398283999999999 3.0629779999999998 39.999966
vertex 15.513995999999999 2.2826 39.999966
endloop
endfacet
facet normal 0 0 -0.9999999999999999
outer loop
vertex 13.779672 2.8842119999999998 39.999966
vertex 15.513995999999999 2.2826 39.999966
vertex 11.47515 2.2826 39.999966
endloop
endfacet
facet normal 0 0 -1
outer loop
vertex 13.779672 2.8842119999999998 39.999966
vertex 11.47515 2.2826 39.999966
vertex 11.196266 3.396328 39.999966
endloop
endfacet
facet normal 0 0 -1
outer loop
vertex 13.779672 2.8842119999999998 39.999966
vertex 11.196266 3.396328 39.999966
vertex 15.31489 3.396328 39.999966
endloop
endfacet
facet normal 0 0 -1
outer loop
vertex -13.779672 2.8842119999999998 39.999966
vertex -11.196266 3.396328 39.999966
vertex -11.47515 2.2826 39.999966
endloop
endfacet
facet normal 0 0 -0.9999999999999999
outer loop
vertex -13.779672 2.8842119999999998 39.999966
vertex -11.47515 2.2826 39.999966
vertex -15.513995999999999 2.2826 39.999966
endloop
endfacet
facet normal 0 0 -1
outer loop
vertex -13.779672 2.8842119999999998 39.999966
vertex -15.513995999999999 2.2826 39.999966
vertex -15.398283999999999 3.0629779999999998 39.999966
endloop
endfacet
facet normal 0 0 -1
outer loop
vertex -13.779672 2.8842119999999998 39.999966
vertex -15.398283999999999 3.0629779999999998 39.999966
vertex -15.31489 3.396328 39.999966
endloop
endfacet
facet normal 0 0 -1
outer loop
vertex -13.779672 2.8842119999999998 39.999966
vertex -15.31489 3.396328 39.999966
vertex -11.196266 3.396328 39.999966
endloop
endfacet
facet normal 0 0 -1
outer loop
vertex 13.980134 1.679406 39.999966
vertex 15.513995999999999 2.2826 39.999966
vertex 15.624509999999999 1.538834 39.999966
endloop
endfacet
facet normal 0 0 -1
outer loop
vertex 13.980134 1.679406 39.999966
vertex 15.624509999999999 1.538834 39.999966
vertex 15.64372 1.1467239999999999 39.999966
endloop
endfacet
facet normal 0 0 -1
outer loop
vertex 13.980134 1.679406 39.999966
vertex 15.64372 1.1467239999999999 39.999966
vertex 11.643746 1.1467239999999999 39.999966
endloop
endfacet
facet normal 0 0 -1
outer loop
vertex 13.980134 1.679406 39.999966
vertex 11.643746 1.1467239999999999 39.999966
vertex 11.47515 2.2826 39.999966
endloop
endfacet
facet normal 0 0 -1
outer loop
vertex 13.980134 1.679406 39.999966
vertex 11.47515 2.2826 39.999966
vertex 15.513995999999999 2.2826 39.999966
endloop
endfacet
facet normal 0 0 -1
outer loop
vertex -13.980134 1.679406 39.999966
vertex -11.47515 2.2826 39.999966
vertex -11.643746 1.1467239999999999 39.999966
endloop
endfacet
facet normal 0 0 -1
outer loop
vertex -13.980134 1.679406 39.999966
vertex -11.643746 1.1467239999999999 39.999966
vertex -15.64372 1.1467239999999999 39.999966
endloop
endfacet
facet normal 0 0 -1
outer loop
vertex -13.980134 1.679406 39.999966
vertex -15.64372 1.1467239999999999 39.999966
vertex -15.624509999999999 1.538834 39.999966
endloop
endfacet
facet normal 0 0 -1
outer loop
vertex -13.980134 1.679406 39.999966
vertex -15.624509999999999 1.538834 39.999966
vertex -15.513995999999999 2.2826 39.999966
endloop
endfacet
facet normal 0 0 -1
outer loop
vertex -13.980134 1.679406 39.999966
vertex -15.513995999999999 2.2826 39.999966
vertex -11.47515 2.2826 39.999966
endloop
endfacet
facet normal 0 0 -1
outer loop
vertex 15.64372 1.1467239999999999 39.999966
vertex 15.699994 0 39.999966
vertex 11.70002 0 39.999966
endloop
endfacet
facet normal 0 0 -1
outer loop
vertex 15.64372 1.1467239999999999 39.999966
vertex 11.70002 0 39.999966
vertex 11.643746 1.1467239999999999 39.999966
endloop
endfacet
facet normal 0 0 -1
outer loop
vertex -11.643746 1.1467239999999999 39.999966
vertex -11.70002 0 39.999966
vertex -15.699994 0 39.999966
endloop
endfacet
facet normal 0 0 -1
outer loop
vertex -11.643746 1.1467239999999999 39.999966
vertex -15.699994 0 39.999966
vertex -15.64372 1.1467239999999999 39.999966
endloop
endfacet
facet normal 0 0 -1
outer loop
vertex 15.699994 0 39.999966
vertex 15.64372 -1.1467239999999999 39.999966
vertex 11.643746 -1.1467239999999999 39.999966
endloop
endfacet
facet normal 0 0 -1
outer loop
vertex 15.699994 0 39.999966
vertex 11.643746 -1.1467239999999999 39.999966
vertex 11.70002 0 39.999966
endloop
endfacet
facet normal 0 0 -1
outer loop
vertex -11.70002 0 39.999966
vertex -11.643746 -1.1467239999999999 39.999966
vertex -15.64372 -1.1467239999999999 39.999966
endloop
endfacet
facet normal 0 0 -1
outer loop
vertex -11.70002 0 39.999966
vertex -15.64372 -1.1467239999999999 39.999966
vertex -15.699994 0 39.999966
endloop
endfacet
facet normal 0 0 -1
outer loop
vertex 13.980134 -1.679406 39.999966
vertex 15.64372 -1.1467239999999999 39.999966
vertex 15.624509999999999 -1.538834 39.999966
endloop
endfacet
facet normal 0 0 -1
outer loop
vertex 13.980134 -1.679406 39.999966
vertex 15.624509999999999 -1.538834 39.999966
vertex 15.513995999999999 -2.2826 39.999966
endloop
endfacet
facet normal 0 0 -1
outer loop
vertex 13.980134 -1.679406 39.999966
vertex 15.513995999999999 -2.2826 39.999966
vertex 11.47515 -2.2826 39.999966
endloop
endfacet
facet normal 0 0 -1
outer loop
vertex 13.980134 -1.679406 39.999966
vertex 11.47515 -2.2826 39.999966
vertex 11.643746 -1.1467239999999999 39.999966
endloop
endfacet
facet normal 0 0 -1
outer loop
vertex 13.980134 -1.679406 39.999966
vertex 11.643746 -1.1467239999999999 39.999966
vertex 15.64372 -1.1467239999999999 39.999966
endloop
endfacet
facet normal 0 0 -1
outer loop
vertex -13.980134 -1.679406 39.999966
vertex -11.643746 -1.1467239999999999 39.999966
vertex -11.47515 -2.2826 39.999966
endloop
endfacet
facet normal 0 0 -1
outer loop
vertex -13.980134 -1.679406 39.999966
vertex -11.47515 -2.2826 39.999966
vertex -15.513995999999999 -2.2826 39.999966
endloop
endfacet
facet normal 0 0 -1
outer loop
vertex -13.980134 -1.679406 39.999966
vertex -15.513995999999999 -2.2826 39.999966
vertex -15.624509999999999 -1.538834 39.999966
endloop
endfacet
facet normal 0 0 -1
outer loop
vertex -13.980134 -1.679406 39.999966
vertex -15.624509999999999 -1.538834 39.999966
vertex -15.64372 -1.1467239999999999 39.999966
endloop
endfacet
facet normal 0 0 -1
outer loop
vertex -13.980134 -1.679406 39.999966
vertex -15.64372 -1.1467239999999999 39.999966
vertex -11.643746 -1.1467239999999999 39.999966
endloop
endfacet
facet normal 0 0 -1
outer loop
vertex 13.779672 -2.8842119999999998 39.999966
vertex 15.513995999999999 -2.2826 39.999966
vertex 15.398283999999999 -3.0629779999999998 39.999966
endloop
endfacet
facet normal 0 0 -1
outer loop
vertex 13.779672 -2.8842119999999998 39.999966
vertex 15.398283999999999 -3.0629779999999998 39.999966
vertex 15.31489 -3.396328 39.999966
endloop
endfacet
facet normal 0 0 -1
outer loop
vertex 13.779672 -2.8842119999999998 39.999966
vertex 15.31489 -3.396328 39.999966
vertex 11.196266 -3.396328 39.999966
endloop
endfacet
facet normal 0 0 -1
outer loop
vertex 13.779672 -2.8842119999999998 39.999966
vertex 11.196266 -3.396328 39.999966
vertex 11.47515 -2.2826 39.999966
endloop
endfacet
facet normal 0 0 -0.9999999999999999
outer loop
vertex 13.779672 -2.8842119999999998 39.999966
vertex 11.47515 -2.2826 39.999966
vertex 15.513995999999999 -2.2826 39.999966
endloop
endfacet
facet normal 0 0 -1
outer loop
vertex -13.779672 -2.8842119999999998 39.999966
vertex -11.47515 -2.2826 39.999966
vertex -11.196266 -3.396328 39.999966
endloop
endfacet
facet normal 0 0 -1
outer loop
vertex -13.779672 -2.8842119999999998 39.999966
vertex -11.196266 -3.396328 39.999966
vertex -15.31489 -3.396328 39.999966
endloop
endfacet
facet normal 0 0 -1
outer loop
vertex -13.779672 -2.8842119999999998 39.999966
vertex -15.31489 -3.396328 39.999966
vertex -15.398283999999999 -3.0629779999999998 39.999966
endloop
endfacet
facet normal 0 0 -1
outer loop
vertex -13.779672 -2.8842119999999998 39.999966
vertex -15.398283999999999 -3.0629779999999998 39.999966
vertex -15.513995999999999 -2.2826 39.999966
endloop
endfacet
facet normal 0 0 -0.9999999999999999
outer loop
vertex -13.779672 -2.8842119999999998 39.999966
vertex -15.513995999999999 -2.2826 39.999966
vertex -11.47515 -2.2826 39.999966
endloop
endfacet
facet normal 0 0 -1
outer loop
vertex 15.31489 -3.396328 39.999966
vertex 15.043916 -4.477285999999999 39.999966
vertex 10.809353999999999 -4.477285999999999 39.999966
endloop
endfacet
facet normal 0 0 -1
outer loop
vertex 15.31489 -3.396328 39.999966
vertex 10.809353999999999 -4.477285999999999 39.999966
vertex 11.196266 -3.396328 39.999966
endloop
endfacet
facet normal 0 0 -1
outer loop
vertex -11.196266 -3.396328 39.999966
vertex -10.809353999999999 -4.477285999999999 39.999966
vertex -15.043916 -4.477285999999999 39.999966
endloop
endfacet
facet normal 0 0 -1
outer loop
vertex -11.196266 -3.396328 39.999966
vertex -15.043916 -4.477285999999999 39.999966
vertex -15.31489 -3.396328 39.999966
endloop
endfacet
facet normal 0 0 -1
outer loop
vertex 13.175348 -4.908494 39.999966
vertex 15.043916 -4.477285999999999 39.999966
vertex 15.024028 -4.557516 39.999966
endloop
endfacet
facet normal 0 0 -1
outer loop
vertex 13.175348 -4.908494 39.999966
vertex 15.024028 -4.557516 39.999966
vertex 14.681186 -5.5153039999999995 39.999966
endloop
endfacet
facet normal 0 0 -1
outer loop
vertex 13.175348 -4.908494 39.999966
vertex 14.681186 -5.5153039999999995 39.999966
vertex 10.318482 -5.5153039999999995 39.999966
endloop
endfacet
facet normal 0 0 -1
outer loop
vertex 13.175348 -4.908494 39.999966
vertex 10.318482 -5.5153039999999995 39.999966
vertex 10.809353999999999 -4.477285999999999 39.999966
endloop
endfacet
facet normal 0 0 -0.9999999999999999
outer loop
vertex 13.175348 -4.908494 39.999966
vertex 10.809353999999999 -4.477285999999999 39.999966
vertex 15.043916 -4.477285999999999 39.999966
endloop
endfacet
facet normal 0 0 -1
outer loop
vertex -13.175348 -4.908494 39.999966
vertex -10.809353999999999 -4.477285999999999 39.999966
vertex -10.318482 -5.5153039999999995 39.999966
endloop
endfacet
facet normal 0 0 -1
outer loop
vertex -13.175348 -4.908494 39.999966
vertex -10.318482 -5.5153039999999995 39.999966
vertex -14.681186 -5.5153039999999995 39.999966
endloop
endfacet
facet normal 0 0 -1
outer loop
vertex -13.175348 -4.908494 39.999966
vertex -14.681186 -5.5153039999999995 39.999966
vertex -15.024028 -4.557516 39.999966
endloop
endfacet
facet normal 0 0 -1
outer loop
vertex -13.175348 -4.908494 39.999966
vertex -15.024028 -4.557516 39.999966
vertex -15.043916 -4.477285999999999 39.999966
endloop
endfacet
facet normal 0 0 -0.9999999999999999
outer loop
vertex -13.175348 -4.908494 39.999966
vertex -15.043916 -4.477285999999999 39.999966
vertex -10.809353999999999 -4.477285999999999 39.999966
endloop
endfacet
facet normal 0 0 -1
outer loop
vertex 12.700973999999999 -6.007758 39.999966
vertex 14.681186 -5.5153039999999995 39.999966
vertex 14.504906 -6.00821 39.999966
endloop
endfacet
facet normal 0 0 -1
outer loop
vertex 12.700973999999999 -6.007758 39.999966
vertex 14.504906 -6.00821 39.999966
vertex 14.272126 -6.500211999999999 39.999966
endloop
endfacet
facet normal 0 0 -1
outer loop
vertex 12.700973999999999 -6.007758 39.999966
vertex 14.272126 -6.500211999999999 39.999966
vertex 9.72817 -6.500211999999999 39.999966
endloop
endfacet
facet normal 0 0 -1
outer loop
vertex 12.700973999999999 -6.007758 39.999966
vertex 9.72817 -6.500211999999999 39.999966
vertex 10.318482 -5.5153039999999995 39.999966
endloop
endfacet
facet normal 0 0 -1
outer loop
vertex 12.700973999999999 -6.007758 39.999966
vertex 10.318482 -5.5153039999999995 39.999966
vertex 14.681186 -5.5153039999999995 39.999966
endloop
endfacet
facet normal 0 0 -1
outer loop
vertex -12.700973999999999 -6.007758 39.999966
vertex -10.318482 -5.5153039999999995 39.999966
vertex -9.72817 -6.500211999999999 39.999966
endloop
endfacet
facet normal 0 0 -1
outer loop
vertex -12.700973999999999 -6.007758 39.999966
vertex -9.72817 -6.500211999999999 39.999966
vertex -14.272126 -6.500211999999999 39.999966
endloop
endfacet
facet normal 0 0 -1
outer loop
vertex -12.700973999999999 -6.007758 39.999966
vertex -14.272126 -6.500211999999999 39.999966
vertex -14.504906 -6.00821 39.999966
endloop
endfacet
facet normal 0 0 -1
outer loop
vertex -12.700973999999999 -6.007758 39.999966
vertex -14.504906 -6.00821 39.999966
vertex -14.681186 -5.5153039999999995 39.999966
endloop
endfacet
facet normal 0 0 -1
outer loop
vertex -12.700973999999999 -6.007758 39.999966
vertex -14.681186 -5.5153039999999995 39.999966
vertex -10.318482 -5.5153039999999995 39.999966
endloop
endfacet
facet normal 0 0 -1
outer loop
vertex 12.144788 -7.049166 39.999966
vertex 14.272126 -6.500211999999999 39.999966
vertex 13.846116 -7.400822 39.999966
endloop
endfacet
facet normal 0 0 -1
outer loop
vertex 12.144788 -7.049166 39.999966
vertex 13.846116 -7.400822 39.999966
vertex 13.833234 -7.422292 39.999966
endloop
endfacet
facet normal 0 0 -1
outer loop
vertex 12.144788 -7.049166 39.999966
vertex 13.833234 -7.422292 39.999966
vertex 9.044293999999999 -7.422292 39.999966
endloop
endfacet
facet normal 0 0 -1
outer loop
vertex 12.144788 -7.049166 39.999966
vertex 9.044293999999999 -7.422292 39.999966
vertex 9.72817 -6.500211999999999 39.999966
endloop
endfacet
facet normal 0 0 -1
outer loop
vertex 12.144788 -7.049166 39.999966
vertex 9.72817 -6.500211999999999 39.999966
vertex 14.272126 -6.500211999999999 39.999966
endloop
endfacet
facet normal 0 0 -1
outer loop
vertex -12.144788 -7.049166 39.999966
vertex -9.72817 -6.500211999999999 39.999966
vertex -9.044293999999999 -7.422292 39.999966
endloop
endfacet
facet normal 0 0 -1
outer loop
vertex -12.144788 -7.049166 39.999966
vertex -9.044293999999999 -7.422292 39.999966
vertex -13.833234 -7.422292 39.999966
endloop
endfacet
facet normal 0 0 -1
outer loop
vertex -12.144788 -7.049166 39.999966
vertex -13.833234 -7.422292 39.999966
vertex -13.846116 -7.400822 39.999966
endloop
endfacet
facet normal 0 0 -1
outer loop
vertex -12.144788 -7.049166 39.999966
vertex -13.846116 -7.400822 39.999966
vertex -14.272126 -6.500211999999999 39.999966
endloop
endfacet
facet normal 0 0 -1
outer loop
vertex -12.144788 -7.049166 39.999966
vertex -14.272126 -6.500211999999999 39.999966
vertex -9.72817 -6.500211999999999 39.999966
endloop
endfacet
facet normal 0 0 -1
outer loop
vertex 13.833234 -7.422292 39.999966
vertex 13.323378 -8.273182 39.999966
vertex 8.273182 -8.273182 39.999966
endloop
endfacet
facet normal 0 0 -1
outer loop
vertex 13.833234 -7.422292 39.999966
vertex 8.273182 -8.273182 39.999966
vertex 9.044293999999999 -7.422292 39.999966
endloop
endfacet
facet normal 0 0 -1
outer loop
vertex -9.044293999999999 -7.422292 39.999966
vertex -8.273182 -8.273182 39.999966
vertex -13.323378 -8.273182 39.999966
endloop
endfacet
facet normal 0 0 -1
outer loop
vertex -9.044293999999999 -7.422292 39.999966
vertex -13.323378 -8.273182 39.999966
vertex -13.833234 -7.422292 39.999966
endloop
endfacet
facet normal 0 0 -0.9999999999999999
outer loop
vertex 10.977724 -8.671394 39.999966
vertex 13.323378 -8.273182 39.999966
vertex 13.053986 -8.72247 39.999966
endloop
endfacet
facet normal 0 0 -1
outer loop
vertex 10.977724 -8.671394 39.999966
vertex 13.053986 -8.72247 39.999966
vertex 12.81533 -9.044293999999999 39.999966
endloop
endfacet
facet normal 0 0 -1
outer loop
vertex 10.977724 -8.671394 39.999966
vertex 12.81533 -9.044293999999999 39.999966
vertex 7.422292 -9.044293999999999 39.999966
endloop
endfacet
facet normal 0 0 -1
outer loop
vertex 10.977724 -8.671394 39.999966
vertex 7.422292 -9.044293999999999 39.999966
vertex 8.273182 -8.273182 39.999966
endloop
endfacet
facet normal 0 0 -1
outer loop
vertex 10.977724 -8.671394 39.999966
vertex 8.273182 -8.273182 39.999966
vertex 13.323378 -8.273182 39.999966
endloop
endfacet
facet normal 0 0 -1
outer loop
vertex -10.977724 -8.671394 39.999966
vertex -8.273182 -8.273182 39.999966
vertex -7.422292 -9.044293999999999 39.999966
endloop
endfacet
facet normal 0 0 -1
outer loop
vertex -10.977724 -8.671394 39.999966
vertex -7.422292 -9.044293999999999 39.999966
vertex -12.81533 -9.044293999999999 39.999966
endloop
endfacet
facet normal 0 0 -1
outer loop
vertex -10.977724 -8.671394 39.999966
vertex -12.81533 -9.044293999999999 39.999966
vertex -13.053986 -8.72247 39.999966
endloop
endfacet
facet normal 0 0 -0.9999999999999999
outer loop
vertex -10.977724 -8.671394 39.999966
vertex -13.053986 -8.72247 39.999966
vertex -13.323378 -8.273182 39.999966
endloop
endfacet
facet normal 0 0 -1
outer loop
vertex -10.977724 -8.671394 39.999966
vertex -13.323378 -8.273182 39.999966
vertex -8.273182 -8.273182 39.999966
endloop
endfacet
facet normal 0 0 -1
outer loop
vertex 12.81533 -9.044293999999999 39.999966
vertex 12.308186 -9.72817 39.999966
vertex 6.500211999999999 -9.72817 39.999966
endloop
endfacet
facet normal 0 0 -0.9999999999999999
outer loop
vertex 12.81533 -9.044293999999999 39.999966
vertex 6.500211999999999 -9.72817 39.999966
vertex 7.422292 -9.044293999999999 39.999966
endloop
endfacet
facet normal 0 0 -1
outer loop
vertex -7.422292 -9.044293999999999 39.999966
vertex -6.500211999999999 -9.72817 39.999966
vertex -12.308186 -9.72817 39.999966
endloop
endfacet
facet normal 0 0 -0.9999999999999999
outer loop
vertex -7.422292 -9.044293999999999 39.999966
vertex -12.308186 -9.72817 39.999966
vertex -12.81533 -9.044293999999999 39.999966
endloop
endfacet
facet normal 0 0 -1
outer loop
vertex 9.654268 -10.01067 39.999966
vertex 12.308186 -9.72817 39.999966
vertex 12.136199999999999 -9.960046 39.999966
endloop
endfacet
facet normal 0 0 -0.9999999999999999
outer loop
vertex 9.654268 -10.01067 39.999966
vertex 12.136199999999999 -9.960046 39.999966
vertex 11.811437999999999 -10.318482 39.999966
endloop
endfacet
facet normal 0 0 -0.9999999999999999
outer loop
vertex 9.654268 -10.01067 39.999966
vertex 11.811437999999999 -10.318482 39.999966
vertex 5.5153039999999995 -10.318482 39.999966
endloop
endfacet
facet normal 0 0 -1
outer loop
vertex 9.654268 -10.01067 39.999966
vertex 5.5153039999999995 -10.318482 39.999966
vertex 6.500211999999999 -9.72817 39.999966
endloop
endfacet
facet normal 0 0 -0.9999999999999999
outer loop
vertex 9.654268 -10.01067 39.999966
vertex 6.500211999999999 -9.72817 39.999966
vertex 12.308186 -9.72817 39.999966
endloop
endfacet
facet normal 0 0 -1
outer loop
vertex -9.654268 -10.01067 39.999966
vertex -6.500211999999999 -9.72817 39.999966
vertex -5.5153039999999995 -10.318482 39.999966
endloop
endfacet
facet normal 0 0 -0.9999999999999999
outer loop
vertex -9.654268 -10.01067 39.999966
vertex -5.5153039999999995 -10.318482 39.999966
vertex -11.811437999999999 -10.318482 39.999966
endloop
endfacet
facet normal 0 0 -0.9999999999999999
outer loop
vertex -9.654268 -10.01067 39.999966
vertex -11.811437999999999 -10.318482 39.999966
vertex -12.136199999999999 -9.960046 39.999966
endloop
endfacet
facet normal 0 0 -1
outer loop
vertex -9.654268 -10.01067 39.999966
vertex -12.136199999999999 -9.960046 39.999966
vertex -12.308186 -9.72817 39.999966
endloop
endfacet
facet normal 0 0 -0.9999999999999999
outer loop
vertex -9.654268 -10.01067 39.999966
vertex -12.308186 -9.72817 39.999966
vertex -6.500211999999999 -9.72817 39.999966
endloop
endfacet
facet normal 0 0 -1
outer loop
vertex 11.811437999999999 -10.318482 39.999966
vertex 11.366444 -10.809353999999999 39.999966
vertex 4.477285999999999 -10.809353999999999 39.999966
endloop
endfacet
facet normal 0 0 -1
outer loop
vertex 11.811437999999999 -10.318482 39.999966
vertex 4.477285999999999 -10.809353999999999 39.999966
vertex 5.5153039999999995 -10.318482 39.999966
endloop
endfacet
facet normal 0 0 -1
outer loop
vertex -5.5153039999999995 -10.318482 39.999966
vertex -4.477285999999999 -10.809353999999999 39.999966
vertex -11.366444 -10.809353999999999 39.999966
endloop
endfacet
facet normal 0 0 -1
outer loop
vertex -5.5153039999999995 -10.318482 39.999966
vertex -11.366444 -10.809353999999999 39.999966
vertex -11.811437999999999 -10.318482 39.999966
endloop
endfacet
facet normal 0 0 -1
outer loop
vertex 8.267757999999999 -11.022471999999999 39.999966
vertex 11.366444 -10.809353999999999 39.999966
vertex 11.101571999999999 -11.101571999999999 39.999966
endloop
endfacet
facet normal 0 0 -1
outer loop
vertex 8.267757999999999 -11.022471999999999 39.999966
vertex 11.101571999999999 -11.101571999999999 39.999966
vertex 10.99716 -11.196266 39.999966
endloop
endfacet
facet normal 0 0 -1
outer loop
vertex 8.267757999999999 -11.022471999999999 39.999966
vertex 10.99716 -11.196266 39.999966
vertex 3.396328 -11.196266 39.999966
endloop
endfacet
facet normal 0 0 -1
outer loop
vertex 8.267757999999999 -11.022471999999999 39.999966
vertex 3.396328 -11.196266 39.999966
vertex 4.477285999999999 -10.809353999999999 39.999966
endloop
endfacet
facet normal 0 0 -1
outer loop
vertex 8.267757999999999 -11.022471999999999 39.999966
vertex 4.477285999999999 -10.809353999999999 39.999966
vertex 11.366444 -10.809353999999999 39.999966
endloop
endfacet
facet normal 0 0 -1
outer loop
vertex -8.267757999999999 -11.022471999999999 39.999966
vertex -4.477285999999999 -10.809353999999999 39.999966
vertex -3.396328 -11.196266 39.999966
endloop
endfacet
facet normal 0 0 -1
outer loop
vertex -8.267757999999999 -11.022471999999999 39.999966
vertex -3.396328 -11.196266 39.999966
vertex -10.99716 -11.196266 39.999966
endloop
endfacet
facet normal 0 0 -1
outer loop
vertex -8.267757999999999 -11.022471999999999 39.999966
vertex -10.99716 -11.196266 39.999966
vertex -11.101571999999999 -11.101571999999999 39.999966
endloop
endfacet
facet normal 0 0 -1
outer loop
vertex -8.267757999999999 -11.022471999999999 39.999966
vertex -11.101571999999999 -11.101571999999999 39.999966
vertex -11.366444 -10.809353999999999 39.999966
endloop
endfacet
facet normal 0 0 -1
outer loop
vertex -8.267757999999999 -11.022471999999999 39.999966
vertex -11.366444 -10.809353999999999 39.999966
vertex -4.477285999999999 -10.809353999999999 39.999966
endloop
endfacet
facet normal 0 0 -1
outer loop
vertex 10.99716 -11.196266 39.999966
vertex 10.689347999999999 -11.47515 39.999966
vertex 2.2826 -11.47515 39.999966
endloop
endfacet
facet normal 0 0 -1
outer loop
vertex 10.99716 -11.196266 39.999966
vertex 2.2826 -11.47515 39.999966
vertex 3.396328 -11.196266 39.999966
endloop
endfacet
facet normal 0 0 -1
outer loop
vertex -3.396328 -11.196266 39.999966
vertex -2.2826 -11.47515 39.999966
vertex -10.689347999999999 -11.47515 39.999966
endloop
endfacet
facet normal 0 0 -1
outer loop
vertex -3.396328 -11.196266 39.999966
vertex -10.689347999999999 -11.47515 39.999966
vertex -10.99716 -11.196266 39.999966
endloop
endfacet
facet normal 0 0 -1
outer loop
vertex 10.689347999999999 -11.47515 39.999966
vertex 10.503575999999999 -11.643746 39.999966
vertex 1.1467239999999999 -11.643746 39.999966
endloop
endfacet
facet normal 0 0 -1
outer loop
vertex 10.689347999999999 -11.47515 39.999966
vertex 1.1467239999999999 -11.643746 39.999966
vertex 2.2826 -11.47515 39.999966
endloop
endfacet
facet normal 0 0 -1
outer loop
vertex -2.2826 -11.47515 39.999966
vertex -1.1467239999999999 -11.643746 39.999966
vertex -10.503575999999999 -11.643746 39.999966
endloop
endfacet
facet normal 0 0 -1
outer loop
vertex -2.2826 -11.47515 39.999966
vertex -10.503575999999999 -11.643746 39.999966
vertex -10.689347999999999 -11.47515 39.999966
endloop
endfacet
facet normal 0 0 -1
outer loop
vertex 10.503575999999999 -11.643746 39.999966
vertex 10.441426 -11.70002 39.999966
vertex 0 -11.70002 39.999966
endloop
endfacet
facet normal 0 0 -1
outer loop
vertex 10.503575999999999 -11.643746 39.999966
vertex 0 -11.70002 39.999966
vertex 1.1467239999999999 -11.643746 39.999966
endloop
endfacet
facet normal 0 0 -1
outer loop
vertex -1.1467239999999999 -11.643746 39.999966
vertex 0 -11.70002 39.999966
vertex -10.441426 -11.70002 39.999966
endloop
endfacet
facet normal 0 0 -1
outer loop
vertex -1.1467239999999999 -11.643746 39.999966
vertex -10.441426 -11.70002 39.999966
vertex -10.503575999999999 -11.643746 39.999966
endloop
endfacet
facet normal 0 0 -1
outer loop
vertex 0 -13.887474 39.999966
vertex 0 -11.70002 39.999966
vertex 10.441426 -11.70002 39.999966
endloop
endfacet
facet normal 0 0 -0.9999999999999999
outer loop
vertex 0 -13.887474 39.999966
vertex 10.441426 -11.70002 39.999966
vertex 9.960046 -12.136199999999999 39.999966
endloop
endfacet
facet normal 0 0 -1
outer loop
vertex 0 -13.887474 39.999966
vertex 9.960046 -12.136199999999999 39.999966
vertex 8.72247 -13.053986 39.999966
endloop
endfacet
facet normal 0 0 -1
outer loop
vertex 0 -13.887474 39.999966
vertex 8.72247 -13.053986 39.999966
vertex 7.400822 -13.846116 39.999966
endloop
endfacet
facet normal 0 0 -1
outer loop
vertex 0 -13.887474 39.999966
vertex 7.400822 -13.846116 39.999966
vertex 6.00821 -14.504906 39.999966
endloop
endfacet
facet normal 0 0 -1
outer loop
vertex 0 -13.887474 39.999966
vertex 6.00821 -14.504906 39.999966
vertex 4.557516 -15.024028 39.999966
endloop
endfacet
facet normal 0 0 -1
outer loop
vertex 0 -13.887474 39.999966
vertex 4.557516 -15.024028 39.999966
vertex 3.0629779999999998 -15.398283999999999 39.999966
endloop
endfacet
facet normal 0 0 -1
outer loop
vertex 0 -13.887474 39.999966
vertex 3.0629779999999998 -15.398283999999999 39.999966
vertex 1.538834 -15.624509999999999 39.999966
endloop
endfacet
facet normal 0 0 -1
outer loop
vertex 0 -13.887474 39.999966
vertex 1.538834 -15.624509999999999 39.999966
vertex 0 -15.699994 39.999966
endloop
endfacet
facet normal 0 0 -1
outer loop
vertex 0 -13.887474 39.999966
vertex 0 -15.699994 39.999966
vertex -1.538834 -15.624509999999999 39.999966
endloop
endfacet
facet normal 0 0 -1
outer loop
vertex 0 -13.887474 39.999966
vertex -1.538834 -15.624509999999999 39.999966
vertex -3.0629779999999998 -15.398283999999999 39.999966
endloop
endfacet
facet normal 0 0 -1
outer loop
vertex 0 -13.887474 39.999966
vertex -3.0629779999999998 -15.398283999999999 39.999966
vertex -4.557516 -15.024028 39.999966
endloop
endfacet
facet normal 0 0 -1
outer loop
vertex 0 -13.887474 39.999966
vertex -4.557516 -15.024028 39.999966
vertex -6.00821 -14.504906 39.999966
endloop
endfacet
facet normal 0 0 -1
outer loop
vertex 0 -13.887474 39.999966
vertex -6.00821 -14.504906 39.999966
vertex -7.400822 -13.846116 39.999966
endloop
endfacet
facet normal 0 0 -1
outer loop
vertex 0 -13.887474 39.999966
vertex -7.400822 -13.846116 39.999966
vertex -8.72247 -13.053986 39.999966
endloop
endfacet
facet normal 0 0 -1
outer loop
vertex 0 -13.887474 39.999966
vertex -8.72247 -13.053986 39.999966
vertex -9.960046 -12.136199999999999 39.999966
endloop
endfacet
facet normal 0 0 -0.9999999999999999
outer loop
vertex 0 -13.887474 39.999966
vertex -9.960046 -12.136199999999999 39.999966
vertex -10.441426 -11.70002 39.999966
endloop
endfacet
facet normal 0 0 -1
outer loop
vertex 0 -13.887474 39.999966
vertex -10.441426 -11.70002 39.999966
vertex 0 -11.70002 39.999966
endloop
endfacet
facet normal 0.5140755289557548 0.8576153982459166 -0.014905677453869596
outer loop
vertex 7.400932079601992 13.846166636815925 44.99987803482588
vertex 7.636749298507465 14.287056527363188 78.49998711442788
vertex 9.000302676616919 13.469709467661696 78.49998711442788
endloop
endfacet
facet normal 0.5141263748851496 0.857584869750621 -0.014908448016650415
outer loop
vertex 7.400932079601992 13.846166636815925 44.99987803482588
vertex 9.000302676616919 13.469709467661696 78.49998711442788
vertex 8.722293472636819 13.05400394029851 44.99987803482588
endloop
endfacet
facet normal 0.4274727776422984 0.9039053825602794 -0.014902474738548749
outer loop
vertex 6.008269502487564 14.50488491542289 44.99987803482588
vertex 6.199605248756221 14.966707263681595 78.49998711442788
vertex 7.636749298507465 14.287056527363188 78.49998711442788
endloop
endfacet
facet normal 0.42752771618289326 0.9038793522873678 -0.014905314622906868
outer loop
vertex 6.008269502487564 14.50488491542289 44.99987803482588
vertex 7.636749298507465 14.287056527363188 78.49998711442788
vertex 7.400932079601992 13.846166636815925 44.99987803482588
endloop
endfacet
facet normal 0.3369113522771157 0.9414183512651744 -0.014907334032823896
outer loop
vertex 4.557388527363186 15.023944452736323 44.99987803482588
vertex 4.70260745273632 15.502447353233835 78.49998711442788
vertex 6.199605248756221 14.966707263681595 78.49998711442788
endloop
endfacet
facet normal 0.3368098887278376 0.9414547362297963 -0.014902297998166987
outer loop
vertex 4.557388527363186 15.023944452736323 44.99987803482588
vertex 6.199605248756221 14.966707263681595 78.49998711442788
vertex 6.008269502487564 14.50488491542289 44.99987803482588
endloop
endfacet
facet normal 0.24294429252065788 0.9699257741193062 -0.014901792868694143
outer loop
vertex 3.063007288557215 15.398439203980104 44.99987803482588
vertex 3.1604740447761204 15.888716611940303 78.49998711442788
vertex 4.70260745273632 15.502447353233835 78.49998711442788
endloop
endfacet
facet normal 0.2430580605338636 0.9698971865320745 -0.014907272275064276
outer loop
vertex 3.063007288557215 15.398439203980104 44.99987803482588
vertex 4.70260745273632 15.502447353233835 78.49998711442788
vertex 4.557388527363186 15.023944452736323 44.99987803482588
endloop
endfacet
facet normal 0.14667403844576188 0.9890726182990578 -0.014902421852084218
outer loop
vertex 1.5388627114427864 15.624444333333338 44.99987803482588
vertex 1.5879231592039804 16.121917273631844 78.49998711442788
vertex 3.1604740447761204 15.888716611940303 78.49998711442788
endloop
endfacet
facet normal 0.14666315447450984 0.9890742400162286 -0.01490190779416873
outer loop
vertex 1.5388627114427864 15.624444333333338 44.99987803482588
vertex 3.1604740447761204 15.888716611940303 78.49998711442788
vertex 3.063007288557215 15.398439203980104 44.99987803482588
endloop
endfacet
facet normal 0.04916259631381472 0.9986795192617857 -0.014908283963400234
outer loop
vertex 0 15.699997422885577 44.99987803482588
vertex 0 16.200086920398014 78.49998711442788
vertex 1.5879231592039804 16.121917273631844 78.49998711442788
endloop
endfacet
facet normal 0.04903219360052451 0.9986860211708576 -0.014902184693589922
outer loop
vertex 0 15.699997422885577 44.99987803482588
vertex 1.5879231592039804 16.121917273631844 78.49998711442788
vertex 1.5388627114427864 15.624444333333338 44.99987803482588
endloop
endfacet
facet normal -0.049162600714062955 0.9986796086475814 -0.014902280447742989
outer loop
vertex -1.5388627114427864 15.624444333333338 44.99987803482588
vertex -1.5879231592039804 16.121917273631844 78.49998711442788
vertex 0 16.200086920398014 78.49998711442788
endloop
endfacet
facet normal -0.04903218907200708 0.9986859289341714 -0.014908379646964575
outer loop
vertex -1.5388627114427864 15.624444333333338 44.99987803482588
vertex 0 16.200086920398014 78.49998711442788
vertex 0 15.699997422885577 44.99987803482588
endloop
endfacet
facet normal -0.1466740395520316 0.9890726257590083 -0.014901915838899299
outer loop
vertex -3.063007288557215 15.398439203980104 44.99987803482588
vertex -3.1604740447761204 15.888716611940303 78.49998711442788
vertex -1.5879231592039804 16.121917273631844 78.49998711442788
endloop
endfacet
facet normal -0.14666315333318827 0.9890742323193276 -0.01490242987901069
outer loop
vertex -3.063007288557215 15.398439203980104 44.99987803482588
vertex -1.5879231592039804 16.121917273631844 78.49998711442788
vertex -1.5388627114427864 15.624444333333338 44.99987803482588
endloop
endfacet
facet normal -0.24294427298713342 0.9699256961340668 -0.014907186240179887
outer loop
vertex -4.557388527363186 15.023944452736323 44.99987803482588
vertex -4.70260745273632 15.502447353233835 78.49998711442788
vertex -3.1604740447761204 15.888716611940303 78.49998711442788
endloop
endfacet
facet normal -0.24305808070042006 0.9698972670045605 -0.014901706724809012
outer loop
vertex -4.557388527363186 15.023944452736323 44.99987803482588
vertex -3.1604740447761204 15.888716611940303 78.49998711442788
vertex -3.063007288557215 15.398439203980104 44.99987803482588
endloop
endfacet
facet normal -0.3369113771748776 0.9414184208360272 -0.014902377016038762
outer loop
vertex -6.008269502487564 14.50488491542289 44.99987803482588
vertex -6.199605248756221 14.966707263681595 78.49998711442788
vertex -4.70260745273632 15.502447353233835 78.49998711442788
endloop
endfacet
facet normal -0.3368098630454384 0.9414546644420693 -0.014907412772964803
outer loop
vertex -6.008269502487564 14.50488491542289 44.99987803482588
vertex -4.70260745273632 15.502447353233835 78.49998711442788
vertex -4.557388527363186 15.023944452736323 44.99987803482588
endloop
endfacet
facet normal -0.427472759830665 0.9039053448969891 -0.014905269853639727
outer loop
vertex -7.400932079601992 13.846166636815925 44.99987803482588
vertex -7.636749298507465 14.287056527363188 78.49998711442788
vertex -6.199605248756221 14.966707263681595 78.49998711442788
endloop
endfacet
facet normal -0.4275277345652627 0.9038793911513844 -0.014902430315122579
outer loop
vertex -7.400932079601992 13.846166636815925 44.99987803482588
vertex -6.199605248756221 14.966707263681595 78.49998711442788
vertex -6.008269502487564 14.50488491542289 44.99987803482588
endloop
endfacet
facet normal -0.5140755080544774 0.857615363376999 -0.014908404283119098
outer loop
vertex -8.722293472636819 13.05400394029851 44.99987803482588
vertex -9.000302676616919 13.469709467661696 78.49998711442788
vertex -7.636749298507465 14.287056527363188 78.49998711442788
endloop
endfacet
facet normal -0.5141263964551868 0.8575849057303693 -0.014905634217903108
outer loop
vertex -8.722293472636819 13.05400394029851 44.99987803482588
vertex -7.636749298507465 14.287056527363188 78.49998711442788
vertex -7.400932079601992 13.846166636815925 44.99987803482588
endloop
endfacet
facet normal -0.5140755289557548 -0.8576153982459166 -0.014905677453869596
outer loop
vertex -7.400932079601992 -13.846166636815925 44.99987803482588
vertex -7.636749298507465 -14.287056527363188 78.49998711442788
vertex -9.000302676616919 -13.469709467661696 78.49998711442788
endloop
endfacet
facet normal -0.5141263748851496 -0.857584869750621 -0.014908448016650415
outer loop
vertex -7.400932079601992 -13.846166636815925 44.99987803482588
vertex -9.000302676616919 -13.469709467661696 78.49998711442788
vertex -8.722293472636819 -13.05400394029851 44.99987803482588
endloop
endfacet
facet normal -0.4274727776422984 -0.9039053825602794 -0.014902474738548749
outer loop
vertex -6.008269502487564 -14.50488491542289 44.99987803482588
vertex -6.199605248756221 -14.966707263681595 78.49998711442788
vertex -7.636749298507465 -14.287056527363188 78.49998711442788
endloop
endfacet
facet normal -0.42752771618289326 -0.9038793522873678 -0.014905314622906868
outer loop
vertex -6.008269502487564 -14.50488491542289 44.99987803482588
vertex -7.636749298507465 -14.287056527363188 78.49998711442788
vertex -7.400932079601992 -13.846166636815925 44.99987803482588
endloop
endfacet
facet normal -0.3369113522771157 -0.9414183512651744 -0.014907334032823896
outer loop
vertex -4.557388527363186 -15.023944452736323 44.99987803482588
vertex -4.70260745273632 -15.502447353233835 78.49998711442788
vertex -6.199605248756221 -14.966707263681595 78.49998711442788
endloop
endfacet
facet normal -0.3368098887278376 -0.9414547362297963 -0.014902297998166987
outer loop
vertex -4.557388527363186 -15.023944452736323 44.99987803482588
vertex -6.199605248756221 -14.966707263681595 78.49998711442788
vertex -6.008269502487564 -14.50488491542289 44.99987803482588
endloop
endfacet
facet normal -0.24294429252065788 -0.9699257741193062 -0.014901792868694143
outer loop
vertex -3.063007288557215 -15.398439203980104 44.99987803482588
vertex -3.1604740447761204 -15.888716611940303 78.49998711442788
vertex -4.70260745273632 -15.502447353233835 78.49998711442788
endloop
endfacet
facet normal -0.2430580605338636 -0.9698971865320745 -0.014907272275064276
outer loop
vertex -3.063007288557215 -15.398439203980104 44.99987803482588
vertex -4.70260745273632 -15.502447353233835 78.49998711442788
vertex -4.557388527363186 -15.023944452736323 44.99987803482588
endloop
endfacet
facet normal -0.14667403844576188 -0.9890726182990578 -0.014902421852084218
outer loop
vertex -1.5388627114427864 -15.624444333333338 44.99987803482588
vertex -1.5879231592039804 -16.121917273631844 78.49998711442788
vertex -3.1604740447761204 -15.888716611940303 78.49998711442788
endloop
endfacet
facet normal -0.14666315447450984 -0.9890742400162286 -0.01490190779416873
outer loop
vertex -1.5388627114427864 -15.624444333333338 44.99987803482588
vertex -3.1604740447761204 -15.888716611940303 78.49998711442788
vertex -3.063007288557215 -15.398439203980104 44.99987803482588
endloop
endfacet
facet normal -0.04916259631381472 -0.9986795192617857 -0.014908283963400234
outer loop
vertex 0 -15.699997422885577 44.99987803482588
vertex 0 -16.200086920398014 78.49998711442788
vertex -1.5879231592039804 -16.121917273631844 78.49998711442788
endloop
endfacet
facet normal -0.04903219360052451 -0.9986860211708576 -0.014902184693589922
outer loop
vertex 0 -15.699997422885577 44.99987803482588
vertex -1.5879231592039804 -16.121917273631844 78.49998711442788
vertex -1.5388627114427864 -15.624444333333338 44.99987803482588
endloop
endfacet
facet normal 0.049162600714062955 -0.9986796086475814 -0.014902280447742989
outer loop
vertex 1.5388627114427864 -15.624444333333338 44.99987803482588
vertex 1.5879231592039804 -16.121917273631844 78.49998711442788
vertex 0 -16.200086920398014 78.49998711442788
endloop
endfacet
facet normal 0.04903218907200708 -0.9986859289341714 -0.014908379646964575
outer loop
vertex 1.5388627114427864 -15.624444333333338 44.99987803482588
vertex 0 -16.200086920398014 78.49998711442788
vertex 0 -15.699997422885577 44.99987803482588
endloop
endfacet
facet normal 0.1466740395520316 -0.9890726257590083 -0.014901915838899299
outer loop
vertex 3.063007288557215 -15.398439203980104 44.99987803482588
vertex 3.1604740447761204 -15.888716611940303 78.49998711442788
vertex 1.5879231592039804 -16.121917273631844 78.49998711442788
endloop
endfacet
facet normal 0.14666315333318827 -0.9890742323193276 -0.01490242987901069
outer loop
vertex 3.063007288557215 -15.398439203980104 44.99987803482588
vertex 1.5879231592039804 -16.121917273631844 78.49998711442788
vertex 1.5388627114427864 -15.624444333333338 44.99987803482588
endloop
endfacet
facet normal 0.24294427298713342 -0.9699256961340668 -0.014907186240179887
outer loop
vertex 4.557388527363186 -15.023944452736323 44.99987803482588
vertex 4.70260745273632 -15.502447353233835 78.49998711442788
vertex 3.1604740447761204 -15.888716611940303 78.49998711442788
endloop
endfacet
facet normal 0.24305808070042006 -0.9698972670045605 -0.014901706724809012
outer loop
vertex 4.557388527363186 -15.023944452736323 44.99987803482588
vertex 3.1604740447761204 -15.888716611940303 78.49998711442788
vertex 3.063007288557215 -15.398439203980104 44.99987803482588
endloop
endfacet
facet normal 0.3369113771748776 -0.9414184208360272 -0.014902377016038762
outer loop
vertex 6.008269502487564 -14.50488491542289 44.99987803482588
vertex 6.199605248756221 -14.966707263681595 78.49998711442788
vertex 4.70260745273632 -15.502447353233835 78.49998711442788
endloop
endfacet
facet normal 0.3368098630454384 -0.9414546644420693 -0.014907412772964803
outer loop
vertex 6.008269502487564 -14.50488491542289 44.99987803482588
vertex 4.70260745273632 -15.502447353233835 78.49998711442788
vertex 4.557388527363186 -15.023944452736323 44.99987803482588
endloop
endfacet
facet normal 0.427472759830665 -0.9039053448969891 -0.014905269853639727
outer loop
vertex 7.400932079601992 -13.846166636815925 44.99987803482588
vertex 7.636749298507465 -14.287056527363188 78.49998711442788
vertex 6.199605248756221 -14.966707263681595 78.49998711442788
endloop
endfacet
facet normal 0.4275277345652627 -0.9038793911513844 -0.014902430315122579
outer loop
vertex 7.400932079601992 -13.846166636815925 44.99987803482588
vertex 6.199605248756221 -14.966707263681595 78.49998711442788
vertex 6.008269502487564 -14.50488491542289 44.99987803482588
endloop
endfacet
facet normal 0.5140755080544774 -0.857615363376999 -0.014908404283119098
outer loop
vertex 8.722293472636819 -13.05400394029851 44.99987803482588
vertex 9.000302676616919 -13.469709467661696 78.49998711442788
vertex 7.636749298507465 -14.287056527363188 78.49998711442788
endloop
endfacet
facet normal 0.5141263964551868 -0.8575849057303693 -0.014905634217903108
outer loop
vertex 8.722293472636819 -13.05400394029851 44.99987803482588
vertex 7.636749298507465 -14.287056527363188 78.49998711442788
vertex 7.400932079601992 -13.846166636815925 44.99987803482588
endloop
endfacet
facet normal -0.3367449815410284 -0.9414779553607024 0.014902247372914953
outer loop
vertex 5.242926517412937 12.657268452736322 44.99987803482588
vertex 5.434262263681593 13.119090800995028 78.49998711442788
vertex 4.122058820895523 13.588435751243784 78.49998711442788
endloop
endfacet
facet normal -0.3366225676511262 -0.9415216469490669 0.014907557622880966
outer loop
vertex 5.242926517412937 12.657268452736322 44.99987803482588
vertex 4.122058820895523 13.588435751243784 78.49998711442788
vertex 3.976839895522389 13.109932850746272 44.99987803482588
endloop
endfacet
facet normal -0.2431160027763093 -0.9698826635854078 0.01490731600740181
outer loop
vertex 3.976839895522389 13.109932850746272 44.99987803482588
vertex 4.122058820895523 13.588435751243784 78.49998711442788
vertex 2.770279950248757 13.927279910447766 78.49998711442788
endloop
endfacet
facet normal -0.24302377992961693 -0.9699057162956768 0.0149112000084212
outer loop
vertex 3.976839895522389 13.109932850746272 44.99987803482588
vertex 2.770279950248757 13.927279910447766 78.49998711442788
vertex 2.6728131940298514 13.436675432835825 44.99987803482588
endloop
endfacet
facet normal -0.14665993069010938 -0.9890745725741037 0.014911559855570501
outer loop
vertex 2.6728131940298514 13.436675432835825 44.99987803482588
vertex 2.770279950248757 13.927279910447766 78.49998711442788
vertex 1.3916813681592044 14.131698442786073 78.49998711442788
endloop
endfacet
facet normal -0.1466822382927445 -0.9890712784383108 0.01491063841141056
outer loop
vertex 2.6728131940298514 13.436675432835825 44.99987803482588
vertex 1.3916813681592044 14.131698442786073 78.49998711442788
vertex 1.3429479900497516 13.633898432835824 44.99987803482588
endloop
endfacet
facet normal -0.04905408338223722 -0.9986848076144409 0.014911470203691784
outer loop
vertex 1.3429479900497516 13.633898432835824 44.99987803482588
vertex 1.3916813681592044 14.131698442786073 78.49998711442788
vertex 0 14.200056000000004 78.49998711442788
endloop
endfacet
facet normal -0.04913141082099102 -0.9986810536187519 0.014908306868275031
outer loop
vertex 1.3429479900497516 13.633898432835824 44.99987803482588
vertex 0 14.200056000000004 78.49998711442788
vertex 0 13.699966502487566 44.99987803482588
endloop
endfacet
facet normal 0.04905408565488959 -0.9986848538830327 0.014908363598605376
outer loop
vertex 0 13.699966502487566 44.99987803482588
vertex 0 14.200056000000004 78.49998711442788
vertex -1.3916813681592044 14.131698442786073 78.49998711442788
endloop
endfacet
facet normal 0.04913140846216445 -0.9986810056715149 0.014911526194707411
outer loop
vertex 0 13.699966502487566 44.99987803482588
vertex -1.3916813681592044 14.131698442786073 78.49998711442788
vertex -1.3429479900497516 13.633898432835824 44.99987803482588
endloop
endfacet
facet normal 0.14665993266910102 -0.9890745859204235 0.014910655110945368
outer loop
vertex -1.3429479900497516 13.633898432835824 44.99987803482588
vertex -1.3916813681592044 14.131698442786073 78.49998711442788
vertex -2.770279950248757 13.927279910447766 78.49998711442788
endloop
endfacet
facet normal 0.14668223624092686 -0.9890712646030031 0.014911576307584095
outer loop
vertex -1.3429479900497516 13.633898432835824 44.99987803482588
vertex -2.770279950248757 13.927279910447766 78.49998711442788
vertex -2.6728131940298514 13.436675432835825 44.99987803482588
endloop
endfacet
facet normal 0.2431159889492257 -0.9698826084238861 0.0149111298739829
outer loop
vertex -2.6728131940298514 13.436675432835825 44.99987803482588
vertex -2.770279950248757 13.927279910447766 78.49998711442788
vertex -4.122058820895523 13.588435751243784 78.49998711442788
endloop
endfacet
facet normal 0.24302379425793988 -0.9699057734798846 0.014907246387616249
outer loop
vertex -2.6728131940298514 13.436675432835825 44.99987803482588
vertex -4.122058820895523 13.588435751243784 78.49998711442788
vertex -3.976839895522389 13.109932850746272 44.99987803482588
endloop
endfacet
facet normal 0.33674495535707927 -0.9414778821551248 0.014907463039018682
outer loop
vertex -3.976839895522389 13.109932850746272 44.99987803482588
vertex -4.122058820895523 13.588435751243784 78.49998711442788
vertex -5.434262263681593 13.119090800995028 78.49998711442788
endloop
endfacet
facet normal 0.3366225947802149 -0.9415217228281871 0.014902151726432283
outer loop
vertex -3.976839895522389 13.109932850746272 44.99987803482588
vertex -5.434262263681593 13.119090800995028 78.49998711442788
vertex -5.242926517412937 12.657268452736322 44.99987803482588
endloop
endfacet
facet normal 0.3367449815410284 0.9414779553607024 0.014902247372914953
outer loop
vertex -5.242926517412937 -12.657268452736322 44.99987803482588
vertex -5.434262263681593 -13.119090800995028 78.49998711442788
vertex -4.122058820895523 -13.588435751243784 78.49998711442788
endloop
endfacet
facet normal 0.3366225676511262 0.9415216469490669 0.014907557622880966
outer loop
vertex -5.242926517412937 -12.657268452736322 44.99987803482588
vertex -4.122058820895523 -13.588435751243784 78.49998711442788
vertex -3.976839895522389 -13.109932850746272 44.99987803482588
endloop
endfacet
facet normal 0.2431160027763093 0.9698826635854078 0.01490731600740181
outer loop
vertex -3.976839895522389 -13.109932850746272 44.99987803482588
vertex -4.122058820895523 -13.588435751243784 78.49998711442788
vertex -2.770279950248757 -13.927279910447766 78.49998711442788
endloop
endfacet
facet normal 0.24302377992961693 0.9699057162956768 0.0149112000084212
outer loop
vertex -3.976839895522389 -13.109932850746272 44.99987803482588
vertex -2.770279950248757 -13.927279910447766 78.49998711442788
vertex -2.6728131940298514 -13.436675432835825 44.99987803482588
endloop
endfacet
facet normal 0.14665993069010938 0.9890745725741037 0.014911559855570501
outer loop
vertex -2.6728131940298514 -13.436675432835825 44.99987803482588
vertex -2.770279950248757 -13.927279910447766 78.49998711442788
vertex -1.3916813681592044 -14.131698442786073 78.49998711442788
endloop
endfacet
facet normal 0.1466822382927445 0.9890712784383108 0.01491063841141056
outer loop
vertex -2.6728131940298514 -13.436675432835825 44.99987803482588
vertex -1.3916813681592044 -14.131698442786073 78.49998711442788
vertex -1.3429479900497516 -13.633898432835824 44.99987803482588
endloop
endfacet
facet normal 0.04905408338223722 0.9986848076144409 0.014911470203691784
outer loop
vertex -1.3429479900497516 -13.633898432835824 44.99987803482588
vertex -1.3916813681592044 -14.131698442786073 78.49998711442788
vertex 0 -14.200056000000004 78.49998711442788
endloop
endfacet
facet normal 0.04913141082099102 0.9986810536187519 0.014908306868275031
outer loop
vertex -1.3429479900497516 -13.633898432835824 44.99987803482588
vertex 0 -14.200056000000004 78.49998711442788
vertex 0 -13.699966502487566 44.99987803482588
endloop
endfacet
facet normal -0.04905408565488959 0.9986848538830327 0.014908363598605376
outer loop
vertex 0 -13.699966502487566 44.99987803482588
vertex 0 -14.200056000000004 78.49998711442788
vertex 1.3916813681592044 -14.131698442786073 78.49998711442788
endloop
endfacet
facet normal -0.04913140846216445 0.9986810056715149 0.014911526194707411
outer loop
vertex 0 -13.699966502487566 44.99987803482588
vertex 1.3916813681592044 -14.131698442786073 78.49998711442788
vertex 1.3429479900497516 -13.633898432835824 44.99987803482588
endloop
endfacet
facet normal -0.14665993266910102 0.9890745859204235 0.014910655110945368
outer loop
vertex 1.3429479900497516 -13.633898432835824 44.99987803482588
vertex 1.3916813681592044 -14.131698442786073 78.49998711442788
vertex 2.770279950248757 -13.927279910447766 78.49998711442788
endloop
endfacet
facet normal -0.14668223624092686 0.9890712646030031 0.014911576307584095
outer loop
vertex 1.3429479900497516 -13.633898432835824 44.99987803482588
vertex 2.770279950248757 -13.927279910447766 78.49998711442788
vertex 2.6728131940298514 -13.436675432835825 44.99987803482588
endloop
endfacet
facet normal -0.2431159889492257 0.9698826084238861 0.0149111298739829
outer loop
vertex 2.6728131940298514 -13.436675432835825 44.99987803482588
vertex 2.770279950248757 -13.927279910447766 78.49998711442788
vertex 4.122058820895523 -13.588435751243784 78.49998711442788
endloop
endfacet
facet normal -0.24302379425793988 0.9699057734798846 0.014907246387616249
outer loop
vertex 2.6728131940298514 -13.436675432835825 44.99987803482588
vertex 4.122058820895523 -13.588435751243784 78.49998711442788
vertex 3.976839895522389 -13.109932850746272 44.99987803482588
endloop
endfacet
facet normal -0.33674495535707927 0.9414778821551248 0.014907463039018682
outer loop
vertex 3.976839895522389 -13.109932850746272 44.99987803482588
vertex 4.122058820895523 -13.588435751243784 78.49998711442788
vertex 5.434262263681593 -13.119090800995028 78.49998711442788
endloop
endfacet
facet normal -0.3366225947802149 0.9415217228281871 0.014902151726432283
outer loop
vertex 3.976839895522389 -13.109932850746272 44.99987803482588
vertex 5.434262263681593 -13.119090800995028 78.49998711442788
vertex 5.242926517412937 -12.657268452736322 44.99987803482588
endloop
endfacet
facet normal 0 0 1
outer loop
vertex 0 15.166873890547267 78.49998711442788
vertex 0 16.200086920398014 78.49998711442788
vertex -1.5879231592039804 16.121917273631844 78.49998711442788
endloop
endfacet
facet normal 0 0 1
outer loop
vertex 0 15.166873890547267 78.49998711442788
vertex -1.5879231592039804 16.121917273631844 78.49998711442788
vertex -3.1604740447761204 15.888716611940303 78.49998711442788
endloop
endfacet
facet normal 0 0 1
outer loop
vertex 0 15.166873890547267 78.49998711442788
vertex -3.1604740447761204 15.888716611940303 78.49998711442788
vertex -4.70260745273632 15.502447353233835 78.49998711442788
endloop
endfacet
facet normal 0 0 1
outer loop
vertex 0 15.166873890547267 78.49998711442788
vertex -4.70260745273632 15.502447353233835 78.49998711442788
vertex -6.199605248756221 14.966707263681595 78.49998711442788
endloop
endfacet
facet normal 0 0 1
outer loop
vertex 0 15.166873890547267 78.49998711442788
vertex -6.199605248756221 14.966707263681595 78.49998711442788
vertex -7.636749298507465 14.287056527363188 78.49998711442788
endloop
endfacet
facet normal 0 0 1
outer loop
vertex 0 15.166873890547267 78.49998711442788
vertex -7.636749298507465 14.287056527363188 78.49998711442788
vertex -7.781968223880599 14.200056000000004 78.49998711442788
endloop
endfacet
facet normal 0 0 0.9999999999999999
outer loop
vertex 0 15.166873890547267 78.49998711442788
vertex -7.781968223880599 14.200056000000004 78.49998711442788
vertex 0 14.200056000000004 78.49998711442788
endloop
endfacet
facet normal 0 0 0.9999999999999999
outer loop
vertex 0 15.166873890547267 78.49998711442788
vertex 0 14.200056000000004 78.49998711442788
vertex 7.781968223880599 14.200056000000004 78.49998711442788
endloop
endfacet
facet normal 0 0 1
outer loop
vertex 0 15.166873890547267 78.49998711442788
vertex 7.781968223880599 14.200056000000004 78.49998711442788
vertex 7.636749298507465 14.287056527363188 78.49998711442788
endloop
endfacet
facet normal 0 0 1
outer loop
vertex 0 15.166873890547267 78.49998711442788
vertex 7.636749298507465 14.287056527363188 78.49998711442788
vertex 6.199605248756221 14.966707263681595 78.49998711442788
endloop
endfacet
facet normal 0 0 1
outer loop
vertex 0 15.166873890547267 78.49998711442788
vertex 6.199605248756221 14.966707263681595 78.49998711442788
vertex 4.70260745273632 15.502447353233835 78.49998711442788
endloop
endfacet
facet normal 0 0 1
outer loop
vertex 0 15.166873890547267 78.49998711442788
vertex 4.70260745273632 15.502447353233835 78.49998711442788
vertex 3.1604740447761204 15.888716611940303 78.49998711442788
endloop
endfacet
facet normal 0 0 1
outer loop
vertex 0 15.166873890547267 78.49998711442788
vertex 3.1604740447761204 15.888716611940303 78.49998711442788
vertex 1.5879231592039804 16.121917273631844 78.49998711442788
endloop
endfacet
facet normal 0 0 1
outer loop
vertex 0 15.166873890547267 78.49998711442788
vertex 1.5879231592039804 16.121917273631844 78.49998711442788
vertex 0 16.200086920398014 78.49998711442788
endloop
endfacet
facet normal 0 0 1
outer loop
vertex -7.781968223880599 14.200056000000004 78.49998711442788
vertex -7.89611553233831 14.131698442786073 78.49998711442788
vertex -1.3916813681592044 14.131698442786073 78.49998711442788
endloop
endfacet
facet normal 0 0 1
outer loop
vertex -7.781968223880599 14.200056000000004 78.49998711442788
vertex -1.3916813681592044 14.131698442786073 78.49998711442788
vertex 0 14.200056000000004 78.49998711442788
endloop
endfacet
facet normal 0 0 0.9999999999999999
outer loop
vertex 0 14.200056000000004 78.49998711442788
vertex 1.3916813681592044 14.131698442786073 78.49998711442788
vertex 7.89611553233831 14.131698442786073 78.49998711442788
endloop
endfacet
facet normal 0 0 1
outer loop
vertex 0 14.200056000000004 78.49998711442788
vertex 7.89611553233831 14.131698442786073 78.49998711442788
vertex 7.781968223880599 14.200056000000004 78.49998711442788
endloop
endfacet
facet normal 0 0 1
outer loop
vertex -7.89611553233831 14.131698442786073 78.49998711442788
vertex -8.237249179104479 13.927279910447766 78.49998711442788
vertex -2.770279950248757 13.927279910447766 78.49998711442788
endloop
endfacet
facet normal 0 0 1
outer loop
vertex -7.89611553233831 14.131698442786073 78.49998711442788
vertex -2.770279950248757 13.927279910447766 78.49998711442788
vertex -1.3916813681592044 14.131698442786073 78.49998711442788
endloop
endfacet
facet normal 0 0 1
outer loop
vertex 1.3916813681592044 14.131698442786073 78.49998711442788
vertex 2.770279950248757 13.927279910447766 78.49998711442788
vertex 8.237249179104479 13.927279910447766 78.49998711442788
endloop
endfacet
facet normal 0 0 1
outer loop
vertex 1.3916813681592044 14.131698442786073 78.49998711442788
vertex 8.237249179104479 13.927279910447766 78.49998711442788
vertex 7.89611553233831 14.131698442786073 78.49998711442788
endloop
endfacet
facet normal 0 0 1
outer loop
vertex -8.237249179104479 13.927279910447766 78.49998711442788
vertex -8.802098467661693 13.588435751243784 78.49998711442788
vertex -4.122058820895523 13.588435751243784 78.49998711442788
endloop
endfacet
facet normal 0 0 1
outer loop
vertex -8.237249179104479 13.927279910447766 78.49998711442788
vertex -4.122058820895523 13.588435751243784 78.49998711442788
vertex -2.770279950248757 13.927279910447766 78.49998711442788
endloop
endfacet
facet normal 0 0 1
outer loop
vertex 2.770279950248757 13.927279910447766 78.49998711442788
vertex 4.122058820895523 13.588435751243784 78.49998711442788
vertex 8.802098467661693 13.588435751243784 78.49998711442788
endloop
endfacet
facet normal 0 0 1
outer loop
vertex 2.770279950248757 13.927279910447766 78.49998711442788
vertex 8.802098467661693 13.588435751243784 78.49998711442788
vertex 8.237249179104479 13.927279910447766 78.49998711442788
endloop
endfacet
facet normal 0 0 1
outer loop
vertex -7.366262696517415 13.376821686567167 78.49998711442788
vertex -8.802098467661693 13.588435751243784 78.49998711442788
vertex -9.000302676616919 13.469709467661696 78.49998711442788
endloop
endfacet
facet normal 0 0 1
outer loop
vertex -7.366262696517415 13.376821686567167 78.49998711442788
vertex -9.000302676616919 13.469709467661696 78.49998711442788
vertex -9.473245393034828 13.119090800995028 78.49998711442788
endloop
endfacet
facet normal 0 0 1
outer loop
vertex -7.366262696517415 13.376821686567167 78.49998711442788
vertex -9.473245393034828 13.119090800995028 78.49998711442788
vertex -5.434262263681593 13.119090800995028 78.49998711442788
endloop
endfacet
facet normal 0 0 1
outer loop
vertex -7.366262696517415 13.376821686567167 78.49998711442788
vertex -5.434262263681593 13.119090800995028 78.49998711442788
vertex -4.122058820895523 13.588435751243784 78.49998711442788
endloop
endfacet
facet normal 0 0 0.9999999999999999
outer loop
vertex -7.366262696517415 13.376821686567167 78.49998711442788
vertex -4.122058820895523 13.588435751243784 78.49998711442788
vertex -8.802098467661693 13.588435751243784 78.49998711442788
endloop
endfacet
facet normal 0 0 1
outer loop
vertex 7.366262696517415 13.376821686567167 78.49998711442788
vertex 4.122058820895523 13.588435751243784 78.49998711442788
vertex 5.434262263681593 13.119090800995028 78.49998711442788
endloop
endfacet
facet normal 0 0 1
outer loop
vertex 7.366262696517415 13.376821686567167 78.49998711442788
vertex 5.434262263681593 13.119090800995028 78.49998711442788
vertex 9.473245393034828 13.119090800995028 78.49998711442788
endloop
endfacet
facet normal 0 0 1
outer loop
vertex 7.366262696517415 13.376821686567167 78.49998711442788
vertex 9.473245393034828 13.119090800995028 78.49998711442788
vertex 9.000302676616919 13.469709467661696 78.49998711442788
endloop
endfacet
facet normal 0 0 1
outer loop
vertex 7.366262696517415 13.376821686567167 78.49998711442788
vertex 9.000302676616919 13.469709467661696 78.49998711442788
vertex 8.802098467661693 13.588435751243784 78.49998711442788
endloop
endfacet
facet normal 0 0 0.9999999999999999
outer loop
vertex 7.366262696517415 13.376821686567167 78.49998711442788
vertex 8.802098467661693 13.588435751243784 78.49998711442788
vertex 4.122058820895523 13.588435751243784 78.49998711442788
endloop
endfacet
facet normal 0 0 1
outer loop
vertex -7.6867909552238824 13.034052691542293 78.49998711442788
vertex -9.473245393034828 13.119090800995028 78.49998711442788
vertex -9.633836592039804 13.000037447761198 78.49998711442788
endloop
endfacet
facet normal 0 0 1
outer loop
vertex -7.6867909552238824 13.034052691542293 78.49998711442788
vertex -9.633836592039804 13.000037447761198 78.49998711442788
vertex -9.002592164179108 13.000037447761198 78.49998711442788
endloop
endfacet
facet normal 0 0 1
outer loop
vertex -7.6867909552238824 13.034052691542293 78.49998711442788
vertex -9.002592164179108 13.000037447761198 78.49998711442788
vertex -7.885976373134331 13.000037447761198 78.49998711442788
endloop
endfacet
facet normal 0 0 1
outer loop
vertex -7.6867909552238824 13.034052691542293 78.49998711442788
vertex -7.885976373134331 13.000037447761198 78.49998711442788
vertex -6.692826283582091 13.000037447761198 78.49998711442788
endloop
endfacet
facet normal 0 0 0.9999999999999999
outer loop
vertex -7.6867909552238824 13.034052691542293 78.49998711442788
vertex -6.692826283582091 13.000037447761198 78.49998711442788
vertex -5.685778825870648 13.000037447761198 78.49998711442788
endloop
endfacet
facet normal 0 0 1
outer loop
vertex -7.6867909552238824 13.034052691542293 78.49998711442788
vertex -5.685778825870648 13.000037447761198 78.49998711442788
vertex -5.434262263681593 13.119090800995028 78.49998711442788
endloop
endfacet
facet normal 0 0 1
outer loop
vertex -7.6867909552238824 13.034052691542293 78.49998711442788
vertex -5.434262263681593 13.119090800995028 78.49998711442788
vertex -9.473245393034828 13.119090800995028 78.49998711442788
endloop
endfacet
facet normal 0 0 1
outer loop
vertex 7.6867909552238824 13.034052691542293 78.49998711442788
vertex 5.434262263681593 13.119090800995028 78.49998711442788
vertex 5.685778825870648 13.000037447761198 78.49998711442788
endloop
endfacet
facet normal 0 0 0.9999999999999999
outer loop
vertex 7.6867909552238824 13.034052691542293 78.49998711442788
vertex 5.685778825870648 13.000037447761198 78.49998711442788
vertex 6.692826283582091 13.000037447761198 78.49998711442788
endloop
endfacet
facet normal 0 0 1
outer loop
vertex 7.6867909552238824 13.034052691542293 78.49998711442788
vertex 6.692826283582091 13.000037447761198 78.49998711442788
vertex 7.885976373134331 13.000037447761198 78.49998711442788
endloop
endfacet
facet normal 0 0 1
outer loop
vertex 7.6867909552238824 13.034052691542293 78.49998711442788
vertex 7.885976373134331 13.000037447761198 78.49998711442788
vertex 9.002592164179108 13.000037447761198 78.49998711442788
endloop
endfacet
facet normal 0 0 1
outer loop
vertex 7.6867909552238824 13.034052691542293 78.49998711442788
vertex 9.002592164179108 13.000037447761198 78.49998711442788
vertex 9.633836592039804 13.000037447761198 78.49998711442788
endloop
endfacet
facet normal 0 0 1
outer loop
vertex 7.6867909552238824 13.034052691542293 78.49998711442788
vertex 9.633836592039804 13.000037447761198 78.49998711442788
vertex 9.473245393034828 13.119090800995028 78.49998711442788
endloop
endfacet
facet normal 0 0 1
outer loop
vertex 7.6867909552238824 13.034052691542293 78.49998711442788
vertex 9.473245393034828 13.119090800995028 78.49998711442788
vertex 5.434262263681593 13.119090800995028 78.49998711442788
endloop
endfacet
facet normal 0 0 1
outer loop
vertex -7.6867909552238824 -13.034052691542293 78.49998711442788
vertex -6.692826283582091 -13.000037447761198 78.49998711442788
vertex -7.885976373134331 -13.000037447761198 78.49998711442788
endloop
endfacet
facet normal 0 0 1
outer loop
vertex -7.6867909552238824 -13.034052691542293 78.49998711442788
vertex -7.885976373134331 -13.000037447761198 78.49998711442788
vertex -9.002592164179108 -13.000037447761198 78.49998711442788
endloop
endfacet
facet normal 0 0 1
outer loop
vertex -7.6867909552238824 -13.034052691542293 78.49998711442788
vertex -9.002592164179108 -13.000037447761198 78.49998711442788
vertex -9.633836592039804 -13.000037447761198 78.49998711442788
endloop
endfacet
facet normal 0 0 1
outer loop
vertex -7.6867909552238824 -13.034052691542293 78.49998711442788
vertex -9.633836592039804 -13.000037447761198 78.49998711442788
vertex -9.473245393034828 -13.119090800995028 78.49998711442788
endloop
endfacet
facet normal 0 0 1
outer loop
vertex -7.6867909552238824 -13.034052691542293 78.49998711442788
vertex -9.473245393034828 -13.119090800995028 78.49998711442788
vertex -5.434262263681593 -13.119090800995028 78.49998711442788
endloop
endfacet
facet normal 0 0 1
outer loop
vertex -7.6867909552238824 -13.034052691542293 78.49998711442788
vertex -5.434262263681593 -13.119090800995028 78.49998711442788
vertex -5.685778825870648 -13.000037447761198 78.49998711442788
endloop
endfacet
facet normal 0 0 0.9999999999999999
outer loop
vertex -7.6867909552238824 -13.034052691542293 78.49998711442788
vertex -5.685778825870648 -13.000037447761198 78.49998711442788
vertex -6.692826283582091 -13.000037447761198 78.49998711442788
endloop
endfacet
facet normal 0 0 1
outer loop
vertex 7.6867909552238824 -13.034052691542293 78.49998711442788
vertex 9.002592164179108 -13.000037447761198 78.49998711442788
vertex 7.885976373134331 -13.000037447761198 78.49998711442788
endloop
endfacet
facet normal 0 0 1
outer loop
vertex 7.6867909552238824 -13.034052691542293 78.49998711442788
vertex 7.885976373134331 -13.000037447761198 78.49998711442788
vertex 6.692826283582091 -13.000037447761198 78.49998711442788
endloop
endfacet
facet normal 0 0 0.9999999999999999
outer loop
vertex 7.6867909552238824 -13.034052691542293 78.49998711442788
vertex 6.692826283582091 -13.000037447761198 78.49998711442788
vertex 5.685778825870648 -13.000037447761198 78.49998711442788
endloop
endfacet
facet normal 0 0 1
outer loop
vertex 7.6867909552238824 -13.034052691542293 78.49998711442788
vertex 5.685778825870648 -13.000037447761198 78.49998711442788
vertex 5.434262263681593 -13.119090800995028 78.49998711442788
endloop
endfacet
facet normal 0 0 1
outer loop
vertex 7.6867909552238824 -13.034052691542293 78.49998711442788
vertex 5.434262263681593 -13.119090800995028 78.49998711442788
vertex 9.473245393034828 -13.119090800995028 78.49998711442788
endloop
endfacet
facet normal 0 0 1
outer loop
vertex 7.6867909552238824 -13.034052691542293 78.49998711442788
vertex 9.473245393034828 -13.119090800995028 78.49998711442788
vertex 9.633836592039804 -13.000037447761198 78.49998711442788
endloop
endfacet
facet normal 0 0 1
outer loop
vertex 7.6867909552238824 -13.034052691542293 78.49998711442788
vertex 9.633836592039804 -13.000037447761198 78.49998711442788
vertex 9.002592164179108 -13.000037447761198 78.49998711442788
endloop
endfacet
facet normal 0 0 1
outer loop
vertex -7.366262696517415 -13.376821686567167 78.49998711442788
vertex -9.473245393034828 -13.119090800995028 78.49998711442788
vertex -9.000302676616919 -13.469709467661696 78.49998711442788
endloop
endfacet
facet normal 0 0 1
outer loop
vertex -7.366262696517415 -13.376821686567167 78.49998711442788
vertex -9.000302676616919 -13.469709467661696 78.49998711442788
vertex -8.802098467661693 -13.588435751243784 78.49998711442788
endloop
endfacet
facet normal 0 0 0.9999999999999999
outer loop
vertex -7.366262696517415 -13.376821686567167 78.49998711442788
vertex -8.802098467661693 -13.588435751243784 78.49998711442788
vertex -4.122058820895523 -13.588435751243784 78.49998711442788
endloop
endfacet
facet normal 0 0 1
outer loop
vertex -7.366262696517415 -13.376821686567167 78.49998711442788
vertex -4.122058820895523 -13.588435751243784 78.49998711442788
vertex -5.434262263681593 -13.119090800995028 78.49998711442788
endloop
endfacet
facet normal 0 0 1
outer loop
vertex -7.366262696517415 -13.376821686567167 78.49998711442788
vertex -5.434262263681593 -13.119090800995028 78.49998711442788
vertex -9.473245393034828 -13.119090800995028 78.49998711442788
endloop
endfacet
facet normal 0 0 1
outer loop
vertex 7.366262696517415 -13.376821686567167 78.49998711442788
vertex 5.434262263681593 -13.119090800995028 78.49998711442788
vertex 4.122058820895523 -13.588435751243784 78.49998711442788
endloop
endfacet
facet normal 0 0 0.9999999999999999
outer loop
vertex 7.366262696517415 -13.376821686567167 78.49998711442788
vertex 4.122058820895523 -13.588435751243784 78.49998711442788
vertex 8.802098467661693 -13.588435751243784 78.49998711442788
endloop
endfacet
facet normal 0 0 1
outer loop
vertex 7.366262696517415 -13.376821686567167 78.49998711442788
vertex 8.802098467661693 -13.588435751243784 78.49998711442788
vertex 9.000302676616919 -13.469709467661696 78.49998711442788
endloop
endfacet
facet normal 0 0 1
outer loop
vertex 7.366262696517415 -13.376821686567167 78.49998711442788
vertex 9.000302676616919 -13.469709467661696 78.49998711442788
vertex 9.473245393034828 -13.119090800995028 78.49998711442788
endloop
endfacet
facet normal 0 0 1
outer loop
vertex 7.366262696517415 -13.376821686567167 78.49998711442788
vertex 9.473245393034828 -13.119090800995028 78.49998711442788
vertex 5.434262263681593 -13.119090800995028 78.49998711442788
endloop
endfacet
facet normal 0 0 1
outer loop
vertex -8.802098467661693 -13.588435751243784 78.49998711442788
vertex -8.237249179104479 -13.927279910447766 78.49998711442788
vertex -2.770279950248757 -13.927279910447766 78.49998711442788
endloop
endfacet
facet normal 0 0 1
outer loop
vertex -8.802098467661693 -13.588435751243784 78.49998711442788
vertex -2.770279950248757 -13.927279910447766 78.49998711442788
vertex -4.122058820895523 -13.588435751243784 78.49998711442788
endloop
endfacet
facet normal 0 0 1
outer loop
vertex 4.122058820895523 -13.588435751243784 78.49998711442788
vertex 2.770279950248757 -13.927279910447766 78.49998711442788
vertex 8.237249179104479 -13.927279910447766 78.49998711442788
endloop
endfacet
facet normal 0 0 1
outer loop
vertex 4.122058820895523 -13.588435751243784 78.49998711442788
vertex 8.237249179104479 -13.927279910447766 78.49998711442788
vertex 8.802098467661693 -13.588435751243784 78.49998711442788
endloop
endfacet
facet normal 0 0 1
outer loop
vertex -8.237249179104479 -13.927279910447766 78.49998711442788
vertex -7.89611553233831 -14.131698442786073 78.49998711442788
vertex -1.3916813681592044 -14.131698442786073 78.49998711442788
endloop
endfacet
facet normal 0 0 1
outer loop
vertex -8.237249179104479 -13.927279910447766 78.49998711442788
vertex -1.3916813681592044 -14.131698442786073 78.49998711442788
vertex -2.770279950248757 -13.927279910447766 78.49998711442788
endloop
endfacet
facet normal 0 0 1
outer loop
vertex 2.770279950248757 -13.927279910447766 78.49998711442788
vertex 1.3916813681592044 -14.131698442786073 78.49998711442788
vertex 7.89611553233831 -14.131698442786073 78.49998711442788
endloop
endfacet
facet normal 0 0 1
outer loop
vertex 2.770279950248757 -13.927279910447766 78.49998711442788
vertex 7.89611553233831 -14.131698442786073 78.49998711442788
vertex 8.237249179104479 -13.927279910447766 78.49998711442788
endloop
endfacet
facet normal 0 0 1
outer loop
vertex -7.89611553233831 -14.131698442786073 78.49998711442788
vertex -7.781968223880599 -14.200056000000004 78.49998711442788
vertex 0 -14.200056000000004 78.49998711442788
endloop
endfacet
facet normal 0 0 1
outer loop
vertex -7.89611553233831 -14.131698442786073 78.49998711442788
vertex 0 -14.200056000000004 78.49998711442788
vertex -1.3916813681592044 -14.131698442786073 78.49998711442788
endloop
endfacet
facet normal 0 0 1
outer loop
vertex 1.3916813681592044 -14.131698442786073 78.49998711442788
vertex 0 -14.200056000000004 78.49998711442788
vertex 7.781968223880599 -14.200056000000004 78.49998711442788
endloop
endfacet
facet normal 0 0 1
outer loop
vertex 1.3916813681592044 -14.131698442786073 78.49998711442788
vertex 7.781968223880599 -14.200056000000004 78.49998711442788
vertex 7.89611553233831 -14.131698442786073 78.49998711442788
endloop
endfacet
facet normal 0 0 1
outer loop
vertex 0 -15.166546820895526 78.49998711442788
vertex 0 -14.200056000000004 78.49998711442788
vertex -7.781968223880599 -14.200056000000004 78.49998711442788
endloop
endfacet
facet normal 0 0 1
outer loop
vertex 0 -15.166546820895526 78.49998711442788
vertex -7.781968223880599 -14.200056000000004 78.49998711442788
vertex -7.636749298507465 -14.287056527363188 78.49998711442788
endloop
endfacet
facet normal 0 0 1
outer loop
vertex 0 -15.166546820895526 78.49998711442788
vertex -7.636749298507465 -14.287056527363188 78.49998711442788
vertex -6.199605248756221 -14.966707263681595 78.49998711442788
endloop
endfacet
facet normal 0 0 1
outer loop
vertex 0 -15.166546820895526 78.49998711442788
vertex -6.199605248756221 -14.966707263681595 78.49998711442788
vertex -4.70260745273632 -15.502447353233835 78.49998711442788
endloop
endfacet
facet normal 0 0 1
outer loop
vertex 0 -15.166546820895526 78.49998711442788
vertex -4.70260745273632 -15.502447353233835 78.49998711442788
vertex -3.1604740447761204 -15.888716611940303 78.49998711442788
endloop
endfacet
facet normal 0 0 1
outer loop
vertex 0 -15.166546820895526 78.49998711442788
vertex -3.1604740447761204 -15.888716611940303 78.49998711442788
vertex -1.5879231592039804 -16.121917273631844 78.49998711442788
endloop
endfacet
facet normal 0 0 1
outer loop
vertex 0 -15.166546820895526 78.49998711442788
vertex -1.5879231592039804 -16.121917273631844 78.49998711442788
vertex 0 -16.200086920398014 78.49998711442788
endloop
endfacet
facet normal 0 0 1
outer loop
vertex 0 -15.166546820895526 78.49998711442788
vertex 0 -16.200086920398014 78.49998711442788
vertex 1.5879231592039804 -16.121917273631844 78.49998711442788
endloop
endfacet
facet normal 0 0 1
outer loop
vertex 0 -15.166546820895526 78.49998711442788
vertex 1.5879231592039804 -16.121917273631844 78.49998711442788
vertex 3.1604740447761204 -15.888716611940303 78.49998711442788
endloop
endfacet
facet normal 0 0 1
outer loop
vertex 0 -15.166546820895526 78.49998711442788
vertex 3.1604740447761204 -15.888716611940303 78.49998711442788
vertex 4.70260745273632 -15.502447353233835 78.49998711442788
endloop
endfacet
facet normal 0 0 1
outer loop
vertex 0 -15.166546820895526 78.49998711442788
vertex 4.70260745273632 -15.502447353233835 78.49998711442788
vertex 6.199605248756221 -14.966707263681595 78.49998711442788
endloop
endfacet
facet normal 0 0 1
outer loop
vertex 0 -15.166546820895526 78.49998711442788
vertex 6.199605248756221 -14.966707263681595 78.49998711442788
vertex 7.636749298507465 -14.287056527363188 78.49998711442788
endloop
endfacet
facet normal 0 0 1
outer loop
vertex 0 -15.166546820895526 78.49998711442788
vertex 7.636749298507465 -14.287056527363188 78.49998711442788
vertex 7.781968223880599 -14.200056000000004 78.49998711442788
endloop
endfacet
facet normal 0 0 1
outer loop
vertex 0 -15.166546820895526 78.49998711442788
vertex 7.781968223880599 -14.200056000000004 78.49998711442788
vertex 0 -14.200056000000004 78.49998711442788
endloop
endfacet
facet normal 0 0 -1
outer loop
vertex 0 14.685427363184084 44.99987803482588
vertex 0 15.699997422885577 44.99987803482588
vertex 1.5388627114427864 15.624444333333338 44.99987803482588
endloop
endfacet
facet normal 0 0 -1
outer loop
vertex 0 14.685427363184084 44.99987803482588
vertex 1.5388627114427864 15.624444333333338 44.99987803482588
vertex 3.063007288557215 15.398439203980104 44.99987803482588
endloop
endfacet
facet normal 0 0 -0.9999999999999999
outer loop
vertex 0 14.685427363184084 44.99987803482588
vertex 3.063007288557215 15.398439203980104 44.99987803482588
vertex 4.557388527363186 15.023944452736323 44.99987803482588
endloop
endfacet
facet normal 0 0 -1
outer loop
vertex 0 14.685427363184084 44.99987803482588
vertex 4.557388527363186 15.023944452736323 44.99987803482588
vertex 6.008269502487564 14.50488491542289 44.99987803482588
endloop
endfacet
facet normal 0 0 -1
outer loop
vertex 0 14.685427363184084 44.99987803482588
vertex 6.008269502487564 14.50488491542289 44.99987803482588
vertex 7.400932079601992 13.846166636815925 44.99987803482588
endloop
endfacet
facet normal 0 0 -1
outer loop
vertex 0 14.685427363184084 44.99987803482588
vertex 7.400932079601992 13.846166636815925 44.99987803482588
vertex 7.644926039800997 13.699966502487566 44.99987803482588
endloop
endfacet
facet normal 0 0 -1
outer loop
vertex 0 14.685427363184084 44.99987803482588
vertex 7.644926039800997 13.699966502487566 44.99987803482588
vertex 0 13.699966502487566 44.99987803482588
endloop
endfacet
facet normal 0 0 -1
outer loop
vertex 0 14.685427363184084 44.99987803482588
vertex 0 13.699966502487566 44.99987803482588
vertex -7.644926039800997 13.699966502487566 44.99987803482588
endloop
endfacet
facet normal 0 0 -1
outer loop
vertex 0 14.685427363184084 44.99987803482588
vertex -7.644926039800997 13.699966502487566 44.99987803482588
vertex -7.400932079601992 13.846166636815925 44.99987803482588
endloop
endfacet
facet normal 0 0 -1
outer loop
vertex 0 14.685427363184084 44.99987803482588
vertex -7.400932079601992 13.846166636815925 44.99987803482588
vertex -6.008269502487564 14.50488491542289 44.99987803482588
endloop
endfacet
facet normal 0 0 -1
outer loop
vertex 0 14.685427363184084 44.99987803482588
vertex -6.008269502487564 14.50488491542289 44.99987803482588
vertex -4.557388527363186 15.023944452736323 44.99987803482588
endloop
endfacet
facet normal 0 0 -0.9999999999999999
outer loop
vertex 0 14.685427363184084 44.99987803482588
vertex -4.557388527363186 15.023944452736323 44.99987803482588
vertex -3.063007288557215 15.398439203980104 44.99987803482588
endloop
endfacet
facet normal 0 0 -1
outer loop
vertex 0 14.685427363184084 44.99987803482588
vertex -3.063007288557215 15.398439203980104 44.99987803482588
vertex -1.5388627114427864 15.624444333333338 44.99987803482588
endloop
endfacet
facet normal 0 0 -1
outer loop
vertex 0 14.685427363184084 44.99987803482588
vertex -1.5388627114427864 15.624444333333338 44.99987803482588
vertex 0 15.699997422885577 44.99987803482588
endloop
endfacet
facet normal 0 0 -1
outer loop
vertex 7.644926039800997 13.699966502487566 44.99987803482588
vertex 7.7548214427860716 13.633898432835824 44.99987803482588
vertex 1.3429479900497516 13.633898432835824 44.99987803482588
endloop
endfacet
facet normal 0 0 -1
outer loop
vertex 7.644926039800997 13.699966502487566 44.99987803482588
vertex 1.3429479900497516 13.633898432835824 44.99987803482588
vertex 0 13.699966502487566 44.99987803482588
endloop
endfacet
facet normal 0 0 -1
outer loop
vertex 0 13.699966502487566 44.99987803482588
vertex -1.3429479900497516 13.633898432835824 44.99987803482588
vertex -7.7548214427860716 13.633898432835824 44.99987803482588
endloop
endfacet
facet normal 0 0 -1
outer loop
vertex 0 13.699966502487566 44.99987803482588
vertex -7.7548214427860716 13.633898432835824 44.99987803482588
vertex -7.644926039800997 13.699966502487566 44.99987803482588
endloop
endfacet
facet normal 0 0 -1
outer loop
vertex 7.7548214427860716 13.633898432835824 44.99987803482588
vertex 8.083853512437813 13.436675432835825 44.99987803482588
vertex 2.6728131940298514 13.436675432835825 44.99987803482588
endloop
endfacet
facet normal 0 0 -1
outer loop
vertex 7.7548214427860716 13.633898432835824 44.99987803482588
vertex 2.6728131940298514 13.436675432835825 44.99987803482588
vertex 1.3429479900497516 13.633898432835824 44.99987803482588
endloop
endfacet
facet normal 0 0 -1
outer loop
vertex -1.3429479900497516 13.633898432835824 44.99987803482588
vertex -2.6728131940298514 13.436675432835825 44.99987803482588
vertex -8.083853512437813 13.436675432835825 44.99987803482588
endloop
endfacet
facet normal 0 0 -1
outer loop
vertex -1.3429479900497516 13.633898432835824 44.99987803482588
vertex -8.083853512437813 13.436675432835825 44.99987803482588
vertex -7.7548214427860716 13.633898432835824 44.99987803482588
endloop
endfacet
facet normal 0 0 -1
outer loop
vertex 8.083853512437813 13.436675432835825 44.99987803482588
vertex 8.62907862189055 13.109932850746272 44.99987803482588
vertex 3.976839895522389 13.109932850746272 44.99987803482588
endloop
endfacet
facet normal 0 0 -1
outer loop
vertex 8.083853512437813 13.436675432835825 44.99987803482588
vertex 3.976839895522389 13.109932850746272 44.99987803482588
vertex 2.6728131940298514 13.436675432835825 44.99987803482588
endloop
endfacet
facet normal 0 0 -1
outer loop
vertex -2.6728131940298514 13.436675432835825 44.99987803482588
vertex -3.976839895522389 13.109932850746272 44.99987803482588
vertex -8.62907862189055 13.109932850746272 44.99987803482588
endloop
endfacet
facet normal 0 0 -1
outer loop
vertex -2.6728131940298514 13.436675432835825 44.99987803482588
vertex -8.62907862189055 13.109932850746272 44.99987803482588
vertex -8.083853512437813 13.436675432835825 44.99987803482588
endloop
endfacet
facet normal 0 0 -1
outer loop
vertex 7.165769000000002 12.917615895522392 44.99987803482588
vertex 8.62907862189055 13.109932850746272 44.99987803482588
vertex 8.722293472636819 13.05400394029851 44.99987803482588
endloop
endfacet
facet normal 0 0 -1
outer loop
vertex 7.165769000000002 12.917615895522392 44.99987803482588
vertex 8.722293472636819 13.05400394029851 44.99987803482588
vertex 9.257706492537316 12.657268452736322 44.99987803482588
endloop
endfacet
facet normal 0 0 -1
outer loop
vertex 7.165769000000002 12.917615895522392 44.99987803482588
vertex 9.257706492537316 12.657268452736322 44.99987803482588
vertex 5.242926517412937 12.657268452736322 44.99987803482588
endloop
endfacet
facet normal 0 0 -0.9999999999999999
outer loop
vertex 7.165769000000002 12.917615895522392 44.99987803482588
vertex 5.242926517412937 12.657268452736322 44.99987803482588
vertex 3.976839895522389 13.109932850746272 44.99987803482588
endloop
endfacet
facet normal 0 0 -1
outer loop
vertex 7.165769000000002 12.917615895522392 44.99987803482588
vertex 3.976839895522389 13.109932850746272 44.99987803482588
vertex 8.62907862189055 13.109932850746272 44.99987803482588
endloop
endfacet
facet normal 0 0 -0.9999999999999999
outer loop
vertex -7.165769000000002 12.917615895522392 44.99987803482588
vertex -3.976839895522389 13.109932850746272 44.99987803482588
vertex -5.242926517412937 12.657268452736322 44.99987803482588
endloop
endfacet
facet normal 0 0 -1
outer loop
vertex -7.165769000000002 12.917615895522392 44.99987803482588
vertex -5.242926517412937 12.657268452736322 44.99987803482588
vertex -9.257706492537316 12.657268452736322 44.99987803482588
endloop
endfacet
facet normal 0 0 -1
outer loop
vertex -7.165769000000002 12.917615895522392 44.99987803482588
vertex -9.257706492537316 12.657268452736322 44.99987803482588
vertex -8.722293472636819 13.05400394029851 44.99987803482588
endloop
endfacet
facet normal 0 0 -1
outer loop
vertex -7.165769000000002 12.917615895522392 44.99987803482588
vertex -8.722293472636819 13.05400394029851 44.99987803482588
vertex -8.62907862189055 13.109932850746272 44.99987803482588
endloop
endfacet
facet normal 0 0 -1
outer loop
vertex -7.165769000000002 12.917615895522392 44.99987803482588
vertex -8.62907862189055 13.109932850746272 44.99987803482588
vertex -3.976839895522389 13.109932850746272 44.99987803482588
endloop
endfacet
facet normal 0 0 -1
outer loop
vertex 8.187534592039803 12.32300326865672 44.99987803482588
vertex 9.257706492537316 12.657268452736322 44.99987803482588
vertex 9.959925034825874 12.136246497512442 44.99987803482588
endloop
endfacet
facet normal 0 0 -1
outer loop
vertex 8.187534592039803 12.32300326865672 44.99987803482588
vertex 9.959925034825874 12.136246497512442 44.99987803482588
vertex 10.01945171144279 12.082280004975127 44.99987803482588
endloop
endfacet
facet normal 0 0 -1
outer loop
vertex 8.187534592039803 12.32300326865672 44.99987803482588
vertex 10.01945171144279 12.082280004975127 44.99987803482588
vertex 6.457990273631842 12.082280004975127 44.99987803482588
endloop
endfacet
facet normal 0 0 -1
outer loop
vertex 8.187534592039803 12.32300326865672 44.99987803482588
vertex 6.457990273631842 12.082280004975127 44.99987803482588
vertex 5.242926517412937 12.657268452736322 44.99987803482588
endloop
endfacet
facet normal 0 0 -1
outer loop
vertex 8.187534592039803 12.32300326865672 44.99987803482588
vertex 5.242926517412937 12.657268452736322 44.99987803482588
vertex 9.257706492537316 12.657268452736322 44.99987803482588
endloop
endfacet
facet normal 0 0 -1
outer loop
vertex -8.187534592039803 12.32300326865672 44.99987803482588
vertex -5.242926517412937 12.657268452736322 44.99987803482588
vertex -6.457990273631842 12.082280004975127 44.99987803482588
endloop
endfacet
facet normal 0 0 -1
outer loop
vertex -8.187534592039803 12.32300326865672 44.99987803482588
vertex -6.457990273631842 12.082280004975127 44.99987803482588
vertex -10.01945171144279 12.082280004975127 44.99987803482588
endloop
endfacet
facet normal 0 0 -1
outer loop
vertex -8.187534592039803 12.32300326865672 44.99987803482588
vertex -10.01945171144279 12.082280004975127 44.99987803482588
vertex -9.959925034825874 12.136246497512442 44.99987803482588
endloop
endfacet
facet normal 0 0 -1
outer loop
vertex -8.187534592039803 12.32300326865672 44.99987803482588
vertex -9.959925034825874 12.136246497512442 44.99987803482588
vertex -9.257706492537316 12.657268452736322 44.99987803482588
endloop
endfacet
facet normal 0 0 -1
outer loop
vertex -8.187534592039803 12.32300326865672 44.99987803482588
vertex -9.257706492537316 12.657268452736322 44.99987803482588
vertex -5.242926517412937 12.657268452736322 44.99987803482588
endloop
endfacet
facet normal 0 0 -1
outer loop
vertex 10.01945171144279 12.082280004975127 44.99987803482588
vertex 10.782178139303486 11.391181830845774 44.99987803482588
vertex 7.611237865671644 11.391181830845774 44.99987803482588
endloop
endfacet
facet normal 0 0 -1
outer loop
vertex 10.01945171144279 12.082280004975127 44.99987803482588
vertex 7.611237865671644 11.391181830845774 44.99987803482588
vertex 6.457990273631842 12.082280004975127 44.99987803482588
endloop
endfacet
facet normal 0 0 -1
outer loop
vertex -6.457990273631842 12.082280004975127 44.99987803482588
vertex -7.611237865671644 11.391181830845774 44.99987803482588
vertex -10.782178139303486 11.391181830845774 44.99987803482588
endloop
endfacet
facet normal 0 0 -1
outer loop
vertex -6.457990273631842 12.082280004975127 44.99987803482588
vertex -10.782178139303486 11.391181830845774 44.99987803482588
vertex -10.01945171144279 12.082280004975127 44.99987803482588
endloop
endfacet
facet normal 0 0 -1
outer loop
vertex 9.950440014925375 11.012762243781097 44.99987803482588
vertex 10.782178139303486 11.391181830845774 44.99987803482588
vertex 11.10172518905473 11.10172518905473 44.99987803482588
endloop
endfacet
facet normal 0 0 -1
outer loop
vertex 9.950440014925375 11.012762243781097 44.99987803482588
vertex 11.10172518905473 11.10172518905473 44.99987803482588
vertex 11.565182885572142 10.590188253731347 44.99987803482588
endloop
endfacet
facet normal 0 0 -1
outer loop
vertex 9.950440014925375 11.012762243781097 44.99987803482588
vertex 11.565182885572142 10.590188253731347 44.99987803482588
vertex 8.691221855721395 10.590188253731347 44.99987803482588
endloop
endfacet
facet normal 0 0 -1
outer loop
vertex 9.950440014925375 11.012762243781097 44.99987803482588
vertex 8.691221855721395 10.590188253731347 44.99987803482588
vertex 7.611237865671644 11.391181830845774 44.99987803482588
endloop
endfacet
facet normal 0 0 -1
outer loop
vertex 9.950440014925375 11.012762243781097 44.99987803482588
vertex 7.611237865671644 11.391181830845774 44.99987803482588
vertex 10.782178139303486 11.391181830845774 44.99987803482588
endloop
endfacet
facet normal 0 0 -1
outer loop
vertex -9.950440014925375 11.012762243781097 44.99987803482588
vertex -7.611237865671644 11.391181830845774 44.99987803482588
vertex -8.691221855721395 10.590188253731347 44.99987803482588
endloop
endfacet
facet normal 0 0 -1
outer loop
vertex -9.950440014925375 11.012762243781097 44.99987803482588
vertex -8.691221855721395 10.590188253731347 44.99987803482588
vertex -11.565182885572142 10.590188253731347 44.99987803482588
endloop
endfacet
facet normal 0 0 -1
outer loop
vertex -9.950440014925375 11.012762243781097 44.99987803482588
vertex -11.565182885572142 10.590188253731347 44.99987803482588
vertex -11.10172518905473 11.10172518905473 44.99987803482588
endloop
endfacet
facet normal 0 0 -1
outer loop
vertex -9.950440014925375 11.012762243781097 44.99987803482588
vertex -11.10172518905473 11.10172518905473 44.99987803482588
vertex -10.782178139303486 11.391181830845774 44.99987803482588
endloop
endfacet
facet normal 0 0 -1
outer loop
vertex -9.950440014925375 11.012762243781097 44.99987803482588
vertex -10.782178139303486 11.391181830845774 44.99987803482588
vertex -7.611237865671644 11.391181830845774 44.99987803482588
endloop
endfacet
facet normal 0 0 -1
outer loop
vertex 10.883569731343286 10.10318154228856 44.99987803482588
vertex 11.565182885572142 10.590188253731347 44.99987803482588
vertex 12.136246497512442 9.959925034825874 44.99987803482588
endloop
endfacet
facet normal 0 0 -0.9999999999999999
outer loop
vertex 10.883569731343286 10.10318154228856 44.99987803482588
vertex 12.136246497512442 9.959925034825874 44.99987803482588
vertex 12.33837554228856 9.687476014925375 44.99987803482588
endloop
endfacet
facet normal 0 0 -1
outer loop
vertex 10.883569731343286 10.10318154228856 44.99987803482588
vertex 12.33837554228856 9.687476014925375 44.99987803482588
vertex 9.687476014925375 9.687476014925375 44.99987803482588
endloop
endfacet
facet normal 0 0 -0.9999999999999999
outer loop
vertex 10.883569731343286 10.10318154228856 44.99987803482588
vertex 9.687476014925375 9.687476014925375 44.99987803482588
vertex 8.691221855721395 10.590188253731347 44.99987803482588
endloop
endfacet
facet normal 0 0 -1
outer loop
vertex 10.883569731343286 10.10318154228856 44.99987803482588
vertex 8.691221855721395 10.590188253731347 44.99987803482588
vertex 11.565182885572142 10.590188253731347 44.99987803482588
endloop
endfacet
facet normal 0 0 -0.9999999999999999
outer loop
vertex -10.883569731343286 10.10318154228856 44.99987803482588
vertex -8.691221855721395 10.590188253731347 44.99987803482588
vertex -9.687476014925375 9.687476014925375 44.99987803482588
endloop
endfacet
facet normal 0 0 -1
outer loop
vertex -10.883569731343286 10.10318154228856 44.99987803482588
vertex -9.687476014925375 9.687476014925375 44.99987803482588
vertex -12.33837554228856 9.687476014925375 44.99987803482588
endloop
endfacet
facet normal 0 0 -0.9999999999999999
outer loop
vertex -10.883569731343286 10.10318154228856 44.99987803482588
vertex -12.33837554228856 9.687476014925375 44.99987803482588
vertex -12.136246497512442 9.959925034825874 44.99987803482588
endloop
endfacet
facet normal 0 0 -1
outer loop
vertex -10.883569731343286 10.10318154228856 44.99987803482588
vertex -12.136246497512442 9.959925034825874 44.99987803482588
vertex -11.565182885572142 10.590188253731347 44.99987803482588
endloop
endfacet
facet normal 0 0 -1
outer loop
vertex -10.883569731343286 10.10318154228856 44.99987803482588
vertex -11.565182885572142 10.590188253731347 44.99987803482588
vertex -8.691221855721395 10.590188253731347 44.99987803482588
endloop
endfacet
facet normal 0 0 -1
outer loop
vertex 11.748668960199009 9.095807014925375 44.99987803482588
vertex 12.33837554228856 9.687476014925375 44.99987803482588
vertex 13.05400394029851 8.722293472636819 44.99987803482588
endloop
endfacet
facet normal 0 0 -1
outer loop
vertex 11.748668960199009 9.095807014925375 44.99987803482588
vertex 13.05400394029851 8.722293472636819 44.99987803482588
vertex 13.072973980099507 8.691221855721395 44.99987803482588
endloop
endfacet
facet normal 0 0 -1
outer loop
vertex 11.748668960199009 9.095807014925375 44.99987803482588
vertex 13.072973980099507 8.691221855721395 44.99987803482588
vertex 10.590188253731347 8.691221855721395 44.99987803482588
endloop
endfacet
facet normal 0 0 -1
outer loop
vertex 11.748668960199009 9.095807014925375 44.99987803482588
vertex 10.590188253731347 8.691221855721395 44.99987803482588
vertex 9.687476014925375 9.687476014925375 44.99987803482588
endloop
endfacet
facet normal 0 0 -1
outer loop
vertex 11.748668960199009 9.095807014925375 44.99987803482588
vertex 9.687476014925375 9.687476014925375 44.99987803482588
vertex 12.33837554228856 9.687476014925375 44.99987803482588
endloop
endfacet
facet normal 0 0 -1
outer loop
vertex -11.748668960199009 9.095807014925375 44.99987803482588
vertex -9.687476014925375 9.687476014925375 44.99987803482588
vertex -10.590188253731347 8.691221855721395 44.99987803482588
endloop
endfacet
facet normal 0 0 -1
outer loop
vertex -11.748668960199009 9.095807014925375 44.99987803482588
vertex -10.590188253731347 8.691221855721395 44.99987803482588
vertex -13.072973980099507 8.691221855721395 44.99987803482588
endloop
endfacet
facet normal 0 0 -1
outer loop
vertex -11.748668960199009 9.095807014925375 44.99987803482588
vertex -13.072973980099507 8.691221855721395 44.99987803482588
vertex -13.05400394029851 8.722293472636819 44.99987803482588
endloop
endfacet
facet normal 0 0 -1
outer loop
vertex -11.748668960199009 9.095807014925375 44.99987803482588
vertex -13.05400394029851 8.722293472636819 44.99987803482588
vertex -12.33837554228856 9.687476014925375 44.99987803482588
endloop
endfacet
facet normal 0 0 -1
outer loop
vertex -11.748668960199009 9.095807014925375 44.99987803482588
vertex -12.33837554228856 9.687476014925375 44.99987803482588
vertex -9.687476014925375 9.687476014925375 44.99987803482588
endloop
endfacet
facet normal 0 0 -1
outer loop
vertex 13.072973980099507 8.691221855721395 44.99987803482588
vertex 13.719917751243784 7.611237865671644 44.99987803482588
vertex 11.391181830845774 7.611237865671644 44.99987803482588
endloop
endfacet
facet normal 0 0 -1
outer loop
vertex 13.072973980099507 8.691221855721395 44.99987803482588
vertex 11.391181830845774 7.611237865671644 44.99987803482588
vertex 10.590188253731347 8.691221855721395 44.99987803482588
endloop
endfacet
facet normal 0 0 -1
outer loop
vertex -10.590188253731347 8.691221855721395 44.99987803482588
vertex -11.391181830845774 7.611237865671644 44.99987803482588
vertex -13.719917751243784 7.611237865671644 44.99987803482588
endloop
endfacet
facet normal 0 0 -1
outer loop
vertex -10.590188253731347 8.691221855721395 44.99987803482588
vertex -13.719917751243784 7.611237865671644 44.99987803482588
vertex -13.072973980099507 8.691221855721395 44.99987803482588
endloop
endfacet
facet normal 0 0 -1
outer loop
vertex 13.06643258706468 7.107877671641793 44.99987803482588
vertex 13.719917751243784 7.611237865671644 44.99987803482588
vertex 13.846166636815925 7.400932079601992 44.99987803482588
endloop
endfacet
facet normal 0 0 -1
outer loop
vertex 13.06643258706468 7.107877671641793 44.99987803482588
vertex 13.846166636815925 7.400932079601992 44.99987803482588
vertex 14.291962572139306 6.457990273631842 44.99987803482588
endloop
endfacet
facet normal 0 0 -1
outer loop
vertex 13.06643258706468 7.107877671641793 44.99987803482588
vertex 14.291962572139306 6.457990273631842 44.99987803482588
vertex 12.082280004975127 6.457990273631842 44.99987803482588
endloop
endfacet
facet normal 0 0 -1
outer loop
vertex 13.06643258706468 7.107877671641793 44.99987803482588
vertex 12.082280004975127 6.457990273631842 44.99987803482588
vertex 11.391181830845774 7.611237865671644 44.99987803482588
endloop
endfacet
facet normal 0 0 -1
outer loop
vertex 13.06643258706468 7.107877671641793 44.99987803482588
vertex 11.391181830845774 7.611237865671644 44.99987803482588
vertex 13.719917751243784 7.611237865671644 44.99987803482588
endloop
endfacet
facet normal 0 0 -1
outer loop
vertex -13.06643258706468 7.107877671641793 44.99987803482588
vertex -11.391181830845774 7.611237865671644 44.99987803482588
vertex -12.082280004975127 6.457990273631842 44.99987803482588
endloop
endfacet
facet normal 0 0 -1
outer loop
vertex -13.06643258706468 7.107877671641793 44.99987803482588
vertex -12.082280004975127 6.457990273631842 44.99987803482588
vertex -14.291962572139306 6.457990273631842 44.99987803482588
endloop
endfacet
facet normal 0 0 -1
outer loop
vertex -13.06643258706468 7.107877671641793 44.99987803482588
vertex -14.291962572139306 6.457990273631842 44.99987803482588
vertex -13.846166636815925 7.400932079601992 44.99987803482588
endloop
endfacet
facet normal 0 0 -1
outer loop
vertex -13.06643258706468 7.107877671641793 44.99987803482588
vertex -13.846166636815925 7.400932079601992 44.99987803482588
vertex -13.719917751243784 7.611237865671644 44.99987803482588
endloop
endfacet
facet normal 0 0 -1
outer loop
vertex -13.06643258706468 7.107877671641793 44.99987803482588
vertex -13.719917751243784 7.611237865671644 44.99987803482588
vertex -11.391181830845774 7.611237865671644 44.99987803482588
endloop
endfacet
facet normal 0 0 -1
outer loop
vertex 13.6630076318408 5.882020616915424 44.99987803482588
vertex 14.291962572139306 6.457990273631842 44.99987803482588
vertex 14.50488491542289 6.008269502487564 44.99987803482588
endloop
endfacet
facet normal 0 0 -1
outer loop
vertex 13.6630076318408 5.882020616915424 44.99987803482588
vertex 14.50488491542289 6.008269502487564 44.99987803482588
vertex 14.778642213930352 5.242926517412937 44.99987803482588
endloop
endfacet
facet normal 0 0 -1
outer loop
vertex 13.6630076318408 5.882020616915424 44.99987803482588
vertex 14.778642213930352 5.242926517412937 44.99987803482588
vertex 12.657268452736322 5.242926517412937 44.99987803482588
endloop
endfacet
facet normal 0 0 -1
outer loop
vertex 13.6630076318408 5.882020616915424 44.99987803482588
vertex 12.657268452736322 5.242926517412937 44.99987803482588
vertex 12.082280004975127 6.457990273631842 44.99987803482588
endloop
endfacet
facet normal 0 0 -1
outer loop
vertex 13.6630076318408 5.882020616915424 44.99987803482588
vertex 12.082280004975127 6.457990273631842 44.99987803482588
vertex 14.291962572139306 6.457990273631842 44.99987803482588
endloop
endfacet
facet normal 0 0 -1
outer loop
vertex -13.6630076318408 5.882020616915424 44.99987803482588
vertex -12.082280004975127 6.457990273631842 44.99987803482588
vertex -12.657268452736322 5.242926517412937 44.99987803482588
endloop
endfacet
facet normal 0 0 -1
outer loop
vertex -13.6630076318408 5.882020616915424 44.99987803482588
vertex -12.657268452736322 5.242926517412937 44.99987803482588
vertex -14.778642213930352 5.242926517412937 44.99987803482588
endloop
endfacet
facet normal 0 0 -1
outer loop
vertex -13.6630076318408 5.882020616915424 44.99987803482588
vertex -14.778642213930352 5.242926517412937 44.99987803482588
vertex -14.50488491542289 6.008269502487564 44.99987803482588
endloop
endfacet
facet normal 0 0 -1
outer loop
vertex -13.6630076318408 5.882020616915424 44.99987803482588
vertex -14.50488491542289 6.008269502487564 44.99987803482588
vertex -14.291962572139306 6.457990273631842 44.99987803482588
endloop
endfacet
facet normal 0 0 -1
outer loop
vertex -13.6630076318408 5.882020616915424 44.99987803482588
vertex -14.291962572139306 6.457990273631842 44.99987803482588
vertex -12.082280004975127 6.457990273631842 44.99987803482588
endloop
endfacet
facet normal 0 0 -1
outer loop
vertex 14.147724855721396 4.599253442786071 44.99987803482588
vertex 14.778642213930352 5.242926517412937 44.99987803482588
vertex 15.023944452736323 4.557388527363186 44.99987803482588
endloop
endfacet
facet normal 0 0 -1
outer loop
vertex 14.147724855721396 4.599253442786071 44.99987803482588
vertex 15.023944452736323 4.557388527363186 44.99987803482588
vertex 15.169490447761198 3.976839895522389 44.99987803482588
endloop
endfacet
facet normal 0 0 -1
outer loop
vertex 14.147724855721396 4.599253442786071 44.99987803482588
vertex 15.169490447761198 3.976839895522389 44.99987803482588
vertex 13.109932850746272 3.976839895522389 44.99987803482588
endloop
endfacet
facet normal 0 0 -1
outer loop
vertex 14.147724855721396 4.599253442786071 44.99987803482588
vertex 13.109932850746272 3.976839895522389 44.99987803482588
vertex 12.657268452736322 5.242926517412937 44.99987803482588
endloop
endfacet
facet normal 0 0 -0.9999999999999999
outer loop
vertex 14.147724855721396 4.599253442786071 44.99987803482588
vertex 12.657268452736322 5.242926517412937 44.99987803482588
vertex 14.778642213930352 5.242926517412937 44.99987803482588
endloop
endfacet
facet normal 0 0 -1
outer loop
vertex -14.147724855721396 4.599253442786071 44.99987803482588
vertex -12.657268452736322 5.242926517412937 44.99987803482588
vertex -13.109932850746272 3.976839895522389 44.99987803482588
endloop
endfacet
facet normal 0 0 -1
outer loop
vertex -14.147724855721396 4.599253442786071 44.99987803482588
vertex -13.109932850746272 3.976839895522389 44.99987803482588
vertex -15.169490447761198 3.976839895522389 44.99987803482588
endloop
endfacet
facet normal 0 0 -1
outer loop
vertex -14.147724855721396 4.599253442786071 44.99987803482588
vertex -15.169490447761198 3.976839895522389 44.99987803482588
vertex -15.023944452736323 4.557388527363186 44.99987803482588
endloop
endfacet
facet normal 0 0 -1
outer loop
vertex -14.147724855721396 4.599253442786071 44.99987803482588
vertex -15.023944452736323 4.557388527363186 44.99987803482588
vertex -14.778642213930352 5.242926517412937 44.99987803482588
endloop
endfacet
facet normal 0 0 -0.9999999999999999
outer loop
vertex -14.147724855721396 4.599253442786071 44.99987803482588
vertex -14.778642213930352 5.242926517412937 44.99987803482588
vertex -12.657268452736322 5.242926517412937 44.99987803482588
endloop
endfacet
facet normal 0 0 -1
outer loop
vertex 14.514042865671646 3.2723318656716427 44.99987803482588
vertex 15.169490447761198 3.976839895522389 44.99987803482588
vertex 15.398439203980104 3.063007288557215 44.99987803482588
endloop
endfacet
facet normal 0 0 -1
outer loop
vertex 14.514042865671646 3.2723318656716427 44.99987803482588
vertex 15.398439203980104 3.063007288557215 44.99987803482588
vertex 15.456330532338313 2.6728131940298514 44.99987803482588
endloop
endfacet
facet normal 0 0 -1
outer loop
vertex 14.514042865671646 3.2723318656716427 44.99987803482588
vertex 15.456330532338313 2.6728131940298514 44.99987803482588
vertex 13.436675432835825 2.6728131940298514 44.99987803482588
endloop
endfacet
facet normal 0 0 -1
outer loop
vertex 14.514042865671646 3.2723318656716427 44.99987803482588
vertex 13.436675432835825 2.6728131940298514 44.99987803482588
vertex 13.109932850746272 3.976839895522389 44.99987803482588
endloop
endfacet
facet normal 0 0 -0.9999999999999999
outer loop
vertex 14.514042865671646 3.2723318656716427 44.99987803482588
vertex 13.109932850746272 3.976839895522389 44.99987803482588
vertex 15.169490447761198 3.976839895522389 44.99987803482588
endloop
endfacet
facet normal 0 0 -1
outer loop
vertex -14.514042865671646 3.2723318656716427 44.99987803482588
vertex -13.109932850746272 3.976839895522389 44.99987803482588
vertex -13.436675432835825 2.6728131940298514 44.99987803482588
endloop
endfacet
facet normal 0 0 -1
outer loop
vertex -14.514042865671646 3.2723318656716427 44.99987803482588
vertex -13.436675432835825 2.6728131940298514 44.99987803482588
vertex -15.456330532338313 2.6728131940298514 44.99987803482588
endloop
endfacet
facet normal 0 0 -1
outer loop
vertex -14.514042865671646 3.2723318656716427 44.99987803482588
vertex -15.456330532338313 2.6728131940298514 44.99987803482588
vertex -15.398439203980104 3.063007288557215 44.99987803482588
endloop
endfacet
facet normal 0 0 -1
outer loop
vertex -14.514042865671646 3.2723318656716427 44.99987803482588
vertex -15.398439203980104 3.063007288557215 44.99987803482588
vertex -15.169490447761198 3.976839895522389 44.99987803482588
endloop
endfacet
facet normal 0 0 -0.9999999999999999
outer loop
vertex -14.514042865671646 3.2723318656716427 44.99987803482588
vertex -15.169490447761198 3.976839895522389 44.99987803482588
vertex -13.109932850746272 3.976839895522389 44.99987803482588
endloop
endfacet
facet normal 0 0 -1
outer loop
vertex 14.757055616915427 1.9140116019900502 44.99987803482588
vertex 15.456330532338313 2.6728131940298514 44.99987803482588
vertex 15.624444333333338 1.5388627114427864 44.99987803482588
endloop
endfacet
facet normal 0 0 -0.9999999999999999
outer loop
vertex 14.757055616915427 1.9140116019900502 44.99987803482588
vertex 15.624444333333338 1.5388627114427864 44.99987803482588
vertex 15.633929353233835 1.3429479900497516 44.99987803482588
endloop
endfacet
facet normal 0 0 -1
outer loop
vertex 14.757055616915427 1.9140116019900502 44.99987803482588
vertex 15.633929353233835 1.3429479900497516 44.99987803482588
vertex 13.633898432835824 1.3429479900497516 44.99987803482588
endloop
endfacet
facet normal 0 0 -1
outer loop
vertex 14.757055616915427 1.9140116019900502 44.99987803482588
vertex 13.633898432835824 1.3429479900497516 44.99987803482588
vertex 13.436675432835825 2.6728131940298514 44.99987803482588
endloop
endfacet
facet normal 0 0 -0.9999999999999999
outer loop
vertex 14.757055616915427 1.9140116019900502 44.99987803482588
vertex 13.436675432835825 2.6728131940298514 44.99987803482588
vertex 15.456330532338313 2.6728131940298514 44.99987803482588
endloop
endfacet
facet normal 0 0 -1
outer loop
vertex -14.757055616915427 1.9140116019900502 44.99987803482588
vertex -13.436675432835825 2.6728131940298514 44.99987803482588
vertex -13.633898432835824 1.3429479900497516 44.99987803482588
endloop
endfacet
facet normal 0 0 -1
outer loop
vertex -14.757055616915427 1.9140116019900502 44.99987803482588
vertex -13.633898432835824 1.3429479900497516 44.99987803482588
vertex -15.633929353233835 1.3429479900497516 44.99987803482588
endloop
endfacet
facet normal 0 0 -0.9999999999999999
outer loop
vertex -14.757055616915427 1.9140116019900502 44.99987803482588
vertex -15.633929353233835 1.3429479900497516 44.99987803482588
vertex -15.624444333333338 1.5388627114427864 44.99987803482588
endloop
endfacet
facet normal 0 0 -1
outer loop
vertex -14.757055616915427 1.9140116019900502 44.99987803482588
vertex -15.624444333333338 1.5388627114427864 44.99987803482588
vertex -15.456330532338313 2.6728131940298514 44.99987803482588
endloop
endfacet
facet normal 0 0 -0.9999999999999999
outer loop
vertex -14.757055616915427 1.9140116019900502 44.99987803482588
vertex -15.456330532338313 2.6728131940298514 44.99987803482588
vertex -13.436675432835825 2.6728131940298514 44.99987803482588
endloop
endfacet
facet normal 0 0 -1
outer loop
vertex 15.633929353233835 1.3429479900497516 44.99987803482588
vertex 15.699997422885577 0 44.99987803482588
vertex 13.699966502487566 0 44.99987803482588
endloop
endfacet
facet normal 0 0 -1
outer loop
vertex 15.633929353233835 1.3429479900497516 44.99987803482588
vertex 13.699966502487566 0 44.99987803482588
vertex 13.633898432835824 1.3429479900497516 44.99987803482588
endloop
endfacet
facet normal 0 0 -1
outer loop
vertex -13.633898432835824 1.3429479900497516 44.99987803482588
vertex -13.699966502487566 0 44.99987803482588
vertex -15.699997422885577 0 44.99987803482588
endloop
endfacet
facet normal 0 0 -1
outer loop
vertex -13.633898432835824 1.3429479900497516 44.99987803482588
vertex -15.699997422885577 0 44.99987803482588
vertex -15.633929353233835 1.3429479900497516 44.99987803482588
endloop
endfacet
facet normal 0 0 -1
outer loop
vertex 15.699997422885577 0 44.99987803482588
vertex 15.633929353233835 -1.3429479900497516 44.99987803482588
vertex 13.633898432835824 -1.3429479900497516 44.99987803482588
endloop
endfacet
facet normal 0 0 -1
outer loop
vertex 15.699997422885577 0 44.99987803482588
vertex 13.633898432835824 -1.3429479900497516 44.99987803482588
vertex 13.699966502487566 0 44.99987803482588
endloop
endfacet
facet normal 0 0 -1
outer loop
vertex -13.699966502487566 0 44.99987803482588
vertex -13.633898432835824 -1.3429479900497516 44.99987803482588
vertex -15.633929353233835 -1.3429479900497516 44.99987803482588
endloop
endfacet
facet normal 0 0 -1
outer loop
vertex -13.699966502487566 0 44.99987803482588
vertex -15.633929353233835 -1.3429479900497516 44.99987803482588
vertex -15.699997422885577 0 44.99987803482588
endloop
endfacet
facet normal 0 0 -0.9999999999999999
outer loop
vertex 14.757055616915427 -1.9140116019900502 44.99987803482588
vertex 15.633929353233835 -1.3429479900497516 44.99987803482588
vertex 15.624444333333338 -1.5388627114427864 44.99987803482588
endloop
endfacet
facet normal 0 0 -1
outer loop
vertex 14.757055616915427 -1.9140116019900502 44.99987803482588
vertex 15.624444333333338 -1.5388627114427864 44.99987803482588
vertex 15.456330532338313 -2.6728131940298514 44.99987803482588
endloop
endfacet
facet normal 0 0 -0.9999999999999999
outer loop
vertex 14.757055616915427 -1.9140116019900502 44.99987803482588
vertex 15.456330532338313 -2.6728131940298514 44.99987803482588
vertex 13.436675432835825 -2.6728131940298514 44.99987803482588
endloop
endfacet
facet normal 0 0 -1
outer loop
vertex 14.757055616915427 -1.9140116019900502 44.99987803482588
vertex 13.436675432835825 -2.6728131940298514 44.99987803482588
vertex 13.633898432835824 -1.3429479900497516 44.99987803482588
endloop
endfacet
facet normal 0 0 -1
outer loop
vertex 14.757055616915427 -1.9140116019900502 44.99987803482588
vertex 13.633898432835824 -1.3429479900497516 44.99987803482588
vertex 15.633929353233835 -1.3429479900497516 44.99987803482588
endloop
endfacet
facet normal 0 0 -1
outer loop
vertex -14.757055616915427 -1.9140116019900502 44.99987803482588
vertex -13.633898432835824 -1.3429479900497516 44.99987803482588
vertex -13.436675432835825 -2.6728131940298514 44.99987803482588
endloop
endfacet
facet normal 0 0 -0.9999999999999999
outer loop
vertex -14.757055616915427 -1.9140116019900502 44.99987803482588
vertex -13.436675432835825 -2.6728131940298514 44.99987803482588
vertex -15.456330532338313 -2.6728131940298514 44.99987803482588
endloop
endfacet
facet normal 0 0 -1
outer loop
vertex -14.757055616915427 -1.9140116019900502 44.99987803482588
vertex -15.456330532338313 -2.6728131940298514 44.99987803482588
vertex -15.624444333333338 -1.5388627114427864 44.99987803482588
endloop
endfacet
facet normal 0 0 -0.9999999999999999
outer loop
vertex -14.757055616915427 -1.9140116019900502 44.99987803482588
vertex -15.624444333333338 -1.5388627114427864 44.99987803482588
vertex -15.633929353233835 -1.3429479900497516 44.99987803482588
endloop
endfacet
facet normal 0 0 -1
outer loop
vertex -14.757055616915427 -1.9140116019900502 44.99987803482588
vertex -15.633929353233835 -1.3429479900497516 44.99987803482588
vertex -13.633898432835824 -1.3429479900497516 44.99987803482588
endloop
endfacet
facet normal 0 0 -1
outer loop
vertex 14.514042865671646 -3.2723318656716427 44.99987803482588
vertex 15.456330532338313 -2.6728131940298514 44.99987803482588
vertex 15.398439203980104 -3.063007288557215 44.99987803482588
endloop
endfacet
facet normal 0 0 -1
outer loop
vertex 14.514042865671646 -3.2723318656716427 44.99987803482588
vertex 15.398439203980104 -3.063007288557215 44.99987803482588
vertex 15.169490447761198 -3.976839895522389 44.99987803482588
endloop
endfacet
facet normal 0 0 -0.9999999999999999
outer loop
vertex 14.514042865671646 -3.2723318656716427 44.99987803482588
vertex 15.169490447761198 -3.976839895522389 44.99987803482588
vertex 13.109932850746272 -3.976839895522389 44.99987803482588
endloop
endfacet
facet normal 0 0 -1
outer loop
vertex 14.514042865671646 -3.2723318656716427 44.99987803482588
vertex 13.109932850746272 -3.976839895522389 44.99987803482588
vertex 13.436675432835825 -2.6728131940298514 44.99987803482588
endloop
endfacet
facet normal 0 0 -1
outer loop
vertex 14.514042865671646 -3.2723318656716427 44.99987803482588
vertex 13.436675432835825 -2.6728131940298514 44.99987803482588
vertex 15.456330532338313 -2.6728131940298514 44.99987803482588
endloop
endfacet
facet normal 0 0 -1
outer loop
vertex -14.514042865671646 -3.2723318656716427 44.99987803482588
vertex -13.436675432835825 -2.6728131940298514 44.99987803482588
vertex -13.109932850746272 -3.976839895522389 44.99987803482588
endloop
endfacet
facet normal 0 0 -0.9999999999999999
outer loop
vertex -14.514042865671646 -3.2723318656716427 44.99987803482588
vertex -13.109932850746272 -3.976839895522389 44.99987803482588
vertex -15.169490447761198 -3.976839895522389 44.99987803482588
endloop
endfacet
facet normal 0 0 -1
outer loop
vertex -14.514042865671646 -3.2723318656716427 44.99987803482588
vertex -15.169490447761198 -3.976839895522389 44.99987803482588
vertex -15.398439203980104 -3.063007288557215 44.99987803482588
endloop
endfacet
facet normal 0 0 -1
outer loop
vertex -14.514042865671646 -3.2723318656716427 44.99987803482588
vertex -15.398439203980104 -3.063007288557215 44.99987803482588
vertex -15.456330532338313 -2.6728131940298514 44.99987803482588
endloop
endfacet
facet normal 0 0 -1
outer loop
vertex -14.514042865671646 -3.2723318656716427 44.99987803482588
vertex -15.456330532338313 -2.6728131940298514 44.99987803482588
vertex -13.436675432835825 -2.6728131940298514 44.99987803482588
endloop
endfacet
facet normal 0 0 -1
outer loop
vertex 14.147724855721396 -4.599253442786071 44.99987803482588
vertex 15.169490447761198 -3.976839895522389 44.99987803482588
vertex 15.023944452736323 -4.557388527363186 44.99987803482588
endloop
endfacet
facet normal 0 0 -1
outer loop
vertex 14.147724855721396 -4.599253442786071 44.99987803482588
vertex 15.023944452736323 -4.557388527363186 44.99987803482588
vertex 14.778642213930352 -5.242926517412937 44.99987803482588
endloop
endfacet
facet normal 0 0 -0.9999999999999999
outer loop
vertex 14.147724855721396 -4.599253442786071 44.99987803482588
vertex 14.778642213930352 -5.242926517412937 44.99987803482588
vertex 12.657268452736322 -5.242926517412937 44.99987803482588
endloop
endfacet
facet normal 0 0 -1
outer loop
vertex 14.147724855721396 -4.599253442786071 44.99987803482588
vertex 12.657268452736322 -5.242926517412937 44.99987803482588
vertex 13.109932850746272 -3.976839895522389 44.99987803482588
endloop
endfacet
facet normal 0 0 -1
outer loop
vertex 14.147724855721396 -4.599253442786071 44.99987803482588
vertex 13.109932850746272 -3.976839895522389 44.99987803482588
vertex 15.169490447761198 -3.976839895522389 44.99987803482588
endloop
endfacet
facet normal 0 0 -1
outer loop
vertex -14.147724855721396 -4.599253442786071 44.99987803482588
vertex -13.109932850746272 -3.976839895522389 44.99987803482588
vertex -12.657268452736322 -5.242926517412937 44.99987803482588
endloop
endfacet
facet normal 0 0 -0.9999999999999999
outer loop
vertex -14.147724855721396 -4.599253442786071 44.99987803482588
vertex -12.657268452736322 -5.242926517412937 44.99987803482588
vertex -14.778642213930352 -5.242926517412937 44.99987803482588
endloop
endfacet
facet normal 0 0 -1
outer loop
vertex -14.147724855721396 -4.599253442786071 44.99987803482588
vertex -14.778642213930352 -5.242926517412937 44.99987803482588
vertex -15.023944452736323 -4.557388527363186 44.99987803482588
endloop
endfacet
facet normal 0 0 -1
outer loop
vertex -14.147724855721396 -4.599253442786071 44.99987803482588
vertex -15.023944452736323 -4.557388527363186 44.99987803482588
vertex -15.169490447761198 -3.976839895522389 44.99987803482588
endloop
endfacet
facet normal 0 0 -1
outer loop
vertex -14.147724855721396 -4.599253442786071 44.99987803482588
vertex -15.169490447761198 -3.976839895522389 44.99987803482588
vertex -13.109932850746272 -3.976839895522389 44.99987803482588
endloop
endfacet
facet normal 0 0 -1
outer loop
vertex 13.6630076318408 -5.882020616915424 44.99987803482588
vertex 14.778642213930352 -5.242926517412937 44.99987803482588
vertex 14.50488491542289 -6.008269502487564 44.99987803482588
endloop
endfacet
facet normal 0 0 -1
outer loop
vertex 13.6630076318408 -5.882020616915424 44.99987803482588
vertex 14.50488491542289 -6.008269502487564 44.99987803482588
vertex 14.291962572139306 -6.457990273631842 44.99987803482588
endloop
endfacet
facet normal 0 0 -1
outer loop
vertex 13.6630076318408 -5.882020616915424 44.99987803482588
vertex 14.291962572139306 -6.457990273631842 44.99987803482588
vertex 12.082280004975127 -6.457990273631842 44.99987803482588
endloop
endfacet
facet normal 0 0 -1
outer loop
vertex 13.6630076318408 -5.882020616915424 44.99987803482588
vertex 12.082280004975127 -6.457990273631842 44.99987803482588
vertex 12.657268452736322 -5.242926517412937 44.99987803482588
endloop
endfacet
facet normal 0 0 -1
outer loop
vertex 13.6630076318408 -5.882020616915424 44.99987803482588
vertex 12.657268452736322 -5.242926517412937 44.99987803482588
vertex 14.778642213930352 -5.242926517412937 44.99987803482588
endloop
endfacet
facet normal 0 0 -1
outer loop
vertex -13.6630076318408 -5.882020616915424 44.99987803482588
vertex -12.657268452736322 -5.242926517412937 44.99987803482588
vertex -12.082280004975127 -6.457990273631842 44.99987803482588
endloop
endfacet
facet normal 0 0 -1
outer loop
vertex -13.6630076318408 -5.882020616915424 44.99987803482588
vertex -12.082280004975127 -6.457990273631842 44.99987803482588
vertex -14.291962572139306 -6.457990273631842 44.99987803482588
endloop
endfacet
facet normal 0 0 -1
outer loop
vertex -13.6630076318408 -5.882020616915424 44.99987803482588
vertex -14.291962572139306 -6.457990273631842 44.99987803482588
vertex -14.50488491542289 -6.008269502487564 44.99987803482588
endloop
endfacet
facet normal 0 0 -1
outer loop
vertex -13.6630076318408 -5.882020616915424 44.99987803482588
vertex -14.50488491542289 -6.008269502487564 44.99987803482588
vertex -14.778642213930352 -5.242926517412937 44.99987803482588
endloop
endfacet
facet normal 0 0 -1
outer loop
vertex -13.6630076318408 -5.882020616915424 44.99987803482588
vertex -14.778642213930352 -5.242926517412937 44.99987803482588
vertex -12.657268452736322 -5.242926517412937 44.99987803482588
endloop
endfacet
facet normal 0 0 -1
outer loop
vertex 13.06643258706468 -7.107877671641793 44.99987803482588
vertex 14.291962572139306 -6.457990273631842 44.99987803482588
vertex 13.846166636815925 -7.400932079601992 44.99987803482588
endloop
endfacet
facet normal 0 0 -1
outer loop
vertex 13.06643258706468 -7.107877671641793 44.99987803482588
vertex 13.846166636815925 -7.400932079601992 44.99987803482588
vertex 13.719917751243784 -7.611237865671644 44.99987803482588
endloop
endfacet
facet normal 0 0 -1
outer loop
vertex 13.06643258706468 -7.107877671641793 44.99987803482588
vertex 13.719917751243784 -7.611237865671644 44.99987803482588
vertex 11.391181830845774 -7.611237865671644 44.99987803482588
endloop
endfacet
facet normal 0 0 -1
outer loop
vertex 13.06643258706468 -7.107877671641793 44.99987803482588
vertex 11.391181830845774 -7.611237865671644 44.99987803482588
vertex 12.082280004975127 -6.457990273631842 44.99987803482588
endloop
endfacet
facet normal 0 0 -1
outer loop
vertex 13.06643258706468 -7.107877671641793 44.99987803482588
vertex 12.082280004975127 -6.457990273631842 44.99987803482588
vertex 14.291962572139306 -6.457990273631842 44.99987803482588
endloop
endfacet
facet normal 0 0 -1
outer loop
vertex -13.06643258706468 -7.107877671641793 44.99987803482588
vertex -12.082280004975127 -6.457990273631842 44.99987803482588
vertex -11.391181830845774 -7.611237865671644 44.99987803482588
endloop
endfacet
facet normal 0 0 -1
outer loop
vertex -13.06643258706468 -7.107877671641793 44.99987803482588
vertex -11.391181830845774 -7.611237865671644 44.99987803482588
vertex -13.719917751243784 -7.611237865671644 44.99987803482588
endloop
endfacet
facet normal 0 0 -1
outer loop
vertex -13.06643258706468 -7.107877671641793 44.99987803482588
vertex -13.719917751243784 -7.611237865671644 44.99987803482588
vertex -13.846166636815925 -7.400932079601992 44.99987803482588
endloop
endfacet
facet normal 0 0 -1
outer loop
vertex -13.06643258706468 -7.107877671641793 44.99987803482588
vertex -13.846166636815925 -7.400932079601992 44.99987803482588
vertex -14.291962572139306 -6.457990273631842 44.99987803482588
endloop
endfacet
facet normal 0 0 -1
outer loop
vertex -13.06643258706468 -7.107877671641793 44.99987803482588
vertex -14.291962572139306 -6.457990273631842 44.99987803482588
vertex -12.082280004975127 -6.457990273631842 44.99987803482588
endloop
endfacet
facet normal 0 0 -1
outer loop
vertex 13.719917751243784 -7.611237865671644 44.99987803482588
vertex 13.072973980099507 -8.691221855721395 44.99987803482588
vertex 10.590188253731347 -8.691221855721395 44.99987803482588
endloop
endfacet
facet normal 0 0 -1
outer loop
vertex 13.719917751243784 -7.611237865671644 44.99987803482588
vertex 10.590188253731347 -8.691221855721395 44.99987803482588
vertex 11.391181830845774 -7.611237865671644 44.99987803482588
endloop
endfacet
facet normal 0 0 -1
outer loop
vertex -11.391181830845774 -7.611237865671644 44.99987803482588
vertex -10.590188253731347 -8.691221855721395 44.99987803482588
vertex -13.072973980099507 -8.691221855721395 44.99987803482588
endloop
endfacet
facet normal 0 0 -1
outer loop
vertex -11.391181830845774 -7.611237865671644 44.99987803482588
vertex -13.072973980099507 -8.691221855721395 44.99987803482588
vertex -13.719917751243784 -7.611237865671644 44.99987803482588
endloop
endfacet
facet normal 0 0 -1
outer loop
vertex 11.748668960199009 -9.095807014925375 44.99987803482588
vertex 13.072973980099507 -8.691221855721395 44.99987803482588
vertex 13.05400394029851 -8.722293472636819 44.99987803482588
endloop
endfacet
facet normal 0 0 -1
outer loop
vertex 11.748668960199009 -9.095807014925375 44.99987803482588
vertex 13.05400394029851 -8.722293472636819 44.99987803482588
vertex 12.33837554228856 -9.687476014925375 44.99987803482588
endloop
endfacet
facet normal 0 0 -1
outer loop
vertex 11.748668960199009 -9.095807014925375 44.99987803482588
vertex 12.33837554228856 -9.687476014925375 44.99987803482588
vertex 9.687476014925375 -9.687476014925375 44.99987803482588
endloop
endfacet
facet normal 0 0 -1
outer loop
vertex 11.748668960199009 -9.095807014925375 44.99987803482588
vertex 9.687476014925375 -9.687476014925375 44.99987803482588
vertex 10.590188253731347 -8.691221855721395 44.99987803482588
endloop
endfacet
facet normal 0 0 -1
outer loop
vertex 11.748668960199009 -9.095807014925375 44.99987803482588
vertex 10.590188253731347 -8.691221855721395 44.99987803482588
vertex 13.072973980099507 -8.691221855721395 44.99987803482588
endloop
endfacet
facet normal 0 0 -1
outer loop
vertex -11.748668960199009 -9.095807014925375 44.99987803482588
vertex -10.590188253731347 -8.691221855721395 44.99987803482588
vertex -9.687476014925375 -9.687476014925375 44.99987803482588
endloop
endfacet
facet normal 0 0 -1
outer loop
vertex -11.748668960199009 -9.095807014925375 44.99987803482588
vertex -9.687476014925375 -9.687476014925375 44.99987803482588
vertex -12.33837554228856 -9.687476014925375 44.99987803482588
endloop
endfacet
facet normal 0 0 -1
outer loop
vertex -11.748668960199009 -9.095807014925375 44.99987803482588
vertex -12.33837554228856 -9.687476014925375 44.99987803482588
vertex -13.05400394029851 -8.722293472636819 44.99987803482588
endloop
endfacet
facet normal 0 0 -1
outer loop
vertex -11.748668960199009 -9.095807014925375 44.99987803482588
vertex -13.05400394029851 -8.722293472636819 44.99987803482588
vertex -13.072973980099507 -8.691221855721395 44.99987803482588
endloop
endfacet
facet normal 0 0 -1
outer loop
vertex -11.748668960199009 -9.095807014925375 44.99987803482588
vertex -13.072973980099507 -8.691221855721395 44.99987803482588
vertex -10.590188253731347 -8.691221855721395 44.99987803482588
endloop
endfacet
facet normal 0 0 -0.9999999999999999
outer loop
vertex 10.883569731343286 -10.10318154228856 44.99987803482588
vertex 12.33837554228856 -9.687476014925375 44.99987803482588
vertex 12.136246497512442 -9.959925034825874 44.99987803482588
endloop
endfacet
facet normal 0 0 -1
outer loop
vertex 10.883569731343286 -10.10318154228856 44.99987803482588
vertex 12.136246497512442 -9.959925034825874 44.99987803482588
vertex 11.565182885572142 -10.590188253731347 44.99987803482588
endloop
endfacet
facet normal 0 0 -1
outer loop
vertex 10.883569731343286 -10.10318154228856 44.99987803482588
vertex 11.565182885572142 -10.590188253731347 44.99987803482588
vertex 8.691221855721395 -10.590188253731347 44.99987803482588
endloop
endfacet
facet normal 0 0 -0.9999999999999999
outer loop
vertex 10.883569731343286 -10.10318154228856 44.99987803482588
vertex 8.691221855721395 -10.590188253731347 44.99987803482588
vertex 9.687476014925375 -9.687476014925375 44.99987803482588
endloop
endfacet
facet normal 0 0 -1
outer loop
vertex 10.883569731343286 -10.10318154228856 44.99987803482588
vertex 9.687476014925375 -9.687476014925375 44.99987803482588
vertex 12.33837554228856 -9.687476014925375 44.99987803482588
endloop
endfacet
facet normal 0 0 -0.9999999999999999
outer loop
vertex -10.883569731343286 -10.10318154228856 44.99987803482588
vertex -9.687476014925375 -9.687476014925375 44.99987803482588
vertex -8.691221855721395 -10.590188253731347 44.99987803482588
endloop
endfacet
facet normal 0 0 -1
outer loop
vertex -10.883569731343286 -10.10318154228856 44.99987803482588
vertex -8.691221855721395 -10.590188253731347 44.99987803482588
vertex -11.565182885572142 -10.590188253731347 44.99987803482588
endloop
endfacet
facet normal 0 0 -1
outer loop
vertex -10.883569731343286 -10.10318154228856 44.99987803482588
vertex -11.565182885572142 -10.590188253731347 44.99987803482588
vertex -12.136246497512442 -9.959925034825874 44.99987803482588
endloop
endfacet
facet normal 0 0 -0.9999999999999999
outer loop
vertex -10.883569731343286 -10.10318154228856 44.99987803482588
vertex -12.136246497512442 -9.959925034825874 44.99987803482588
vertex -12.33837554228856 -9.687476014925375 44.99987803482588
endloop
endfacet
facet normal 0 0 -1
outer loop
vertex -10.883569731343286 -10.10318154228856 44.99987803482588
vertex -12.33837554228856 -9.687476014925375 44.99987803482588
vertex -9.687476014925375 -9.687476014925375 44.99987803482588
endloop
endfacet
facet normal 0 0 -1
outer loop
vertex 9.950440014925375 -11.012762243781097 44.99987803482588
vertex 11.565182885572142 -10.590188253731347 44.99987803482588
vertex 11.10172518905473 -11.10172518905473 44.99987803482588
endloop
endfacet
facet normal 0 0 -1
outer loop
vertex 9.950440014925375 -11.012762243781097 44.99987803482588
vertex 11.10172518905473 -11.10172518905473 44.99987803482588
vertex 10.782178139303486 -11.391181830845774 44.99987803482588
endloop
endfacet
facet normal 0 0 -1
outer loop
vertex 9.950440014925375 -11.012762243781097 44.99987803482588
vertex 10.782178139303486 -11.391181830845774 44.99987803482588
vertex 7.611237865671644 -11.391181830845774 44.99987803482588
endloop
endfacet
facet normal 0 0 -1
outer loop
vertex 9.950440014925375 -11.012762243781097 44.99987803482588
vertex 7.611237865671644 -11.391181830845774 44.99987803482588
vertex 8.691221855721395 -10.590188253731347 44.99987803482588
endloop
endfacet
facet normal 0 0 -1
outer loop
vertex 9.950440014925375 -11.012762243781097 44.99987803482588
vertex 8.691221855721395 -10.590188253731347 44.99987803482588
vertex 11.565182885572142 -10.590188253731347 44.99987803482588
endloop
endfacet
facet normal 0 0 -1
outer loop
vertex -9.950440014925375 -11.012762243781097 44.99987803482588
vertex -8.691221855721395 -10.590188253731347 44.99987803482588
vertex -7.611237865671644 -11.391181830845774 44.99987803482588
endloop
endfacet
facet normal 0 0 -1
outer loop
vertex -9.950440014925375 -11.012762243781097 44.99987803482588
vertex -7.611237865671644 -11.391181830845774 44.99987803482588
vertex -10.782178139303486 -11.391181830845774 44.99987803482588
endloop
endfacet
facet normal 0 0 -1
outer loop
vertex -9.950440014925375 -11.012762243781097 44.99987803482588
vertex -10.782178139303486 -11.391181830845774 44.99987803482588
vertex -11.10172518905473 -11.10172518905473 44.99987803482588
endloop
endfacet
facet normal 0 0 -1
outer loop
vertex -9.950440014925375 -11.012762243781097 44.99987803482588
vertex -11.10172518905473 -11.10172518905473 44.99987803482588
vertex -11.565182885572142 -10.590188253731347 44.99987803482588
endloop
endfacet
facet normal 0 0 -1
outer loop
vertex -9.950440014925375 -11.012762243781097 44.99987803482588
vertex -11.565182885572142 -10.590188253731347 44.99987803482588
vertex -8.691221855721395 -10.590188253731347 44.99987803482588
endloop
endfacet
facet normal 0 0 -1
outer loop
vertex 10.782178139303486 -11.391181830845774 44.99987803482588
vertex 10.01945171144279 -12.082280004975127 44.99987803482588
vertex 6.457990273631842 -12.082280004975127 44.99987803482588
endloop
endfacet
facet normal 0 0 -1
outer loop
vertex 10.782178139303486 -11.391181830845774 44.99987803482588
vertex 6.457990273631842 -12.082280004975127 44.99987803482588
vertex 7.611237865671644 -11.391181830845774 44.99987803482588
endloop
endfacet
facet normal 0 0 -1
outer loop
vertex -7.611237865671644 -11.391181830845774 44.99987803482588
vertex -6.457990273631842 -12.082280004975127 44.99987803482588
vertex -10.01945171144279 -12.082280004975127 44.99987803482588
endloop
endfacet
facet normal 0 0 -1
outer loop
vertex -7.611237865671644 -11.391181830845774 44.99987803482588
vertex -10.01945171144279 -12.082280004975127 44.99987803482588
vertex -10.782178139303486 -11.391181830845774 44.99987803482588
endloop
endfacet
facet normal 0 0 -1
outer loop
vertex 8.187534592039803 -12.32300326865672 44.99987803482588
vertex 10.01945171144279 -12.082280004975127 44.99987803482588
vertex 9.959925034825874 -12.136246497512442 44.99987803482588
endloop
endfacet
facet normal 0 0 -1
outer loop
vertex 8.187534592039803 -12.32300326865672 44.99987803482588
vertex 9.959925034825874 -12.136246497512442 44.99987803482588
vertex 9.257706492537316 -12.657268452736322 44.99987803482588
endloop
endfacet
facet normal 0 0 -1
outer loop
vertex 8.187534592039803 -12.32300326865672 44.99987803482588
vertex 9.257706492537316 -12.657268452736322 44.99987803482588
vertex 5.242926517412937 -12.657268452736322 44.99987803482588
endloop
endfacet
facet normal 0 0 -1
outer loop
vertex 8.187534592039803 -12.32300326865672 44.99987803482588
vertex 5.242926517412937 -12.657268452736322 44.99987803482588
vertex 6.457990273631842 -12.082280004975127 44.99987803482588
endloop
endfacet
facet normal 0 0 -1
outer loop
vertex 8.187534592039803 -12.32300326865672 44.99987803482588
vertex 6.457990273631842 -12.082280004975127 44.99987803482588
vertex 10.01945171144279 -12.082280004975127 44.99987803482588
endloop
endfacet
facet normal 0 0 -1
outer loop
vertex -8.187534592039803 -12.32300326865672 44.99987803482588
vertex -6.457990273631842 -12.082280004975127 44.99987803482588
vertex -5.242926517412937 -12.657268452736322 44.99987803482588
endloop
endfacet
facet normal 0 0 -1
outer loop
vertex -8.187534592039803 -12.32300326865672 44.99987803482588
vertex -5.242926517412937 -12.657268452736322 44.99987803482588
vertex -9.257706492537316 -12.657268452736322 44.99987803482588
endloop
endfacet
facet normal 0 0 -1
outer loop
vertex -8.187534592039803 -12.32300326865672 44.99987803482588
vertex -9.257706492537316 -12.657268452736322 44.99987803482588
vertex -9.959925034825874 -12.136246497512442 44.99987803482588
endloop
endfacet
facet normal 0 0 -1
outer loop
vertex -8.187534592039803 -12.32300326865672 44.99987803482588
vertex -9.959925034825874 -12.136246497512442 44.99987803482588
vertex -10.01945171144279 -12.082280004975127 44.99987803482588
endloop
endfacet
facet normal 0 0 -1
outer loop
vertex -8.187534592039803 -12.32300326865672 44.99987803482588
vertex -10.01945171144279 -12.082280004975127 44.99987803482588
vertex -6.457990273631842 -12.082280004975127 44.99987803482588
endloop
endfacet
facet normal 0 0 -1
outer loop
vertex 7.165769000000002 -12.917615895522392 44.99987803482588
vertex 9.257706492537316 -12.657268452736322 44.99987803482588
vertex 8.722293472636819 -13.05400394029851 44.99987803482588
endloop
endfacet
facet normal 0 0 -1
outer loop
vertex 7.165769000000002 -12.917615895522392 44.99987803482588
vertex 8.722293472636819 -13.05400394029851 44.99987803482588
vertex 8.62907862189055 -13.109932850746272 44.99987803482588
endloop
endfacet
facet normal 0 0 -1
outer loop
vertex 7.165769000000002 -12.917615895522392 44.99987803482588
vertex 8.62907862189055 -13.109932850746272 44.99987803482588
vertex 3.976839895522389 -13.109932850746272 44.99987803482588
endloop
endfacet
facet normal 0 0 -0.9999999999999999
outer loop
vertex 7.165769000000002 -12.917615895522392 44.99987803482588
vertex 3.976839895522389 -13.109932850746272 44.99987803482588
vertex 5.242926517412937 -12.657268452736322 44.99987803482588
endloop
endfacet
facet normal 0 0 -1
outer loop
vertex 7.165769000000002 -12.917615895522392 44.99987803482588
vertex 5.242926517412937 -12.657268452736322 44.99987803482588
vertex 9.257706492537316 -12.657268452736322 44.99987803482588
endloop
endfacet
facet normal 0 0 -0.9999999999999999
outer loop
vertex -7.165769000000002 -12.917615895522392 44.99987803482588
vertex -5.242926517412937 -12.657268452736322 44.99987803482588
vertex -3.976839895522389 -13.109932850746272 44.99987803482588
endloop
endfacet
facet normal 0 0 -1
outer loop
vertex -7.165769000000002 -12.917615895522392 44.99987803482588
vertex -3.976839895522389 -13.109932850746272 44.99987803482588
vertex -8.62907862189055 -13.109932850746272 44.99987803482588
endloop
endfacet
facet normal 0 0 -1
outer loop
vertex -7.165769000000002 -12.917615895522392 44.99987803482588
vertex -8.62907862189055 -13.109932850746272 44.99987803482588
vertex -8.722293472636819 -13.05400394029851 44.99987803482588
endloop
endfacet
facet normal 0 0 -1
outer loop
vertex -7.165769000000002 -12.917615895522392 44.99987803482588
vertex -8.722293472636819 -13.05400394029851 44.99987803482588
vertex -9.257706492537316 -12.657268452736322 44.99987803482588
endloop
endfacet
facet normal 0 0 -1
outer loop
vertex -7.165769000000002 -12.917615895522392 44.99987803482588
vertex -9.257706492537316 -12.657268452736322 44.99987803482588
vertex -5.242926517412937 -12.657268452736322 44.99987803482588
endloop
endfacet
facet normal 0 0 -1
outer loop
vertex 8.62907862189055 -13.109932850746272 44.99987803482588
vertex 8.083853512437813 -13.436675432835825 44.99987803482588
vertex 2.6728131940298514 -13.436675432835825 44.99987803482588
endloop
endfacet
facet normal 0 0 -1
outer loop
vertex 8.62907862189055 -13.109932850746272 44.99987803482588
vertex 2.6728131940298514 -13.436675432835825 44.99987803482588
vertex 3.976839895522389 -13.109932850746272 44.99987803482588
endloop
endfacet
facet normal 0 0 -1
outer loop
vertex -3.976839895522389 -13.109932850746272 44.99987803482588
vertex -2.6728131940298514 -13.436675432835825 44.99987803482588
vertex -8.083853512437813 -13.436675432835825 44.99987803482588
endloop
endfacet
facet normal 0 0 -1
outer loop
vertex -3.976839895522389 -13.109932850746272 44.99987803482588
vertex -8.083853512437813 -13.436675432835825 44.99987803482588
vertex -8.62907862189055 -13.109932850746272 44.99987803482588
endloop
endfacet
facet normal 0 0 -1
outer loop
vertex 8.083853512437813 -13.436675432835825 44.99987803482588
vertex 7.7548214427860716 -13.633898432835824 44.99987803482588
vertex 1.3429479900497516 -13.633898432835824 44.99987803482588
endloop
endfacet
facet normal 0 0 -1
outer loop
vertex 8.083853512437813 -13.436675432835825 44.99987803482588
vertex 1.3429479900497516 -13.633898432835824 44.99987803482588
vertex 2.6728131940298514 -13.436675432835825 44.99987803482588
endloop
endfacet
facet normal 0 0 -1
outer loop
vertex -2.6728131940298514 -13.436675432835825 44.99987803482588
vertex -1.3429479900497516 -13.633898432835824 44.99987803482588
vertex -7.7548214427860716 -13.633898432835824 44.99987803482588
endloop
endfacet
facet normal 0 0 -1
outer loop
vertex -2.6728131940298514 -13.436675432835825 44.99987803482588
vertex -7.7548214427860716 -13.633898432835824 44.99987803482588
vertex -8.083853512437813 -13.436675432835825 44.99987803482588
endloop
endfacet
facet normal 0 0 -1
outer loop
vertex 7.7548214427860716 -13.633898432835824 44.99987803482588
vertex 7.644926039800997 -13.699966502487566 44.99987803482588
vertex 0 -13.699966502487566 44.99987803482588
endloop
endfacet
facet normal 0 0 -1
outer loop
vertex 7.7548214427860716 -13.633898432835824 44.99987803482588
vertex 0 -13.699966502487566 44.99987803482588
vertex 1.3429479900497516 -13.633898432835824 44.99987803482588
endloop
endfacet
facet normal 0 0 -1
outer loop
vertex -1.3429479900497516 -13.633898432835824 44.99987803482588
vertex 0 -13.699966502487566 44.99987803482588
vertex -7.644926039800997 -13.699966502487566 44.99987803482588
endloop
endfacet
facet normal 0 0 -1
outer loop
vertex -1.3429479900497516 -13.633898432835824 44.99987803482588
vertex -7.644926039800997 -13.699966502487566 44.99987803482588
vertex -7.7548214427860716 -13.633898432835824 44.99987803482588
endloop
endfacet
facet normal 0 0 -1
outer loop
vertex 0 -14.685427363184084 44.99987803482588
vertex 0 -13.699966502487566 44.99987803482588
vertex 7.644926039800997 -13.699966502487566 44.99987803482588
endloop
endfacet
facet normal 0 0 -1
outer loop
vertex 0 -14.685427363184084 44.99987803482588
vertex 7.644926039800997 -13.699966502487566 44.99987803482588
vertex 7.400932079601992 -13.846166636815925 44.99987803482588
endloop
endfacet
facet normal 0 0 -1
outer loop
vertex 0 -14.685427363184084 44.99987803482588
vertex 7.400932079601992 -13.846166636815925 44.99987803482588
vertex 6.008269502487564 -14.50488491542289 44.99987803482588
endloop
endfacet
facet normal 0 0 -1
outer loop
vertex 0 -14.685427363184084 44.99987803482588
vertex 6.008269502487564 -14.50488491542289 44.99987803482588
vertex 4.557388527363186 -15.023944452736323 44.99987803482588
endloop
endfacet
facet normal 0 0 -0.9999999999999999
outer loop
vertex 0 -14.685427363184084 44.99987803482588
vertex 4.557388527363186 -15.023944452736323 44.99987803482588
vertex 3.063007288557215 -15.398439203980104 44.99987803482588
endloop
endfacet
facet normal 0 0 -1
outer loop
vertex 0 -14.685427363184084 44.99987803482588
vertex 3.063007288557215 -15.398439203980104 44.99987803482588
vertex 1.5388627114427864 -15.624444333333338 44.99987803482588
endloop
endfacet
facet normal 0 0 -1
outer loop
vertex 0 -14.685427363184084 44.99987803482588
vertex 1.5388627114427864 -15.624444333333338 44.99987803482588
vertex 0 -15.699997422885577 44.99987803482588
endloop
endfacet
facet normal 0 0 -1
outer loop
vertex 0 -14.685427363184084 44.99987803482588
vertex 0 -15.699997422885577 44.99987803482588
vertex -1.5388627114427864 -15.624444333333338 44.99987803482588
endloop
endfacet
facet normal 0 0 -1
outer loop
vertex 0 -14.685427363184084 44.99987803482588
vertex -1.5388627114427864 -15.624444333333338 44.99987803482588
vertex -3.063007288557215 -15.398439203980104 44.99987803482588
endloop
endfacet
facet normal 0 0 -0.9999999999999999
outer loop
vertex 0 -14.685427363184084 44.99987803482588
vertex -3.063007288557215 -15.398439203980104 44.99987803482588
vertex -4.557388527363186 -15.023944452736323 44.99987803482588
endloop
endfacet
facet normal 0 0 -1
outer loop
vertex 0 -14.685427363184084 44.99987803482588
vertex -4.557388527363186 -15.023944452736323 44.99987803482588
vertex -6.008269502487564 -14.50488491542289 44.99987803482588
endloop
endfacet
facet normal 0 0 -1
outer loop
vertex 0 -14.685427363184084 44.99987803482588
vertex -6.008269502487564 -14.50488491542289 44.99987803482588
vertex -7.400932079601992 -13.846166636815925 44.99987803482588
endloop
endfacet
facet normal 0 0 -1
outer loop
vertex 0 -14.685427363184084 44.99987803482588
vertex -7.400932079601992 -13.846166636815925 44.99987803482588
vertex -7.644926039800997 -13.699966502487566 44.99987803482588
endloop
endfacet
facet normal 0 0 -1
outer loop
vertex 0 -14.685427363184084 44.99987803482588
vertex -7.644926039800997 -13.699966502487566 44.99987803482588
vertex 0 -13.699966502487566 44.99987803482588
endloop
endfacet
facet normal -0.9986820427937685 0.04911182158733228 -0.014906588531234298
outer loop
vertex -15.699997422885577 0 44.99987803482588
vertex -16.1104698358209 0 72.49989435323386
vertex -16.051597298507467 1.5810546965174133 73.76467269651744
endloop
endfacet
facet normal -0.9986860200439391 0.04903219354519651 -0.014902260397110895
outer loop
vertex -15.699997422885577 0 44.99987803482588
vertex -16.051597298507467 1.5810546965174133 73.76467269651744
vertex -15.624444333333338 1.5388627114427864 44.99987803482588
endloop
endfacet
facet normal -0.9986822741753824 -0.049108412810362066 -0.0149023165693609
outer loop
vertex -15.624444333333338 -1.5388627114427864 44.99987803482588
vertex -16.051597298507467 -1.5810546965174133 73.76467269651744
vertex -16.1104698358209 0 72.49989435323386
endloop
endfacet
facet normal -0.9986859547365844 -0.049032190338820544 -0.014906646921912627
outer loop
vertex -15.624444333333338 -1.5388627114427864 44.99987803482588
vertex -16.1104698358209 0 72.49989435323386
vertex -15.699997422885577 0 44.99987803482588
endloop
endfacet
facet normal -0.9986896503493159 -0.0489568434251224 0.014906702083591718
outer loop
vertex 13.699966502487566 0 44.99987803482588
vertex 14.11043891542289 0 72.49989435323386
vertex 14.059088980099506 1.3848129054726372 73.60767926368162
endloop
endfacet
facet normal -0.9986809532830923 -0.049131405884848 0.014915042921573638
outer loop
vertex 13.699966502487566 0 44.99987803482588
vertex 14.059088980099506 1.3848129054726372 73.60767926368162
vertex 13.633898432835824 1.3429479900497516 44.99987803482588
endloop
endfacet
facet normal 0.9986892061916564 -0.04896340067807287 0.014914919722134608
outer loop
vertex -13.633898432835824 1.3429479900497516 44.99987803482588
vertex -14.059088980099506 1.3848129054726372 73.60767926368162
vertex -14.11043891542289 0 72.49989435323386
endloop
endfacet
facet normal 0.9986810794207869 -0.049131412090355625 0.014906574151678018
outer loop
vertex -13.633898432835824 1.3429479900497516 44.99987803482588
vertex -14.11043891542289 0 72.49989435323386
vertex -13.699966502487566 0 44.99987803482588
endloop
endfacet
facet normal 0.9986896503493159 0.0489568434251224 0.014906702083591718
outer loop
vertex -13.699966502487566 0 44.99987803482588
vertex -14.11043891542289 0 72.49989435323386
vertex -14.059088980099506 -1.3848129054726372 73.60767926368162
endloop
endfacet
facet normal 0.9986809532830923 0.049131405884848 0.014915042921573638
outer loop
vertex -13.699966502487566 0 44.99987803482588
vertex -14.059088980099506 -1.3848129054726372 73.60767926368162
vertex -13.633898432835824 -1.3429479900497516 44.99987803482588
endloop
endfacet
facet normal -0.9986892061916564 0.04896340067807287 0.014914919722134608
outer loop
vertex 13.633898432835824 -1.3429479900497516 44.99987803482588
vertex 14.059088980099506 -1.3848129054726372 73.60767926368162
vertex 14.11043891542289 0 72.49989435323386
endloop
endfacet
facet normal -0.9986810794207869 0.049131412090355625 0.014906574151678018
outer loop
vertex 13.633898432835824 -1.3429479900497516 44.99987803482588
vertex 14.11043891542289 0 72.49989435323386
vertex 13.699966502487566 0 44.99987803482588
endloop
endfacet
facet normal 0.9986822741753824 0.049108412810362066 -0.0149023165693609
outer loop
vertex 15.624444333333338 1.5388627114427864 44.99987803482588
vertex 16.051597298507467 1.5810546965174133 73.76467269651744
vertex 16.1104698358209 0 72.49989435323386
endloop
endfacet
facet normal 0.9986859547365844 0.049032190338820544 -0.014906646921912627
outer loop
vertex 15.624444333333338 1.5388627114427864 44.99987803482588
vertex 16.1104698358209 0 72.49989435323386
vertex 15.699997422885577 0 44.99987803482588
endloop
endfacet
facet normal 0.9986820427937685 -0.04911182158733228 -0.014906588531234298
outer loop
vertex 15.699997422885577 0 44.99987803482588
vertex 16.1104698358209 0 72.49989435323386
vertex 16.051597298507467 -1.5810546965174133 73.76467269651744
endloop
endfacet
facet normal 0.9986860200439391 -0.04903219354519651 -0.014902260397110895
outer loop
vertex 15.699997422885577 0 44.99987803482588
vertex 16.051597298507467 -1.5810546965174133 73.76467269651744
vertex 15.624444333333338 -1.5388627114427864 44.99987803482588
endloop
endfacet
facet normal 0.000037398300000795836 -0.6246744977494684 0.7808852479480045
outer loop
vertex 15.064174019900502 1.1610972636815924 73.42877216417912
vertex 16.1104698358209 0 72.49989435323386
vertex 16.051597298507467 1.5810546965174133 73.76467269651744
endloop
endfacet
facet normal 0.00009791799255631104 -0.6247612660303565 0.7808158239176592
outer loop
vertex 15.064174019900502 1.1610972636815924 73.42877216417912
vertex 16.051597298507467 1.5810546965174133 73.76467269651744
vertex 15.994687179104481 2.0000309203980104 74.09991908955226
endloop
endfacet
facet normal 0 -0.6246950475544256 0.7808688094430295
outer loop
vertex 15.064174019900502 1.1610972636815924 73.42877216417912
vertex 15.994687179104481 2.0000309203980104 74.09991908955226
vertex 14.059088980099506 2.0000309203980104 74.09991908955226
endloop
endfacet
facet normal -0.0000692981368785494 -0.6247456683271607 0.7808283070587397
outer loop
vertex 15.064174019900502 1.1610972636815924 73.42877216417912
vertex 14.059088980099506 2.0000309203980104 74.09991908955226
vertex 14.059088980099506 1.3848129054726372 73.60767926368162
endloop
endfacet
facet normal -0.00004296669445215082 -0.6246735264930379 0.7808860246237059
outer loop
vertex 15.064174019900502 1.1610972636815924 73.42877216417912
vertex 14.059088980099506 1.3848129054726372 73.60767926368162
vertex 14.11043891542289 0 72.49989435323386
endloop
endfacet
facet normal 0 -0.6246950475544212 0.7808688094430328
outer loop
vertex 15.064174019900502 1.1610972636815924 73.42877216417912
vertex 14.11043891542289 0 72.49989435323386
vertex 16.1104698358209 0 72.49989435323386
endloop
endfacet
facet normal 0 -0.6247456698272473 0.7808283089335991
outer loop
vertex 14.059088980099506 2.0000309203980104 74.09991908955226
vertex 13.975032079601993 2.0000309203980104 74.09991908955226
vertex 14.059088980099506 1.3848129054726372 73.60767926368162
endloop
endfacet
facet normal 0 -0.6247456698272473 0.7808283089335991
outer loop
vertex -13.975032079601993 2.0000309203980104 74.09991908955226
vertex -14.059088980099506 2.0000309203980104 74.09991908955226
vertex -14.059088980099506 1.3848129054726372 73.60767926368162
endloop
endfacet
facet normal 0 -0.6246950475544256 0.7808688094430295
outer loop
vertex -15.064174019900502 1.1610972636815924 73.42877216417912
vertex -14.059088980099506 2.0000309203980104 74.09991908955226
vertex -15.994687179104481 2.0000309203980104 74.09991908955226
endloop
endfacet
facet normal -0.00009791799255631104 -0.6247612660303565 0.7808158239176592
outer loop
vertex -15.064174019900502 1.1610972636815924 73.42877216417912
vertex -15.994687179104481 2.0000309203980104 74.09991908955226
vertex -16.051597298507467 1.5810546965174133 73.76467269651744
endloop
endfacet
facet normal -0.000037398300000795836 -0.6246744977494684 0.7808852479480045
outer loop
vertex -15.064174019900502 1.1610972636815924 73.42877216417912
vertex -16.051597298507467 1.5810546965174133 73.76467269651744
vertex -16.1104698358209 0 72.49989435323386
endloop
endfacet
facet normal 0 -0.6246950475544212 0.7808688094430328
outer loop
vertex -15.064174019900502 1.1610972636815924 73.42877216417912
vertex -16.1104698358209 0 72.49989435323386
vertex -14.11043891542289 0 72.49989435323386
endloop
endfacet
facet normal 0.00004296669445215082 -0.6246735264930379 0.7808860246237059
outer loop
vertex -15.064174019900502 1.1610972636815924 73.42877216417912
vertex -14.11043891542289 0 72.49989435323386
vertex -14.059088980099506 1.3848129054726372 73.60767926368162
endloop
endfacet
facet normal 0.0000692981368785494 -0.6247456683271607 0.7808283070587397
outer loop
vertex -15.064174019900502 1.1610972636815924 73.42877216417912
vertex -14.059088980099506 1.3848129054726372 73.60767926368162
vertex -14.059088980099506 2.0000309203980104 74.09991908955226
endloop
endfacet
facet normal 0 0.6246950475544212 0.7808688094430328
outer loop
vertex 15.064174019900502 -1.1610972636815924 73.42877216417912
vertex 16.1104698358209 0 72.49989435323386
vertex 14.11043891542289 0 72.49989435323386
endloop
endfacet
facet normal -0.00004296669445215082 0.6246735264930379 0.7808860246237059
outer loop
vertex 15.064174019900502 -1.1610972636815924 73.42877216417912
vertex 14.11043891542289 0 72.49989435323386
vertex 14.059088980099506 -1.3848129054726372 73.60767926368162
endloop
endfacet
facet normal -0.0000692981368785494 0.6247456683271607 0.7808283070587397
outer loop
vertex 15.064174019900502 -1.1610972636815924 73.42877216417912
vertex 14.059088980099506 -1.3848129054726372 73.60767926368162
vertex 14.059088980099506 -2.0000309203980104 74.09991908955226
endloop
endfacet
facet normal 0 0.6246950475544256 0.7808688094430295
outer loop
vertex 15.064174019900502 -1.1610972636815924 73.42877216417912
vertex 14.059088980099506 -2.0000309203980104 74.09991908955226
vertex 15.994687179104481 -2.0000309203980104 74.09991908955226
endloop
endfacet
facet normal 0.00009791799255631104 0.6247612660303565 0.7808158239176592
outer loop
vertex 15.064174019900502 -1.1610972636815924 73.42877216417912
vertex 15.994687179104481 -2.0000309203980104 74.09991908955226
vertex 16.051597298507467 -1.5810546965174133 73.76467269651744
endloop
endfacet
facet normal 0.000037398300000795836 0.6246744977494684 0.7808852479480045
outer loop
vertex 15.064174019900502 -1.1610972636815924 73.42877216417912
vertex 16.051597298507467 -1.5810546965174133 73.76467269651744
vertex 16.1104698358209 0 72.49989435323386
endloop
endfacet
facet normal 0 0.6247456698272473 0.7808283089335991
outer loop
vertex 14.059088980099506 -1.3848129054726372 73.60767926368162
vertex 13.975032079601993 -2.0000309203980104 74.09991908955226
vertex 14.059088980099506 -2.0000309203980104 74.09991908955226
endloop
endfacet
facet normal 0 0.6247456698272473 0.7808283089335991
outer loop
vertex -13.975032079601993 -2.0000309203980104 74.09991908955226
vertex -14.059088980099506 -1.3848129054726372 73.60767926368162
vertex -14.059088980099506 -2.0000309203980104 74.09991908955226
endloop
endfacet
facet normal 0.00004296669445215082 0.6246735264930379 0.7808860246237059
outer loop
vertex -15.064174019900502 -1.1610972636815924 73.42877216417912
vertex -14.059088980099506 -1.3848129054726372 73.60767926368162
vertex -14.11043891542289 0 72.49989435323386
endloop
endfacet
facet normal 0 0.6246950475544212 0.7808688094430328
outer loop
vertex -15.064174019900502 -1.1610972636815924 73.42877216417912
vertex -14.11043891542289 0 72.49989435323386
vertex -16.1104698358209 0 72.49989435323386
endloop
endfacet
facet normal -0.000037398300000795836 0.6246744977494684 0.7808852479480045
outer loop
vertex -15.064174019900502 -1.1610972636815924 73.42877216417912
vertex -16.1104698358209 0 72.49989435323386
vertex -16.051597298507467 -1.5810546965174133 73.76467269651744
endloop
endfacet
facet normal -0.00009791799255631104 0.6247612660303565 0.7808158239176592
outer loop
vertex -15.064174019900502 -1.1610972636815924 73.42877216417912
vertex -16.051597298507467 -1.5810546965174133 73.76467269651744
vertex -15.994687179104481 -2.0000309203980104 74.09991908955226
endloop
endfacet
facet normal 0 0.6246950475544256 0.7808688094430295
outer loop
vertex -15.064174019900502 -1.1610972636815924 73.42877216417912
vertex -15.994687179104481 -2.0000309203980104 74.09991908955226
vertex -14.059088980099506 -2.0000309203980104 74.09991908955226
endloop
endfacet
facet normal 0.0000692981368785494 0.6247456683271607 0.7808283070587397
outer loop
vertex -15.064174019900502 -1.1610972636815924 73.42877216417912
vertex -14.059088980099506 -2.0000309203980104 74.09991908955226
vertex -14.059088980099506 -1.3848129054726372 73.60767926368162
endloop
endfacet
facet normal -0.9699236595529472 0.24295307815818193 -0.014896189206745264
outer loop
vertex -15.398439203980104 3.063007288557215 44.99987803482588
vertex -15.833441840796024 3.1493536766169163 74.73214472636818
vertex -15.460582437810949 4.689851736318409 75.57958219402987
endloop
endfacet
facet normal -0.969897266787802 0.24305808064609996 -0.014901721718826278
outer loop
vertex -15.398439203980104 3.063007288557215 44.99987803482588
vertex -15.460582437810949 4.689851736318409 75.57958219402987
vertex -15.023944452736323 4.557388527363186 44.99987803482588
endloop
endfacet
facet normal -0.9890647779941426 -0.14672747097593225 -0.014896784633076884
outer loop
vertex -15.780456557213935 -2.2665926865671646 62.51936393034828
vertex -15.398439203980104 -3.063007288557215 44.99987803482588
vertex -15.833441840796024 -3.1493536766169163 74.73214472636818
endloop
endfacet
facet normal -0.989029915169771 -0.14696058963592712 -0.014913483601630124
outer loop
vertex -15.780456557213935 -2.2665926865671646 62.51936393034828
vertex -15.833441840796024 -3.1493536766169163 74.73214472636818
vertex -15.994687179104481 -2.0000309203980104 74.09991908955226
endloop
endfacet
facet normal -0.9891274068948479 -0.14630124461413838 -0.014930463952201574
outer loop
vertex -15.780456557213935 -2.2665926865671646 62.51936393034828
vertex -15.994687179104481 -2.0000309203980104 74.09991908955226
vertex -16.051597298507467 -1.5810546965174133 73.76467269651744
endloop
endfacet
facet normal -0.9890640280896842 -0.1467319271795303 -0.014902680469956726
outer loop
vertex -15.780456557213935 -2.2665926865671646 62.51936393034828
vertex -16.051597298507467 -1.5810546965174133 73.76467269651744
vertex -15.624444333333338 -1.5388627114427864 44.99987803482588
endloop
endfacet
facet normal -0.9890742693905867 -0.1466631588302355 -0.01489991514788727
outer loop
vertex -15.780456557213935 -2.2665926865671646 62.51936393034828
vertex -15.624444333333338 -1.5388627114427864 44.99987803482588
vertex -15.398439203980104 -3.063007288557215 44.99987803482588
endloop
endfacet
facet normal -0.9699228717786552 -0.24295588856253938 -0.014901644655304276
outer loop
vertex -15.023944452736323 -4.557388527363186 44.99987803482588
vertex -15.460582437810949 -4.689851736318409 75.57958219402987
vertex -15.833441840796024 -3.1493536766169163 74.73214472636818
endloop
endfacet
facet normal -0.9698973479083288 -0.2430581009750567 -0.014896109250046651
outer loop
vertex -15.023944452736323 -4.557388527363186 44.99987803482588
vertex -15.833441840796024 -3.1493536766169163 74.73214472636818
vertex -15.398439203980104 -3.063007288557215 44.99987803482588
endloop
endfacet
facet normal -0.941474006513452 -0.33675591583880293 -0.014904637099834094
outer loop
vertex -14.50488491542289 -6.008269502487564 44.99987803482588
vertex -14.937925134328362 -6.187503671641792 76.40314357711445
vertex -15.460582437810949 -4.689851736318409 75.57958219402987
endloop
endfacet
facet normal -0.9414547445092176 -0.33680989168983977 -0.01490170798808704
outer loop
vertex -14.50488491542289 -6.008269502487564 44.99987803482588
vertex -15.460582437810949 -4.689851736318409 75.57958219402987
vertex -15.023944452736323 -4.557388527363186 44.99987803482588
endloop
endfacet
facet normal -0.9890723535850724 -0.1466745472049982 0.014914978239825707
outer loop
vertex 13.794816701492541 2.031756676616916 62.44479204975126
vertex 13.633898432835824 1.3429479900497516 44.99987803482588
vertex 14.059088980099506 1.3848129054726372 73.60767926368162
endloop
endfacet
facet normal -0.9890177860475254 -0.1470443457928576 0.014892254765547244
outer loop
vertex 13.794816701492541 2.031756676616916 62.44479204975126
vertex 14.059088980099506 1.3848129054726372 73.60767926368162
vertex 13.975032079601993 2.0000309203980104 74.09991908955226
endloop
endfacet
facet normal -0.9890621445722978 -0.1467455289422095 0.014893754043831583
outer loop
vertex 13.794816701492541 2.031756676616916 62.44479204975126
vertex 13.975032079601993 2.0000309203980104 74.09991908955226
vertex 13.868734442786073 2.7588325124378117 74.51725996517415
endloop
endfacet
facet normal -0.9890335085304809 -0.14693725272714414 0.014905125456918715
outer loop
vertex 13.794816701492541 2.031756676616916 62.44479204975126
vertex 13.868734442786073 2.7588325124378117 74.51725996517415
vertex 13.436675432835825 2.6728131940298514 44.99987803482588
endloop
endfacet
facet normal -0.9890712100929514 -0.1466822281569226 0.014915270972574626
outer loop
vertex 13.794816701492541 2.031756676616916 62.44479204975126
vertex 13.436675432835825 2.6728131940298514 44.99987803482588
vertex 13.633898432835824 1.3429479900497516 44.99987803482588
endloop
endfacet
facet normal -0.9699451410278425 -0.24286674555939466 0.014905277517284557
outer loop
vertex 13.436675432835825 2.6728131940298514 44.99987803482588
vertex 13.868734442786073 2.7588325124378117 74.51725996517415
vertex 13.542318930348262 4.107994825870648 75.25938100497514
endloop
endfacet
facet normal -0.96990569622274 -0.24302377490005486 0.01491258756921846
outer loop
vertex 13.436675432835825 2.6728131940298514 44.99987803482588
vertex 13.542318930348262 4.107994825870648 75.25938100497514
vertex 13.109932850746272 3.976839895522389 44.99987803482588
endloop
endfacet
facet normal -0.9414554451412442 -0.3368074536406473 0.01491254458517488
outer loop
vertex 13.109932850746272 3.976839895522389 44.99987803482588
vertex 13.542318930348262 4.107994825870648 75.25938100497514
vertex 13.084421417910452 5.419871199004977 75.98089665671644
endloop
endfacet
facet normal -0.9415216985825537 -0.33662258611166496 0.014903879284178375
outer loop
vertex 13.109932850746272 3.976839895522389 44.99987803482588
vertex 13.084421417910452 5.419871199004977 75.98089665671644
vertex 12.657268452736322 5.242926517412937 44.99987803482588
endloop
endfacet
facet normal 0.9414570561751903 -0.3368033277100994 0.01490402030822466
outer loop
vertex -12.657268452736322 5.242926517412937 44.99987803482588
vertex -13.084421417910452 5.419871199004977 75.98089665671644
vertex -13.542318930348262 4.107994825870648 75.25938100497514
endloop
endfacet
facet normal 0.941521574910922 -0.33662254189530266 0.014912688060921293
outer loop
vertex -12.657268452736322 5.242926517412937 44.99987803482588
vertex -13.542318930348262 4.107994825870648 75.25938100497514
vertex -13.109932850746272 3.976839895522389 44.99987803482588
endloop
endfacet
facet normal 0.9699441024763579 -0.24287045159057763 0.014912471811251625
outer loop
vertex -13.109932850746272 3.976839895522389 44.99987803482588
vertex -13.542318930348262 4.107994825870648 75.25938100497514
vertex -13.868734442786073 2.7588325124378117 74.51725996517415
endloop
endfacet
facet normal 0.9699058036592915 -0.24302380181982286 0.01490515941087374
outer loop
vertex -13.109932850746272 3.976839895522389 44.99987803482588
vertex -13.868734442786073 2.7588325124378117 74.51725996517415
vertex -13.436675432835825 2.6728131940298514 44.99987803482588
endloop
endfacet
facet normal 0.9890335085304809 -0.14693725272714414 0.014905125456918715
outer loop
vertex -13.794816701492541 2.031756676616916 62.44479204975126
vertex -13.436675432835825 2.6728131940298514 44.99987803482588
vertex -13.868734442786073 2.7588325124378117 74.51725996517415
endloop
endfacet
facet normal 0.9890621445722978 -0.1467455289422095 0.014893754043831583
outer loop
vertex -13.794816701492541 2.031756676616916 62.44479204975126
vertex -13.868734442786073 2.7588325124378117 74.51725996517415
vertex -13.975032079601993 2.0000309203980104 74.09991908955226
endloop
endfacet
facet normal 0.9890177860475254 -0.1470443457928576 0.014892254765547244
outer loop
vertex -13.794816701492541 2.031756676616916 62.44479204975126
vertex -13.975032079601993 2.0000309203980104 74.09991908955226
vertex -14.059088980099506 1.3848129054726372 73.60767926368162
endloop
endfacet
facet normal 0.9890723535850724 -0.1466745472049982 0.014914978239825707
outer loop
vertex -13.794816701492541 2.031756676616916 62.44479204975126
vertex -14.059088980099506 1.3848129054726372 73.60767926368162
vertex -13.633898432835824 1.3429479900497516 44.99987803482588
endloop
endfacet
facet normal 0.9890712100929514 -0.1466822281569226 0.014915270972574626
outer loop
vertex -13.794816701492541 2.031756676616916 62.44479204975126
vertex -13.633898432835824 1.3429479900497516 44.99987803482588
vertex -13.436675432835825 2.6728131940298514 44.99987803482588
endloop
endfacet
facet normal 0.9890723535850724 0.1466745472049982 0.014914978239825707
outer loop
vertex -13.794816701492541 -2.031756676616916 62.44479204975126
vertex -13.633898432835824 -1.3429479900497516 44.99987803482588
vertex -14.059088980099506 -1.3848129054726372 73.60767926368162
endloop
endfacet
facet normal 0.9890177860475254 0.1470443457928576 0.014892254765547244
outer loop
vertex -13.794816701492541 -2.031756676616916 62.44479204975126
vertex -14.059088980099506 -1.3848129054726372 73.60767926368162
vertex -13.975032079601993 -2.0000309203980104 74.09991908955226
endloop
endfacet
facet normal 0.9890621445722978 0.1467455289422095 0.014893754043831583
outer loop
vertex -13.794816701492541 -2.031756676616916 62.44479204975126
vertex -13.975032079601993 -2.0000309203980104 74.09991908955226
vertex -13.868734442786073 -2.7588325124378117 74.51725996517415
endloop
endfacet
facet normal 0.9890335085304809 0.14693725272714414 0.014905125456918715
outer loop
vertex -13.794816701492541 -2.031756676616916 62.44479204975126
vertex -13.868734442786073 -2.7588325124378117 74.51725996517415
vertex -13.436675432835825 -2.6728131940298514 44.99987803482588
endloop
endfacet
facet normal 0.9890712100929514 0.1466822281569226 0.014915270972574626
outer loop
vertex -13.794816701492541 -2.031756676616916 62.44479204975126
vertex -13.436675432835825 -2.6728131940298514 44.99987803482588
vertex -13.633898432835824 -1.3429479900497516 44.99987803482588
endloop
endfacet
facet normal 0.9699451410278425 0.24286674555939466 0.014905277517284557
outer loop
vertex -13.436675432835825 -2.6728131940298514 44.99987803482588
vertex -13.868734442786073 -2.7588325124378117 74.51725996517415
vertex -13.542318930348262 -4.107994825870648 75.25938100497514
endloop
endfacet
facet normal 0.96990569622274 0.24302377490005486 0.01491258756921846
outer loop
vertex -13.436675432835825 -2.6728131940298514 44.99987803482588
vertex -13.542318930348262 -4.107994825870648 75.25938100497514
vertex -13.109932850746272 -3.976839895522389 44.99987803482588
endloop
endfacet
facet normal 0.9414554451412442 0.3368074536406473 0.01491254458517488
outer loop
vertex -13.109932850746272 -3.976839895522389 44.99987803482588
vertex -13.542318930348262 -4.107994825870648 75.25938100497514
vertex -13.084421417910452 -5.419871199004977 75.98089665671644
endloop
endfacet
facet normal 0.9415216985825537 0.33662258611166496 0.014903879284178375
outer loop
vertex -13.109932850746272 -3.976839895522389 44.99987803482588
vertex -13.084421417910452 -5.419871199004977 75.98089665671644
vertex -12.657268452736322 -5.242926517412937 44.99987803482588
endloop
endfacet
facet normal -0.9414570561751903 0.3368033277100994 0.01490402030822466
outer loop
vertex 12.657268452736322 -5.242926517412937 44.99987803482588
vertex 13.084421417910452 -5.419871199004977 75.98089665671644
vertex 13.542318930348262 -4.107994825870648 75.25938100497514
endloop
endfacet
facet normal -0.941521574910922 0.33662254189530266 0.014912688060921293
outer loop
vertex 12.657268452736322 -5.242926517412937 44.99987803482588
vertex 13.542318930348262 -4.107994825870648 75.25938100497514
vertex 13.109932850746272 -3.976839895522389 44.99987803482588
endloop
endfacet
facet normal -0.9699441024763579 0.24287045159057763 0.014912471811251625
outer loop
vertex 13.109932850746272 -3.976839895522389 44.99987803482588
vertex 13.542318930348262 -4.107994825870648 75.25938100497514
vertex 13.868734442786073 -2.7588325124378117 74.51725996517415
endloop
endfacet
facet normal -0.9699058036592915 0.24302380181982286 0.01490515941087374
outer loop
vertex 13.109932850746272 -3.976839895522389 44.99987803482588
vertex 13.868734442786073 -2.7588325124378117 74.51725996517415
vertex 13.436675432835825 -2.6728131940298514 44.99987803482588
endloop
endfacet
facet normal -0.9890335085304809 0.14693725272714414 0.014905125456918715
outer loop
vertex 13.794816701492541 -2.031756676616916 62.44479204975126
vertex 13.436675432835825 -2.6728131940298514 44.99987803482588
vertex 13.868734442786073 -2.7588325124378117 74.51725996517415
endloop
endfacet
facet normal -0.9890621445722978 0.1467455289422095 0.014893754043831583
outer loop
vertex 13.794816701492541 -2.031756676616916 62.44479204975126
vertex 13.868734442786073 -2.7588325124378117 74.51725996517415
vertex 13.975032079601993 -2.0000309203980104 74.09991908955226
endloop
endfacet
facet normal -0.9890177860475254 0.1470443457928576 0.014892254765547244
outer loop
vertex 13.794816701492541 -2.031756676616916 62.44479204975126
vertex 13.975032079601993 -2.0000309203980104 74.09991908955226
vertex 14.059088980099506 -1.3848129054726372 73.60767926368162
endloop
endfacet
facet normal -0.9890723535850724 0.1466745472049982 0.014914978239825707
outer loop
vertex 13.794816701492541 -2.031756676616916 62.44479204975126
vertex 14.059088980099506 -1.3848129054726372 73.60767926368162
vertex 13.633898432835824 -1.3429479900497516 44.99987803482588
endloop
endfacet
facet normal -0.9890712100929514 0.1466822281569226 0.014915270972574626
outer loop
vertex 13.794816701492541 -2.031756676616916 62.44479204975126
vertex 13.633898432835824 -1.3429479900497516 44.99987803482588
vertex 13.436675432835825 -2.6728131940298514 44.99987803482588
endloop
endfacet
facet normal 0.9890647779941426 0.14672747097593225 -0.014896784633076884
outer loop
vertex 15.780456557213935 2.2665926865671646 62.51936393034828
vertex 15.398439203980104 3.063007288557215 44.99987803482588
vertex 15.833441840796024 3.1493536766169163 74.73214472636818
endloop
endfacet
facet normal 0.989029915169771 0.14696058963592712 -0.014913483601630124
outer loop
vertex 15.780456557213935 2.2665926865671646 62.51936393034828
vertex 15.833441840796024 3.1493536766169163 74.73214472636818
vertex 15.994687179104481 2.0000309203980104 74.09991908955226
endloop
endfacet
facet normal 0.9891274068948479 0.14630124461413838 -0.014930463952201574
outer loop
vertex 15.780456557213935 2.2665926865671646 62.51936393034828
vertex 15.994687179104481 2.0000309203980104 74.09991908955226
vertex 16.051597298507467 1.5810546965174133 73.76467269651744
endloop
endfacet
facet normal 0.9890640280896842 0.1467319271795303 -0.014902680469956726
outer loop
vertex 15.780456557213935 2.2665926865671646 62.51936393034828
vertex 16.051597298507467 1.5810546965174133 73.76467269651744
vertex 15.624444333333338 1.5388627114427864 44.99987803482588
endloop
endfacet
facet normal 0.9890742693905867 0.1466631588302355 -0.01489991514788727
outer loop
vertex 15.780456557213935 2.2665926865671646 62.51936393034828
vertex 15.624444333333338 1.5388627114427864 44.99987803482588
vertex 15.398439203980104 3.063007288557215 44.99987803482588
endloop
endfacet
facet normal 0.9699228717786552 0.24295588856253938 -0.014901644655304276
outer loop
vertex 15.023944452736323 4.557388527363186 44.99987803482588
vertex 15.460582437810949 4.689851736318409 75.57958219402987
vertex 15.833441840796024 3.1493536766169163 74.73214472636818
endloop
endfacet
facet normal 0.9698973479083288 0.2430581009750567 -0.014896109250046651
outer loop
vertex 15.023944452736323 4.557388527363186 44.99987803482588
vertex 15.833441840796024 3.1493536766169163 74.73214472636818
vertex 15.398439203980104 3.063007288557215 44.99987803482588
endloop
endfacet
facet normal 0.941474006513452 0.33675591583880293 -0.014904637099834094
outer loop
vertex 14.50488491542289 6.008269502487564 44.99987803482588
vertex 14.937925134328362 6.187503671641792 76.40314357711445
vertex 15.460582437810949 4.689851736318409 75.57958219402987
endloop
endfacet
facet normal 0.9414547445092176 0.33680989168983977 -0.01490170798808704
outer loop
vertex 14.50488491542289 6.008269502487564 44.99987803482588
vertex 15.460582437810949 4.689851736318409 75.57958219402987
vertex 15.023944452736323 4.557388527363186 44.99987803482588
endloop
endfacet
facet normal -0.9414745518187713 0.3367545190435397 -0.014901750950743229
outer loop
vertex -15.023944452736323 4.557388527363186 44.99987803482588
vertex -15.460582437810949 4.689851736318409 75.57958219402987
vertex -14.937925134328362 6.187503671641792 76.40314357711445
endloop
endfacet
facet normal -0.9414547028161695 0.3368098767739545 -0.014904678890586082
outer loop
vertex -15.023944452736323 4.557388527363186 44.99987803482588
vertex -14.937925134328362 6.187503671641792 76.40314357711445
vertex -14.50488491542289 6.008269502487564 44.99987803482588
endloop
endfacet
facet normal 0.9699236595529472 -0.24295307815818193 -0.014896189206745264
outer loop
vertex 15.398439203980104 -3.063007288557215 44.99987803482588
vertex 15.833441840796024 -3.1493536766169163 74.73214472636818
vertex 15.460582437810949 -4.689851736318409 75.57958219402987
endloop
endfacet
facet normal 0.969897266787802 -0.24305808064609996 -0.014901721718826278
outer loop
vertex 15.398439203980104 -3.063007288557215 44.99987803482588
vertex 15.460582437810949 -4.689851736318409 75.57958219402987
vertex 15.023944452736323 -4.557388527363186 44.99987803482588
endloop
endfacet
facet normal -0.9890640280896842 0.1467319271795303 -0.014902680469956726
outer loop
vertex -15.780456557213935 2.2665926865671646 62.51936393034828
vertex -15.624444333333338 1.5388627114427864 44.99987803482588
vertex -16.051597298507467 1.5810546965174133 73.76467269651744
endloop
endfacet
facet normal -0.9891274068948479 0.14630124461413838 -0.014930463952201574
outer loop
vertex -15.780456557213935 2.2665926865671646 62.51936393034828
vertex -16.051597298507467 1.5810546965174133 73.76467269651744
vertex -15.994687179104481 2.0000309203980104 74.09991908955226
endloop
endfacet
facet normal -0.989029915169771 0.14696058963592712 -0.014913483601630124
outer loop
vertex -15.780456557213935 2.2665926865671646 62.51936393034828
vertex -15.994687179104481 2.0000309203980104 74.09991908955226
vertex -15.833441840796024 3.1493536766169163 74.73214472636818
endloop
endfacet
facet normal -0.9890647779941426 0.14672747097593225 -0.014896784633076884
outer loop
vertex -15.780456557213935 2.2665926865671646 62.51936393034828
vertex -15.833441840796024 3.1493536766169163 74.73214472636818
vertex -15.398439203980104 3.063007288557215 44.99987803482588
endloop
endfacet
facet normal -0.9890742693905867 0.1466631588302355 -0.01489991514788727
outer loop
vertex -15.780456557213935 2.2665926865671646 62.51936393034828
vertex -15.398439203980104 3.063007288557215 44.99987803482588
vertex -15.624444333333338 1.5388627114427864 44.99987803482588
endloop
endfacet
facet normal 0.9414745518187713 -0.3367545190435397 -0.014901750950743229
outer loop
vertex 15.023944452736323 -4.557388527363186 44.99987803482588
vertex 15.460582437810949 -4.689851736318409 75.57958219402987
vertex 14.937925134328362 -6.187503671641792 76.40314357711445
endloop
endfacet
facet normal 0.9414547028161695 -0.3368098767739545 -0.014904678890586082
outer loop
vertex 15.023944452736323 -4.557388527363186 44.99987803482588
vertex 14.937925134328362 -6.187503671641792 76.40314357711445
vertex 14.50488491542289 -6.008269502487564 44.99987803482588
endloop
endfacet
facet normal 0.9890640280896842 -0.1467319271795303 -0.014902680469956726
outer loop
vertex 15.780456557213935 -2.2665926865671646 62.51936393034828
vertex 15.624444333333338 -1.5388627114427864 44.99987803482588
vertex 16.051597298507467 -1.5810546965174133 73.76467269651744
endloop
endfacet
facet normal 0.9891274068948479 -0.14630124461413838 -0.014930463952201574
outer loop
vertex 15.780456557213935 -2.2665926865671646 62.51936393034828
vertex 16.051597298507467 -1.5810546965174133 73.76467269651744
vertex 15.994687179104481 -2.0000309203980104 74.09991908955226
endloop
endfacet
facet normal 0.989029915169771 -0.14696058963592712 -0.014913483601630124
outer loop
vertex 15.780456557213935 -2.2665926865671646 62.51936393034828
vertex 15.994687179104481 -2.0000309203980104 74.09991908955226
vertex 15.833441840796024 -3.1493536766169163 74.73214472636818
endloop
endfacet
facet normal 0.9890647779941426 -0.14672747097593225 -0.014896784633076884
outer loop
vertex 15.780456557213935 -2.2665926865671646 62.51936393034828
vertex 15.833441840796024 -3.1493536766169163 74.73214472636818
vertex 15.398439203980104 -3.063007288557215 44.99987803482588
endloop
endfacet
facet normal 0.9890742693905867 -0.1466631588302355 -0.01489991514788727
outer loop
vertex 15.780456557213935 -2.2665926865671646 62.51936393034828
vertex 15.398439203980104 -3.063007288557215 44.99987803482588
vertex 15.624444333333338 -1.5388627114427864 44.99987803482588
endloop
endfacet
facet normal 0 0.29396663813644996 0.9558156807997834
outer loop
vertex 13.338881606965177 -7.480410004975126 76.80151441293535
vertex 14.936616855721397 -6.190447298507464 76.40477892537315
vertex 13.868734442786073 -6.190447298507464 76.40477892537315
endloop
endfacet
facet normal 0 0.29396663813644996 0.9558156807997835
outer loop
vertex 13.338881606965177 -7.480410004975126 76.80151441293535
vertex 13.868734442786073 -6.190447298507464 76.40477892537315
vertex 13.542318930348262 -6.190447298507464 76.40477892537315
endloop
endfacet
facet normal 0 0.2939666381364499 0.9558156807997834
outer loop
vertex 13.338881606965177 -7.480410004975126 76.80151441293535
vertex 13.542318930348262 -6.190447298507464 76.40477892537315
vertex 13.084421417910452 -6.190447298507464 76.40477892537315
endloop
endfacet
facet normal 0 0.29396663813644996 0.9558156807997836
outer loop
vertex 13.338881606965177 -7.480410004975126 76.80151441293535
vertex 13.084421417910452 -6.190447298507464 76.40477892537315
vertex 12.726934288557217 -6.190447298507464 76.40477892537315
endloop
endfacet
facet normal 0.00039891902497648016 0.29413949996012395 0.9557624157848119
outer loop
vertex 13.338881606965177 -7.480410004975126 76.80151441293535
vertex 12.726934288557217 -6.190447298507464 76.40477892537315
vertex 12.497658462686571 -6.680070567164181 76.55555803482589
endloop
endfacet
facet normal 0.0002922769716943544 0.2940371046043643 0.9557939608985055
outer loop
vertex 13.338881606965177 -7.480410004975126 76.80151441293535
vertex 12.497658462686571 -6.680070567164181 76.55555803482589
vertex 12.497658462686571 -10.286340547263684 77.66497829353236
endloop
endfacet
facet normal -0.000056749509670588965 0.2941327046998915 0.9557645885914688
outer loop
vertex 13.338881606965177 -7.480410004975126 76.80151441293535
vertex 12.497658462686571 -10.286340547263684 77.66497829353236
vertex 12.513030736318411 -10.269332925373137 77.6597451791045
endloop
endfacet
facet normal -0.0002921567469436294 0.29419636990022924 0.9557449505919258
outer loop
vertex 13.338881606965177 -7.480410004975126 76.80151441293535
vertex 12.513030736318411 -10.269332925373137 77.6597451791045
vertex 13.454337194029854 -8.990163517412938 77.26628038805973
endloop
endfacet
facet normal 0.00002263397471465954 0.29421837163546255 0.955738222150752
outer loop
vertex 13.338881606965177 -7.480410004975126 76.80151441293535
vertex 13.454337194029854 -8.990163517412938 77.26628038805973
vertex 14.265469930348262 -7.624974791044778 76.84599588557217
endloop
endfacet
facet normal -0.000017062242142429297 0.29398594491225855 0.9558097425235456
outer loop
vertex 13.338881606965177 -7.480410004975126 76.80151441293535
vertex 14.265469930348262 -7.624974791044778 76.84599588557217
vertex 14.936616855721397 -6.190447298507464 76.40477892537315
endloop
endfacet
facet normal -0.00012685780530069825 0.2940995783058433 0.9557747757434396
outer loop
vertex 12.497658462686571 -6.680070567164181 76.55555803482589
vertex 11.78726317910448 -7.876164283582091 76.92351139303484
vertex 11.78726317910448 -11.075559616915426 77.90799104477614
endloop
endfacet
facet normal 0.0002962152562226313 0.2940371042636267 0.9557939597909075
outer loop
vertex 12.497658462686571 -6.680070567164181 76.55555803482589
vertex 11.78726317910448 -11.075559616915426 77.90799104477614
vertex 12.497658462686571 -10.286340547263684 77.66497829353236
endloop
endfacet
facet normal -0.00002219996693576165 0.29406156943359213 0.9557864787123819
outer loop
vertex 11.389873552238809 -10.258539626865675 77.65647448258709
vertex 11.78726317910448 -7.876164283582091 76.92351139303484
vertex 10.962393517412938 -8.996704910447763 77.26824280597017
endloop
endfacet
facet normal -0.00009069914903916173 0.29404036902014175 0.9557929970240225
outer loop
vertex 11.389873552238809 -10.258539626865675 77.65647448258709
vertex 10.962393517412938 -8.996704910447763 77.26824280597017
vertex 10.962393517412938 -11.894869094527367 78.15983467661694
endloop
endfacet
facet normal -0.0003004281659344569 0.29409041004299413 0.9557775580456264
outer loop
vertex 11.389873552238809 -10.258539626865675 77.65647448258709
vertex 10.962393517412938 -11.894869094527367 78.15983467661694
vertex 11.450054368159208 -11.450054368159208 78.02311956218908
endloop
endfacet
facet normal -0.0002913152642650492 0.2940908312982765 0.9557774312473095
outer loop
vertex 11.389873552238809 -10.258539626865675 77.65647448258709
vertex 11.450054368159208 -11.450054368159208 78.02311956218908
vertex 11.78726317910448 -11.075559616915426 77.90799104477614
endloop
endfacet
facet normal -0.00027165097052005675 0.29409956982087215 0.9557747481686928
outer loop
vertex 11.389873552238809 -10.258539626865675 77.65647448258709
vertex 11.78726317910448 -11.075559616915426 77.90799104477614
vertex 11.78726317910448 -7.876164283582091 76.92351139303484
endloop
endfacet
facet normal 0.000024446395886706212 0.29400204315864625 0.9558047907501382
outer loop
vertex 10.45249193034826 -11.229609422885575 77.95508907462688
vertex 10.962393517412938 -8.996704910447763 77.26824280597017
vertex 10.031226218905475 -10.031226218905475 77.58648157711445
endloop
endfacet
facet normal 0.00033660662563226765 0.29410227337946904 0.9557738955888091
outer loop
vertex 10.45249193034826 -11.229609422885575 77.95508907462688
vertex 10.031226218905475 -10.031226218905475 77.58648157711445
vertex 10.031226218905475 -12.703385273631843 78.40873468159207
endloop
endfacet
facet normal 0.0008909438407257993 0.29395742716739764 0.9558180984016764
outer loop
vertex 10.45249193034826 -11.229609422885575 77.95508907462688
vertex 10.031226218905475 -12.703385273631843 78.40873468159207
vertex 10.275874318407963 -12.521207477611943 78.35247870149256
endloop
endfacet
facet normal -0.00010065212937225432 0.2940814129254917 0.9557803683069114
outer loop
vertex 10.45249193034826 -11.229609422885575 77.95508907462688
vertex 10.275874318407963 -12.521207477611943 78.35247870149256
vertex 10.962393517412938 -11.894869094527367 78.15983467661694
endloop
endfacet
facet normal -0.0001592723206906086 0.29404036650001925 0.9557929888322378
outer loop
vertex 10.45249193034826 -11.229609422885575 77.95508907462688
vertex 10.962393517412938 -11.894869094527367 78.15983467661694
vertex 10.962393517412938 -8.996704910447763 77.26824280597017
endloop
endfacet
facet normal 0.00001658969251846799 0.29413946383906814 0.9557625100082381
outer loop
vertex 9.540294671641794 -11.940985915422889 78.17422574129355
vertex 10.031226218905475 -10.031226218905475 77.58648157711445
vertex 9.002592164179108 -10.969589049751246 77.87528407960201
endloop
endfacet
facet normal -0.0001322335583122539 0.294064208524613 0.9557856578642928
outer loop
vertex 9.540294671641794 -11.940985915422889 78.17422574129355
vertex 9.002592164179108 -10.969589049751246 77.87528407960201
vertex 9.002592164179108 -13.000037447761198 78.49998711442788
endloop
endfacet
facet normal 0 0.2940028772007479 0.9558045345140824
outer loop
vertex 9.540294671641794 -11.940985915422889 78.17422574129355
vertex 9.002592164179108 -13.000037447761198 78.49998711442788
vertex 9.633836592039804 -13.000037447761198 78.49998711442788
endloop
endfacet
facet normal 0.000006837638866640377 0.2940034289326204 0.9558043647782262
outer loop
vertex 9.540294671641794 -11.940985915422889 78.17422574129355
vertex 9.633836592039804 -13.000037447761198 78.49998711442788
vertex 10.031226218905475 -12.703385273631843 78.40873468159207
endloop
endfacet
facet normal 0.00017489415137387246 0.2941022855429602 0.9557739351177365
outer loop
vertex 9.540294671641794 -11.940985915422889 78.17422574129355
vertex 10.031226218905475 -12.703385273631843 78.40873468159207
vertex 10.031226218905475 -10.031226218905475 77.58648157711445
endloop
endfacet
facet normal -0.00015259084217903392 0.29414086540062034 0.9557620666344783
outer loop
vertex 9.002592164179108 -10.969589049751246 77.87528407960201
vertex 7.885976373134331 -11.802308383084581 78.13137961691544
vertex 7.885976373134331 -13.000037447761198 78.49998711442788
endloop
endfacet
facet normal 0 0.2940642110955743 0.9557856662205901
outer loop
vertex 9.002592164179108 -10.969589049751246 77.87528407960201
vertex 7.885976373134331 -13.000037447761198 78.49998711442788
vertex 9.002592164179108 -13.000037447761198 78.49998711442788
endloop
endfacet
facet normal 0.0003629676935067031 0.29381053532436835 0.9558636082553106
outer loop
vertex 7.885976373134331 -11.802308383084581 78.13137961691544
vertex 6.692826283582091 -12.521207477611943 78.3528057711443
vertex 6.692826283582091 -13.000037447761198 78.49998711442788
endloop
endfacet
facet normal 0 0.29414086882500323 0.955762077761444
outer loop
vertex 7.885976373134331 -11.802308383084581 78.13137961691544
vertex 6.692826283582091 -13.000037447761198 78.49998711442788
vertex 7.885976373134331 -13.000037447761198 78.49998711442788
endloop
endfacet
facet normal 0 0.293810554678485 0.9558636712207035
outer loop
vertex 6.692826283582091 -12.521207477611943 78.3528057711443
vertex 5.685778825870648 -13.000037447761198 78.49998711442788
vertex 6.692826283582091 -13.000037447761198 78.49998711442788
endloop
endfacet
facet normal 0 0.293810554678485 0.9558636712207035
outer loop
vertex -5.685778825870648 -13.000037447761198 78.49998711442788
vertex -6.692826283582091 -12.521207477611943 78.3528057711443
vertex -6.692826283582091 -13.000037447761198 78.49998711442788
endloop
endfacet
facet normal -0.00014509236885912465 0.29414086572890646 0.95576206770119
outer loop
vertex -6.692826283582091 -12.521207477611943 78.3528057711443
vertex -7.885976373134331 -11.802308383084581 78.13137961691544
vertex -7.885976373134331 -13.000037447761198 78.49998711442788
endloop
endfacet
facet normal 0 0.29381055467848505 0.9558636712207034
outer loop
vertex -6.692826283582091 -12.521207477611943 78.3528057711443
vertex -7.885976373134331 -13.000037447761198 78.49998711442788
vertex -6.692826283582091 -13.000037447761198 78.49998711442788
endloop
endfacet
facet normal 0.00009001312167007954 0.2940642099042669 0.9557856623485294
outer loop
vertex -7.885976373134331 -11.802308383084581 78.13137961691544
vertex -9.002592164179108 -10.969589049751246 77.87528407960201
vertex -9.002592164179108 -13.000037447761198 78.49998711442788
endloop
endfacet
facet normal 0 0.29414086882500323 0.9557620777614438
outer loop
vertex -7.885976373134331 -11.802308383084581 78.13137961691544
vertex -9.002592164179108 -13.000037447761198 78.49998711442788
vertex -7.885976373134331 -13.000037447761198 78.49998711442788
endloop
endfacet
facet normal -0.00001658969251846799 0.29413946383906814 0.9557625100082381
outer loop
vertex -9.540294671641794 -11.940985915422889 78.17422574129355
vertex -9.002592164179108 -10.969589049751246 77.87528407960201
vertex -10.031226218905475 -10.031226218905475 77.58648157711445
endloop
endfacet
facet normal -0.00017489415137387246 0.2941022855429602 0.9557739351177365
outer loop
vertex -9.540294671641794 -11.940985915422889 78.17422574129355
vertex -10.031226218905475 -10.031226218905475 77.58648157711445
vertex -10.031226218905475 -12.703385273631843 78.40873468159207
endloop
endfacet
facet normal -0.000006837638866640377 0.2940034289326204 0.9558043647782262
outer loop
vertex -9.540294671641794 -11.940985915422889 78.17422574129355
vertex -10.031226218905475 -12.703385273631843 78.40873468159207
vertex -9.633836592039804 -13.000037447761198 78.49998711442788
endloop
endfacet
facet normal 0 0.2940028772007479 0.9558045345140824
outer loop
vertex -9.540294671641794 -11.940985915422889 78.17422574129355
vertex -9.633836592039804 -13.000037447761198 78.49998711442788
vertex -9.002592164179108 -13.000037447761198 78.49998711442788
endloop
endfacet
facet normal 0.0001322335583122539 0.294064208524613 0.9557856578642928
outer loop
vertex -9.540294671641794 -11.940985915422889 78.17422574129355
vertex -9.002592164179108 -13.000037447761198 78.49998711442788
vertex -9.002592164179108 -10.969589049751246 77.87528407960201
endloop
endfacet
facet normal -0.000024446395886706212 0.29400204315864625 0.9558047907501382
outer loop
vertex -10.45249193034826 -11.229609422885575 77.95508907462688
vertex -10.031226218905475 -10.031226218905475 77.58648157711445
vertex -10.962393517412938 -8.996704910447763 77.26824280597017
endloop
endfacet
facet normal 0.0001592723206906086 0.29404036650001925 0.9557929888322378
outer loop
vertex -10.45249193034826 -11.229609422885575 77.95508907462688
vertex -10.962393517412938 -8.996704910447763 77.26824280597017
vertex -10.962393517412938 -11.894869094527367 78.15983467661694
endloop
endfacet
facet normal 0.00010065212937225432 0.2940814129254917 0.9557803683069114
outer loop
vertex -10.45249193034826 -11.229609422885575 77.95508907462688
vertex -10.962393517412938 -11.894869094527367 78.15983467661694
vertex -10.275874318407963 -12.521207477611943 78.35247870149256
endloop
endfacet
facet normal -0.0008909438407257993 0.29395742716739764 0.9558180984016764
outer loop
vertex -10.45249193034826 -11.229609422885575 77.95508907462688
vertex -10.275874318407963 -12.521207477611943 78.35247870149256
vertex -10.031226218905475 -12.703385273631843 78.40873468159207
endloop
endfacet
facet normal -0.00033660662563226765 0.29410227337946904 0.9557738955888091
outer loop
vertex -10.45249193034826 -11.229609422885575 77.95508907462688
vertex -10.031226218905475 -12.703385273631843 78.40873468159207
vertex -10.031226218905475 -10.031226218905475 77.58648157711445
endloop
endfacet
facet normal 0.00002219996693576165 0.29406156943359213 0.9557864787123819
outer loop
vertex -11.389873552238809 -10.258539626865675 77.65647448258709
vertex -10.962393517412938 -8.996704910447763 77.26824280597017
vertex -11.78726317910448 -7.876164283582091 76.92351139303484
endloop
endfacet
facet normal 0.00027165097052005675 0.29409956982087215 0.9557747481686928
outer loop
vertex -11.389873552238809 -10.258539626865675 77.65647448258709
vertex -11.78726317910448 -7.876164283582091 76.92351139303484
vertex -11.78726317910448 -11.075559616915426 77.90799104477614
endloop
endfacet
facet normal 0.0002913152642650492 0.2940908312982765 0.9557774312473095
outer loop
vertex -11.389873552238809 -10.258539626865675 77.65647448258709
vertex -11.78726317910448 -11.075559616915426 77.90799104477614
vertex -11.450054368159208 -11.450054368159208 78.02311956218908
endloop
endfacet
facet normal 0.0003004281659344569 0.29409041004299413 0.9557775580456264
outer loop
vertex -11.389873552238809 -10.258539626865675 77.65647448258709
vertex -11.450054368159208 -11.450054368159208 78.02311956218908
vertex -10.962393517412938 -11.894869094527367 78.15983467661694
endloop
endfacet
facet normal 0.00009069914903916173 0.29404036902014175 0.9557929970240225
outer loop
vertex -11.389873552238809 -10.258539626865675 77.65647448258709
vertex -10.962393517412938 -11.894869094527367 78.15983467661694
vertex -10.962393517412938 -8.996704910447763 77.26824280597017
endloop
endfacet
facet normal 0.000011733668711729051 0.29403711714330527 0.955794001657457
outer loop
vertex -11.78726317910448 -7.876164283582091 76.92351139303484
vertex -12.497658462686571 -6.680070567164181 76.55555803482589
vertex -12.497658462686571 -10.286340547263684 77.66497829353236
endloop
endfacet
facet normal -0.00022024673923798553 0.2940995735391179 0.955774760252374
outer loop
vertex -11.78726317910448 -7.876164283582091 76.92351139303484
vertex -12.497658462686571 -10.286340547263684 77.66497829353236
vertex -11.78726317910448 -11.075559616915426 77.90799104477614
endloop
endfacet
facet normal -0.00039902635785285593 0.2941394540377533 0.955762429872789
outer loop
vertex -13.338554537313437 -7.480410004975126 76.80151441293535
vertex -12.497658462686571 -6.680070567164181 76.55555803482589
vertex -12.726934288557217 -6.190447298507464 76.40477892537315
endloop
endfacet
facet normal 0 0.29396663813644996 0.9558156807997836
outer loop
vertex -13.338554537313437 -7.480410004975126 76.80151441293535
vertex -12.726934288557217 -6.190447298507464 76.40477892537315
vertex -13.084421417910452 -6.190447298507464 76.40477892537315
endloop
endfacet
facet normal 0 0.2939666381364499 0.9558156807997834
outer loop
vertex -13.338554537313437 -7.480410004975126 76.80151441293535
vertex -13.084421417910452 -6.190447298507464 76.40477892537315
vertex -13.542318930348262 -6.190447298507464 76.40477892537315
endloop
endfacet
facet normal 0 0.29396663813644996 0.9558156807997835
outer loop
vertex -13.338554537313437 -7.480410004975126 76.80151441293535
vertex -13.542318930348262 -6.190447298507464 76.40477892537315
vertex -13.868734442786073 -6.190447298507464 76.40477892537315
endloop
endfacet
facet normal 0 0.29396663813644996 0.9558156807997835
outer loop
vertex -13.338554537313437 -7.480410004975126 76.80151441293535
vertex -13.868734442786073 -6.190447298507464 76.40477892537315
vertex -14.936616855721397 -6.190447298507464 76.40477892537315
endloop
endfacet
facet normal 0.000017056631035383223 0.29398594251399934 0.9558097432612971
outer loop
vertex -13.338554537313437 -7.480410004975126 76.80151441293535
vertex -14.936616855721397 -6.190447298507464 76.40477892537315
vertex -14.265469930348262 -7.624974791044778 76.84599588557217
endloop
endfacet
facet normal -0.00002262666542516405 0.2942183756024052 0.9557382209297252
outer loop
vertex -13.338554537313437 -7.480410004975126 76.80151441293535
vertex -14.265469930348262 -7.624974791044778 76.84599588557217
vertex -13.454337194029854 -8.990163517412938 77.26628038805973
endloop
endfacet
facet normal 0.00029207885983125836 0.2941963175492725 0.9557449667303446
outer loop
vertex -13.338554537313437 -7.480410004975126 76.80151441293535
vertex -13.454337194029854 -8.990163517412938 77.26628038805973
vertex -12.513030736318411 -10.269332925373137 77.6597451791045
endloop
endfacet
facet normal 0.00005673856087631701 0.29413269566005495 0.9557645913740921
outer loop
vertex -13.338554537313437 -7.480410004975126 76.80151441293535
vertex -12.513030736318411 -10.269332925373137 77.6597451791045
vertex -12.497658462686571 -10.286340547263684 77.66497829353236
endloop
endfacet
facet normal -0.0002923906538984428 0.2940371045945925 0.9557939608667414
outer loop
vertex -13.338554537313437 -7.480410004975126 76.80151441293535
vertex -12.497658462686571 -10.286340547263684 77.66497829353236
vertex -12.497658462686571 -6.680070567164181 76.55555803482589
endloop
endfacet
facet normal 0 -0.2939666381364499 0.9558156807997834
outer loop
vertex 13.338881606965177 7.480410004975126 76.80151441293535
vertex 13.084421417910452 6.190447298507464 76.40477892537315
vertex 13.542318930348262 6.190447298507464 76.40477892537315
endloop
endfacet
facet normal 0 -0.29396663813644996 0.9558156807997835
outer loop
vertex 13.338881606965177 7.480410004975126 76.80151441293535
vertex 13.542318930348262 6.190447298507464 76.40477892537315
vertex 13.868734442786073 6.190447298507464 76.40477892537315
endloop
endfacet
facet normal 0 -0.29396663813644996 0.9558156807997834
outer loop
vertex 13.338881606965177 7.480410004975126 76.80151441293535
vertex 13.868734442786073 6.190447298507464 76.40477892537315
vertex 14.936616855721397 6.190447298507464 76.40477892537315
endloop
endfacet
facet normal -0.000017062242142429297 -0.29398594491225855 0.9558097425235456
outer loop
vertex 13.338881606965177 7.480410004975126 76.80151441293535
vertex 14.936616855721397 6.190447298507464 76.40477892537315
vertex 14.265469930348262 7.624974791044778 76.84599588557217
endloop
endfacet
facet normal 0.00002263397471465954 -0.29421837163546255 0.955738222150752
outer loop
vertex 13.338881606965177 7.480410004975126 76.80151441293535
vertex 14.265469930348262 7.624974791044778 76.84599588557217
vertex 13.454337194029854 8.990163517412938 77.26628038805973
endloop
endfacet
facet normal -0.0002921567469436294 -0.29419636990022924 0.9557449505919258
outer loop
vertex 13.338881606965177 7.480410004975126 76.80151441293535
vertex 13.454337194029854 8.990163517412938 77.26628038805973
vertex 12.513030736318411 10.269332925373137 77.6597451791045
endloop
endfacet
facet normal -0.000056749509670588965 -0.2941327046998915 0.9557645885914688
outer loop
vertex 13.338881606965177 7.480410004975126 76.80151441293535
vertex 12.513030736318411 10.269332925373137 77.6597451791045
vertex 12.497658462686571 10.286340547263684 77.66497829353236
endloop
endfacet
facet normal 0.0002922769716943544 -0.2940371046043643 0.9557939608985055
outer loop
vertex 13.338881606965177 7.480410004975126 76.80151441293535
vertex 12.497658462686571 10.286340547263684 77.66497829353236
vertex 12.497658462686571 6.680070567164181 76.55555803482589
endloop
endfacet
facet normal 0.00039891902497648016 -0.29413949996012395 0.9557624157848119
outer loop
vertex 13.338881606965177 7.480410004975126 76.80151441293535
vertex 12.497658462686571 6.680070567164181 76.55555803482589
vertex 12.726934288557217 6.190447298507464 76.40477892537315
endloop
endfacet
facet normal 0 -0.29396663813644996 0.9558156807997836
outer loop
vertex 13.338881606965177 7.480410004975126 76.80151441293535
vertex 12.726934288557217 6.190447298507464 76.40477892537315
vertex 13.084421417910452 6.190447298507464 76.40477892537315
endloop
endfacet
facet normal 0.0002202467392380789 -0.2940995735391179 0.955774760252374
outer loop
vertex 12.497658462686571 10.286340547263684 77.66497829353236
vertex 11.78726317910448 11.075559616915426 77.90799104477614
vertex 11.78726317910448 7.876164283582091 76.92351139303484
endloop
endfacet
facet normal -0.000011733668711646213 -0.2940371171433053 0.9557940016574572
outer loop
vertex 12.497658462686571 10.286340547263684 77.66497829353236
vertex 11.78726317910448 7.876164283582091 76.92351139303484
vertex 12.497658462686571 6.680070567164181 76.55555803482589
endloop
endfacet
facet normal -0.0002913152642650492 -0.2940908312982765 0.9557774312473095
outer loop
vertex 11.389873552238809 10.258539626865675 77.65647448258709
vertex 11.78726317910448 11.075559616915426 77.90799104477614
vertex 11.450054368159208 11.450054368159208 78.02311956218908
endloop
endfacet
facet normal -0.0003004281659344569 -0.29409041004299413 0.9557775580456264
outer loop
vertex 11.389873552238809 10.258539626865675 77.65647448258709
vertex 11.450054368159208 11.450054368159208 78.02311956218908
vertex 10.962393517412938 11.894869094527367 78.15983467661694
endloop
endfacet
facet normal -0.00009069914903916173 -0.29404036902014175 0.9557929970240225
outer loop
vertex 11.389873552238809 10.258539626865675 77.65647448258709
vertex 10.962393517412938 11.894869094527367 78.15983467661694
vertex 10.962393517412938 8.996704910447763 77.26824280597017
endloop
endfacet
facet normal -0.00002219996693576165 -0.29406156943359213 0.9557864787123819
outer loop
vertex 11.389873552238809 10.258539626865675 77.65647448258709
vertex 10.962393517412938 8.996704910447763 77.26824280597017
vertex 11.78726317910448 7.876164283582091 76.92351139303484
endloop
endfacet
facet normal -0.00027165097052005675 -0.29409956982087215 0.9557747481686928
outer loop
vertex 11.389873552238809 10.258539626865675 77.65647448258709
vertex 11.78726317910448 7.876164283582091 76.92351139303484
vertex 11.78726317910448 11.075559616915426 77.90799104477614
endloop
endfacet
facet normal -0.00010065212937225432 -0.2940814129254917 0.9557803683069114
outer loop
vertex 10.45249193034826 11.229609422885575 77.95508907462688
vertex 10.962393517412938 11.894869094527367 78.15983467661694
vertex 10.275874318407963 12.521207477611943 78.35247870149256
endloop
endfacet
facet normal 0.0008909438407257993 -0.29395742716739764 0.9558180984016764
outer loop
vertex 10.45249193034826 11.229609422885575 77.95508907462688
vertex 10.275874318407963 12.521207477611943 78.35247870149256
vertex 10.031226218905475 12.703385273631843 78.40873468159207
endloop
endfacet
facet normal 0.00033660662563226765 -0.29410227337946904 0.9557738955888091
outer loop
vertex 10.45249193034826 11.229609422885575 77.95508907462688
vertex 10.031226218905475 12.703385273631843 78.40873468159207
vertex 10.031226218905475 10.031226218905475 77.58648157711445
endloop
endfacet
facet normal 0.000024446395886706212 -0.29400204315864625 0.9558047907501382
outer loop
vertex 10.45249193034826 11.229609422885575 77.95508907462688
vertex 10.031226218905475 10.031226218905475 77.58648157711445
vertex 10.962393517412938 8.996704910447763 77.26824280597017
endloop
endfacet
facet normal -0.0001592723206906086 -0.29404036650001925 0.9557929888322378
outer loop
vertex 10.45249193034826 11.229609422885575 77.95508907462688
vertex 10.962393517412938 8.996704910447763 77.26824280597017
vertex 10.962393517412938 11.894869094527367 78.15983467661694
endloop
endfacet
facet normal 0.000006837638866640377 -0.2940034289326204 0.9558043647782262
outer loop
vertex 9.540294671641794 11.940985915422889 78.17422574129355
vertex 10.031226218905475 12.703385273631843 78.40873468159207
vertex 9.633836592039804 13.000037447761198 78.49998711442788
endloop
endfacet
facet normal 0 -0.2940028772007479 0.9558045345140824
outer loop
vertex 9.540294671641794 11.940985915422889 78.17422574129355
vertex 9.633836592039804 13.000037447761198 78.49998711442788
vertex 9.002592164179108 13.000037447761198 78.49998711442788
endloop
endfacet
facet normal -0.0001322335583122539 -0.294064208524613 0.9557856578642928
outer loop
vertex 9.540294671641794 11.940985915422889 78.17422574129355
vertex 9.002592164179108 13.000037447761198 78.49998711442788
vertex 9.002592164179108 10.969589049751246 77.87528407960201
endloop
endfacet
facet normal 0.00001658969251846799 -0.29413946383906814 0.9557625100082381
outer loop
vertex 9.540294671641794 11.940985915422889 78.17422574129355
vertex 9.002592164179108 10.969589049751246 77.87528407960201
vertex 10.031226218905475 10.031226218905475 77.58648157711445
endloop
endfacet
facet normal 0.00017489415137387246 -0.2941022855429602 0.9557739351177365
outer loop
vertex 9.540294671641794 11.940985915422889 78.17422574129355
vertex 10.031226218905475 10.031226218905475 77.58648157711445
vertex 10.031226218905475 12.703385273631843 78.40873468159207
endloop
endfacet
facet normal 0 -0.29414086882500323 0.9557620777614438
outer loop
vertex 9.002592164179108 13.000037447761198 78.49998711442788
vertex 7.885976373134331 13.000037447761198 78.49998711442788
vertex 7.885976373134331 11.802308383084581 78.13137961691544
endloop
endfacet
facet normal -0.00009001312167005613 -0.2940642099042669 0.9557856623485294
outer loop
vertex 9.002592164179108 13.000037447761198 78.49998711442788
vertex 7.885976373134331 11.802308383084581 78.13137961691544
vertex 9.002592164179108 10.969589049751246 77.87528407960201
endloop
endfacet
facet normal 0 -0.29381055467848505 0.9558636712207034
outer loop
vertex 7.885976373134331 13.000037447761198 78.49998711442788
vertex 6.692826283582091 13.000037447761198 78.49998711442788
vertex 6.692826283582091 12.521207477611943 78.3528057711443
endloop
endfacet
facet normal 0.00014509236885911538 -0.29414086572890646 0.95576206770119
outer loop
vertex 7.885976373134331 13.000037447761198 78.49998711442788
vertex 6.692826283582091 12.521207477611943 78.3528057711443
vertex 7.885976373134331 11.802308383084581 78.13137961691544
endloop
endfacet
facet normal 0 -0.293810554678485 0.9558636712207035
outer loop
vertex 6.692826283582091 13.000037447761198 78.49998711442788
vertex 5.685778825870648 13.000037447761198 78.49998711442788
vertex 6.692826283582091 12.521207477611943 78.3528057711443
endloop
endfacet
facet normal 0 -0.293810554678485 0.9558636712207035
outer loop
vertex -5.685778825870648 13.000037447761198 78.49998711442788
vertex -6.692826283582091 13.000037447761198 78.49998711442788
vertex -6.692826283582091 12.521207477611943 78.3528057711443
endloop
endfacet
facet normal 0 -0.29414086882500323 0.955762077761444
outer loop
vertex -6.692826283582091 13.000037447761198 78.49998711442788
vertex -7.885976373134331 13.000037447761198 78.49998711442788
vertex -7.885976373134331 11.802308383084581 78.13137961691544
endloop
endfacet
facet normal -0.0003629676935067031 -0.2938105353243684 0.9558636082553106
outer loop
vertex -6.692826283582091 13.000037447761198 78.49998711442788
vertex -7.885976373134331 11.802308383084581 78.13137961691544
vertex -6.692826283582091 12.521207477611943 78.3528057711443
endloop
endfacet
facet normal 0 -0.2940642110955743 0.9557856662205901
outer loop
vertex -7.885976373134331 13.000037447761198 78.49998711442788
vertex -9.002592164179108 13.000037447761198 78.49998711442788
vertex -9.002592164179108 10.969589049751246 77.87528407960201
endloop
endfacet
facet normal 0.00015259084217903392 -0.2941408654006203 0.9557620666344783
outer loop
vertex -7.885976373134331 13.000037447761198 78.49998711442788
vertex -9.002592164179108 10.969589049751246 77.87528407960201
vertex -7.885976373134331 11.802308383084581 78.13137961691544
endloop
endfacet
facet normal 0 -0.2940028772007479 0.9558045345140824
outer loop
vertex -9.540294671641794 11.940985915422889 78.17422574129355
vertex -9.002592164179108 13.000037447761198 78.49998711442788
vertex -9.633836592039804 13.000037447761198 78.49998711442788
endloop
endfacet
facet normal -0.000006837638866640377 -0.2940034289326204 0.9558043647782262
outer loop
vertex -9.540294671641794 11.940985915422889 78.17422574129355
vertex -9.633836592039804 13.000037447761198 78.49998711442788
vertex -10.031226218905475 12.703385273631843 78.40873468159207
endloop
endfacet
facet normal -0.00017489415137387246 -0.2941022855429602 0.9557739351177365
outer loop
vertex -9.540294671641794 11.940985915422889 78.17422574129355
vertex -10.031226218905475 12.703385273631843 78.40873468159207
vertex -10.031226218905475 10.031226218905475 77.58648157711445
endloop
endfacet
facet normal -0.00001658969251846799 -0.29413946383906814 0.9557625100082381
outer loop
vertex -9.540294671641794 11.940985915422889 78.17422574129355
vertex -10.031226218905475 10.031226218905475 77.58648157711445
vertex -9.002592164179108 10.969589049751246 77.87528407960201
endloop
endfacet
facet normal 0.0001322335583122539 -0.294064208524613 0.9557856578642928
outer loop
vertex -9.540294671641794 11.940985915422889 78.17422574129355
vertex -9.002592164179108 10.969589049751246 77.87528407960201
vertex -9.002592164179108 13.000037447761198 78.49998711442788
endloop
endfacet
facet normal -0.0008909438407257993 -0.29395742716739764 0.9558180984016764
outer loop
vertex -10.45249193034826 11.229609422885575 77.95508907462688
vertex -10.031226218905475 12.703385273631843 78.40873468159207
vertex -10.275874318407963 12.521207477611943 78.35247870149256
endloop
endfacet
facet normal 0.00010065212937225432 -0.2940814129254917 0.9557803683069114
outer loop
vertex -10.45249193034826 11.229609422885575 77.95508907462688
vertex -10.275874318407963 12.521207477611943 78.35247870149256
vertex -10.962393517412938 11.894869094527367 78.15983467661694
endloop
endfacet
facet normal 0.0001592723206906086 -0.29404036650001925 0.9557929888322378
outer loop
vertex -10.45249193034826 11.229609422885575 77.95508907462688
vertex -10.962393517412938 11.894869094527367 78.15983467661694
vertex -10.962393517412938 8.996704910447763 77.26824280597017
endloop
endfacet
facet normal -0.000024446395886706212 -0.29400204315864625 0.9558047907501382
outer loop
vertex -10.45249193034826 11.229609422885575 77.95508907462688
vertex -10.962393517412938 8.996704910447763 77.26824280597017
vertex -10.031226218905475 10.031226218905475 77.58648157711445
endloop
endfacet
facet normal -0.00033660662563226765 -0.29410227337946904 0.9557738955888091
outer loop
vertex -10.45249193034826 11.229609422885575 77.95508907462688
vertex -10.031226218905475 10.031226218905475 77.58648157711445
vertex -10.031226218905475 12.703385273631843 78.40873468159207
endloop
endfacet
facet normal 0.0003004281659344569 -0.29409041004299413 0.9557775580456264
outer loop
vertex -11.389873552238809 10.258539626865675 77.65647448258709
vertex -10.962393517412938 11.894869094527367 78.15983467661694
vertex -11.450054368159208 11.450054368159208 78.02311956218908
endloop
endfacet
facet normal 0.0002913152642650492 -0.2940908312982765 0.9557774312473095
outer loop
vertex -11.389873552238809 10.258539626865675 77.65647448258709
vertex -11.450054368159208 11.450054368159208 78.02311956218908
vertex -11.78726317910448 11.075559616915426 77.90799104477614
endloop
endfacet
facet normal 0.00027165097052005675 -0.29409956982087215 0.9557747481686928
outer loop
vertex -11.389873552238809 10.258539626865675 77.65647448258709
vertex -11.78726317910448 11.075559616915426 77.90799104477614
vertex -11.78726317910448 7.876164283582091 76.92351139303484
endloop
endfacet
facet normal 0.00002219996693576165 -0.29406156943359213 0.9557864787123819
outer loop
vertex -11.389873552238809 10.258539626865675 77.65647448258709
vertex -11.78726317910448 7.876164283582091 76.92351139303484
vertex -10.962393517412938 8.996704910447763 77.26824280597017
endloop
endfacet
facet normal 0.00009069914903916173 -0.29404036902014175 0.9557929970240225
outer loop
vertex -11.389873552238809 10.258539626865675 77.65647448258709
vertex -10.962393517412938 8.996704910447763 77.26824280597017
vertex -10.962393517412938 11.894869094527367 78.15983467661694
endloop
endfacet
facet normal -0.0002962152562227969 -0.2940371042636267 0.9557939597909076
outer loop
vertex -11.78726317910448 11.075559616915426 77.90799104477614
vertex -12.497658462686571 10.286340547263684 77.66497829353236
vertex -12.497658462686571 6.680070567164181 76.55555803482589
endloop
endfacet
facet normal 0.0001268578053005115 -0.2940995783058433 0.9557747757434396
outer loop
vertex -11.78726317910448 11.075559616915426 77.90799104477614
vertex -12.497658462686571 6.680070567164181 76.55555803482589
vertex -11.78726317910448 7.876164283582091 76.92351139303484
endloop
endfacet
facet normal 0.00005673856087631701 -0.29413269566005495 0.9557645913740921
outer loop
vertex -13.338554537313437 7.480410004975126 76.80151441293535
vertex -12.497658462686571 10.286340547263684 77.66497829353236
vertex -12.513030736318411 10.269332925373137 77.6597451791045
endloop
endfacet
facet normal 0.00029207885983125836 -0.2941963175492725 0.9557449667303446
outer loop
vertex -13.338554537313437 7.480410004975126 76.80151441293535
vertex -12.513030736318411 10.269332925373137 77.6597451791045
vertex -13.454337194029854 8.990163517412938 77.26628038805973
endloop
endfacet
facet normal -0.00002262666542516405 -0.2942183756024052 0.9557382209297252
outer loop
vertex -13.338554537313437 7.480410004975126 76.80151441293535
vertex -13.454337194029854 8.990163517412938 77.26628038805973
vertex -14.265469930348262 7.624974791044778 76.84599588557217
endloop
endfacet
facet normal 0.000017056631035383223 -0.29398594251399934 0.9558097432612971
outer loop
vertex -13.338554537313437 7.480410004975126 76.80151441293535
vertex -14.265469930348262 7.624974791044778 76.84599588557217
vertex -14.936616855721397 6.190447298507464 76.40477892537315
endloop
endfacet
facet normal 0 -0.29396663813644996 0.9558156807997835
outer loop
vertex -13.338554537313437 7.480410004975126 76.80151441293535
vertex -14.936616855721397 6.190447298507464 76.40477892537315
vertex -13.868734442786073 6.190447298507464 76.40477892537315
endloop
endfacet
facet normal 0 -0.29396663813644996 0.9558156807997835
outer loop
vertex -13.338554537313437 7.480410004975126 76.80151441293535
vertex -13.868734442786073 6.190447298507464 76.40477892537315
vertex -13.542318930348262 6.190447298507464 76.40477892537315
endloop
endfacet
facet normal 0 -0.2939666381364499 0.9558156807997834
outer loop
vertex -13.338554537313437 7.480410004975126 76.80151441293535
vertex -13.542318930348262 6.190447298507464 76.40477892537315
vertex -13.084421417910452 6.190447298507464 76.40477892537315
endloop
endfacet
facet normal 0 -0.29396663813644996 0.9558156807997836
outer loop
vertex -13.338554537313437 7.480410004975126 76.80151441293535
vertex -13.084421417910452 6.190447298507464 76.40477892537315
vertex -12.726934288557217 6.190447298507464 76.40477892537315
endloop
endfacet
facet normal -0.00039902635785285593 -0.2941394540377533 0.955762429872789
outer loop
vertex -13.338554537313437 7.480410004975126 76.80151441293535
vertex -12.726934288557217 6.190447298507464 76.40477892537315
vertex -12.497658462686571 6.680070567164181 76.55555803482589
endloop
endfacet
facet normal -0.0002923906538984428 -0.2940371045945925 0.9557939608667414
outer loop
vertex -13.338554537313437 7.480410004975126 76.80151441293535
vertex -12.497658462686571 6.680070567164181 76.55555803482589
vertex -12.497658462686571 10.286340547263684 77.66497829353236
endloop
endfacet
facet normal 0.7408251652786686 0.6715326778668663 -0.014897551704517295
outer loop
vertex 11.10172518905473 11.10172518905473 44.99987803482588
vertex 11.450054368159208 11.450054368159208 78.02311956218908
vertex 12.513030736318411 10.269332925373137 77.6597451791045
endloop
endfacet
facet normal 0.7409805043215476 0.6713610241103003 -0.014908639138226674
outer loop
vertex 11.10172518905473 11.10172518905473 44.99987803482588
vertex 12.513030736318411 10.269332925373137 77.6597451791045
vertex 12.136246497512442 9.959925034825874 44.99987803482588
endloop
endfacet
facet normal 0.6715910212810445 0.7407719822468637 -0.014912090823759432
outer loop
vertex 9.959925034825874 12.136246497512442 44.99987803482588
vertex 10.275874318407963 12.521207477611943 78.35247870149256
vertex 11.450054368159208 11.450054368159208 78.02311956218908
endloop
endfacet
facet normal 0.6713611367652133 0.7409806286586648 -0.014897382116695883
outer loop
vertex 9.959925034825874 12.136246497512442 44.99987803482588
vertex 11.450054368159208 11.450054368159208 78.02311956218908
vertex 11.10172518905473 11.10172518905473 44.99987803482588
endloop
endfacet
facet normal 0.595656693947007 0.8031007571605898 -0.014908950473088286
outer loop
vertex 9.510858402985077 12.883273582089556 67.30864484079603
vertex 8.722293472636819 13.05400394029851 44.99987803482588
vertex 9.000302676616919 13.469709467661696 78.49998711442788
endloop
endfacet
facet normal 0.5954800408919864 0.8032314730688515 -0.01492385911623059
outer loop
vertex 9.510858402985077 12.883273582089556 67.30864484079603
vertex 9.000302676616919 13.469709467661696 78.49998711442788
vertex 9.473245393034828 13.119090800995028 78.49998711442788
endloop
endfacet
facet normal 0.5954741992376097 0.8032358017188699 -0.014923969960165376
outer loop
vertex 9.510858402985077 12.883273582089556 67.30864484079603
vertex 9.473245393034828 13.119090800995028 78.49998711442788
vertex 9.633836592039804 13.000037447761198 78.49998711442788
endloop
endfacet
facet normal 0.5955694938170869 0.8031651411161802 -0.014924279891682555
outer loop
vertex 9.510858402985077 12.883273582089556 67.30864484079603
vertex 9.633836592039804 13.000037447761198 78.49998711442788
vertex 10.275874318407963 12.521207477611943 78.35247870149256
endloop
endfacet
facet normal 0.5954380543293578 0.8032628190874328 -0.014911972645459282
outer loop
vertex 9.510858402985077 12.883273582089556 67.30864484079603
vertex 10.275874318407963 12.521207477611943 78.35247870149256
vertex 9.959925034825874 12.136246497512442 44.99987803482588
endloop
endfacet
facet normal 0.5955775741821432 0.8031594941928837 -0.014905704248540666
outer loop
vertex 9.510858402985077 12.883273582089556 67.30864484079603
vertex 9.959925034825874 12.136246497512442 44.99987803482588
vertex 8.722293472636819 13.05400394029851 44.99987803482588
endloop
endfacet
facet normal -0.5954380543293578 0.8032628190874328 -0.014911972645459282
outer loop
vertex -9.510858402985077 12.883273582089556 67.30864484079603
vertex -9.959925034825874 12.136246497512442 44.99987803482588
vertex -10.275874318407963 12.521207477611943 78.35247870149256
endloop
endfacet
facet normal -0.5955694938170869 0.8031651411161802 -0.014924279891682555
outer loop
vertex -9.510858402985077 12.883273582089556 67.30864484079603
vertex -10.275874318407963 12.521207477611943 78.35247870149256
vertex -9.633836592039804 13.000037447761198 78.49998711442788
endloop
endfacet
facet normal -0.5954741992376097 0.8032358017188699 -0.014923969960165376
outer loop
vertex -9.510858402985077 12.883273582089556 67.30864484079603
vertex -9.633836592039804 13.000037447761198 78.49998711442788
vertex -9.473245393034828 13.119090800995028 78.49998711442788
endloop
endfacet
facet normal -0.5954800408919864 0.8032314730688515 -0.01492385911623059
outer loop
vertex -9.510858402985077 12.883273582089556 67.30864484079603
vertex -9.473245393034828 13.119090800995028 78.49998711442788
vertex -9.000302676616919 13.469709467661696 78.49998711442788
endloop
endfacet
facet normal -0.595656693947007 0.8031007571605898 -0.014908950473088286
outer loop
vertex -9.510858402985077 12.883273582089556 67.30864484079603
vertex -9.000302676616919 13.469709467661696 78.49998711442788
vertex -8.722293472636819 13.05400394029851 44.99987803482588
endloop
endfacet
facet normal -0.5955775741821432 0.8031594941928837 -0.014905704248540666
outer loop
vertex -9.510858402985077 12.883273582089556 67.30864484079603
vertex -8.722293472636819 13.05400394029851 44.99987803482588
vertex -9.959925034825874 12.136246497512442 44.99987803482588
endloop
endfacet
facet normal -0.6715933896887057 0.7407701263528187 -0.014897611542228913
outer loop
vertex -11.10172518905473 11.10172518905473 44.99987803482588
vertex -11.450054368159208 11.450054368159208 78.02311956218908
vertex -10.275874318407963 12.521207477611943 78.35247870149256
endloop
endfacet
facet normal -0.6713609872751855 0.7409804636666676 -0.014912318036396468
outer loop
vertex -11.10172518905473 11.10172518905473 44.99987803482588
vertex -10.275874318407963 12.521207477611943 78.35247870149256
vertex -9.959925034825874 12.136246497512442 44.99987803482588
endloop
endfacet
facet normal -0.74082336731651 0.6715344190658927 -0.014908468991196824
outer loop
vertex -12.136246497512442 9.959925034825874 44.99987803482588
vertex -12.513030736318411 10.269332925373137 77.6597451791045
vertex -11.450054368159208 11.450054368159208 78.02311956218908
endloop
endfacet
facet normal -0.7409806286586648 0.6713611367652133 -0.014897382116695883
outer loop
vertex -12.136246497512442 9.959925034825874 44.99987803482588
vertex -11.450054368159208 11.450054368159208 78.02311956218908
vertex -11.10172518905473 11.10172518905473 44.99987803482588
endloop
endfacet
facet normal -0.7408251652786686 -0.6715326778668663 -0.014897551704517295
outer loop
vertex -11.10172518905473 -11.10172518905473 44.99987803482588
vertex -11.450054368159208 -11.450054368159208 78.02311956218908
vertex -12.513030736318411 -10.269332925373137 77.6597451791045
endloop
endfacet
facet normal -0.7409805043215476 -0.6713610241103003 -0.014908639138226674
outer loop
vertex -11.10172518905473 -11.10172518905473 44.99987803482588
vertex -12.513030736318411 -10.269332925373137 77.6597451791045
vertex -12.136246497512442 -9.959925034825874 44.99987803482588
endloop
endfacet
facet normal -0.595656693947007 -0.8031007571605898 -0.014908950473088286
outer loop
vertex -9.510858402985077 -12.883273582089556 67.30864484079603
vertex -8.722293472636819 -13.05400394029851 44.99987803482588
vertex -9.000302676616919 -13.469709467661696 78.49998711442788
endloop
endfacet
facet normal -0.5954800408919864 -0.8032314730688515 -0.01492385911623059
outer loop
vertex -9.510858402985077 -12.883273582089556 67.30864484079603
vertex -9.000302676616919 -13.469709467661696 78.49998711442788
vertex -9.473245393034828 -13.119090800995028 78.49998711442788
endloop
endfacet
facet normal -0.5954741992376097 -0.8032358017188699 -0.014923969960165376
outer loop
vertex -9.510858402985077 -12.883273582089556 67.30864484079603
vertex -9.473245393034828 -13.119090800995028 78.49998711442788
vertex -9.633836592039804 -13.000037447761198 78.49998711442788
endloop
endfacet
facet normal -0.5955694938170869 -0.8031651411161802 -0.014924279891682555
outer loop
vertex -9.510858402985077 -12.883273582089556 67.30864484079603
vertex -9.633836592039804 -13.000037447761198 78.49998711442788
vertex -10.275874318407963 -12.521207477611943 78.35247870149256
endloop
endfacet
facet normal -0.5954380543293578 -0.8032628190874328 -0.014911972645459282
outer loop
vertex -9.510858402985077 -12.883273582089556 67.30864484079603
vertex -10.275874318407963 -12.521207477611943 78.35247870149256
vertex -9.959925034825874 -12.136246497512442 44.99987803482588
endloop
endfacet
facet normal -0.5955775741821432 -0.8031594941928837 -0.014905704248540666
outer loop
vertex -9.510858402985077 -12.883273582089556 67.30864484079603
vertex -9.959925034825874 -12.136246497512442 44.99987803482588
vertex -8.722293472636819 -13.05400394029851 44.99987803482588
endloop
endfacet
facet normal 0.5954380543293578 -0.8032628190874328 -0.014911972645459282
outer loop
vertex 9.510858402985077 -12.883273582089556 67.30864484079603
vertex 9.959925034825874 -12.136246497512442 44.99987803482588
vertex 10.275874318407963 -12.521207477611943 78.35247870149256
endloop
endfacet
facet normal 0.5955694938170869 -0.8031651411161802 -0.014924279891682555
outer loop
vertex 9.510858402985077 -12.883273582089556 67.30864484079603
vertex 10.275874318407963 -12.521207477611943 78.35247870149256
vertex 9.633836592039804 -13.000037447761198 78.49998711442788
endloop
endfacet
facet normal 0.5954741992376097 -0.8032358017188699 -0.014923969960165376
outer loop
vertex 9.510858402985077 -12.883273582089556 67.30864484079603
vertex 9.633836592039804 -13.000037447761198 78.49998711442788
vertex 9.473245393034828 -13.119090800995028 78.49998711442788
endloop
endfacet
facet normal 0.5954800408919864 -0.8032314730688515 -0.01492385911623059
outer loop
vertex 9.510858402985077 -12.883273582089556 67.30864484079603
vertex 9.473245393034828 -13.119090800995028 78.49998711442788
vertex 9.000302676616919 -13.469709467661696 78.49998711442788
endloop
endfacet
facet normal 0.595656693947007 -0.8031007571605898 -0.014908950473088286
outer loop
vertex 9.510858402985077 -12.883273582089556 67.30864484079603
vertex 9.000302676616919 -13.469709467661696 78.49998711442788
vertex 8.722293472636819 -13.05400394029851 44.99987803482588
endloop
endfacet
facet normal 0.5955775741821432 -0.8031594941928837 -0.014905704248540666
outer loop
vertex 9.510858402985077 -12.883273582089556 67.30864484079603
vertex 8.722293472636819 -13.05400394029851 44.99987803482588
vertex 9.959925034825874 -12.136246497512442 44.99987803482588
endloop
endfacet
facet normal 0.6715933896887057 -0.7407701263528187 -0.014897611542228913
outer loop
vertex 11.10172518905473 -11.10172518905473 44.99987803482588
vertex 11.450054368159208 -11.450054368159208 78.02311956218908
vertex 10.275874318407963 -12.521207477611943 78.35247870149256
endloop
endfacet
facet normal 0.6713609872751855 -0.7409804636666676 -0.014912318036396468
outer loop
vertex 11.10172518905473 -11.10172518905473 44.99987803482588
vertex 10.275874318407963 -12.521207477611943 78.35247870149256
vertex 9.959925034825874 -12.136246497512442 44.99987803482588
endloop
endfacet
facet normal 0.74082336731651 -0.6715344190658927 -0.014908468991196824
outer loop
vertex 12.136246497512442 -9.959925034825874 44.99987803482588
vertex 12.513030736318411 -10.269332925373137 77.6597451791045
vertex 11.450054368159208 -11.450054368159208 78.02311956218908
endloop
endfacet
facet normal 0.7409806286586648 -0.6713611367652133 -0.014897382116695883
outer loop
vertex 12.136246497512442 -9.959925034825874 44.99987803482588
vertex 11.450054368159208 -11.450054368159208 78.02311956218908
vertex 11.10172518905473 -11.10172518905473 44.99987803482588
endloop
endfacet
facet normal -0.6715851424431307 -0.7407775802563811 0.014898759651087902
outer loop
vertex 9.687476014925375 9.687476014925375 44.99987803482588
vertex 10.031226218905475 10.031226218905475 77.58648157711445
vertex 9.002592164179108 10.969589049751246 77.87528407960201
endloop
endfacet
facet normal -0.6713863436117257 -0.7409575371888816 0.014909919337984034
outer loop
vertex 9.687476014925375 9.687476014925375 44.99987803482588
vertex 9.002592164179108 10.969589049751246 77.87528407960201
vertex 8.691221855721395 10.590188253731347 44.99987803482588
endloop
endfacet
facet normal -0.5955526241219563 -0.8031779202415984 0.014909739697003987
outer loop
vertex 8.691221855721395 10.590188253731347 44.99987803482588
vertex 9.002592164179108 10.969589049751246 77.87528407960201
vertex 7.885976373134331 11.802308383084581 78.13137961691544
endloop
endfacet
facet normal -0.595644097926104 -0.8031101720506312 0.014905037893399415
outer loop
vertex 8.691221855721395 10.590188253731347 44.99987803482588
vertex 7.885976373134331 11.802308383084581 78.13137961691544
vertex 7.611237865671644 11.391181830845774 44.99987803482588
endloop
endfacet
facet normal -0.5139950742293995 -0.8576636327206588 0.014904924565959517
outer loop
vertex 7.611237865671644 11.391181830845774 44.99987803482588
vertex 7.885976373134331 11.802308383084581 78.13137961691544
vertex 6.692826283582091 12.521207477611943 78.3528057711443
endloop
endfacet
facet normal -0.5139734949969132 -0.857676546786142 0.014905956314731923
outer loop
vertex 7.611237865671644 11.391181830845774 44.99987803482588
vertex 6.692826283582091 12.521207477611943 78.3528057711443
vertex 6.457990273631842 12.082280004975127 44.99987803482588
endloop
endfacet
facet normal -0.4275021684914043 -0.9038914357958232 0.014905308789554539
outer loop
vertex 5.902626004975126 12.675911422885575 65.07050721393037
vertex 6.457990273631842 12.082280004975127 44.99987803482588
vertex 6.692826283582091 12.521207477611943 78.3528057711443
endloop
endfacet
facet normal -0.4275838282423973 -0.9038527221292653 0.014910617864232726
outer loop
vertex 5.902626004975126 12.675911422885575 65.07050721393037
vertex 6.692826283582091 12.521207477611943 78.3528057711443
vertex 5.685778825870648 13.000037447761198 78.49998711442788
endloop
endfacet
facet normal -0.42778617735172936 -0.9037570614930788 0.014905041703737153
outer loop
vertex 5.902626004975126 12.675911422885575 65.07050721393037
vertex 5.685778825870648 13.000037447761198 78.49998711442788
vertex 5.434262263681593 13.119090800995028 78.49998711442788
endloop
endfacet
facet normal -0.42784298935467735 -0.9037302150854178 0.014902174395636777
outer loop
vertex 5.902626004975126 12.675911422885575 65.07050721393037
vertex 5.434262263681593 13.119090800995028 78.49998711442788
vertex 5.242926517412937 12.657268452736322 44.99987803482588
endloop
endfacet
facet normal -0.427693696815434 -0.9038009577186207 0.014897333024797352
outer loop
vertex 5.902626004975126 12.675911422885575 65.07050721393037
vertex 5.242926517412937 12.657268452736322 44.99987803482588
vertex 6.457990273631842 12.082280004975127 44.99987803482588
endloop
endfacet
facet normal 0.42784298935467735 -0.9037302150854178 0.014902174395636777
outer loop
vertex -5.902626004975126 12.675911422885575 65.07050721393037
vertex -5.242926517412937 12.657268452736322 44.99987803482588
vertex -5.434262263681593 13.119090800995028 78.49998711442788
endloop
endfacet
facet normal 0.42778617735172936 -0.9037570614930788 0.014905041703737153
outer loop
vertex -5.902626004975126 12.675911422885575 65.07050721393037
vertex -5.434262263681593 13.119090800995028 78.49998711442788
vertex -5.685778825870648 13.000037447761198 78.49998711442788
endloop
endfacet
facet normal 0.4275838282423973 -0.9038527221292653 0.014910617864232726
outer loop
vertex -5.902626004975126 12.675911422885575 65.07050721393037
vertex -5.685778825870648 13.000037447761198 78.49998711442788
vertex -6.692826283582091 12.521207477611943 78.3528057711443
endloop
endfacet
facet normal 0.4275021684914043 -0.9038914357958232 0.014905308789554539
outer loop
vertex -5.902626004975126 12.675911422885575 65.07050721393037
vertex -6.692826283582091 12.521207477611943 78.3528057711443
vertex -6.457990273631842 12.082280004975127 44.99987803482588
endloop
endfacet
facet normal 0.427693696815434 -0.9038009577186207 0.014897333024797352
outer loop
vertex -5.902626004975126 12.675911422885575 65.07050721393037
vertex -6.457990273631842 12.082280004975127 44.99987803482588
vertex -5.242926517412937 12.657268452736322 44.99987803482588
endloop
endfacet
facet normal 0.5139949282255448 -0.8576637026043282 0.014905938194272626
outer loop
vertex -6.457990273631842 12.082280004975127 44.99987803482588
vertex -6.692826283582091 12.521207477611943 78.3528057711443
vertex -7.885976373134331 11.802308383084581 78.13137961691544
endloop
endfacet
facet normal 0.5139735030443452 -0.8576765602150321 0.014904906106216795
outer loop
vertex -6.457990273631842 12.082280004975127 44.99987803482588
vertex -7.885976373134331 11.802308383084581 78.13137961691544
vertex -7.611237865671644 11.391181830845774 44.99987803482588
endloop
endfacet
facet normal 0.5955533474838265 -0.8031774696075751 0.014905120448411021
outer loop
vertex -7.611237865671644 11.391181830845774 44.99987803482588
vertex -7.885976373134331 11.802308383084581 78.13137961691544
vertex -9.002592164179108 10.969589049751246 77.87528407960201
endloop
endfacet
facet normal 0.5956440554258687 -0.8031101147473334 0.014909823149503384
outer loop
vertex -7.611237865671644 11.391181830845774 44.99987803482588
vertex -9.002592164179108 10.969589049751246 77.87528407960201
vertex -8.691221855721395 10.590188253731347 44.99987803482588
endloop
endfacet
facet normal 0.6715833472828604 -0.7407789871234607 0.014909724634895262
outer loop
vertex -8.691221855721395 10.590188253731347 44.99987803482588
vertex -9.002592164179108 10.969589049751246 77.87528407960201
vertex -10.031226218905475 10.031226218905475 77.58648157711445
endloop
endfacet
facet normal 0.6713864572700885 -0.7409576626248864 0.014898563413457739
outer loop
vertex -8.691221855721395 10.590188253731347 44.99987803482588
vertex -10.031226218905475 10.031226218905475 77.58648157711445
vertex -9.687476014925375 9.687476014925375 44.99987803482588
endloop
endfacet
facet normal 0.6715851424431307 0.7407775802563811 0.014898759651087902
outer loop
vertex -9.687476014925375 -9.687476014925375 44.99987803482588
vertex -10.031226218905475 -10.031226218905475 77.58648157711445
vertex -9.002592164179108 -10.969589049751246 77.87528407960201
endloop
endfacet
facet normal 0.6713863436117257 0.7409575371888816 0.014909919337984034
outer loop
vertex -9.687476014925375 -9.687476014925375 44.99987803482588
vertex -9.002592164179108 -10.969589049751246 77.87528407960201
vertex -8.691221855721395 -10.590188253731347 44.99987803482588
endloop
endfacet
facet normal 0.5955526241219563 0.8031779202415984 0.014909739697003987
outer loop
vertex -8.691221855721395 -10.590188253731347 44.99987803482588
vertex -9.002592164179108 -10.969589049751246 77.87528407960201
vertex -7.885976373134331 -11.802308383084581 78.13137961691544
endloop
endfacet
facet normal 0.595644097926104 0.8031101720506312 0.014905037893399415
outer loop
vertex -8.691221855721395 -10.590188253731347 44.99987803482588
vertex -7.885976373134331 -11.802308383084581 78.13137961691544
vertex -7.611237865671644 -11.391181830845774 44.99987803482588
endloop
endfacet
facet normal 0.5139950742293995 0.8576636327206588 0.014904924565959517
outer loop
vertex -7.611237865671644 -11.391181830845774 44.99987803482588
vertex -7.885976373134331 -11.802308383084581 78.13137961691544
vertex -6.692826283582091 -12.521207477611943 78.3528057711443
endloop
endfacet
facet normal 0.5139734949969132 0.857676546786142 0.014905956314731923
outer loop
vertex -7.611237865671644 -11.391181830845774 44.99987803482588
vertex -6.692826283582091 -12.521207477611943 78.3528057711443
vertex -6.457990273631842 -12.082280004975127 44.99987803482588
endloop
endfacet
facet normal 0.4275021684914043 0.9038914357958232 0.014905308789554539
outer loop
vertex -5.902626004975126 -12.675911422885575 65.07050721393037
vertex -6.457990273631842 -12.082280004975127 44.99987803482588
vertex -6.692826283582091 -12.521207477611943 78.3528057711443
endloop
endfacet
facet normal 0.4275838282423973 0.9038527221292653 0.014910617864232726
outer loop
vertex -5.902626004975126 -12.675911422885575 65.07050721393037
vertex -6.692826283582091 -12.521207477611943 78.3528057711443
vertex -5.685778825870648 -13.000037447761198 78.49998711442788
endloop
endfacet
facet normal 0.42778617735172936 0.9037570614930788 0.014905041703737153
outer loop
vertex -5.902626004975126 -12.675911422885575 65.07050721393037
vertex -5.685778825870648 -13.000037447761198 78.49998711442788
vertex -5.434262263681593 -13.119090800995028 78.49998711442788
endloop
endfacet
facet normal 0.42784298935467735 0.9037302150854178 0.014902174395636777
outer loop
vertex -5.902626004975126 -12.675911422885575 65.07050721393037
vertex -5.434262263681593 -13.119090800995028 78.49998711442788
vertex -5.242926517412937 -12.657268452736322 44.99987803482588
endloop
endfacet
facet normal 0.427693696815434 0.9038009577186207 0.014897333024797352
outer loop
vertex -5.902626004975126 -12.675911422885575 65.07050721393037
vertex -5.242926517412937 -12.657268452736322 44.99987803482588
vertex -6.457990273631842 -12.082280004975127 44.99987803482588
endloop
endfacet
facet normal -0.42784298935467735 0.9037302150854178 0.014902174395636777
outer loop
vertex 5.902626004975126 -12.675911422885575 65.07050721393037
vertex 5.242926517412937 -12.657268452736322 44.99987803482588
vertex 5.434262263681593 -13.119090800995028 78.49998711442788
endloop
endfacet
facet normal -0.42778617735172936 0.9037570614930788 0.014905041703737153
outer loop
vertex 5.902626004975126 -12.675911422885575 65.07050721393037
vertex 5.434262263681593 -13.119090800995028 78.49998711442788
vertex 5.685778825870648 -13.000037447761198 78.49998711442788
endloop
endfacet
facet normal -0.4275838282423973 0.9038527221292653 0.014910617864232726
outer loop
vertex 5.902626004975126 -12.675911422885575 65.07050721393037
vertex 5.685778825870648 -13.000037447761198 78.49998711442788
vertex 6.692826283582091 -12.521207477611943 78.3528057711443
endloop
endfacet
facet normal -0.4275021684914043 0.9038914357958232 0.014905308789554539
outer loop
vertex 5.902626004975126 -12.675911422885575 65.07050721393037
vertex 6.692826283582091 -12.521207477611943 78.3528057711443
vertex 6.457990273631842 -12.082280004975127 44.99987803482588
endloop
endfacet
facet normal -0.427693696815434 0.9038009577186207 0.014897333024797352
outer loop
vertex 5.902626004975126 -12.675911422885575 65.07050721393037
vertex 6.457990273631842 -12.082280004975127 44.99987803482588
vertex 5.242926517412937 -12.657268452736322 44.99987803482588
endloop
endfacet
facet normal -0.5139949282255448 0.8576637026043282 0.014905938194272626
outer loop
vertex 6.457990273631842 -12.082280004975127 44.99987803482588
vertex 6.692826283582091 -12.521207477611943 78.3528057711443
vertex 7.885976373134331 -11.802308383084581 78.13137961691544
endloop
endfacet
facet normal -0.5139735030443452 0.8576765602150321 0.014904906106216795
outer loop
vertex 6.457990273631842 -12.082280004975127 44.99987803482588
vertex 7.885976373134331 -11.802308383084581 78.13137961691544
vertex 7.611237865671644 -11.391181830845774 44.99987803482588
endloop
endfacet
facet normal -0.5955533474838265 0.8031774696075751 0.014905120448411021
outer loop
vertex 7.611237865671644 -11.391181830845774 44.99987803482588
vertex 7.885976373134331 -11.802308383084581 78.13137961691544
vertex 9.002592164179108 -10.969589049751246 77.87528407960201
endloop
endfacet
facet normal -0.5956440554258687 0.8031101147473334 0.014909823149503384
outer loop
vertex 7.611237865671644 -11.391181830845774 44.99987803482588
vertex 9.002592164179108 -10.969589049751246 77.87528407960201
vertex 8.691221855721395 -10.590188253731347 44.99987803482588
endloop
endfacet
facet normal -0.6715833472828604 0.7407789871234607 0.014909724634895262
outer loop
vertex 8.691221855721395 -10.590188253731347 44.99987803482588
vertex 9.002592164179108 -10.969589049751246 77.87528407960201
vertex 10.031226218905475 -10.031226218905475 77.58648157711445
endloop
endfacet
facet normal -0.6713864572700885 0.7409576626248864 0.014898563413457739
outer loop
vertex 8.691221855721395 -10.590188253731347 44.99987803482588
vertex 10.031226218905475 -10.031226218905475 77.58648157711445
vertex 9.687476014925375 -9.687476014925375 44.99987803482588
endloop
endfacet
facet normal 0 0.4819648875858261 0.8761905312969218
outer loop
vertex 14.77046547263682 -3.9075011293532347 75.14915853233833
vertex 15.994687179104481 -2.0000309203980104 74.09991908955226
vertex 14.059088980099506 -2.0000309203980104 74.09991908955226
endloop
endfacet
facet normal 0 0.48196488758582634 0.8761905312969217
outer loop
vertex 14.77046547263682 -3.9075011293532347 75.14915853233833
vertex 14.059088980099506 -2.0000309203980104 74.09991908955226
vertex 13.975032079601993 -2.0000309203980104 74.09991908955226
endloop
endfacet
facet normal -0.00010787493655445849 0.4819303490684201 0.8762095223231651
outer loop
vertex 14.77046547263682 -3.9075011293532347 75.14915853233833
vertex 13.975032079601993 -2.0000309203980104 74.09991908955226
vertex 13.868734442786073 -2.7588325124378117 74.51725996517415
endloop
endfacet
facet normal -0.0000845715921618492 0.48194439434308234 0.8762017995923801
outer loop
vertex 14.77046547263682 -3.9075011293532347 75.14915853233833
vertex 13.868734442786073 -2.7588325124378117 74.51725996517415
vertex 13.868734442786073 -6.190447298507464 76.40477892537315
endloop
endfacet
facet normal 0 0.4819187497721534 0.8762159086766483
outer loop
vertex 14.77046547263682 -3.9075011293532347 75.14915853233833
vertex 13.868734442786073 -6.190447298507464 76.40477892537315
vertex 14.936616855721397 -6.190447298507464 76.40477892537315
endloop
endfacet
facet normal 0.009408003744829061 0.482423023092474 0.8758878445645056
outer loop
vertex 14.77046547263682 -3.9075011293532347 75.14915853233833
vertex 14.936616855721397 -6.190447298507464 76.40477892537315
vertex 14.937925134328362 -6.187503671641792 76.40314357711445
endloop
endfacet
facet normal -0.00018896770587794484 0.4819032601559681 0.8762244074107133
outer loop
vertex 14.77046547263682 -3.9075011293532347 75.14915853233833
vertex 14.937925134328362 -6.187503671641792 76.40314357711445
vertex 15.460582437810949 -4.689851736318409 75.57958219402987
endloop
endfacet
facet normal -0.00004759629888175175 0.481999002089911 0.8761717638219817
outer loop
vertex 14.77046547263682 -3.9075011293532347 75.14915853233833
vertex 15.460582437810949 -4.689851736318409 75.57958219402987
vertex 15.833441840796024 -3.1493536766169163 74.73214472636818
endloop
endfacet
facet normal -0.000029326215575112256 0.48197933690041816 0.8761825825368854
outer loop
vertex 14.77046547263682 -3.9075011293532347 75.14915853233833
vertex 15.833441840796024 -3.1493536766169163 74.73214472636818
vertex 15.994687179104481 -2.0000309203980104 74.09991908955226
endloop
endfacet
facet normal 0.00013416964130666625 0.48193459375799563 0.8762071840254582
outer loop
vertex 13.868734442786073 -2.7588325124378117 74.51725996517415
vertex 13.542318930348262 -4.107994825870648 75.25938100497514
vertex 13.542318930348262 -6.190447298507464 76.40477892537315
endloop
endfacet
facet normal 0 0.48194439606660083 0.8762018027258328
outer loop
vertex 13.868734442786073 -2.7588325124378117 74.51725996517415
vertex 13.542318930348262 -6.190447298507464 76.40477892537315
vertex 13.868734442786073 -6.190447298507464 76.40477892537315
endloop
endfacet
facet normal -0.00024438810183475835 0.481975839146157 0.8761844730157078
outer loop
vertex 13.542318930348262 -4.107994825870648 75.25938100497514
vertex 13.084421417910452 -5.419871199004977 75.98089665671644
vertex 13.084421417910452 -6.190447298507464 76.40477892537315
endloop
endfacet
facet normal 0 0.48193459809576666 0.8762071919119768
outer loop
vertex 13.542318930348262 -4.107994825870648 75.25938100497514
vertex 13.084421417910452 -6.190447298507464 76.40477892537315
vertex 13.542318930348262 -6.190447298507464 76.40477892537315
endloop
endfacet
facet normal 0 0.4819758535392922 0.8761844991810063
outer loop
vertex 13.084421417910452 -5.419871199004977 75.98089665671644
vertex 12.726934288557217 -6.190447298507464 76.40477892537315
vertex 13.084421417910452 -6.190447298507464 76.40477892537315
endloop
endfacet
facet normal 0 0.4819758535392922 0.8761844991810063
outer loop
vertex -12.726934288557217 -6.190447298507464 76.40477892537315
vertex -13.084421417910452 -5.419871199004977 75.98089665671644
vertex -13.084421417910452 -6.190447298507464 76.40477892537315
endloop
endfacet
facet normal 0.00009043400269021308 0.48193459612506173 0.8762071883290304
outer loop
vertex -13.084421417910452 -5.419871199004977 75.98089665671644
vertex -13.542318930348262 -4.107994825870648 75.25938100497514
vertex -13.542318930348262 -6.190447298507464 76.40477892537315
endloop
endfacet
facet normal 0 0.48197585353929223 0.8761844991810064
outer loop
vertex -13.084421417910452 -5.419871199004977 75.98089665671644
vertex -13.542318930348262 -6.190447298507464 76.40477892537315
vertex -13.084421417910452 -6.190447298507464 76.40477892537315
endloop
endfacet
facet normal -0.0000814194488054607 0.4819443944691656 0.8762017998216066
outer loop
vertex -13.542318930348262 -4.107994825870648 75.25938100497514
vertex -13.868734442786073 -2.7588325124378117 74.51725996517415
vertex -13.868734442786073 -6.190447298507464 76.40477892537315
endloop
endfacet
facet normal 0 0.48193459809576655 0.8762071919119768
outer loop
vertex -13.542318930348262 -4.107994825870648 75.25938100497514
vertex -13.868734442786073 -6.190447298507464 76.40477892537315
vertex -13.542318930348262 -6.190447298507464 76.40477892537315
endloop
endfacet
facet normal 0.00010787493655445849 0.4819303490684201 0.8762095223231651
outer loop
vertex -14.77046547263682 -3.9075011293532347 75.14915853233833
vertex -13.868734442786073 -2.7588325124378117 74.51725996517415
vertex -13.975032079601993 -2.0000309203980104 74.09991908955226
endloop
endfacet
facet normal 0 0.48196488758582634 0.8761905312969217
outer loop
vertex -14.77046547263682 -3.9075011293532347 75.14915853233833
vertex -13.975032079601993 -2.0000309203980104 74.09991908955226
vertex -14.059088980099506 -2.0000309203980104 74.09991908955226
endloop
endfacet
facet normal 0 0.4819648875858261 0.8761905312969218
outer loop
vertex -14.77046547263682 -3.9075011293532347 75.14915853233833
vertex -14.059088980099506 -2.0000309203980104 74.09991908955226
vertex -15.994687179104481 -2.0000309203980104 74.09991908955226
endloop
endfacet
facet normal 0.000029326215575112256 0.48197933690041816 0.8761825825368854
outer loop
vertex -14.77046547263682 -3.9075011293532347 75.14915853233833
vertex -15.994687179104481 -2.0000309203980104 74.09991908955226
vertex -15.833441840796024 -3.1493536766169163 74.73214472636818
endloop
endfacet
facet normal 0.00004759629888175175 0.481999002089911 0.8761717638219817
outer loop
vertex -14.77046547263682 -3.9075011293532347 75.14915853233833
vertex -15.833441840796024 -3.1493536766169163 74.73214472636818
vertex -15.460582437810949 -4.689851736318409 75.57958219402987
endloop
endfacet
facet normal 0.00018896770587794484 0.4819032601559681 0.8762244074107133
outer loop
vertex -14.77046547263682 -3.9075011293532347 75.14915853233833
vertex -15.460582437810949 -4.689851736318409 75.57958219402987
vertex -14.937925134328362 -6.187503671641792 76.40314357711445
endloop
endfacet
facet normal -0.009408003744829061 0.482423023092474 0.8758878445645056
outer loop
vertex -14.77046547263682 -3.9075011293532347 75.14915853233833
vertex -14.937925134328362 -6.187503671641792 76.40314357711445
vertex -14.936616855721397 -6.190447298507464 76.40477892537315
endloop
endfacet
facet normal 0 0.4819187497721534 0.8762159086766483
outer loop
vertex -14.77046547263682 -3.9075011293532347 75.14915853233833
vertex -14.936616855721397 -6.190447298507464 76.40477892537315
vertex -13.868734442786073 -6.190447298507464 76.40477892537315
endloop
endfacet
facet normal 0.0000845715921618492 0.48194439434308234 0.8762017995923801
outer loop
vertex -14.77046547263682 -3.9075011293532347 75.14915853233833
vertex -13.868734442786073 -6.190447298507464 76.40477892537315
vertex -13.868734442786073 -2.7588325124378117 74.51725996517415
endloop
endfacet
facet normal 0 -0.4819648875858261 0.8761905312969218
outer loop
vertex 14.77046547263682 3.9075011293532347 75.14915853233833
vertex 14.059088980099506 2.0000309203980104 74.09991908955226
vertex 15.994687179104481 2.0000309203980104 74.09991908955226
endloop
endfacet
facet normal -0.000029326215575112256 -0.48197933690041816 0.8761825825368854
outer loop
vertex 14.77046547263682 3.9075011293532347 75.14915853233833
vertex 15.994687179104481 2.0000309203980104 74.09991908955226
vertex 15.833441840796024 3.1493536766169163 74.73214472636818
endloop
endfacet
facet normal -0.00004759629888175175 -0.481999002089911 0.8761717638219817
outer loop
vertex 14.77046547263682 3.9075011293532347 75.14915853233833
vertex 15.833441840796024 3.1493536766169163 74.73214472636818
vertex 15.460582437810949 4.689851736318409 75.57958219402987
endloop
endfacet
facet normal -0.00018896770587794484 -0.4819032601559681 0.8762244074107133
outer loop
vertex 14.77046547263682 3.9075011293532347 75.14915853233833
vertex 15.460582437810949 4.689851736318409 75.57958219402987
vertex 14.937925134328362 6.187503671641792 76.40314357711445
endloop
endfacet
facet normal 0.009408003744829061 -0.482423023092474 0.8758878445645056
outer loop
vertex 14.77046547263682 3.9075011293532347 75.14915853233833
vertex 14.937925134328362 6.187503671641792 76.40314357711445
vertex 14.936616855721397 6.190447298507464 76.40477892537315
endloop
endfacet
facet normal 0 -0.4819187497721534 0.8762159086766483
outer loop
vertex 14.77046547263682 3.9075011293532347 75.14915853233833
vertex 14.936616855721397 6.190447298507464 76.40477892537315
vertex 13.868734442786073 6.190447298507464 76.40477892537315
endloop
endfacet
facet normal -0.0000845715921618492 -0.48194439434308234 0.8762017995923801
outer loop
vertex 14.77046547263682 3.9075011293532347 75.14915853233833
vertex 13.868734442786073 6.190447298507464 76.40477892537315
vertex 13.868734442786073 2.7588325124378117 74.51725996517415
endloop
endfacet
facet normal -0.00010787493655445849 -0.4819303490684201 0.8762095223231651
outer loop
vertex 14.77046547263682 3.9075011293532347 75.14915853233833
vertex 13.868734442786073 2.7588325124378117 74.51725996517415
vertex 13.975032079601993 2.0000309203980104 74.09991908955226
endloop
endfacet
facet normal 0 -0.48196488758582634 0.8761905312969217
outer loop
vertex 14.77046547263682 3.9075011293532347 75.14915853233833
vertex 13.975032079601993 2.0000309203980104 74.09991908955226
vertex 14.059088980099506 2.0000309203980104 74.09991908955226
endloop
endfacet
facet normal 0 -0.48193459809576655 0.8762071919119768
outer loop
vertex 13.868734442786073 6.190447298507464 76.40477892537315
vertex 13.542318930348262 6.190447298507464 76.40477892537315
vertex 13.542318930348262 4.107994825870648 75.25938100497514
endloop
endfacet
facet normal 0.00008141944880546072 -0.48194439446916565 0.8762017998216066
outer loop
vertex 13.868734442786073 6.190447298507464 76.40477892537315
vertex 13.542318930348262 4.107994825870648 75.25938100497514
vertex 13.868734442786073 2.7588325124378117 74.51725996517415
endloop
endfacet
facet normal 0 -0.48197585353929223 0.8761844991810064
outer loop
vertex 13.542318930348262 6.190447298507464 76.40477892537315
vertex 13.084421417910452 6.190447298507464 76.40477892537315
vertex 13.084421417910452 5.419871199004977 75.98089665671644
endloop
endfacet
facet normal -0.00009043400269021308 -0.48193459612506173 0.8762071883290304
outer loop
vertex 13.542318930348262 6.190447298507464 76.40477892537315
vertex 13.084421417910452 5.419871199004977 75.98089665671644
vertex 13.542318930348262 4.107994825870648 75.25938100497514
endloop
endfacet
facet normal 0 -0.4819758535392922 0.8761844991810063
outer loop
vertex 13.084421417910452 6.190447298507464 76.40477892537315
vertex 12.726934288557217 6.190447298507464 76.40477892537315
vertex 13.084421417910452 5.419871199004977 75.98089665671644
endloop
endfacet
facet normal 0 -0.4819758535392922 0.8761844991810063
outer loop
vertex -12.726934288557217 6.190447298507464 76.40477892537315
vertex -13.084421417910452 6.190447298507464 76.40477892537315
vertex -13.084421417910452 5.419871199004977 75.98089665671644
endloop
endfacet
facet normal 0 -0.48193459809576666 0.8762071919119768
outer loop
vertex -13.084421417910452 6.190447298507464 76.40477892537315
vertex -13.542318930348262 6.190447298507464 76.40477892537315
vertex -13.542318930348262 4.107994825870648 75.25938100497514
endloop
endfacet
facet normal 0.00024438810183475835 -0.4819758391461568 0.8761844730157077
outer loop
vertex -13.084421417910452 6.190447298507464 76.40477892537315
vertex -13.542318930348262 4.107994825870648 75.25938100497514
vertex -13.084421417910452 5.419871199004977 75.98089665671644
endloop
endfacet
facet normal 0 -0.48194439606660083 0.8762018027258328
outer loop
vertex -13.542318930348262 6.190447298507464 76.40477892537315
vertex -13.868734442786073 6.190447298507464 76.40477892537315
vertex -13.868734442786073 2.7588325124378117 74.51725996517415
endloop
endfacet
facet normal -0.00013416964130609377 -0.4819345937579955 0.8762071840254582
outer loop
vertex -13.542318930348262 6.190447298507464 76.40477892537315
vertex -13.868734442786073 2.7588325124378117 74.51725996517415
vertex -13.542318930348262 4.107994825870648 75.25938100497514
endloop
endfacet
facet normal 0 -0.4819187497721534 0.8762159086766483
outer loop
vertex -14.77046547263682 3.9075011293532347 75.14915853233833
vertex -13.868734442786073 6.190447298507464 76.40477892537315
vertex -14.936616855721397 6.190447298507464 76.40477892537315
endloop
endfacet
facet normal -0.009408003744829061 -0.482423023092474 0.8758878445645056
outer loop
vertex -14.77046547263682 3.9075011293532347 75.14915853233833
vertex -14.936616855721397 6.190447298507464 76.40477892537315
vertex -14.937925134328362 6.187503671641792 76.40314357711445
endloop
endfacet
facet normal 0.00018896770587794484 -0.4819032601559681 0.8762244074107133
outer loop
vertex -14.77046547263682 3.9075011293532347 75.14915853233833
vertex -14.937925134328362 6.187503671641792 76.40314357711445
vertex -15.460582437810949 4.689851736318409 75.57958219402987
endloop
endfacet
facet normal 0.00004759629888175175 -0.481999002089911 0.8761717638219817
outer loop
vertex -14.77046547263682 3.9075011293532347 75.14915853233833
vertex -15.460582437810949 4.689851736318409 75.57958219402987
vertex -15.833441840796024 3.1493536766169163 74.73214472636818
endloop
endfacet
facet normal 0.000029326215575112256 -0.48197933690041816 0.8761825825368854
outer loop
vertex -14.77046547263682 3.9075011293532347 75.14915853233833
vertex -15.833441840796024 3.1493536766169163 74.73214472636818
vertex -15.994687179104481 2.0000309203980104 74.09991908955226
endloop
endfacet
facet normal 0 -0.4819648875858261 0.8761905312969218
outer loop
vertex -14.77046547263682 3.9075011293532347 75.14915853233833
vertex -15.994687179104481 2.0000309203980104 74.09991908955226
vertex -14.059088980099506 2.0000309203980104 74.09991908955226
endloop
endfacet
facet normal 0 -0.48196488758582634 0.8761905312969217
outer loop
vertex -14.77046547263682 3.9075011293532347 75.14915853233833
vertex -14.059088980099506 2.0000309203980104 74.09991908955226
vertex -13.975032079601993 2.0000309203980104 74.09991908955226
endloop
endfacet
facet normal 0.00010787493655445849 -0.4819303490684201 0.8762095223231651
outer loop
vertex -14.77046547263682 3.9075011293532347 75.14915853233833
vertex -13.975032079601993 2.0000309203980104 74.09991908955226
vertex -13.868734442786073 2.7588325124378117 74.51725996517415
endloop
endfacet
facet normal 0.0000845715921618492 -0.48194439434308234 0.8762017995923801
outer loop
vertex -14.77046547263682 3.9075011293532347 75.14915853233833
vertex -13.868734442786073 2.7588325124378117 74.51725996517415
vertex -13.868734442786073 6.190447298507464 76.40477892537315
endloop
endfacet
facet normal -0.8031441211370755 0.5955982157579769 -0.014909261177841145
outer loop
vertex -13.05400394029851 8.722293472636819 44.99987803482588
vertex -13.454337194029854 8.990163517412938 77.26628038805973
vertex -12.513030736318411 10.269332925373137 77.6597451791045
endloop
endfacet
facet normal -0.8031594663621441 0.5955775535444436 -0.014908028269730712
outer loop
vertex -13.05400394029851 8.722293472636819 44.99987803482588
vertex -12.513030736318411 10.269332925373137 77.6597451791045
vertex -12.136246497512442 9.959925034825874 44.99987803482588
endloop
endfacet
facet normal -0.8575844180553908 0.5141271299570607 -0.014908391955956729
outer loop
vertex -13.846166636815925 7.400932079601992 44.99987803482588
vertex -14.265469930348262 7.624974791044778 76.84599588557217
vertex -13.454337194029854 8.990163517412938 77.26628038805973
endloop
endfacet
facet normal -0.8575848710129793 0.5141263756419395 -0.014908349302815267
outer loop
vertex -13.846166636815925 7.400932079601992 44.99987803482588
vertex -13.454337194029854 8.990163517412938 77.26628038805973
vertex -13.05400394029851 8.722293472636819 44.99987803482588
endloop
endfacet
facet normal 0.8031441211370755 -0.5955982157579769 -0.014909261177841145
outer loop
vertex 13.05400394029851 -8.722293472636819 44.99987803482588
vertex 13.454337194029854 -8.990163517412938 77.26628038805973
vertex 12.513030736318411 -10.269332925373137 77.6597451791045
endloop
endfacet
facet normal 0.8031594663621441 -0.5955775535444436 -0.014908028269730712
outer loop
vertex 13.05400394029851 -8.722293472636819 44.99987803482588
vertex 12.513030736318411 -10.269332925373137 77.6597451791045
vertex 12.136246497512442 -9.959925034825874 44.99987803482588
endloop
endfacet
facet normal 0.8575844180553908 -0.5141271299570607 -0.014908391955956729
outer loop
vertex 13.846166636815925 -7.400932079601992 44.99987803482588
vertex 14.265469930348262 -7.624974791044778 76.84599588557217
vertex 13.454337194029854 -8.990163517412938 77.26628038805973
endloop
endfacet
facet normal 0.8575848710129793 -0.5141263756419395 -0.014908349302815267
outer loop
vertex 13.846166636815925 -7.400932079601992 44.99987803482588
vertex 13.454337194029854 -8.990163517412938 77.26628038805973
vertex 13.05400394029851 -8.722293472636819 44.99987803482588
endloop
endfacet
facet normal -0.8030429944435254 -0.5957346057943255 0.014907331560519554
outer loop
vertex 11.391181830845774 7.611237865671644 44.99987803482588
vertex 11.78726317910448 7.876164283582091 76.92351139303484
vertex 10.962393517412938 8.996704910447763 77.26824280597017
endloop
endfacet
facet normal -0.8031102017948881 -0.5956441199865778 0.014902553418441739
outer loop
vertex 11.391181830845774 7.611237865671644 44.99987803482588
vertex 10.962393517412938 8.996704910447763 77.26824280597017
vertex 10.590188253731347 8.691221855721395 44.99987803482588
endloop
endfacet
facet normal -0.7408927093054778 -0.6714580442409428 0.01490262131696725
outer loop
vertex 10.590188253731347 8.691221855721395 44.99987803482588
vertex 10.962393517412938 8.996704910447763 77.26824280597017
vertex 10.031226218905475 10.031226218905475 77.58648157711445
endloop
endfacet
facet normal -0.7409576626248864 -0.6713864572700885 0.014898563413457739
outer loop
vertex 10.590188253731347 8.691221855721395 44.99987803482588
vertex 10.031226218905475 10.031226218905475 77.58648157711445
vertex 9.687476014925375 9.687476014925375 44.99987803482588
endloop
endfacet
facet normal 0.7408933657499235 -0.67145740840679 0.014898633608064765
outer loop
vertex -9.687476014925375 9.687476014925375 44.99987803482588
vertex -10.031226218905475 10.031226218905475 77.58648157711445
vertex -10.962393517412938 8.996704910447763 77.26824280597017
endloop
endfacet
facet normal 0.7409576170331833 -0.6713864159591559 0.01490269190534682
outer loop
vertex -9.687476014925375 9.687476014925375 44.99987803482588
vertex -10.962393517412938 8.996704910447763 77.26824280597017
vertex -10.590188253731347 8.691221855721395 44.99987803482588
endloop
endfacet
facet normal 0.8030437441027393 -0.5957337127667801 0.014902635020759256
outer loop
vertex -10.590188253731347 8.691221855721395 44.99987803482588
vertex -10.962393517412938 8.996704910447763 77.26824280597017
vertex -11.78726317910448 7.876164283582091 76.92351139303484
endloop
endfacet
facet normal 0.8031101436061596 -0.5956440768296439 0.014907413412623015
outer loop
vertex -10.590188253731347 8.691221855721395 44.99987803482588
vertex -11.78726317910448 7.876164283582091 76.92351139303484
vertex -11.391181830845774 7.611237865671644 44.99987803482588
endloop
endfacet
facet normal 0.8030429944435254 0.5957346057943255 0.014907331560519554
outer loop
vertex -11.391181830845774 -7.611237865671644 44.99987803482588
vertex -11.78726317910448 -7.876164283582091 76.92351139303484
vertex -10.962393517412938 -8.996704910447763 77.26824280597017
endloop
endfacet
facet normal 0.8031102017948881 0.5956441199865778 0.014902553418441739
outer loop
vertex -11.391181830845774 -7.611237865671644 44.99987803482588
vertex -10.962393517412938 -8.996704910447763 77.26824280597017
vertex -10.590188253731347 -8.691221855721395 44.99987803482588
endloop
endfacet
facet normal 0.7408927093054778 0.6714580442409428 0.01490262131696725
outer loop
vertex -10.590188253731347 -8.691221855721395 44.99987803482588
vertex -10.962393517412938 -8.996704910447763 77.26824280597017
vertex -10.031226218905475 -10.031226218905475 77.58648157711445
endloop
endfacet
facet normal 0.7409576626248864 0.6713864572700885 0.014898563413457739
outer loop
vertex -10.590188253731347 -8.691221855721395 44.99987803482588
vertex -10.031226218905475 -10.031226218905475 77.58648157711445
vertex -9.687476014925375 -9.687476014925375 44.99987803482588
endloop
endfacet
facet normal -0.7408933657499235 0.67145740840679 0.014898633608064765
outer loop
vertex 9.687476014925375 -9.687476014925375 44.99987803482588
vertex 10.031226218905475 -10.031226218905475 77.58648157711445
vertex 10.962393517412938 -8.996704910447763 77.26824280597017
endloop
endfacet
facet normal -0.7409576170331833 0.6713864159591559 0.01490269190534682
outer loop
vertex 9.687476014925375 -9.687476014925375 44.99987803482588
vertex 10.962393517412938 -8.996704910447763 77.26824280597017
vertex 10.590188253731347 -8.691221855721395 44.99987803482588
endloop
endfacet
facet normal -0.8030437441027393 0.5957337127667801 0.014902635020759256
outer loop
vertex 10.590188253731347 -8.691221855721395 44.99987803482588
vertex 10.962393517412938 -8.996704910447763 77.26824280597017
vertex 11.78726317910448 -7.876164283582091 76.92351139303484
endloop
endfacet
facet normal -0.8031101436061596 0.5956440768296439 0.014907413412623015
outer loop
vertex 10.590188253731347 -8.691221855721395 44.99987803482588
vertex 11.78726317910448 -7.876164283582091 76.92351139303484
vertex 11.391181830845774 -7.611237865671644 44.99987803482588
endloop
endfacet
facet normal -0.903869450118377 -0.42754869443858545 0.014904060740748045
outer loop
vertex 12.609843353233835 5.9981303432835835 63.788067109452754
vertex 12.657268452736322 5.242926517412937 44.99987803482588
vertex 13.084421417910452 5.419871199004977 75.98089665671644
endloop
endfacet
facet normal -0.903878986030516 -0.42752848788674636 0.014905390223624875
outer loop
vertex 12.609843353233835 5.9981303432835835 63.788067109452754
vertex 13.084421417910452 5.419871199004977 75.98089665671644
vertex 12.726934288557217 6.190447298507464 76.40477892537315
endloop
endfacet
facet normal -0.9037543018070103 -0.4277918957864669 0.01490824821177836
outer loop
vertex 12.609843353233835 5.9981303432835835 63.788067109452754
vertex 12.726934288557217 6.190447298507464 76.40477892537315
vertex 12.497658462686571 6.680070567164181 76.55555803482589
endloop
endfacet
facet normal -0.903763748947083 -0.42777197713253734 0.014907101302195198
outer loop
vertex 12.609843353233835 5.9981303432835835 63.788067109452754
vertex 12.497658462686571 6.680070567164181 76.55555803482589
vertex 12.082280004975127 6.457990273631842 44.99987803482588
endloop
endfacet
facet normal -0.9038007862583759 -0.42769361567758474 0.014910059268018942
outer loop
vertex 12.609843353233835 5.9981303432835835 63.788067109452754
vertex 12.082280004975127 6.457990273631842 44.99987803482588
vertex 12.657268452736322 5.242926517412937 44.99987803482588
endloop
endfacet
facet normal -0.85767135119869 -0.5139821318534995 0.014907094564167361
outer loop
vertex 12.082280004975127 6.457990273631842 44.99987803482588
vertex 12.497658462686571 6.680070567164181 76.55555803482589
vertex 11.78726317910448 7.876164283582091 76.92351139303484
endloop
endfacet
facet normal -0.8576765377530219 -0.5139734895837021 0.014906662709714733
outer loop
vertex 12.082280004975127 6.457990273631842 44.99987803482588
vertex 11.78726317910448 7.876164283582091 76.92351139303484
vertex 11.391181830845774 7.611237865671644 44.99987803482588
endloop
endfacet
facet normal 0.8576714143520484 -0.5139820387816746 0.014906670090604838
outer loop
vertex -11.391181830845774 7.611237865671644 44.99987803482588
vertex -11.78726317910448 7.876164283582091 76.92351139303484
vertex -12.497658462686571 6.680070567164181 76.55555803482589
endloop
endfacet
facet normal 0.8576765321363838 -0.5139734862178609 0.01490710191703088
outer loop
vertex -11.391181830845774 7.611237865671644 44.99987803482588
vertex -12.497658462686571 6.680070567164181 76.55555803482589
vertex -12.082280004975127 6.457990273631842 44.99987803482588
endloop
endfacet
facet normal 0.903763748947083 -0.42777197713253734 0.014907101302195198
outer loop
vertex -12.609843353233835 5.9981303432835835 63.788067109452754
vertex -12.082280004975127 6.457990273631842 44.99987803482588
vertex -12.497658462686571 6.680070567164181 76.55555803482589
endloop
endfacet
facet normal 0.9037543018070103 -0.4277918957864669 0.01490824821177836
outer loop
vertex -12.609843353233835 5.9981303432835835 63.788067109452754
vertex -12.497658462686571 6.680070567164181 76.55555803482589
vertex -12.726934288557217 6.190447298507464 76.40477892537315
endloop
endfacet
facet normal 0.903878986030516 -0.42752848788674636 0.014905390223624875
outer loop
vertex -12.609843353233835 5.9981303432835835 63.788067109452754
vertex -12.726934288557217 6.190447298507464 76.40477892537315
vertex -13.084421417910452 5.419871199004977 75.98089665671644
endloop
endfacet
facet normal 0.903869450118377 -0.42754869443858545 0.014904060740748045
outer loop
vertex -12.609843353233835 5.9981303432835835 63.788067109452754
vertex -13.084421417910452 5.419871199004977 75.98089665671644
vertex -12.657268452736322 5.242926517412937 44.99987803482588
endloop
endfacet
facet normal 0.9038007862583759 -0.42769361567758474 0.014910059268018942
outer loop
vertex -12.609843353233835 5.9981303432835835 63.788067109452754
vertex -12.657268452736322 5.242926517412937 44.99987803482588
vertex -12.082280004975127 6.457990273631842 44.99987803482588
endloop
endfacet
facet normal 0.903869450118377 0.42754869443858545 0.014904060740748045
outer loop
vertex -12.609843353233835 -5.9981303432835835 63.788067109452754
vertex -12.657268452736322 -5.242926517412937 44.99987803482588
vertex -13.084421417910452 -5.419871199004977 75.98089665671644
endloop
endfacet
facet normal 0.903878986030516 0.42752848788674636 0.014905390223624875
outer loop
vertex -12.609843353233835 -5.9981303432835835 63.788067109452754
vertex -13.084421417910452 -5.419871199004977 75.98089665671644
vertex -12.726934288557217 -6.190447298507464 76.40477892537315
endloop
endfacet
facet normal 0.9037543018070103 0.4277918957864669 0.01490824821177836
outer loop
vertex -12.609843353233835 -5.9981303432835835 63.788067109452754
vertex -12.726934288557217 -6.190447298507464 76.40477892537315
vertex -12.497658462686571 -6.680070567164181 76.55555803482589
endloop
endfacet
facet normal 0.903763748947083 0.42777197713253734 0.014907101302195198
outer loop
vertex -12.609843353233835 -5.9981303432835835 63.788067109452754
vertex -12.497658462686571 -6.680070567164181 76.55555803482589
vertex -12.082280004975127 -6.457990273631842 44.99987803482588
endloop
endfacet
facet normal 0.9038007862583759 0.42769361567758474 0.014910059268018942
outer loop
vertex -12.609843353233835 -5.9981303432835835 63.788067109452754
vertex -12.082280004975127 -6.457990273631842 44.99987803482588
vertex -12.657268452736322 -5.242926517412937 44.99987803482588
endloop
endfacet
facet normal 0.85767135119869 0.5139821318534995 0.014907094564167361
outer loop
vertex -12.082280004975127 -6.457990273631842 44.99987803482588
vertex -12.497658462686571 -6.680070567164181 76.55555803482589
vertex -11.78726317910448 -7.876164283582091 76.92351139303484
endloop
endfacet
facet normal 0.8576765377530219 0.5139734895837021 0.014906662709714733
outer loop
vertex -12.082280004975127 -6.457990273631842 44.99987803482588
vertex -11.78726317910448 -7.876164283582091 76.92351139303484
vertex -11.391181830845774 -7.611237865671644 44.99987803482588
endloop
endfacet
facet normal -0.8576714143520484 0.5139820387816746 0.014906670090604838
outer loop
vertex 11.391181830845774 -7.611237865671644 44.99987803482588
vertex 11.78726317910448 -7.876164283582091 76.92351139303484
vertex 12.497658462686571 -6.680070567164181 76.55555803482589
endloop
endfacet
facet normal -0.8576765321363838 0.5139734862178609 0.01490710191703088
outer loop
vertex 11.391181830845774 -7.611237865671644 44.99987803482588
vertex 12.497658462686571 -6.680070567164181 76.55555803482589
vertex 12.082280004975127 -6.457990273631842 44.99987803482588
endloop
endfacet
facet normal -0.903763748947083 0.42777197713253734 0.014907101302195198
outer loop
vertex 12.609843353233835 -5.9981303432835835 63.788067109452754
vertex 12.082280004975127 -6.457990273631842 44.99987803482588
vertex 12.497658462686571 -6.680070567164181 76.55555803482589
endloop
endfacet
facet normal -0.9037543018070103 0.4277918957864669 0.01490824821177836
outer loop
vertex 12.609843353233835 -5.9981303432835835 63.788067109452754
vertex 12.497658462686571 -6.680070567164181 76.55555803482589
vertex 12.726934288557217 -6.190447298507464 76.40477892537315
endloop
endfacet
facet normal -0.903878986030516 0.42752848788674636 0.014905390223624875
outer loop
vertex 12.609843353233835 -5.9981303432835835 63.788067109452754
vertex 12.726934288557217 -6.190447298507464 76.40477892537315
vertex 13.084421417910452 -5.419871199004977 75.98089665671644
endloop
endfacet
facet normal -0.903869450118377 0.42754869443858545 0.014904060740748045
outer loop
vertex 12.609843353233835 -5.9981303432835835 63.788067109452754
vertex 13.084421417910452 -5.419871199004977 75.98089665671644
vertex 12.657268452736322 -5.242926517412937 44.99987803482588
endloop
endfacet
facet normal -0.9038007862583759 0.42769361567758474 0.014910059268018942
outer loop
vertex 12.609843353233835 -5.9981303432835835 63.788067109452754
vertex 12.657268452736322 -5.242926517412937 44.99987803482588
vertex 12.082280004975127 -6.457990273631842 44.99987803482588
endloop
endfacet
facet normal 0.9038582640228559 0.42757217907966605 -0.014908730148990116
outer loop
vertex 14.498343522388064 6.68236005472637 63.93066947761196
vertex 13.846166636815925 7.400932079601992 44.99987803482588
vertex 14.265469930348262 7.624974791044778 76.84599588557217
endloop
endfacet
facet normal 0.9039036739655395 0.4274764445530036 -0.01490092426403691
outer loop
vertex 14.498343522388064 6.68236005472637 63.93066947761196
vertex 14.265469930348262 7.624974791044778 76.84599588557217
vertex 14.936616855721397 6.190447298507464 76.40477892537315
endloop
endfacet
facet normal 0.9104356080854837 0.41335325098493486 -0.01568736530462845
outer loop
vertex 14.498343522388064 6.68236005472637 63.93066947761196
vertex 14.936616855721397 6.190447298507464 76.40477892537315
vertex 14.937925134328362 6.187503671641792 76.40314357711445
endloop
endfacet
facet normal 0.9039678301383741 0.4273406362362998 -0.014904452223224698
outer loop
vertex 14.498343522388064 6.68236005472637 63.93066947761196
vertex 14.937925134328362 6.187503671641792 76.40314357711445
vertex 14.50488491542289 6.008269502487564 44.99987803482588
endloop
endfacet
facet normal 0.9038792737301621 0.42752767902596217 -0.014911143071836622
outer loop
vertex 14.498343522388064 6.68236005472637 63.93066947761196
vertex 14.50488491542289 6.008269502487564 44.99987803482588
vertex 13.846166636815925 7.400932079601992 44.99987803482588
endloop
endfacet
facet normal -0.9039678301383741 0.4273406362362998 -0.014904452223224698
outer loop
vertex -14.498343522388064 6.68236005472637 63.93066947761196
vertex -14.50488491542289 6.008269502487564 44.99987803482588
vertex -14.937925134328362 6.187503671641792 76.40314357711445
endloop
endfacet
facet normal -0.9104356080854837 0.41335325098493486 -0.01568736530462845
outer loop
vertex -14.498343522388064 6.68236005472637 63.93066947761196
vertex -14.937925134328362 6.187503671641792 76.40314357711445
vertex -14.936616855721397 6.190447298507464 76.40477892537315
endloop
endfacet
facet normal -0.9039036739655395 0.4274764445530036 -0.01490092426403691
outer loop
vertex -14.498343522388064 6.68236005472637 63.93066947761196
vertex -14.936616855721397 6.190447298507464 76.40477892537315
vertex -14.265469930348262 7.624974791044778 76.84599588557217
endloop
endfacet
facet normal -0.9038582640228559 0.42757217907966605 -0.014908730148990116
outer loop
vertex -14.498343522388064 6.68236005472637 63.93066947761196
vertex -14.265469930348262 7.624974791044778 76.84599588557217
vertex -13.846166636815925 7.400932079601992 44.99987803482588
endloop
endfacet
facet normal -0.9038792737301621 0.42752767902596217 -0.014911143071836622
outer loop
vertex -14.498343522388064 6.68236005472637 63.93066947761196
vertex -13.846166636815925 7.400932079601992 44.99987803482588
vertex -14.50488491542289 6.008269502487564 44.99987803482588
endloop
endfacet
facet normal 0.9039678301383741 -0.4273406362362998 -0.014904452223224698
outer loop
vertex 14.498343522388064 -6.68236005472637 63.93066947761196
vertex 14.50488491542289 -6.008269502487564 44.99987803482588
vertex 14.937925134328362 -6.187503671641792 76.40314357711445
endloop
endfacet
facet normal 0.9104356080854837 -0.41335325098493486 -0.01568736530462845
outer loop
vertex 14.498343522388064 -6.68236005472637 63.93066947761196
vertex 14.937925134328362 -6.187503671641792 76.40314357711445
vertex 14.936616855721397 -6.190447298507464 76.40477892537315
endloop
endfacet
facet normal 0.9039036739655395 -0.4274764445530036 -0.01490092426403691
outer loop
vertex 14.498343522388064 -6.68236005472637 63.93066947761196
vertex 14.936616855721397 -6.190447298507464 76.40477892537315
vertex 14.265469930348262 -7.624974791044778 76.84599588557217
endloop
endfacet
facet normal 0.9038582640228559 -0.42757217907966605 -0.014908730148990116
outer loop
vertex 14.498343522388064 -6.68236005472637 63.93066947761196
vertex 14.265469930348262 -7.624974791044778 76.84599588557217
vertex 13.846166636815925 -7.400932079601992 44.99987803482588
endloop
endfacet
facet normal 0.9038792737301621 -0.42752767902596217 -0.014911143071836622
outer loop
vertex 14.498343522388064 -6.68236005472637 63.93066947761196
vertex 13.846166636815925 -7.400932079601992 44.99987803482588
vertex 14.50488491542289 -6.008269502487564 44.99987803482588
endloop
endfacet
facet normal 0.8575844243109197 0.5141271207407657 -0.01490834994620794
outer loop
vertex 13.05400394029851 8.722293472636819 44.99987803482588
vertex 13.454337194029854 8.990163517412938 77.26628038805973
vertex 14.265469930348262 7.624974791044778 76.84599588557217
endloop
endfacet
facet normal 0.8575848704592488 0.5141263753099754 -0.014908392603484586
outer loop
vertex 13.05400394029851 8.722293472636819 44.99987803482588
vertex 14.265469930348262 7.624974791044778 76.84599588557217
vertex 13.846166636815925 7.400932079601992 44.99987803482588
endloop
endfacet
facet normal 0.8031443148941637 0.5955979848747552 -0.014908047032222312
outer loop
vertex 12.136246497512442 9.959925034825874 44.99987803482588
vertex 12.513030736318411 10.269332925373137 77.6597451791045
vertex 13.454337194029854 8.990163517412938 77.26628038805973
endloop
endfacet
facet normal 0.8031594513734874 0.5955775424297051 -0.014909279755618947
outer loop
vertex 12.136246497512442 9.959925034825874 44.99987803482588
vertex 13.454337194029854 8.990163517412938 77.26628038805973
vertex 13.05400394029851 8.722293472636819 44.99987803482588
endloop
endfacet
facet normal -0.6715910212810445 -0.7407719822468637 -0.014912090823759432
outer loop
vertex -9.959925034825874 -12.136246497512442 44.99987803482588
vertex -10.275874318407963 -12.521207477611943 78.35247870149256
vertex -11.450054368159208 -11.450054368159208 78.02311956218908
endloop
endfacet
facet normal -0.6713611367652133 -0.7409806286586648 -0.014897382116695883
outer loop
vertex -9.959925034825874 -12.136246497512442 44.99987803482588
vertex -11.450054368159208 -11.450054368159208 78.02311956218908
vertex -11.10172518905473 -11.10172518905473 44.99987803482588
endloop
endfacet
facet normal -0.8575844243109197 -0.5141271207407657 -0.01490834994620794
outer loop
vertex -13.05400394029851 -8.722293472636819 44.99987803482588
vertex -13.454337194029854 -8.990163517412938 77.26628038805973
vertex -14.265469930348262 -7.624974791044778 76.84599588557217
endloop
endfacet
facet normal -0.8575848704592488 -0.5141263753099754 -0.014908392603484586
outer loop
vertex -13.05400394029851 -8.722293472636819 44.99987803482588
vertex -14.265469930348262 -7.624974791044778 76.84599588557217
vertex -13.846166636815925 -7.400932079601992 44.99987803482588
endloop
endfacet
facet normal -0.8031443148941637 -0.5955979848747552 -0.014908047032222312
outer loop
vertex -12.136246497512442 -9.959925034825874 44.99987803482588
vertex -12.513030736318411 -10.269332925373137 77.6597451791045
vertex -13.454337194029854 -8.990163517412938 77.26628038805973
endloop
endfacet
facet normal -0.8031594513734874 -0.5955775424297051 -0.014909279755618947
outer loop
vertex -12.136246497512442 -9.959925034825874 44.99987803482588
vertex -13.454337194029854 -8.990163517412938 77.26628038805973
vertex -13.05400394029851 -8.722293472636819 44.99987803482588
endloop
endfacet
facet normal -0.9038582640228559 -0.42757217907966605 -0.014908730148990116
outer loop
vertex -14.498343522388064 -6.68236005472637 63.93066947761196
vertex -13.846166636815925 -7.400932079601992 44.99987803482588
vertex -14.265469930348262 -7.624974791044778 76.84599588557217
endloop
endfacet
facet normal -0.9039036739655395 -0.4274764445530036 -0.01490092426403691
outer loop
vertex -14.498343522388064 -6.68236005472637 63.93066947761196
vertex -14.265469930348262 -7.624974791044778 76.84599588557217
vertex -14.936616855721397 -6.190447298507464 76.40477892537315
endloop
endfacet
facet normal -0.9104356080854837 -0.41335325098493486 -0.01568736530462845
outer loop
vertex -14.498343522388064 -6.68236005472637 63.93066947761196
vertex -14.936616855721397 -6.190447298507464 76.40477892537315
vertex -14.937925134328362 -6.187503671641792 76.40314357711445
endloop
endfacet
facet normal -0.9039678301383741 -0.4273406362362998 -0.014904452223224698
outer loop
vertex -14.498343522388064 -6.68236005472637 63.93066947761196
vertex -14.937925134328362 -6.187503671641792 76.40314357711445
vertex -14.50488491542289 -6.008269502487564 44.99987803482588
endloop
endfacet
facet normal -0.9038792737301621 -0.42752767902596217 -0.014911143071836622
outer loop
vertex -14.498343522388064 -6.68236005472637 63.93066947761196
vertex -14.50488491542289 -6.008269502487564 44.99987803482588
vertex -13.846166636815925 -7.400932079601992 44.99987803482588
endloop
endfacet
endsolid JSCAD
